mode,batch_index,transaction_count,dispatch_wait_ns,key_prep_ns,query_wall_ns,lookup_blocking_pool_wait_ns,native_get_ns,decode_ns,lookup_submit_to_collection_ns,apply_blocking_pool_wait_ns,apply_submit_to_collection_ns,sequential_apply_build_ns,sync_write_batch_ns,memory_publish_ns,get_calls,keys_looked_up,hits,misses,groups_submitted,max_in_flight_groups,max_running_query_jobs
chunked_256_p4,0,2048,5280,148950,14385379,553317,3409420,0,55694282,14266,10140050,1742567,8291305,240411,8,2048,0,2048,8,4,4
chunked_256_p4,1,2048,4528,131727,1205049,82805,2924281,0,3199368,8827,8972792,1440942,7461789,209653,8,2048,0,2048,8,4,4
chunked_256_p4,2,2048,2254,92804,953347,80531,2461064,0,2862907,7685,8150971,911228,7176364,190918,8,2048,0,2048,8,4,4
chunked_256_p4,3,2048,2324,70772,1095143,86964,2935291,0,3249222,6933,7855357,928010,6866964,134402,8,2048,0,2048,8,4,4
chunked_256_p4,4,2048,1993,71925,966402,81483,2553738,0,2865531,9037,8086550,911960,7114898,177052,8,2048,0,2048,8,4,4
chunked_256_p4,5,2048,6993,133571,1040842,82815,2458168,0,2705612,10860,8348140,953237,7330724,166732,8,2048,0,2048,8,4,4
chunked_256_p4,6,2048,2284,124904,1071028,89159,2502920,0,2756960,8025,7754829,922069,6775152,124974,8,2048,0,2048,8,4,4
chunked_256_p4,7,2048,2214,65934,946445,88254,2502742,0,2777306,9628,8108511,921758,7120059,166803,8,2048,0,2048,8,4,4
chunked_256_p4,8,2048,2264,67176,927639,88787,2469859,0,2847578,7544,7969751,990167,6919572,132299,8,2048,0,2048,8,4,4
chunked_256_p4,9,2048,2605,65784,1114369,82196,2918112,0,3184420,24897,9045648,1594940,7371530,79088,8,2048,0,2048,8,4,4
chunked_256_p4,10,2048,1493,69420,1151409,70753,2984794,0,3253198,9478,8340506,903574,7365719,216997,8,2048,0,2048,8,4,4
chunked_256_p4,11,2048,3106,66334,1052924,72196,2503977,0,3100091,9287,8364631,916438,7388571,59632,8,2048,0,2048,8,4,4
chunked_256_p4,12,2048,2014,71333,1144215,60154,2801992,0,2986069,10990,7898628,929983,6907230,239950,8,2048,0,2048,8,4,4
chunked_256_p4,13,2048,2294,117180,1050269,70862,2507090,0,2725410,8416,8370593,954279,7312278,151214,8,2048,0,2048,8,4,4
chunked_256_p4,14,2048,4419,120576,1087318,63498,2434094,0,2661770,9298,8189263,932508,7195109,151764,8,2048,0,2048,8,4,4
chunked_256_p4,15,2048,2394,66264,1079965,68278,2887745,0,3068934,7424,7820822,943849,6821008,161262,8,2048,0,2048,8,4,4
chunked_256_p4,16,2048,2184,207950,1463524,581652,3032926,0,3848947,9588,9514617,1542432,7904279,96842,8,2048,0,2048,8,4,4
chunked_256_p4,17,2048,1933,75301,960040,68341,2568864,0,2980780,8085,8004196,910287,7031011,204303,8,2048,0,2048,8,4,4
chunked_256_p4,18,2048,2084,66124,1058995,79370,2765685,0,2966022,10029,8043290,949610,7035380,158136,8,2048,0,2048,8,4,4
chunked_256_p4,19,2048,2114,69501,986981,79541,2642012,0,2866425,7283,8956842,1109470,7777090,197039,8,2048,0,2048,8,4,4
chunked_256_p4,20,2048,2064,83697,1197014,86563,2966531,0,3195943,30286,8972010,889137,7958841,127890,8,2048,0,2048,8,4,4
chunked_256_p4,21,2048,2454,66595,1105292,65602,3207133,0,3400575,8887,10689079,1657247,8939930,239680,8,2048,0,2048,8,4,4
chunked_256_p4,22,2048,2375,65793,1027416,85980,3045220,0,3285769,7093,8268982,930144,7275810,183774,8,2048,0,2048,8,4,4
chunked_256_p4,23,2048,2364,68268,1065878,72896,3149684,0,3376689,10419,8452847,910878,7472589,203712,8,2048,0,2048,8,4,4
chunked_256_p4,24,2048,2455,70262,1036393,69801,2933069,0,3157439,8927,8376143,907712,7410112,170490,8,2048,0,2048,8,4,4
chunked_256_p4,25,2048,1914,66675,1081107,81285,3169501,0,3406026,8185,8463196,911559,7485203,208300,8,2048,0,2048,8,4,4
chunked_256_p4,26,2048,2134,67667,937748,71483,2762219,0,2975799,8796,8418533,910066,7433676,218820,8,2048,0,2048,8,4,4
chunked_256_p4,27,2048,2575,67787,1155035,65873,3247177,0,3431654,8416,9249110,1409853,7775397,222017,8,2048,0,2048,8,4,4
chunked_256_p4,28,2048,2294,69630,1086877,72978,3155494,0,3398201,9859,8251299,918532,7266213,171081,8,2048,0,2048,8,4,4
chunked_256_p4,29,2048,2325,67046,1177257,74058,3154584,0,3356482,10119,8443430,905788,7464845,269255,8,2048,0,2048,8,4,4
chunked_256_p4,30,2048,2235,73738,1181756,93134,3314615,0,3675810,9918,8325628,994955,7255763,71114,8,2048,0,2048,8,4,4
chunked_256_p4,31,2048,2465,69020,1352255,115837,3533034,0,4139711,11030,32351761,962354,31303687,270317,8,2048,0,2048,8,4,4
chunked_256_p4,32,2048,2605,83436,1085034,81513,2947887,0,3186835,7875,8413102,903764,7437844,226104,8,2048,0,2048,8,4,4
chunked_256_p4,33,2048,2565,66214,988663,74841,2791794,0,3058033,6843,8474868,928180,7489451,193302,8,2048,0,2048,8,4,4
chunked_256_p4,34,2048,2103,65142,988263,79340,2721893,0,2927520,10951,8370503,919424,7382491,215695,8,2048,0,2048,8,4,4
chunked_256_p4,35,2048,3306,79910,1232451,92123,3176765,0,3414911,11411,8921616,1421676,7423818,191078,8,2048,0,2048,8,4,4
chunked_256_p4,36,2048,2655,115988,1255093,80641,3357496,0,3725266,10029,8159678,1006477,7091324,65863,8,2048,0,2048,8,4,4
chunked_256_p4,37,2048,1593,67677,1317530,82815,3625177,0,3961237,12804,8477904,965279,7431643,71464,8,2048,0,2048,8,4,4
chunked_256_p4,38,2048,3055,90931,1138665,75259,2855804,0,3077759,8446,8430455,937337,7426072,223379,8,2048,0,2048,8,4,4
chunked_256_p4,39,2048,2495,65613,1032125,72295,2859521,0,3134217,7765,8138087,916839,7161205,222487,8,2048,0,2048,8,4,4
chunked_256_p4,40,2048,2214,66344,1109760,69159,2909686,0,3143381,7694,8209570,908734,7242668,194755,8,2048,0,2048,8,4,4
chunked_256_p4,41,2048,1983,65743,1206923,73700,3326845,0,3545186,8135,8421137,924163,7427635,222067,8,2048,0,2048,8,4,4
chunked_256_p4,42,2048,2094,84157,1157070,84058,3201252,0,3564411,10770,8490157,1008180,7399933,73067,8,2048,0,2048,8,4,4
chunked_256_p4,43,2048,1292,72425,1191544,88717,3215428,0,3657518,8286,8601937,976671,7559752,59592,8,2048,0,2048,8,4,4
chunked_256_p4,44,2048,1272,66454,1227381,82526,3138896,0,3502076,10059,8704359,976580,7607713,306014,8,2048,0,2048,8,4,4
chunked_256_p4,45,2048,2745,74771,1192105,110548,3148062,0,3431314,9608,8385772,918201,7398741,184556,8,2048,0,2048,8,4,4
chunked_256_p4,46,2048,1243,186038,1404583,84209,3238441,0,3768808,9328,8553957,977021,7502124,263093,8,2048,0,2048,8,4,4
chunked_256_p4,47,2048,2064,67457,1196994,83998,3090153,0,3362113,8767,8615623,910267,7645613,186780,8,2048,0,2048,8,4,4
chunked_256_p4,48,2048,3026,71043,1034249,76173,3042203,0,3253598,10660,9178988,981821,8095597,207118,8,2048,0,2048,8,4,4
chunked_256_p4,49,2048,1953,170569,1283566,78788,3128384,0,3561326,10019,8883144,956123,7808429,202149,8,2048,0,2048,8,4,4
chunked_256_p4,50,2048,2294,86662,1150547,84288,3232651,0,3444136,8526,9005893,1294196,7639001,239919,8,2048,0,2048,8,4,4
chunked_256_p4,51,2048,2334,158948,1204619,80760,3324724,0,3696149,9568,8806229,951654,7789764,214272,8,2048,0,2048,8,4,4
chunked_256_p4,52,2048,2043,73497,1214137,76653,3233581,0,3453143,12563,9362913,1266614,8013183,241072,8,2048,0,2048,8,4,4
chunked_256_p4,53,2048,2134,65242,1175483,84610,3487528,0,3723620,8126,9067148,925034,8063878,218790,8,2048,0,2048,8,4,4
chunked_256_p4,54,2048,1723,66425,1062202,79869,3167447,0,3388022,9968,8597829,913463,7619515,225102,8,2048,0,2048,8,4,4
chunked_256_p4,55,2048,2094,71945,1103899,94345,3208856,0,3479163,10260,8591277,926908,7602423,212579,8,2048,0,2048,8,4,4
chunked_256_p4,56,2048,2174,66355,1040190,75523,3042714,0,3296541,7124,8783387,914003,7803761,213380,8,2048,0,2048,8,4,4
chunked_256_p4,57,2048,2174,67366,1142973,78484,3185009,0,3386447,9237,8970938,905498,7997323,224822,8,2048,0,2048,8,4,4
chunked_256_p4,58,2048,2204,67256,1119739,72275,3350943,0,3625276,8847,8462766,899136,7497566,192421,8,2048,0,2048,8,4,4
chunked_256_p4,59,2048,2094,68218,1089893,73096,3114109,0,3366841,9979,9126040,916248,8136614,215223,8,2048,0,2048,8,4,4
chunked_256_p4,60,2048,2255,69079,1017117,63599,3055842,0,3239252,9598,8812120,906650,7815442,233198,8,2048,0,2048,8,4,4
chunked_256_p4,61,2048,2244,73908,1084082,64612,3199939,0,3388384,6633,8918230,935584,7923024,197420,8,2048,0,2048,8,4,4
chunked_256_p4,62,2048,2194,66435,1131091,75312,3321848,0,3525851,8786,9201961,920506,8212697,235352,8,2048,0,2048,8,4,4
chunked_256_p4,63,2048,2475,68639,1130379,78469,3269229,0,3506232,7564,9115780,911920,8131935,227066,8,2048,0,2048,8,4,4
chunked_256_p4,64,2048,1943,66154,1191804,90921,3265192,0,3926914,10770,9805022,925666,8785591,238978,8,2048,0,2048,8,4,4
chunked_256_p4,65,2048,2074,67696,1128696,82934,3347005,0,3562699,7545,9521801,910186,8544960,211346,8,2048,0,2048,8,4,4
chunked_256_p4,66,2048,2084,68959,1122905,80410,3257335,0,3480537,9739,9684527,905969,8704518,238357,8,2048,0,2048,8,4,4
chunked_256_p4,67,2048,2325,65813,1075426,78397,3165342,0,3373435,8275,9833495,947647,8780511,246051,8,2048,0,2048,8,4,4
chunked_256_p4,68,2048,2064,66745,1113427,68979,3317737,0,3549934,8055,9278364,917681,8291905,230963,8,2048,0,2048,8,4,4
chunked_256_p4,69,2048,2274,69400,1084322,77356,3366461,0,3585160,8096,9960083,918441,8907970,267863,8,2048,0,2048,8,4,4
chunked_256_p4,70,2048,2585,69441,1246587,74128,3600841,0,3932812,8556,9561556,911058,8558175,233318,8,2048,0,2048,8,4,4
chunked_256_p4,71,2048,2374,67236,1203076,83237,3305198,0,3505122,8175,8955730,921357,7953962,227386,8,2048,0,2048,8,4,4
chunked_256_p4,72,2048,2014,67917,1123457,91230,3439830,0,3697732,8175,9162577,934893,8154027,219422,8,2048,0,2048,8,4,4
chunked_256_p4,73,2048,2174,68478,1270612,78570,3682876,0,4004067,8886,8629658,921788,7641055,216436,8,2048,0,2048,8,4,4
chunked_256_p4,74,2048,2785,65883,1150377,86820,3216972,0,3418639,9868,9009300,925625,7997754,247674,8,2048,0,2048,8,4,4
chunked_256_p4,75,2048,2565,66555,1063875,74889,3193548,0,3433506,8285,8906287,915606,7912714,242044,8,2048,0,2048,8,4,4
chunked_256_p4,76,2048,1984,66915,1113938,74972,3235637,0,3527933,9368,9023697,910347,8039832,232406,8,2048,0,2048,8,4,4
chunked_256_p4,77,2048,2194,68238,1189139,82585,3468372,0,3695768,7584,6694290,915937,5721496,182282,8,2048,0,2048,8,4,4
chunked_256_p4,78,2048,1823,65773,2515476,76454,4352820,0,9144164,12313,6840384,919754,5833667,253696,8,2048,0,2048,8,4,4
chunked_256_p4,79,2048,2084,65432,1504500,91953,4756929,0,4989023,9739,7014451,894668,6059410,232806,8,2048,0,2048,8,4,4
chunked_256_p4,80,2048,2134,66064,1656004,87573,4869589,0,5075174,8445,6721040,913122,5744810,253135,8,2048,0,2048,8,4,4
chunked_256_p4,81,2048,2154,122340,1792721,88045,5168069,0,5395135,8907,7285669,953728,6269854,228048,8,2048,0,2048,8,4,4
chunked_256_p4,82,2048,2084,66795,1586414,79950,5097076,0,5402247,8906,7063662,919624,6085789,224251,8,2048,0,2048,8,4,4
chunked_256_p4,83,2048,2164,66615,1554985,80983,4838952,0,5056180,8977,7251124,938540,6249787,238057,8,2048,0,2048,8,4,4
chunked_256_p4,84,2048,2344,66795,1588578,96541,5155965,0,5394492,7164,7088429,943509,6087262,224991,8,2048,0,2048,8,4,4
chunked_256_p4,85,2048,2494,67977,1620007,84289,4917091,0,5180922,7654,7171174,921919,6184755,231334,8,2048,0,2048,8,4,4
chunked_256_p4,86,2048,2114,75151,1666254,76574,5238555,0,5439068,10159,8787514,1435591,7249000,235552,8,2048,0,2048,8,4,4
chunked_256_p4,87,2048,2365,67076,1723511,89709,5244673,0,5488128,9458,9017847,930574,7991122,308087,8,2048,0,2048,8,4,4
chunked_256_p4,88,2048,2074,73097,1662677,80521,5346653,0,5557740,8456,7445508,909485,6470240,229350,8,2048,0,2048,8,4,4
chunked_256_p4,89,2048,2244,66575,1665443,77666,5173750,0,5424771,8756,8351687,970069,7305807,244970,8,2048,0,2048,8,4,4
chunked_256_p4,90,2048,2224,66023,1663308,71515,5395646,0,5590832,8576,7811485,935254,6802583,237886,8,2048,0,2048,8,4,4
chunked_256_p4,91,2048,2044,65723,1653480,78836,5326226,0,5529956,12874,7637048,921097,6646471,230663,8,2048,0,2048,8,4,4
chunked_256_p4,92,2048,2084,69460,1774948,83446,5168592,0,5494391,9377,8000779,893545,7036262,240782,8,2048,0,2048,8,4,4
chunked_256_p4,93,2048,1943,74630,1802179,84630,5523004,0,5767603,10790,8207417,981510,7119076,248305,8,2048,0,2048,8,4,4
chunked_256_p4,94,2048,2264,70993,1674800,82455,5254912,0,5504158,6943,7550315,928250,6557373,246342,8,2048,0,2048,8,4,4
chunked_256_p4,95,2048,2725,68539,1739682,86572,5479093,0,5740412,10469,7687412,933310,6688239,238076,8,2048,0,2048,8,4,4
chunked_256_p4,96,2048,2104,71795,1823659,71423,5984590,0,6224219,8967,10066433,928460,9032875,269124,8,2048,0,2048,8,4,4
chunked_256_p4,97,2048,2976,117761,1740163,73917,5361851,0,5575334,8466,7854505,940332,6831919,252584,8,2048,0,2048,8,4,4
chunked_256_p4,98,2048,2024,66154,1714925,83036,5638902,0,5913556,7935,32797638,1288957,31409104,243306,8,2048,0,2048,8,4,4
chunked_256_p4,99,2048,2395,66985,3222791,86742,11120788,0,11338689,8657,8857806,1024901,7756412,268012,8,2048,0,2048,8,4,4
chunked_256_p4,100,2048,2093,71053,3067351,81162,10336468,0,10559667,8556,8380802,1048346,7274367,230892,8,2048,0,2048,8,4,4
chunked_256_p4,101,2048,2555,65433,2865853,86631,9694064,0,9907074,8175,7707389,1007148,6640139,234850,8,2048,0,2048,8,4,4
chunked_256_p4,102,2048,2124,68197,2213901,86781,7348045,0,7600920,9047,8138428,968385,7084282,264706,8,2048,0,2048,8,4,4
chunked_256_p4,103,2048,2024,66875,2527498,81964,7936620,0,8143267,9168,7904650,934081,6902681,236313,8,2048,0,2048,8,4,4
chunked_256_p4,104,2048,2345,67136,2089928,80580,7187362,0,7436741,8897,7795735,938830,6796582,206246,8,2048,0,2048,8,4,4
chunked_256_p4,105,2048,2195,66565,2031428,89678,6467745,0,6670916,10339,7907995,931446,6917979,225894,8,2048,0,2048,8,4,4
chunked_256_p4,106,2048,2234,68028,1907837,79689,6515846,0,6714278,11081,8492872,1501435,6922208,230412,8,2048,0,2048,8,4,4
chunked_256_p4,107,2048,2174,65784,1918657,58870,6562133,0,6746779,11061,7977907,949971,6963134,218981,8,2048,0,2048,8,4,4
chunked_256_p4,108,2048,2204,70412,1923266,76291,6231442,0,6426599,10409,8080789,990897,7025471,215944,8,2048,0,2048,8,4,4
chunked_256_p4,109,2048,2184,66715,1823238,82455,5718889,0,5949294,11832,18314886,1399263,16844439,256180,8,2048,0,2048,8,4,4
chunked_256_p4,110,2048,2945,135274,3849818,1570586,9329090,0,11576134,13916,9181834,1426213,7664218,240971,8,2048,0,2048,8,4,4
chunked_256_p4,111,2048,2465,66395,1802429,90789,6021770,0,6274352,9628,8067995,933020,7072810,210866,8,2048,0,2048,8,4,4
chunked_256_p4,112,2048,2425,222047,2003416,72707,6191206,0,6411530,9959,8408905,938149,7406275,233768,8,2048,0,2048,8,4,4
chunked_256_p4,113,2048,2184,67507,1789636,76263,6012702,0,6201455,7143,8204742,926246,7212602,220653,8,2048,0,2048,8,4,4
chunked_256_p4,114,2048,2044,72626,1778374,82114,5949215,0,6163486,9117,8369851,951985,7357543,217789,8,2048,0,2048,8,4,4
chunked_256_p4,115,2048,2605,69100,1805014,82665,5868914,0,6095909,8196,8520995,948208,7507434,265788,8,2048,0,2048,8,4,4
chunked_256_p4,116,2048,2014,68518,1805606,75211,5832924,0,6088457,9718,8678269,930785,7684066,213991,8,2048,0,2048,8,4,4
chunked_256_p4,117,2048,2194,66635,1958722,69210,6195375,0,6376271,7124,8530934,928010,7537060,227727,8,2048,0,2048,8,4,4
chunked_256_p4,118,2048,2434,67286,2278321,84599,7436542,0,7666253,10540,8835014,949721,7813819,240340,8,2048,0,2048,8,4,4
chunked_256_p4,119,2048,2445,65904,2071544,78658,6744081,0,7056851,8797,8259154,947857,7244352,215224,8,2048,0,2048,8,4,4
chunked_256_p4,120,2048,2365,73799,1791439,81031,6135443,0,6337900,10349,8322633,906429,7343197,232185,8,2048,0,2048,8,4,4
chunked_256_p4,121,2048,2124,71274,1937503,92804,6200005,0,6443661,10970,8357899,928130,7359106,260999,8,2048,0,2048,8,4,4
chunked_256_p4,122,2048,2455,67356,1892508,71134,6315150,0,6532316,8536,8239777,919213,7260723,212799,8,2048,0,2048,8,4,4
chunked_256_p4,123,2048,1873,66124,1983258,70572,6447598,0,6767086,9909,8328965,932318,7334080,229801,8,2048,0,2048,8,4,4
chunked_256_p4,124,2048,2184,66795,1791809,80881,5957638,0,6183151,7865,9389503,960941,8323625,244238,8,2048,0,2048,8,4,4
chunked_256_p4,125,2048,2325,67957,1940428,72656,6198610,0,6427650,6873,9183967,954680,8127598,236513,8,2048,0,2048,8,4,4
chunked_256_p4,126,2048,2375,66915,1963010,78937,6498495,0,6710402,7644,9052802,1021024,7957198,247103,8,2048,0,2048,8,4,4
chunked_256_p4,127,2048,2395,67747,1961898,88285,6447588,0,6675063,10609,8725367,910016,7751001,216576,8,2048,0,2048,8,4,4
chunked_256_p4,128,2048,1934,67487,1707662,80181,5688825,0,5903377,8005,8550409,914064,7569301,261600,8,2048,0,2048,8,4,4
chunked_256_p4,129,2048,2304,68479,1910191,76684,6030194,0,6218039,9829,8614461,944190,7594868,223398,8,2048,0,2048,8,4,4
chunked_256_p4,130,2048,2594,66705,1863013,72095,6175898,0,6397533,8566,8689160,929422,7695979,244188,8,2048,0,2048,8,4,4
chunked_256_p4,131,2048,2475,66635,1938273,86281,6453438,0,6675324,8626,8503852,957555,7485293,221786,8,2048,0,2048,8,4,4
chunked_256_p4,132,2048,2184,78437,1931481,72605,6083075,0,6291323,8776,8754272,938840,7738177,254878,8,2048,0,2048,8,4,4
chunked_256_p4,133,2048,2545,67206,1998457,74669,6608299,0,6794167,9047,8662480,950702,7635665,224521,8,2048,0,2048,8,4,4
chunked_256_p4,134,2048,2454,94597,2098854,85489,6803946,0,7001837,8236,9134235,944150,8105335,242204,8,2048,0,2048,8,4,4
chunked_256_p4,135,2048,2826,71835,2112811,88312,7034146,0,7366840,10189,8605363,925646,7611479,240101,8,2048,0,2048,8,4,4
chunked_256_p4,136,2048,2094,65813,1898900,89246,6223949,0,6446746,9768,9426713,947105,8369821,246071,8,2048,0,2048,8,4,4
chunked_256_p4,137,2048,2044,64501,1903399,93216,6082503,0,6315712,8426,9080754,961272,8007392,244008,8,2048,0,2048,8,4,4
chunked_256_p4,138,2048,2264,65733,2053790,103114,6358843,0,6570208,10320,8380041,929292,7386468,223699,8,2048,0,2048,8,4,4
chunked_256_p4,139,2048,2876,71825,2172653,81063,7062348,0,7304846,10530,9129306,988413,8072625,231945,8,2048,0,2048,8,4,4
chunked_256_p4,140,2048,2324,72336,2093034,82034,6568705,0,6791673,11572,9510951,955982,8441716,241292,8,2048,0,2048,8,4,4
chunked_256_p4,141,2048,2645,274975,2194113,88378,6439351,0,6715864,11312,9524936,922209,8492983,243146,8,2048,0,2048,8,4,4
chunked_256_p4,142,2048,3216,68459,2418444,84209,8223958,0,8443910,10289,9402658,975469,8306994,251812,8,2048,0,2048,8,4,4
chunked_256_p4,143,2048,2515,69260,2087404,88627,6747371,0,6980317,10469,8689951,935283,7689376,255840,8,2048,0,2048,8,4,4
chunked_256_p4,144,2048,3176,68859,2032200,84257,6796312,0,7025112,7704,9479862,1017888,8391261,233999,8,2048,0,2048,8,4,4
chunked_256_p4,145,2048,2274,66144,2195806,78607,7091345,0,7317538,13235,9972386,941395,8923309,234430,8,2048,0,2048,8,4,4
chunked_256_p4,146,2048,2514,67697,2130344,69111,7206140,0,7472690,9167,10429703,1326186,8986998,250760,8,2048,0,2048,8,4,4
chunked_256_p4,147,2048,2554,69090,2180067,87615,6544449,0,6771555,10159,9425461,941405,8370643,244809,8,2048,0,2048,8,4,4
chunked_256_p4,148,2048,2114,68639,1988478,92373,6617496,0,6841809,10470,10648864,929733,9609205,237486,8,2048,0,2048,8,4,4
chunked_256_p4,149,2048,2084,67948,2188643,122159,7030378,0,7284146,10039,12577440,1052844,11388260,235882,8,2048,0,2048,8,4,4
chunked_256_p4,150,2048,2324,67016,2043982,88497,6840694,0,7064394,10189,9677022,943659,8634768,251371,8,2048,0,2048,8,4,4
chunked_256_p4,151,2048,2975,67967,2174597,91812,7265851,0,7489620,11852,9310565,961753,8280133,245200,8,2048,0,2048,8,4,4
chunked_256_p4,152,2048,2184,66966,2097202,87152,7053433,0,7324503,11802,10086500,955461,9025170,242054,8,2048,0,2048,8,4,4
chunked_256_p4,153,2048,2144,70733,1970704,84428,6545291,0,6892702,10519,10004145,917009,8979605,237636,8,2048,0,2048,8,4,4
chunked_256_p4,154,2048,2314,67717,1957470,79878,6709656,0,6963024,8536,9763053,922840,8731941,239760,8,2048,0,2048,8,4,4
chunked_256_p4,155,2048,2264,67898,2461555,838883,6354293,0,7324231,9568,9488048,927780,8454871,308298,8,2048,0,2048,8,4,4
chunked_256_p4,156,2048,2976,65853,1974071,88585,6383778,0,6642382,10930,9486475,974186,8445132,235100,8,2048,0,2048,8,4,4
chunked_256_p4,157,2048,2896,81242,2323817,97803,7624956,0,7886385,10249,9752123,991749,8676496,237355,8,2048,0,2048,8,4,4
chunked_256_p4,158,2048,2275,67085,2036307,80593,6883776,0,7105934,11822,10053148,960771,9006896,242574,8,2048,0,2048,8,4,4
chunked_256_p4,159,2048,2655,67817,2052238,82514,6787757,0,7049936,12383,10121335,907822,9110199,240761,8,2048,0,2048,8,4,4
chunked_256_p4,160,2048,2375,66725,2035346,69280,6809515,0,7018979,10079,9653818,942227,8607477,247795,8,2048,0,2048,8,4,4
chunked_256_p4,161,2048,2795,67908,2186048,80963,7008040,0,7251726,8856,9418086,925194,8406320,236404,8,2048,0,2048,8,4,4
chunked_256_p4,162,2048,2615,70673,2066625,82837,6915314,0,7142610,10690,9526870,916498,8544729,228739,8,2048,0,2048,8,4,4
chunked_256_p4,163,2048,2524,68909,2313386,78347,7747824,0,8005217,12252,10561149,990668,9462269,235502,8,2048,0,2048,8,4,4
chunked_256_p4,164,2048,1994,90700,2308217,83477,7722788,0,7965014,9418,10605533,1009362,9492125,287800,8,2048,0,2048,8,4,4
chunked_256_p4,165,2048,2285,71994,2140393,89268,6937253,0,7160925,8797,10267179,920847,9242467,251872,8,2048,0,2048,8,4,4
chunked_256_p4,166,2048,2355,67917,2097141,76544,7099791,0,7341323,8697,10049240,918212,9023787,247274,8,2048,0,2048,8,4,4
chunked_256_p4,167,2048,2776,66113,1915602,78205,6354521,0,6567680,9728,9775046,933961,8731539,242484,8,2048,0,2048,8,4,4
chunked_256_p4,168,2048,2405,68288,2167173,86853,7118076,0,7386357,9718,9228752,936496,8216474,240180,8,2048,0,2048,8,4,4
chunked_256_p4,169,2048,3006,69961,2268473,87614,7543401,0,7847381,9758,9329420,955401,8310621,256020,8,2048,0,2048,8,4,4
chunked_256_p4,170,2048,2365,66705,2194054,81584,6855594,0,7090274,15870,10149969,950092,9108987,304290,8,2048,0,2048,8,4,4
chunked_256_p4,171,2048,3546,68889,2399569,98577,7774084,0,8022632,8837,10177611,951163,9127021,256741,8,2048,0,2048,8,4,4
chunked_256_p4,172,2048,2585,66825,2189915,90400,6610442,0,6857416,7995,9924847,927118,8895106,249057,8,2048,0,2048,8,4,4
chunked_256_p4,173,2048,2114,66865,2032620,79758,6599360,0,6794127,8566,9980431,921788,8958395,236323,8,2048,0,2048,8,4,4
chunked_256_p4,174,2048,2365,66625,1977488,77036,6690884,0,6993140,9006,9343827,918683,8330517,236423,8,2048,0,2048,8,4,4
chunked_256_p4,175,2048,2604,70843,1982807,79338,6812394,0,7035862,8096,9221298,931206,8223838,238066,8,2048,0,2048,8,4,4
chunked_256_p4,176,2048,2064,67817,2189575,101981,7055958,0,7306176,9467,10442277,1045740,9315194,249347,8,2048,0,2048,8,4,4
chunked_256_p4,177,2048,2214,71825,2198552,75592,6934520,0,7187347,10760,10886119,1139065,9636155,248346,8,2048,0,2048,8,4,4
chunked_256_p4,178,2048,2254,72536,2287047,79800,7922332,0,8161402,11221,10585486,1024981,9441561,246582,8,2048,0,2048,8,4,4
chunked_256_p4,179,2048,2124,67927,2161993,78175,7386589,0,7660601,8466,10115063,935563,9070525,236875,8,2048,0,2048,8,4,4
chunked_256_p4,180,2048,2414,66805,2055314,85780,7151065,0,7405163,9017,10154196,937908,9110290,238888,8,2048,0,2048,8,4,4
chunked_256_p4,181,2048,2304,67276,2334858,84479,7618975,0,7872601,8155,10077312,923782,9063312,258014,8,2048,0,2048,8,4,4
chunked_256_p4,182,2048,3717,81412,2165019,72715,7517223,0,7789483,7624,9421633,934392,8419825,240210,8,2048,0,2048,8,4,4
chunked_256_p4,183,2048,2856,65794,2247544,98374,7542970,0,7873603,10169,10349433,1021294,9251083,246221,8,2048,0,2048,8,4,4
chunked_256_p4,184,2048,2315,65963,2211425,85451,7007949,0,7262307,8867,10249585,1025923,9126661,247905,8,2048,0,2048,8,4,4
chunked_256_p4,185,2048,2194,65994,2277069,68789,7741554,0,8078855,13515,10356846,982061,9264309,244399,8,2048,0,2048,8,4,4
chunked_256_p4,186,2048,2064,67697,1963511,77224,6625102,0,6918861,7585,10138267,909625,9127892,250189,8,2048,0,2048,8,4,4
chunked_256_p4,187,2048,2445,65673,2001352,80200,6710903,0,6950430,8216,10637162,954800,9581403,236013,8,2048,0,2048,8,4,4
chunked_256_p4,188,2048,2395,67496,2001272,74289,6667079,0,7045177,7914,9577946,950292,8534340,254527,8,2048,0,2048,8,4,4
chunked_256_p4,189,2048,3356,73518,2334296,84279,7624423,0,7863002,10981,9465346,935774,8457556,273182,8,2048,0,2048,8,4,4
chunked_256_p4,190,2048,2314,74249,2180498,87745,7396738,0,7685720,13355,10484846,1062713,9342585,243407,8,2048,0,2048,8,4,4
chunked_256_p4,191,2048,2234,69210,2187902,75351,7440068,0,7725463,9678,10623997,952546,9566274,235191,8,2048,0,2048,8,4,4
chunked_256_p4,192,2048,2194,67727,2116117,82785,7290709,0,7499499,8837,11419749,966162,10343361,255238,8,2048,0,2048,8,4,4
chunked_256_p4,193,2048,2504,67577,2170590,79100,7230595,0,7490835,8365,10127176,932378,9093007,242745,8,2048,0,2048,8,4,4
chunked_256_p4,194,2048,2394,68729,2054011,76735,6798624,0,6995013,8246,9977516,946344,8928037,231724,8,2048,0,2048,8,4,4
chunked_256_p4,195,2048,2835,72767,2111729,83316,7143173,0,7401485,9457,9629643,933319,8592238,253255,8,2048,0,2048,8,4,4
chunked_256_p4,196,2048,9628,70893,2170138,84226,7267785,0,7558179,8937,9724862,943799,8706964,244889,8,2048,0,2048,8,4,4
chunked_256_p4,197,2048,2856,69019,2273031,58028,7966856,0,8252779,9518,10522217,983283,9455147,234169,8,2048,0,2048,8,4,4
chunked_256_p4,198,2048,2244,79078,2193091,80561,7131340,0,7374847,10400,10598600,950342,9542430,248657,8,2048,0,2048,8,4,4
chunked_256_p4,199,2048,2675,68338,2036477,74819,6902759,0,7131692,10710,11064413,924694,10029202,235050,8,2048,0,2048,8,4,4
chunked_256_p4,200,2048,2194,66554,1956238,81444,6767990,0,6990064,8887,10484386,925515,9451238,249998,8,2048,0,2048,8,4,4
chunked_256_p4,201,2048,2395,71324,2145292,88625,7184436,0,7412023,10650,10140461,948087,9082608,235993,8,2048,0,2048,8,4,4
chunked_256_p4,202,2048,2324,67586,2361146,82864,7431582,0,7686130,8716,9899790,931857,8866963,296776,8,2048,0,2048,8,4,4
chunked_256_p4,203,2048,3136,69620,2214361,73016,7384131,0,7593877,10440,9528464,937929,8513250,244248,8,2048,0,2048,8,4,4
chunked_256_p4,204,2048,2505,71834,2264164,92084,7844047,0,8106880,8365,10236761,987832,9179169,253135,8,2048,0,2048,8,4,4
chunked_256_p4,205,2048,2354,68068,2350216,84419,7697863,0,7940567,8566,11601129,973224,10532426,243116,8,2048,0,2048,8,4,4
chunked_256_p4,206,2048,2385,66114,2007985,82075,6954088,0,7204607,8826,10840373,990026,9749377,240581,8,2048,0,2048,8,4,4
chunked_256_p4,207,2048,2364,71514,2164578,84940,7175963,0,7409041,9367,10749833,950392,9689055,243617,8,2048,0,2048,8,4,4
chunked_256_p4,208,2048,2304,65183,2216576,81071,7313110,0,7516380,9668,10375902,939882,9346823,251692,8,2048,0,2048,8,4,4
chunked_256_p4,209,2048,2274,71464,2003346,64133,6817001,0,7029451,6632,9809139,931937,8795970,246311,8,2048,0,2048,8,4,4
chunked_256_p4,210,2048,2495,69951,2207248,81291,7225097,0,7506121,9147,9756280,929853,8734004,238397,8,2048,0,2048,8,4,4
chunked_256_p4,211,2048,2274,68268,2156613,79155,7484001,0,7753364,9328,9751993,938990,8739896,244729,8,2048,0,2048,8,4,4
chunked_256_p4,212,2048,2304,65653,2129522,81644,7112215,0,7452032,10659,9772030,931816,8763890,250149,8,2048,0,2048,8,4,4
chunked_256_p4,213,2048,2245,66645,2286647,81380,7371528,0,7625665,11221,10896809,961243,9831892,244408,8,2048,0,2048,8,4,4
chunked_256_p4,214,2048,2385,69570,2255418,91691,7479861,0,7733638,9478,10614039,945352,9579850,299532,8,2048,0,2048,8,4,4
chunked_256_p4,215,2048,2424,66655,2139541,77795,7278244,0,7507837,9979,10445222,943048,9410993,246212,8,2048,0,2048,8,4,4
chunked_256_p4,216,2048,2214,68208,2058740,78237,7303982,0,7480513,8776,11071857,931166,10034562,247474,8,2048,0,2048,8,4,4
chunked_256_p4,217,2048,2224,71845,2306645,92983,7399385,0,7599747,8085,6726280,932098,5722949,249678,8,2048,0,2048,8,4,4
chunked_256_p4,218,2048,2094,70142,2429385,91672,8574865,0,8786102,8125,6888955,944210,5885534,237746,8,2048,0,2048,8,4,4
chunked_256_p4,219,2048,2294,68579,2589986,85891,8749885,0,8976379,10660,7143712,1337928,5743688,251010,8,2048,0,2048,8,4,4
chunked_256_p4,220,2048,2074,69490,2519093,90399,8919451,0,9187525,9478,6599172,937828,5591463,265127,8,2048,0,2048,8,4,4
chunked_256_p4,221,2048,3246,105167,2892232,90359,9646786,0,9898838,10981,7550526,1005394,6478055,251211,8,2048,0,2048,8,4,4
chunked_256_p4,222,2048,2635,74059,2767178,86214,9505960,0,9797329,12734,7529306,958006,6506989,237595,8,2048,0,2048,8,4,4
chunked_256_p4,223,2048,2404,67316,2720230,81563,9454688,0,9678926,8596,7515951,969768,6479598,251551,8,2048,0,2048,8,4,4
chunked_256_p4,224,2048,2424,67607,2592740,94136,9164641,0,9449967,9067,7714342,933661,6714979,273774,8,2048,0,2048,8,4,4
chunked_256_p4,225,2048,2615,120356,2743433,77133,9287690,0,9526558,13055,7424499,982792,6375773,260378,8,2048,0,2048,8,4,4
chunked_256_p4,226,2048,2504,66826,2751699,80371,9676409,0,9906801,9077,7793752,994163,6730948,248205,8,2048,0,2048,8,4,4
chunked_256_p4,227,2048,2435,72676,2890629,70322,10094022,0,10312033,11552,8110015,983784,7058332,261790,8,2048,0,2048,8,4,4
chunked_256_p4,228,2048,2645,122109,2923210,85171,9832394,0,10085510,9969,7832063,956363,6804136,260729,8,2048,0,2048,8,4,4
chunked_256_p4,229,2048,2885,111990,3112805,86390,10621402,0,11048382,12102,8040915,985327,6975707,250329,8,2048,0,2048,8,4,4
chunked_256_p4,230,2048,2485,70312,3002829,81653,9976443,0,10203279,8176,8421088,980949,7372552,257242,8,2048,0,2048,8,4,4
chunked_256_p4,231,2048,2113,67317,2954129,79830,10237220,0,10455603,9748,8701673,970219,7667765,241182,8,2048,0,2048,8,4,4
chunked_256_p4,232,2048,2355,65844,3004743,98746,10124732,0,10364591,8957,17343936,955481,16299017,260398,8,2048,0,2048,8,4,4
chunked_256_p4,233,2048,2725,66124,2753122,83447,9493368,0,9786018,9728,8736819,948509,7716626,250419,8,2048,0,2048,8,4,4
chunked_256_p4,234,2048,8717,67346,2950902,85431,10019573,0,10224219,9117,9032985,928821,8024924,240852,8,2048,0,2048,8,4,4
chunked_256_p4,235,2048,2294,67486,2758441,73688,9595942,0,9808178,11221,8572261,965339,7528404,254497,8,2048,0,2048,8,4,4
chunked_256_p4,236,2048,2124,68669,4911137,881200,12952463,0,14707140,17172,9258597,1047353,8100717,242715,8,2048,0,2048,8,4,4
chunked_256_p4,237,2048,2735,68098,2916728,78637,10350847,0,10608058,9709,39966387,947366,38912632,243677,8,2048,0,2048,8,4,4
chunked_256_p4,238,2048,2845,66534,4875451,98514,16312393,0,16549817,12183,8273280,941626,7269318,236413,8,2048,0,2048,8,4,4
chunked_256_p4,239,2048,2354,70743,5043124,85721,16541511,0,16764950,12393,9052301,988232,7995149,239819,8,2048,0,2048,8,4,4
chunked_256_p4,240,2048,1994,64932,4292016,98135,14472150,0,14717042,9728,8840804,975820,7802818,237535,8,2048,0,2048,8,4,4
chunked_256_p4,241,2048,2375,70072,4410068,89306,15479170,0,15701345,12784,8939740,968295,7902576,243567,8,2048,0,2048,8,4,4
chunked_256_p4,242,2048,2024,68448,4291856,95167,14739361,0,14959072,9087,9120849,962094,8088103,244809,8,2048,0,2048,8,4,4
chunked_256_p4,243,2048,2144,67777,4441387,96834,14908351,0,15140025,9758,9114017,984425,8059210,231874,8,2048,0,2048,8,4,4
chunked_256_p4,244,2048,2975,71784,3831653,82595,13646384,0,13913215,10961,8660637,976180,7615558,252553,8,2048,0,2048,8,4,4
chunked_256_p4,245,2048,2464,66866,4535132,77595,15737100,0,15965783,12122,8755985,981570,7702501,243737,8,2048,0,2048,8,4,4
chunked_256_p4,246,2048,2324,69009,4097231,88577,14756775,0,14993270,11291,9154623,1580393,7468502,255599,8,2048,0,2048,8,4,4
chunked_256_p4,247,2048,2144,70241,4539460,82145,14787613,0,15137400,7805,8359582,1001759,7294375,268173,8,2048,0,2048,8,4,4
chunked_256_p4,248,2048,2575,68208,4031428,94747,14242359,0,14613317,11732,8650428,988593,7590971,239719,8,2048,0,2048,8,4,4
chunked_256_p4,249,2048,2385,69510,4173975,80633,14603369,0,14831617,11893,8683600,976060,7639322,245230,8,2048,0,2048,8,4,4
chunked_256_p4,250,2048,2655,72366,4266098,85289,14527454,0,14845541,11011,8228647,963015,7195711,274004,8,2048,0,2048,8,4,4
chunked_256_p4,251,2048,2565,71113,4037379,90731,14437015,0,14713526,9488,8796732,1017477,7709053,248205,8,2048,0,2048,8,4,4
chunked_256_p4,252,2048,2365,68429,4127238,94088,14399033,0,14621290,8646,8844562,971821,7801666,246211,8,2048,0,2048,8,4,4
chunked_256_p4,253,2048,2284,67176,4026970,96609,14221853,0,14495854,7835,9172496,1002720,8093132,252093,8,2048,0,2048,8,4,4
chunked_256_p4,254,2048,2364,66765,6805980,97193,15482077,0,23910256,10660,9210167,1156929,7978968,247283,8,2048,0,2048,8,4,4
chunked_256_p4,255,2048,2054,68318,4111358,99055,14175625,0,14405446,9979,9074152,959910,8043720,243386,8,2048,0,2048,8,4,4
chunked_256_p4,256,2048,2615,68659,4257933,80703,15215676,0,15435739,10790,9181763,979847,8123129,237796,8,2048,0,2048,8,4,4
chunked_256_p4,257,2048,2374,66925,3891847,111336,13595168,0,13846890,11832,8619109,993863,7554062,242374,8,2048,0,2048,8,4,4
chunked_256_p4,258,2048,2064,68549,3952971,91510,14055209,0,14286733,11191,9455657,976230,8344794,269234,8,2048,0,2048,8,4,4
chunked_256_p4,259,2048,3246,67927,4250108,85041,15606388,0,15879411,9217,9712098,981400,8662209,237605,8,2048,0,2048,8,4,4
chunked_256_p4,260,2048,2605,67256,4217337,90248,14797651,0,15023706,11682,8827219,978906,7779585,244749,8,2048,0,2048,8,4,4
chunked_256_p4,261,2048,2034,69300,4457957,89437,16072891,0,16316317,13154,9261813,963867,8215232,240751,8,2048,0,2048,8,4,4
chunked_256_p4,262,2048,2575,65954,4279163,86713,15077477,0,15310365,13515,9137130,954319,8105115,236894,8,2048,0,2048,8,4,4
chunked_256_p4,263,2048,2264,72576,4542076,83026,16028679,0,16241902,8776,8951261,973756,7901904,239058,8,2048,0,2048,8,4,4
chunked_256_p4,264,2048,2004,82094,4496920,83627,16201443,0,16486347,8106,9599437,974837,8547304,236985,8,2048,0,2048,8,4,4
chunked_256_p4,265,2048,2475,74981,3900583,90509,14072162,0,14340627,11842,9244481,1036122,8126215,247955,8,2048,0,2048,8,4,4
chunked_256_p4,266,2048,2765,67927,4355525,87946,15160352,0,15434195,11672,9387660,969127,8341148,289032,8,2048,0,2048,8,4,4
chunked_256_p4,267,2048,2845,69310,4742791,92765,15975509,0,16204920,8847,9393611,968866,8354833,261230,8,2048,0,2048,8,4,4
chunked_256_p4,268,2048,2284,65302,4018665,85389,14752519,0,15072858,7654,9607912,949450,8580106,235111,8,2048,0,2048,8,4,4
chunked_256_p4,269,2048,2124,65753,4127448,86653,14915715,0,15130385,9608,9642467,963165,8602818,235171,8,2048,0,2048,8,4,4
chunked_256_p4,270,2048,2114,66134,4146394,84492,14657077,0,14892231,11862,9652105,965841,8611805,244729,8,2048,0,2048,8,4,4
chunked_256_p4,271,2048,2425,70903,4500557,91119,15885651,0,16135057,11522,9467119,982692,8406541,235361,8,2048,0,2048,8,4,4
chunked_256_p4,272,2048,2054,67086,4055183,70202,14606986,0,14807921,9348,9144554,959989,8112820,267802,8,2048,0,2048,8,4,4
chunked_256_p4,273,2048,2305,66655,4504014,91361,16711492,0,16926643,11672,10161741,971301,9063893,315973,8,2048,0,2048,8,4,4
chunked_256_p4,274,2048,2294,68568,4119793,89177,14855818,0,15106500,12294,9049856,963417,8015226,265177,8,2048,0,2048,8,4,4
chunked_256_p4,275,2048,2455,66886,4290925,92061,14773857,0,15012353,9538,9226267,964127,8195465,256541,8,2048,0,2048,8,4,4
chunked_256_p4,276,2048,2224,66795,4591177,78548,15373170,0,15583395,11081,9449215,998632,8382656,256351,8,2048,0,2048,8,4,4
chunked_256_p4,277,2048,2255,68348,4708388,87534,16337738,0,16628996,12112,9253758,940904,8238245,242174,8,2048,0,2048,8,4,4
chunked_256_p4,278,2048,2034,65643,4117659,77263,14508800,0,14732930,9809,9677914,983303,8625832,247845,8,2048,0,2048,8,4,4
chunked_256_p4,279,2048,1983,65734,4483736,92402,15221435,0,15507902,11331,10096759,972633,9049345,283231,8,2048,0,2048,8,4,4
chunked_256_p4,280,2048,3076,68258,4918421,92804,17543000,0,17815761,9188,9708582,967253,8668791,278141,8,2048,0,2048,8,4,4
chunked_256_p4,281,2048,2595,66314,4172913,88066,15090691,0,15351020,9027,9775357,972564,8736529,233408,8,2048,0,2048,8,4,4
chunked_256_p4,282,2048,2325,71284,4785632,87684,16836132,0,17094530,9007,9855015,1012909,8768839,236202,8,2048,0,2048,8,4,4
chunked_256_p4,283,2048,2425,71755,4532678,81341,15495890,0,15757471,11612,9284025,984616,8228837,261410,8,2048,0,2048,8,4,4
chunked_256_p4,284,2048,2455,67877,4534551,84208,15866115,0,16088131,11872,9095141,951474,8066172,237585,8,2048,0,2048,8,4,4
chunked_256_p4,285,2048,2164,70022,4487964,99004,15904518,0,16171315,10530,9826623,964128,8774851,288872,8,2048,0,2048,8,4,4
chunked_256_p4,286,2048,2425,178644,5738048,121357,18900212,0,19194697,12964,9581924,1015774,8491870,262021,8,2048,0,2048,8,4,4
chunked_256_p4,287,2048,2324,88365,4760255,98232,16901326,0,17169829,12694,9370567,979446,8311803,248176,8,2048,0,2048,8,4,4
chunked_256_p4,288,2048,2324,71444,4499776,80130,16125600,0,16405637,8877,9803339,966382,8767768,236784,8,2048,0,2048,8,4,4
chunked_256_p4,289,2048,2175,141646,4643165,85501,15608031,0,15839446,12533,9469483,938549,8458478,248276,8,2048,0,2048,8,4,4
chunked_256_p4,290,2048,2154,65783,4435746,95519,16425282,0,16650206,10980,9581643,975629,8536184,253636,8,2048,0,2048,8,4,4
chunked_256_p4,291,2048,2475,71634,4528229,106391,15722087,0,15998534,11341,9832133,993683,8766856,243437,8,2048,0,2048,8,4,4
chunked_256_p4,292,2048,3256,91742,4026589,104288,14883394,0,15138581,10760,9709593,1017067,8618878,234470,8,2048,0,2048,8,4,4
chunked_256_p4,293,2048,1904,75211,4264485,96181,15346801,0,15628549,13886,9486856,942577,8468376,236153,8,2048,0,2048,8,4,4
chunked_256_p4,294,2048,2044,68188,4274093,89036,15044124,0,15277332,12524,10063026,947416,9042533,248025,8,2048,0,2048,8,4,4
chunked_256_p4,295,2048,2605,65343,4503944,101220,15962926,0,16201253,11672,9952729,970539,8901568,247584,8,2048,0,2048,8,4,4
chunked_256_p4,296,2048,2455,65162,4312134,95990,15444334,0,15706265,13826,9855236,965040,8807932,248967,8,2048,0,2048,8,4,4
chunked_256_p4,297,2048,2354,65934,4150421,88093,14961168,0,15236724,13586,9834918,988383,8772186,247534,8,2048,0,2048,8,4,4
chunked_256_p4,298,2048,2174,66565,4450975,109696,15973517,0,16252861,12914,10247952,1051652,9115729,258093,8,2048,0,2048,8,4,4
chunked_256_p4,299,2048,2074,68899,4382316,103004,15094729,0,15571013,13646,9893628,987391,8835414,286347,8,2048,0,2048,8,4,4
chunked_256_p4,300,2048,2655,136866,4685224,99717,15856879,0,16526343,10049,10332010,1018049,9232789,229952,8,2048,0,2048,8,4,4
chunked_256_p4,301,2048,2424,192571,4520324,82686,16092510,0,16346736,8435,9652846,966031,8621283,250901,8,2048,0,2048,8,4,4
chunked_256_p4,302,2048,1944,67076,4259566,85872,15334537,0,15608103,10399,20622192,1008601,19532137,251521,8,2048,0,2048,8,4,4
chunked_256_p4,303,2048,2695,67046,4259466,79607,15705634,0,15905818,12944,10307644,978364,9245042,255730,8,2048,0,2048,8,4,4
chunked_256_p4,304,2048,2936,68739,4556121,84518,16017780,0,16224227,13064,10094524,989706,9020010,250900,8,2048,0,2048,8,4,4
chunked_256_p4,305,2048,1984,68749,4320119,101951,15312488,0,15716716,13415,9812225,978955,8751907,74530,8,2048,0,2048,8,4,4
chunked_256_p4,306,2048,1312,70983,4408695,115567,15076975,0,15365697,13274,9966444,970941,8910264,263094,8,2048,0,2048,8,4,4
chunked_256_p4,307,2048,2525,121327,4457737,93005,15754947,0,15982985,13245,9888599,974096,8806259,244418,8,2048,0,2048,8,4,4
chunked_256_p4,308,2048,2515,67727,4319498,95097,15885511,0,16176215,11241,10322712,974977,9271401,273583,8,2048,0,2048,8,4,4
chunked_256_p4,309,2048,2255,67737,4334225,91543,15758004,0,16012448,12093,10967562,947146,9910931,251171,8,2048,0,2048,8,4,4
chunked_256_p4,310,2048,2845,66765,4549569,89056,16431115,0,16697383,12273,9980441,960140,8930633,251171,8,2048,0,2048,8,4,4
chunked_256_p4,311,2048,1983,72436,4387746,95050,15965572,0,16288409,12985,9681651,975569,8632484,53520,8,2048,0,2048,8,4,4
chunked_256_p4,312,2048,3026,220724,4455943,88034,14923388,0,15238407,12363,10139268,1004363,9054875,288581,8,2048,0,2048,8,4,4
chunked_256_p4,313,2048,2534,78507,4201236,77815,15144341,0,15456808,7344,10567121,993503,9491795,236273,8,2048,0,2048,8,4,4
chunked_256_p4,314,2048,2314,70632,4356627,80871,15895350,0,16212253,11702,9821893,984766,8748532,251612,8,2048,0,2048,8,4,4
chunked_256_p4,315,2048,2134,70702,4415177,77957,15932419,0,16173612,7604,11086314,1014132,9968889,240411,8,2048,0,2048,8,4,4
chunked_256_p4,316,2048,1993,65533,4461955,77605,16196695,0,16413863,11762,10572050,1164473,9330773,250209,8,2048,0,2048,8,4,4
chunked_256_p4,317,2048,2344,69721,4275666,83447,15370278,0,15670779,10860,10393826,1097448,9215136,300393,8,2048,0,2048,8,4,4
chunked_256_p4,318,2048,2444,78998,4584184,84560,15954161,0,16187940,9659,10513461,991408,9447482,259306,8,2048,0,2048,8,4,4
chunked_256_p4,319,2048,2304,66735,4493434,88427,15856198,0,16115823,12333,10481921,960561,9429348,239720,8,2048,0,2048,8,4,4
chunked_256_p4,320,2048,2495,68498,4532567,94197,16518859,0,16824401,12023,10079527,961482,9044417,282009,8,2048,0,2048,8,4,4
chunked_256_p4,321,2048,2735,67977,4028352,95239,14687996,0,15007234,10490,10581047,997190,9478119,246783,8,2048,0,2048,8,4,4
chunked_256_p4,322,2048,1924,66214,4519834,74869,15881875,0,16071118,9738,10302474,986509,9244501,246041,8,2048,0,2048,8,4,4
chunked_256_p4,323,2048,2234,66284,4492693,92264,16314285,0,16595792,10009,10339724,966662,9294184,251402,8,2048,0,2048,8,4,4
chunked_256_p4,324,2048,2535,215614,4673982,83426,16239385,0,16458325,10329,10527276,996007,9459995,248796,8,2048,0,2048,8,4,4
chunked_256_p4,325,2048,2114,71344,4468177,99479,16182881,0,16508201,14136,10365152,981631,9303822,236784,8,2048,0,2048,8,4,4
chunked_256_p4,326,2048,2354,67406,4705733,80851,17296628,0,17545313,7814,10139849,934041,9128734,251631,8,2048,0,2048,8,4,4
chunked_256_p4,327,2048,2154,68960,4607308,87724,15957207,0,16204590,9898,10392784,954049,9340952,248456,8,2048,0,2048,8,4,4
chunked_256_p4,328,2048,2244,70181,4432710,92215,16331901,0,16549106,10791,10337631,974236,9286240,252413,8,2048,0,2048,8,4,4
chunked_256_p4,329,2048,2685,68609,4351949,88547,15826070,0,16116795,10951,10133087,956303,9095081,254738,8,2048,0,2048,8,4,4
chunked_256_p4,330,2048,2014,66735,4511799,80251,15844646,0,16080406,10449,10284912,948227,9254661,267111,8,2048,0,2048,8,4,4
chunked_256_p4,331,2048,2835,69180,4588743,102804,16961306,0,17192824,9448,10677177,969097,9632398,238317,8,2048,0,2048,8,4,4
chunked_256_p4,332,2048,2555,68509,4697477,86320,16540438,0,16821516,11592,10732811,977382,9669258,276248,8,2048,0,2048,8,4,4
chunked_256_p4,333,2048,2134,70492,4883836,95720,16872773,0,17119226,10610,10754722,1000826,9653508,249107,8,2048,0,2048,8,4,4
chunked_256_p4,334,2048,2194,67286,4645769,90880,17112080,0,17407467,13055,10313134,1019081,9217741,250590,8,2048,0,2048,8,4,4
chunked_256_p4,335,2048,2685,71293,4879568,84418,16863247,0,17134623,10269,10235779,949871,9206981,246753,8,2048,0,2048,8,4,4
chunked_256_p4,336,2048,2855,104637,4681998,91361,16797952,0,17041109,10409,10387073,979596,9335873,249568,8,2048,0,2048,8,4,4
chunked_256_p4,337,2048,2996,79519,4796132,117230,17276940,0,17572033,10620,10943997,954138,9897134,276318,8,2048,0,2048,8,4,4
chunked_256_p4,338,2048,2484,72405,4417391,93723,16451361,0,16711278,12053,10642422,965039,9570282,274976,8,2048,0,2048,8,4,4
chunked_256_p4,339,2048,2815,67617,4389299,95127,16386481,0,16618904,9047,11655140,1158381,10382224,269315,8,2048,0,2048,8,4,4
chunked_256_p4,340,2048,2284,67507,4917700,79267,16417287,0,16638934,11091,12265865,962464,11184418,232546,8,2048,0,2048,8,4,4
chunked_256_p4,341,2048,2825,67777,4520845,91039,16065438,0,16290751,9258,11138212,944321,10109693,235732,8,2048,0,2048,8,4,4
chunked_256_p4,342,2048,2264,68589,4444743,75562,16387573,0,16588580,9498,11230475,951935,10196045,274815,8,2048,0,2048,8,4,4
chunked_256_p4,343,2048,2425,69350,4418163,73900,16081621,0,16273410,12955,11967877,1054617,10778728,234490,8,2048,0,2048,8,4,4
chunked_256_p4,344,2048,2064,67597,4808385,80780,17462587,0,17740739,9648,10680984,964348,9636957,237815,8,2048,0,2048,8,4,4
chunked_256_p4,345,2048,8987,75822,5534987,109155,20157561,0,20619296,19426,10767817,1003521,9668025,240881,8,2048,0,2048,8,4,4
chunked_256_p4,346,2048,2294,70171,4759773,95128,17103535,0,17328234,11171,11651604,1144967,10403143,222858,8,2048,0,2048,8,4,4
chunked_256_p4,347,2048,1924,68107,4845654,93765,16624908,0,16884904,11521,10883473,965671,9828526,247954,8,2048,0,2048,8,4,4
chunked_256_p4,348,2048,2164,66595,4788608,88245,17678384,0,17998022,10499,11338296,1019681,10208359,238277,8,2048,0,2048,8,4,4
chunked_256_p4,349,2048,2415,72486,4610784,93745,16677837,0,16930610,10480,11089691,979286,10017370,261260,8,2048,0,2048,8,4,4
chunked_256_p4,350,2048,2425,72696,4606536,97983,16774128,0,17018636,10510,11701658,966692,10619749,260569,8,2048,0,2048,8,4,4
chunked_256_p4,351,2048,2995,75462,4573504,91791,16672815,0,16933457,11772,11353275,971611,10249435,236273,8,2048,0,2048,8,4,4
chunked_256_p4,352,2048,2034,70452,4965128,88147,17806584,0,18049540,11963,11887476,977282,10784739,262072,8,2048,0,2048,8,4,4
chunked_256_p4,353,2048,2295,67356,4727313,100750,17299651,0,17591861,11251,11815030,972824,10725467,242695,8,2048,0,2048,8,4,4
chunked_256_p4,354,2048,2094,66675,4558065,82915,16989362,0,17229763,9899,12547153,941174,11494570,236323,8,2048,0,2048,8,4,4
chunked_256_p4,355,2048,2364,67867,4549819,90130,15484689,0,15702458,11783,11801716,970389,10707053,240501,8,2048,0,2048,8,4,4
chunked_256_p4,356,2048,2695,66675,4935733,90379,18069826,0,18315487,16360,11989016,1400055,10479546,241182,8,2048,0,2048,8,4,4
chunked_256_p4,357,2048,2825,69109,5151818,85851,18793631,0,19178867,13165,6876622,1309946,5485624,260979,8,2048,0,2048,8,4,4
chunked_256_p4,358,2048,2645,104146,5345902,92753,18135490,0,18391148,14887,6815677,1115602,5598596,242325,8,2048,0,2048,8,4,4
chunked_256_p4,359,2048,3306,68879,5203546,87974,18600961,0,18831966,10760,7115109,988272,6012301,260849,8,2048,0,2048,8,4,4
chunked_256_p4,360,2048,2475,67667,5027104,81584,17999686,0,18242062,10400,7169632,977653,6057506,263394,8,2048,0,2048,8,4,4
chunked_256_p4,361,2048,2906,67106,5246185,96590,18982417,0,19256079,11432,8044502,998792,6955570,252724,8,2048,0,2048,8,4,4
chunked_256_p4,362,2048,4578,69701,5461780,101319,18267557,0,18592025,13876,7394963,986028,6327503,295313,8,2048,0,2048,8,4,4
chunked_256_p4,363,2048,2745,66785,5842693,89279,21632525,0,21903373,10550,7363023,981360,6313005,258364,8,2048,0,2048,8,4,4
chunked_256_p4,364,2048,2946,71795,5459596,97471,20534696,0,20823429,12012,7612121,981961,6560680,257422,8,2048,0,2048,8,4,4
chunked_256_p4,365,2048,2445,71975,5782731,90929,21896310,0,22163610,11943,8001141,1001177,6918390,240891,8,2048,0,2048,8,4,4
chunked_256_p4,366,2048,2385,69551,5700637,92095,20774518,0,21107933,9357,7969691,998052,6901568,260649,8,2048,0,2048,8,4,4
chunked_256_p4,367,2048,2194,66274,5721065,85187,18681563,0,18960924,15849,7924426,1027376,6815177,252564,8,2048,0,2048,8,4,4
chunked_256_p4,368,2048,2475,67616,5307511,82824,18374478,0,18617280,13435,8066262,1093049,6864649,266810,8,2048,0,2048,8,4,4
chunked_256_p4,369,2048,3176,67226,6097511,87332,21194594,0,21444020,13946,8874748,1455919,7322919,253144,8,2048,0,2048,8,4,4
chunked_256_p4,370,2048,2194,65502,5220277,88467,19214293,0,19441620,8776,8606685,991559,7487527,272511,8,2048,0,2048,8,4,4
chunked_256_p4,371,2048,2635,65733,5309915,90351,19339798,0,19570001,10319,8758490,976050,7664830,251291,8,2048,0,2048,8,4,4
chunked_256_p4,372,2048,2094,67948,5802989,95771,21477216,0,21793949,11111,8538638,1073743,7350129,249157,8,2048,0,2048,8,4,4
chunked_256_p4,373,2048,2544,68578,5396006,79990,19907980,0,20168820,9899,8696274,978534,7589559,268433,8,2048,0,2048,8,4,4
chunked_256_p4,374,2048,2715,113052,5194328,90591,19051126,0,19352863,11501,8968013,973715,7876717,255549,8,2048,0,2048,8,4,4
chunked_256_p4,375,2048,2795,66184,5213605,91440,19518601,0,19764802,13455,43888780,1016235,42754053,240300,8,2048,0,2048,8,4,4
chunked_256_p4,376,2048,2665,66285,7599978,94637,27508142,0,27742167,11331,8696313,1026044,7565123,261811,8,2048,0,2048,8,4,4
chunked_256_p4,377,2048,2414,69039,7110430,86821,26602352,0,26921732,11362,8850293,1038246,7724822,251481,8,2048,0,2048,8,4,4
chunked_256_p4,378,2048,2976,66916,8113060,78487,30073610,0,30359708,12995,8797894,1029290,7688384,245270,8,2048,0,2048,8,4,4
chunked_256_p4,379,2048,2515,66074,10937576,118833,30690838,0,37782083,10980,8311712,983083,7241096,257603,8,2048,0,2048,8,4,4
chunked_256_p4,380,2048,2896,66495,7951046,75572,27907881,0,28122664,11160,8374530,1011917,7239362,310573,8,2048,0,2048,8,4,4
chunked_256_p4,381,2048,2134,67346,7366109,89138,27566822,0,27899585,10099,8536193,980188,7442293,241052,8,2048,0,2048,8,4,4
chunked_256_p4,382,2048,2054,66725,7398841,105759,26322587,0,26586223,10740,8666067,992330,7557559,253415,8,2048,0,2048,8,4,4
chunked_256_p4,383,2048,2615,68539,6946052,116468,24499952,0,24758776,12693,9124356,999805,8007221,275206,8,2048,0,2048,8,4,4
chunked_256_p4,384,2048,2685,67266,7133874,86252,27227283,0,27496822,10600,9411074,996909,8291595,247795,8,2048,0,2048,8,4,4
chunked_256_p4,385,2048,2335,68088,6816730,104447,24214426,0,24480606,11742,8974075,988413,7880083,245079,8,2048,0,2048,8,4,4
chunked_256_p4,386,2048,2244,67336,7317047,89269,25191468,0,25448620,13265,9329109,996518,8236261,238758,8,2048,0,2048,8,4,4
chunked_256_p4,387,2048,3016,67196,7030721,84918,26181855,0,26479090,15709,8894635,997490,7801746,238658,8,2048,0,2048,8,4,4
chunked_256_p4,388,2048,2414,69661,7765969,91422,27829943,0,28101543,12985,8724296,978685,7665441,249157,8,2048,0,2048,8,4,4
chunked_256_p4,389,2048,2725,75892,7113015,91541,26708542,0,26997693,12193,9040990,983864,7978739,235361,8,2048,0,2048,8,4,4
chunked_256_p4,390,2048,2204,72767,7612692,84469,27193170,0,27462003,13004,8747890,978104,7699254,237375,8,2048,0,2048,8,4,4
chunked_256_p4,391,2048,2114,67958,6570749,87994,23888407,0,24154243,10820,8726139,994574,7657166,236233,8,2048,0,2048,8,4,4
chunked_256_p4,392,2048,2054,67647,6989553,89928,24572438,0,24816554,10490,8777966,1036723,7668237,242134,8,2048,0,2048,8,4,4
chunked_256_p4,393,2048,2235,73257,6915164,105779,25498312,0,25803206,12193,8979424,963306,7927592,241734,8,2048,0,2048,8,4,4
chunked_256_p4,394,2048,2094,84849,7279607,81373,27029244,0,27250337,10590,9064364,981500,8009736,250800,8,2048,0,2048,8,4,4
chunked_256_p4,395,2048,2024,66164,7267285,89186,25861475,0,26075393,10290,9318430,981790,8263161,244639,8,2048,0,2048,8,4,4
chunked_256_p4,396,2048,2094,67566,7175782,69241,26350804,0,26620066,10199,9501483,985949,8413714,249337,8,2048,0,2048,8,4,4
chunked_256_p4,397,2048,2334,66424,7279487,92363,26437455,0,26787300,11402,9263257,998512,8188371,277440,8,2048,0,2048,8,4,4
chunked_256_p4,398,2048,2034,66846,6931826,100129,25543057,0,25785813,10690,9384644,1017508,8285804,245200,8,2048,0,2048,8,4,4
chunked_256_p4,399,2048,2114,84238,7466948,85972,27204783,0,27464730,10078,10096979,1013790,9000483,246522,8,2048,0,2048,8,4,4
chunked_256_p4,400,2048,1814,83707,7223202,82745,26358506,0,26597212,12754,9316406,976681,8248684,251722,8,2048,0,2048,8,4,4
chunked_256_p4,401,2048,1984,67266,7169721,91251,25925084,0,26209526,8647,9746833,981680,8678280,234129,8,2048,0,2048,8,4,4
chunked_256_p4,402,2048,2324,67557,8056233,90500,28600389,0,28843072,8386,9792018,961372,8749233,258986,8,2048,0,2048,8,4,4
chunked_256_p4,403,2048,1974,68008,7332938,78657,27377325,0,27595494,12974,9906813,968957,8853508,263434,8,2048,0,2048,8,4,4
chunked_256_p4,404,2048,2404,70983,7854114,103256,27827280,0,28152040,10901,9486454,982321,8426478,246973,8,2048,0,2048,8,4,4
chunked_256_p4,405,2048,2415,75371,6849270,84158,25977813,0,26270802,15238,9594707,971081,8540992,243206,8,2048,0,2048,8,4,4
chunked_256_p4,406,2048,2635,72095,6910866,86773,25822220,0,26101365,10189,9596782,1029891,8478966,238718,8,2048,0,2048,8,4,4
chunked_256_p4,407,2048,2545,81122,7276392,87535,25804147,0,26047533,9718,9766670,989625,8699850,252504,8,2048,0,2048,8,4,4
chunked_256_p4,408,2048,2845,67387,7477419,92524,26944023,0,27247704,13305,9830119,999433,8740065,248897,8,2048,0,2048,8,4,4
chunked_256_p4,409,2048,2655,65452,7991441,100228,28208625,0,28531940,11612,9855987,978254,8786844,240791,8,2048,0,2048,8,4,4
chunked_256_p4,410,2048,2224,72826,6666638,96960,24721986,0,24981223,15309,9893779,944811,8852827,244468,8,2048,0,2048,8,4,4
chunked_256_p4,411,2048,2124,70342,7495152,89568,26866467,0,27184466,11762,11435488,1089312,10149438,339847,8,2048,0,2048,8,4,4
chunked_256_p4,412,2048,2515,68979,7719081,85049,28453023,0,28790837,11201,9706398,975879,8653113,248816,8,2048,0,2048,8,4,4
chunked_256_p4,413,2048,2154,70122,7346513,93436,26155396,0,26403190,10590,9853653,999074,8770011,252172,8,2048,0,2048,8,4,4
chunked_256_p4,414,2048,2355,70743,7061519,79549,25470471,0,25719178,12904,9883198,988503,8795740,233347,8,2048,0,2048,8,4,4
chunked_256_p4,415,2048,2194,65804,7524216,86965,27105255,0,27397485,8607,10012251,985647,8942094,251071,8,2048,0,2048,8,4,4
chunked_256_p4,416,2048,2956,67857,7737305,94207,27260967,0,27506007,11682,9982745,1002059,8891149,277941,8,2048,0,2048,8,4,4
chunked_256_p4,417,2048,3386,66695,7565324,106531,27836288,0,28120620,12623,9947679,980598,8884517,238347,8,2048,0,2048,8,4,4
chunked_256_p4,418,2048,1964,70362,7121601,91150,26299134,0,26646004,11180,10465360,1453855,8926656,244598,8,2048,0,2048,8,4,4
chunked_256_p4,419,2048,2254,68449,8113010,98623,29030634,0,29276225,12303,10045743,991389,8974244,256771,8,2048,0,2048,8,4,4
chunked_256_p4,420,2048,1774,67727,6512430,85502,24090032,0,24354088,11451,10193881,974426,9126951,257162,8,2048,0,2048,8,4,4
chunked_256_p4,421,2048,2484,67707,7635244,98052,27495839,0,27757054,11792,9931680,971481,8873115,236042,8,2048,0,2048,8,4,4
chunked_256_p4,422,2048,2114,73237,7478170,101189,26762963,0,27031989,9768,9876155,993713,8793154,246052,8,2048,0,2048,8,4,4
chunked_256_p4,423,2048,2715,66845,7452010,96601,26869683,0,27123028,10169,10133809,971361,9079552,245320,8,2048,0,2048,8,4,4
chunked_256_p4,424,2048,2695,67677,7312239,89318,27264363,0,27504265,8856,10051344,971331,9000434,247173,8,2048,0,2048,8,4,4
chunked_256_p4,425,2048,2174,67717,7567737,94509,27602887,0,27847148,13254,10026998,983044,8963464,247283,8,2048,0,2048,8,4,4
chunked_256_p4,426,2048,2735,71574,7373684,93083,27018694,0,27274621,10680,10264193,981189,9180841,246923,8,2048,0,2048,8,4,4
chunked_256_p4,427,2048,2735,71374,7534024,95560,28300806,0,28562948,14317,10384980,1004233,9268065,240982,8,2048,0,2048,8,4,4
chunked_256_p4,428,2048,2124,68298,7895832,88886,27576469,0,27820564,13264,10576137,987111,9493779,247745,8,2048,0,2048,8,4,4
chunked_256_p4,429,2048,1974,67597,7269288,87555,26573009,0,26827516,10389,10328874,979136,9255882,236684,8,2048,0,2048,8,4,4
chunked_256_p4,430,2048,2485,70072,7736474,89027,29220200,0,29478673,18745,10658502,974808,9579790,251401,8,2048,0,2048,8,4,4
chunked_256_p4,431,2048,2264,65192,7514348,89379,27947926,0,28228603,11221,10292846,1002118,9193255,246291,8,2048,0,2048,8,4,4
chunked_256_p4,432,2048,2585,75181,7778743,95188,28138743,0,28383973,12654,10163134,986149,9076246,243356,8,2048,0,2048,8,4,4
chunked_256_p4,433,2048,2164,65352,8065180,80719,28453213,0,28757304,14096,10082101,1002640,8988852,273163,8,2048,0,2048,8,4,4
chunked_256_p4,434,2048,2295,69260,7107635,69470,26522744,0,26792992,8325,9844285,935624,8831347,250179,8,2048,0,2048,8,4,4
chunked_256_p4,435,2048,2234,67947,6560209,82355,24853567,0,25141133,14788,10000138,979527,8926836,240922,8,2048,0,2048,8,4,4
chunked_256_p4,436,2048,2325,65312,6971229,89408,25615182,0,26030190,11191,9951487,984686,8865661,247605,8,2048,0,2048,8,4,4
chunked_256_p4,437,2048,2064,65462,8845754,106340,28942391,0,29272209,8516,10051975,974317,8975026,265799,8,2048,0,2048,8,4,4
chunked_256_p4,438,2048,3015,65633,6727923,77986,25365102,0,25598480,10941,10492151,1036604,9361741,287449,8,2048,0,2048,8,4,4
chunked_256_p4,439,2048,3066,76163,8221143,88836,29274722,0,29574574,10500,10276466,976050,9215076,246041,8,2048,0,2048,8,4,4
chunked_256_p4,440,2048,1934,65363,7793191,84900,28579851,0,28831765,12022,11525938,974687,10466923,241132,8,2048,0,2048,8,4,4
chunked_256_p4,441,2048,2004,66886,7232239,86130,26154182,0,26388089,16130,10715178,971872,9645854,246062,8,2048,0,2048,8,4,4
chunked_256_p4,442,2048,2514,67446,9044817,82145,31893463,0,32235104,13866,10950299,1237220,9595519,240040,8,2048,0,2048,8,4,4
chunked_256_p4,443,2048,2404,65803,6760324,92363,25425465,0,25724164,11131,10131474,963747,9080183,245720,8,2048,0,2048,8,4,4
chunked_256_p4,444,2048,2054,70753,6898052,95868,25636803,0,25878395,10139,9925928,986068,8865070,263063,8,2048,0,2048,8,4,4
chunked_256_p4,445,2048,2555,67897,7605218,100309,27938179,0,28164982,10630,10091900,987040,9016074,245711,8,2048,0,2048,8,4,4
chunked_256_p4,446,2048,2154,67216,7753947,106299,28499278,0,28756342,12473,10325478,978624,9251283,243406,8,2048,0,2048,8,4,4
chunked_256_p4,447,2048,2415,67286,7478871,98124,27420898,0,27689840,13906,10540190,990668,9427865,241673,8,2048,0,2048,8,4,4
chunked_256_p4,448,2048,2405,67997,7204467,92522,26922923,0,27353219,9418,9837153,989345,8770152,244548,8,2048,0,2048,8,4,4
chunked_256_p4,449,2048,2405,68057,7971414,93575,29129479,0,29416237,11932,9891414,971532,8825535,233308,8,2048,0,2048,8,4,4
chunked_256_p4,450,2048,2354,67868,7594658,78028,28107804,0,28356141,8336,10031967,948738,8992058,267151,8,2048,0,2048,8,4,4
chunked_256_p4,451,2048,2535,67747,7857110,79730,28837204,0,29116285,13455,10271436,984957,9177015,255048,8,2048,0,2048,8,4,4
chunked_256_p4,452,2048,2104,77796,7962759,90852,29530182,0,29784401,16340,10878775,986088,9765988,252023,8,2048,0,2048,8,4,4
chunked_256_p4,453,2048,2515,69360,7679226,88978,28031603,0,28284347,12694,10302665,998902,9211440,261350,8,2048,0,2048,8,4,4
chunked_256_p4,454,2048,2365,71183,7597473,95388,27972651,0,28262736,11271,10204390,974337,9120198,239869,8,2048,0,2048,8,4,4
chunked_256_p4,455,2048,1994,68218,7673235,90699,28857680,0,29120361,11372,10462245,982913,9370157,251812,8,2048,0,2048,8,4,4
chunked_256_p4,456,2048,2645,66996,7655061,83997,27521294,0,27744273,12313,10267529,1095003,9070004,243867,8,2048,0,2048,8,4,4
chunked_256_p4,457,2048,2505,69490,7231257,85220,26535627,0,26824661,15058,10442477,990006,9355299,250450,8,2048,0,2048,8,4,4
chunked_256_p4,458,2048,1963,90480,9397758,94887,28749307,0,28982904,12864,10363218,973475,9301338,270968,8,2048,0,2048,8,4,4
chunked_256_p4,459,2048,2675,68569,7821043,102120,27335608,0,27602016,15729,10581197,978264,9502865,246622,8,2048,0,2048,8,4,4
chunked_256_p4,460,2048,2164,67877,7218152,90069,27058268,0,27327673,10269,10690312,970780,9619283,250940,8,2048,0,2048,8,4,4
chunked_256_p4,461,2048,2545,66705,7114048,93025,25699060,0,25967282,8747,10299930,1007710,9205618,248887,8,2048,0,2048,8,4,4
chunked_256_p4,462,2048,1994,66335,6904675,94588,25998641,0,26267805,11491,11453472,978395,10346858,238858,8,2048,0,2048,8,4,4
chunked_256_p4,463,2048,2444,66475,7085494,87863,26731414,0,27031669,10720,10570748,1001367,9474051,237034,8,2048,0,2048,8,4,4
chunked_256_p4,464,2048,2214,66725,8149758,137639,29020998,0,29379229,12072,10297074,966482,9244561,249879,8,2048,0,2048,8,4,4
chunked_256_p4,465,2048,2705,92934,7776229,97954,28299814,0,28542552,11361,10400909,1024921,9253608,241854,8,2048,0,2048,8,4,4
chunked_256_p4,466,2048,2214,65833,7600338,91830,28284065,0,28549923,13706,10614179,976721,9538222,276578,8,2048,0,2048,8,4,4
chunked_256_p4,467,2048,2354,67457,7461849,98926,28217551,0,28463002,9287,11375055,1011636,10251899,237916,8,2048,0,2048,8,4,4
chunked_256_p4,468,2048,2164,65613,7555665,103363,27639286,0,27920925,12764,10422800,983754,9350340,239519,8,2048,0,2048,8,4,4
chunked_256_p4,469,2048,2044,77285,7761581,101359,27942214,0,28347945,12013,10425024,969598,9355679,51065,8,2048,0,2048,8,4,4
chunked_256_p4,470,2048,3457,233347,8008113,96299,28174078,0,28443564,10469,10478955,982152,9394512,258925,8,2048,0,2048,8,4,4
chunked_256_p4,471,2048,2444,70122,7240194,98014,26582686,0,26822286,16150,10888012,1003521,9783802,300724,8,2048,0,2048,8,4,4
chunked_256_p4,472,2048,1964,71203,6817671,93184,25805868,0,26081145,11462,10896158,964488,9810642,250981,8,2048,0,2048,8,4,4
chunked_256_p4,473,2048,2184,66685,7304424,83738,26831112,0,27149909,8005,10856103,958828,9802888,236473,8,2048,0,2048,8,4,4
chunked_256_p4,474,2048,1914,65383,7314613,91771,26491194,0,26740492,11051,10726530,972023,9649059,238737,8,2048,0,2048,8,4,4
chunked_256_p4,475,2048,2365,65863,7139775,103035,26529696,0,26813319,16100,10640168,1006327,9525157,251341,8,2048,0,2048,8,4,4
chunked_256_p4,476,2048,2465,66224,7177426,90912,26603764,0,26890744,12684,10808433,974667,9719181,235241,8,2048,0,2048,8,4,4
chunked_256_p4,477,2048,2435,65232,8057175,98666,28233962,0,28497656,10920,10807922,977733,9744238,303900,8,2048,0,2048,8,4,4
chunked_256_p4,478,2048,2635,67457,6678831,96893,25186720,0,25492182,13886,10375141,985558,9293343,252404,8,2048,0,2048,8,4,4
chunked_256_p4,479,2048,2114,66274,8123540,104567,28785326,0,29046556,15369,10899544,968506,9822905,255048,8,2048,0,2048,8,4,4
chunked_256_p4,480,2048,2024,65272,7303502,87094,26228843,0,26484724,12844,12055702,1000025,10951943,237876,8,2048,0,2048,8,4,4
chunked_256_p4,481,2048,2225,74329,7482047,87694,27294971,0,27552574,12343,10748010,994434,9658297,240110,8,2048,0,2048,8,4,4
chunked_256_p4,482,2048,2054,66094,8037739,88738,28552929,0,28795164,12674,11070966,978064,9989547,242765,8,2048,0,2048,8,4,4
chunked_256_p4,483,2048,2274,69130,7253769,98446,26605279,0,26854126,12023,11087457,974748,10002252,240180,8,2048,0,2048,8,4,4
chunked_256_p4,484,2048,2094,66084,6452557,93066,24025011,0,24263098,12443,10664032,969648,9587023,247003,8,2048,0,2048,8,4,4
chunked_256_p4,485,2048,2305,67687,6914774,80552,25902661,0,26158382,11031,10651529,969127,9588906,257653,8,2048,0,2048,8,4,4
chunked_256_p4,486,2048,2174,68148,6806250,114434,24842342,0,25187740,10390,11074582,990407,9994718,240281,8,2048,0,2048,8,4,4
chunked_256_p4,487,2048,2064,67186,7165203,95410,25856776,0,26116963,11471,11302980,991318,10190705,256671,8,2048,0,2048,8,4,4
chunked_256_p4,488,2048,2775,70061,6731310,88306,25355187,0,25596748,9818,10694068,993944,9604876,245420,8,2048,0,2048,8,4,4
chunked_256_p4,489,2048,2565,68047,7200359,87423,26413409,0,26714902,15188,10839832,978044,9754858,251181,8,2048,0,2048,8,4,4
chunked_256_p4,490,2048,2034,68809,7580371,78857,27568503,0,27785491,11231,11087466,998001,9970683,256781,8,2048,0,2048,8,4,4
chunked_256_p4,491,2048,2404,70352,7612592,104985,28412647,0,28693912,10760,11273054,988133,10167993,295444,8,2048,0,2048,8,4,4
chunked_256_p4,492,2048,2465,68047,7525238,112080,28299697,0,28657816,11020,11076565,965570,10006039,250921,8,2048,0,2048,8,4,4
chunked_256_p4,493,2048,2284,71383,7738417,101632,28356741,0,28730675,13626,10929521,970119,9833395,281187,8,2048,0,2048,8,4,4
chunked_256_p4,494,2048,3536,65853,8188742,93447,30169483,0,30402839,9979,11368393,981079,10261168,297909,8,2048,0,2048,8,4,4
chunked_256_p4,495,2048,2284,67416,8072443,86001,28313530,0,28545757,13325,11436851,1057172,10245197,248446,8,2048,0,2048,8,4,4
chunked_256_p4,496,2048,2064,66615,8199882,95189,30184877,0,30431391,13104,20293535,974246,19187372,270738,8,2048,0,2048,8,4,4
chunked_256_p4,497,2048,3767,128330,9496122,110619,36069350,0,36421842,11161,6852317,1004012,5763005,266289,8,2048,0,2048,8,4,4
chunked_256_p4,498,2048,2885,66485,8600424,108272,30537671,0,30846930,12764,6791833,979186,5739130,250830,8,2048,0,2048,8,4,4
chunked_256_p4,499,2048,2464,67977,8486710,191198,32300586,0,32670991,13065,6932357,974036,5876747,245240,8,2048,0,2048,8,4,4
chunked_256_p4,500,2048,2475,65954,8534370,90832,31384388,0,31699578,11301,7169882,1006417,6074669,255779,8,2048,0,2048,8,4,4
chunked_256_p4,501,2048,2004,84057,9268686,92812,33578882,0,34025207,12203,7278706,992371,6199833,261310,8,2048,0,2048,8,4,4
chunked_256_p4,502,2048,2565,121147,9106643,100679,33864057,0,34210848,9848,7710615,1058444,6569045,244258,8,2048,0,2048,8,4,4
chunked_256_p4,503,2048,2675,68268,9145375,99075,33539168,0,33837096,13606,8384279,990978,7253468,248486,8,2048,0,2048,8,4,4
chunked_256_p4,504,2048,2484,66544,8773167,82365,31791992,0,32039566,11963,7729261,975208,6630971,253034,8,2048,0,2048,8,4,4
chunked_256_p4,505,2048,2314,68158,8899965,89797,32172065,0,32431228,9798,7509929,994755,6419966,244258,8,2048,0,2048,8,4,4
chunked_256_p4,506,2048,2304,69260,7836672,105339,29568824,0,29873306,12153,7887016,1042835,6746138,263885,8,2048,0,2048,8,4,4
chunked_256_p4,507,2048,2344,112622,9699054,84127,33934669,0,34234231,15479,8200604,1074004,7023136,310793,8,2048,0,2048,8,4,4
chunked_256_p4,508,2048,2876,112130,8414365,106611,31180394,0,31480479,12784,8122197,980688,7057841,269244,8,2048,0,2048,8,4,4
chunked_256_p4,509,2048,2886,110687,8362087,94879,31246591,0,31517008,13916,8471371,1100453,7276582,245911,8,2048,0,2048,8,4,4
chunked_256_p4,510,2048,2184,67867,9290297,102072,34539382,0,34823465,13986,8390069,1020394,7232028,281958,8,2048,0,2048,8,4,4
chunked_256_p4,511,2048,2114,65653,8415988,96450,31608599,0,31912006,14778,8776294,981019,7670870,238166,8,2048,0,2048,8,4,4
chunked_256_p4,512,2048,2164,72306,8308617,89739,30644381,0,30923525,13435,26332597,972232,25231873,243347,8,2048,0,2048,8,4,4
chunked_256_p4,513,2048,2786,67547,10882462,78378,39551449,0,39962841,12894,8365694,979756,7290808,263995,8,2048,0,2048,8,4,4
chunked_256_p4,514,2048,2164,66265,10317343,82393,39324492,0,39583038,10540,8624348,983804,7506202,276769,8,2048,0,2048,8,4,4
chunked_256_p4,515,2048,3727,66996,9786347,89515,37260564,0,37540988,14127,8814075,983224,7716667,249077,8,2048,0,2048,8,4,4
chunked_256_p4,516,2048,2275,71614,10820475,96590,38526687,0,38794420,12012,8515344,1005415,7417967,241874,8,2048,0,2048,8,4,4
chunked_256_p4,517,2048,2255,67376,10900295,100869,40327203,0,40628630,14938,8640780,1041512,7491294,263223,8,2048,0,2048,8,4,4
chunked_256_p4,518,2048,2725,113502,10550800,95789,38039574,0,38321533,9457,8809986,976000,7739330,262112,8,2048,0,2048,8,4,4
chunked_256_p4,519,2048,2225,67446,9684897,78155,37021245,0,37274050,10590,9801595,981039,8719747,249327,8,2048,0,2048,8,4,4
chunked_256_p4,520,2048,2044,67987,10541292,93134,35969503,0,36271569,11101,8952133,1025963,7834958,250019,8,2048,0,2048,8,4,4
chunked_256_p4,521,2048,2655,67176,10577700,88656,39403611,0,39710587,12824,9307780,983835,8223878,318016,8,2048,0,2048,8,4,4
chunked_256_p4,522,2048,2935,70632,9625235,103573,36069823,0,36640031,11301,9121550,997650,8009677,250109,8,2048,0,2048,8,4,4
chunked_256_p4,523,2048,2394,69621,9544353,99697,36012474,0,36276229,13024,9330021,1061530,8130423,237225,8,2048,0,2048,8,4,4
chunked_256_p4,524,2048,2234,69620,9897405,92054,37223864,0,37608839,12263,9089992,1009873,7940827,243536,8,2048,0,2048,8,4,4
chunked_256_p4,525,2048,2736,71865,10455672,101611,39323953,0,39599350,11211,8885559,969277,7809351,235952,8,2048,0,2048,8,4,4
chunked_256_p4,526,2048,2474,66765,9814590,92594,35778948,0,36042962,16311,10903602,1041973,9727156,283161,8,2048,0,2048,8,4,4
chunked_256_p4,527,2048,2895,149781,11474682,101470,41460750,0,41741105,12253,9399311,982071,8278019,261060,8,2048,0,2048,8,4,4
chunked_256_p4,528,2048,2114,65613,10611063,98486,38907661,0,39211772,11402,10295893,1057533,9105901,263153,8,2048,0,2048,8,4,4
chunked_256_p4,529,2048,2876,122069,10711061,92213,38589636,0,38864832,14918,9806104,1122224,8562433,250941,8,2048,0,2048,8,4,4
chunked_256_p4,530,2048,2514,67156,10249225,89337,38827069,0,39138415,11852,9159101,985438,8087602,266069,8,2048,0,2048,8,4,4
chunked_256_p4,531,2048,3566,116258,11178958,89429,39933795,0,40199536,11452,9846710,1025002,8692556,291406,8,2048,0,2048,8,4,4
chunked_256_p4,532,2048,2855,67166,10449090,110697,38110728,0,38457148,13655,10185665,1438166,8608338,256561,8,2048,0,2048,8,4,4
chunked_256_p4,533,2048,2034,67125,10900365,103684,40567795,0,40909074,11371,9131369,1011577,7988887,288331,8,2048,0,2048,8,4,4
chunked_256_p4,534,2048,4368,101510,11464633,107022,40629540,0,40966072,9949,9968789,989125,8846394,249117,8,2048,0,2048,8,4,4
chunked_256_p4,535,2048,2725,66434,11072638,86219,39496824,0,39798421,13706,11201389,1400585,9635624,242765,8,2048,0,2048,8,4,4
chunked_256_p4,536,2048,3036,83567,11190609,143680,41630406,0,42064119,12202,9233801,992020,8136123,248145,8,2048,0,2048,8,4,4
chunked_256_p4,537,2048,2265,83256,13100721,100237,45167436,0,45490863,15269,10660887,1185242,9335041,242605,8,2048,0,2048,8,4,4
chunked_256_p4,538,2048,2575,84428,11896252,98766,44495117,0,44778811,12093,11715174,1440039,10129510,281658,8,2048,0,2048,8,4,4
chunked_256_p4,539,2048,3166,124152,12068846,107129,43682875,0,44050544,16000,11232498,1593658,9494971,255950,8,2048,0,2048,8,4,4
chunked_256_p4,540,2048,2806,91662,12222794,102162,45592964,0,45880636,12944,10176528,1108539,8958936,242765,8,2048,0,2048,8,4,4
chunked_256_p4,541,2048,2755,81633,10769039,99237,39195691,0,39486207,10610,10205433,1136711,8971489,245260,8,2048,0,2048,8,4,4
chunked_256_p4,542,2048,2314,80611,10827939,102533,40718978,0,41013839,11181,10888052,1099291,9660872,245110,8,2048,0,2048,8,4,4
chunked_256_p4,543,2048,2996,77946,11581142,102001,42034714,0,42337402,9248,10564125,1107366,9330382,247935,8,2048,0,2048,8,4,4
chunked_256_p4,544,2048,1994,75923,11632258,87715,43095482,0,43400175,9498,10520143,1267306,9140477,244178,8,2048,0,2048,8,4,4
chunked_256_p4,545,2048,2254,75552,11670860,94598,40588854,0,40904136,13565,10232353,1127033,9003881,264226,8,2048,0,2048,8,4,4
chunked_256_p4,546,2048,2715,111028,10741527,94517,40743614,0,41041921,12293,10316831,1129317,9101683,245240,8,2048,0,2048,8,4,4
chunked_256_p4,547,2048,2595,76794,10737290,96491,40679864,0,40953566,13795,10954186,1144796,9681270,290064,8,2048,0,2048,8,4,4
chunked_256_p4,548,2048,2244,77635,11826922,98274,42357319,0,42651050,12213,9998825,999233,8858087,267191,8,2048,0,2048,8,4,4
chunked_256_p4,549,2048,2485,107131,12576347,89177,47473591,0,47765719,17333,11253688,1539997,9577255,257744,8,2048,0,2048,8,4,4
chunked_256_p4,550,2048,2535,78407,11824188,97171,44722974,0,45008910,11762,10491920,1009353,9340030,280095,8,2048,0,2048,8,4,4
chunked_256_p4,551,2048,3496,108653,14255766,3731105,41401345,0,45432394,12643,11534304,1122234,10165177,399699,8,2048,0,2048,8,4,4
chunked_256_p4,552,2048,4188,113693,12721459,944491,47581042,0,48783829,14357,10950119,1293415,9523414,247564,8,2048,0,2048,8,4,4
chunked_256_p4,553,2048,2394,77185,11515258,90558,41472198,0,41754940,11081,11705896,1133114,10464518,241342,8,2048,0,2048,8,4,4
chunked_256_p4,554,2048,2995,80931,11482086,92262,40532589,0,40832971,17462,10851694,1100654,9587554,277721,8,2048,0,2048,8,4,4
chunked_256_p4,555,2048,2876,109325,11973487,94218,42859331,0,43136430,10008,10870028,1121202,9630605,298801,8,2048,0,2048,8,4,4
chunked_256_p4,556,2048,2435,106349,10697455,88887,38990377,0,39285051,16210,10774409,1095965,9580621,270848,8,2048,0,2048,8,4,4
chunked_256_p4,557,2048,2946,81723,10058918,146013,37581675,0,38023452,10751,10891790,1111654,9655652,253646,8,2048,0,2048,8,4,4
chunked_256_p4,558,2048,2315,87384,10165608,110466,38647554,0,38970248,13826,9873460,977352,8797313,248486,8,2048,0,2048,8,4,4
chunked_256_p4,559,2048,2194,77536,14302905,111460,43433868,0,43718492,11502,10780200,1097057,9570612,263965,8,2048,0,2048,8,4,4
chunked_256_p4,560,2048,3276,105708,11494139,98925,41122642,0,41424371,11872,9745170,999363,8644826,242033,8,2048,0,2048,8,4,4
chunked_256_p4,561,2048,2114,76824,11495031,99316,43193667,0,43491556,11752,10920363,1109129,9683064,289613,8,2048,0,2048,8,4,4
chunked_256_p4,562,2048,3486,71594,11504498,98312,41978869,0,42244979,15289,10829072,1089272,9611950,288251,8,2048,0,2048,8,4,4
chunked_256_p4,563,2048,2995,78528,11226307,102775,41216499,0,41475788,11742,138062222,1131852,136798032,276028,8,2048,0,2048,8,4,4
chunked_256_p4,564,2048,3036,78748,5151478,90440,18719324,0,19012475,13255,11121400,1180303,9812486,254157,8,2048,0,2048,8,4,4
chunked_256_p4,565,2048,2564,81032,4838631,188875,17456627,0,17839225,11422,9711828,1015594,8601405,249588,8,2048,0,2048,8,4,4
chunked_256_p4,566,2048,2805,87554,4700062,104977,16948715,0,17297900,11521,11264849,1127463,10025035,265047,8,2048,0,2048,8,4,4
chunked_256_p4,567,2048,3016,61625,4735417,115106,16014564,0,16272758,11522,9824269,928852,8794487,242615,8,2048,0,2048,8,4,4
chunked_256_p4,568,2048,2355,69420,4566621,91859,15876286,0,16159862,11632,11115469,1163261,9824108,237796,8,2048,0,2048,8,4,4
chunked_256_p4,569,2048,2665,95909,4729347,99705,16382132,0,16658711,11351,11010752,1118286,9802979,257312,8,2048,0,2048,8,4,4
chunked_256_p4,570,2048,3346,111059,4646942,87103,15666621,0,15904648,13526,9424088,935353,8398265,231194,8,2048,0,2048,8,4,4
chunked_256_p4,571,2048,2104,64381,4556011,97172,15638156,0,16042786,12203,9926740,1155697,8680654,243807,8,2048,0,2048,8,4,4
chunked_256_p4,572,2048,2274,62838,4423262,92171,15686978,0,15923361,8627,9576002,928510,8562582,239229,8,2048,0,2048,8,4,4
chunked_256_p4,573,2048,2825,63048,4677940,88204,16186976,0,16439982,11221,9591582,940363,8554587,254998,8,2048,0,2048,8,4,4
chunked_256_p4,574,2048,2294,78257,4485188,91533,15630073,0,15879121,9919,11334279,1247759,9977475,244217,8,2048,0,2048,8,4,4
chunked_256_p4,575,2048,2505,91912,4290824,90209,15538920,0,15779162,8395,10896608,1151429,9651204,272892,8,2048,0,2048,8,4,4
chunked_256_p4,576,2048,2244,87674,4465321,88726,15791286,0,16030102,10199,11108245,1118417,9891133,246682,8,2048,0,2048,8,4,4
chunked_256_p4,577,2048,2645,81092,4851234,93206,16615042,0,16932034,11773,9494209,959800,8449010,241573,8,2048,0,2048,8,4,4
chunked_256_p4,578,2048,2044,86492,4052578,92814,14701462,0,14941000,9778,10595744,1158171,9363154,246121,8,2048,0,2048,8,4,4
chunked_256_p4,579,2048,2334,63499,4839984,102672,16393875,0,16639604,11632,11367802,1128285,10131664,267482,8,2048,0,2048,8,4,4
chunked_256_p4,580,2048,2395,105198,4681938,87725,16811497,0,17060032,8887,11371689,1161137,10099163,245731,8,2048,0,2048,8,4,4
chunked_256_p4,581,2048,2355,81232,4744354,87956,16068585,0,16382833,12804,10645488,1212212,9345571,251271,8,2048,0,2048,8,4,4
chunked_256_p4,582,2048,2495,82915,4768830,87795,16555679,0,16843237,14066,10541172,1161628,9292962,243847,8,2048,0,2048,8,4,4
chunked_256_p4,583,2048,1893,71153,4053209,93165,14940048,0,15247874,14717,9974089,972854,8920002,261480,8,2048,0,2048,8,4,4
chunked_256_p4,584,2048,2264,67547,4526286,76604,16285021,0,16539928,9948,10202266,1009973,9106302,282240,8,2048,0,2048,8,4,4
chunked_256_p4,585,2048,2384,67697,4109404,87043,14904311,0,15219984,10619,9753695,978584,8699669,253515,8,2048,0,2048,8,4,4
chunked_256_p4,586,2048,3397,106079,4374471,99736,15758444,0,16182357,10329,9913065,980889,8837568,249187,8,2048,0,2048,8,4,4
chunked_256_p4,587,2048,2315,222928,4392395,81554,15591402,0,15870253,11462,10119973,972763,9065045,272851,8,2048,0,2048,8,4,4
chunked_256_p4,588,2048,2665,74620,4059691,72536,14750174,0,14990514,13796,11112373,969498,10064929,259387,8,2048,0,2048,8,4,4
chunked_256_p4,589,2048,1943,218410,4661770,81893,15714459,0,15960952,9257,10209761,980408,9139644,251171,8,2048,0,2048,8,4,4
chunked_256_p4,590,2048,2174,65413,3914239,87542,14137774,0,14393485,11341,10081510,990938,9008629,232045,8,2048,0,2048,8,4,4
chunked_256_p4,591,2048,2044,111409,4224780,82885,14868134,0,15098252,9278,10520823,980187,9434066,248896,8,2048,0,2048,8,4,4
chunked_256_p4,592,2048,4228,78587,4636061,98334,15592061,0,15861845,12063,10309288,972734,9224283,246512,8,2048,0,2048,8,4,4
chunked_256_p4,593,2048,2234,66885,3826844,88839,13682932,0,13948591,13155,10405298,965901,9359256,247484,8,2048,0,2048,8,4,4
chunked_256_p4,594,2048,2174,68188,4535834,75992,15502613,0,15699753,11712,10399897,963957,9349278,239509,8,2048,0,2048,8,4,4
chunked_256_p4,595,2048,2966,68468,4286796,90138,15755088,0,15986109,7024,10115234,985037,9053293,276238,8,2048,0,2048,8,4,4
chunked_256_p4,596,2048,2344,104656,4366185,91010,15174038,0,15414708,9808,10196766,952225,9162177,248416,8,2048,0,2048,8,4,4
chunked_256_p4,597,2048,2034,68488,4230671,98796,14922144,0,15159721,11301,10198841,971842,9143362,269395,8,2048,0,2048,8,4,4
chunked_256_p4,598,2048,2274,77716,4337151,90370,15931949,0,16247260,12574,10522467,1004182,9429729,246442,8,2048,0,2048,8,4,4
chunked_256_p4,599,2048,2074,70392,3811296,84234,13794001,0,14127895,8586,10524411,977612,9465655,248686,8,2048,0,2048,8,4,4
chunked_256_p4,600,2048,2084,66695,4075370,86893,14390918,0,14624408,9488,10847346,969337,9797127,237546,8,2048,0,2048,8,4,4
chunked_256_p4,601,2048,2064,66425,4322133,96803,15974119,0,16227262,9588,10607817,967404,9565663,251412,8,2048,0,2048,8,4,4
chunked_256_p4,602,2048,3266,108874,4554148,95068,15862559,0,16176336,12343,10478625,984436,9400163,243687,8,2048,0,2048,8,4,4
chunked_256_p4,603,2048,2395,67617,4034714,81793,14255876,0,14538027,9889,10280163,970429,9232939,285616,8,2048,0,2048,8,4,4
chunked_256_p4,604,2048,2534,67857,4359393,103384,15954049,0,16203589,11341,11101703,1101054,9896443,250820,8,2048,0,2048,8,4,4
chunked_256_p4,605,2048,2285,67086,4018634,69029,14198379,0,14440062,10730,10421037,1010585,9317748,261801,8,2048,0,2048,8,4,4
chunked_256_p4,606,2048,2124,66044,4226593,90398,15385335,0,15672208,10480,11081636,975058,10009485,238347,8,2048,0,2048,8,4,4
chunked_256_p4,607,2048,2675,68218,3593567,81123,13305094,0,13584277,9818,10954116,961272,9903978,247003,8,2048,0,2048,8,4,4
chunked_256_p4,608,2048,2164,66174,4018013,90260,14023081,0,14289740,11772,10682056,967063,9618853,244819,8,2048,0,2048,8,4,4
chunked_256_p4,609,2048,2575,69550,3990571,92266,14165899,0,14517348,9508,10647311,986690,9566946,288050,8,2048,0,2048,8,4,4
chunked_256_p4,610,2048,2565,66945,4723897,90558,17051828,0,17279062,14347,10639586,974267,9556296,240221,8,2048,0,2048,8,4,4
chunked_256_p4,611,2048,2164,69841,4058208,85542,15127731,0,15371607,10169,10303025,965329,9247267,292990,8,2048,0,2048,8,4,4
chunked_256_p4,612,2048,1984,69029,3880424,79530,13937210,0,14145719,12413,10184513,978575,9115760,244819,8,2048,0,2048,8,4,4
chunked_256_p4,613,2048,2154,66224,4428422,77255,15645661,0,15870983,8045,10178142,993914,9094280,235031,8,2048,0,2048,8,4,4
chunked_256_p4,614,2048,2515,69811,3990642,86461,14148555,0,14429181,9808,10387915,968095,9328929,233678,8,2048,0,2048,8,4,4
chunked_256_p4,615,2048,2595,69049,3734972,85169,13694272,0,13965540,8586,10319046,1012127,9210206,242414,8,2048,0,2048,8,4,4
chunked_256_p4,616,2048,2464,69921,4047017,86393,14353953,0,14684088,11071,10238996,1055820,9099810,249598,8,2048,0,2048,8,4,4
chunked_256_p4,617,2048,1994,70131,3956577,76695,14266798,0,14585886,9178,10537906,987812,9450788,275646,8,2048,0,2048,8,4,4
chunked_256_p4,618,2048,2335,67436,3903188,89427,14125753,0,14351244,12684,10542074,963436,9479662,255228,8,2048,0,2048,8,4,4
chunked_256_p4,619,2048,2465,67937,3921532,86111,14253911,0,14490715,9467,10511646,969598,9465445,276849,8,2048,0,2048,8,4,4
chunked_256_p4,620,2048,2394,67767,4368029,85671,15094619,0,15343274,10379,10472022,993422,9394663,271829,8,2048,0,2048,8,4,4
chunked_256_p4,621,2048,2464,66946,4045855,88757,14889256,0,15153931,9278,10562192,1004242,9475204,250189,8,2048,0,2048,8,4,4
chunked_256_p4,622,2048,2305,67957,4079137,83064,14598719,0,14918328,9638,10794346,967674,9735733,254958,8,2048,0,2048,8,4,4
chunked_256_p4,623,2048,3005,66775,4123140,89979,15040827,0,15308812,8726,10555188,991709,9475915,248787,8,2048,0,2048,8,4,4
chunked_256_p4,624,2048,2285,67306,4064951,82725,14999361,0,15213632,10520,10327091,975168,9265981,247334,8,2048,0,2048,8,4,4
chunked_256_p4,625,2048,1943,66755,4163726,87945,15182452,0,15494508,11973,10230269,997611,9152118,251731,8,2048,0,2048,8,4,4
chunked_256_p4,626,2048,2705,68478,4072465,85069,15041388,0,15285806,10489,10274392,990327,9203244,259576,8,2048,0,2048,8,4,4
chunked_256_p4,627,2048,1983,67657,3874233,78989,14096868,0,14350043,12043,10291935,996208,9202542,239589,8,2048,0,2048,8,4,4
chunked_256_p4,628,2048,2365,67376,3770940,84186,13927068,0,14199298,11351,13843473,969818,12770342,243737,8,2048,0,2048,8,4,4
chunked_256_p4,629,2048,2475,67968,4333655,79701,15208953,0,15431182,8356,16905794,971772,15832022,248155,8,2048,0,2048,8,4,4
chunked_256_p4,630,2048,2966,67246,4326551,79720,14902239,0,15205757,9838,10969595,968245,9895251,255709,8,2048,0,2048,8,4,4
chunked_256_p4,631,2048,2445,69130,4143508,104987,14496698,0,14770862,12424,10840113,985547,9754036,245660,8,2048,0,2048,8,4,4
chunked_256_p4,632,2048,2195,67236,4106548,76414,15025810,0,15316214,7484,10765532,957254,9716866,242174,8,2048,0,2048,8,4,4
chunked_256_p4,633,2048,2405,65483,3934817,79409,14151540,0,14370392,9097,10705931,956523,9650813,245079,8,2048,0,2048,8,4,4
chunked_256_p4,634,2048,2915,69731,4640019,97232,15704954,0,15956955,10339,10901377,963025,9839717,265518,8,2048,0,2048,8,4,4
chunked_256_p4,635,2048,2405,70031,4412262,76554,15927419,0,16169714,7895,11414249,985598,10310008,249508,8,2048,0,2048,8,4,4
chunked_256_p4,636,2048,2655,67977,4196677,86061,14788655,0,15076164,11972,12180886,986409,11070415,280215,8,2048,0,2048,8,4,4
chunked_256_p4,637,2048,2374,67867,4345016,86421,15664608,0,15933802,12223,6805659,1121622,5598506,261030,8,2048,0,2048,8,4,4
chunked_256_p4,638,2048,2044,74810,5535467,91942,17941384,0,18249681,12935,7188827,977443,6094185,260649,8,2048,0,2048,8,4,4
chunked_256_p4,639,2048,3076,105959,4721962,84358,16286382,0,16579041,10951,6920164,996118,5807528,263564,8,2048,0,2048,8,4,4
chunked_256_p4,640,2048,3246,101740,4369992,77977,15812313,0,16062784,13184,7435710,1015233,6321031,283742,8,2048,0,2048,8,4,4
chunked_256_p4,641,2048,3096,125675,4830115,106379,16910874,0,17176531,11913,7145496,996899,6073977,260188,8,2048,0,2048,8,4,4
chunked_256_p4,642,2048,2625,122099,5645184,83308,20187839,0,20494152,8195,7192614,980288,6144720,242495,8,2048,0,2048,8,4,4
chunked_256_p4,643,2048,2014,68488,5082478,87874,18974753,0,19419159,10560,7749629,1028448,6638425,253676,8,2048,0,2048,8,4,4
chunked_256_p4,644,2048,2294,75081,5444527,105327,19087203,0,19410972,14146,7815762,1043075,6674432,242424,8,2048,0,2048,8,4,4
chunked_256_p4,645,2048,2675,72386,4777576,86421,16639626,0,16920761,11742,8050162,1219616,6729717,251922,8,2048,0,2048,8,4,4
chunked_256_p4,646,2048,2064,79930,4948768,89058,17157817,0,17492854,8165,7882578,993362,6778829,246993,8,2048,0,2048,8,4,4
chunked_256_p4,647,2048,2485,75972,5674789,102944,20561889,0,20927033,10169,8148075,1030382,7011474,92263,8,2048,0,2048,8,4,4
chunked_256_p4,648,2048,1753,71234,5003040,97152,17879790,0,18256656,10830,8978142,998412,7859465,98434,8,2048,0,2048,8,4,4
chunked_256_p4,649,2048,1563,66145,4822552,92505,17330911,0,17650009,10409,8401300,1001097,7276942,250109,8,2048,0,2048,8,4,4
chunked_256_p4,650,2048,2344,81353,4773229,89579,17110036,0,17430929,9347,8527276,956012,7458002,259868,8,2048,0,2048,8,4,4
chunked_256_p4,651,2048,2515,84759,4757399,92223,16941421,0,17182983,11832,8392324,965891,7310896,238337,8,2048,0,2048,8,4,4
chunked_256_p4,652,2048,2044,68018,4947966,87254,17830428,0,18105263,11101,8616213,976080,7528815,201107,8,2048,0,2048,8,4,4
chunked_256_p4,653,2048,2285,68048,5018338,93535,18305710,0,18555055,10670,8856313,1012027,7723229,323867,8,2048,0,2048,8,4,4
chunked_256_p4,654,2048,3337,79269,5486907,95270,19167584,0,19440227,7795,8290723,947045,7276763,267121,8,2048,0,2048,8,4,4
chunked_256_p4,655,2048,1944,67847,4877594,82045,17985487,0,18278087,9799,32769204,1000706,31644175,199474,8,2048,0,2048,8,4,4
chunked_256_p4,656,2048,3587,217888,6530593,84228,23606738,0,23858027,13666,8913601,1033217,7791657,237265,8,2048,0,2048,8,4,4
chunked_256_p4,657,2048,2655,67105,6800339,87083,23259655,0,23521506,11672,8759392,966682,7694455,238888,8,2048,0,2048,8,4,4
chunked_256_p4,658,2048,4288,71614,6607457,93146,24253991,0,24536131,9829,8840924,1003612,7767773,246362,8,2048,0,2048,8,4,4
chunked_256_p4,659,2048,2475,67076,6563885,89099,23930673,0,24187987,13175,8926616,982692,7868161,238156,8,2048,0,2048,8,4,4
chunked_256_p4,660,2048,2494,76904,6375051,95399,23830298,0,24133425,11431,8805879,981581,7748616,245460,8,2048,0,2048,8,4,4
chunked_256_p4,661,2048,2936,74159,6557564,578014,23785081,0,24616581,11272,8830345,970720,7784364,250750,8,2048,0,2048,8,4,4
chunked_256_p4,662,2048,3777,69450,6041086,87776,22382710,0,22635688,9929,8891399,998863,7817867,265497,8,2048,0,2048,8,4,4
chunked_256_p4,663,2048,2885,108754,6383667,103343,22708553,0,22979232,9407,9478750,975449,8372036,339666,8,2048,0,2048,8,4,4
chunked_256_p4,664,2048,3046,72636,6691405,99736,23239116,0,23563995,11321,9974149,977162,8872815,262102,8,2048,0,2048,8,4,4
chunked_256_p4,665,2048,2615,68168,5958441,98727,21755977,0,21990837,12313,9745380,991399,8632724,237155,8,2048,0,2048,8,4,4
chunked_256_p4,666,2048,2304,67256,6454120,87776,23089910,0,23348804,11441,9876967,962875,8789157,245630,8,2048,0,2048,8,4,4
chunked_256_p4,667,2048,2534,68719,5443575,88977,20547540,0,20778564,11391,9757082,997130,8640719,250270,8,2048,0,2048,8,4,4
chunked_256_p4,668,2048,2284,67517,6800900,98235,24931459,0,25208011,11422,9818327,1311008,8377696,246523,8,2048,0,2048,8,4,4
chunked_256_p4,669,2048,2244,67727,5983437,96591,21086895,0,21391003,13755,11006634,2405379,8490928,249467,8,2048,0,2048,8,4,4
chunked_256_p4,670,2048,2234,69931,6749984,90338,23978794,0,24299413,16210,9187394,999984,8090839,243586,8,2048,0,2048,8,4,4
chunked_256_p4,671,2048,2044,68248,6182531,94506,22004432,0,22274149,14267,9382941,1002880,8285574,245721,8,2048,0,2048,8,4,4
chunked_256_p4,672,2048,1993,68498,6510044,89707,24033156,0,24303352,12153,9442653,991178,8364872,243957,8,2048,0,2048,8,4,4
chunked_256_p4,673,2048,2956,72085,6445223,94216,23482814,0,24274509,11071,9383231,978855,8329415,266360,8,2048,0,2048,8,4,4
chunked_256_p4,674,2048,2826,71123,5945857,92052,22227411,0,22551817,10169,9410933,980879,8339194,280997,8,2048,0,2048,8,4,4
chunked_256_p4,675,2048,3126,74911,7575272,116978,27502990,0,27876550,12574,9961295,993493,8841976,252954,8,2048,0,2048,8,4,4
chunked_256_p4,676,2048,9909,68047,5265251,82996,19743916,0,20035884,11301,10063076,973736,8969064,235892,8,2048,0,2048,8,4,4
chunked_256_p4,677,2048,2655,69861,5796837,80751,21162944,0,21461776,11512,10016368,973044,8930683,253685,8,2048,0,2048,8,4,4
chunked_256_p4,678,2048,2625,68018,6715059,83626,24160745,0,24449717,12283,9876646,988723,8767407,275145,8,2048,0,2048,8,4,4
chunked_256_p4,679,2048,2745,73168,6123140,86393,23193490,0,23476142,13836,11235924,1198818,9909137,236925,8,2048,0,2048,8,4,4
chunked_256_p4,680,2048,1994,74259,5881577,87633,21154579,0,21590436,16481,10373307,1064956,9172987,242245,8,2048,0,2048,8,4,4
chunked_256_p4,681,2048,2354,70713,6500076,91442,23825910,0,24142199,14277,10851123,1097818,9612161,298820,8,2048,0,2048,8,4,4
chunked_256_p4,682,2048,4849,114966,6907841,91578,25528099,0,25791342,14537,10670024,1016616,9566124,243286,8,2048,0,2048,8,4,4
chunked_256_p4,683,2048,2695,77535,7051229,104826,24297802,0,24560706,13456,10359351,990336,9228892,238207,8,2048,0,2048,8,4,4
chunked_256_p4,684,2048,2124,66444,6018643,80211,21708970,0,22062061,12203,10112759,1035711,8965939,241162,8,2048,0,2048,8,4,4
chunked_256_p4,685,2048,2504,69821,5738849,80460,21509356,0,21911788,9207,10310489,1023298,9162167,292889,8,2048,0,2048,8,4,4
chunked_256_p4,686,2048,2895,77666,6280314,82254,23171750,0,23674734,12163,9642167,1037174,8504574,240201,8,2048,0,2048,8,4,4
chunked_256_p4,687,2048,2826,67847,6679943,95891,24391119,0,24903277,12924,10392563,1055349,9231597,254547,8,2048,0,2048,8,4,4
chunked_256_p4,688,2048,2194,66935,6578262,87094,24283957,0,24567849,11201,10065540,1036333,8933428,237976,8,2048,0,2048,8,4,4
chunked_256_p4,689,2048,3496,76644,6950450,96682,24468222,0,24738399,10770,10235229,1049407,9062370,258364,8,2048,0,2048,8,4,4
chunked_256_p4,690,2048,2234,68939,6110746,93926,22516904,0,22789154,10490,10566039,970340,9481154,247063,8,2048,0,2048,8,4,4
chunked_256_p4,691,2048,3646,69541,6939951,92902,24180680,0,24452481,9909,10658953,991528,9546737,249368,8,2048,0,2048,8,4,4
chunked_256_p4,692,2048,2805,69731,6221203,72728,22022016,0,22235337,17754,10231121,994655,9128724,240121,8,2048,0,2048,8,4,4
chunked_256_p4,693,2048,2354,68638,6356617,88444,22379556,0,22643771,12574,9979609,980047,8924692,246371,8,2048,0,2048,8,4,4
chunked_256_p4,694,2048,1923,67687,6004697,88637,21780032,0,22056450,11442,11471567,1051792,10304609,236213,8,2048,0,2048,8,4,4
chunked_256_p4,695,2048,2144,70101,6173744,114234,22799915,0,23137647,11041,9906502,977292,8844281,65463,8,2048,0,2048,8,4,4
chunked_256_p4,696,2048,1583,82003,7147900,116389,23399597,0,23887663,13085,10300121,1067932,9129375,253165,8,2048,0,2048,8,4,4
chunked_256_p4,697,2048,2796,71604,6087282,91402,22120251,0,22367393,10550,10231823,1007439,9133994,260127,8,2048,0,2048,8,4,4
chunked_256_p4,698,2048,2074,70593,6346579,83475,23158517,0,23439383,10229,10702234,992561,9591612,248486,8,2048,0,2048,8,4,4
chunked_256_p4,699,2048,2205,68318,5606020,95671,20969981,0,21253245,18094,10420055,1072811,9254360,245260,8,2048,0,2048,8,4,4
chunked_256_p4,700,2048,2364,67277,6265086,90610,22607021,0,22851581,11441,10077092,980699,9017907,233999,8,2048,0,2048,8,4,4
chunked_256_p4,701,2048,2274,65673,6367307,90653,23138789,0,23403856,10450,30219785,993262,29112970,241713,8,2048,0,2048,8,4,4
chunked_256_p4,702,2048,2395,66816,6317845,88705,22994168,0,23247715,11221,10310700,972463,9238911,254257,8,2048,0,2048,8,4,4
chunked_256_p4,703,2048,2796,68399,6144540,82236,22138563,0,22375119,9588,10490347,968766,9429758,256952,8,2048,0,2048,8,4,4
chunked_256_p4,704,2048,2365,67877,6448700,89849,23096341,0,23342762,9228,10308887,966061,9253809,253054,8,2048,0,2048,8,4,4
chunked_256_p4,705,2048,2365,70553,6066724,80171,22113658,0,22359399,11852,10384128,996027,9282383,273343,8,2048,0,2048,8,4,4
chunked_256_p4,706,2048,3537,73278,7505692,92012,27395712,0,27777696,25528,10401530,1115631,9176985,255930,8,2048,0,2048,8,4,4
chunked_256_p4,707,2048,2224,67838,6047448,87653,22622352,0,22872217,14637,10232483,969978,9171314,249789,8,2048,0,2048,8,4,4
chunked_256_p4,708,2048,2825,68258,6474618,94247,23456466,0,23739625,11732,10989342,987482,9859784,293861,8,2048,0,2048,8,4,4
chunked_256_p4,709,2048,2174,68689,6303187,89838,23188392,0,23446115,8055,11803128,994785,10710299,262553,8,2048,0,2048,8,4,4
chunked_256_p4,710,2048,2765,68849,6503733,89096,23034615,0,23281055,11572,10896889,966021,9840298,240231,8,2048,0,2048,8,4,4
chunked_256_p4,711,2048,2003,68789,6257802,140655,22223734,0,22698845,10871,10945299,1049387,9802247,246553,8,2048,0,2048,8,4,4
chunked_256_p4,712,2048,2414,69451,5927693,87364,21536207,0,21781605,7144,10709799,958868,9659429,254016,8,2048,0,2048,8,4,4
chunked_256_p4,713,2048,2034,97623,6447568,84289,24016586,0,24316769,11902,10554307,1008631,9455637,260609,8,2048,0,2048,8,4,4
chunked_256_p4,714,2048,2104,75211,6304940,75880,23303259,0,23553777,10169,10293618,972694,9240303,289022,8,2048,0,2048,8,4,4
chunked_256_p4,715,2048,2084,66665,6341429,93715,22721757,0,23014476,9528,10821197,933320,9793590,240531,8,2048,0,2048,8,4,4
chunked_256_p4,716,2048,2495,79179,5664449,73930,21222287,0,21552467,12083,11006214,984365,9906843,237235,8,2048,0,2048,8,4,4
chunked_256_p4,717,2048,1653,70553,6448951,87866,22332587,0,22650954,10459,10508010,968846,9449957,251722,8,2048,0,2048,8,4,4
chunked_256_p4,718,2048,1973,73016,6595445,91692,22607774,0,22900553,10300,10186828,947977,9138493,247995,8,2048,0,2048,8,4,4
chunked_256_p4,719,2048,2284,76513,5942069,90269,22102208,0,22349989,13655,10197427,956543,9138523,234971,8,2048,0,2048,8,4,4
chunked_256_p4,720,2048,2315,75021,5996091,73579,21914264,0,22155226,12583,10109803,973084,9048233,235993,8,2048,0,2048,8,4,4
chunked_256_p4,721,2048,2454,73017,5791137,87754,21573884,0,21859320,10720,10187559,996148,9079041,253966,8,2048,0,2048,8,4,4
chunked_256_p4,722,2048,2425,77626,6509594,79469,23333445,0,23701484,12674,9894731,1058244,8755465,252613,8,2048,0,2048,8,4,4
chunked_256_p4,723,2048,2004,70973,6384620,96883,23058569,0,23301996,9758,11767040,960892,10716761,248296,8,2048,0,2048,8,4,4
chunked_256_p4,724,2048,2154,68629,6201366,94586,22278025,0,22693084,13726,10148175,995286,9063252,245490,8,2048,0,2048,8,4,4
chunked_256_p4,725,2048,1973,68689,6555039,104356,23411489,0,23739045,13175,10169014,970410,9102966,246472,8,2048,0,2048,8,4,4
chunked_256_p4,726,2048,2345,66845,6424344,83828,22833036,0,23129231,11932,10057846,979246,8990725,249598,8,2048,0,2048,8,4,4
chunked_256_p4,727,2048,2314,73979,6453880,86973,22653189,0,22996963,11060,10206975,982632,9133093,245410,8,2048,0,2048,8,4,4
chunked_256_p4,728,2048,2374,71504,5339490,99085,20236528,0,20519689,12614,10054791,972974,8970658,274554,8,2048,0,2048,8,4,4
chunked_256_p4,729,2048,1873,69490,6531866,88127,22614989,0,22947692,13275,10036315,1005986,8940722,238236,8,2048,0,2048,8,4,4
chunked_256_p4,730,2048,1813,70012,6253785,103834,23101270,0,23377037,11571,10296743,1021375,9192524,241733,8,2048,0,2048,8,4,4
chunked_256_p4,731,2048,2144,69711,6322323,98315,22946118,0,23267563,12173,10353450,952916,9309633,232907,8,2048,0,2048,8,4,4
chunked_256_p4,732,2048,2074,72556,6284352,79119,22934325,0,23205565,12573,10549387,980549,9482567,287779,8,2048,0,2048,8,4,4
chunked_256_p4,733,2048,2644,71204,6861464,77197,25514975,0,25805110,13165,10714297,965771,9640043,251201,8,2048,0,2048,8,4,4
chunked_256_p4,734,2048,2494,66816,6437259,91401,24233921,0,24502315,11461,11005452,1040681,9845968,269075,8,2048,0,2048,8,4,4
chunked_256_p4,735,2048,2755,67226,6549599,96180,23793058,0,24353188,10500,10910304,976350,9813238,247453,8,2048,0,2048,8,4,4
chunked_256_p4,736,2048,2946,70532,6424254,72875,24063334,0,24269419,11030,10910023,983163,9808990,238758,8,2048,0,2048,8,4,4
chunked_256_p4,737,2048,2144,71224,6420247,87987,24246757,0,24550598,14296,10862564,987331,9764957,250700,8,2048,0,2048,8,4,4
chunked_256_p4,738,2048,2585,69200,5956477,90740,22605942,0,22864645,9548,10703757,1006938,9614835,234520,8,2048,0,2048,8,4,4
chunked_256_p4,739,2048,2064,69390,6319948,88024,23583625,0,23852507,12564,10891780,1163952,9617891,261420,8,2048,0,2048,8,4,4
chunked_256_p4,740,2048,2815,70242,6033301,83949,21587884,0,21843591,11021,10927797,1176766,9643960,243958,8,2048,0,2048,8,4,4
chunked_256_p4,741,2048,2515,68168,6504514,80762,22792159,0,23102832,13235,10642793,975879,9546848,239118,8,2048,0,2048,8,4,4
chunked_256_p4,742,2048,2245,70923,6020687,91462,22094751,0,22404394,9689,10838540,976120,9756631,266570,8,2048,0,2048,8,4,4
chunked_256_p4,743,2048,2114,94367,5886085,89538,21478708,0,21794780,11021,10917047,969127,9842542,252864,8,2048,0,2048,8,4,4
chunked_256_p4,744,2048,2735,67587,6179194,93015,23290424,0,23548137,12524,10719988,1022768,9589488,253365,8,2048,0,2048,8,4,4
chunked_256_p4,745,2048,2134,68679,6325980,83576,23360405,0,23697316,9528,10390510,983634,9317969,249738,8,2048,0,2048,8,4,4
chunked_256_p4,746,2048,2485,68278,6413234,86262,23108162,0,23444333,11221,10587198,968385,9523404,251882,8,2048,0,2048,8,4,4
chunked_256_p4,747,2048,2265,67908,6391222,77214,23893332,0,24138262,12544,10586057,980478,9494500,242655,8,2048,0,2048,8,4,4
chunked_256_p4,748,2048,2274,69150,7300036,93455,25392404,0,25657792,14086,10639446,957865,9578638,265999,8,2048,0,2048,8,4,4
chunked_256_p4,749,2048,2345,65704,6530303,86742,23330199,0,23575849,13315,10691304,995928,9582835,239489,8,2048,0,2048,8,4,4
chunked_256_p4,750,2048,2365,66234,6190816,76655,22093579,0,22371692,9829,11224714,1338519,9766961,246883,8,2048,0,2048,8,4,4
chunked_256_p4,751,2048,2194,76783,6403625,89409,23136706,0,23474849,13104,10592999,983864,9512454,238197,8,2048,0,2048,8,4,4
chunked_256_p4,752,2048,2124,68419,8184574,79688,24513076,0,24744239,10710,10892251,967234,9817365,260929,8,2048,0,2048,8,4,4
chunked_256_p4,753,2048,2755,69189,5959903,79862,21980057,0,22201533,10660,10758600,985518,9677082,239409,8,2048,0,2048,8,4,4
chunked_256_p4,754,2048,2265,66756,6511989,88787,23609261,0,23920405,12754,11038043,965661,9952278,249227,8,2048,0,2048,8,4,4
chunked_256_p4,755,2048,2324,68017,6289521,99759,23472967,0,23729828,11281,10932736,971191,9856448,238477,8,2048,0,2048,8,4,4
chunked_256_p4,756,2048,2444,70362,6315279,98314,22584461,0,22834290,12724,11128884,1183078,9841521,248195,8,2048,0,2048,8,4,4
chunked_256_p4,757,2048,2174,68628,6172823,91692,23377085,0,23660848,10800,10588381,974387,9522943,244568,8,2048,0,2048,8,4,4
chunked_256_p4,758,2048,2224,68037,6744594,83895,24906643,0,25164385,10710,10568644,1018439,9466097,261240,8,2048,0,2048,8,4,4
chunked_256_p4,759,2048,2906,83927,7028567,94348,25483956,0,25870891,10219,10844381,1020794,9730863,272891,8,2048,0,2048,8,4,4
chunked_256_p4,760,2048,2154,103775,6186889,90891,22435021,0,22703925,11942,11128323,1023239,10005768,238747,8,2048,0,2048,8,4,4
chunked_256_p4,761,2048,2444,67456,5918105,94358,21804067,0,22053346,10459,11032082,975399,9943141,237255,8,2048,0,2048,8,4,4
chunked_256_p4,762,2048,2695,67697,6026518,80641,22006217,0,22220227,12123,10676716,984756,9575221,238036,8,2048,0,2048,8,4,4
chunked_256_p4,763,2048,2264,67185,6037158,99256,22954295,0,23244589,12032,11525417,1306188,10111115,233818,8,2048,0,2048,8,4,4
chunked_256_p4,764,2048,2445,68138,6511768,84488,22944806,0,23212086,8917,11749698,972403,10689681,246593,8,2048,0,2048,8,4,4
chunked_256_p4,765,2048,1874,68869,6732612,81844,24025694,0,24285991,9829,12184252,962595,11086194,255529,8,2048,0,2048,8,4,4
chunked_256_p4,766,2048,2444,67216,6122408,72027,22578339,0,22801518,13105,11036251,976561,9946347,241653,8,2048,0,2048,8,4,4
chunked_256_p4,767,2048,2334,67647,5879813,94806,21723877,0,22028227,10330,11121440,975840,10045633,239529,8,2048,0,2048,8,4,4
chunked_256_p4,768,2048,3016,67306,6237083,82626,23853381,0,24159304,14387,11091414,996529,9980080,249808,8,2048,0,2048,8,4,4
chunked_256_p4,769,2048,2304,118843,6216735,88107,22209597,0,22544398,11842,11090602,988554,10003364,244759,8,2048,0,2048,8,4,4
chunked_256_p4,770,2048,2585,67126,6324306,103184,23609982,0,23936757,12343,11563789,1012478,10426547,240480,8,2048,0,2048,8,4,4
chunked_256_p4,771,2048,3226,67958,6030827,83275,22348576,0,22633461,12623,10987208,1017568,9873771,239770,8,2048,0,2048,8,4,4
chunked_256_p4,772,2048,2575,68509,6135192,104305,22310424,0,22616340,14307,11038054,977623,9950315,243446,8,2048,0,2048,8,4,4
chunked_256_p4,773,2048,2104,66534,6699580,92012,23322875,0,23616053,13495,11559591,980078,10471201,249488,8,2048,0,2048,8,4,4
chunked_256_p4,774,2048,2835,66625,5977907,83137,22135177,0,22379958,10700,11310875,989044,10208989,318738,8,2048,0,2048,8,4,4
chunked_256_p4,775,2048,2635,67947,6230491,90238,22314843,0,22652679,13796,10600303,987742,9516982,236874,8,2048,0,2048,8,4,4
chunked_256_p4,776,2048,2064,67357,6147465,88355,22652647,0,22927544,11622,10627374,972654,9565172,243917,8,2048,0,2048,8,4,4
chunked_256_p4,777,2048,2354,66374,6051084,79698,21947744,0,22190870,9548,6735468,991860,5674438,250519,8,2048,0,2048,8,4,4
chunked_256_p4,778,2048,2675,66284,6459871,98203,23944209,0,24259659,12984,6799618,974587,5745631,266620,8,2048,0,2048,8,4,4
chunked_256_p4,779,2048,2344,69651,6617817,85130,24394123,0,24664751,11962,7069664,992190,5995791,259076,8,2048,0,2048,8,4,4
chunked_256_p4,780,2048,2504,66064,7055177,85281,25561340,0,25858930,12784,7217161,984296,6147465,252223,8,2048,0,2048,8,4,4
chunked_256_p4,781,2048,5440,67297,7786197,100990,28894019,0,29227205,10300,7204237,973535,6152454,241703,8,2048,0,2048,8,4,4
chunked_256_p4,782,2048,2765,70372,7332306,76855,25682372,0,25989695,10550,7519357,992431,6437980,243927,8,2048,0,2048,8,4,4
chunked_256_p4,783,2048,2124,72927,7505291,94657,26265332,0,26559352,12413,7799222,978705,6727131,268774,8,2048,0,2048,8,4,4
chunked_256_p4,784,2048,2294,121718,7225667,91743,26856049,0,27263081,10810,7810142,984746,6739204,248626,8,2048,0,2048,8,4,4
chunked_256_p4,785,2048,2495,71474,7827746,94808,27891982,0,28139215,12593,7946127,987682,6870911,268323,8,2048,0,2048,8,4,4
chunked_256_p4,786,2048,3156,112210,7557178,90671,26651776,0,26947751,10219,8283199,1028197,7152229,339086,8,2048,0,2048,8,4,4
chunked_256_p4,787,2048,2956,111730,7052993,90321,25928601,0,26226911,11111,8454981,1125851,7255442,241303,8,2048,0,2048,8,4,4
chunked_256_p4,788,2048,2134,66455,7265020,101049,25516857,0,25794028,13185,8195494,1002840,7092166,275697,8,2048,0,2048,8,4,4
chunked_256_p4,789,2048,2525,98144,7596421,84178,28674369,0,28979400,11662,8511848,995366,7398901,267632,8,2048,0,2048,8,4,4
chunked_256_p4,790,2048,3777,117540,7383473,86712,27534941,0,27809055,9157,8272348,1000135,7186713,270036,8,2048,0,2048,8,4,4
chunked_256_p4,791,2048,2094,70362,7465205,90160,27168914,0,27420838,12764,8450552,974427,7386668,268483,8,2048,0,2048,8,4,4
chunked_256_p4,792,2048,2825,112200,7565664,92874,27424603,0,27738343,11431,9061508,1018239,7934114,313368,8,2048,0,2048,8,4,4
chunked_256_p4,793,2048,3216,73768,7528655,97872,28135237,0,28395995,11692,78566352,1024601,77417559,195686,8,2048,0,2048,8,4,4
chunked_256_p4,794,2048,2134,69089,11438143,84810,40144541,0,40496102,12553,9202893,1218965,7864574,237866,8,2048,0,2048,8,4,4
chunked_256_p4,795,2048,2845,72445,9165814,96611,33599912,0,33915454,13676,9273335,980188,8127877,261780,8,2048,0,2048,8,4,4
chunked_256_p4,796,2048,2685,66224,8988331,92294,33158554,0,33420848,11661,9002667,1006156,7868782,260538,8,2048,0,2048,8,4,4
chunked_256_p4,797,2048,2535,69831,8479877,98796,31130853,0,31415505,13115,8607377,1086837,7418599,255419,8,2048,0,2048,8,4,4
chunked_256_p4,798,2048,2254,83156,9195880,74370,33134599,0,33462597,12564,9125879,1473843,7567217,279644,8,2048,0,2048,8,4,4
chunked_256_p4,799,2048,3817,68879,8743782,117941,33142493,0,33434351,14026,9302299,990968,8177451,243957,8,2048,0,2048,8,4,4
chunked_256_p4,800,2048,2505,68268,8504364,87065,31617163,0,31866845,12654,9137641,973876,8036687,253545,8,2048,0,2048,8,4,4
chunked_256_p4,801,2048,2014,67035,8689200,92864,31307732,0,31568504,11251,9146107,1022597,8006551,264365,8,2048,0,2048,8,4,4
chunked_256_p4,802,2048,2013,66294,11018497,95038,34010982,0,34291318,13425,9169690,1050559,8002844,242735,8,2048,0,2048,8,4,4
chunked_256_p4,803,2048,2805,67927,8731860,101138,31993290,0,32244882,12624,9157518,1000044,7984168,347181,8,2048,0,2048,8,4,4
chunked_256_p4,804,2048,5690,66996,8811068,113041,30944793,0,31228355,18504,10379829,1008901,9227860,236073,8,2048,0,2048,8,4,4
chunked_256_p4,805,2048,2224,65283,7695187,76654,29033489,0,29385490,14357,9621608,1008400,8489145,256080,8,2048,0,2048,8,4,4
chunked_256_p4,806,2048,2665,69069,8852626,75110,32173508,0,32442941,13525,9504548,1026825,8365894,247724,8,2048,0,2048,8,4,4
chunked_256_p4,807,2048,2174,71404,8564336,87726,32285636,0,32582815,14718,8769461,976390,7708802,301806,8,2048,0,2048,8,4,4
chunked_256_p4,808,2048,2645,68248,8530753,91730,31497790,0,31801870,11031,8877723,971100,7790675,285766,8,2048,0,2048,8,4,4
chunked_256_p4,809,2048,4598,71734,8673771,87154,32546274,0,32806185,11591,9522542,975148,8419775,246342,8,2048,0,2048,8,4,4
chunked_256_p4,810,2048,2745,65773,8174345,90200,29817129,0,30167015,10430,9127672,1009593,7999226,259356,8,2048,0,2048,8,4,4
chunked_256_p4,811,2048,2214,68047,9118104,87253,31779301,0,32073971,18144,9388842,993482,8294420,241994,8,2048,0,2048,8,4,4
chunked_256_p4,812,2048,2204,67186,8607486,89367,32819398,0,33098251,11472,9030459,981410,7976244,280656,8,2048,0,2048,8,4,4
chunked_256_p4,813,2048,2354,66054,8085058,94697,30560343,0,30815962,16861,9334881,997651,8233596,263403,8,2048,0,2048,8,4,4
chunked_256_p4,814,2048,3777,71394,8616444,100087,31036998,0,31313326,10960,9909908,978684,8805599,249107,8,2048,0,2048,8,4,4
chunked_256_p4,815,2048,2414,68789,8271888,94957,31396690,0,31646509,9678,9738738,1144956,8457185,292488,8,2048,0,2048,8,4,4
chunked_256_p4,816,2048,2365,69040,7833867,99126,29468516,0,29898564,17823,9488288,1065127,8299209,240401,8,2048,0,2048,8,4,4
chunked_256_p4,817,2048,2525,67096,8564977,95067,31666276,0,31994302,10320,9225505,982331,8171590,290224,8,2048,0,2048,8,4,4
chunked_256_p4,818,2048,2124,66815,9213914,85081,33280525,0,33537407,15208,9606259,987331,8502410,260378,8,2048,0,2048,8,4,4
chunked_256_p4,819,2048,2374,67296,8568413,87604,32459153,0,32771005,10129,9932171,991228,8832939,239248,8,2048,0,2048,8,4,4
chunked_256_p4,820,2048,2545,68799,8593120,99508,32203422,0,32541389,18034,9716626,1000726,8591887,240140,8,2048,0,2048,8,4,4
chunked_256_p4,821,2048,2164,69450,9111512,84720,33138177,0,33473636,11321,9412887,975318,8331780,258003,8,2048,0,2048,8,4,4
chunked_256_p4,822,2048,2134,68949,8971239,93476,32843725,0,33154524,10459,9305586,977072,8237413,260488,8,2048,0,2048,8,4,4
chunked_256_p4,823,2048,2414,73518,8517989,95489,32196851,0,32480282,9508,9593626,966983,8487702,254036,8,2048,0,2048,8,4,4
chunked_256_p4,824,2048,2204,68689,10601515,836127,35195681,0,36331644,11552,9942089,995587,8814876,258675,8,2048,0,2048,8,4,4
chunked_256_p4,825,2048,2234,71404,8824514,92131,32276130,0,32556495,12543,9204085,1002790,8107770,256271,8,2048,0,2048,8,4,4
chunked_256_p4,826,2048,2385,69400,9347013,106658,34035919,0,34336080,13476,9299364,984596,8226573,252202,8,2048,0,2048,8,4,4
chunked_256_p4,827,2048,3116,82103,8912640,111351,32247657,0,32631588,12223,10158695,967073,9060826,242244,8,2048,0,2048,8,4,4
chunked_256_p4,828,2048,2104,69891,8155760,93737,30883798,0,31138016,11491,10142795,986790,9027996,247975,8,2048,0,2048,8,4,4
chunked_256_p4,829,2048,2756,69199,8924691,110238,32625125,0,32947830,14117,9739700,1040802,8593771,238708,8,2048,0,2048,8,4,4
chunked_256_p4,830,2048,2124,67827,8690933,94065,32650374,0,32999616,13856,9590981,975960,8518019,274425,8,2048,0,2048,8,4,4
chunked_256_p4,831,2048,2836,66194,9815812,101450,35248872,0,35528956,13746,10101227,970019,9004772,242524,8,2048,0,2048,8,4,4
chunked_256_p4,832,2048,2294,69250,8560409,88374,32793349,0,33068493,9748,10310880,972042,9214685,248976,8,2048,0,2048,8,4,4
chunked_256_p4,833,2048,2635,66495,8634768,79990,32060093,0,32415953,12243,10335467,1070927,9119357,292709,8,2048,0,2048,8,4,4
chunked_256_p4,834,2048,2134,109416,8663602,96708,32622680,0,32883066,14968,10011258,968986,8924942,262041,8,2048,0,2048,8,4,4
chunked_256_p4,835,2048,2665,66876,8230791,93515,31386051,0,31672388,24125,10341037,980929,9215907,252935,8,2048,0,2048,8,4,4
chunked_256_p4,836,2048,2395,68428,8645439,102831,33100036,0,33400769,10680,10237212,1026464,9081776,254588,8,2048,0,2048,8,4,4
chunked_256_p4,837,2048,2625,66675,8717764,90136,33272528,0,33666685,12143,9877228,952867,8808443,247864,8,2048,0,2048,8,4,4
chunked_256_p4,838,2048,2615,68920,9264319,102603,33716391,0,34024656,12633,10260766,1022697,9110621,266951,8,2048,0,2048,8,4,4
chunked_256_p4,839,2048,2444,66876,8469128,104898,32361622,0,32649008,12904,10012812,980057,8918891,238988,8,2048,0,2048,8,4,4
chunked_256_p4,840,2048,2444,66535,9640684,101900,34788339,0,35097009,13566,9910781,975799,8846144,270567,8,2048,0,2048,8,4,4
chunked_256_p4,841,2048,2855,68339,8996066,95739,34152699,0,34411311,9898,10097660,1056150,8918630,230021,8,2048,0,2048,8,4,4
chunked_256_p4,842,2048,2504,73739,8371024,93757,31887414,0,32189900,9228,10132125,967875,9056959,247034,8,2048,0,2048,8,4,4
chunked_256_p4,843,2048,2354,89588,9324481,106370,33784346,0,34161646,9869,13820841,1004042,12707403,241443,8,2048,0,2048,8,4,4
chunked_256_p4,844,2048,2575,74490,8489115,84119,31841726,0,32106664,15960,9919136,977183,8831657,247364,8,2048,0,2048,8,4,4
chunked_256_p4,845,2048,1893,65723,8395369,80039,31075270,0,31329285,10109,9815492,977763,8751096,251882,8,2048,0,2048,8,4,4
chunked_256_p4,846,2048,2374,66324,8558555,99206,32269058,0,32530538,10690,9741393,966623,8692466,254266,8,2048,0,2048,8,4,4
chunked_256_p4,847,2048,2134,67968,7779996,83196,29872553,0,30163500,10850,10710409,979457,9609826,238197,8,2048,0,2048,8,4,4
chunked_256_p4,848,2048,2525,68027,8362006,99515,31239577,0,31635637,12183,10157563,1006007,9052060,189045,8,2048,0,2048,8,4,4
chunked_256_p4,849,2048,1743,67016,8627244,92584,32310533,0,32588636,13495,9989738,995246,8908451,218330,8,2048,0,2048,8,4,4
chunked_256_p4,850,2048,1804,67036,9824007,88955,33021066,0,33280491,12614,9936839,939020,8873295,242825,8,2048,0,2048,8,4,4
chunked_256_p4,851,2048,2134,66675,8186317,112650,30912313,0,31300949,14548,9823357,1027927,8695021,219892,8,2048,0,2048,8,4,4
chunked_256_p4,852,2048,2224,67466,8242613,94918,31626672,0,31927265,12664,10669563,998683,9571584,243076,8,2048,0,2048,8,4,4
chunked_256_p4,853,2048,2544,68969,9078850,99908,33404716,0,33681806,10640,9884240,964949,8818403,237185,8,2048,0,2048,8,4,4
chunked_256_p4,854,2048,2665,69380,11863421,97262,32164721,0,35791761,9398,10144569,965600,9054836,234690,8,2048,0,2048,8,4,4
chunked_256_p4,855,2048,2805,68319,8305611,100417,31583751,0,31857352,16421,9964622,1025883,8823391,210605,8,2048,0,2048,8,4,4
chunked_256_p4,856,2048,2094,81663,9310475,95509,34094498,0,34363926,22502,10333382,990226,9232168,239840,8,2048,0,2048,8,4,4
chunked_256_p4,857,2048,2334,67997,8706713,92324,33236470,0,33793906,12633,10517858,1003040,9378863,261420,8,2048,0,2048,8,4,4
chunked_256_p4,858,2048,2235,67757,8303347,90330,30192743,0,30690157,12965,11170282,995737,10029353,303469,8,2048,0,2048,8,4,4
chunked_256_p4,859,2048,3877,111589,10649265,172413,40221354,0,40826428,13125,11515900,1030121,10346547,254918,8,2048,0,2048,8,4,4
chunked_256_p4,860,2048,2565,69661,8835174,111266,33854552,0,34151937,13385,10287096,973305,9184949,245430,8,2048,0,2048,8,4,4
chunked_256_p4,861,2048,2195,69871,9061878,82475,33558073,0,33820866,10650,11650753,990868,10532877,254477,8,2048,0,2048,8,4,4
chunked_256_p4,862,2048,2225,68017,8426969,91040,31557842,0,31822428,11702,10277448,992972,9204155,227527,8,2048,0,2048,8,4,4
chunked_256_p4,863,2048,1973,67877,8387514,91581,32091936,0,32331293,13545,10263832,1004583,9152169,227937,8,2048,0,2048,8,4,4
chunked_256_p4,864,2048,1914,70933,8824364,87174,33410577,0,33643455,11792,10522086,988293,9437313,238948,8,2048,0,2048,8,4,4
chunked_256_p4,865,2048,3396,205005,9641165,99636,35047044,0,35293536,9107,10391602,942687,9341714,274645,8,2048,0,2048,8,4,4
chunked_256_p4,866,2048,2174,70282,8953535,94006,33310158,0,33597677,12764,11091494,1051081,9928113,249147,8,2048,0,2048,8,4,4
chunked_256_p4,867,2048,2645,68739,8600123,90359,32508375,0,32812746,20028,10707304,1024020,9559522,259917,8,2048,0,2048,8,4,4
chunked_256_p4,868,2048,2354,73548,10041365,96170,33832790,0,34106352,12664,10467955,972423,9407987,234089,8,2048,0,2048,8,4,4
chunked_256_p4,869,2048,3827,77245,9440719,100708,34536298,0,34992882,10570,10800018,1000035,9693223,246783,8,2048,0,2048,8,4,4
chunked_256_p4,870,2048,2595,74320,9011194,97864,33315078,0,33660424,10019,11019740,971341,9931770,276849,8,2048,0,2048,8,4,4
chunked_256_p4,871,2048,2154,69350,8386082,98444,31850001,0,32145344,14287,10516035,1012819,9391707,242926,8,2048,0,2048,8,4,4
chunked_256_p4,872,2048,2325,69149,8496188,102793,32247788,0,32778240,10149,10532957,995517,9455637,238327,8,2048,0,2048,8,4,4
chunked_256_p4,873,2048,1923,89769,8826157,98805,33397561,0,33693899,11161,10517978,954108,9473460,265839,8,2048,0,2048,8,4,4
chunked_256_p4,874,2048,2385,67446,8362998,95431,31093844,0,31464349,9418,10591226,999353,9498116,258775,8,2048,0,2048,8,4,4
chunked_256_p4,875,2048,2285,69601,10140501,101481,32780297,0,33172301,13425,10534530,1048366,9390244,244138,8,2048,0,2048,8,4,4
chunked_256_p4,876,2048,2945,74640,8696374,81923,32279687,0,32550344,8416,10824112,975969,9736624,253055,8,2048,0,2048,8,4,4
chunked_256_p4,877,2048,2164,100108,8573834,86983,31548055,0,31808784,9698,10605142,1006908,9497946,245160,8,2048,0,2048,8,4,4
chunked_256_p4,878,2048,2706,64752,8361837,87955,31504003,0,31871522,11251,10651589,964418,9601821,247775,8,2048,0,2048,8,4,4
chunked_256_p4,879,2048,2625,67006,8154227,96902,31364170,0,31624548,10660,10709007,993342,9614795,243627,8,2048,0,2048,8,4,4
chunked_256_p4,880,2048,2766,67777,9572807,90559,33318995,0,33598128,13486,11820631,1029820,10684872,254958,8,2048,0,2048,8,4,4
chunked_256_p4,881,2048,3336,74800,8658653,101881,32365619,0,32681839,14196,10793244,997280,9691319,263023,8,2048,0,2048,8,4,4
chunked_256_p4,882,2048,2204,124403,9442543,96172,34021413,0,34296649,10630,10377625,977803,9297280,254336,8,2048,0,2048,8,4,4
chunked_256_p4,883,2048,2185,116468,8630400,88273,31765965,0,32005670,10640,10421758,987170,9323149,233308,8,2048,0,2048,8,4,4
chunked_256_p4,884,2048,2364,67186,9196311,99166,34457851,0,34762971,10850,11004290,977522,9908045,277681,8,2048,0,2048,8,4,4
chunked_256_p4,885,2048,2205,67647,9135437,109765,34553881,0,34838422,14417,10560288,985117,9443103,234540,8,2048,0,2048,8,4,4
chunked_256_p4,886,2048,2084,74340,8003805,85269,30102874,0,30385456,12925,10483964,980769,9393440,237134,8,2048,0,2048,8,4,4
chunked_256_p4,887,2048,2745,72275,8290512,93394,31166300,0,31491660,10540,10493633,1034269,9364055,247214,8,2048,0,2048,8,4,4
chunked_256_p4,888,2048,3978,72506,7949974,96049,30563378,0,30947860,11481,10621953,991929,9537210,244819,8,2048,0,2048,8,4,4
chunked_256_p4,889,2048,1983,67346,8031597,102303,30560744,0,30956445,16481,20187176,971932,19091001,239910,8,2048,0,2048,8,4,4
chunked_256_p4,890,2048,3096,84078,8075389,105778,30458801,0,30744189,12914,10902559,995716,9811895,244669,8,2048,0,2048,8,4,4
chunked_256_p4,891,2048,3536,80241,7751052,107082,29761215,0,30074634,10980,10601565,960761,9535146,236033,8,2048,0,2048,8,4,4
chunked_256_p4,892,2048,2415,70091,8281726,99005,30372401,0,30706476,13144,10817250,974848,9731003,240010,8,2048,0,2048,8,4,4
chunked_256_p4,893,2048,2575,98114,8436587,100397,31492929,0,31823090,13355,10968403,1010554,9847392,235602,8,2048,0,2048,8,4,4
chunked_256_p4,894,2048,2685,68738,8996907,88835,33458295,0,33719806,11822,10681585,993873,9582575,247454,8,2048,0,2048,8,4,4
chunked_256_p4,895,2048,2555,70131,9548070,81472,33826278,0,34123983,12103,10687145,969978,9607873,247094,8,2048,0,2048,8,4,4
chunked_256_p4,896,2048,1933,65863,8307224,80903,31696433,0,31911568,15229,10758930,1002389,9661102,238557,8,2048,0,2048,8,4,4
chunked_256_p4,897,2048,2465,75401,8300200,83155,31357637,0,31645046,13295,10688438,995045,9600980,253906,8,2048,0,2048,8,4,4
chunked_256_p4,898,2048,2154,68960,8598881,78086,32480592,0,32731274,10921,11246996,996068,10129259,246602,8,2048,0,2048,8,4,4
chunked_256_p4,899,2048,2094,68409,7873351,89076,30131100,0,30436540,13836,10684280,998031,9580441,248786,8,2048,0,2048,8,4,4
chunked_256_p4,900,2048,2234,67537,8152323,93725,30971525,0,31335074,12112,10820616,981300,9736574,238016,8,2048,0,2048,8,4,4
chunked_256_p4,901,2048,2685,74891,8003685,106640,30141927,0,30596279,12844,10937626,1081588,9761541,236633,8,2048,0,2048,8,4,4
chunked_256_p4,902,2048,2484,71825,7525869,92604,28796915,0,29225318,11661,10992798,994955,9897596,236192,8,2048,0,2048,8,4,4
chunked_256_p4,903,2048,2885,73608,8586227,94820,30757264,0,31179405,12543,11363303,1039569,10213007,239128,8,2048,0,2048,8,4,4
chunked_256_p4,904,2048,2956,71133,8484025,87514,31092300,0,31415046,10971,10902981,968546,9839998,243286,8,2048,0,2048,8,4,4
chunked_256_p4,905,2048,2544,67346,7897836,88405,29895938,0,30389131,13185,11204105,970540,10123990,311464,8,2048,0,2048,8,4,4
chunked_256_p4,906,2048,2916,70892,8431016,80480,30746139,0,31010417,12884,11174800,971722,10100256,239138,8,2048,0,2048,8,4,4
chunked_256_p4,907,2048,2434,90009,8440754,89198,30827134,0,31087110,13214,11394011,1045079,10231642,247714,8,2048,0,2048,8,4,4
chunked_256_p4,908,2048,2144,69791,11404110,99115,38290384,0,38602049,16110,11089069,1022637,9945195,237996,8,2048,0,2048,8,4,4
chunked_256_p4,909,2048,2365,79699,8775732,99064,32347935,0,32641884,12764,11203013,976320,10121405,259477,8,2048,0,2048,8,4,4
chunked_256_p4,910,2048,1994,79920,8236832,93215,31579484,0,31896807,11462,11024408,973455,9948551,244679,8,2048,0,2048,8,4,4
chunked_256_p4,911,2048,2334,71203,8766425,89288,32417284,0,32673324,13264,10788886,977262,9688313,271670,8,2048,0,2048,8,4,4
chunked_256_p4,912,2048,2234,69190,8162863,103956,30711367,0,31063226,12032,11480833,1026925,10354231,243115,8,2048,0,2048,8,4,4
chunked_256_p4,913,2048,2384,69861,8651649,96341,32099669,0,32353835,9889,10660987,969227,9579119,235762,8,2048,0,2048,8,4,4
chunked_256_p4,914,2048,2204,74409,9232098,92944,33456203,0,33776712,9518,11393930,972604,10293698,234339,8,2048,0,2048,8,4,4
chunked_256_p4,915,2048,2224,68599,8203439,96762,30791967,0,31041875,13917,11190290,954770,10114652,178204,8,2048,0,2048,8,4,4
chunked_256_p4,916,2048,2365,65924,8108000,105968,29913371,0,30440648,13947,11021804,1004613,9912023,93615,8,2048,0,2048,8,4,4
chunked_256_p4,917,2048,2004,65673,8719787,110747,32084291,0,32557598,12314,7746624,1091486,6559558,251852,8,2048,0,2048,8,4,4
chunked_256_p4,918,2048,2354,71865,9831321,104817,36623510,0,36988966,12774,6800229,977753,5737296,276649,8,2048,0,2048,8,4,4
chunked_256_p4,919,2048,2545,68809,9673736,111461,36062138,0,36346742,14277,7366770,1027526,6257391,206167,8,2048,0,2048,8,4,4
chunked_256_p4,920,2048,1573,68588,10375431,88484,36933071,0,37179761,10400,7392118,1073562,6222326,257072,8,2048,0,2048,8,4,4
chunked_256_p4,921,2048,2224,69009,9840689,103183,37053688,0,37356845,13154,7190891,945703,6145682,183634,8,2048,0,2048,8,4,4
chunked_256_p4,922,2048,2485,67557,10369130,99497,38045315,0,38326393,14627,7749589,1076057,6585326,244057,8,2048,0,2048,8,4,4
chunked_256_p4,923,2048,2345,66625,9409591,106359,35499583,0,35786129,10610,7662656,938690,6646431,264906,8,2048,0,2048,8,4,4
chunked_256_p4,924,2048,2194,67517,9727046,97264,36442962,0,36716955,9688,8002903,994405,6924141,271790,8,2048,0,2048,8,4,4
chunked_256_p4,925,2048,2224,66094,9595970,103686,35975646,0,36309061,11612,7782290,1005525,6676898,321593,8,2048,0,2048,8,4,4
chunked_256_p4,926,2048,2885,70182,8910746,85250,33050554,0,33369720,12674,7740081,1014713,6634448,250680,8,2048,0,2048,8,4,4
chunked_256_p4,927,2048,2274,68508,8835654,84838,34245513,0,34475122,13044,7999697,979196,6904514,231023,8,2048,0,2048,8,4,4
chunked_256_p4,928,2048,2224,71644,9168178,101900,34700274,0,35045121,8616,7995359,962214,6958185,241693,8,2048,0,2048,8,4,4
chunked_256_p4,929,2048,2184,68859,10014946,81353,36487373,0,36742624,8927,8228366,969658,7166395,262442,8,2048,0,2048,8,4,4
chunked_256_p4,930,2048,2295,95008,9352374,90139,35084927,0,35452264,14057,35337479,975889,34262855,238918,8,2048,0,2048,8,4,4
chunked_256_p4,931,2048,2304,67827,13057820,106759,45344368,0,45777530,13686,8372297,1126582,7145767,249808,8,2048,0,2048,8,4,4
chunked_256_p4,932,2048,2184,70181,10270074,100827,39655644,0,40034505,15098,8426397,978214,7352985,246152,8,2048,0,2048,8,4,4
chunked_256_p4,933,2048,3026,91472,10750114,92814,41662648,0,42043582,14037,8359382,973004,7292832,251862,8,2048,0,2048,8,4,4
chunked_256_p4,934,2048,3226,94106,11611939,108462,43046853,0,43470625,14057,8999893,974056,7900952,235852,8,2048,0,2048,8,4,4
chunked_256_p4,935,2048,9789,66294,9810702,87703,37801637,0,38058829,12042,9016884,1008951,7792810,361538,8,2048,0,2048,8,4,4
chunked_256_p4,936,2048,4588,67296,11808318,289683,44824095,0,45318711,10590,8349924,968786,7305747,243597,8,2048,0,2048,8,4,4
chunked_256_p4,937,2048,2024,65553,11418326,95817,42219260,0,42481472,13105,8879056,980759,7768534,279854,8,2048,0,2048,8,4,4
chunked_256_p4,938,2048,2645,67195,9963870,99308,37812819,0,38193566,21701,9068762,956954,7950045,237125,8,2048,0,2048,8,4,4
chunked_256_p4,939,2048,2284,71595,11479021,98436,42974336,0,43276775,12223,8872403,994936,7780526,235512,8,2048,0,2048,8,4,4
chunked_256_p4,940,2048,2655,68388,11025620,92213,41920408,0,42339155,11602,8818633,1032797,7681200,248566,8,2048,0,2048,8,4,4
chunked_256_p4,941,2048,3246,73808,11261362,96831,42013465,0,42252504,11772,9089210,1016806,7941629,252894,8,2048,0,2048,8,4,4
chunked_256_p4,942,2048,1994,71504,12696623,85402,46046867,0,46346740,11702,8730317,960641,7668036,236333,8,2048,0,2048,8,4,4
chunked_256_p4,943,2048,2154,68127,11373392,108132,42628939,0,43019401,15299,9093719,999735,7961866,235501,8,2048,0,2048,8,4,4
chunked_256_p4,944,2048,2574,69069,9880664,75679,38072606,0,38336802,13265,9680248,987081,8569205,256801,8,2048,0,2048,8,4,4
chunked_256_p4,945,2048,2484,76023,12349943,98946,44575880,0,44920033,11632,9049927,984896,7979490,238076,8,2048,0,2048,8,4,4
chunked_256_p4,946,2048,2825,68658,11984608,89767,43612132,0,43969943,15509,9829638,1006417,8673310,245210,8,2048,0,2048,8,4,4
chunked_256_p4,947,2048,2284,91672,12967661,93197,44321742,0,44625070,11362,9247818,1065077,8080790,237225,8,2048,0,2048,8,4,4
chunked_256_p4,948,2048,2074,68909,10828250,77045,41369968,0,41683737,13606,9232118,981189,8133609,307517,8,2048,0,2048,8,4,4
chunked_256_p4,949,2048,3186,75141,11727486,87344,43546921,0,43847985,13135,9100682,1081207,7896584,246352,8,2048,0,2048,8,4,4
chunked_256_p4,950,2048,2154,70983,10847597,106840,41505131,0,41809363,11812,9193425,981841,8120624,295084,8,2048,0,2048,8,4,4
chunked_256_p4,951,2048,2455,75862,11960383,94054,43960235,0,44345525,11812,9723709,996428,8589232,236083,8,2048,0,2048,8,4,4
chunked_256_p4,952,2048,2615,72145,11229131,89838,42386904,0,42708238,14527,9262124,1041562,8081781,253195,8,2048,0,2048,8,4,4
chunked_256_p4,953,2048,2194,69841,11306607,91140,43351564,0,43871539,11231,10212375,994294,9108286,286297,8,2048,0,2048,8,4,4
chunked_256_p4,954,2048,4178,96942,12332149,102983,42135645,0,42454984,12844,9190590,1006126,8067765,249878,8,2048,0,2048,8,4,4
chunked_256_p4,955,2048,2264,81051,10737160,85459,40852516,0,41193848,12744,9504569,991489,8389137,242685,8,2048,0,2048,8,4,4
chunked_256_p4,956,2048,2134,70011,11146226,89768,42327415,0,42759735,14638,9803079,1000656,8677969,256611,8,2048,0,2048,8,4,4
chunked_256_p4,957,2048,3547,80681,10723974,75904,40816861,0,41148925,10269,10041154,1017528,8890677,244769,8,2048,0,2048,8,4,4
chunked_256_p4,958,2048,2284,74730,12036395,92913,44254475,0,44572042,10881,9541088,977833,8470059,257492,8,2048,0,2048,8,4,4
chunked_256_p4,959,2048,2885,89107,10892311,90279,41532225,0,41858294,10319,9927772,984335,8808513,250530,8,2048,0,2048,8,4,4
chunked_256_p4,960,2048,2424,75321,10531294,93265,40361719,0,40638729,11392,10000509,1046111,8825175,244889,8,2048,0,2048,8,4,4
chunked_256_p4,961,2048,2335,71094,11301498,104427,43256784,0,43574172,11051,19138149,992411,18016196,249608,8,2048,0,2048,8,4,4
chunked_256_p4,962,2048,3065,73848,12494744,95509,47457371,0,47798632,10149,10624078,1025412,9469412,237255,8,2048,0,2048,8,4,4
chunked_256_p4,963,2048,2815,67477,11677693,86824,43125419,0,43396377,14237,10037458,1049166,8831777,236974,8,2048,0,2048,8,4,4
chunked_256_p4,964,2048,2735,68368,11427734,98263,43323500,0,43648310,12604,9548191,989035,8473155,259156,8,2048,0,2048,8,4,4
chunked_256_p4,965,2048,2996,71775,11491264,108293,41527524,0,41895723,11311,10131824,991729,9016955,248285,8,2048,0,2048,8,4,4
chunked_256_p4,966,2048,2054,68749,12035003,91612,42803716,0,43111432,14607,9828586,976040,8749643,238938,8,2048,0,2048,8,4,4
chunked_256_p4,967,2048,2275,83586,10796029,85670,40937406,0,41286361,12684,9680309,969397,8584254,248917,8,2048,0,2048,8,4,4
chunked_256_p4,968,2048,2154,69750,11346242,79891,41946890,0,42390482,11702,9801265,1045760,8611093,266831,8,2048,0,2048,8,4,4
chunked_256_p4,969,2048,2765,68548,11744238,105707,43705496,0,43998024,16000,9892817,1158081,8599302,257823,8,2048,0,2048,8,4,4
chunked_256_p4,970,2048,12804,69760,11619354,119082,43851217,0,44134784,10149,10240068,970409,9131379,250349,8,2048,0,2048,8,4,4
chunked_256_p4,971,2048,2645,68458,10455772,108975,40429433,0,40757919,11972,9721325,1067260,8559236,235492,8,2048,0,2048,8,4,4
chunked_256_p4,972,2048,2415,72055,10097360,95290,38550250,0,38839544,9007,9617300,987682,8534300,258525,8,2048,0,2048,8,4,4
chunked_256_p4,973,2048,3206,75832,10400709,98364,39390927,0,39691983,11652,9617761,1002810,8526925,244629,8,2048,0,2048,8,4,4
chunked_256_p4,974,2048,2144,69801,11259629,104225,41537960,0,41874885,14187,9602041,1013621,8486850,250419,8,2048,0,2048,8,4,4
chunked_256_p4,975,2048,2164,68629,11054795,123221,41594819,0,41966928,12794,9860687,1018610,8735417,289102,8,2048,0,2048,8,4,4
chunked_256_p4,976,2048,2064,67837,11651133,100789,41379184,0,41652489,15679,9659629,1007468,8541784,237575,8,2048,0,2048,8,4,4
chunked_256_p4,977,2048,2395,67827,11336733,86883,41189170,0,41466800,9888,9321235,965179,8266348,251892,8,2048,0,2048,8,4,4
chunked_256_p4,978,2048,1953,68298,10419795,100439,40266600,0,40553887,10630,9749247,964208,8703687,281538,8,2048,0,2048,8,4,4
chunked_256_p4,979,2048,2825,68729,11568568,83536,41666956,0,42007652,10319,10193781,1001547,9110710,239218,8,2048,0,2048,8,4,4
chunked_256_p4,980,2048,2063,70352,10850422,100990,40411370,0,40721764,11141,9879141,973826,8813143,248486,8,2048,0,2048,8,4,4
chunked_256_p4,981,2048,2354,66345,10820686,101328,41120060,0,41493199,31509,9905860,1032686,8735927,248215,8,2048,0,2048,8,4,4
chunked_256_p4,982,2048,2094,67727,10796951,95940,41069815,0,41416304,12142,9999807,999303,8902359,239509,8,2048,0,2048,8,4,4
chunked_256_p4,983,2048,2084,69691,9719291,82595,37338700,0,37690420,10259,9843143,1022647,8736810,276959,8,2048,0,2048,8,4,4
chunked_256_p4,984,2048,2876,72015,10511346,83758,39349129,0,39621670,13375,9983747,982713,8900105,241523,8,2048,0,2048,8,4,4
chunked_256_p4,985,2048,3086,73007,10676475,97462,38715161,0,39279840,17493,9967708,986079,8875469,183233,8,2048,0,2048,8,4,4
chunked_256_p4,986,2048,3186,215995,10463857,80791,38401934,0,38654068,10990,9938051,979937,8869368,218039,8,2048,0,2048,8,4,4
chunked_256_p4,987,2048,2295,77375,11573929,109283,42220773,0,42527848,12032,10403504,984736,9320694,215113,8,2048,0,2048,8,4,4
chunked_256_p4,988,2048,2094,68398,10678570,107921,40977223,0,41296310,16912,12676986,1209698,11320403,242675,8,2048,0,2048,8,4,4
chunked_256_p4,989,2048,2404,69129,10937565,97733,41754791,0,42064752,17473,10506808,1004773,9406364,239849,8,2048,0,2048,8,4,4
chunked_256_p4,990,2048,2144,68118,10814956,96612,40610365,0,40924103,11992,10310149,976360,9244963,196208,8,2048,0,2048,8,4,4
chunked_256_p4,991,2048,2214,69510,10938687,99788,40328166,0,40667793,11622,9949643,1005996,8840854,244719,8,2048,0,2048,8,4,4
chunked_256_p4,992,2048,2274,143329,11191602,92845,41913047,0,42165229,15760,10676436,984426,9560063,295815,8,2048,0,2048,8,4,4
chunked_256_p4,993,2048,2214,68498,10617635,100437,40524955,0,40797744,8666,10091709,971011,9028807,234530,8,2048,0,2048,8,4,4
chunked_256_p4,994,2048,2334,68398,11010162,89267,41204076,0,41499221,16611,10133007,978254,9048784,238557,8,2048,0,2048,8,4,4
chunked_256_p4,995,2048,2314,67667,13049765,94727,48001161,0,48299960,10510,10275765,974046,9199877,244819,8,2048,0,2048,8,4,4
chunked_256_p4,996,2048,2224,65283,10147965,93885,39144244,0,39496858,16391,10252782,975589,9172647,276869,8,2048,0,2048,8,4,4
chunked_256_p4,997,2048,3376,73097,11721214,93173,43185634,0,43486485,13906,10328013,1007719,9227630,249968,8,2048,0,2048,8,4,4
chunked_256_p4,998,2048,2524,65453,11054725,87844,41951620,0,42225442,11692,10407261,1158532,9146778,273492,8,2048,0,2048,8,4,4
chunked_256_p4,999,2048,2034,66615,10202567,87785,38567563,0,38844143,12664,10517949,1004112,9415021,240301,8,2048,0,2048,8,4,4
chunked_256_p4,1000,2048,2364,66926,10699269,85160,39460280,0,39696612,9909,10155299,992110,9060907,247684,8,2048,0,2048,8,4,4
chunked_256_p4,1001,2048,2054,67427,11401315,90570,43043867,0,43434749,17342,10300270,1021826,9183968,240200,8,2048,0,2048,8,4,4
chunked_256_p4,1002,2048,2294,86021,11126589,94687,41482139,0,41770822,13937,10459720,1075406,9278946,248856,8,2048,0,2048,8,4,4
chunked_256_p4,1003,2048,2525,68248,10687376,100368,41169593,0,41628412,16882,10571168,982291,9495351,249969,8,2048,0,2048,8,4,4
chunked_256_p4,1004,2048,2285,66444,10977980,96671,41046602,0,41432086,12333,10590895,1009753,9471567,231865,8,2048,0,2048,8,4,4
chunked_256_p4,1005,2048,2675,66294,12190444,100478,43702542,0,43975873,13425,10543477,1034960,9391918,250529,8,2048,0,2048,8,4,4
chunked_256_p4,1006,2048,2465,67206,11102073,103503,41544976,0,41818781,12643,10590414,1010655,9475895,251933,8,2048,0,2048,8,4,4
chunked_256_p4,1007,2048,2736,73858,11887416,95390,43730104,0,44058321,10459,10638915,975349,9549713,235321,8,2048,0,2048,8,4,4
chunked_256_p4,1008,2048,3146,117070,10420847,90090,39729035,0,40152678,12864,10270314,976340,9167547,238027,8,2048,0,2048,8,4,4
chunked_256_p4,1009,2048,2254,68528,10289821,104917,39559906,0,39955959,15589,10939338,985648,9828796,254016,8,2048,0,2048,8,4,4
chunked_256_p4,1010,2048,2374,73378,11336904,106651,41288725,0,41611551,13996,10563454,983584,9464183,234029,8,2048,0,2048,8,4,4
chunked_256_p4,1011,2048,2445,113041,10960048,101322,41368206,0,41848987,13585,10466732,964838,9392769,266570,8,2048,0,2048,8,4,4
chunked_256_p4,1012,2048,2735,68388,11544262,89598,42007396,0,42357431,10980,10604220,987933,9500982,243046,8,2048,0,2048,8,4,4
chunked_256_p4,1013,2048,2695,69440,11617860,100048,43054769,0,43411135,16762,11184298,1358257,9697931,249388,8,2048,0,2048,8,4,4
chunked_256_p4,1014,2048,4479,78949,12277948,1330725,44969948,0,46490829,12192,10741637,981811,9662134,251742,8,2048,0,2048,8,4,4
chunked_256_p4,1015,2048,2204,72997,11015070,80491,41761862,0,42121868,12834,10775711,1012188,9649711,234629,8,2048,0,2048,8,4,4
chunked_256_p4,1016,2048,2014,69731,11472348,89699,41078323,0,41462232,15700,10698808,990878,9596751,247264,8,2048,0,2048,8,4,4
chunked_256_p4,1017,2048,2364,69009,10965487,87996,41987166,0,42356299,10971,10704328,988032,9582014,249408,8,2048,0,2048,8,4,4
chunked_256_p4,1018,2048,2444,69681,11306567,97014,41732427,0,42130726,10930,11020431,1004403,9896033,234359,8,2048,0,2048,8,4,4
chunked_256_p4,1019,2048,2525,96020,10723454,88393,39484576,0,39824960,12794,10589483,989325,9498157,249077,8,2048,0,2048,8,4,4
chunked_256_p4,1020,2048,2465,70672,9589077,93395,36759665,0,37121054,12333,10708305,979616,9630925,247234,8,2048,0,2048,8,4,4
chunked_256_p4,1021,2048,2114,71604,10998238,86704,40180589,0,40427150,9898,10796761,983885,9717789,255990,8,2048,0,2048,8,4,4
chunked_256_p4,1022,2048,2314,72036,11136979,97784,40474202,0,40804918,10299,11839987,1036052,10679552,256340,8,2048,0,2048,8,4,4
chunked_256_p4,1023,2048,2264,72005,9806394,91173,37804264,0,38165360,11933,10690152,977021,9599326,251070,8,2048,0,2048,8,4,4
chunked_256_p4,1024,2048,2635,68619,9928354,82865,37902377,0,38354695,12002,11181923,978795,10078294,254958,8,2048,0,2048,8,4,4
chunked_256_p4,1025,2048,2635,69350,11087196,83867,41758797,0,42032962,12143,11028326,1087459,9836060,265297,8,2048,0,2048,8,4,4
chunked_256_p4,1026,2048,2274,69260,11267544,109756,41125631,0,41473483,10319,11204426,996328,10092301,252663,8,2048,0,2048,8,4,4
chunked_256_p4,1027,2048,3006,66244,11056909,86953,41515208,0,41782271,11602,10744934,988203,9662395,233287,8,2048,0,2048,8,4,4
chunked_256_p4,1028,2048,2174,69000,11141127,90730,41990572,0,42336589,11722,10800368,995016,9698953,247494,8,2048,0,2048,8,4,4
chunked_256_p4,1029,2048,1994,94156,11689014,95902,44069943,0,44336071,11241,10916295,1000676,9807557,244419,8,2048,0,2048,8,4,4
chunked_256_p4,1030,2048,2234,66795,11576383,92276,43560767,0,43936932,12724,11612671,1115731,10361456,262963,8,2048,0,2048,8,4,4
chunked_256_p4,1031,2048,2545,73728,12107739,122220,44675336,0,44985838,11161,10722352,978093,9647387,256000,8,2048,0,2048,8,4,4
chunked_256_p4,1032,2048,2625,69450,11743526,89829,43677614,0,44010820,9849,10723404,974096,9653378,244459,8,2048,0,2048,8,4,4
chunked_256_p4,1033,2048,2474,67596,10800227,84357,41804042,0,42110305,11922,11025850,981541,9910750,251422,8,2048,0,2048,8,4,4
chunked_256_p4,1034,2048,2044,69571,11037333,94277,42770794,0,43039229,13936,11019849,1174913,9727917,239029,8,2048,0,2048,8,4,4
chunked_256_p4,1035,2048,3346,95008,10779309,94228,40601027,0,41249184,13345,11234973,975038,10158915,235632,8,2048,0,2048,8,4,4
chunked_256_p4,1036,2048,2385,65953,11218281,84759,42719508,0,42982222,12634,12791782,999464,11645001,254587,8,2048,0,2048,8,4,4
chunked_256_p4,1037,2048,2705,66224,12185234,92634,43624916,0,43892678,11943,11214134,995546,10081239,236524,8,2048,0,2048,8,4,4
chunked_256_p4,1038,2048,2224,66756,11300857,205525,41615909,0,42028234,10439,10903962,977362,9814640,295083,8,2048,0,2048,8,4,4
chunked_256_p4,1039,2048,2304,70082,13646885,96712,50308597,0,50778517,13666,10852746,987241,9764967,245610,8,2048,0,2048,8,4,4
chunked_256_p4,1040,2048,2134,66906,11811193,94098,42922530,0,43228733,9749,11048383,1001838,9926770,248876,8,2048,0,2048,8,4,4
chunked_256_p4,1041,2048,2204,72847,11175030,86351,41489502,0,41748818,11201,11080133,972343,9984739,237245,8,2048,0,2048,8,4,4
chunked_256_p4,1042,2048,2305,69059,10409345,87405,40071955,0,40363222,9668,11265631,1010364,10135481,247474,8,2048,0,2048,8,4,4
chunked_256_p4,1043,2048,2073,69430,12015997,120927,45370637,0,45767634,14166,11296157,1012438,10143536,284183,8,2048,0,2048,8,4,4
chunked_256_p4,1044,2048,3316,92413,11909537,90732,44643554,0,44934110,11071,11426192,994565,10318234,245300,8,2048,0,2048,8,4,4
chunked_256_p4,1045,2048,2234,69771,10403634,87585,40062868,0,40367359,12764,11011424,993443,9900701,236463,8,2048,0,2048,8,4,4
chunked_256_p4,1046,2048,2755,70903,11069171,105017,42731289,0,43054124,10680,10947144,978384,9866737,317065,8,2048,0,2048,8,4,4
chunked_256_p4,1047,2048,2665,217007,12689921,94227,46484978,0,46827781,10880,11104358,961944,10025465,247053,8,2048,0,2048,8,4,4
chunked_256_p4,1048,2048,2615,68528,10327471,82302,39996432,0,40299150,12644,11106482,1020403,9968057,249077,8,2048,0,2048,8,4,4
chunked_256_p4,1049,2048,2364,68478,10349442,78889,40172020,0,40474020,10550,10855933,1007939,9745410,252964,8,2048,0,2048,8,4,4
chunked_256_p4,1050,2048,2514,71734,11392237,83947,42417154,0,42674884,18375,10944128,1004152,9831902,245470,8,2048,0,2048,8,4,4
chunked_256_p4,1051,2048,2695,69470,11987634,89129,45147501,0,45468603,12784,11236345,1067391,10030184,295965,8,2048,0,2048,8,4,4
chunked_256_p4,1052,2048,2394,68749,10735386,95971,40726101,0,41050288,11521,10942424,980869,9850838,247324,8,2048,0,2048,8,4,4
chunked_256_p4,1053,2048,1963,80972,11302159,94445,42738163,0,43074752,12293,11086915,994414,9969741,212519,8,2048,0,2048,8,4,4
chunked_256_p4,1054,2048,2204,67427,11059464,96091,42135683,0,42442929,13074,11042011,975529,9952008,325601,8,2048,0,2048,8,4,4
chunked_256_p4,1055,2048,2915,71394,11411945,109267,42871244,0,43216122,10550,12684921,1026765,11511311,247735,8,2048,0,2048,8,4,4
chunked_256_p4,1056,2048,2414,108674,10184414,87535,39308975,0,39627512,11762,11490421,994604,10383125,244318,8,2048,0,2048,8,4,4
chunked_256_p4,1057,2048,2454,65954,10464899,103544,39196405,0,39496335,15418,6763660,968996,5674228,240831,8,2048,0,2048,8,4,4
chunked_256_p4,1058,2048,2084,66335,11725392,101089,43707541,0,44108744,15398,7177936,989455,6093103,227726,8,2048,0,2048,8,4,4
chunked_256_p4,1059,2048,1754,67837,11516400,114555,44523639,0,44827769,12333,7069925,994805,5975874,219441,8,2048,0,2048,8,4,4
chunked_256_p4,1060,2048,1974,115987,12091809,120276,45768816,0,46086240,15519,7391497,992181,6313286,265307,8,2048,0,2048,8,4,4
chunked_256_p4,1061,2048,2575,67647,11938051,111368,44776096,0,45076068,9979,7301649,994685,6220311,242365,8,2048,0,2048,8,4,4
chunked_256_p4,1062,2048,2244,68769,12379458,114001,44447817,0,44895167,14207,8004517,1148503,6713627,254818,8,2048,0,2048,8,4,4
chunked_256_p4,1063,2048,2214,69781,12113710,102755,46352839,0,46654157,15269,7415051,975328,6342611,254487,8,2048,0,2048,8,4,4
chunked_256_p4,1064,2048,3447,177693,12098391,102522,46412412,0,47024638,14678,9149153,1924809,7077028,240812,8,2048,0,2048,8,4,4
chunked_256_p4,1065,2048,2284,68549,12429893,107971,47401665,0,47794822,10861,7702571,1167780,6445123,266309,8,2048,0,2048,8,4,4
chunked_256_p4,1066,2048,2174,74420,12100666,84601,46469028,0,46817442,10910,7875995,984816,6797073,268975,8,2048,0,2048,8,4,4
chunked_256_p4,1067,2048,2925,75001,11959150,91643,44868768,0,45205688,12885,8093623,1004974,6943908,250229,8,2048,0,2048,8,4,4
chunked_256_p4,1068,2048,1974,73588,12218397,107510,46416831,0,46725429,15409,8129371,1009793,7003831,242384,8,2048,0,2048,8,4,4
chunked_256_p4,1069,2048,2224,92583,12427769,103513,47713191,0,48164364,15829,48070300,980198,46966070,235251,8,2048,0,2048,8,4,4
chunked_256_p4,1070,2048,2835,69179,16238873,102050,63188022,0,63498922,11762,9088238,980629,7974731,243266,8,2048,0,2048,8,4,4
chunked_256_p4,1071,2048,1974,79419,16206724,99136,56429010,0,56848929,14878,8658903,1014662,7542861,246422,8,2048,0,2048,8,4,4
chunked_256_p4,1072,2048,2544,70442,14000016,109545,53869743,0,54181897,12743,8340025,986319,7201862,235662,8,2048,0,2048,8,4,4
chunked_256_p4,1073,2048,2264,70412,14690050,104377,55654457,0,55947007,13496,8282318,1082569,7100171,246662,8,2048,0,2048,8,4,4
chunked_256_p4,1074,2048,2144,70823,15676790,104466,56958704,0,57267813,17463,8657000,1009032,7516452,291126,8,2048,0,2048,8,4,4
chunked_256_p4,1075,2048,2485,66114,16595833,136496,56800827,0,57137399,13415,8540551,1018499,7387109,262763,8,2048,0,2048,8,4,4
chunked_256_p4,1076,2048,3737,87614,13846328,96040,53800502,0,54152553,11902,8855872,1032766,7664720,251932,8,2048,0,2048,8,4,4
chunked_256_p4,1077,2048,2745,68849,13843673,95320,53241276,0,53567055,15269,8866743,1293374,7452883,273373,8,2048,0,2048,8,4,4
chunked_256_p4,1078,2048,3477,70893,14312492,94898,51901791,0,52302493,8676,8452587,1088020,7274779,243436,8,2048,0,2048,8,4,4
chunked_256_p4,1079,2048,2314,67156,15764996,129095,58739685,0,59062761,15910,9749578,1504381,8110926,240341,8,2048,0,2048,8,4,4
chunked_256_p4,1080,2048,2404,68008,14605281,104025,54701511,0,55017535,11231,8443820,988323,7365659,250559,8,2048,0,2048,8,4,4
chunked_256_p4,1081,2048,2615,80912,14871079,137998,55315844,0,55625793,9397,8898542,1009322,7764867,246182,8,2048,0,2048,8,4,4
chunked_256_p4,1082,2048,2314,70893,14328092,100608,53874241,0,54213655,8476,8755414,1019111,7617010,269946,8,2048,0,2048,8,4,4
chunked_256_p4,1083,2048,3487,66755,17812394,656601,64456963,0,65845522,14236,8735056,989976,7647948,264756,8,2048,0,2048,8,4,4
chunked_256_p4,1084,2048,2134,66255,14177990,97530,52855119,0,53171834,13856,9271081,992100,8139890,246963,8,2048,0,2048,8,4,4
chunked_256_p4,1085,2048,2746,68048,14672738,98624,55129031,0,55473700,13565,9170012,977312,8081500,249437,8,2048,0,2048,8,4,4
chunked_256_p4,1086,2048,2915,95408,14539358,102151,52929940,0,53294125,13085,10569075,1025302,9387579,278482,8,2048,0,2048,8,4,4
chunked_256_p4,1087,2048,2705,68879,14441064,100537,53480742,0,53793478,16611,9941077,969578,8809906,235932,8,2048,0,2048,8,4,4
chunked_256_p4,1088,2048,2544,68779,13614023,97583,51872388,0,52193989,12744,9489931,1036844,8344193,248867,8,2048,0,2048,8,4,4
chunked_256_p4,1089,2048,2194,70492,14224618,112642,54829823,0,55177374,10680,9873600,981370,8743472,253265,8,2048,0,2048,8,4,4
chunked_256_p4,1090,2048,2445,68669,14079215,93215,53536547,0,54031547,12313,9668046,995847,8533488,258384,8,2048,0,2048,8,4,4
chunked_256_p4,1091,2048,2344,67667,13724801,87895,53281599,0,53644110,11522,9666553,1000075,8532326,243075,8,2048,0,2048,8,4,4
chunked_256_p4,1092,2048,2164,67596,14384727,99678,55316216,0,55626066,12975,9194989,984776,8125884,259106,8,2048,0,2048,8,4,4
chunked_256_p4,1093,2048,2805,67647,13424898,102533,51449155,0,51746622,12193,9606781,1057342,8445784,234390,8,2048,0,2048,8,4,4
chunked_256_p4,1094,2048,2114,71484,13926629,104825,50471001,0,50762927,13085,10066032,1002860,8937786,301405,8,2048,0,2048,8,4,4
chunked_256_p4,1095,2048,2695,67577,14621361,99907,53872799,0,54237101,11912,9566414,1166948,8297756,234971,8,2048,0,2048,8,4,4
chunked_256_p4,1096,2048,2624,68117,15039626,91161,54648333,0,54917848,10350,10331048,1002169,9205268,246141,8,2048,0,2048,8,4,4
chunked_256_p4,1097,2048,2284,69010,15501261,98393,60408639,0,60771020,11462,10183692,985548,9075995,294923,8,2048,0,2048,8,4,4
chunked_256_p4,1098,2048,3557,67507,16043046,99958,58057171,0,58351104,14266,9793460,1009042,8671437,249328,8,2048,0,2048,8,4,4
chunked_256_p4,1099,2048,2625,69280,14287095,99687,55618542,0,56021116,11111,9566815,989144,8475470,246692,8,2048,0,2048,8,4,4
chunked_256_p4,1100,2048,2905,67116,15300064,82885,54249793,0,54556791,13085,9780065,977543,8721751,251221,8,2048,0,2048,8,4,4
chunked_256_p4,1101,2048,2635,68188,14608417,98954,54441435,0,54737518,9989,9628822,980318,8550400,248285,8,2048,0,2048,8,4,4
chunked_256_p4,1102,2048,2194,69039,15418656,93214,53082616,0,53405370,11161,9841520,979166,8758450,250510,8,2048,0,2048,8,4,4
chunked_256_p4,1103,2048,2815,68268,14400487,92863,53434789,0,53728738,13215,9527031,979115,8449230,252003,8,2048,0,2048,8,4,4
chunked_256_p4,1104,2048,2225,73608,15067037,100722,56078723,0,56351859,12393,9922833,1164052,8642423,244889,8,2048,0,2048,8,4,4
chunked_256_p4,1105,2048,2535,69751,14531233,91564,54574164,0,54837837,13114,9761861,992481,8668792,246161,8,2048,0,2048,8,4,4
chunked_256_p4,1106,2048,4087,125115,15402306,379500,56188069,0,56771412,14096,9941558,1150236,8703127,273353,8,2048,0,2048,8,4,4
chunked_256_p4,1107,2048,2815,118533,14683648,90649,55370235,0,55650239,15910,9867319,1092267,8659485,266500,8,2048,0,2048,8,4,4
chunked_256_p4,1108,2048,2625,118973,14050892,97363,50956121,0,51331523,14117,9905761,1007418,8796301,233298,8,2048,0,2048,8,4,4
chunked_256_p4,1109,2048,2514,76484,15183796,110215,53089186,0,53425808,11892,10159166,990658,9054615,248005,8,2048,0,2048,8,4,4
chunked_256_p4,1110,2048,2505,71744,13761469,109143,52409284,0,52725676,12374,10303557,984435,9186121,249899,8,2048,0,2048,8,4,4
chunked_256_p4,1111,2048,2134,68057,14724996,116820,52336808,0,52751035,15569,10250787,968566,9175813,278402,8,2048,0,2048,8,4,4
chunked_256_p4,1112,2048,2605,129212,13743926,81102,51315594,0,51620936,11883,10346748,976962,9253328,264636,8,2048,0,2048,8,4,4
chunked_256_p4,1113,2048,2796,117220,14661587,101341,55870857,0,56211085,13836,10399777,1167629,9097235,270507,8,2048,0,2048,8,4,4
chunked_256_p4,1114,2048,2455,68418,13397016,97334,50980156,0,51317237,12654,10114903,1010725,8997558,243968,8,2048,0,2048,8,4,4
chunked_256_p4,1115,2048,2004,68107,16243011,107622,53778470,0,54068215,13776,10340626,1149415,9060857,245921,8,2048,0,2048,8,4,4
chunked_256_p4,1116,2048,2595,80471,14828720,96620,54577819,0,54857393,11833,11187093,1022507,10063848,237355,8,2048,0,2048,8,4,4
chunked_256_p4,1117,2048,2695,68618,15166693,92114,53795272,0,54153936,14176,10161550,975840,9073751,283231,8,2048,0,2048,8,4,4
chunked_256_p4,1118,2048,2745,117120,14756004,131765,53665771,0,54024162,14798,10459098,1003121,9291169,234520,8,2048,0,2048,8,4,4
chunked_256_p4,1119,2048,2785,72646,14712091,106791,55793126,0,56163654,16210,10120894,1017347,9001746,243867,8,2048,0,2048,8,4,4
chunked_256_p4,1120,2048,2735,71584,17170601,112771,61446367,0,61791255,15670,153644686,1213445,152294043,245971,8,2048,0,2048,8,4,4
chunked_256_p4,1121,2048,2856,71684,13739659,109244,52284720,0,52619609,11462,10467604,985207,9371880,267582,8,2048,0,2048,8,4,4
chunked_256_p4,1122,2048,3526,72616,15035849,100229,55121868,0,55442845,22362,10476982,995998,9355379,373771,8,2048,0,2048,8,4,4
chunked_256_p4,1123,2048,5340,70162,15571162,258303,55925096,0,56396658,12053,10225040,1080035,9034748,250790,8,2048,0,2048,8,4,4
chunked_256_p4,1124,2048,2384,66535,14840081,101932,54095166,0,54385512,11382,9916942,991129,8822690,246061,8,2048,0,2048,8,4,4
chunked_256_p4,1125,2048,2284,113533,18352576,97362,61547205,0,61842026,10740,10473655,1015725,9356491,276308,8,2048,0,2048,8,4,4
chunked_256_p4,1126,2048,2394,67907,15396915,99747,57968768,0,58321047,13705,10977380,1044959,9771249,281037,8,2048,0,2048,8,4,4
chunked_256_p4,1127,2048,2665,70161,15170340,106137,53798849,0,54102948,11752,11488027,1443847,9911422,271749,8,2048,0,2048,8,4,4
chunked_256_p4,1128,2048,3035,115787,14722771,92434,51990048,0,52392723,12634,10333072,985758,9243340,271489,8,2048,0,2048,8,4,4
chunked_256_p4,1129,2048,2715,115457,15182203,95069,53286310,0,53576614,11642,10659735,1019070,9511401,267942,8,2048,0,2048,8,4,4
chunked_256_p4,1130,2048,3145,117410,14185805,112419,52286464,0,52633544,9057,10613468,1093129,9411986,244308,8,2048,0,2048,8,4,4
chunked_256_p4,1131,2048,2474,67977,13953158,83786,53597663,0,54072482,16150,10627433,1054257,9442673,240921,8,2048,0,2048,8,4,4
chunked_256_p4,1132,2048,2364,68498,15101492,98494,57302379,0,57604705,13465,10593179,1007228,9447922,273342,8,2048,0,2048,8,4,4
chunked_256_p4,1133,2048,2836,69300,14138577,80401,53297721,0,53613203,12172,11380285,993032,10104293,386384,8,2048,0,2048,8,4,4
chunked_256_p4,1134,2048,2936,71274,15462799,94337,53091605,0,53449824,10449,10807712,987471,9718901,286477,8,2048,0,2048,8,4,4
chunked_256_p4,1135,2048,2955,128080,14053687,104513,52930128,0,53292087,16220,10614940,994414,9501683,232035,8,2048,0,2048,8,4,4
chunked_256_p4,1136,2048,2024,72275,14070639,92296,53822535,0,54194504,13495,11460876,1028508,10321350,66385,8,2048,0,2048,8,4,4
chunked_256_p4,1137,2048,2375,73157,16494393,112951,62969039,0,63276808,13475,11570301,1165755,10265174,238767,8,2048,0,2048,8,4,4
chunked_256_p4,1138,2048,3437,199795,17268985,109535,61415159,0,61805660,17032,11740421,1152951,10450702,260709,8,2048,0,2048,8,4,4
chunked_256_p4,1139,2048,3236,93716,14835202,129191,57664677,0,58066149,12613,11822875,1208035,10478404,268112,8,2048,0,2048,8,4,4
chunked_256_p4,1140,2048,2735,108634,17682480,102272,66757865,0,67101768,12474,12937675,1125149,11683032,238337,8,2048,0,2048,8,4,4
chunked_256_p4,1141,2048,3417,81764,16773527,113773,63856265,0,64176837,14367,11964220,1160876,10666397,280746,8,2048,0,2048,8,4,4
chunked_256_p4,1142,2048,2945,104586,14425755,86092,55659558,0,55953369,11752,11989708,1009232,10822870,239579,8,2048,0,2048,8,4,4
chunked_256_p4,1143,2048,2635,75642,15856437,118242,58460099,0,58788523,17884,12154317,1108288,10765903,456275,8,2048,0,2048,8,4,4
chunked_256_p4,1144,2048,4569,96982,16344912,129553,59154080,0,59550160,13345,11181242,1092949,9963599,280466,8,2048,0,2048,8,4,4
chunked_256_p4,1145,2048,2655,110698,16082411,111199,58867741,0,59165231,10249,11078449,1099441,9868902,252534,8,2048,0,2048,8,4,4
chunked_256_p4,1146,2048,2515,80050,15958048,107823,55487021,0,55772601,12914,11185069,1077681,9997663,242645,8,2048,0,2048,8,4,4
chunked_256_p4,1147,2048,2605,78306,15846398,145382,56521983,0,56886347,17924,10482843,1115431,9252496,242295,8,2048,0,2048,8,4,4
chunked_256_p4,1148,2048,2315,102302,16753749,97665,59862850,0,60169564,12814,11703181,1125089,10453979,245510,8,2048,0,2048,8,4,4
chunked_256_p4,1149,2048,2545,81463,15608873,114514,56863574,0,57234090,13004,11235934,1106375,10008503,244688,8,2048,0,2048,8,4,4
chunked_256_p4,1150,2048,2535,78087,15204004,106329,56733390,0,57055544,12974,11789382,1121413,10555529,262242,8,2048,0,2048,8,4,4
chunked_256_p4,1151,2048,3397,77135,15655260,96312,56219728,0,56541881,13576,11740110,1090474,10490297,246993,8,2048,0,2048,8,4,4
chunked_256_p4,1152,2048,2985,76022,16988880,107441,64299334,0,64599309,12153,12194161,1389726,10672398,278031,8,2048,0,2048,8,4,4
chunked_256_p4,1153,2048,2735,79329,15506391,113933,56126854,0,56419562,10129,11199577,1115391,9976424,280085,8,2048,0,2048,8,4,4
chunked_256_p4,1154,2048,2815,77635,17242195,103254,58794997,0,59114905,14017,11505670,1109880,10270865,243186,8,2048,0,2048,8,4,4
chunked_256_p4,1155,2048,3016,75993,17065935,100176,56133575,0,56418732,17162,11939694,1103159,10705099,267461,8,2048,0,2048,8,4,4
chunked_256_p4,1156,2048,2645,107301,17014989,100690,63439925,0,63768551,10450,12542775,1111614,11282492,251542,8,2048,0,2048,8,4,4
chunked_256_p4,1157,2048,2375,63930,15913173,116098,57436982,0,57782717,12804,126767277,1116364,125499149,245550,8,2048,0,2048,8,4,4
chunked_256_p4,1158,2048,2535,81552,16975325,133770,60626070,0,61078568,14547,12769359,1148804,11497806,245921,8,2048,0,2048,8,4,4
chunked_256_p4,1159,2048,2425,80321,15581502,99657,56832809,0,57200447,15208,11004230,1138865,9755589,247855,8,2048,0,2048,8,4,4
chunked_256_p4,1160,2048,2565,83115,5455387,101812,19266420,0,19591549,12454,11974840,1185392,10654344,249298,8,2048,0,2048,8,4,4
chunked_256_p4,1161,2048,2545,66194,4838952,99185,17744063,0,18004443,13896,11328448,1166868,10061403,248687,8,2048,0,2048,8,4,4
chunked_256_p4,1162,2048,1933,66935,5294255,114716,18286824,0,18575594,12924,11953008,1161718,10666047,239288,8,2048,0,2048,8,4,4
chunked_256_p4,1163,2048,1954,69711,5187596,102383,18127486,0,18435745,8776,11781748,1177037,10499334,244779,8,2048,0,2048,8,4,4
chunked_256_p4,1164,2048,2384,70242,5333369,93985,19452378,0,19699343,11311,12205181,1073743,11013378,234800,8,2048,0,2048,8,4,4
chunked_256_p4,1165,2048,2715,71384,5371460,90349,18284448,0,18602154,11311,12788425,1222763,11442241,257753,8,2048,0,2048,8,4,4
chunked_256_p4,1166,2048,2775,69310,5025432,94448,17706607,0,18077172,8957,10982980,1003692,9895431,301274,8,2048,0,2048,8,4,4
chunked_256_p4,1167,2048,2625,69841,4970108,89159,17989133,0,18234316,8676,10777615,955200,9728429,273774,8,2048,0,2048,8,4,4
chunked_256_p4,1168,2048,3687,87183,4632345,106090,17172875,0,17515230,11702,10504744,979376,9444456,267211,8,2048,0,2048,8,4,4
chunked_256_p4,1169,2048,4058,141145,4979184,91884,17450895,0,17751861,11001,10839361,972833,9750419,271449,8,2048,0,2048,8,4,4
chunked_256_p4,1170,2048,2996,74169,4589324,90730,16554466,0,16848888,10370,11115409,980738,10020326,241573,8,2048,0,2048,8,4,4
chunked_256_p4,1171,2048,2485,77235,5101764,107143,18420233,0,18779766,14578,11173668,996218,10055151,263404,8,2048,0,2048,8,4,4
chunked_256_p4,1172,2048,2544,75932,4879919,103376,17228548,0,17559239,11542,10996335,981391,9885683,247123,8,2048,0,2048,8,4,4
chunked_256_p4,1173,2048,2064,67887,4577892,79419,16498188,0,16811468,10901,11374455,984636,10263672,241463,8,2048,0,2048,8,4,4
chunked_256_p4,1174,2048,2174,71685,4593292,102882,16549739,0,16835923,10249,11013337,997660,9904548,237125,8,2048,0,2048,8,4,4
chunked_256_p4,1175,2048,2785,75963,4792114,84058,16357225,0,16681323,10290,10764391,999093,9643941,273653,8,2048,0,2048,8,4,4
chunked_256_p4,1176,2048,2835,73448,4545903,104798,16264250,0,16686704,12603,11326364,985026,10198108,354795,8,2048,0,2048,8,4,4
chunked_256_p4,1177,2048,2505,72486,4739957,88654,17068199,0,17456715,9147,11135095,1012568,10011179,248516,8,2048,0,2048,8,4,4
chunked_256_p4,1178,2048,2224,69931,5243601,92694,18854941,0,19245260,11091,11088017,1006446,9984899,250500,8,2048,0,2048,8,4,4
chunked_256_p4,1179,2048,3186,74319,5154453,98535,18847032,0,19098896,8596,11300476,975289,10225199,257122,8,2048,0,2048,8,4,4
chunked_256_p4,1180,2048,3256,102181,4678982,86643,16781401,0,17048464,11611,12499393,973685,11395253,264035,8,2048,0,2048,8,4,4
chunked_256_p4,1181,2048,2334,67948,4235471,93355,15706966,0,16144966,9858,11509026,994825,10399076,239890,8,2048,0,2048,8,4,4
chunked_256_p4,1182,2048,2585,65432,4135914,89107,15479269,0,15768661,10440,11823537,1061360,10646470,238687,8,2048,0,2048,8,4,4
chunked_256_p4,1183,2048,2836,69760,4492933,79739,16402951,0,16679348,11812,10943276,977592,9854354,249247,8,2048,0,2048,8,4,4
chunked_256_p4,1184,2048,2464,70492,4592299,86079,16622502,0,16882140,11672,11344859,977834,10248253,246331,8,2048,0,2048,8,4,4
chunked_256_p4,1185,2048,2695,69931,4542707,82885,16939326,0,17179227,10580,11633690,990737,10520093,245681,8,2048,0,2048,8,4,4
chunked_256_p4,1186,2048,2235,71274,4493164,102742,16628234,0,16965827,11011,11447311,1021194,10306592,245360,8,2048,0,2048,8,4,4
chunked_256_p4,1187,2048,2244,69941,4490760,81394,16349663,0,16616231,9588,11594386,1140308,10336499,248186,8,2048,0,2048,8,4,4
chunked_256_p4,1188,2048,3216,70873,5153962,107111,18968532,0,19281548,9728,11219664,991960,10112268,258926,8,2048,0,2048,8,4,4
chunked_256_p4,1189,2048,2464,68218,5128535,95430,18178351,0,18512536,13255,11435278,1030582,10295050,248186,8,2048,0,2048,8,4,4
chunked_256_p4,1190,2048,2345,71234,5212262,106891,18972158,0,19290604,11201,11000162,996608,9903096,267422,8,2048,0,2048,8,4,4
chunked_256_p4,1191,2048,2735,71514,5352424,96522,19268652,0,19605066,10289,10921865,975919,9837192,282781,8,2048,0,2048,8,4,4
chunked_256_p4,1192,2048,3907,71714,5350260,118981,18267696,0,18535797,10540,11032193,993062,9908255,247945,8,2048,0,2048,8,4,4
chunked_256_p4,1193,2048,2625,93786,4363781,86153,15972082,0,16376622,8797,13769254,983473,12674110,250108,8,2048,0,2048,8,4,4
chunked_256_p4,1194,2048,2084,70642,4320170,86404,15976291,0,16253632,11281,11747052,980658,10634978,282459,8,2048,0,2048,8,4,4
chunked_256_p4,1195,2048,2204,67777,4991758,85081,17321934,0,17587972,12423,11736323,997170,10621473,249438,8,2048,0,2048,8,4,4
chunked_256_p4,1196,2048,2514,71594,4260357,101160,15878057,0,16143284,12574,11545736,1016816,10416328,255649,8,2048,0,2048,8,4,4
chunked_256_p4,1197,2048,1874,68909,5090173,73439,18214658,0,18503400,10079,6941223,1034800,5809411,266580,8,2048,0,2048,8,4,4
chunked_256_p4,1198,2048,2876,106379,5598876,85932,19723665,0,20046694,13315,7325975,1001848,6206375,257172,8,2048,0,2048,8,4,4
chunked_256_p4,1199,2048,2836,69249,5753055,87073,20370841,0,20706400,10520,8151442,1041723,6990736,250150,8,2048,0,2048,8,4,4
chunked_256_p4,1200,2048,2285,68879,5672565,87523,19606035,0,19842040,13986,8980586,990607,7869634,276869,8,2048,0,2048,8,4,4
chunked_256_p4,1201,2048,2454,70613,5035130,81865,18633282,0,19007335,7915,7482618,998682,6372597,243186,8,2048,0,2048,8,4,4
chunked_256_p4,1202,2048,2324,69139,5585872,97962,19710681,0,20039437,10560,8190585,992501,7058833,246262,8,2048,0,2048,8,4,4
chunked_256_p4,1203,2048,2375,69109,5496224,100970,19512892,0,19764664,9598,8225050,1035742,7077398,239008,8,2048,0,2048,8,4,4
chunked_256_p4,1204,2048,2485,87224,5681071,101761,20020583,0,20379538,15419,8322152,984766,7215628,266871,8,2048,0,2048,8,4,4
chunked_256_p4,1205,2048,3456,72135,5364387,84328,19158577,0,19482304,13195,8026948,985678,6910114,281317,8,2048,0,2048,8,4,4
chunked_256_p4,1206,2048,2895,64581,6081652,100649,20963571,0,21266679,11531,8290803,1017968,7148021,237105,8,2048,0,2048,8,4,4
chunked_256_p4,1207,2048,2144,65392,5702711,90269,20586855,0,20926793,10670,7801626,1000766,6701815,282780,8,2048,0,2048,8,4,4
chunked_256_p4,1208,2048,3437,117179,5786748,85129,20217404,0,20590122,11692,9465817,1093610,8228105,244148,8,2048,0,2048,8,4,4
chunked_256_p4,1209,2048,2054,67646,5379265,98305,19557676,0,19898936,11292,8805198,987221,7697982,295765,8,2048,0,2048,8,4,4
chunked_256_p4,1210,2048,3006,72896,5722859,104156,20433187,0,20791961,12273,8471732,978664,7352844,335098,8,2048,0,2048,8,4,4
chunked_256_p4,1211,2048,2665,110728,5915981,92344,20025804,0,20359200,10139,10496548,981661,9388972,262102,8,2048,0,2048,8,4,4
chunked_256_p4,1212,2048,2645,111920,6257441,88025,21401502,0,21707176,12223,9131620,997661,8012832,237986,8,2048,0,2048,8,4,4
chunked_256_p4,1213,2048,2334,70352,5790796,87555,20526020,0,20776492,11201,9260762,1012107,8120033,267091,8,2048,0,2048,8,4,4
chunked_256_p4,1214,2048,3546,97132,5463532,84949,19499326,0,19740257,9587,47987985,994084,46859290,243747,8,2048,0,2048,8,4,4
chunked_256_p4,1215,2048,2625,72827,7465756,96063,28218713,0,28603446,13465,8836095,983434,7767181,232416,8,2048,0,2048,8,4,4
chunked_256_p4,1216,2048,2375,70321,7078340,74059,25149329,0,25374981,12564,9118826,1021715,7978728,251421,8,2048,0,2048,8,4,4
chunked_256_p4,1217,2048,2264,69300,6073166,138911,22110482,0,22414672,11943,8489376,992110,7424830,271789,8,2048,0,2048,8,4,4
chunked_256_p4,1218,2048,2224,67086,5350391,87303,20100393,0,20392781,9027,8496649,973445,7453273,240371,8,2048,0,2048,8,4,4
chunked_256_p4,1219,2048,2365,66485,6242383,88646,23084308,0,23366657,13465,8517558,967624,7467600,246381,8,2048,0,2048,8,4,4
chunked_256_p4,1220,2048,2154,67857,6120464,88374,22893209,0,23136495,13054,9212020,1337948,7797459,240170,8,2048,0,2048,8,4,4
chunked_256_p4,1221,2048,2194,68879,6618037,82053,23683138,0,24085703,15088,8792243,974307,7733869,245130,8,2048,0,2048,8,4,4
chunked_256_p4,1222,2048,2134,67426,6021589,81064,22050861,0,22348629,12944,8798485,969448,7751091,249297,8,2048,0,2048,8,4,4
chunked_256_p4,1223,2048,2184,67636,6079478,83998,22276812,0,22564503,15158,9176023,988252,8113600,247374,8,2048,0,2048,8,4,4
chunked_256_p4,1224,2048,2735,71394,5896394,94286,21592260,0,21904877,10941,9273476,980588,8216594,237936,8,2048,0,2048,8,4,4
chunked_256_p4,1225,2048,2785,69290,5977346,83897,21933108,0,22256428,14948,8857386,981710,7787770,239659,8,2048,0,2048,8,4,4
chunked_256_p4,1226,2048,2275,73688,6064469,84136,21942455,0,22210588,9588,8876010,980428,7822105,272481,8,2048,0,2048,8,4,4
chunked_256_p4,1227,2048,2455,74129,8078795,83467,30600238,0,31051694,14547,9108916,994414,8019014,237575,8,2048,0,2048,8,4,4
chunked_256_p4,1228,2048,2284,73077,6496800,90769,24113989,0,24353796,13074,9308290,993152,8217376,250539,8,2048,0,2048,8,4,4
chunked_256_p4,1229,2048,2775,70713,5944765,82066,22022877,0,22292504,8145,9481125,974457,8418814,242895,8,2048,0,2048,8,4,4
chunked_256_p4,1230,2048,2404,69189,6354312,90520,23467435,0,23792214,11422,9476406,994935,8395329,246512,8,2048,0,2048,8,4,4
chunked_256_p4,1231,2048,2384,71404,6141784,92755,22420433,0,22696632,11392,9395904,982592,8318746,228047,8,2048,0,2048,8,4,4
chunked_256_p4,1232,2048,2004,69711,6729236,88495,23967592,0,24233112,9247,9888929,1008921,8772246,242164,8,2048,0,2048,8,4,4
chunked_256_p4,1233,2048,2335,69250,6053038,89139,22153905,0,22460950,9678,9843314,995336,8754843,253134,8,2048,0,2048,8,4,4
chunked_256_p4,1234,2048,2294,70412,6052005,84970,22244382,0,22552940,12683,9465265,1025002,8362567,256641,8,2048,0,2048,8,4,4
chunked_256_p4,1235,2048,2374,75321,6019375,88085,22070788,0,22391117,9838,9354497,978935,8289211,259908,8,2048,0,2048,8,4,4
chunked_256_p4,1236,2048,2775,70372,5876818,88735,22143455,0,22479013,12013,9214956,1021926,8116597,275497,8,2048,0,2048,8,4,4
chunked_256_p4,1237,2048,2404,66535,6627134,94668,23521467,0,23972374,9278,9524977,1003501,8428271,249789,8,2048,0,2048,8,4,4
chunked_256_p4,1238,2048,2435,67977,6234488,88094,22975123,0,23288259,10139,9789152,977532,8706423,248126,8,2048,0,2048,8,4,4
chunked_256_p4,1239,2048,2485,66715,6756667,96130,23377607,0,23680405,9648,9288163,964578,8243525,241463,8,2048,0,2048,8,4,4
chunked_256_p4,1240,2048,2795,87304,7710015,90920,25627456,0,25950840,10650,9309312,982351,8248554,261370,8,2048,0,2048,8,4,4
chunked_256_p4,1241,2048,2816,74931,6505136,77315,23503694,0,23753241,12053,9746783,994665,8642192,251902,8,2048,0,2048,8,4,4
chunked_256_p4,1242,2048,2154,69470,6528750,98765,24122062,0,24385659,11391,9640674,1019993,8516797,268904,8,2048,0,2048,8,4,4
chunked_256_p4,1243,2048,2184,68068,6653864,92194,23996119,0,24280330,10580,9986723,999784,8884426,253004,8,2048,0,2048,8,4,4
chunked_256_p4,1244,2048,3496,80340,6240470,99626,23751698,0,24066448,13606,9849696,1010003,8741598,249878,8,2048,0,2048,8,4,4
chunked_256_p4,1245,2048,2104,70101,5650784,79789,21177721,0,21548288,12583,10025776,985718,8946112,246101,8,2048,0,2048,8,4,4
chunked_256_p4,1246,2048,3135,67567,6105777,84129,22295889,0,22608857,15309,9880924,1043616,8728433,241674,8,2048,0,2048,8,4,4
chunked_256_p4,1247,2048,2134,67917,6161140,89398,23010318,0,23299804,12423,9559602,974286,8496900,242875,8,2048,0,2048,8,4,4
chunked_256_p4,1248,2048,2324,66475,6081191,92314,22280611,0,22613646,13125,9779203,1005976,8679612,244688,8,2048,0,2048,8,4,4
chunked_256_p4,1249,2048,2605,67286,6040695,83858,22868071,0,23117268,13866,9991612,979787,8904463,277110,8,2048,0,2048,8,4,4
chunked_256_p4,1250,2048,2034,72226,6771695,83317,24813157,0,25089908,12313,10028961,1121412,8808073,253154,8,2048,0,2048,8,4,4
chunked_256_p4,1251,2048,2505,66945,6555270,96800,23749304,0,24202382,10710,10024143,978344,8971289,260799,8,2048,0,2048,8,4,4
chunked_256_p4,1252,2048,2415,71304,6197298,87576,23022250,0,23348122,9809,9943752,1206462,8650708,237385,8,2048,0,2048,8,4,4
chunked_256_p4,1253,2048,1903,75051,6098243,98878,22262426,0,22677536,12423,9823637,994104,8738793,248656,8,2048,0,2048,8,4,4
chunked_256_p4,1254,2048,2725,70262,6437539,85609,23517220,0,23808775,11211,10937175,1002189,9845438,253095,8,2048,0,2048,8,4,4
chunked_256_p4,1255,2048,2475,72776,7014911,101191,25436898,0,25769011,10199,9993015,1022417,8878044,251341,8,2048,0,2048,8,4,4
chunked_256_p4,1256,2048,2695,73067,6778167,90671,24079081,0,24358557,14428,10163293,989154,9079532,242645,8,2048,0,2048,8,4,4
chunked_256_p4,1257,2048,2495,67347,6468898,77406,24382661,0,24653379,11762,10444781,974297,9355529,246562,8,2048,0,2048,8,4,4
chunked_256_p4,1258,2048,2224,67096,6783878,113805,24066538,0,24445863,14537,10212636,1011887,9095011,273613,8,2048,0,2048,8,4,4
chunked_256_p4,1259,2048,2345,67466,6711382,80331,23846006,0,24149385,10450,10212115,993021,9129446,279423,8,2048,0,2048,8,4,4
chunked_256_p4,1260,2048,2895,72756,6436166,95719,23488575,0,23921017,9277,12695250,959449,11617590,266660,8,2048,0,2048,8,4,4
chunked_256_p4,1261,2048,2154,67406,6479808,86893,24051860,0,24320394,12563,10124160,971491,9026883,251541,8,2048,0,2048,8,4,4
chunked_256_p4,1262,2048,2345,67296,6159507,103683,22603416,0,22901384,10439,10168693,977512,9093377,256591,8,2048,0,2048,8,4,4
chunked_256_p4,1263,2048,2425,69771,6868897,90831,24193959,0,24542803,12022,10142494,988132,9061849,241353,8,2048,0,2048,8,4,4
chunked_256_p4,1264,2048,2033,70612,6002783,102152,22384847,0,22887671,13194,9970632,988644,8883825,244428,8,2048,0,2048,8,4,4
chunked_256_p4,1265,2048,2525,68559,6392505,93847,23060502,0,23433853,16030,10308626,980257,9237167,236964,8,2048,0,2048,8,4,4
chunked_256_p4,1266,2048,2144,77655,6615773,105477,24570684,0,24897645,13094,10125112,978094,9046459,239759,8,2048,0,2048,8,4,4
chunked_256_p4,1267,2048,3196,69451,6506338,100097,24436421,0,24688545,12804,9764426,960951,8686445,219872,8,2048,0,2048,8,4,4
chunked_256_p4,1268,2048,2836,94677,6801411,98093,25888044,0,26196271,10079,9755419,937778,8680985,247234,8,2048,0,2048,8,4,4
chunked_256_p4,1269,2048,2295,68628,6429543,92123,23460554,0,23703410,10210,9890842,974788,8820396,235191,8,2048,0,2048,8,4,4
chunked_256_p4,1270,2048,2565,167514,6692807,84579,24013838,0,24313663,10951,9901232,978264,8839542,290805,8,2048,0,2048,8,4,4
chunked_256_p4,1271,2048,2064,66746,6678491,97725,25299309,0,25579007,8977,10298788,1008851,9194588,274845,8,2048,0,2048,8,4,4
chunked_256_p4,1272,2048,2234,71023,6425706,97092,23662963,0,23916386,12013,10099394,972573,9025050,283892,8,2048,0,2048,8,4,4
chunked_256_p4,1273,2048,2214,68388,6620582,90158,23297238,0,23607478,11852,9927882,994615,8839903,246522,8,2048,0,2048,8,4,4
chunked_256_p4,1274,2048,2224,68168,6335918,94808,23478115,0,23783969,10250,10311632,975118,9232799,219571,8,2048,0,2048,8,4,4
chunked_256_p4,1275,2048,2124,66825,6727903,96231,24849217,0,25082363,12433,10003584,953678,8961020,238026,8,2048,0,2048,8,4,4
chunked_256_p4,1276,2048,3737,66836,6532437,93787,24568732,0,24971868,8035,10474758,990527,9399111,280406,8,2048,0,2048,8,4,4
chunked_256_p4,1277,2048,2454,65834,5894210,87374,22174802,0,22586085,11271,10183983,998492,9107585,240110,8,2048,0,2048,8,4,4
chunked_256_p4,1278,2048,2414,68980,6133359,98084,22826977,0,23051265,10369,10400318,1018038,9293684,236293,8,2048,0,2048,8,4,4
chunked_256_p4,1279,2048,2444,67186,6479278,96911,23089487,0,23422090,14918,10161069,969538,9094239,253997,8,2048,0,2048,8,4,4
chunked_256_p4,1280,2048,2134,72445,5745762,92163,21623237,0,22075856,10850,10697795,969698,9619976,247323,8,2048,0,2048,8,4,4
chunked_256_p4,1281,2048,2355,67727,6392674,103254,22925740,0,23531636,15008,10797192,988083,9681570,246602,8,2048,0,2048,8,4,4
chunked_256_p4,1282,2048,2805,68589,6086801,98294,22651156,0,22930839,10720,10342720,978875,9273445,263223,8,2048,0,2048,8,4,4
chunked_256_p4,1283,2048,2345,68218,5680469,104886,21583103,0,21902902,15198,10245608,974918,9166435,253174,8,2048,0,2048,8,4,4
chunked_256_p4,1284,2048,2415,68047,6167743,88074,22491796,0,22755099,11041,9962397,1000425,8878806,262843,8,2048,0,2048,8,4,4
chunked_256_p4,1285,2048,2004,68268,6714958,94187,24285851,0,24618613,11351,10215792,980578,9139615,248426,8,2048,0,2048,8,4,4
chunked_256_p4,1286,2048,2454,68027,6253334,99318,22995601,0,23321042,14157,10139769,963606,9078260,245510,8,2048,0,2048,8,4,4
chunked_256_p4,1287,2048,2835,77435,6473005,102150,23880219,0,24156807,9849,10023110,982652,8950670,252424,8,2048,0,2048,8,4,4
chunked_256_p4,1288,2048,2414,69881,6133388,93785,22699186,0,22976326,15709,10208037,973615,9134225,272681,8,2048,0,2048,8,4,4
chunked_256_p4,1289,2048,2585,70312,6805559,93776,23918000,0,24244031,12434,10301884,985027,9222790,262572,8,2048,0,2048,8,4,4
chunked_256_p4,1290,2048,2214,73858,6533729,85219,24488510,0,24737987,7454,10575056,978425,9488498,244228,8,2048,0,2048,8,4,4
chunked_256_p4,1291,2048,3166,100648,6670165,104867,24526903,0,24803671,11581,10298737,1011316,9171885,242214,8,2048,0,2048,8,4,4
chunked_256_p4,1292,2048,2204,224240,6751358,106740,24491187,0,24831102,87164,11007547,1229084,9580581,263343,8,2048,0,2048,8,4,4
chunked_256_p4,1293,2048,2675,70543,5802008,108133,22063292,0,22453796,16000,10234918,1006677,9142470,248365,8,2048,0,2048,8,4,4
chunked_256_p4,1294,2048,2285,67617,6278381,91252,23136945,0,23429735,10790,10382034,973666,9319502,238036,8,2048,0,2048,8,4,4
chunked_256_p4,1295,2048,2375,68559,6789478,87366,23685497,0,23937087,8205,10375271,991839,9289626,267672,8,2048,0,2048,8,4,4
chunked_256_p4,1296,2048,2505,70492,6346949,100007,23727092,0,24012149,15469,11406955,1003612,10297305,250660,8,2048,0,2048,8,4,4
chunked_256_p4,1297,2048,2265,71224,7080454,85762,26096698,0,26442634,10640,10881691,976300,9800424,250890,8,2048,0,2048,8,4,4
chunked_256_p4,1298,2048,2264,71584,6486100,85010,24141780,0,24376429,12453,10456934,1068033,9293924,240421,8,2048,0,2048,8,4,4
chunked_256_p4,1299,2048,2134,72276,7175743,80601,26294325,0,26641354,8636,10388135,975899,9319833,262803,8,2048,0,2048,8,4,4
chunked_256_p4,1300,2048,2395,74119,6700862,117121,24431444,0,24919959,11462,10370282,970430,9306397,266069,8,2048,0,2048,8,4,4
chunked_256_p4,1301,2048,2866,81553,6446395,78718,23455853,0,23722754,9568,10459479,973445,9391236,244959,8,2048,0,2048,8,4,4
chunked_256_p4,1302,2048,2565,73348,5869584,83987,22195965,0,22455759,9869,10924511,980588,9836191,249388,8,2048,0,2048,8,4,4
chunked_256_p4,1303,2048,2034,70372,7010543,101802,25165208,0,25405770,12403,10687807,973786,9590480,251281,8,2048,0,2048,8,4,4
chunked_256_p4,1304,2048,1874,82685,6697526,95129,24054486,0,24414512,9919,10785340,1051190,9642618,239259,8,2048,0,2048,8,4,4
chunked_256_p4,1305,2048,2334,71575,6979705,99296,24629234,0,24980252,12864,10847636,985026,9763244,238067,8,2048,0,2048,8,4,4
chunked_256_p4,1306,2048,2365,84899,6848079,94716,25627034,0,25895238,9447,10739023,997390,9651074,274745,8,2048,0,2048,8,4,4
chunked_256_p4,1307,2048,3106,71554,6318896,84399,23034835,0,23344724,13385,10493062,968876,9425912,244699,8,2048,0,2048,8,4,4
chunked_256_p4,1308,2048,3166,121227,7019019,109857,25567222,0,25850364,14246,10664543,988583,9575041,251311,8,2048,0,2048,8,4,4
chunked_256_p4,1309,2048,2485,73197,6680193,91591,24545326,0,24860736,11251,10940661,979236,9852952,250439,8,2048,0,2048,8,4,4
chunked_256_p4,1310,2048,2825,69731,6557324,90109,24199570,0,24486666,11461,10691574,974858,9614805,234229,8,2048,0,2048,8,4,4
chunked_256_p4,1311,2048,1974,66485,6612126,90559,23692227,0,23945853,15729,10619469,1005805,9518073,243937,8,2048,0,2048,8,4,4
chunked_256_p4,1312,2048,2555,70041,7262686,91151,25438351,0,25746048,8666,10574294,962174,9502204,242906,8,2048,0,2048,8,4,4
chunked_256_p4,1313,2048,2345,66685,6554719,84319,24250775,0,24576415,8386,10723504,966121,9665520,248145,8,2048,0,2048,8,4,4
chunked_256_p4,1314,2048,2284,66805,6102210,90238,22492529,0,22981475,10910,11023596,997991,9919136,245209,8,2048,0,2048,8,4,4
chunked_256_p4,1315,2048,2234,66224,6550580,88357,24268627,0,24548232,11311,10905244,1025283,9789513,235662,8,2048,0,2048,8,4,4
chunked_256_p4,1316,2048,2545,65623,6893764,91060,24923938,0,25167692,12283,10962281,961343,9897215,244048,8,2048,0,2048,8,4,4
chunked_256_p4,1317,2048,2635,71404,6845153,97350,24334270,0,24693943,12914,11268987,977964,10179484,234860,8,2048,0,2048,8,4,4
chunked_256_p4,1318,2048,2444,77104,7865756,100209,27647883,0,28814100,12974,11579819,1084052,10356997,239349,8,2048,0,2048,8,4,4
chunked_256_p4,1319,2048,2315,67717,6326681,88756,23265837,0,23555240,12744,11342154,981601,10236270,249898,8,2048,0,2048,8,4,4
chunked_256_p4,1320,2048,2444,68167,6672779,89267,23497123,0,23789839,14306,11068550,996408,9956777,236112,8,2048,0,2048,8,4,4
chunked_256_p4,1321,2048,2766,67707,7140236,90630,25927668,0,26192924,9247,10818832,980579,9726514,248045,8,2048,0,2048,8,4,4
chunked_256_p4,1322,2048,2385,69230,6820436,92843,25412392,0,25701000,12243,11107765,972894,10009916,255509,8,2048,0,2048,8,4,4
chunked_256_p4,1323,2048,3647,78728,7332988,85290,26866278,0,27119443,9257,11051258,957605,9967617,238808,8,2048,0,2048,8,4,4
chunked_256_p4,1324,2048,3317,158197,6135843,84897,22960927,0,23231042,9749,11512293,995637,10395238,245861,8,2048,0,2048,8,4,4
chunked_256_p4,1325,2048,2234,69721,6694260,84930,25369020,0,25702167,10891,11345510,1066710,10166239,258114,8,2048,0,2048,8,4,4
chunked_256_p4,1326,2048,2375,66996,6848760,96341,25519491,0,25852816,13986,11285257,975068,10194472,266811,8,2048,0,2048,8,4,4
chunked_256_p4,1327,2048,2795,68980,6116307,103284,23062247,0,23574596,9728,11576102,966442,10489645,250390,8,2048,0,2048,8,4,4
chunked_256_p4,1328,2048,2735,67437,7191563,91311,24713743,0,25199152,14888,11826311,993141,10708886,239509,8,2048,0,2048,8,4,4
chunked_256_p4,1329,2048,2254,80431,7467149,83266,27804506,0,28233129,12764,11458803,1014122,10315900,243266,8,2048,0,2048,8,4,4
chunked_256_p4,1330,2048,2084,68468,6459570,98373,24329161,0,24798352,17083,11140014,1001789,10014675,245551,8,2048,0,2048,8,4,4
chunked_256_p4,1331,2048,3196,73898,7532311,99344,26809000,0,27099842,10880,11484471,986489,10378607,344716,8,2048,0,2048,8,4,4
chunked_256_p4,1332,2048,2725,215534,7272664,85862,24785468,0,25042759,11111,11521670,973325,10422259,249207,8,2048,0,2048,8,4,4
chunked_256_p4,1333,2048,2886,95669,6933188,101320,25162843,0,25455081,13826,11691839,999995,10567621,245820,8,2048,0,2048,8,4,4
chunked_256_p4,1334,2048,2485,68408,6705601,134592,25220471,0,25577632,14647,11638669,997600,10532596,263714,8,2048,0,2048,8,4,4
chunked_256_p4,1335,2048,2955,75351,6869649,80060,25089947,0,25311875,10059,20645445,979887,19542337,249478,8,2048,0,2048,8,4,4
chunked_256_p4,1336,2048,2394,67166,7226798,81101,27450562,0,27727662,9118,13493687,974036,12392664,240641,8,2048,0,2048,8,4,4
chunked_256_p4,1337,2048,2294,69561,6505827,87694,24552951,0,24925168,12794,7016294,1232922,5654250,286888,8,2048,0,2048,8,4,4
chunked_256_p4,1338,2048,2375,69901,9035719,95100,28827915,0,29085528,12544,7124117,1133746,5900583,256741,8,2048,0,2048,8,4,4
chunked_256_p4,1339,2048,2525,72096,7147470,98363,26196001,0,26596261,10750,7493348,984485,6383327,240111,8,2048,0,2048,8,4,4
chunked_256_p4,1340,2048,2325,71313,7435129,88377,26874836,0,27144670,12262,7622720,1011446,6486862,284494,8,2048,0,2048,8,4,4
chunked_256_p4,1341,2048,2154,69951,7459835,87624,26650453,0,26961707,13566,8308025,1465307,6704299,267161,8,2048,0,2048,8,4,4
chunked_256_p4,1342,2048,3257,81893,7480074,99124,27312104,0,27641580,12253,8026768,1192766,6743943,258465,8,2048,0,2048,8,4,4
chunked_256_p4,1343,2048,2735,135955,8259244,105298,31389839,0,31760664,11943,7725644,1007058,6637634,255689,8,2048,0,2048,8,4,4
chunked_256_p4,1344,2048,2204,66565,7400895,100507,27913591,0,28259758,13185,7819519,1127324,6608069,238648,8,2048,0,2048,8,4,4
chunked_256_p4,1345,2048,2144,70372,7346533,100659,27145161,0,27587871,13947,7493529,999304,6414606,249869,8,2048,0,2048,8,4,4
chunked_256_p4,1346,2048,2304,109134,7422606,91092,27893152,0,28183115,9658,7850768,972954,6803635,257894,8,2048,0,2048,8,4,4
chunked_256_p4,1347,2048,2765,72866,7583807,100298,27767756,0,28083309,11432,7795575,981560,6719838,264827,8,2048,0,2048,8,4,4
chunked_256_p4,1348,2048,2866,79990,7760359,97582,27317152,0,27654004,12794,10958014,1011136,9811935,270698,8,2048,0,2048,8,4,4
chunked_256_p4,1349,2048,2385,71454,7158380,92654,27183243,0,27504945,13244,8641751,1089322,7421273,266780,8,2048,0,2048,8,4,4
chunked_256_p4,1350,2048,2355,81934,7397178,90942,26520188,0,26988337,13094,8425967,1097267,7202223,254397,8,2048,0,2048,8,4,4
chunked_256_p4,1351,2048,2304,70412,7664038,92801,26832836,0,27157713,11582,8503752,1037575,7322998,288521,8,2048,0,2048,8,4,4
chunked_256_p4,1352,2048,2986,103855,7648889,93483,28369256,0,28709702,14477,35272206,1059046,34059463,246463,8,2048,0,2048,8,4,4
chunked_256_p4,1353,2048,2534,66364,7931460,79369,30064384,0,30566084,11802,8483234,1028828,7337826,252143,8,2048,0,2048,8,4,4
chunked_256_p4,1354,2048,2073,67707,8397914,94007,31595785,0,31960941,23574,8573323,1134898,7306367,240210,8,2048,0,2048,8,4,4
chunked_256_p4,1355,2048,2195,66996,8989052,88113,33483141,0,33823969,12394,8275916,993703,7203145,252523,8,2048,0,2048,8,4,4
chunked_256_p4,1356,2048,2314,68508,9196861,93576,34128391,0,34447802,11651,8411920,1012469,7319983,256541,8,2048,0,2048,8,4,4
chunked_256_p4,1357,2048,2935,69751,8725398,100649,32690926,0,33403644,11662,9416834,1006707,8266869,272221,8,2048,0,2048,8,4,4
chunked_256_p4,1358,2048,2725,69831,8848819,108011,32373191,0,32766378,13726,9290668,997069,8163694,258104,8,2048,0,2048,8,4,4
chunked_256_p4,1359,2048,2445,75522,8841185,98813,32447391,0,32813947,11271,9589979,1026374,8447758,238898,8,2048,0,2048,8,4,4
chunked_256_p4,1360,2048,2825,68498,9245312,97784,34279135,0,34653386,11922,8607176,1006637,7518265,251452,8,2048,0,2048,8,4,4
chunked_256_p4,1361,2048,2534,68950,10064979,88687,36512892,0,36903646,9568,8702275,962856,7606049,263123,8,2048,0,2048,8,4,4
chunked_256_p4,1362,2048,3587,77886,8678650,80281,31924901,0,32185561,10871,9473821,987261,8368048,235982,8,2048,0,2048,8,4,4
chunked_256_p4,1363,2048,2234,72907,8534601,88086,31745875,0,32036151,14387,9311266,1035962,8135622,252233,8,2048,0,2048,8,4,4
chunked_256_p4,1364,2048,2535,72355,8287907,81023,30958019,0,31375743,11882,9086454,1037295,7928073,237516,8,2048,0,2048,8,4,4
chunked_256_p4,1365,2048,2375,73137,8791041,99598,32846999,0,33182299,11662,8898142,984425,7825010,249588,8,2048,0,2048,8,4,4
chunked_256_p4,1366,2048,2695,80942,9160293,98233,33928786,0,34284143,10590,9028586,968025,7958791,272521,8,2048,0,2048,8,4,4
chunked_256_p4,1367,2048,3086,76854,8896598,85350,32592785,0,32871546,10620,10042067,1012718,8853758,268664,8,2048,0,2048,8,4,4
chunked_256_p4,1368,2048,2194,73177,8824043,94278,32494471,0,32861979,9508,9228922,1006237,8099224,251140,8,2048,0,2048,8,4,4
chunked_256_p4,1369,2048,1954,73758,8690733,96551,32018196,0,32439556,10240,9068952,992701,7995750,239660,8,2048,0,2048,8,4,4
chunked_256_p4,1370,2048,2625,77615,9461679,96411,34539353,0,34833304,13656,9059805,972123,8009977,232065,8,2048,0,2048,8,4,4
chunked_256_p4,1371,2048,2104,79429,9331884,84447,34321906,0,34559339,10720,9142329,954730,8085107,232647,8,2048,0,2048,8,4,4
chunked_256_p4,1372,2048,2113,74680,9141608,100949,33062575,0,33421548,11742,9533463,976421,8470260,273743,8,2048,0,2048,8,4,4
chunked_256_p4,1373,2048,2154,80691,9669658,79090,36098727,0,36381908,15810,9312589,983494,8249516,286076,8,2048,0,2048,8,4,4
chunked_256_p4,1374,2048,2635,74990,8752229,89688,32814370,0,33070139,13355,9412476,989725,8328213,249488,8,2048,0,2048,8,4,4
chunked_256_p4,1375,2048,2705,89989,8547795,94857,31109421,0,31481360,10710,9262916,983985,8198380,250891,8,2048,0,2048,8,4,4
chunked_256_p4,1376,2048,2224,70492,9304062,90830,33114089,0,33356406,11391,10933177,982141,9867549,254357,8,2048,0,2048,8,4,4
chunked_256_p4,1377,2048,2224,70182,8599372,88687,32550936,0,32811814,13165,10417530,990708,9260871,280837,8,2048,0,2048,8,4,4
chunked_256_p4,1378,2048,2514,68499,8920895,100979,33599831,0,33932274,12142,9535967,979877,8435795,249458,8,2048,0,2048,8,4,4
chunked_256_p4,1379,2048,2515,75181,9462480,97843,34256652,0,34576070,12464,9534074,985056,8434984,235882,8,2048,0,2048,8,4,4
chunked_256_p4,1380,2048,2244,71474,8908992,97934,32835417,0,33201204,9447,9676511,981209,8609550,261901,8,2048,0,2048,8,4,4
chunked_256_p4,1381,2048,2705,87434,8172401,76084,31180998,0,31530682,13846,9476516,983804,8413644,243306,8,2048,0,2048,8,4,4
chunked_256_p4,1382,2048,1974,72005,9331174,80491,35407349,0,35654484,28914,10088303,1130059,8818022,283873,8,2048,0,2048,8,4,4
chunked_256_p4,1383,2048,2795,89077,8933227,98694,33628935,0,33908169,14868,9821663,968336,8762558,249127,8,2048,0,2048,8,4,4
chunked_256_p4,1384,2048,2986,76533,9076116,99655,32724368,0,33052084,15409,9681561,998672,8568935,252473,8,2048,0,2048,8,4,4
chunked_256_p4,1385,2048,2555,73899,9095843,84188,34841769,0,35102499,11231,9810792,986800,8700110,252043,8,2048,0,2048,8,4,4
chunked_256_p4,1386,2048,2795,83035,9234192,89198,33211402,0,33685261,17002,10068526,976661,8997298,257062,8,2048,0,2048,8,4,4
chunked_256_p4,1387,2048,2465,71053,10846545,95348,35730295,0,35985935,12964,9979459,1047664,8845844,244809,8,2048,0,2048,8,4,4
chunked_256_p4,1388,2048,2354,68098,8753200,84408,32027674,0,32271481,10390,9619304,971571,8561371,237515,8,2048,0,2048,8,4,4
chunked_256_p4,1389,2048,3026,70813,8559076,99488,31805868,0,32100761,50866,10554257,1363516,9045198,251492,8,2048,0,2048,8,4,4
chunked_256_p4,1390,2048,2354,71784,9483118,100129,34035732,0,34325885,13205,10292505,1220739,8961480,245761,8,2048,0,2048,8,4,4
chunked_256_p4,1391,2048,2034,67236,8432348,75301,32282180,0,32592963,11481,9658878,986770,8573093,238367,8,2048,0,2048,8,4,4
chunked_256_p4,1392,2048,2154,68819,9435199,98825,35240639,0,35566509,12864,9604205,967394,8524301,241753,8,2048,0,2048,8,4,4
chunked_256_p4,1393,2048,2184,68038,9143682,91422,34068860,0,34310243,11722,9597603,957826,8522588,253194,8,2048,0,2048,8,4,4
chunked_256_p4,1394,2048,2214,70052,9335672,85870,34433333,0,34744576,13325,9884742,1013130,8785530,284513,8,2048,0,2048,8,4,4
chunked_256_p4,1395,2048,2255,69941,9173377,94555,35219728,0,35496555,14126,9859724,984035,8785100,245470,8,2048,0,2048,8,4,4
chunked_256_p4,1396,2048,2014,107552,9843164,95060,36291498,0,36544171,11552,10671366,963146,9574700,256902,8,2048,0,2048,8,4,4
chunked_256_p4,1397,2048,2254,71144,8672770,94958,31590975,0,31873597,9898,10115153,966732,9045077,253986,8,2048,0,2048,8,4,4
chunked_256_p4,1398,2048,2475,70882,8738433,78878,32118864,0,32446919,38662,9975892,1019541,8844221,260268,8,2048,0,2048,8,4,4
chunked_256_p4,1399,2048,2004,71784,8206716,82263,30768853,0,31134568,10590,10164957,984275,9077148,239930,8,2048,0,2048,8,4,4
chunked_256_p4,1400,2048,1903,69440,9429337,84708,34961635,0,35207075,11953,10223586,974207,9141919,253746,8,2048,0,2048,8,4,4
chunked_256_p4,1401,2048,2474,67727,8715589,83677,32815973,0,33132685,11362,10481821,1103860,9278405,247274,8,2048,0,2048,8,4,4
chunked_256_p4,1402,2048,2425,70201,8636502,97393,32834317,0,33101747,9808,10060942,972644,8993621,240551,8,2048,0,2048,8,4,4
chunked_256_p4,1403,2048,2956,70222,8415296,78306,32159630,0,32553700,17382,10322883,980719,9248278,252924,8,2048,0,2048,8,4,4
chunked_256_p4,1404,2048,2274,69571,7972867,76955,30684987,0,31056245,14286,10027078,1003611,8922067,237215,8,2048,0,2048,8,4,4
chunked_256_p4,1405,2048,3005,67517,7787390,95950,29827339,0,30307330,11492,10133107,984546,9062961,253105,8,2048,0,2048,8,4,4
chunked_256_p4,1406,2048,2154,69060,8652531,87224,32430147,0,32699694,16761,11128763,1432455,9552889,235782,8,2048,0,2048,8,4,4
chunked_256_p4,1407,2048,2555,79319,9111943,93416,34292529,0,34584637,12093,19523001,989685,18425122,246663,8,2048,0,2048,8,4,4
chunked_256_p4,1408,2048,2094,67878,11046810,107951,37904359,0,38215023,15700,10812630,992370,9677964,237815,8,2048,0,2048,8,4,4
chunked_256_p4,1409,2048,2495,69380,9234232,102782,34154811,0,34472678,12093,10478294,983624,9393470,245840,8,2048,0,2048,8,4,4
chunked_256_p4,1410,2048,2866,75371,8806740,90631,32656142,0,32927060,11612,10438239,1041933,9287693,243397,8,2048,0,2048,8,4,4
chunked_256_p4,1411,2048,2205,69099,10294389,99026,35499623,0,35774047,11031,10054971,973585,8976108,244318,8,2048,0,2048,8,4,4
chunked_256_p4,1412,2048,2444,69480,9373062,88195,34734247,0,35038678,11962,10283339,996989,9193196,248786,8,2048,0,2048,8,4,4
chunked_256_p4,1413,2048,2705,73127,8658222,93258,32601219,0,32858394,11462,10419674,997370,9262575,251221,8,2048,0,2048,8,4,4
chunked_256_p4,1414,2048,2545,69280,7706378,101469,29450170,0,29891560,10490,11422555,989475,10337470,245911,8,2048,0,2048,8,4,4
chunked_256_p4,1415,2048,1964,70623,8150560,90551,31027690,0,31474446,9177,10158164,984375,9085423,244498,8,2048,0,2048,8,4,4
chunked_256_p4,1416,2048,2334,70803,8590896,104727,31676786,0,32069062,17824,10300902,979306,9209536,254057,8,2048,0,2048,8,4,4
chunked_256_p4,1417,2048,2465,75352,8855703,86292,31902440,0,32524707,12453,10076831,985277,8993079,250259,8,2048,0,2048,8,4,4
chunked_256_p4,1418,2048,2835,70412,8727873,91172,32368633,0,32734079,8746,10194732,984896,9112454,246683,8,2048,0,2048,8,4,4
chunked_256_p4,1419,2048,2655,75181,9033887,82124,33874055,0,34201999,9197,10236941,985327,9139595,245259,8,2048,0,2048,8,4,4
chunked_256_p4,1420,2048,2354,69991,9236666,95350,34900299,0,35199922,13055,10036967,983283,8963164,263765,8,2048,0,2048,8,4,4
chunked_256_p4,1421,2048,3306,73408,9152399,82102,34239890,0,34497003,9728,10333743,970038,9258297,248166,8,2048,0,2048,8,4,4
chunked_256_p4,1422,2048,2264,68819,9151307,98534,33682878,0,33960346,11832,10256959,986930,9164922,258224,8,2048,0,2048,8,4,4
chunked_256_p4,1423,2048,2464,73458,9420952,101919,34104147,0,34445005,13666,10164887,977673,9095031,250519,8,2048,0,2048,8,4,4
chunked_256_p4,1424,2048,2405,88516,8656528,96892,31968533,0,32315353,16191,10871502,1038186,9718079,248606,8,2048,0,2048,8,4,4
chunked_256_p4,1425,2048,2194,75221,9225065,98102,33218925,0,33516924,15118,10379259,1003241,9265110,244518,8,2048,0,2048,8,4,4
chunked_256_p4,1426,2048,2465,71133,8977420,85972,34227228,0,34504419,14267,10468416,994744,9378251,245881,8,2048,0,2048,8,4,4
chunked_256_p4,1427,2048,2094,70862,8574705,80081,32438923,0,32727586,12413,10601135,1003121,9490091,261460,8,2048,0,2048,8,4,4
chunked_256_p4,1428,2048,2224,68538,8711272,86141,32185822,0,32538351,10670,10477433,976320,9396897,238467,8,2048,0,2048,8,4,4
chunked_256_p4,1429,2048,2315,69270,8385541,82587,31513770,0,31756297,10119,10910314,1004884,9787249,245089,8,2048,0,2048,8,4,4
chunked_256_p4,1430,2048,2204,70322,9146758,87202,32587142,0,32814467,15439,10454279,1006838,9332827,271408,8,2048,0,2048,8,4,4
chunked_256_p4,1431,2048,2254,71885,8951922,101921,33987809,0,34277312,14096,10217885,973034,9137480,241232,8,2048,0,2048,8,4,4
chunked_256_p4,1432,2048,2515,79810,8917077,103033,33466272,0,33743350,10399,10600673,989485,9507905,251622,8,2048,0,2048,8,4,4
chunked_256_p4,1433,2048,2365,68669,8512930,102091,32143741,0,32466798,13405,10594623,1007258,9447141,237635,8,2048,0,2048,8,4,4
chunked_256_p4,1434,2048,2224,70593,10123359,85592,37619667,0,37903330,12173,10855752,1066820,9679356,271970,8,2048,0,2048,8,4,4
chunked_256_p4,1435,2048,2475,70262,9329681,94138,33366977,0,33641462,11922,10948095,975008,9856669,237355,8,2048,0,2048,8,4,4
chunked_256_p4,1436,2048,2395,69029,8772306,80071,33033018,0,33396752,16381,10629057,1004814,9507544,245521,8,2048,0,2048,8,4,4
chunked_256_p4,1437,2048,2845,69600,9273626,92352,34051847,0,34377410,15238,10306963,1016395,9194518,237475,8,2048,0,2048,8,4,4
chunked_256_p4,1438,2048,2845,68057,8815006,96131,32439495,0,32730963,9287,10901718,994805,9793060,267241,8,2048,0,2048,8,4,4
chunked_256_p4,1439,2048,2415,67346,9398870,74911,33164297,0,33402083,10289,10724486,1002149,9610327,239058,8,2048,0,2048,8,4,4
chunked_256_p4,1440,2048,2374,70973,7957007,87904,30363114,0,30925376,21039,10517908,983484,9428045,236464,8,2048,0,2048,8,4,4
chunked_256_p4,1441,2048,2234,74129,8932005,94577,32888347,0,33163083,11612,10918189,1115210,9678775,238638,8,2048,0,2048,8,4,4
chunked_256_p4,1442,2048,2755,68027,8561250,87947,31532096,0,31817081,18004,10752538,972493,9666703,241653,8,2048,0,2048,8,4,4
chunked_256_p4,1443,2048,2414,66925,9398941,73379,33895847,0,34136308,18685,10639717,990988,9526110,252223,8,2048,0,2048,8,4,4
chunked_256_p4,1444,2048,2354,65883,8019004,80150,30872399,0,31195543,13946,10713886,1010264,9602031,254678,8,2048,0,2048,8,4,4
chunked_256_p4,1445,2048,2564,66334,8465110,83758,31403563,0,31838830,11742,10345355,977572,9262494,238427,8,2048,0,2048,8,4,4
chunked_256_p4,1446,2048,2494,66465,7992454,89317,30840286,0,31238674,11050,10658702,986189,9556927,260489,8,2048,0,2048,8,4,4
chunked_256_p4,1447,2048,2434,74209,9363845,93825,33598530,0,33891709,11602,10767686,1024882,9632749,241282,8,2048,0,2048,8,4,4
chunked_256_p4,1448,2048,2054,102562,8632764,98405,32414440,0,32748907,14006,10730437,1024501,9608334,253866,8,2048,0,2048,8,4,4
chunked_256_p4,1449,2048,2023,66324,8293147,117680,31985636,0,32406051,11782,10735156,1019191,9605678,247184,8,2048,0,2048,8,4,4
chunked_256_p4,1450,2048,2334,73408,7937902,86553,30293172,0,30716847,12023,10893312,987822,9798299,247013,8,2048,0,2048,8,4,4
chunked_256_p4,1451,2048,2645,68308,7963600,98425,30606329,0,30981793,13916,10815386,970860,9750239,248766,8,2048,0,2048,8,4,4
chunked_256_p4,1452,2048,1944,66765,7758615,107740,29965879,0,30276890,9889,11808829,1025322,10671536,248055,8,2048,0,2048,8,4,4
chunked_256_p4,1453,2048,4738,69660,9415883,97293,33822018,0,34106322,13686,11055126,993673,9938653,240821,8,2048,0,2048,8,4,4
chunked_256_p4,1454,2048,2535,70082,8567602,88348,31792603,0,32079061,11311,10743061,986078,9664579,249538,8,2048,0,2048,8,4,4
chunked_256_p4,1455,2048,3096,92764,8989103,84980,32540064,0,33046677,12924,10735546,980899,9630074,242515,8,2048,0,2048,8,4,4
chunked_256_p4,1456,2048,3326,71995,8609951,84058,32894838,0,33252540,11070,11192322,992921,10097500,236423,8,2048,0,2048,8,4,4
chunked_256_p4,1457,2048,2195,67697,8348581,96420,31774730,0,32024066,15018,11006475,997821,9900881,263464,8,2048,0,2048,8,4,4
chunked_256_p4,1458,2048,2024,67977,9099981,81813,33838221,0,34156164,12694,11013868,985117,9909278,276429,8,2048,0,2048,8,4,4
chunked_256_p4,1459,2048,2585,74369,9099108,107852,33503550,0,33897529,14868,11473350,963666,10384949,246082,8,2048,0,2048,8,4,4
chunked_256_p4,1460,2048,2315,69621,9209756,88938,34020843,0,34274378,12523,11091233,983223,10017581,247474,8,2048,0,2048,8,4,4
chunked_256_p4,1461,2048,2224,68799,9209716,95421,33534709,0,33961659,12464,11190730,967013,10089636,268353,8,2048,0,2048,8,4,4
chunked_256_p4,1462,2048,2134,73197,10386863,302085,38562997,0,39136941,18224,11550264,977483,10436716,248947,8,2048,0,2048,8,4,4
chunked_256_p4,1463,2048,2455,67797,9081285,96222,34647856,0,34979949,26340,11120548,1035331,9961776,249978,8,2048,0,2048,8,4,4
chunked_256_p4,1464,2048,3196,74660,8970006,99355,34234181,0,34537278,9988,11405522,975408,10308416,244649,8,2048,0,2048,8,4,4
chunked_256_p4,1465,2048,1994,68459,8619499,88688,32580360,0,32890933,9568,11455456,996989,10341488,245891,8,2048,0,2048,8,4,4
chunked_256_p4,1466,2048,2955,73077,9500070,86943,36179248,0,36457779,12794,11489400,979476,10379669,242845,8,2048,0,2048,8,4,4
chunked_256_p4,1467,2048,3256,103644,9194638,98932,33507128,0,33826415,12944,11404761,977642,10287898,238357,8,2048,0,2048,8,4,4
chunked_256_p4,1468,2048,2405,71484,8250227,92515,31157271,0,31491248,14036,11673695,967013,10577941,240882,8,2048,0,2048,8,4,4
chunked_256_p4,1469,2048,2245,68167,9488790,90773,35103311,0,35387864,16210,11430369,1007990,10291885,288972,8,2048,0,2048,8,4,4
chunked_256_p4,1470,2048,2915,72225,8453889,99486,32507883,0,32913804,10760,11720072,1050589,10551592,235982,8,2048,0,2048,8,4,4
chunked_256_p4,1471,2048,2495,68128,8711692,111939,32666053,0,33073916,18364,11826131,1197535,10501768,272050,8,2048,0,2048,8,4,4
chunked_256_p4,1472,2048,3647,73889,9177616,107300,35407432,0,35761052,21811,11412486,1029980,10263832,212017,8,2048,0,2048,8,4,4
chunked_256_p4,1473,2048,2134,73818,9428166,89448,35408342,0,35659342,14116,11701126,1002400,10556661,236905,8,2048,0,2048,8,4,4
chunked_256_p4,1474,2048,2776,69881,9325553,98202,35051050,0,35487408,15038,11623491,1117275,10371885,244829,8,2048,0,2048,8,4,4
chunked_256_p4,1475,2048,3577,99366,9872659,115168,36005544,0,36291499,13846,11758544,1020423,10606295,238888,8,2048,0,2048,8,4,4
chunked_256_p4,1476,2048,2304,70251,10328884,100859,37201934,0,37515953,12713,11634251,1154595,10366334,239549,8,2048,0,2048,8,4,4
chunked_256_p4,1477,2048,1984,65853,9797498,105497,36537539,0,36843783,13124,6823071,977813,5723830,260699,8,2048,0,2048,8,4,4
chunked_256_p4,1478,2048,3256,75431,10174304,117841,36176642,0,36488689,11873,7189389,994665,6094385,259376,8,2048,0,2048,8,4,4
chunked_256_p4,1479,2048,2475,66595,9987264,112440,36505327,0,37318913,10479,7028336,961883,5946248,255569,8,2048,0,2048,8,4,4
chunked_256_p4,1480,2048,2575,67026,10293848,100447,38690556,0,39053526,14608,7355390,1016135,6244577,264897,8,2048,0,2048,8,4,4
chunked_256_p4,1481,2048,2345,69390,10777705,101390,40057687,0,40366278,20158,7647377,1004162,6531885,246863,8,2048,0,2048,8,4,4
chunked_256_p4,1482,2048,2003,70762,10400137,82934,38741599,0,39003580,13976,7553050,1005105,6456815,284584,8,2048,0,2048,8,4,4
chunked_256_p4,1483,2048,2805,75131,10306542,136645,38645569,0,38974487,10520,7667014,1015635,6544028,294783,8,2048,0,2048,8,4,4
chunked_256_p4,1484,2048,2425,70913,10224238,100759,37577631,0,37868714,12443,8235709,1158762,6955199,257252,8,2048,0,2048,8,4,4
chunked_256_p4,1485,2048,6112,162705,10343562,102602,38846008,0,39267938,13906,8937225,1463984,7351312,255839,8,2048,0,2048,8,4,4
chunked_256_p4,1486,2048,2484,74920,10682828,90258,39073955,0,39428076,11782,7651575,974317,6589073,259867,8,2048,0,2048,8,4,4
chunked_256_p4,1487,2048,2294,71905,10135832,100797,37558153,0,37920089,12504,7812727,976000,6758109,241032,8,2048,0,2048,8,4,4
chunked_256_p4,1488,2048,2384,71784,9918636,107191,37586517,0,37889773,12313,7985270,987321,6871112,241643,8,2048,0,2048,8,4,4
chunked_256_p4,1489,2048,2916,69581,11058512,596660,42205827,0,43121584,12303,9195660,1069665,8018283,257994,8,2048,0,2048,8,4,4
chunked_256_p4,1490,2048,3887,73107,12355193,125876,46173322,0,46749263,18435,41940528,1344340,40458048,298540,8,2048,0,2048,8,4,4
chunked_256_p4,1491,2048,2746,67917,12289170,95000,44836166,0,45158702,15358,8638154,1002650,7524136,147517,8,2048,0,2048,8,4,4
chunked_256_p4,1492,2048,1953,68298,12050682,96981,45958301,0,46292065,11822,8550100,964979,7471007,287870,8,2048,0,2048,8,4,4
chunked_256_p4,1493,2048,2905,108023,11264438,94296,42869018,0,43171877,14778,8800930,986680,7684036,246933,8,2048,0,2048,8,4,4
chunked_256_p4,1494,2048,2615,70302,11282712,91013,43128114,0,43485486,11602,8866042,1050900,7688624,248135,8,2048,0,2048,8,4,4
chunked_256_p4,1495,2048,2475,70532,11572546,87692,43072079,0,43355590,16881,8681706,980949,7586001,282880,8,2048,0,2048,8,4,4
chunked_256_p4,1496,2048,2725,66093,11386506,89027,41862570,0,42135254,8807,8627444,1010053,7500041,243697,8,2048,0,2048,8,4,4
chunked_256_p4,1497,2048,2465,76994,12481200,100218,47143613,0,47505219,9938,8842758,1048566,7696018,253936,8,2048,0,2048,8,4,4
chunked_256_p4,1498,2048,2264,69861,12254664,109394,46557864,0,46880278,19447,9464474,1037976,8288940,248265,8,2048,0,2048,8,4,4
chunked_256_p4,1499,2048,2525,70512,12497229,98966,47772623,0,48134979,13776,9664479,1234545,8274042,250149,8,2048,0,2048,8,4,4
chunked_256_p4,1500,2048,2736,72426,11042512,91043,42421409,0,42784422,12954,9319351,1010073,8193992,254066,8,2048,0,2048,8,4,4
chunked_256_p4,1501,2048,4358,72876,10953815,78639,40319598,0,40551614,12213,10066002,1322610,8617586,237335,8,2048,0,2048,8,4,4
chunked_256_p4,1502,2048,2074,81202,12181878,87033,43604829,0,43923026,11181,9179590,984807,8102500,248195,8,2048,0,2048,8,4,4
chunked_256_p4,1503,2048,2194,70302,11260331,97884,42021599,0,42339396,15388,9738667,1037735,8559827,244148,8,2048,0,2048,8,4,4
chunked_256_p4,1504,2048,2184,70642,10802532,101749,40726310,0,41211429,16851,9601350,1262086,8196016,247564,8,2048,0,2048,8,4,4
chunked_256_p4,1505,2048,2595,69881,11501753,102102,43372854,0,43713472,9678,9302630,980949,8237673,259627,8,2048,0,2048,8,4,4
chunked_256_p4,1506,2048,2856,69090,10660997,99976,40765044,0,41059856,18254,9216609,987892,8129951,247083,8,2048,0,2048,8,4,4
chunked_256_p4,1507,2048,2195,70783,10982359,97270,40698670,0,41050247,11582,9233501,1023980,8120374,236153,8,2048,0,2048,8,4,4
chunked_256_p4,1508,2048,2024,67948,10987369,109072,40950061,0,41302501,15830,9174881,1016606,8061744,230953,8,2048,0,2048,8,4,4
chunked_256_p4,1509,2048,2484,70031,11147529,81443,41228122,0,41458014,11421,9040138,999164,7964111,246873,8,2048,0,2048,8,4,4
chunked_256_p4,1510,2048,2034,74910,10817009,86842,41491957,0,41925057,12464,9280389,1156758,8039512,240080,8,2048,0,2048,8,4,4
chunked_256_p4,1511,2048,2555,71704,11488028,89657,43654843,0,43969431,11822,9338928,986239,8250458,248817,8,2048,0,2048,8,4,4
chunked_256_p4,1512,2048,2946,69680,11979077,94716,44525374,0,44836387,12022,9058732,972493,7998906,240612,8,2048,0,2048,8,4,4
chunked_256_p4,1513,2048,1994,70823,12474476,83287,45512656,0,45793111,11902,9229793,984576,8162974,245570,8,2048,0,2048,8,4,4
chunked_256_p4,1514,2048,2345,69350,10886520,97332,41670151,0,41965694,13235,9726895,975820,8603890,311414,8,2048,0,2048,8,4,4
chunked_256_p4,1515,2048,4118,75442,11700596,106269,44838331,0,45216641,13075,9229513,995546,8141173,249207,8,2048,0,2048,8,4,4
chunked_256_p4,1516,2048,2385,71314,10815376,92142,41593658,0,41872941,13245,9501794,978113,8428973,235612,8,2048,0,2048,8,4,4
chunked_256_p4,1517,2048,2735,70061,11434006,81404,42637614,0,42924029,10480,9527932,971721,8448669,251321,8,2048,0,2048,8,4,4
chunked_256_p4,1518,2048,2034,75812,10310229,89539,40000911,0,40345739,9618,9447462,982692,8373357,250490,8,2048,0,2048,8,4,4
chunked_256_p4,1519,2048,2184,70112,12032497,91501,44244866,0,44525495,19216,9854625,973925,8774991,232606,8,2048,0,2048,8,4,4
chunked_256_p4,1520,2048,2535,78537,12203819,106317,45070957,0,45392096,9357,10047206,1041813,8894074,256391,8,2048,0,2048,8,4,4
chunked_256_p4,1521,2048,2094,76133,14605642,98625,45134338,0,45500042,14487,10563694,996899,9468240,63529,8,2048,0,2048,8,4,4
chunked_256_p4,1522,2048,1402,70893,11823516,96480,43677834,0,43980312,11672,10720198,989124,9622430,198793,8,2048,0,2048,8,4,4
chunked_256_p4,1523,2048,3146,220754,12538696,89219,46099333,0,46464499,11421,9956686,999624,8832118,255429,8,2048,0,2048,8,4,4
chunked_256_p4,1524,2048,2535,208731,11450898,95930,42462046,0,42824716,13726,9951026,1007338,8820897,246271,8,2048,0,2048,8,4,4
chunked_256_p4,1525,2048,2465,74721,11869753,90080,44395951,0,44763421,10710,9739980,990797,8642302,248096,8,2048,0,2048,8,4,4
chunked_256_p4,1526,2048,2164,80130,11540946,82935,42811821,0,43110152,21300,9590089,986639,8493143,247073,8,2048,0,2048,8,4,4
chunked_256_p4,1527,2048,2314,79820,12443539,97833,44747742,0,45137653,12123,9864153,984466,8762197,270457,8,2048,0,2048,8,4,4
chunked_256_p4,1528,2048,2655,74881,11154592,119154,42260370,0,42647073,12033,10041085,973665,8925834,241463,8,2048,0,2048,8,4,4
chunked_256_p4,1529,2048,3096,104085,11648798,86662,43810284,0,44268564,13245,9960353,997319,8869418,236062,8,2048,0,2048,8,4,4
chunked_256_p4,1530,2048,2805,97593,10970287,86441,42361419,0,42763871,14357,9920759,993021,8798705,240651,8,2048,0,2048,8,4,4
chunked_256_p4,1531,2048,2204,164358,11367852,81532,43198816,0,43470715,11362,10847537,980017,9718379,282820,8,2048,0,2048,8,4,4
chunked_256_p4,1532,2048,2485,69590,11478570,103955,42300543,0,42603471,15780,10035394,997630,8926024,241864,8,2048,0,2048,8,4,4
chunked_256_p4,1533,2048,2816,72495,11064834,90280,42445125,0,42746528,11452,9795454,976180,8720639,244850,8,2048,0,2048,8,4,4
chunked_256_p4,1534,2048,1984,72416,10743952,72645,40351758,0,40734647,18224,9966424,1000917,8857896,253726,8,2048,0,2048,8,4,4
chunked_256_p4,1535,2048,2124,69390,11072698,100648,42412172,0,42724839,11602,9933392,1018199,8818673,250610,8,2048,0,2048,8,4,4
chunked_256_p4,1536,2048,3497,75482,11136999,105740,42777587,0,43107836,18885,9937850,1003010,8833220,239929,8,2048,0,2048,8,4,4
chunked_256_p4,1537,2048,2604,68088,11927691,104737,43548053,0,43837495,17553,9908565,1014943,8781854,244668,8,2048,0,2048,8,4,4
chunked_256_p4,1538,2048,2655,74880,12076600,120766,43454255,0,43798791,13916,10053778,1009253,8947685,250700,8,2048,0,2048,8,4,4
chunked_256_p4,1539,2048,3647,79148,11870694,108263,44147163,0,44530914,15118,10189863,986690,9089951,268203,8,2048,0,2048,8,4,4
chunked_256_p4,1540,2048,1964,65643,13965312,108522,51168800,0,51608230,16451,10131814,980307,9016203,241794,8,2048,0,2048,8,4,4
chunked_256_p4,1541,2048,2184,67046,11654479,107341,44130994,0,44512249,11401,10350896,979727,9233932,246041,8,2048,0,2048,8,4,4
chunked_256_p4,1542,2048,2404,76553,10645497,89057,40641072,0,41145819,15429,10044951,1003792,8948145,100849,8,2048,0,2048,8,4,4
chunked_256_p4,1543,2048,2655,70102,10949648,104596,41789644,0,42169656,11311,10240118,987151,9147719,186009,8,2048,0,2048,8,4,4
chunked_256_p4,1544,2048,2124,68127,11631836,121952,45059526,0,45437004,10941,10178793,1053065,9026973,239920,8,2048,0,2048,8,4,4
chunked_256_p4,1545,2048,2345,68188,11306136,97724,43240176,0,43572507,12313,10600644,987581,9502264,231744,8,2048,0,2048,8,4,4
chunked_256_p4,1546,2048,1713,66996,11117403,111519,42926176,0,43217551,12684,10481240,980278,9394312,254918,8,2048,0,2048,8,4,4
chunked_256_p4,1547,2048,2725,71073,11036962,106360,42503034,0,42927049,12002,10308776,1010234,9206330,214713,8,2048,0,2048,8,4,4
chunked_256_p4,1548,2048,3456,218961,11485593,92313,43446973,0,43733650,17393,10642342,1085855,9445878,248095,8,2048,0,2048,8,4,4
chunked_256_p4,1549,2048,1964,71063,11134745,97604,42517078,0,42817002,11041,10465440,979236,9402447,245160,8,2048,0,2048,8,4,4
chunked_256_p4,1550,2048,2435,71434,11015180,86833,42002985,0,42289141,10059,10075098,994935,8979685,252664,8,2048,0,2048,8,4,4
chunked_256_p4,1551,2048,2084,84679,10903802,89066,41632620,0,41955598,11442,10379429,988873,9275369,236975,8,2048,0,2048,8,4,4
chunked_256_p4,1552,2048,2165,71174,10774600,93124,40889617,0,41270813,13375,10549868,985268,9461427,241634,8,2048,0,2048,8,4,4
chunked_256_p4,1553,2048,2685,66074,11208453,103503,41867179,0,42137585,15018,10378918,990998,9279296,245100,8,2048,0,2048,8,4,4
chunked_256_p4,1554,2048,2364,67958,10949117,101511,42621105,0,42902340,13145,10684251,980127,9584027,49663,8,2048,0,2048,8,4,4
chunked_256_p4,1555,2048,1442,66725,11456898,106219,41779948,0,42090319,12284,10708706,1018860,9577175,101160,8,2048,0,2048,8,4,4
chunked_256_p4,1556,2048,1914,69099,11562447,112791,44212907,0,44541514,15729,11870484,1024110,10735517,281328,8,2048,0,2048,8,4,4
chunked_256_p4,1557,2048,2064,68899,11827764,90119,43248029,0,43607384,12554,10557553,1048075,9407517,244759,8,2048,0,2048,8,4,4
chunked_256_p4,1558,2048,2104,68860,10426668,105417,40367890,0,40687830,10399,10418632,989425,9319211,252834,8,2048,0,2048,8,4,4
chunked_256_p4,1559,2048,2164,79629,10423030,84458,40002655,0,40252934,12524,10349333,998261,9239251,247865,8,2048,0,2048,8,4,4
chunked_256_p4,1560,2048,2294,81192,11180822,101729,41622671,0,41990381,11151,10349373,996348,9260271,275045,8,2048,0,2048,8,4,4
chunked_256_p4,1561,2048,3847,73288,12300611,114827,44565450,0,44937666,14998,10195063,1003071,9081325,94417,8,2048,0,2048,8,4,4
chunked_256_p4,1562,2048,2054,90119,12353540,106858,45651465,0,45944654,10930,10477042,974737,9407297,73077,8,2048,0,2048,8,4,4
chunked_256_p4,1563,2048,3607,175659,12413372,106480,43493449,0,43804903,8556,10469257,967203,9390966,247024,8,2048,0,2048,8,4,4
chunked_256_p4,1564,2048,3006,78888,10736849,105620,41633093,0,42033132,11812,10595504,1004744,9488138,257853,8,2048,0,2048,8,4,4
chunked_256_p4,1565,2048,2545,72646,14202797,111299,51484421,0,51789754,15790,10852706,977763,9760419,251011,8,2048,0,2048,8,4,4
chunked_256_p4,1566,2048,2584,70472,11654880,79698,43088920,0,43523245,11241,10609180,986750,9519336,268473,8,2048,0,2048,8,4,4
chunked_256_p4,1567,2048,3186,72035,11421433,92785,41799796,0,42199373,13866,10638535,984145,9548741,240190,8,2048,0,2048,8,4,4
chunked_256_p4,1568,2048,2224,69761,11726244,80402,44957966,0,45247507,14357,10942795,985347,9835399,241623,8,2048,0,2048,8,4,4
chunked_256_p4,1569,2048,3185,70712,11864102,87946,45553312,0,45938085,14067,11203304,982321,10102419,254938,8,2048,0,2048,8,4,4
chunked_256_p4,1570,2048,2385,70542,11192112,91071,41112716,0,41555686,14166,10884656,990677,9783602,243957,8,2048,0,2048,8,4,4
chunked_256_p4,1571,2048,2635,71795,11132050,90531,41042414,0,41352637,13476,10743682,1021084,9621458,240892,8,2048,0,2048,8,4,4
chunked_256_p4,1572,2048,2224,76453,10809315,82887,40787777,0,41185474,16742,10701603,985888,9585921,128982,8,2048,0,2048,8,4,4
chunked_256_p4,1573,2048,2074,86593,12862184,95107,48244067,0,48857245,12513,10691534,976611,9595539,279294,8,2048,0,2048,8,4,4
chunked_256_p4,1574,2048,2585,74189,11437963,97663,43320325,0,43605308,11411,10753309,978815,9651334,191850,8,2048,0,2048,8,4,4
chunked_256_p4,1575,2048,2274,75432,11235184,98774,42696755,0,43046210,8005,10597908,966252,9533142,250189,8,2048,0,2048,8,4,4
chunked_256_p4,1576,2048,2565,73497,11170011,104484,42784242,0,43199719,13625,10915664,1071799,9730513,227747,8,2048,0,2048,8,4,4
chunked_256_p4,1577,2048,3386,222797,12792153,90600,44746768,0,45086868,11521,11111681,1071378,9894109,252693,8,2048,0,2048,8,4,4
chunked_256_p4,1578,2048,2575,70031,12870118,89269,46399850,0,46696184,12243,10954918,994765,9834878,286988,8,2048,0,2048,8,4,4
chunked_256_p4,1579,2048,2905,70452,11316015,97184,42935574,0,43244153,11902,10908440,1013089,9780626,267421,8,2048,0,2048,8,4,4
chunked_256_p4,1580,2048,4007,133029,11428365,101609,43513388,0,43794792,13646,11018827,988222,9898337,237966,8,2048,0,2048,8,4,4
chunked_256_p4,1581,2048,1934,79980,11901472,97563,44364903,0,44642162,14087,10705961,1011456,9573037,240611,8,2048,0,2048,8,4,4
chunked_256_p4,1582,2048,2435,70963,11961094,85230,44845201,0,45097787,11662,10884856,970780,9785355,245400,8,2048,0,2048,8,4,4
chunked_256_p4,1583,2048,2425,71504,11040578,92001,41946748,0,42282125,10549,10888293,990727,9776308,262271,8,2048,0,2048,8,4,4
chunked_256_p4,1584,2048,2344,103023,11094840,77265,42108894,0,42354655,10961,10836596,973395,9764877,296486,8,2048,0,2048,8,4,4
chunked_256_p4,1585,2048,2825,68949,10741648,97563,41637130,0,41975063,15319,10902990,988864,9780727,238297,8,2048,0,2048,8,4,4
chunked_256_p4,1586,2048,2595,68218,11390825,92754,42961301,0,43265410,11291,11085884,978625,9977234,247413,8,2048,0,2048,8,4,4
chunked_256_p4,1587,2048,2505,68589,12807040,90478,47919756,0,48215382,12223,11841180,971692,10754752,257743,8,2048,0,2048,8,4,4
chunked_256_p4,1588,2048,2455,75060,11650782,81855,43267746,0,43538352,9648,11309032,977432,10224899,260228,8,2048,0,2048,8,4,4
chunked_256_p4,1589,2048,2325,74008,12730516,114595,49364176,0,49849336,17473,12442396,1015384,11275489,258865,8,2048,0,2048,8,4,4
chunked_256_p4,1590,2048,2685,170639,12095416,96181,43611979,0,43960924,11382,11521540,987983,10407060,250049,8,2048,0,2048,8,4,4
chunked_256_p4,1591,2048,3627,81453,11267935,91200,42892271,0,43218213,18003,11483589,981069,10365864,250820,8,2048,0,2048,8,4,4
chunked_256_p4,1592,2048,2204,69460,12625509,109487,48816418,0,49128586,15860,11361120,997991,10225951,284954,8,2048,0,2048,8,4,4
chunked_256_p4,1593,2048,2746,87143,12346717,105558,46120523,0,46489836,15088,11153139,1039789,9972736,233508,8,2048,0,2048,8,4,4
chunked_256_p4,1594,2048,2174,66685,11872558,107751,45402438,0,45675640,10440,11674487,1013510,10508481,237896,8,2048,0,2048,8,4,4
chunked_256_p4,1595,2048,2464,82916,12930291,94107,47425260,0,47740762,12704,11257305,1024080,10113219,237525,8,2048,0,2048,8,4,4
chunked_256_p4,1596,2048,3076,67287,11976042,109996,43441582,0,43851058,11752,11205718,976721,10115945,240541,8,2048,0,2048,8,4,4
chunked_256_p4,1597,2048,2284,70692,12234115,108040,46388457,0,46697484,10078,10957071,989405,9854705,237115,8,2048,0,2048,8,4,4
chunked_256_p4,1598,2048,2695,68228,11757131,99026,43192784,0,43495382,12484,11501142,1017397,10344994,247124,8,2048,0,2048,8,4,4
chunked_256_p4,1599,2048,2605,73007,11942940,89717,45208674,0,45608542,10089,11083499,983955,9980501,250369,8,2048,0,2048,8,4,4
chunked_256_p4,1600,2048,2645,77615,11987794,114547,45390484,0,45692565,12143,11706958,1007589,10572221,240912,8,2048,0,2048,8,4,4
chunked_256_p4,1601,2048,2515,71534,12104022,96464,46697164,0,47087478,15238,11490812,984756,10373488,239780,8,2048,0,2048,8,4,4
chunked_256_p4,1602,2048,3396,76864,11996400,92713,45820352,0,46101188,12904,20647368,995817,19502382,299932,8,2048,0,2048,8,4,4
chunked_256_p4,1603,2048,2575,81874,12238254,91642,45491576,0,45809620,12533,11952397,1198206,10599201,250831,8,2048,0,2048,8,4,4
chunked_256_p4,1604,2048,2755,77044,11752974,119756,44936853,0,45291842,12223,12017640,984315,10899614,276999,8,2048,0,2048,8,4,4
chunked_256_p4,1605,2048,2134,84168,11645602,116837,43708184,0,44123088,18876,11675698,1085194,10434452,201578,8,2048,0,2048,8,4,4
chunked_256_p4,1606,2048,2435,78727,11345009,95667,43983758,0,44230731,13575,12055501,989665,10944779,234349,8,2048,0,2048,8,4,4
chunked_256_p4,1607,2048,3557,82685,11922892,119965,45897818,0,46218347,10941,11427775,976320,10342229,243907,8,2048,0,2048,8,4,4
chunked_256_p4,1608,2048,2535,83406,11399020,101230,43547653,0,43895110,15920,12235709,1061170,11028966,240271,8,2048,0,2048,8,4,4
chunked_256_p4,1609,2048,1864,72195,11775526,98155,44458880,0,44840416,14277,12532956,1007919,11405322,196177,8,2048,0,2048,8,4,4
chunked_256_p4,1610,2048,2194,73187,10703356,91481,40116036,0,40583474,11111,12086830,988964,10964886,133700,8,2048,0,2048,8,4,4
chunked_256_p4,1611,2048,3276,226093,12284660,100998,45241439,0,45554152,13274,11779523,985728,10661127,236594,8,2048,0,2048,8,4,4
chunked_256_p4,1612,2048,2064,88596,13534714,102501,49377981,0,50650937,13525,11813076,1119078,10556151,252113,8,2048,0,2048,8,4,4
chunked_256_p4,1613,2048,2685,79910,11800664,95539,45325948,0,45617181,10780,11725212,989966,10598059,248917,8,2048,0,2048,8,4,4
chunked_256_p4,1614,2048,2063,72756,11195559,91932,43111174,0,43667616,9167,11478449,1002750,10337180,255169,8,2048,0,2048,8,4,4
chunked_256_p4,1615,2048,2956,93225,12888272,100729,46394288,0,46754152,12203,11555073,999925,10400078,250029,8,2048,0,2048,8,4,4
chunked_256_p4,1616,2048,2274,73708,13145464,97523,48934501,0,49306128,14618,11553230,999283,10409515,239619,8,2048,0,2048,8,4,4
chunked_256_p4,1617,2048,2495,69381,11396656,84960,42616123,0,42891894,11953,6984394,1013099,5839657,240922,8,2048,0,2048,8,4,4
chunked_256_p4,1618,2048,2204,69861,12814473,84120,46481331,0,47996453,12824,7458783,965731,6356807,251121,8,2048,0,2048,8,4,4
chunked_256_p4,1619,2048,2845,72456,13710584,108552,49182496,0,49647307,11381,7475645,976420,6348843,308849,8,2048,0,2048,8,4,4
chunked_256_p4,1620,2048,3326,98104,12919851,126938,48116477,0,48552704,15510,8552124,1195231,7235274,253565,8,2048,0,2048,8,4,4
chunked_256_p4,1621,2048,2375,70453,12299078,99815,47756339,0,48132748,14417,7501874,1015624,6380181,255239,8,2048,0,2048,8,4,4
chunked_256_p4,1622,2048,2485,81814,12116445,110446,45976132,0,46371804,10811,7449146,983895,6375222,241693,8,2048,0,2048,8,4,4
chunked_256_p4,1623,2048,2454,77235,11924966,105709,46036555,0,46398795,15189,7376369,1000496,6282718,244899,8,2048,0,2048,8,4,4
chunked_256_p4,1624,2048,2364,75551,13475704,83750,49511060,0,49841211,12113,7794753,997090,6696815,251341,8,2048,0,2048,8,4,4
chunked_256_p4,1625,2048,2675,75762,13695455,97103,51608054,0,51922201,12564,8166370,1068062,6942275,247003,8,2048,0,2048,8,4,4
chunked_256_p4,1626,2048,2374,74790,13238158,91520,50298408,0,50599731,14357,7944344,996328,6833170,239359,8,2048,0,2048,8,4,4
chunked_256_p4,1627,2048,2294,74430,13075904,94909,49234454,0,49534406,11813,8078375,1046812,6919051,244879,8,2048,0,2048,8,4,4
chunked_256_p4,1628,2048,2475,68178,13673394,79630,51024127,0,51374074,11071,7988837,993993,6895788,266500,8,2048,0,2048,8,4,4
chunked_256_p4,1629,2048,2965,69560,12722792,109714,47261665,0,47688324,14878,36228790,1030762,35091828,252623,8,2048,0,2048,8,4,4
chunked_256_p4,1630,2048,2735,79048,15791666,95992,56837867,0,57131611,13015,8200023,971611,7123324,246222,8,2048,0,2048,8,4,4
chunked_256_p4,1631,2048,2034,73207,14610160,105709,54511525,0,54821275,10129,8580596,1003181,7488158,252874,8,2048,0,2048,8,4,4
chunked_256_p4,1632,2048,2435,73077,15057298,93767,54562921,0,54907779,11181,8106267,974216,7044036,276388,8,2048,0,2048,8,4,4
chunked_256_p4,1633,2048,2314,68759,14282426,84325,53668955,0,54018529,13496,8383878,1001127,7270250,263934,8,2048,0,2048,8,4,4
chunked_256_p4,1634,2048,3206,74289,15625695,106350,58110793,0,58417418,12613,8667840,1069315,7510110,251301,8,2048,0,2048,8,4,4
chunked_256_p4,1635,2048,2495,68378,15501451,96600,57626065,0,57927951,12844,8461002,1038777,7331174,236904,8,2048,0,2048,8,4,4
chunked_256_p4,1636,2048,2696,78407,15798308,111800,55367981,0,55805032,18145,8507088,1104280,7301459,302277,8,2048,0,2048,8,4,4
chunked_256_p4,1637,2048,2785,70483,15915498,89698,53814468,0,54110432,9939,8369631,990197,7298022,257633,8,2048,0,2048,8,4,4
chunked_256_p4,1638,2048,2334,70543,14113079,91531,53192092,0,53505208,10901,8571790,986138,7497345,266330,8,2048,0,2048,8,4,4
chunked_256_p4,1639,2048,3296,86783,13954501,94726,52118410,0,52376571,12453,8852346,987472,7759497,288551,8,2048,0,2048,8,4,4
chunked_256_p4,1640,2048,2995,68929,14578030,94987,55395792,0,55675987,16831,8636782,976039,7560273,286647,8,2048,0,2048,8,4,4
chunked_256_p4,1641,2048,2194,78096,14347538,81692,52769669,0,53057699,10569,9028115,995246,7941749,234420,8,2048,0,2048,8,4,4
chunked_256_p4,1642,2048,2464,65613,14053547,91281,51904377,0,52258431,12103,8921966,970990,7834818,242204,8,2048,0,2048,8,4,4
chunked_256_p4,1643,2048,2465,66134,14009124,97222,51408347,0,51716485,14487,8777496,1003190,7657897,245400,8,2048,0,2048,8,4,4
chunked_256_p4,1644,2048,2355,66444,14514351,107622,55007435,0,55299554,12283,8916496,992401,7823407,229891,8,2048,0,2048,8,4,4
chunked_256_p4,1645,2048,2094,66815,13797868,105347,52977170,0,53291488,10600,9161746,975449,8029513,248436,8,2048,0,2048,8,4,4
chunked_256_p4,1646,2048,2084,72205,13538170,100078,52298158,0,52708214,10981,8986117,1018509,7865146,241243,8,2048,0,2048,8,4,4
chunked_256_p4,1647,2048,3306,223479,15575680,111850,57440358,0,57736692,11612,9215677,980939,8081181,262221,8,2048,0,2048,8,4,4
chunked_256_p4,1648,2048,3266,76373,15681469,112311,60414555,0,60718891,11872,10233405,1179531,8953225,234730,8,2048,0,2048,8,4,4
chunked_256_p4,1649,2048,1984,74550,14903941,98124,56777643,0,57122530,12203,10289932,1153873,9020572,235672,8,2048,0,2048,8,4,4
chunked_256_p4,1650,2048,1983,70061,15050617,106891,57534423,0,57923842,8456,10294860,988774,9151186,267622,8,2048,0,2048,8,4,4
chunked_256_p4,1651,2048,2274,65803,15118865,125415,58855709,0,59281257,12163,11412876,1151789,10139930,251612,8,2048,0,2048,8,4,4
chunked_256_p4,1652,2048,1974,75882,15341301,104054,57604794,0,57937047,13776,10174625,1118767,8941252,229530,8,2048,0,2048,8,4,4
chunked_256_p4,1653,2048,1854,91843,15700876,95279,57721904,0,58026094,13104,10196035,1123456,8955209,214783,8,2048,0,2048,8,4,4
chunked_256_p4,1654,2048,2284,70242,15152377,98653,56993159,0,57320832,12834,9241725,994124,8132536,230091,8,2048,0,2048,8,4,4
chunked_256_p4,1655,2048,2895,73698,14463826,114885,56289157,0,56666335,13105,10511607,1114289,9296288,239790,8,2048,0,2048,8,4,4
chunked_256_p4,1656,2048,1664,70472,16407310,103354,60603558,0,60918317,11020,10027639,980749,8886390,243687,8,2048,0,2048,8,4,4
chunked_256_p4,1657,2048,2485,87113,15517822,109846,57424063,0,57780384,15839,10384388,1178690,9096053,250229,8,2048,0,2048,8,4,4
chunked_256_p4,1658,2048,2054,68859,14691092,112782,56375773,0,56808123,20108,10633565,1146379,9343126,244659,8,2048,0,2048,8,4,4
chunked_256_p4,1659,2048,2585,80230,14451763,97612,54344842,0,54685312,9929,9390134,996278,8278681,251051,8,2048,0,2048,8,4,4
chunked_256_p4,1660,2048,2615,74239,14281394,100086,54822517,0,55120716,12564,9267474,958117,8204371,257753,8,2048,0,2048,8,4,4
chunked_256_p4,1661,2048,2194,68368,14648572,115216,56124479,0,56438588,15419,9945967,980678,8820015,257733,8,2048,0,2048,8,4,4
chunked_256_p4,1662,2048,2204,67967,16985674,106570,62843604,0,63243026,13205,9822324,993423,8694891,245650,8,2048,0,2048,8,4,4
chunked_256_p4,1663,2048,4058,183624,16078182,108443,60894892,0,61194965,12844,11392819,1424781,9834958,240000,8,2048,0,2048,8,4,4
chunked_256_p4,1664,2048,2675,73518,15968727,105176,58417680,0,58795626,12854,11092385,1162660,9798780,56536,8,2048,0,2048,8,4,4
chunked_256_p4,1665,2048,2344,88786,15489088,108573,58470395,0,58769005,15118,10960328,1107867,9717548,223769,8,2048,0,2048,8,4,4
chunked_256_p4,1666,2048,2816,84559,14938346,116687,57793617,0,58200210,13365,10357507,1134778,9122933,235933,8,2048,0,2048,8,4,4
chunked_256_p4,1667,2048,2165,73418,14469737,106740,56045041,0,56328241,12313,9312759,989315,8220361,273323,8,2048,0,2048,8,4,4
chunked_256_p4,1668,2048,2485,77124,16416055,121078,59550183,0,59947647,18625,10750304,1118217,9478850,274765,8,2048,0,2048,8,4,4
chunked_256_p4,1669,2048,2455,95048,14823871,101981,56955609,0,57265248,15589,12010727,1121723,10759963,234600,8,2048,0,2048,8,4,4
chunked_256_p4,1670,2048,2385,72446,16504392,119796,60301370,0,60583109,13054,10386382,1000415,9195579,264125,8,2048,0,2048,8,4,4
chunked_256_p4,1671,2048,2344,111609,15550613,100569,58656066,0,58987205,12444,22102347,1110752,20868924,237325,8,2048,0,2048,8,4,4
chunked_256_p4,1672,2048,1914,79780,15095801,90491,58022960,0,58280602,13045,11371910,1196182,10076902,251842,8,2048,0,2048,8,4,4
chunked_256_p4,1673,2048,2034,69741,14528507,100058,56291762,0,56796290,14066,10898221,1140267,9619555,247624,8,2048,0,2048,8,4,4
chunked_256_p4,1674,2048,2054,91191,14904912,110548,57221947,0,57567885,13986,9920218,984295,8771635,238397,8,2048,0,2048,8,4,4
chunked_256_p4,1675,2048,2214,77105,14846033,101921,57496051,0,57884380,10811,9691820,994485,8585345,259487,8,2048,0,2048,8,4,4
chunked_256_p4,1676,2048,1863,70352,15002345,105509,58162931,0,58525140,12192,10807461,1159844,9506392,242094,8,2048,0,2048,8,4,4
chunked_256_p4,1677,2048,2024,68839,16449859,106700,60232952,0,60556246,13725,135686328,1120300,134433680,241974,8,2048,0,2048,8,4,4
chunked_256_p4,1678,2048,2495,68629,15271931,112621,57492986,0,57820067,10871,11127582,965319,10006329,245009,8,2048,0,2048,8,4,4
chunked_256_p4,1679,2048,3958,117401,18382964,3314934,64016004,0,67509081,12944,11286249,1127103,10038079,248726,8,2048,0,2048,8,4,4
chunked_256_p4,1680,2048,2675,69320,14592517,116017,56376359,0,56668510,18515,11070725,1163842,9743818,247244,8,2048,0,2048,8,4,4
chunked_256_p4,1681,2048,1974,68769,15415200,109624,58814163,0,59100798,16391,10845873,1090475,9646955,245561,8,2048,0,2048,8,4,4
chunked_256_p4,1682,2048,1934,70412,15754126,107261,58169182,0,58677685,20989,10889745,1213686,9538412,184346,8,2048,0,2048,8,4,4
chunked_256_p4,1683,2048,2735,68549,17403146,115837,63297266,0,63615203,14117,10996787,1126262,9750509,243436,8,2048,0,2048,8,4,4
chunked_256_p4,1684,2048,2234,70602,16255164,108694,60538425,0,60889885,12403,10138207,1084924,8923389,255218,8,2048,0,2048,8,4,4
chunked_256_p4,1685,2048,2835,73317,16539888,123000,59716853,0,60019560,12423,11120308,1114319,9866898,227706,8,2048,0,2048,8,4,4
chunked_256_p4,1686,2048,3236,187671,16171137,128681,59274165,0,59679695,18304,11220455,1128706,9970692,239890,8,2048,0,2048,8,4,4
chunked_256_p4,1687,2048,2254,73648,15300405,120277,59049764,0,59406664,13906,11141377,1099161,9919607,241924,8,2048,0,2048,8,4,4
chunked_256_p4,1688,2048,2254,69691,14944427,113692,56953394,0,57312114,12022,10976608,1116824,9756271,241012,8,2048,0,2048,8,4,4
chunked_256_p4,1689,2048,2284,70322,14834111,117901,56877481,0,57393788,22692,11445337,1199028,10102169,241193,8,2048,0,2048,8,4,4
chunked_256_p4,1690,2048,3106,81633,14726268,75893,55691825,0,55989326,12954,10894084,1000305,9761100,252253,8,2048,0,2048,8,4,4
chunked_256_p4,1691,2048,2204,69380,14641449,95799,56590832,0,56910402,12303,11362342,1227462,9989207,244769,8,2048,0,2048,8,4,4
chunked_256_p4,1692,2048,2174,74149,14592838,124744,55879859,0,56196976,9267,10511296,1011746,9371589,250499,8,2048,0,2048,8,4,4
chunked_256_p4,1693,2048,3637,84349,16062043,94008,61331410,0,61715363,11752,12129470,1188538,10779710,278512,8,2048,0,2048,8,4,4
chunked_256_p4,1694,2048,2665,65573,15200818,113912,57440005,0,57725330,10059,11466447,1235406,10084896,294943,8,2048,0,2048,8,4,4
chunked_256_p4,1695,2048,2695,68619,14944888,105979,57041168,0,57330169,11782,10549287,1085184,9321435,243547,8,2048,0,2048,8,4,4
chunked_256_p4,1696,2048,2455,68769,15126097,103694,58881399,0,59276257,14777,12428540,1136400,11159321,272090,8,2048,0,2048,8,4,4
chunked_256_p4,1697,2048,2254,66855,15472276,119315,59270407,0,59563268,11181,11882656,1216951,10531394,247233,8,2048,0,2048,8,4,4
chunked_256_p4,1698,2048,2134,74149,16764359,125064,61020738,0,61323485,15619,11769836,1129708,10500796,244538,8,2048,0,2048,8,4,4
chunked_256_p4,1699,2048,2114,69440,16834100,112580,61083995,0,61425377,11402,10415306,977052,9315454,237174,8,2048,0,2048,8,4,4
chunked_256_p4,1700,2048,2494,76524,16292545,113926,62786718,0,63108854,16430,11847551,1156879,10557313,241723,8,2048,0,2048,8,4,4
chunked_256_p4,1701,2048,2114,72576,16674240,110318,62006530,0,62290281,13185,12296914,1080095,11072969,239459,8,2048,0,2048,8,4,4
chunked_256_p4,1702,2048,2264,76984,14942653,124663,58270600,0,58670492,12945,11281330,972353,10151301,231214,8,2048,0,2048,8,4,4
chunked_256_p4,1703,2048,2094,72897,15750288,105539,59696958,0,60022779,12043,11278565,1068603,10062014,251662,8,2048,0,2048,8,4,4
chunked_256_p4,1704,2048,2495,72015,15309010,108585,59189896,0,59481865,16411,11551837,1049146,10350464,241012,8,2048,0,2048,8,4,4
chunked_256_p4,1705,2048,2324,74951,16525592,115037,62146863,0,62465627,16521,13425639,1137192,12144658,243317,8,2048,0,2048,8,4,4
chunked_256_p4,1706,2048,1994,173285,17092885,109353,61504205,0,61878737,12914,12527416,1107566,11286259,265598,8,2048,0,2048,8,4,4
chunked_256_p4,1707,2048,2645,77255,17452359,116087,64866417,0,65185898,9388,12775100,1179953,11445337,239780,8,2048,0,2048,8,4,4
chunked_256_p4,1708,2048,2174,71133,17694012,138308,66820802,0,67171329,16250,12139859,1114459,10888272,231845,8,2048,0,2048,8,4,4
chunked_256_p4,1709,2048,2605,76444,15207701,97072,59252835,0,59621065,17984,11927261,1112386,10660496,237365,8,2048,0,2048,8,4,4
chunked_256_p4,1710,2048,1914,71895,17846578,113151,64892148,0,65225521,11732,11661452,1119880,10410407,272581,8,2048,0,2048,8,4,4
chunked_256_p4,1711,2048,2224,73968,17033613,92365,63624471,0,64012267,15809,11755529,1154765,10468536,258334,8,2048,0,2048,8,4,4
chunked_256_p4,1712,2048,3767,81974,16311330,107022,62993818,0,63406662,13946,11897876,1143795,10603349,235692,8,2048,0,2048,8,4,4
chunked_256_p4,1713,2048,2865,66465,15898616,116737,59380494,0,59687808,10049,130101237,989215,128967261,252935,8,2048,0,2048,8,4,4
chunked_256_p4,1714,2048,2575,68368,15334949,123441,57429847,0,57742944,16992,11610157,1178911,10285873,247854,8,2048,0,2048,8,4,4
chunked_256_p4,1715,2048,2414,65663,14736116,102754,56539408,0,56825523,16140,11763885,1139256,10473936,243717,8,2048,0,2048,8,4,4
chunked_256_p4,1716,2048,2584,85500,18543654,129703,67461362,0,67827619,15349,11564471,1109340,10330227,238778,8,2048,0,2048,8,4,4
chunked_256_p4,1717,2048,2114,66915,17702126,108714,60814230,0,61125325,11922,11959681,1230466,10585094,243006,8,2048,0,2048,8,4,4
chunked_256_p4,1718,2048,2244,67296,15061156,106268,57506281,0,57808586,12914,10237453,942947,9175682,168055,8,2048,0,2048,8,4,4
chunked_256_p4,1719,2048,2434,69119,17734437,106969,63227577,0,63550380,15910,10760504,1167148,9490472,212669,8,2048,0,2048,8,4,4
chunked_256_p4,1720,2048,2355,71714,16470368,125667,57657342,0,57959029,16140,10187950,960521,9094800,167925,8,2048,0,2048,8,4,4
chunked_256_p4,1721,2048,3828,218750,15311976,101922,56990803,0,57281851,13415,11039617,1116392,9789032,241683,8,2048,0,2048,8,4,4
chunked_256_p4,1722,2048,2444,76754,15063581,105447,57638659,0,57949531,17132,11333167,1200751,9942119,299170,8,2048,0,2048,8,4,4
chunked_256_p4,1723,2048,3176,70312,18030232,116578,59161753,0,59533370,16752,11486815,1124428,10221443,242796,8,2048,0,2048,8,4,4
chunked_256_p4,1724,2048,3226,76173,16271274,86311,56573271,0,56928767,13835,10610402,1013360,9463401,242945,8,2048,0,2048,8,4,4
chunked_256_p4,1725,2048,2224,82815,14267809,87124,54754361,0,55045577,13395,10620741,974778,9504408,275456,8,2048,0,2048,8,4,4
chunked_256_p4,1726,2048,3597,131637,15004109,102403,56920502,0,57301945,9608,11479742,1100364,10243524,281478,8,2048,0,2048,8,4,4
chunked_256_p4,1727,2048,2515,77034,14381391,91391,55534103,0,55826933,11863,11337235,1150376,10065059,231945,8,2048,0,2048,8,4,4
chunked_256_p4,1728,2048,2344,61706,15759405,84598,57126236,0,57405549,13615,12066481,974617,10954938,242986,8,2048,0,2048,8,4,4
chunked_256_p4,1729,2048,2505,68989,15106010,93195,55134464,0,55420550,9768,11683353,1110753,10448027,228990,8,2048,0,2048,8,4,4
chunked_256_p4,1730,2048,2194,60374,15732404,91249,57359514,0,57644658,12042,11190820,973365,10090457,284653,8,2048,0,2048,8,4,4
chunked_256_p4,1731,2048,2455,84037,15664788,105989,55631755,0,55959089,13986,11285167,1108098,10054349,244218,8,2048,0,2048,8,4,4
chunked_256_p4,1732,2048,2525,88145,16346335,107231,58557401,0,58849480,13175,10828601,998622,9709714,269506,8,2048,0,2048,8,4,4
chunked_256_p4,1733,2048,2234,67827,15831300,110686,57942860,0,58272916,13856,11037522,992120,9891574,238507,8,2048,0,2048,8,4,4
chunked_256_p4,1734,2048,2154,67196,16355212,120255,60936561,0,61291477,10760,11076295,972643,9970712,238217,8,2048,0,2048,8,4,4
chunked_256_p4,1735,2048,2164,67487,14648623,109896,56642159,0,56933706,14417,10798955,1095263,9568509,241513,8,2048,0,2048,8,4,4
chunked_256_p4,1736,2048,2665,82745,15772440,108222,58869937,0,59176802,14577,13187162,1030232,12012220,272891,8,2048,0,2048,8,4,4
chunked_256_p4,1737,2048,2123,76804,16199951,100578,59006853,0,59300493,12944,10766835,998572,9634212,251351,8,2048,0,2048,8,4,4
chunked_256_p4,1738,2048,2024,98224,16264501,106639,56480938,0,56770259,11322,11499919,1105963,10280904,241814,8,2048,0,2048,8,4,4
chunked_256_p4,1739,2048,2955,78577,16874886,127831,60180404,0,60511192,14237,11604736,1097748,10367166,289463,8,2048,0,2048,8,4,4
chunked_256_p4,1740,2048,3486,79229,15199185,98354,58553644,0,58837894,8706,10620371,933770,9546316,252533,8,2048,0,2048,8,4,4
chunked_256_p4,1741,2048,2635,67777,14398494,103414,55601970,0,55872136,14507,11777249,1108218,10535030,244579,8,2048,0,2048,8,4,4
chunked_256_p4,1742,2048,2385,215134,15213231,94145,57566714,0,57953277,12143,10886430,1144536,9628290,279925,8,2048,0,2048,8,4,4
chunked_256_p4,1743,2048,2295,79799,15549912,99237,56722702,0,56992306,14117,11512904,1173711,10227594,153698,8,2048,0,2048,8,4,4
chunked_256_p4,1744,2048,1823,67367,15420370,122862,57594237,0,58044530,12844,11853943,1105863,10626492,233788,8,2048,0,2048,8,4,4
chunked_256_p4,1745,2048,2074,72846,15907132,122290,56706872,0,57013537,12133,10960348,1028528,9775546,241272,8,2048,0,2048,8,4,4
chunked_256_p4,1746,2048,2335,75301,15669777,107201,57025588,0,57308901,15248,11738817,1152570,10436796,314099,8,2048,0,2048,8,4,4
chunked_256_p4,1747,2048,2975,89127,14280472,116378,54725547,0,55100348,17783,11996079,1105232,10753751,264997,8,2048,0,2048,8,4,4
chunked_256_p4,1748,2048,2375,107662,15178616,96560,57617578,0,57902332,12513,11172045,1113437,9928845,247053,8,2048,0,2048,8,4,4
chunked_256_p4,1749,2048,2836,68258,16462804,106892,62348258,0,62675200,11532,11065004,997881,9919406,292649,8,2048,0,2048,8,4,4
chunked_256_p4,1750,2048,2755,70893,16064557,87524,59378800,0,59654427,16651,11928914,1098219,10694300,242405,8,2048,0,2048,8,4,4
chunked_256_p4,1751,2048,2535,77395,17005181,108402,60512818,0,60806306,19406,12230409,1120911,10938748,252453,8,2048,0,2048,8,4,4
chunked_256_p4,1752,2048,2344,75963,14389998,92895,54362956,0,54629707,12764,130893573,1174262,129581563,253836,8,2048,0,2048,8,4,4
chunked_256_p4,1753,2048,2986,81703,17665418,137196,64976615,0,65321981,14968,12814113,1152070,11511280,241112,8,2048,0,2048,8,4,4
chunked_256_p4,1754,2048,2374,80010,17214162,105657,61936685,0,62245224,9818,12614349,1147371,11334279,246993,8,2048,0,2048,8,4,4
chunked_256_p4,1755,2048,2735,79119,16446643,103544,60274600,0,60554325,13705,12510193,1127053,11239241,243817,8,2048,0,2048,8,4,4
chunked_256_p4,1756,2048,2735,79700,6709048,109707,21686559,0,21972233,14457,12156140,1165354,10872193,241252,8,2048,0,2048,8,4,4
chunked_256_p4,1757,2048,2395,80561,5860948,89738,20757242,0,21039915,14808,6515886,1064897,5373815,249197,8,2048,0,2048,8,4,4
chunked_256_p4,1758,2048,2024,66103,5680710,95892,19416811,0,19704932,10019,6842879,966442,5804602,240000,8,2048,0,2048,8,4,4
chunked_256_p4,1759,2048,3266,233257,5601061,86632,19722186,0,20050410,12634,6975808,980048,5914428,262051,8,2048,0,2048,8,4,4
chunked_256_p4,1760,2048,2304,84288,7285047,96381,22167378,0,22427055,13495,7010673,958978,5966045,235672,8,2048,0,2048,8,4,4
chunked_256_p4,1761,2048,2455,70352,5602513,92103,20315685,0,20619736,17343,7303372,955371,6269203,243627,8,2048,0,2048,8,4,4
chunked_256_p4,1762,2048,3176,85540,6744494,84269,21611176,0,21852208,17032,7431282,972032,6369662,250680,8,2048,0,2048,8,4,4
chunked_256_p4,1763,2048,2455,95839,7325192,94027,23613039,0,23892300,12433,7639532,986439,6571700,235031,8,2048,0,2048,8,4,4
chunked_256_p4,1764,2048,2154,72385,6127547,84178,21144109,0,21405149,23114,8340156,1168811,7078229,282219,8,2048,0,2048,8,4,4
chunked_256_p4,1765,2048,2485,68008,6374270,99959,22788481,0,23089740,15358,7783522,1102587,6600875,243787,8,2048,0,2048,8,4,4
chunked_256_p4,1766,2048,2765,66836,5934887,116197,21987912,0,22314954,12894,8798776,1177718,7532762,255479,8,2048,0,2048,8,4,4
chunked_256_p4,1767,2048,2495,88105,6927968,109061,24054846,0,24363093,13756,7926811,1022367,6828832,252614,8,2048,0,2048,8,4,4
chunked_256_p4,1768,2048,2615,94096,6385852,104615,21980148,0,22359128,10780,8308316,1183198,7042393,246442,8,2048,0,2048,8,4,4
chunked_256_p4,1769,2048,2144,84388,6272149,88166,22377894,0,22744140,11461,8145681,1004894,7056038,245220,8,2048,0,2048,8,4,4
chunked_256_p4,1770,2048,2164,86633,6261489,87354,21693630,0,22050859,14347,9202002,1178079,7935166,251752,8,2048,0,2048,8,4,4
chunked_256_p4,1771,2048,2835,91752,6121727,92104,21271360,0,21532911,14277,8064048,987111,6984204,245831,8,2048,0,2048,8,4,4
chunked_256_p4,1772,2048,2625,87985,6087843,104235,20750412,0,21030916,10320,9273466,1182246,7997153,261089,8,2048,0,2048,8,4,4
chunked_256_p4,1773,2048,2675,90479,6072134,88959,21095831,0,21349916,13726,8345887,980478,7281692,235351,8,2048,0,2048,8,4,4
chunked_256_p4,1774,2048,2685,75111,6200715,98113,21312086,0,21648354,9658,9331404,1222963,8021007,237996,8,2048,0,2048,8,4,4
chunked_256_p4,1775,2048,2034,70051,6497010,92183,22257078,0,22518958,14016,41551148,1096596,40332493,237846,8,2048,0,2048,8,4,4
chunked_256_p4,1776,2048,2625,82124,8430846,92676,31928716,0,32244081,7825,8300441,981049,7250433,244198,8,2048,0,2048,8,4,4
chunked_256_p4,1777,2048,2154,74419,6635920,90259,24318451,0,24588286,12083,8691464,967895,7595049,253215,8,2048,0,2048,8,4,4
chunked_256_p4,1778,2048,2275,86722,7232038,103195,26466897,0,26841450,9909,8537065,970840,7494961,254978,8,2048,0,2048,8,4,4
chunked_256_p4,1779,2048,2585,72987,6045624,90921,21934812,0,22268227,12464,8740978,972644,7692762,259697,8,2048,0,2048,8,4,4
chunked_256_p4,1780,2048,2545,72686,6707204,100018,23570340,0,23903222,12182,8494114,977202,7434027,253826,8,2048,0,2048,8,4,4
chunked_256_p4,1781,2048,2675,142056,6996888,98673,23813885,0,24105780,11922,17705493,974176,16651177,245961,8,2048,0,2048,8,4,4
chunked_256_p4,1782,2048,2555,77445,6501749,84236,24185541,0,24463632,15048,8936754,974917,7880273,240942,8,2048,0,2048,8,4,4
chunked_256_p4,1783,2048,2134,70954,7012347,87043,25740549,0,26007155,9798,9067700,1032386,7964962,252012,8,2048,0,2048,8,4,4
chunked_256_p4,1784,2048,2264,71264,6472785,93085,24000725,0,24323140,11241,8677218,1021665,7581093,256260,8,2048,0,2048,8,4,4
chunked_256_p4,1785,2048,2174,73919,5634313,87045,21158519,0,21498213,11933,8439282,976230,7389033,240781,8,2048,0,2048,8,4,4
chunked_256_p4,1786,2048,2776,73869,6851766,81604,25176697,0,25445755,8657,8657110,977793,7609737,263223,8,2048,0,2048,8,4,4
chunked_256_p4,1787,2048,2505,70091,6445714,85601,23451727,0,23711845,12624,8750274,1052874,7624955,233177,8,2048,0,2048,8,4,4
chunked_256_p4,1788,2048,2866,71714,6086771,89396,22879533,0,23170577,12343,8729015,993583,7662506,248526,8,2048,0,2048,8,4,4
chunked_256_p4,1789,2048,2885,89128,6504515,78086,23442118,0,23821049,11471,8856644,988203,7782650,235411,8,2048,0,2048,8,4,4
chunked_256_p4,1790,2048,2364,70572,6458928,82763,23931473,0,24188166,9147,9014410,975730,7963359,282840,8,2048,0,2048,8,4,4
chunked_256_p4,1791,2048,2374,73578,6028902,85109,22806708,0,23153157,12093,9242989,992320,8162322,256010,8,2048,0,2048,8,4,4
chunked_256_p4,1792,2048,2344,84789,6167572,98995,22972456,0,23229831,9809,9277042,994805,8194573,234569,8,2048,0,2048,8,4,4
chunked_256_p4,1793,2048,2565,77254,6738342,92604,24586294,0,24853394,10710,9443024,980889,8370242,231233,8,2048,0,2048,8,4,4
chunked_256_p4,1794,2048,2594,77986,6286525,81663,23546603,0,23865401,9388,10839371,983464,9735582,305362,8,2048,0,2048,8,4,4
chunked_256_p4,1795,2048,3717,73919,7238521,101422,26570974,0,26829971,10640,9446720,987762,8347980,274986,8,2048,0,2048,8,4,4
chunked_256_p4,1796,2048,3115,73158,6914243,94077,24575335,0,24828558,9328,9324922,1040210,8190565,257523,8,2048,0,2048,8,4,4
chunked_256_p4,1797,2048,2515,71524,6092773,100490,23009298,0,23317224,11682,9040018,1000556,7955915,249467,8,2048,0,2048,8,4,4
chunked_256_p4,1798,2048,2435,80191,5995500,82404,22578610,0,22932192,14237,9119968,976421,8063417,241463,8,2048,0,2048,8,4,4
chunked_256_p4,1799,2048,2364,78948,6081371,80983,23020018,0,23303659,12373,9329730,965400,8284591,251381,8,2048,0,2048,8,4,4
chunked_256_p4,1800,2048,2305,72887,5988758,82685,22403852,0,22813730,13826,9633851,977823,8544178,255659,8,2048,0,2048,8,4,4
chunked_256_p4,1801,2048,2355,78637,7048634,93605,25090639,0,25362298,13175,9362573,978575,8295292,248476,8,2048,0,2048,8,4,4
chunked_256_p4,1802,2048,2334,77986,8237092,98464,26670069,0,26975834,12093,9667505,980168,8593380,107742,8,2048,0,2048,8,4,4
chunked_256_p4,1803,2048,2094,81563,6978262,96990,25450392,0,25743562,10099,9293923,975849,8246210,210154,8,2048,0,2048,8,4,4
chunked_256_p4,1804,2048,2044,71825,6732041,89459,24497066,0,24766883,14167,9932952,991800,8825776,224591,8,2048,0,2048,8,4,4
chunked_256_p4,1805,2048,2074,72916,6613568,85159,24396399,0,24637149,11322,9926781,986539,8813412,385132,8,2048,0,2048,8,4,4
chunked_256_p4,1806,2048,2414,74670,7059224,99305,25460362,0,25822361,9759,10020266,1178559,8756736,243065,8,2048,0,2048,8,4,4
chunked_256_p4,1807,2048,2996,95178,6518230,98354,24170183,0,24511332,8877,9753064,1062342,8594483,239009,8,2048,0,2048,8,4,4
chunked_256_p4,1808,2048,2084,68439,7045679,96692,25987791,0,26310075,14818,9543372,965059,8492240,247544,8,2048,0,2048,8,4,4
chunked_256_p4,1809,2048,2705,70041,6582200,98283,24210297,0,24520569,13115,9437583,971972,8371505,240181,8,2048,0,2048,8,4,4
chunked_256_p4,1810,2048,2976,80571,6464930,102803,23992630,0,24256155,14297,9522732,975198,8467615,275877,8,2048,0,2048,8,4,4
chunked_256_p4,1811,2048,2244,78407,7529225,96242,26437953,0,26704907,14006,10112057,1013881,8971550,240812,8,2048,0,2048,8,4,4
chunked_256_p4,1812,2048,2354,74259,6880279,91771,23921066,0,24195771,12483,9762812,974026,8690162,252353,8,2048,0,2048,8,4,4
chunked_256_p4,1813,2048,2685,68849,6393937,87204,23689694,0,23973555,13305,10044511,1019461,8927247,249859,8,2048,0,2048,8,4,4
chunked_256_p4,1814,2048,2204,71183,6256820,87263,22550245,0,22885353,12934,10269884,1002780,9146678,259516,8,2048,0,2048,8,4,4
chunked_256_p4,1815,2048,2976,82685,6625050,87754,24508918,0,24796748,13716,10286916,1067371,9101493,251131,8,2048,0,2048,8,4,4
chunked_256_p4,1816,2048,2264,70643,7404301,94318,27103413,0,27420768,12444,10764420,979937,9677513,278863,8,2048,0,2048,8,4,4
chunked_256_p4,1817,2048,2475,96521,7064173,107533,26036363,0,26317519,11722,9910891,978314,8830595,296115,8,2048,0,2048,8,4,4
chunked_256_p4,1818,2048,3427,91020,6819244,90974,25338593,0,25630834,10259,10405087,1029109,9257356,232766,8,2048,0,2048,8,4,4
chunked_256_p4,1819,2048,2304,68047,6695272,95389,25083785,0,25326971,9127,10623907,1035632,9470715,249678,8,2048,0,2048,8,4,4
chunked_256_p4,1820,2048,2234,71113,6939960,84571,26146829,0,26357716,9397,10780300,1013691,9651093,238557,8,2048,0,2048,8,4,4
chunked_256_p4,1821,2048,2545,71444,6581168,93995,23488204,0,23842098,11381,10871772,1074885,9650833,299752,8,2048,0,2048,8,4,4
chunked_256_p4,1822,2048,2434,66655,7157017,86892,26447403,0,26780906,14407,10160408,982502,9087237,251281,8,2048,0,2048,8,4,4
chunked_256_p4,1823,2048,2504,72767,7137391,79128,26232720,0,26541828,11783,10476642,1033067,9337085,252693,8,2048,0,2048,8,4,4
chunked_256_p4,1824,2048,3377,82274,6682528,85721,25067695,0,25322764,8656,10610302,1011667,9483309,266159,8,2048,0,2048,8,4,4
chunked_256_p4,1825,2048,3056,69219,6530723,84267,23608779,0,24032796,9919,10663291,1016345,9531248,246362,8,2048,0,2048,8,4,4
chunked_256_p4,1826,2048,3015,74881,6791352,77995,24296618,0,24546637,10931,10383337,969367,9298763,249337,8,2048,0,2048,8,4,4
chunked_256_p4,1827,2048,2404,71224,6784038,83256,24488831,0,24843827,18425,10383517,1019582,9236035,247945,8,2048,0,2048,8,4,4
chunked_256_p4,1828,2048,2355,73858,6622396,91832,24262286,0,24624894,14778,10435304,1044589,9302720,245079,8,2048,0,2048,8,4,4
chunked_256_p4,1829,2048,2074,77926,7329611,81453,26592224,0,26853613,11442,10028772,964137,8981809,253064,8,2048,0,2048,8,4,4
chunked_256_p4,1830,2048,2404,74840,6728124,79588,24568108,0,24884913,10300,10573663,974928,9474001,241493,8,2048,0,2048,8,4,4
chunked_256_p4,1831,2048,2986,74930,6250247,82848,23200755,0,23480792,12253,10354533,974006,9243429,254186,8,2048,0,2048,8,4,4
chunked_256_p4,1832,2048,2795,80331,6404968,83046,23443844,0,23706566,17132,10467083,1043797,9299284,240821,8,2048,0,2048,8,4,4
chunked_256_p4,1833,2048,2675,79619,5908918,89288,22240746,0,22809983,11862,10521926,976361,9420080,255319,8,2048,0,2048,8,4,4
chunked_256_p4,1834,2048,2264,102141,6366355,90090,23369001,0,23679371,12393,10539679,999153,9422655,256151,8,2048,0,2048,8,4,4
chunked_256_p4,1835,2048,2926,79749,6895106,72096,25786412,0,26067481,11622,10398916,1039729,9248509,240641,8,2048,0,2048,8,4,4
chunked_256_p4,1836,2048,2184,76313,6976199,92293,26497687,0,26819610,9738,10371314,973495,9311687,291286,8,2048,0,2048,8,4,4
chunked_256_p4,1837,2048,2295,66354,6656349,95459,25355634,0,25660166,13204,12020725,976340,10923488,235863,8,2048,0,2048,8,4,4
chunked_256_p4,1838,2048,2094,66425,6547285,95779,24498850,0,24776480,13575,10592488,983434,9474422,233899,8,2048,0,2048,8,4,4
chunked_256_p4,1839,2048,2876,69510,6270716,80742,23666631,0,23982651,11311,10940621,976660,9843514,254177,8,2048,0,2048,8,4,4
chunked_256_p4,1840,2048,2655,75191,6699590,95701,24377091,0,24818069,11832,10694700,1035431,9564882,264105,8,2048,0,2048,8,4,4
chunked_256_p4,1841,2048,2154,70202,7251214,88157,26749009,0,27033522,12955,10551531,1028529,9416093,259286,8,2048,0,2048,8,4,4
chunked_256_p4,1842,2048,2825,69410,6486361,97903,23619891,0,23868629,11221,11130176,996738,10004566,245060,8,2048,0,2048,8,4,4
chunked_256_p4,1843,2048,2194,67417,6314158,91441,23306211,0,23651901,12523,10894404,968396,9802958,236363,8,2048,0,2048,8,4,4
chunked_256_p4,1844,2048,2194,82855,6397394,83174,23106910,0,23369421,11081,11060095,1013771,9928273,250770,8,2048,0,2048,8,4,4
chunked_256_p4,1845,2048,2094,67827,7208424,105618,25716202,0,26035389,13525,10786221,982482,9703993,247935,8,2048,0,2048,8,4,4
chunked_256_p4,1846,2048,2335,66525,7139355,113042,26133835,0,26496906,14557,11338186,1000866,10195404,318738,8,2048,0,2048,8,4,4
chunked_256_p4,1847,2048,2935,85199,6886089,85449,26318008,0,26599519,14186,11766609,1022016,10622615,242925,8,2048,0,2048,8,4,4
chunked_256_p4,1848,2048,2154,67857,7452622,100609,26129816,0,26428890,14437,11301577,1186976,9993054,241512,8,2048,0,2048,8,4,4
chunked_256_p4,1849,2048,2735,71755,7517824,93996,27556411,0,27855802,9388,10882562,983854,9806896,255980,8,2048,0,2048,8,4,4
chunked_256_p4,1850,2048,2214,68127,6839352,91421,25515356,0,25837898,8105,10720348,1028849,9589538,242504,8,2048,0,2048,8,4,4
chunked_256_p4,1851,2048,3716,73137,6477964,87274,24298875,0,24588188,9458,11301077,999444,10182359,237315,8,2048,0,2048,8,4,4
chunked_256_p4,1852,2048,2254,69270,6308948,88074,23797654,0,24303511,7594,11813087,968566,10725037,246602,8,2048,0,2048,8,4,4
chunked_256_p4,1853,2048,2034,69651,6233376,75733,23226603,0,23666750,9758,11283093,992250,10165077,256591,8,2048,0,2048,8,4,4
chunked_256_p4,1854,2048,2876,69159,6334155,90311,23881292,0,24440672,13715,10981577,1019511,9845468,246994,8,2048,0,2048,8,4,4
chunked_256_p4,1855,2048,2515,93606,6771645,102984,25468154,0,25938638,9969,10584153,1000405,9488198,237736,8,2048,0,2048,8,4,4
chunked_256_p4,1856,2048,2655,67737,6711562,103816,25118272,0,25434866,12633,10276395,970108,9202924,240250,8,2048,0,2048,8,4,4
chunked_256_p4,1857,2048,2705,68208,6674393,91260,24886796,0,25193752,10710,10791972,986579,9704103,247053,8,2048,0,2048,8,4,4
chunked_256_p4,1858,2048,2034,68649,6923570,98856,25141174,0,25431308,14357,10722832,984085,9630024,241193,8,2048,0,2048,8,4,4
chunked_256_p4,1859,2048,3386,69250,7229643,95881,24963549,0,25259485,11812,10668049,1031644,9544283,309921,8,2048,0,2048,8,4,4
chunked_256_p4,1860,2048,2525,70883,7353616,87854,25875268,0,26179760,11221,10699779,996628,9615266,262452,8,2048,0,2048,8,4,4
chunked_256_p4,1861,2048,2034,74239,6777967,85530,24746084,0,25073114,9808,10424854,966913,9366199,250740,8,2048,0,2048,8,4,4
chunked_256_p4,1862,2048,2234,71233,6268222,90080,23771304,0,24063804,12263,10455642,1009553,9342174,293891,8,2048,0,2048,8,4,4
chunked_256_p4,1863,2048,2374,71264,7126210,89369,25444353,0,25712114,12433,10666116,984436,9563970,257183,8,2048,0,2048,8,4,4
chunked_256_p4,1864,2048,2414,69219,6538177,86893,23756469,0,24139086,10600,10456634,993182,9363444,296576,8,2048,0,2048,8,4,4
chunked_256_p4,1865,2048,2404,75622,6951282,84749,24659600,0,24904187,10580,10889425,1143063,9644622,249187,8,2048,0,2048,8,4,4
chunked_256_p4,1866,2048,2174,71104,5996592,93506,22598687,0,22939686,11622,10646679,993843,9560143,241693,8,2048,0,2048,8,4,4
chunked_256_p4,1867,2048,2344,74180,6511017,69792,23811781,0,24087028,12924,10773427,976320,9701027,241462,8,2048,0,2048,8,4,4
chunked_256_p4,1868,2048,2175,74259,6845734,97894,24956208,0,25388528,11421,10692235,987672,9608965,245090,8,2048,0,2048,8,4,4
chunked_256_p4,1869,2048,2364,97302,7197143,84971,26161435,0,26491866,11281,10851373,983002,9772671,272470,8,2048,0,2048,8,4,4
chunked_256_p4,1870,2048,2495,78057,7106563,94837,26070367,0,26392488,15940,11294946,968886,10199151,248115,8,2048,0,2048,8,4,4
chunked_256_p4,1871,2048,2565,72096,6716672,80081,25472103,0,25750377,8525,11230885,1095353,10039732,241583,8,2048,0,2048,8,4,4
chunked_256_p4,1872,2048,2785,72636,6628587,87394,23952383,0,24306279,9347,11009190,994524,9914437,245750,8,2048,0,2048,8,4,4
chunked_256_p4,1873,2048,2444,72867,8228116,97411,27214690,0,27499084,13615,11091774,982201,10010017,231264,8,2048,0,2048,8,4,4
chunked_256_p4,1874,2048,2314,88937,6943247,97523,24929757,0,25274624,12243,11034026,980909,9945145,279615,8,2048,0,2048,8,4,4
chunked_256_p4,1875,2048,1993,71364,6530503,92421,24547552,0,24837321,11943,10870280,975849,9790234,256521,8,2048,0,2048,8,4,4
chunked_256_p4,1876,2048,2244,83016,6413624,84800,23065703,0,23391131,10850,11210156,1092769,10022900,241012,8,2048,0,2048,8,4,4
chunked_256_p4,1877,2048,2455,73578,6285704,91080,23324518,0,23758301,11531,11035378,979877,9963078,261731,8,2048,0,2048,8,4,4
chunked_256_p4,1878,2048,2034,81162,8558565,85219,26038535,0,26396736,10139,12303987,990547,11195228,244438,8,2048,0,2048,8,4,4
chunked_256_p4,1879,2048,2004,75512,7204106,83135,25851477,0,26152710,13375,11100240,978705,10009856,231895,8,2048,0,2048,8,4,4
chunked_256_p4,1880,2048,2304,75922,6951211,85720,24325725,0,24643180,16280,11137810,976501,10051464,245541,8,2048,0,2048,8,4,4
chunked_256_p4,1881,2048,2465,108153,6581328,81753,24434952,0,24819532,8637,10936003,968165,9870254,241683,8,2048,0,2048,8,4,4
chunked_256_p4,1882,2048,2014,72927,8735196,82252,29020643,0,29272247,13385,11069232,1008902,9956957,244198,8,2048,0,2048,8,4,4
chunked_256_p4,1883,2048,1884,73548,7007818,100868,26103956,0,26431394,12032,11243158,1068062,10060120,243076,8,2048,0,2048,8,4,4
chunked_256_p4,1884,2048,2385,74069,7060767,90820,24905862,0,25161291,10440,11192413,996889,10094655,247685,8,2048,0,2048,8,4,4
chunked_256_p4,1885,2048,2184,78387,5905632,84216,22311910,0,22793762,11752,11299574,970640,10221533,244478,8,2048,0,2048,8,4,4
chunked_256_p4,1886,2048,2444,85240,6690342,95238,24418087,0,24718822,13014,10996726,981190,9911893,246722,8,2048,0,2048,8,4,4
chunked_256_p4,1887,2048,2034,66916,6566461,66755,24080404,0,24281431,15238,10862404,994635,9762743,246522,8,2048,0,2048,8,4,4
chunked_256_p4,1888,2048,2374,81032,6744244,88667,23831928,0,24194710,9718,11428225,1078462,10246439,245049,8,2048,0,2048,8,4,4
chunked_256_p4,1889,2048,2305,67116,6789579,93836,25330217,0,25691695,9207,11161826,993593,10068095,245470,8,2048,0,2048,8,4,4
chunked_256_p4,1890,2048,2565,82034,6947445,89607,25129010,0,25561681,13134,11426712,973775,10341448,253024,8,2048,0,2048,8,4,4
chunked_256_p4,1891,2048,2234,74710,7029288,76492,25269424,0,25732612,11030,11469302,973826,10400117,251081,8,2048,0,2048,8,4,4
chunked_256_p4,1892,2048,2224,71083,6604452,95160,24565004,0,24885013,10029,11509458,1000856,10407161,235191,8,2048,0,2048,8,4,4
chunked_256_p4,1893,2048,2043,72355,7256674,96170,25941423,0,26230878,12203,11369816,967454,10284130,240441,8,2048,0,2048,8,4,4
chunked_256_p4,1894,2048,2274,76112,6297786,86743,23851255,0,24155056,13465,11001154,973495,9923264,251061,8,2048,0,2048,8,4,4
chunked_256_p4,1895,2048,2144,70832,6711583,81122,24933975,0,25263473,11412,11192964,980528,10090357,243647,8,2048,0,2048,8,4,4
chunked_256_p4,1896,2048,1904,69661,7023738,87604,24641275,0,24950035,10800,11214034,962856,10151852,244017,8,2048,0,2048,8,4,4
chunked_256_p4,1897,2048,2555,122389,6669593,95587,24668247,0,25054321,12333,6543287,1016285,5448665,129072,8,2048,0,2048,8,4,4
chunked_256_p4,1898,2048,1803,70502,7444818,88546,26653757,0,27101237,7714,6483505,950221,5445830,232285,8,2048,0,2048,8,4,4
chunked_256_p4,1899,2048,3937,196298,8183171,87103,29179355,0,29502550,14076,7911853,1394314,6392184,260077,8,2048,0,2048,8,4,4
chunked_256_p4,1900,2048,2114,72015,7794953,90571,28194989,0,28486856,11261,7325944,967645,6273210,281939,8,2048,0,2048,8,4,4
chunked_256_p4,1901,2048,2104,73278,7847963,94406,29862795,0,30117532,15640,7594047,1061209,6440435,242545,8,2048,0,2048,8,4,4
chunked_256_p4,1902,2048,2204,68328,7596451,97262,26210265,0,26518317,11461,7375497,978395,6322573,249498,8,2048,0,2048,8,4,4
chunked_256_p4,1903,2048,2093,68008,7676412,93303,28443684,0,28745001,10259,7481245,971691,6424424,244037,8,2048,0,2048,8,4,4
chunked_256_p4,1904,2048,2415,70081,7396176,97011,27205744,0,27510593,15199,15781086,973876,14696442,254126,8,2048,0,2048,8,4,4
chunked_256_p4,1905,2048,2224,69831,8009015,92504,28563200,0,28822375,11311,7983848,988313,6920795,254707,8,2048,0,2048,8,4,4
chunked_256_p4,1906,2048,3536,78668,7554292,86252,28303754,0,28577236,18145,7948130,992812,6860983,262111,8,2048,0,2048,8,4,4
chunked_256_p4,1907,2048,2605,67246,7455227,86233,27499616,0,27743854,9238,8170688,1005775,7077920,251662,8,2048,0,2048,8,4,4
chunked_256_p4,1908,2048,2565,67196,7104068,100868,26806466,0,27215412,9538,8298839,984095,7221509,256771,8,2048,0,2048,8,4,4
chunked_256_p4,1909,2048,2033,69751,7091475,96692,26935678,0,27278772,12273,8583733,995456,7495302,257012,8,2048,0,2048,8,4,4
chunked_256_p4,1910,2048,2665,70302,8164106,88969,29882480,0,30252698,11051,8373859,1020343,7268817,267672,8,2048,0,2048,8,4,4
chunked_256_p4,1911,2048,2645,71164,8799447,107831,33232923,0,33521453,15459,8569336,1013630,7438225,329247,8,2048,0,2048,8,4,4
chunked_256_p4,1912,2048,3577,78377,8035184,91520,29965366,0,30234503,15098,25875781,1090644,24661845,243126,8,2048,0,2048,8,4,4
chunked_256_p4,1913,2048,2265,66134,10114442,109805,38653214,0,38953539,8406,9661162,1099501,7942250,367158,8,2048,0,2048,8,4,4
chunked_256_p4,1914,2048,4038,68398,9217351,128762,32572005,0,32874781,11321,9230184,1251626,7897446,100739,8,2048,0,2048,8,4,4
chunked_256_p4,1915,2048,1893,66816,8862134,101710,32535496,0,32834143,14557,8497060,969818,7430530,229961,8,2048,0,2048,8,4,4
chunked_256_p4,1916,2048,1973,67436,8398434,92585,32312118,0,32596561,10790,9421342,988463,8347970,237826,8,2048,0,2048,8,4,4
chunked_256_p4,1917,2048,2334,68158,8531063,88556,31910585,0,32270390,10921,9122692,992942,7951667,242564,8,2048,0,2048,8,4,4
chunked_256_p4,1918,2048,1984,69010,8466793,85288,31909641,0,32183023,11702,9465355,1004734,8274182,131126,8,2048,0,2048,8,4,4
chunked_256_p4,1919,2048,2084,68899,9479051,107612,34524293,0,34807777,12463,8387324,934141,7353957,197080,8,2048,0,2048,8,4,4
chunked_256_p4,1920,2048,2745,67366,8447157,99445,31688820,0,32025770,12583,8711322,980378,7625596,291757,8,2048,0,2048,8,4,4
chunked_256_p4,1921,2048,3226,71153,8546332,96109,32563077,0,32854023,10299,8671357,987412,7598495,238777,8,2048,0,2048,8,4,4
chunked_256_p4,1922,2048,2073,71023,8566831,78337,33019933,0,33419113,9958,8883184,982892,7798450,236092,8,2048,0,2048,8,4,4
chunked_256_p4,1923,2048,3697,73228,8004667,84770,30748116,0,31052027,13145,8937716,992841,7827685,279624,8,2048,0,2048,8,4,4
chunked_256_p4,1924,2048,2725,69050,8333063,89907,32017974,0,32284234,12583,8836316,967113,7743187,240200,8,2048,0,2048,8,4,4
chunked_256_p4,1925,2048,2615,68518,9154943,83426,33200822,0,33499552,16781,9238480,992200,8149268,243146,8,2048,0,2048,8,4,4
chunked_256_p4,1926,2048,2434,68889,9302210,75981,33690521,0,34010872,11341,8949227,973726,7886686,243316,8,2048,0,2048,8,4,4
chunked_256_p4,1927,2048,3016,66495,8395549,91152,31245076,0,31714988,11031,9313080,1124478,8107890,262142,8,2048,0,2048,8,4,4
chunked_256_p4,1928,2048,2304,71083,8606515,88256,32397526,0,32686700,10830,9572496,1015404,8422761,281799,8,2048,0,2048,8,4,4
chunked_256_p4,1929,2048,3377,68508,9003269,95979,33278591,0,33637262,11942,9230675,1017839,8130783,252884,8,2048,0,2048,8,4,4
chunked_256_p4,1930,2048,2204,67606,9327466,90359,33664742,0,33944396,12614,9278095,972964,8217415,237795,8,2048,0,2048,8,4,4
chunked_256_p4,1931,2048,2555,71765,9462249,73195,34634119,0,34899307,11462,9677313,1308644,8256158,237555,8,2048,0,2048,8,4,4
chunked_256_p4,1932,2048,2525,72436,8300571,91292,31078807,0,31364234,9939,9203194,996228,8124601,260489,8,2048,0,2048,8,4,4
chunked_256_p4,1933,2048,2264,77936,9234653,86572,32789824,0,33024661,9337,9640924,998602,8489205,325811,8,2048,0,2048,8,4,4
chunked_256_p4,1934,2048,2595,91812,9872639,80470,36237256,0,36710914,15709,9098076,986339,8026027,259307,8,2048,0,2048,8,4,4
chunked_256_p4,1935,2048,2084,74670,9408588,87715,33347218,0,33650124,9077,9193446,955732,8119282,256230,8,2048,0,2048,8,4,4
chunked_256_p4,1936,2048,2424,72325,9037833,97943,33027317,0,33390357,11762,9397488,973936,8317283,269476,8,2048,0,2048,8,4,4
chunked_256_p4,1937,2048,2435,73978,9345620,94999,33529218,0,33800938,12734,9505230,980388,8434993,233939,8,2048,0,2048,8,4,4
chunked_256_p4,1938,2048,2525,78207,9707108,87473,34247014,0,34559370,28283,9783171,990307,8660646,244969,8,2048,0,2048,8,4,4
chunked_256_p4,1939,2048,2044,77926,8812952,90289,33503070,0,33787483,14047,9230014,995276,8124672,237184,8,2048,0,2048,8,4,4
chunked_256_p4,1940,2048,2064,70933,8956692,85521,33449159,0,33762224,12263,9283454,983594,8215662,239079,8,2048,0,2048,8,4,4
chunked_256_p4,1941,2048,2365,78597,8522377,88225,32719360,0,32994447,11622,9486706,975839,8414445,251672,8,2048,0,2048,8,4,4
chunked_256_p4,1942,2048,2355,74249,8418692,85568,31320551,0,31678707,9207,9335011,989655,8263552,243466,8,2048,0,2048,8,4,4
chunked_256_p4,1943,2048,1733,78827,8672478,86712,31828018,0,32149834,9157,11015852,990186,9905831,237264,8,2048,0,2048,8,4,4
chunked_256_p4,1944,2048,1994,74820,9199306,94277,32825341,0,33213077,12654,9427985,984625,8339494,233418,8,2048,0,2048,8,4,4
chunked_256_p4,1945,2048,2454,73347,9111862,91462,32630865,0,32902875,13605,9412686,987010,8325599,253676,8,2048,0,2048,8,4,4
chunked_256_p4,1946,2048,2144,73327,8856053,81784,33128449,0,33420504,11281,9661393,972454,8592007,250119,8,2048,0,2048,8,4,4
chunked_256_p4,1947,2048,3376,108793,8597839,101321,32260601,0,32625738,13114,9713159,1001307,8618998,258014,8,2048,0,2048,8,4,4
chunked_256_p4,1948,2048,2195,189475,9775066,86370,34884800,0,35197506,12524,10383547,985046,9273827,259306,8,2048,0,2048,8,4,4
chunked_256_p4,1949,2048,2064,82304,9101944,82474,33248743,0,33568442,13275,10126294,1152741,8851505,250420,8,2048,0,2048,8,4,4
chunked_256_p4,1950,2048,2425,92082,9103566,91802,32370754,0,32791616,16250,9746201,983434,8672779,240131,8,2048,0,2048,8,4,4
chunked_256_p4,1951,2048,2074,86542,7863572,81964,30148089,0,30463811,10069,9655973,1000495,8571169,245340,8,2048,0,2048,8,4,4
chunked_256_p4,1952,2048,2415,78177,10088694,107721,33392926,0,33712913,10961,9917002,968305,8838149,249207,8,2048,0,2048,8,4,4
chunked_256_p4,1953,2048,2535,88376,9034167,90200,33234477,0,33583141,11482,9883650,976451,8811139,249117,8,2048,0,2048,8,4,4
chunked_256_p4,1954,2048,2094,73428,8824875,92872,32410832,0,32775115,13295,10187759,984936,9115059,246482,8,2048,0,2048,8,4,4
chunked_256_p4,1955,2048,2655,77436,9294175,104195,34052641,0,34452279,11571,10324295,1026945,9140837,280877,8,2048,0,2048,8,4,4
chunked_256_p4,1956,2048,2615,114594,8764151,95867,32256562,0,32511461,12163,10400298,994014,9283264,246062,8,2048,0,2048,8,4,4
chunked_256_p4,1957,2048,2314,74500,8863076,87986,33234537,0,33528548,10259,10964777,980188,9844987,248325,8,2048,0,2048,8,4,4
chunked_256_p4,1958,2048,3016,77345,9885293,91934,36068369,0,36381648,13725,10122777,977052,9032334,259387,8,2048,0,2048,8,4,4
chunked_256_p4,1959,2048,3166,75281,9807928,84148,35295702,0,35563984,11681,11267694,983554,10161771,237305,8,2048,0,2048,8,4,4
chunked_256_p4,1960,2048,2174,71304,9365679,86502,33775570,0,34032572,11441,10386301,1084844,9164622,247524,8,2048,0,2048,8,4,4
chunked_256_p4,1961,2048,2224,89267,10391271,83628,36577032,0,36863430,12934,10132225,997380,8997819,250239,8,2048,0,2048,8,4,4
chunked_256_p4,1962,2048,2835,77415,8785892,86143,33485206,0,33741808,14658,24394173,1021264,23238537,238548,8,2048,0,2048,8,4,4
chunked_256_p4,1963,2048,4288,81032,9099198,96341,34159009,0,34521957,9507,10672678,999945,9553390,238678,8,2048,0,2048,8,4,4
chunked_256_p4,1964,2048,2164,71745,9531018,93605,35368989,0,35635707,10890,10420415,1004904,9299435,237134,8,2048,0,2048,8,4,4
chunked_256_p4,1965,2048,2925,85300,9361951,86693,35312762,0,35557051,13416,10197617,996899,9084842,279043,8,2048,0,2048,8,4,4
chunked_256_p4,1966,2048,2705,84047,9325713,83806,34128333,0,34468370,11973,10849250,991188,9735772,250419,8,2048,0,2048,8,4,4
chunked_256_p4,1967,2048,2345,85771,9243739,77646,35396759,0,35731377,12864,10271797,1067111,9088048,238958,8,2048,0,2048,8,4,4
chunked_256_p4,1968,2048,2805,81282,8911346,89859,33647881,0,33986207,16952,10125052,1019371,8989613,239810,8,2048,0,2048,8,4,4
chunked_256_p4,1969,2048,3096,76834,8348531,87805,32205997,0,32543170,30357,10304900,987070,9184679,239098,8,2048,0,2048,8,4,4
chunked_256_p4,1970,2048,3616,85651,8502029,95170,31935229,0,32236716,10289,10709828,1018640,9569731,235201,8,2048,0,2048,8,4,4
chunked_256_p4,1971,2048,2584,83206,10209370,90609,35536984,0,35889643,17412,11086424,1567960,9393981,255459,8,2048,0,2048,8,4,4
chunked_256_p4,1972,2048,2534,76714,9846540,441738,35853315,0,36487965,10670,10327592,1011005,9194658,247173,8,2048,0,2048,8,4,4
chunked_256_p4,1973,2048,3406,75492,9866037,71664,36427853,0,36739998,9758,10577530,999113,9457460,238608,8,2048,0,2048,8,4,4
chunked_256_p4,1974,2048,2214,71103,8260917,96761,30905058,0,31209139,12834,10545179,1062672,9355299,250289,8,2048,0,2048,8,4,4
chunked_256_p4,1975,2048,2364,71404,9326615,78989,35504701,0,35798212,14497,9992944,1000426,8889055,267402,8,2048,0,2048,8,4,4
chunked_256_p4,1976,2048,2755,73969,9320744,90518,35331608,0,35612634,14027,10848789,993643,9728028,247484,8,2048,0,2048,8,4,4
chunked_256_p4,1977,2048,2325,73308,8707414,85532,33377964,0,33687493,13656,10736659,1002239,9618843,240180,8,2048,0,2048,8,4,4
chunked_256_p4,1978,2048,1954,73417,9761690,97673,35303004,0,35578731,11110,10428701,966131,9357503,266089,8,2048,0,2048,8,4,4
chunked_256_p4,1979,2048,2284,79248,9604085,116008,34552587,0,34839737,12704,10905205,987201,9801565,240291,8,2048,0,2048,8,4,4
chunked_256_p4,1980,2048,3297,85550,8724827,75150,31971556,0,32327015,18154,10961360,1056681,9780987,241292,8,2048,0,2048,8,4,4
chunked_256_p4,1981,2048,2374,72846,9008789,76064,33273720,0,33694951,11902,10141853,972253,9085643,255038,8,2048,0,2048,8,4,4
chunked_256_p4,1982,2048,2896,72335,8075409,82516,31025052,0,31422118,12944,10517598,976982,9410573,278963,8,2048,0,2048,8,4,4
chunked_256_p4,1983,2048,2385,70121,8511056,90149,31905013,0,32231378,16892,10965458,977793,9868110,242845,8,2048,0,2048,8,4,4
chunked_256_p4,1984,2048,2103,72656,9561225,109284,35005696,0,35313994,11902,10657520,997420,9568649,268113,8,2048,0,2048,8,4,4
chunked_256_p4,1985,2048,2564,86131,9298762,93074,35561419,0,35985844,9749,11009199,982081,9901242,236413,8,2048,0,2048,8,4,4
chunked_256_p4,1986,2048,2715,68709,8516005,83436,32371451,0,32626046,11151,11063832,1011507,9912102,241704,8,2048,0,2048,8,4,4
chunked_256_p4,1987,2048,2284,70232,8614249,102131,33134600,0,33545199,13355,10315128,975299,9246795,261560,8,2048,0,2048,8,4,4
chunked_256_p4,1988,2048,3236,74329,9756190,89508,36128179,0,36538991,13175,11361551,1286371,9952368,238357,8,2048,0,2048,8,4,4
chunked_256_p4,1989,2048,2324,207118,9218933,88645,33303253,0,33717903,15379,11261102,1026044,10099855,251281,8,2048,0,2048,8,4,4
chunked_256_p4,1990,2048,2825,67677,9092606,88985,34555322,0,34816811,10069,10541333,991268,9453173,268664,8,2048,0,2048,8,4,4
chunked_256_p4,1991,2048,3176,74770,9368924,90331,34460265,0,34761288,11832,10893031,990366,9781358,237675,8,2048,0,2048,8,4,4
chunked_256_p4,1992,2048,2174,68549,8296474,108544,31656608,0,31952904,9097,10965348,988804,9858051,236433,8,2048,0,2048,8,4,4
chunked_256_p4,1993,2048,2465,70773,8928529,89628,33374250,0,33861965,13826,11892385,1033988,10743071,270197,8,2048,0,2048,8,4,4
chunked_256_p4,1994,2048,3617,91231,9272333,102199,34809018,0,35188688,10029,11195449,1001157,10064539,238757,8,2048,0,2048,8,4,4
chunked_256_p4,1995,2048,2455,69761,9094550,89548,34178285,0,34461467,15729,11560142,1245795,10191606,247394,8,2048,0,2048,8,4,4
chunked_256_p4,1996,2048,2955,70963,9902725,86175,37074656,0,37371826,16591,11223331,982502,10114011,261981,8,2048,0,2048,8,4,4
chunked_256_p4,1997,2048,2305,71635,10271887,83627,37450509,0,37729053,10801,11071075,1045720,9895182,249478,8,2048,0,2048,8,4,4
chunked_256_p4,1998,2048,3747,73968,9286871,94287,34930896,0,35179105,13816,11903666,1131982,10635609,238777,8,2048,0,2048,8,4,4
chunked_256_p4,1999,2048,2324,85720,9058903,94208,34628170,0,34998764,13575,10990855,984145,9882217,260368,8,2048,0,2048,8,4,4
chunked_256_p4,2000,2048,1954,71084,8609020,103601,32576994,0,32981189,11652,10553034,1013981,9436130,200476,8,2048,0,2048,8,4,4
chunked_256_p4,2001,2048,2374,68037,9492597,111066,35079716,0,35613988,15299,10569615,995106,9466838,266981,8,2048,0,2048,8,4,4
chunked_256_p4,2002,2048,3447,67577,9315163,103582,34082506,0,34487905,11481,10598309,974647,9522623,241132,8,2048,0,2048,8,4,4
chunked_256_p4,2003,2048,2464,68739,9437663,98675,36035127,0,36465965,12894,10967021,1119078,9734089,237886,8,2048,0,2048,8,4,4
chunked_256_p4,2004,2048,2324,212429,8933559,84258,33563895,0,33831927,10169,10774529,979777,9687191,253726,8,2048,0,2048,8,4,4
chunked_256_p4,2005,2048,2455,68398,9159461,108414,33565025,0,33854320,15759,10419924,979456,9333778,249348,8,2048,0,2048,8,4,4
chunked_256_p4,2006,2048,1974,70302,9261403,105980,33291002,0,33691072,11972,10615982,1044929,9483680,112140,8,2048,0,2048,8,4,4
chunked_256_p4,2007,2048,1774,70842,11097755,110859,34649619,0,34953007,14047,10934019,1075827,9763334,208992,8,2048,0,2048,8,4,4
chunked_256_p4,2008,2048,3547,202149,9963108,106030,35965957,0,36236234,9378,10759432,989064,9643278,237715,8,2048,0,2048,8,4,4
chunked_256_p4,2009,2048,2164,78107,9058753,104114,33980697,0,34282892,9417,10633004,1005295,9522121,95198,8,2048,0,2048,8,4,4
chunked_256_p4,2010,2048,1994,67747,8935743,93296,33538084,0,33835253,18074,10754101,961763,9679166,104576,8,2048,0,2048,8,4,4
chunked_256_p4,2011,2048,2094,91963,9408038,97493,34847049,0,35123207,13756,10701503,981921,9602642,153047,8,2048,0,2048,8,4,4
chunked_256_p4,2012,2048,2555,70763,9653839,95379,37414444,0,37739842,12113,11046239,1008872,9937710,246773,8,2048,0,2048,8,4,4
chunked_256_p4,2013,2048,2244,68679,8858788,99547,34107203,0,34399321,11912,10785891,965330,9720394,232967,8,2048,0,2048,8,4,4
chunked_256_p4,2014,2048,2204,133700,8765764,101029,32769035,0,33078503,12043,10991927,989966,9859564,251181,8,2048,0,2048,8,4,4
chunked_256_p4,2015,2048,2655,131546,8883384,93107,33220210,0,33513951,15209,10832779,1013931,9737545,261530,8,2048,0,2048,8,4,4
chunked_256_p4,2016,2048,2264,74690,8667760,89047,33107729,0,33557602,10510,11160052,1019531,10040404,270978,8,2048,0,2048,8,4,4
chunked_256_p4,2017,2048,2785,67797,9171855,102682,33867895,0,34209194,16681,11048654,982902,9950564,250289,8,2048,0,2048,8,4,4
chunked_256_p4,2018,2048,2395,66585,8213709,90178,31662922,0,31903162,11532,11230494,1005314,10125632,235311,8,2048,0,2048,8,4,4
chunked_256_p4,2019,2048,2184,68217,8591958,95939,33166860,0,33468454,11762,11316787,1022507,10169035,246632,8,2048,0,2048,8,4,4
chunked_256_p4,2020,2048,2585,77586,8712053,82776,32974861,0,33222603,14377,11344849,992400,10250538,297177,8,2048,0,2048,8,4,4
chunked_256_p4,2021,2048,2534,67547,8731961,86272,32989186,0,33479617,9688,10807992,981550,9716386,252995,8,2048,0,2048,8,4,4
chunked_256_p4,2022,2048,2404,69040,8665476,82255,33012500,0,33225189,17242,10744623,992501,9631927,240782,8,2048,0,2048,8,4,4
chunked_256_p4,2023,2048,2204,72967,9457751,88286,35273197,0,35553513,15489,11020100,1011947,9884791,251141,8,2048,0,2048,8,4,4
chunked_256_p4,2024,2048,2835,69531,8991567,87443,33804413,0,34070563,11682,10576078,1004724,9481205,247735,8,2048,0,2048,8,4,4
chunked_256_p4,2025,2048,2404,74339,9697080,87482,35659321,0,35936092,12133,12305660,1000266,11171183,244158,8,2048,0,2048,8,4,4
chunked_256_p4,2026,2048,3928,82655,9195178,89549,33675053,0,34004629,16100,10983992,994414,9883860,245200,8,2048,0,2048,8,4,4
chunked_256_p4,2027,2048,2064,85641,10412862,92264,38304903,0,38628430,11271,11118154,964058,10022509,257703,8,2048,0,2048,8,4,4
chunked_256_p4,2028,2048,2475,68007,8638295,98814,33100846,0,33493592,13035,11040388,996298,9948010,250760,8,2048,0,2048,8,4,4
chunked_256_p4,2029,2048,2054,68268,9722878,93996,35928087,0,36211307,16251,12553956,994314,11435989,239920,8,2048,0,2048,8,4,4
chunked_256_p4,2030,2048,2104,68418,9308421,96820,33955258,0,34328577,11611,10979934,1023790,9860376,235421,8,2048,0,2048,8,4,4
chunked_256_p4,2031,2048,2495,69530,9248168,94838,33919180,0,34158769,16962,11095822,1011656,9986131,291166,8,2048,0,2048,8,4,4
chunked_256_p4,2032,2048,2014,69751,9158229,102963,33730645,0,33990253,11722,11145505,997160,10048318,252464,8,2048,0,2048,8,4,4
chunked_256_p4,2033,2048,2595,70823,9179048,83268,33650177,0,33913830,11131,10903141,973746,9828546,243386,8,2048,0,2048,8,4,4
chunked_256_p4,2034,2048,2454,69260,8986067,86262,33621853,0,33939427,11001,11038685,1002269,9924867,246632,8,2048,0,2048,8,4,4
chunked_256_p4,2035,2048,1974,68609,9290427,87984,33644394,0,34076564,11822,11474302,983403,10391611,251111,8,2048,0,2048,8,4,4
chunked_256_p4,2036,2048,2485,74821,7976314,99246,30630817,0,31082392,11281,11714943,991358,10624237,244197,8,2048,0,2048,8,4,4
chunked_256_p4,2037,2048,2514,71444,8872653,94687,33149168,0,33572750,11371,6686926,970329,5637179,253275,8,2048,0,2048,8,4,4
chunked_256_p4,2038,2048,2385,80792,10213518,85862,37346355,0,37657820,11382,6986709,1072190,5830661,268062,8,2048,0,2048,8,4,4
chunked_256_p4,2039,2048,2194,74360,10592839,102032,39320247,0,39746945,12343,6985967,996388,5906563,249809,8,2048,0,2048,8,4,4
chunked_256_p4,2040,2048,2194,70833,12059469,98975,41936100,0,42226493,10480,7576053,1119409,6355675,242385,8,2048,0,2048,8,4,4
chunked_256_p4,2041,2048,2645,74530,10421428,84117,38638737,0,38944643,16431,7492777,1005104,6405028,257072,8,2048,0,2048,8,4,4
chunked_256_p4,2042,2048,2585,78878,10706592,97916,37310400,0,37598871,14217,7195039,976421,6137757,245761,8,2048,0,2048,8,4,4
chunked_256_p4,2043,2048,2425,70602,10296744,92252,39562640,0,39814912,8526,7206520,993513,6138909,248055,8,2048,0,2048,8,4,4
chunked_256_p4,2044,2048,2124,70241,9969039,94215,37580053,0,37938634,12874,7438606,990477,6365043,242885,8,2048,0,2048,8,4,4
chunked_256_p4,2045,2048,1973,71705,10180787,92423,37416167,0,37765681,13405,7665941,1038216,6543978,236253,8,2048,0,2048,8,4,4
chunked_256_p4,2046,2048,2525,79449,9993615,95963,35506114,0,35852082,12433,7914748,999825,6832790,245781,8,2048,0,2048,8,4,4
chunked_256_p4,2047,2048,2725,79870,9641385,93065,35981005,0,36437561,9849,8013413,989185,6947244,256591,8,2048,0,2048,8,4,4
chunked_256_p4,2048,2048,2124,80931,10472864,97221,38845575,0,39279947,10660,7987304,1054787,6849802,239649,8,2048,0,2048,8,4,4
chunked_256_p4,2049,2048,2565,78427,9728338,109716,36786664,0,37115081,12844,7945816,980278,6882904,257723,8,2048,0,2048,8,4,4
chunked_256_p4,2050,2048,2084,73267,9725082,91222,35267488,0,35822289,12233,8264333,982802,7198816,242915,8,2048,0,2048,8,4,4
chunked_256_p4,2051,2048,2956,83327,9492867,88327,34815601,0,35227364,12524,39992176,972413,38927891,247333,8,2048,0,2048,8,4,4
chunked_256_p4,2052,2048,2544,79679,10037768,92524,38775035,0,39075398,12253,9873511,999754,8740957,277250,8,2048,0,2048,8,4,4
chunked_256_p4,2053,2048,2505,81562,10866412,86573,39978592,0,40406021,12253,8371163,961643,7328278,241573,8,2048,0,2048,8,4,4
chunked_256_p4,2054,2048,2244,81693,10733583,86943,39725637,0,40090400,13555,8391241,976792,7314292,252644,8,2048,0,2048,8,4,4
chunked_256_p4,2055,2048,2154,74620,10529039,91360,39101926,0,39368985,11050,8129941,978124,7073070,254878,8,2048,0,2048,8,4,4
chunked_256_p4,2056,2048,2034,74019,10748901,71622,39858052,0,40104735,11532,8306874,984857,7237889,244578,8,2048,0,2048,8,4,4
chunked_256_p4,2057,2048,2024,73127,9846860,105719,37970325,0,38359054,20699,8413163,1028849,7298273,267181,8,2048,0,2048,8,4,4
chunked_256_p4,2058,2048,1984,78838,10636410,86802,40367911,0,40734968,9407,8527677,1008361,7441771,263153,8,2048,0,2048,8,4,4
chunked_256_p4,2059,2048,2214,78678,10951972,84338,40333526,0,40744315,13095,8551973,988363,7475404,239579,8,2048,0,2048,8,4,4
chunked_256_p4,2060,2048,2305,83677,11845016,91762,42056498,0,42311493,14948,8533699,1008421,7435690,249067,8,2048,0,2048,8,4,4
chunked_256_p4,2061,2048,2414,108854,11003258,92972,40089849,0,40422242,13155,8881902,969027,7828106,283992,8,2048,0,2048,8,4,4
chunked_256_p4,2062,2048,2494,80070,11610597,116908,43693874,0,44017040,13545,9000423,986118,7923415,247004,8,2048,0,2048,8,4,4
chunked_256_p4,2063,2048,2124,83347,10978102,93126,40876243,0,41193549,11281,9004131,994895,7919918,93665,8,2048,0,2048,8,4,4
chunked_256_p4,2064,2048,2214,73899,12227443,102975,45407816,0,45684007,14207,9302821,1075977,8100386,248326,8,2048,0,2048,8,4,4
chunked_256_p4,2065,2048,2575,77345,10966740,98192,41781669,0,42126063,10550,9089471,979396,8019975,245791,8,2048,0,2048,8,4,4
chunked_256_p4,2066,2048,2155,116900,11497195,88608,43057832,0,43366042,13145,10009275,978715,8924742,239859,8,2048,0,2048,8,4,4
chunked_256_p4,2067,2048,2535,85030,11792698,72098,42917620,0,43241798,11742,9521982,998362,8427760,270317,8,2048,0,2048,8,4,4
chunked_256_p4,2068,2048,2164,76203,11211940,83576,40744508,0,41122995,9868,9450878,997290,8362458,237215,8,2048,0,2048,8,4,4
chunked_256_p4,2069,2048,2254,74400,10654695,79169,40475341,0,40786386,10921,9197674,994966,8120734,248325,8,2048,0,2048,8,4,4
chunked_256_p4,2070,2048,2334,89308,10937896,80349,40413303,0,40724788,10770,9047903,985979,7969110,252233,8,2048,0,2048,8,4,4
chunked_256_p4,2071,2048,2615,71404,11975461,87183,42656461,0,42966272,16541,8863206,996128,7754528,246392,8,2048,0,2048,8,4,4
chunked_256_p4,2072,2048,2585,68889,10602988,76404,40275589,0,40664807,13014,9101132,1011116,8003114,268884,8,2048,0,2048,8,4,4
chunked_256_p4,2073,2048,3276,79489,11272142,67986,42309570,0,42600333,9898,9150765,973154,8098202,250299,8,2048,0,2048,8,4,4
chunked_256_p4,2074,2048,2284,71714,11212029,89157,42273521,0,42550111,9989,9040499,990537,7969020,238447,8,2048,0,2048,8,4,4
chunked_256_p4,2075,2048,2104,69159,11474182,84490,42952846,0,43220758,10970,9329651,977442,8270705,244488,8,2048,0,2048,8,4,4
chunked_256_p4,2076,2048,2514,82044,11381968,96120,42637366,0,43007640,13556,9211770,970208,8131384,259646,8,2048,0,2048,8,4,4
chunked_256_p4,2077,2048,2385,72596,12404845,97252,45865085,0,46183410,12723,9335031,981460,8267710,248315,8,2048,0,2048,8,4,4
chunked_256_p4,2078,2048,2735,74861,12147454,101251,46644356,0,46941415,9628,9357122,1002539,8255307,240882,8,2048,0,2048,8,4,4
chunked_256_p4,2079,2048,2164,74590,11469973,89819,43581612,0,43915018,9297,9352543,983293,8275715,248867,8,2048,0,2048,8,4,4
chunked_256_p4,2080,2048,6352,88306,12143827,132347,46059559,0,46370612,9478,9404541,980438,8343382,247584,8,2048,0,2048,8,4,4
chunked_256_p4,2081,2048,2786,71464,10800538,91530,40467554,0,40758041,16481,9562247,1000425,8453718,247253,8,2048,0,2048,8,4,4
chunked_256_p4,2082,2048,2134,70572,11741712,84135,42087802,0,42424083,13515,9869312,1151409,8587840,232686,8,2048,0,2048,8,4,4
chunked_256_p4,2083,2048,2335,71955,11387419,83496,42730700,0,43057562,22472,9735061,1005786,8639457,236233,8,2048,0,2048,8,4,4
chunked_256_p4,2084,2048,2424,68279,10921295,79639,40338036,0,40854983,12794,9970142,1000125,8866182,237395,8,2048,0,2048,8,4,4
chunked_256_p4,2085,2048,1833,66905,11083850,85512,40884027,0,41189329,11552,9577636,977793,8512870,236253,8,2048,0,2048,8,4,4
chunked_256_p4,2086,2048,2194,67386,10353731,82334,39984821,0,40352953,8736,10117638,988684,9036721,238978,8,2048,0,2048,8,4,4
chunked_256_p4,2087,2048,2224,67827,10982569,94696,40732131,0,41112584,12874,9905450,963737,8844010,237044,8,2048,0,2048,8,4,4
chunked_256_p4,2088,2048,2444,68539,11118504,83506,41301108,0,41598917,10539,10478695,981831,9395965,244618,8,2048,0,2048,8,4,4
chunked_256_p4,2089,2048,4068,117200,11605698,92493,43059145,0,43433567,15749,10477533,980558,9366560,243957,8,2048,0,2048,8,4,4
chunked_256_p4,2090,2048,2214,71555,12175506,86442,43694174,0,43962971,12122,10208057,1046372,9052240,246532,8,2048,0,2048,8,4,4
chunked_256_p4,2091,2048,3086,76734,11773051,90651,43651336,0,43927715,11873,10086369,978414,8982761,243787,8,2048,0,2048,8,4,4
chunked_256_p4,2092,2048,2485,71403,11254640,89348,41507432,0,41824660,13305,10181307,987752,9041411,262181,8,2048,0,2048,8,4,4
chunked_256_p4,2093,2048,2394,76253,12376393,94567,45630887,0,45925849,8466,10247983,977673,9141899,238016,8,2048,0,2048,8,4,4
chunked_256_p4,2094,2048,4348,76333,11960964,101230,44885609,0,45198145,16280,10975526,1238081,9595659,252454,8,2048,0,2048,8,4,4
chunked_256_p4,2095,2048,2124,72455,11610466,83166,43499361,0,43800214,11302,10184314,977092,9093849,276087,8,2048,0,2048,8,4,4
chunked_256_p4,2096,2048,2455,74700,12191005,102925,44304782,0,44736722,15990,10607406,1000595,9471797,247073,8,2048,0,2048,8,4,4
chunked_256_p4,2097,2048,2224,72877,12041585,107290,46189162,0,46607334,15880,10207807,983504,9105661,253755,8,2048,0,2048,8,4,4
chunked_256_p4,2098,2048,3406,75402,12186467,92883,45484881,0,45788151,10159,10607897,983684,9492096,250550,8,2048,0,2048,8,4,4
chunked_256_p4,2099,2048,2695,71303,12602226,90659,46175677,0,46445612,10960,10071170,985908,8998981,249117,8,2048,0,2048,8,4,4
chunked_256_p4,2100,2048,2534,74410,12010737,94556,43951738,0,44273010,10560,10468235,971872,9371609,261561,8,2048,0,2048,8,4,4
chunked_256_p4,2101,2048,2214,70933,13297730,84567,49885615,0,50465318,16080,10808864,1090253,9572426,270687,8,2048,0,2048,8,4,4
chunked_256_p4,2102,2048,3266,88546,10406499,89366,40177181,0,40549530,11622,10613919,974708,9497876,245200,8,2048,0,2048,8,4,4
chunked_256_p4,2103,2048,2254,68569,12250106,95197,43731226,0,44005629,14407,10350796,1020674,9212000,245781,8,2048,0,2048,8,4,4
chunked_256_p4,2104,2048,3987,75061,11443393,84159,43700530,0,44038010,11823,10953576,978124,9853122,252663,8,2048,0,2048,8,4,4
chunked_256_p4,2105,2048,2675,103073,12249915,86283,46902761,0,47279977,12394,10267820,1051622,9102966,231634,8,2048,0,2048,8,4,4
chunked_256_p4,2106,2048,3677,143349,12183932,97171,44386404,0,44651829,12093,10821638,968125,9721155,244749,8,2048,0,2048,8,4,4
chunked_256_p4,2107,2048,2385,67667,11719451,94668,42110787,0,42428913,10029,10148977,978043,9063222,246131,8,2048,0,2048,8,4,4
chunked_256_p4,2108,2048,2836,71585,12401510,95759,44816560,0,45094300,12694,10519071,981841,9407998,247303,8,2048,0,2048,8,4,4
chunked_256_p4,2109,2048,2334,75972,10954276,81396,41344530,0,41672767,14828,10507690,1161858,9231287,248656,8,2048,0,2048,8,4,4
chunked_256_p4,2110,2048,2495,68659,12067844,93323,44659596,0,44942716,8356,10712663,979406,9616980,248366,8,2048,0,2048,8,4,4
chunked_256_p4,2111,2048,2545,68548,11925507,96831,45446109,0,45798391,10370,10469037,988273,9359347,252764,8,2048,0,2048,8,4,4
chunked_256_p4,2112,2048,2514,75020,11701066,91752,44343564,0,44630531,11963,10421628,968495,9320073,245780,8,2048,0,2048,8,4,4
chunked_256_p4,2113,2048,2295,71033,12382654,100617,44315829,0,44721260,14457,10707704,1290960,9294375,248626,8,2048,0,2048,8,4,4
chunked_256_p4,2114,2048,2425,70682,11924806,88505,43294395,0,43637819,9999,10801019,979666,9690688,239820,8,2048,0,2048,8,4,4
chunked_256_p4,2115,2048,2344,69060,10857505,106078,41590221,0,41886375,12965,10544729,1020653,9412957,235682,8,2048,0,2048,8,4,4
chunked_256_p4,2116,2048,2785,67837,11275469,87995,43404953,0,43708001,13645,10683539,976641,9575401,239248,8,2048,0,2048,8,4,4
chunked_256_p4,2117,2048,4017,72987,10770652,91463,40868488,0,41697384,12593,11164190,988423,10039101,244137,8,2048,0,2048,8,4,4
chunked_256_p4,2118,2048,2756,69310,12148605,94137,45209987,0,45495654,13546,11212491,983263,9983377,315702,8,2048,0,2048,8,4,4
chunked_256_p4,2119,2048,5410,121879,14268680,1036773,53400600,0,54744283,12884,13572255,1078132,12320227,245220,8,2048,0,2048,8,4,4
chunked_256_p4,2120,2048,3707,72005,12405918,84638,45237322,0,45483631,12794,11130777,1000335,9975091,246261,8,2048,0,2048,8,4,4
chunked_256_p4,2121,2048,2285,68449,12185315,89468,46865231,0,47138564,16701,11487526,992180,10362307,236443,8,2048,0,2048,8,4,4
chunked_256_p4,2122,2048,2585,69390,11761760,87124,44198773,0,44506601,13466,11315043,996078,10197117,263785,8,2048,0,2048,8,4,4
chunked_256_p4,2123,2048,2335,68037,13189376,94697,48165466,0,48502007,15689,11648588,999754,10525493,235541,8,2048,0,2048,8,4,4
chunked_256_p4,2124,2048,2365,72816,11952769,88434,44701474,0,45129886,15569,10889455,991048,9785605,274154,8,2048,0,2048,8,4,4
chunked_256_p4,2125,2048,3046,66845,13744347,173657,52025917,0,52628207,11671,11060676,1011577,9921209,250940,8,2048,0,2048,8,4,4
chunked_256_p4,2126,2048,2324,76343,11821432,96311,44941864,0,45254279,11602,10542705,969869,9474662,236544,8,2048,0,2048,8,4,4
chunked_256_p4,2127,2048,2565,72165,10852315,93624,41502088,0,41934336,11712,11338186,1013009,10191156,235932,8,2048,0,2048,8,4,4
chunked_256_p4,2128,2048,2325,69731,11064133,94717,42829263,0,43127735,13655,11103356,984065,9980080,242445,8,2048,0,2048,8,4,4
chunked_256_p4,2129,2048,2905,82404,12155238,105538,45054455,0,45439968,11301,11096994,997500,10005588,245811,8,2048,0,2048,8,4,4
chunked_256_p4,2130,2048,2154,70021,10690451,91292,41367564,0,41740063,11672,10927756,994014,9829929,243867,8,2048,0,2048,8,4,4
chunked_256_p4,2131,2048,2655,70762,11502104,95661,42953787,0,43327600,12684,10893934,976741,9795855,237766,8,2048,0,2048,8,4,4
chunked_256_p4,2132,2048,2425,77765,12503521,96402,45118155,0,45409662,12132,10969354,977563,9872939,242074,8,2048,0,2048,8,4,4
chunked_256_p4,2133,2048,2174,70602,11902504,84729,45035980,0,45422836,11892,14562962,978735,13482686,266820,8,2048,0,2048,8,4,4
chunked_256_p4,2134,2048,2114,83026,11417956,84048,41685430,0,42044795,14167,10754522,986710,9662415,240731,8,2048,0,2048,8,4,4
chunked_256_p4,2135,2048,2034,74159,10327322,100236,39320958,0,39775189,12122,11046729,983363,9951426,237685,8,2048,0,2048,8,4,4
chunked_256_p4,2136,2048,2505,75441,12397993,105897,45482368,0,45888438,11542,11379464,1090875,10178522,234349,8,2048,0,2048,8,4,4
chunked_256_p4,2137,2048,2274,74199,12375411,95411,46171190,0,46496530,13325,11512383,1169443,10223126,258394,8,2048,0,2048,8,4,4
chunked_256_p4,2138,2048,2314,70362,12428671,120627,45603887,0,45912305,24967,11113886,996769,9992654,239819,8,2048,0,2048,8,4,4
chunked_256_p4,2139,2048,2104,70111,12336688,87917,43594860,0,43934518,11973,11315995,958276,10251209,239910,8,2048,0,2048,8,4,4
chunked_256_p4,2140,2048,2204,100208,10245778,86873,39668970,0,40020958,10480,11138853,983634,10051844,248847,8,2048,0,2048,8,4,4
chunked_256_p4,2141,2048,2494,118442,11569109,99536,43267889,0,43618284,13115,11163078,1053244,9993085,256331,8,2048,0,2048,8,4,4
chunked_256_p4,2142,2048,2114,69720,11779543,97823,43055957,0,43345802,12142,11356931,967134,10287596,255970,8,2048,0,2048,8,4,4
chunked_256_p4,2143,2048,2564,70993,10175657,95029,39173060,0,39778654,15940,11473650,1000857,10366194,258705,8,2048,0,2048,8,4,4
chunked_256_p4,2144,2048,2424,79970,10203829,100649,39273547,0,39897025,10099,10699509,1010254,9593816,240080,8,2048,0,2048,8,4,4
chunked_256_p4,2145,2048,2505,76573,10071001,82949,38926839,0,39368057,9118,11462760,994605,10358469,237275,8,2048,0,2048,8,4,4
chunked_256_p4,2146,2048,2044,72526,11139994,78977,41318120,0,41704143,13856,10659514,1007379,9539865,249828,8,2048,0,2048,8,4,4
chunked_256_p4,2147,2048,2354,74510,10341397,99559,39522907,0,39941783,9949,10702845,984145,9607000,260668,8,2048,0,2048,8,4,4
chunked_256_p4,2148,2048,2354,107271,9880743,86391,38213510,0,38544601,16280,10597497,997009,9491654,242584,8,2048,0,2048,8,4,4
chunked_256_p4,2149,2048,2335,74760,10261618,92183,39623672,0,40198050,10960,10603609,972924,9523023,252253,8,2048,0,2048,8,4,4
chunked_256_p4,2150,2048,3527,76613,11443474,103786,42273212,0,42619582,14547,10822029,977923,9729821,242174,8,2048,0,2048,8,4,4
chunked_256_p4,2151,2048,2255,75221,10123980,77926,39043436,0,39418991,13596,10812942,981350,9729911,239349,8,2048,0,2048,8,4,4
chunked_256_p4,2152,2048,2444,86532,11651744,91272,42177713,0,42474811,13325,10749532,980518,9671181,240510,8,2048,0,2048,8,4,4
chunked_256_p4,2153,2048,2444,82154,12171418,95549,43054813,0,43382160,13085,10997818,986941,9883699,75883,8,2048,0,2048,8,4,4
chunked_256_p4,2154,2048,2996,228188,10633795,99076,40379300,0,40862395,14577,10904944,991589,9802758,236704,8,2048,0,2048,8,4,4
chunked_256_p4,2155,2048,2675,83296,10518990,99666,39774807,0,40068487,10360,11969250,974677,10872163,238707,8,2048,0,2048,8,4,4
chunked_256_p4,2156,2048,2335,81693,10148135,81150,39031133,0,39331365,16751,37840231,1012979,36707477,248336,8,2048,0,2048,8,4,4
chunked_256_p4,2157,2048,3166,88987,10909783,92374,41569511,0,41863303,8957,11244501,965730,10171309,241803,8,2048,0,2048,8,4,4
chunked_256_p4,2158,2048,2695,78337,11125418,92917,41257577,0,41603048,11561,11070825,991909,9962788,251602,8,2048,0,2048,8,4,4
chunked_256_p4,2159,2048,2635,87424,12871751,90009,41214615,0,43463913,15239,11304963,977883,10218176,248156,8,2048,0,2048,8,4,4
chunked_256_p4,2160,2048,2164,78577,12615451,91651,43557450,0,43835140,11261,11060035,1099651,9867258,239799,8,2048,0,2048,8,4,4
chunked_256_p4,2161,2048,2265,82295,10365102,75573,40046820,0,40369143,10680,11091043,965149,10020857,247013,8,2048,0,2048,8,4,4
chunked_256_p4,2162,2048,1984,72777,11116661,106180,40711231,0,41285411,8997,11247306,969908,10166791,257683,8,2048,0,2048,8,4,4
chunked_256_p4,2163,2048,2425,95029,11097936,92011,41277484,0,41687125,9959,11157508,1058244,10000358,246312,8,2048,0,2048,8,4,4
chunked_256_p4,2164,2048,2544,69620,10860701,84950,40725741,0,41187628,12463,11200728,1013390,10078475,249809,8,2048,0,2048,8,4,4
chunked_256_p4,2165,2048,2675,90560,10451865,84687,39974252,0,40341609,9528,12131744,989365,11041069,276508,8,2048,0,2048,8,4,4
chunked_256_p4,2166,2048,2154,77395,11745209,97901,42885730,0,43196469,16661,11046600,974527,9960023,240210,8,2048,0,2048,8,4,4
chunked_256_p4,2167,2048,2364,69831,11110980,89377,42462296,0,42837679,12594,10867685,990136,9773713,236122,8,2048,0,2048,8,4,4
chunked_256_p4,2168,2048,2484,90159,11225685,86481,41943724,0,42306073,11281,11456649,1000256,10337530,256561,8,2048,0,2048,8,4,4
chunked_256_p4,2169,2048,2535,71354,12064808,94988,44380793,0,44730699,15829,11934744,957595,10852035,258405,8,2048,0,2048,8,4,4
chunked_256_p4,2170,2048,2164,78837,10916265,112002,41330576,0,41689208,16401,11063501,981981,9965022,258655,8,2048,0,2048,8,4,4
chunked_256_p4,2171,2048,2635,69630,11351712,91391,42106418,0,42380453,12113,11078489,986410,9997122,246943,8,2048,0,2048,8,4,4
chunked_256_p4,2172,2048,2415,70402,10731278,91602,40653022,0,40974427,11753,11237266,975589,10142925,242955,8,2048,0,2048,8,4,4
chunked_256_p4,2173,2048,2364,72917,10078795,89908,38942116,0,39369476,10530,11635423,1047754,10464028,305683,8,2048,0,2048,8,4,4
chunked_256_p4,2174,2048,2525,75752,11418287,92914,41993538,0,42523751,11692,11248458,985908,10154617,238427,8,2048,0,2048,8,4,4
chunked_256_p4,2175,2048,2826,85309,11287241,93656,41596704,0,41961257,12524,11276461,972374,10187629,246963,8,2048,0,2048,8,4,4
chunked_256_p4,2176,2048,2384,74770,10046455,93865,38870151,0,39256054,10600,11337805,984085,10247131,253214,8,2048,0,2048,8,4,4
chunked_256_p4,2177,2048,2975,72876,11128643,92803,40792107,0,41314745,11572,6747520,975789,5686581,255269,8,2048,0,2048,8,4,4
chunked_256_p4,2178,2048,2635,69160,12694068,102662,45617391,0,45983456,11672,6776465,981400,5705286,251040,8,2048,0,2048,8,4,4
chunked_256_p4,2179,2048,2424,70142,10687186,102241,41353037,0,41688302,11752,6996857,1007048,5917844,242194,8,2048,0,2048,8,4,4
chunked_256_p4,2180,2048,2736,74820,10525683,83798,40897581,0,41289849,17312,8210182,981360,7147250,270407,8,2048,0,2048,8,4,4
chunked_256_p4,2181,2048,2013,67867,13224883,93836,47112152,0,47375837,13695,7708672,1012268,6548928,237064,8,2048,0,2048,8,4,4
chunked_256_p4,2182,2048,2454,69400,13140976,92726,48420115,0,48698470,10951,7719141,1006898,6609862,242544,8,2048,0,2048,8,4,4
chunked_256_p4,2183,2048,3016,77105,12271707,99246,45783010,0,46061885,10690,7616889,981700,6553236,252753,8,2048,0,2048,8,4,4
chunked_256_p4,2184,2048,2334,69651,13579418,83758,49498338,0,49766421,11612,7944324,979356,6879487,253616,8,2048,0,2048,8,4,4
chunked_256_p4,2185,2048,2455,70251,12463225,107562,46785802,0,47219856,17262,8186858,1025993,7072348,239770,8,2048,0,2048,8,4,4
chunked_256_p4,2186,2048,2093,74159,13471956,108212,49341114,0,49615806,9949,8083725,945062,7049436,206708,8,2048,0,2048,8,4,4
chunked_256_p4,2187,2048,3186,206687,13011103,117680,48134461,0,48463176,15148,8234528,994725,7131670,243256,8,2048,0,2048,8,4,4
chunked_256_p4,2188,2048,2325,67867,12560387,108944,47156815,0,47475433,11081,8217897,985437,7132442,272491,8,2048,0,2048,8,4,4
chunked_256_p4,2189,2048,2375,71885,12476360,98465,47443404,0,47891114,14107,37734712,983604,36617899,251431,8,2048,0,2048,8,4,4
chunked_256_p4,2190,2048,2845,71955,15998583,97019,58865999,0,59159387,18415,8743933,1113448,7490112,269075,8,2048,0,2048,8,4,4
chunked_256_p4,2191,2048,2114,67677,15775946,94086,56088551,0,56394124,12303,8979504,1003612,7883219,242374,8,2048,0,2048,8,4,4
chunked_256_p4,2192,2048,2364,69720,14576497,102281,52697004,0,52994822,10680,8474898,986239,7406215,243066,8,2048,0,2048,8,4,4
chunked_256_p4,2193,2048,3026,70522,14649344,113282,52897058,0,53301668,12183,8633977,988874,7553090,248846,8,2048,0,2048,8,4,4
chunked_256_p4,2194,2048,2725,74379,14722361,101299,55619462,0,55904266,12354,8692917,1001778,7595510,243126,8,2048,0,2048,8,4,4
chunked_256_p4,2195,2048,2384,67958,15356029,88587,55738655,0,56028631,12273,8660847,967684,7596402,253426,8,2048,0,2048,8,4,4
chunked_256_p4,2196,2048,2305,90290,14541372,88867,54523788,0,54840181,15479,9108806,956744,8046515,236574,8,2048,0,2048,8,4,4
chunked_256_p4,2197,2048,2344,69550,14933095,100346,55974939,0,56254080,13776,10418362,984546,9332967,247814,8,2048,0,2048,8,4,4
chunked_256_p4,2198,2048,2675,65783,14647831,109276,55715833,0,55990829,8626,9443454,1080656,8211124,244649,8,2048,0,2048,8,4,4
chunked_256_p4,2199,2048,2254,67266,14811277,104667,54679890,0,55043673,13095,9245112,983614,8140702,244649,8,2048,0,2048,8,4,4
chunked_256_p4,2200,2048,2244,66335,14737590,107329,55995868,0,56341333,12703,9404350,1029930,8288189,221686,8,2048,0,2048,8,4,4
chunked_256_p4,2201,2048,1854,67045,14856672,105236,55869238,0,56170214,14057,9956336,1083111,8709949,241894,8,2048,0,2048,8,4,4
chunked_256_p4,2202,2048,2304,70332,15394120,113876,57308228,0,57620586,10931,9322608,977022,8227374,248426,8,2048,0,2048,8,4,4
chunked_256_p4,2203,2048,2534,65633,15136347,88495,56881140,0,57132650,12674,9702079,984095,8613668,241703,8,2048,0,2048,8,4,4
chunked_256_p4,2204,2048,2244,66825,13969189,94975,54240045,0,54704858,13165,9268606,981811,8175447,237886,8,2048,0,2048,8,4,4
chunked_256_p4,2205,2048,2625,93104,15059743,96320,55329046,0,55755077,11902,8884446,983083,7806265,247574,8,2048,0,2048,8,4,4
chunked_256_p4,2206,2048,2424,66434,13383280,100658,51887396,0,52219416,17543,9349849,1078612,8169286,238337,8,2048,0,2048,8,4,4
chunked_256_p4,2207,2048,2605,65853,14117446,93475,52690173,0,52964046,14387,9290087,993803,8201966,296245,8,2048,0,2048,8,4,4
chunked_256_p4,2208,2048,3397,68738,16634847,91711,60151167,0,60538614,12413,9305946,984135,8213799,270087,8,2048,0,2048,8,4,4
chunked_256_p4,2209,2048,3827,176892,15875693,115697,61755787,0,62049989,10350,9253869,1003361,8142335,232516,8,2048,0,2048,8,4,4
chunked_256_p4,2210,2048,2445,67036,15081404,108614,58691140,0,58998939,16141,10059549,1253420,8670816,284603,8,2048,0,2048,8,4,4
chunked_256_p4,2211,2048,2575,70733,17222999,100929,67254443,0,67723675,15058,10036416,1168611,8765373,249307,8,2048,0,2048,8,4,4
chunked_256_p4,2212,2048,2405,96481,17842821,108985,61563466,0,62283788,19938,10618837,1284388,9216659,254397,8,2048,0,2048,8,4,4
chunked_256_p4,2213,2048,2645,70072,15796435,113193,60862621,0,61147657,9027,10189112,1033187,9015312,270738,8,2048,0,2048,8,4,4
chunked_256_p4,2214,2048,2304,66966,15179528,118020,57990959,0,58385888,11261,9532531,979446,8404677,286928,8,2048,0,2048,8,4,4
chunked_256_p4,2215,2048,3096,71253,16235087,101269,62231858,0,62681561,13536,9967437,1112366,8757327,247243,8,2048,0,2048,8,4,4
chunked_256_p4,2216,2048,2184,72175,15628920,117531,60484153,0,60827544,16280,9936298,1134988,8684882,243466,8,2048,0,2048,8,4,4
chunked_256_p4,2217,2048,2264,71264,16193369,105668,60717739,0,61037850,12774,9834347,979857,8666087,245450,8,2048,0,2048,8,4,4
chunked_256_p4,2218,2048,2094,69961,16435663,123713,61037140,0,61398518,13395,10307744,1119389,9069373,257733,8,2048,0,2048,8,4,4
chunked_256_p4,2219,2048,2615,69721,16114320,110457,60090293,0,60402720,15189,10706923,1188719,9370347,245260,8,2048,0,2048,8,4,4
chunked_256_p4,2220,2048,2295,104415,16115824,102231,61155492,0,61456914,16972,10947975,1097578,9694605,254707,8,2048,0,2048,8,4,4
chunked_256_p4,2221,2048,3447,88015,16317491,105057,60684578,0,61612265,12874,11822134,1106764,10577580,218970,8,2048,0,2048,8,4,4
chunked_256_p4,2222,2048,2535,76514,15807565,126247,59283061,0,59667942,13235,11011995,1089493,9782871,284694,8,2048,0,2048,8,4,4
chunked_256_p4,2223,2048,3236,86301,16623475,112431,61752941,0,62174350,10199,10538466,1094172,9346833,253445,8,2048,0,2048,8,4,4
chunked_256_p4,2224,2048,2475,99958,17338586,112300,62462480,0,62793663,13024,10607516,1146951,9322387,245621,8,2048,0,2048,8,4,4
chunked_256_p4,2225,2048,2384,92063,16966408,108494,61743202,0,62155315,13515,10605763,1129157,9327055,243126,8,2048,0,2048,8,4,4
chunked_256_p4,2226,2048,2194,80421,16441093,106939,62653010,0,62947962,14136,12084946,1138665,10803755,243496,8,2048,0,2048,8,4,4
chunked_256_p4,2227,2048,2404,81093,16278489,107291,59249829,0,59579175,10379,20227712,1020203,19063149,267581,8,2048,0,2048,8,4,4
chunked_256_p4,2228,2048,3356,110057,17014598,91702,60968719,0,61272582,14427,11027504,1237350,9629974,264926,8,2048,0,2048,8,4,4
chunked_256_p4,2229,2048,2555,82043,18344121,133460,63085640,0,63461914,13385,10775752,1138985,9497355,248786,8,2048,0,2048,8,4,4
chunked_256_p4,2230,2048,2344,79519,16948494,107992,61692668,0,62013681,12514,11036211,1108698,9793601,280987,8,2048,0,2048,8,4,4
chunked_256_p4,2231,2048,2796,79780,16487690,114344,59890149,0,60201855,15339,11079001,1131311,9786197,256611,8,2048,0,2048,8,4,4
chunked_256_p4,2232,2048,2966,81683,16725096,101109,61629158,0,61954300,12102,11025670,1120581,9776348,288741,8,2048,0,2048,8,4,4
chunked_256_p4,2233,2048,3376,86793,15795933,105908,58418880,0,58770088,11381,10945590,1232450,9567798,245340,8,2048,0,2048,8,4,4
chunked_256_p4,2234,2048,3136,80511,16827126,100550,63444984,0,63784269,10790,11731734,1399403,10196917,245621,8,2048,0,2048,8,4,4
chunked_256_p4,2235,2048,2525,81774,16257339,101389,60232741,0,60573790,10930,11127892,1103018,9886464,261400,8,2048,0,2048,8,4,4
chunked_256_p4,2236,2048,2294,83296,16542774,116649,64393961,0,64819911,16170,127515519,1121813,126250668,244178,8,2048,0,2048,8,4,4
chunked_256_p4,2237,2048,2976,73999,17105488,93736,62324903,0,62667075,12253,11339659,1100924,10119141,252714,8,2048,0,2048,8,4,4
chunked_256_p4,2238,2048,2565,102151,16949135,106219,61771115,0,62080285,13486,10019685,959950,8943076,284403,8,2048,0,2048,8,4,4
chunked_256_p4,2239,2048,2384,68759,15627337,98394,59353424,0,59637906,14077,9598766,982522,8528669,244698,8,2048,0,2048,8,4,4
chunked_256_p4,2240,2048,2936,83707,15427132,103356,55115478,0,55417315,13014,10521194,1104591,9322507,256301,8,2048,0,2048,8,4,4
chunked_256_p4,2241,2048,2725,80040,14879555,94137,56113290,0,56441283,13154,11567526,1104821,10349443,243777,8,2048,0,2048,8,4,4
chunked_256_p4,2242,2048,2475,79739,16082941,120297,58933285,0,59293312,19617,10859269,1099171,9647727,246843,8,2048,0,2048,8,4,4
chunked_256_p4,2243,2048,2274,78177,15905148,93806,60531550,0,60816678,14938,10777906,1091286,9577846,256261,8,2048,0,2048,8,4,4
chunked_256_p4,2244,2048,3397,108844,16282085,97801,58114923,0,58489833,12794,10983341,1084032,9788561,260518,8,2048,0,2048,8,4,4
chunked_256_p4,2245,2048,3106,108313,16556610,112290,58565784,0,58955978,13235,11116120,1090685,9915439,238698,8,2048,0,2048,8,4,4
chunked_256_p4,2246,2048,3025,73899,16674621,88004,61817841,0,62207422,12283,10709297,1107256,9498848,278842,8,2048,0,2048,8,4,4
chunked_256_p4,2247,2048,3015,198191,16758327,114035,57846127,0,58173310,16370,10799095,1133355,9562968,245520,8,2048,0,2048,8,4,4
chunked_256_p4,2248,2048,2425,86281,15489488,89848,57747121,0,58048324,12032,10960918,1102487,9763053,246892,8,2048,0,2048,8,4,4
chunked_256_p4,2249,2048,2685,84829,16033579,105437,59915226,0,60289626,14477,12232213,1090985,11030650,239619,8,2048,0,2048,8,4,4
chunked_256_p4,2250,2048,2525,80341,15631786,92904,56647159,0,56949957,13184,11370897,1098269,10168393,271659,8,2048,0,2048,8,4,4
chunked_256_p4,2251,2048,2785,87624,15422644,94958,57597311,0,57955834,12203,11390735,1138785,10153325,257994,8,2048,0,2048,8,4,4
chunked_256_p4,2252,2048,2805,95048,15564119,117540,57243055,0,57586149,12884,11581563,1101415,10354101,243045,8,2048,0,2048,8,4,4
chunked_256_p4,2253,2048,2545,84017,15976602,97403,57401774,0,57721744,12453,11222870,1107296,10003814,240100,8,2048,0,2048,8,4,4
chunked_256_p4,2254,2048,2665,84969,15650611,107180,57119945,0,57487055,12012,11218552,1122845,9996781,245180,8,2048,0,2048,8,4,4
chunked_256_p4,2255,2048,2194,79569,15199254,86030,57421800,0,57740921,10881,11384703,1099802,10155008,244068,8,2048,0,2048,8,4,4
chunked_256_p4,2256,2048,2284,83837,16123587,107033,62599959,0,63167054,11000,11578997,1138685,10334915,270937,8,2048,0,2048,8,4,4
chunked_256_p4,2257,2048,2404,113623,16663690,89107,60320105,0,60639554,9939,11621708,1096145,10422830,256692,8,2048,0,2048,8,4,4
chunked_256_p4,2258,2048,2325,62958,15799981,103914,60445910,0,60783945,10600,11320363,1100033,10102209,261240,8,2048,0,2048,8,4,4
chunked_256_p4,2259,2048,2074,65232,16082180,106690,60713982,0,61154770,12463,11813908,1099812,10586908,246322,8,2048,0,2048,8,4,4
chunked_256_p4,2260,2048,2886,78688,17147998,105358,61802775,0,62110772,14968,12125071,994845,10970246,259437,8,2048,0,2048,8,4,4
chunked_256_p4,2261,2048,2705,109495,16614608,96390,63182972,0,63480689,11402,12222094,1107496,11007847,242254,8,2048,0,2048,8,4,4
chunked_256_p4,2262,2048,2545,82996,16806258,105436,60187436,0,60622333,11572,11970622,1117525,10726189,306364,8,2048,0,2048,8,4,4
chunked_256_p4,2263,2048,3005,116860,16693877,106400,59571112,0,59925905,10460,11782740,1093590,10576458,257763,8,2048,0,2048,8,4,4
chunked_256_p4,2264,2048,3186,111829,16803232,94156,60079804,0,60399704,14296,12166238,1278667,10771274,241774,8,2048,0,2048,8,4,4
chunked_256_p4,2265,2048,3115,80731,16724243,100731,59551455,0,59889670,12263,11961284,1091457,10758008,240110,8,2048,0,2048,8,4,4
chunked_256_p4,2266,2048,2254,80070,16102217,116679,61511457,0,61954960,13085,11753064,1105703,10527046,242474,8,2048,0,2048,8,4,4
chunked_256_p4,2267,2048,2595,88495,16433589,129552,59441999,0,59883557,15969,11808127,1100262,10594623,240311,8,2048,0,2048,8,4,4
chunked_256_p4,2268,2048,2615,85951,16733651,104085,59586810,0,59890371,14647,11731413,1103979,10507478,247003,8,2048,0,2048,8,4,4
chunked_256_p4,2269,2048,2345,81804,16192748,98254,62059736,0,62457001,29265,12609179,1391489,11031772,240140,8,2048,0,2048,8,4,4
chunked_256_p4,2270,2048,2535,81753,16607364,98045,59411480,0,59701366,15459,11874231,1114269,10634437,243356,8,2048,0,2048,8,4,4
chunked_256_p4,2271,2048,2866,80701,16164514,96762,60327738,0,60625237,11752,12000949,1125620,10766284,245099,8,2048,0,2048,8,4,4
chunked_256_p4,2272,2048,2505,97954,15962005,102073,59617897,0,59919145,12614,12399626,1101075,11161585,277551,8,2048,0,2048,8,4,4
chunked_256_p4,2273,2048,2775,122460,17332494,96781,62089552,0,62413380,14357,11830680,1096996,10605332,240431,8,2048,0,2048,8,4,4
chunked_256_p4,2274,2048,2705,100909,17763371,107833,62511956,0,62857113,13385,12036806,1175023,10729094,259286,8,2048,0,2048,8,4,4
chunked_256_p4,2275,2048,2475,90730,16640426,100409,59517079,0,59904867,15059,11912413,1109009,10669283,241633,8,2048,0,2048,8,4,4
chunked_256_p4,2276,2048,2515,86131,17352682,107532,61080761,0,61375414,9868,127787239,1121182,126520734,268343,8,2048,0,2048,8,4,4
chunked_256_p4,2277,2048,2985,123021,17119415,98945,66361250,0,66667425,10750,12171087,1142512,10900776,245219,8,2048,0,2048,8,4,4
chunked_256_p4,2278,2048,2154,88676,15365276,97551,58346233,0,58677463,10790,12368438,1120811,11112633,310261,8,2048,0,2048,8,4,4
chunked_256_p4,2279,2048,2505,82796,17720943,126676,61360987,0,61693921,17583,11949111,1124458,10696343,262062,8,2048,0,2048,8,4,4
chunked_256_p4,2280,2048,2875,126257,16830513,104075,59147265,0,59494837,15820,12104213,1098650,10878515,266971,8,2048,0,2048,8,4,4
chunked_256_p4,2281,2048,2866,116628,17188153,84689,64362442,0,64684517,16120,12157573,1128766,10894885,239669,8,2048,0,2048,8,4,4
chunked_256_p4,2282,2048,2545,81423,15580429,106932,60057043,0,60367783,12173,12303446,1094261,11072789,244008,8,2048,0,2048,8,4,4
chunked_256_p4,2283,2048,2715,78968,17238247,111457,60335783,0,60666174,13465,11741352,1098860,10541001,273122,8,2048,0,2048,8,4,4
chunked_256_p4,2284,2048,2865,133410,15295104,98775,55411263,0,55775674,15249,11343096,1108908,10118439,244117,8,2048,0,2048,8,4,4
chunked_256_p4,2285,2048,3407,66565,15759996,101721,58324332,0,58660954,1003551,14315818,2521718,10594341,247083,8,2048,0,2048,8,4,4
chunked_256_p4,2286,2048,2194,79309,16312582,103336,61078838,0,61377680,8867,12055000,1091316,10848709,238507,8,2048,0,2048,8,4,4
chunked_256_p4,2287,2048,2335,80301,15972665,105258,60358837,0,60666774,11541,12268731,1100053,11044736,249157,8,2048,0,2048,8,4,4
chunked_256_p4,2288,2048,2515,81323,15925346,101772,59428583,0,59851359,10791,13088377,1092188,11868731,276338,8,2048,0,2048,8,4,4
chunked_256_p4,2289,2048,3086,150913,17051567,101679,60107225,0,60438516,11952,12130702,1116373,10909412,251201,8,2048,0,2048,8,4,4
chunked_256_p4,2290,2048,2775,77215,16191205,97945,59706194,0,60002138,12002,11924034,1111033,10702875,251973,8,2048,0,2048,8,4,4
chunked_256_p4,2291,2048,2084,80301,16290631,109363,56063954,0,56387121,15830,12064187,1101305,10840733,253344,8,2048,0,2048,8,4,4
chunked_256_p4,2292,2048,8666,64390,16146510,111721,58323343,0,58639584,12584,12262520,1124478,11015702,253194,8,2048,0,2048,8,4,4
chunked_256_p4,2293,2048,2534,79259,17087505,106799,61023021,0,61333343,13686,11735231,1153683,10469257,239278,8,2048,0,2048,8,4,4
chunked_256_p4,2294,2048,2995,77395,15290716,105566,56573352,0,56992206,19607,12303135,1109450,11054996,249557,8,2048,0,2048,8,4,4
chunked_256_p4,2295,2048,2445,83937,16793633,109576,60054738,0,60371182,18194,11474842,1390556,9962888,248135,8,2048,0,2048,8,4,4
chunked_256_p4,2296,2048,2655,83096,16028088,108031,55327666,0,55638257,12614,11673424,1101856,10455842,240952,8,2048,0,2048,8,4,4
chunked_256_p4,2297,2048,2625,87204,15380825,100439,55261882,0,55548520,11291,12153786,1099000,10924942,251922,8,2048,0,2048,8,4,4
chunked_256_p4,2298,2048,2094,77836,15391695,95490,58697425,0,58989652,10059,10689871,922349,9661022,244068,8,2048,0,2048,8,4,4
chunked_256_p4,2299,2048,2525,79268,15641974,100789,55475423,0,55875973,11611,11535906,1122454,10277989,279093,8,2048,0,2048,8,4,4
chunked_256_p4,2300,2048,2825,79158,15992602,103904,59629392,0,59937618,15379,11834647,1197905,10520493,235101,8,2048,0,2048,8,4,4
chunked_256_p4,2301,2048,2996,76474,17213060,105007,57432480,0,57777039,19506,11910028,1246076,10523428,240180,8,2048,0,2048,8,4,4
chunked_256_p4,2302,2048,2394,83787,16719656,100328,62364059,0,62711288,10540,12226952,1232100,10835965,269105,8,2048,0,2048,8,4,4
chunked_256_p4,2303,2048,2435,71665,16451122,105247,58423721,0,58756662,12153,11730011,1121803,10470570,242284,8,2048,0,2048,8,4,4
chunked_256_p4,2304,2048,2094,66073,17542367,102453,60563710,0,60895626,13696,12140030,1110622,10906276,247163,8,2048,0,2048,8,4,4
chunked_256_p4,2305,2048,2335,89168,17606448,121296,63273762,0,63625881,14156,11163849,1096546,9912534,236453,8,2048,0,2048,8,4,4
chunked_256_p4,2306,2048,2174,69249,17286006,114033,57038113,0,57375533,14306,11496623,1098991,10256418,266299,8,2048,0,2048,8,4,4
chunked_256_p4,2307,2048,3096,64311,17474180,92454,61907380,0,62229685,14648,11790765,1100173,10553575,248827,8,2048,0,2048,8,4,4
chunked_256_p4,2308,2048,3115,79438,17018626,102353,60960125,0,61331290,13555,12520943,1170575,11212771,242395,8,2048,0,2048,8,4,4
chunked_256_p4,2309,2048,2564,81973,15582985,93937,59420248,0,59756611,11421,12068936,1122565,10811439,260378,8,2048,0,2048,8,4,4
chunked_256_p4,2310,2048,2915,84077,17713799,108173,68143684,0,68538213,11531,12598729,1107266,11347143,245741,8,2048,0,2048,8,4,4
chunked_256_p4,2311,2048,2755,83807,17171352,124563,64457020,0,65347329,20198,16309677,1132303,14998499,257884,8,2048,0,2048,8,4,4
chunked_256_p4,2312,2048,2355,86312,15709912,99428,60875057,0,61162656,13125,12721079,1106474,11468631,233328,8,2048,0,2048,8,4,4
chunked_256_p4,2313,2048,2365,83256,15302258,105597,58690368,0,59100099,11792,126514423,983204,125365859,250540,8,2048,0,2048,8,4,4
chunked_256_p4,2314,2048,2304,86953,18731186,116307,63709046,0,64201472,12293,12313354,1223784,10956631,235512,8,2048,0,2048,8,4,4
chunked_256_p4,2315,2048,2705,78357,20192296,108663,63409658,0,63736079,15048,12651889,1168701,11338227,243046,8,2048,0,2048,8,4,4
chunked_256_p4,2316,2048,2745,67347,15378751,88276,57145712,0,57434515,19216,13527410,1651467,11720583,287038,8,2048,0,2048,8,4,4
chunked_256_p4,2317,2048,2956,67096,15106782,90090,54989580,0,55404491,11942,8560859,991659,7427314,271469,8,2048,0,2048,8,4,4
chunked_256_p4,2318,2048,3647,81823,17137669,95458,61580958,0,61879409,17653,9050387,1505362,7399953,281658,8,2048,0,2048,8,4,4
chunked_256_p4,2319,2048,2154,66645,15221106,112169,59559850,0,59919263,16391,7319643,986629,6241442,276869,8,2048,0,2048,8,4,4
chunked_256_p4,2320,2048,2375,66294,16302833,114195,62088922,0,62438557,15829,7511091,1135168,6272119,247875,8,2048,0,2048,8,4,4
chunked_256_p4,2321,2048,2655,86753,18221060,108422,68080674,0,71607786,25708,8780922,1330264,7295657,258194,8,2048,0,2048,8,4,4
chunked_256_p4,2322,2048,2575,66655,17615595,110686,64843785,0,65182128,12634,8678951,985507,7545747,275857,8,2048,0,2048,8,4,4
chunked_256_p4,2323,2048,3586,71364,16907858,108524,64447925,0,64866189,13606,9030761,1042455,7860246,245690,8,2048,0,2048,8,4,4
chunked_256_p4,2324,2048,2164,71674,18913378,110247,70358043,0,70679427,16972,9215597,1163822,7904539,267111,8,2048,0,2048,8,4,4
chunked_256_p4,2325,2048,2375,71845,18171477,139893,68438863,0,68844223,18054,9370788,1003130,8192298,260969,8,2048,0,2048,8,4,4
chunked_256_p4,2326,2048,2475,68047,18213365,104666,66041290,0,66362674,12203,9313380,974387,8200353,254968,8,2048,0,2048,8,4,4
chunked_256_p4,2327,2048,2355,66915,17988333,100177,63511187,0,63816901,15028,8439602,998792,7331685,249648,8,2048,0,2048,8,4,4
chunked_256_p4,2328,2048,2165,80441,17138079,99557,64001924,0,64904251,14918,22618484,994574,21476002,251181,8,2048,0,2048,8,4,4
chunked_256_p4,2329,2048,2575,71895,17347021,99977,66929223,0,67246901,18255,9281641,1135809,8027990,239990,8,2048,0,2048,8,4,4
chunked_256_p4,2330,2048,2314,69080,17055004,105828,66479731,0,66770887,14267,8259985,993973,7105150,246001,8,2048,0,2048,8,4,4
chunked_256_p4,2331,2048,2254,69070,18576466,123129,70042689,0,70345349,17502,8956441,1146039,7718340,259847,8,2048,0,2048,8,4,4
chunked_256_p4,2332,2048,2866,115467,18786370,110669,69251610,0,69615813,16201,9092657,1212804,7772071,273683,8,2048,0,2048,8,4,4
chunked_256_p4,2333,2048,2866,109716,19356008,98313,71019013,0,71443807,17463,8879376,1121152,7661523,241884,8,2048,0,2048,8,4,4
chunked_256_p4,2334,2048,2755,68969,18972769,107602,71430212,0,71761773,12423,9472499,1144295,8205504,240681,8,2048,0,2048,8,4,4
chunked_256_p4,2335,2048,2375,136225,18752657,114865,71723092,0,72064252,13385,8637343,1227260,7290367,240631,8,2048,0,2048,8,4,4
chunked_256_p4,2336,2048,2324,70201,18534869,104007,72600688,0,72917352,18294,9508346,1141510,8249896,177853,8,2048,0,2048,8,4,4
chunked_256_p4,2337,2048,2204,67357,19372519,139421,70660573,0,71036224,11812,9462310,1111644,8250317,200836,8,2048,0,2048,8,4,4
chunked_256_p4,2338,2048,2675,70111,17509265,99465,68702860,0,69008594,14718,8405028,992070,7288875,249177,8,2048,0,2048,8,4,4
chunked_256_p4,2339,2048,2375,69039,17054363,115419,65854231,0,66285100,16310,9207582,1102096,7989839,279363,8,2048,0,2048,8,4,4
chunked_256_p4,2340,2048,2294,73949,17528632,107622,66678926,0,66965274,13646,9201430,999283,8060131,231574,8,2048,0,2048,8,4,4
chunked_256_p4,2341,2048,2074,68469,19967544,110888,69672078,0,71424584,19126,10021047,1195191,8624449,275817,8,2048,0,2048,8,4,4
chunked_256_p4,2342,2048,2404,72365,17680907,130853,69200874,0,69666086,20198,9444676,1138074,8193551,236543,8,2048,0,2048,8,4,4
chunked_256_p4,2343,2048,2175,75892,17691126,109315,67836036,0,68139984,13175,8615001,997941,7513275,236313,8,2048,0,2048,8,4,4
chunked_256_p4,2344,2048,2254,89077,19099697,125386,70241957,0,70599155,14858,10036075,1120039,8800448,254136,8,2048,0,2048,8,4,4
chunked_256_p4,2345,2048,2364,73538,17512491,97493,67237172,0,67584866,18254,9982746,1152571,8723995,249948,8,2048,0,2048,8,4,4
chunked_256_p4,2346,2048,2394,73689,19069811,97555,71034050,0,71417449,13274,9875353,1129347,8649636,237105,8,2048,0,2048,8,4,4
chunked_256_p4,2347,2048,2345,71815,17133171,110829,66479172,0,66771730,13655,146331193,1134838,145067634,239259,8,2048,0,2048,8,4,4
chunked_256_p4,2348,2048,2214,70022,19035447,110206,70869152,0,71237241,13535,10132867,1133675,8901148,135143,8,2048,0,2048,8,4,4
chunked_256_p4,2349,2048,2354,80341,19208952,104697,71522516,0,71831216,16341,10557052,1197424,9214114,245140,8,2048,0,2048,8,4,4
chunked_256_p4,2350,2048,3717,97463,17211627,122009,66756721,0,67154738,12553,9451048,1117184,8239487,250379,8,2048,0,2048,8,4,4
chunked_256_p4,2351,2048,2064,70562,18781450,115055,68078048,0,68408106,12864,19334187,1152450,18063043,179246,8,2048,0,2048,8,4,4
chunked_256_p4,2352,2048,2214,70312,7736263,109235,29309710,0,29588251,14377,9743076,1156899,8476010,306254,8,2048,0,2048,8,4,4
chunked_256_p4,2353,2048,2685,227046,7299625,97012,25838112,0,26155974,12103,10027028,1124778,8814044,249919,8,2048,0,2048,8,4,4
chunked_256_p4,2354,2048,2675,73568,6738403,104976,25435545,0,25765002,7544,9282011,989916,8199672,244238,8,2048,0,2048,8,4,4
chunked_256_p4,2355,2048,1854,71033,7124727,96810,25576511,0,25851185,15810,10021307,1158352,8780852,74570,8,2048,0,2048,8,4,4
chunked_256_p4,2356,2048,3517,98695,7904470,101032,26966637,0,27263292,11862,9742134,1013840,8596867,262602,8,2048,0,2048,8,4,4
chunked_256_p4,2357,2048,2695,89628,6944208,107993,25030626,0,25339266,8146,9052211,973105,7998585,244198,8,2048,0,2048,8,4,4
chunked_256_p4,2358,2048,2565,91401,6670245,103225,24587766,0,24913226,9538,9165052,976671,8109654,254247,8,2048,0,2048,8,4,4
chunked_256_p4,2359,2048,2395,88205,7010743,104729,25829082,0,26110231,10680,11569691,1215359,10229298,249758,8,2048,0,2048,8,4,4
chunked_256_p4,2360,2048,2565,89828,7033176,88104,26017465,0,26410223,12413,9795815,1210289,8503202,237705,8,2048,0,2048,8,4,4
chunked_256_p4,2361,2048,2255,74389,6312474,89298,23723076,0,24097698,13976,9632328,974256,8567121,252383,8,2048,0,2048,8,4,4
chunked_256_p4,2362,2048,2064,75742,6671678,94858,24681601,0,25021511,10209,9890502,987421,8821679,252263,8,2048,0,2048,8,4,4
chunked_256_p4,2363,2048,2204,129663,5840650,92533,21610695,0,21999503,13515,9665080,969487,8603890,237495,8,2048,0,2048,8,4,4
chunked_256_p4,2364,2048,2755,72446,6560329,90540,23917120,0,24258479,12984,9652185,984997,8574074,298419,8,2048,0,2048,8,4,4
chunked_256_p4,2365,2048,2685,70813,6800128,86832,24114158,0,24370108,11252,9479441,982472,8421037,246472,8,2048,0,2048,8,4,4
chunked_256_p4,2366,2048,2044,81824,6534160,92192,24470817,0,24833597,10921,9423867,988664,8359382,270016,8,2048,0,2048,8,4,4
chunked_256_p4,2367,2048,2395,73267,6768509,93476,24189268,0,24508637,13746,9419720,965931,8375331,247093,8,2048,0,2048,8,4,4
chunked_256_p4,2368,2048,2545,92123,6800960,104847,25679443,0,25960840,14347,9985571,1160436,8746808,238737,8,2048,0,2048,8,4,4
chunked_256_p4,2369,2048,2154,77104,6490077,88266,24570442,0,24867832,11091,9544985,982933,8469368,273132,8,2048,0,2048,8,4,4
chunked_256_p4,2370,2048,2575,82665,6514523,84359,23626012,0,23993963,16060,9709643,1228093,8390941,243547,8,2048,0,2048,8,4,4
chunked_256_p4,2371,2048,2535,72125,6744574,97432,23997738,0,24304635,12364,9562617,964709,8505816,246592,8,2048,0,2048,8,4,4
chunked_256_p4,2372,2048,2294,70993,6485579,95840,24500441,0,24781929,14216,9391487,991028,8316061,246352,8,2048,0,2048,8,4,4
chunked_256_p4,2373,2048,2354,88475,6336069,99197,23478768,0,23734177,12263,9859765,978625,8793936,248295,8,2048,0,2048,8,4,4
chunked_256_p4,2374,2048,2284,76323,6946062,93457,24636767,0,24893692,10610,9989628,978916,8919301,233858,8,2048,0,2048,8,4,4
chunked_256_p4,2375,2048,2364,75201,6195695,80201,23202639,0,23482151,10890,9651894,1001227,8550871,242705,8,2048,0,2048,8,4,4
chunked_256_p4,2376,2048,3296,93084,6793446,88315,25001021,0,25376865,11412,9496244,997440,8423462,252102,8,2048,0,2048,8,4,4
chunked_256_p4,2377,2048,1984,73207,7043915,78926,24512254,0,24776177,10981,9784825,977162,8723394,233918,8,2048,0,2048,8,4,4
chunked_256_p4,2378,2048,2063,78407,6930453,88455,25291924,0,25589654,14177,9968980,1014502,8847928,278201,8,2048,0,2048,8,4,4
chunked_256_p4,2379,2048,3016,107381,7395084,113085,25296814,0,25645900,15279,10499463,1146349,9250893,263033,8,2048,0,2048,8,4,4
chunked_256_p4,2380,2048,2515,95739,6254545,94088,22577966,0,23008546,14588,10151411,989154,9065455,237485,8,2048,0,2048,8,4,4
chunked_256_p4,2381,2048,2454,78577,6917439,85040,25627305,0,25894766,15489,9822535,998472,8722302,248777,8,2048,0,2048,8,4,4
chunked_256_p4,2382,2048,2074,83096,8356276,95989,26330814,0,26602083,13335,10262620,1008751,9119857,258895,8,2048,0,2048,8,4,4
chunked_256_p4,2383,2048,1994,79579,6751257,77154,24507226,0,24784504,10329,9512564,988763,8448639,245450,8,2048,0,2048,8,4,4
chunked_256_p4,2384,2048,2334,67647,6841175,90260,26119929,0,26519439,10169,9725903,995276,8652461,279254,8,2048,0,2048,8,4,4
chunked_256_p4,2385,2048,2345,70442,6432449,89377,23763992,0,24107496,12363,9953230,973435,8896850,242935,8,2048,0,2048,8,4,4
chunked_256_p4,2386,2048,2625,72576,6936634,88364,24366961,0,24645245,9197,10096508,1006887,8985746,244208,8,2048,0,2048,8,4,4
chunked_256_p4,2387,2048,2495,73447,6721100,88717,24505492,0,24862131,12063,10683329,969458,9618472,243727,8,2048,0,2048,8,4,4
chunked_256_p4,2388,2048,2515,71854,6505716,85869,23952144,0,24268667,11702,9830761,983323,8751657,236924,8,2048,0,2048,8,4,4
chunked_256_p4,2389,2048,2405,74469,6616575,81752,24499670,0,24766950,11932,9914678,976831,8838240,237475,8,2048,0,2048,8,4,4
chunked_256_p4,2390,2048,2194,75111,6301273,88444,23602937,0,23848249,12374,18203397,973505,17126959,236925,8,2048,0,2048,8,4,4
chunked_256_p4,2391,2048,2454,69921,6309338,95378,23316413,0,23591257,9448,11193455,983604,10094565,235392,8,2048,0,2048,8,4,4
chunked_256_p4,2392,2048,2716,87123,6314067,88777,23146483,0,23436398,11532,10152894,971110,9091815,250941,8,2048,0,2048,8,4,4
chunked_256_p4,2393,2048,2194,72807,6414286,98917,23145803,0,23526517,11922,10091920,992491,9002758,249507,8,2048,0,2048,8,4,4
chunked_256_p4,2394,2048,2305,80451,7118685,100520,24458975,0,24764748,11441,10038560,989054,8957022,245600,8,2048,0,2048,8,4,4
chunked_256_p4,2395,2048,2284,73357,6504274,95409,24370737,0,24681863,11722,10172971,985638,9092776,263834,8,2048,0,2048,8,4,4
chunked_256_p4,2396,2048,2254,73648,6344935,94347,23845664,0,24268409,13024,10108902,972904,9043384,273102,8,2048,0,2048,8,4,4
chunked_256_p4,2397,2048,2544,78538,6722323,91459,25385683,0,25897390,11031,10076882,967043,8997287,247794,8,2048,0,2048,8,4,4
chunked_256_p4,2398,2048,2495,83236,6497431,93457,23847408,0,24278626,10640,10107590,971160,9043685,233287,8,2048,0,2048,8,4,4
chunked_256_p4,2399,2048,1993,73017,7004171,93866,25060792,0,25425657,14457,10047166,1003371,8945600,246231,8,2048,0,2048,8,4,4
chunked_256_p4,2400,2048,2294,95740,6878616,83817,25784077,0,26047421,11932,10117087,977673,9041370,249207,8,2048,0,2048,8,4,4
chunked_256_p4,2401,2048,2294,67978,6578674,95948,24684609,0,25020808,9668,10234196,1003652,9132752,263134,8,2048,0,2048,8,4,4
chunked_256_p4,2402,2048,2344,80911,7000604,97043,26487787,0,27009978,15259,10406750,977823,9333659,242635,8,2048,0,2048,8,4,4
chunked_256_p4,2403,2048,2294,69260,7385987,72677,26128666,0,26439198,12183,9964521,966812,8914954,231554,8,2048,0,2048,8,4,4
chunked_256_p4,2404,2048,2485,67968,6944509,107653,25010608,0,25548558,11782,10300751,983894,9223652,269104,8,2048,0,2048,8,4,4
chunked_256_p4,2405,2048,2024,71665,6595665,76423,24069975,0,24463023,10299,10258862,980628,9183617,245380,8,2048,0,2048,8,4,4
chunked_256_p4,2406,2048,2234,69780,6466312,80922,23864109,0,24167157,17674,10373147,1000816,9271542,247243,8,2048,0,2048,8,4,4
chunked_256_p4,2407,2048,2355,77034,6616304,85710,24710708,0,24979900,15609,10356235,975539,9282532,247604,8,2048,0,2048,8,4,4
chunked_256_p4,2408,2048,2054,70974,7036853,90209,25170749,0,25529381,12343,10284661,1033006,9166054,245891,8,2048,0,2048,8,4,4
chunked_256_p4,2409,2048,2184,73989,7036632,77646,26832065,0,27154399,11852,10247181,987341,9170202,243977,8,2048,0,2048,8,4,4
chunked_256_p4,2410,2048,2294,72546,6817250,84929,25149137,0,25410237,11091,10419874,1024180,9279947,256331,8,2048,0,2048,8,4,4
chunked_256_p4,2411,2048,3757,83146,6897792,99927,24652578,0,25050745,11461,10291864,965390,9211279,242625,8,2048,0,2048,8,4,4
chunked_256_p4,2412,2048,3527,85671,6430626,86423,23900849,0,24311028,9488,11136508,990637,9994818,261591,8,2048,0,2048,8,4,4
chunked_256_p4,2413,2048,2274,79289,6559487,99083,24682594,0,25000527,12633,10862604,986579,9746613,247283,8,2048,0,2048,8,4,4
chunked_256_p4,2414,2048,2324,71995,6403025,98516,23930055,0,24266525,10109,10877542,991178,9768393,245730,8,2048,0,2048,8,4,4
chunked_256_p4,2415,2048,3416,76514,7201942,106329,25873056,0,26200670,12323,10479998,1010264,9383742,69079,8,2048,0,2048,8,4,4
chunked_256_p4,2416,2048,3546,104386,7090743,103002,25605701,0,25953374,13255,10485748,972543,9405222,269395,8,2048,0,2048,8,4,4
chunked_256_p4,2417,2048,3216,76934,6853729,108675,24827194,0,25223998,10189,11469692,972523,10380831,252733,8,2048,0,2048,8,4,4
chunked_256_p4,2418,2048,2144,75672,6603961,85520,24227020,0,24500693,14167,11542650,978474,10444069,235091,8,2048,0,2048,8,4,4
chunked_256_p4,2419,2048,2314,70352,6587169,82847,24987605,0,25236894,12002,11016693,1030562,9878750,246512,8,2048,0,2048,8,4,4
chunked_256_p4,2420,2048,2535,78878,6966571,89219,26017336,0,26343698,10550,10817360,1016697,9711296,266770,8,2048,0,2048,8,4,4
chunked_256_p4,2421,2048,2675,72836,7357513,91060,28133141,0,28420521,10620,11289245,990858,10179975,251031,8,2048,0,2048,8,4,4
chunked_256_p4,2422,2048,2124,71244,7236928,89177,25502800,0,25831848,11391,13124525,983193,12023381,236122,8,2048,0,2048,8,4,4
chunked_256_p4,2423,2048,2755,79689,6788396,83206,24828458,0,25185638,12944,10969304,1009212,9838345,241663,8,2048,0,2048,8,4,4
chunked_256_p4,2424,2048,2604,70042,6846686,85851,25693328,0,26083169,15038,10589753,1048275,9440599,248957,8,2048,0,2048,8,4,4
chunked_256_p4,2425,2048,2624,77946,7467239,108044,26666074,0,26943063,11000,10984904,991309,9865636,285906,8,2048,0,2048,8,4,4
chunked_256_p4,2426,2048,2735,78087,6482483,91642,24075937,0,24409650,10459,11273635,1000166,10152573,253685,8,2048,0,2048,8,4,4
chunked_256_p4,2427,2048,2565,71754,6417621,90901,23976599,0,24244602,18294,11666632,986179,10548255,237025,8,2048,0,2048,8,4,4
chunked_256_p4,2428,2048,2244,69150,6654566,99946,24128157,0,24448716,11331,12667949,1278347,11260130,276999,8,2048,0,2048,8,4,4
chunked_256_p4,2429,2048,2335,78407,7170463,83656,26537162,0,26866977,13375,11028385,999574,9904278,248156,8,2048,0,2048,8,4,4
chunked_256_p4,2430,2048,3046,77065,7250513,86210,26375949,0,26626376,14086,11215867,986950,10109503,236193,8,2048,0,2048,8,4,4
chunked_256_p4,2431,2048,2134,71454,6465010,83555,23909497,0,24141638,12223,11793790,981329,10676425,246913,8,2048,0,2048,8,4,4
chunked_256_p4,2432,2048,2324,69019,6731240,84107,24719861,0,24968356,9798,11400683,1000205,10259374,236763,8,2048,0,2048,8,4,4
chunked_256_p4,2433,2048,2675,76424,6891169,98104,25780994,0,26122954,15439,11191912,1072511,10003554,245541,8,2048,0,2048,8,4,4
chunked_256_p4,2434,2048,2124,91391,7450237,104647,27435163,0,27740617,11682,11070174,969257,9985530,266169,8,2048,0,2048,8,4,4
chunked_256_p4,2435,2048,2304,134833,6578673,100087,24295548,0,24662966,12102,11487957,973445,10392203,244498,8,2048,0,2048,8,4,4
chunked_256_p4,2436,2048,2254,70051,6487843,96229,24445789,0,24705184,12664,11344548,1152170,10062485,237365,8,2048,0,2048,8,4,4
chunked_256_p4,2437,2048,2394,66285,7078140,95949,26398880,0,26662064,13205,11183386,1026264,10049891,248075,8,2048,0,2048,8,4,4
chunked_256_p4,2438,2048,3116,69861,6930603,90118,25852537,0,26212263,11732,10808984,994745,9717258,250490,8,2048,0,2048,8,4,4
chunked_256_p4,2439,2048,2474,79068,6645479,113393,24732609,0,25166100,16050,11567687,974196,10468236,242725,8,2048,0,2048,8,4,4
chunked_256_p4,2440,2048,2214,71664,6529331,102780,24474732,0,24854886,13114,11290276,988674,10166600,249107,8,2048,0,2048,8,4,4
chunked_256_p4,2441,2048,2444,71905,6637704,93127,24937743,0,25437799,11562,11524806,1005154,10382755,243657,8,2048,0,2048,8,4,4
chunked_256_p4,2442,2048,2505,74770,7078971,85931,25142484,0,25392124,14247,11278054,1012709,10154246,279604,8,2048,0,2048,8,4,4
chunked_256_p4,2443,2048,3717,81573,6784940,118783,25348813,0,25671628,17272,11359597,1003231,10235990,275276,8,2048,0,2048,8,4,4
chunked_256_p4,2444,2048,3206,184587,6978373,99398,25167632,0,25486612,11652,11382039,986499,10281455,247263,8,2048,0,2048,8,4,4
chunked_256_p4,2445,2048,2344,72246,6279653,108334,23476964,0,23876254,10370,11525598,980668,10423742,246192,8,2048,0,2048,8,4,4
chunked_256_p4,2446,2048,2294,71354,7308412,90971,26597513,0,26930287,17192,11042803,1043907,9869753,267782,8,2048,0,2048,8,4,4
chunked_256_p4,2447,2048,2605,68398,7055056,92520,26935137,0,27385209,10800,11117703,1008891,9994878,254567,8,2048,0,2048,8,4,4
chunked_256_p4,2448,2048,3076,69190,7025351,97963,24983127,0,25292887,10610,11221828,977884,10110605,263774,8,2048,0,2048,8,4,4
chunked_256_p4,2449,2048,2945,73507,7224023,92285,24936110,0,25193672,11181,11363914,1004213,10231271,250038,8,2048,0,2048,8,4,4
chunked_256_p4,2450,2048,2705,104666,7082047,100218,25935792,0,26264428,13465,10937004,972754,9861328,251512,8,2048,0,2048,8,4,4
chunked_256_p4,2451,2048,2615,71054,6333013,96862,23743505,0,24163951,9468,11108055,989364,9993745,253285,8,2048,0,2048,8,4,4
chunked_256_p4,2452,2048,2174,66585,8720248,99116,28757202,0,29045262,13525,11394141,1058464,10196296,254477,8,2048,0,2048,8,4,4
chunked_256_p4,2453,2048,2635,70402,6535763,100690,24460459,0,24745062,14628,11036461,994324,9919216,237705,8,2048,0,2048,8,4,4
chunked_256_p4,2454,2048,2214,69089,7104439,94987,26828287,0,27082903,11361,11213172,971982,10122577,258314,8,2048,0,2048,8,4,4
chunked_256_p4,2455,2048,2244,67977,7311848,96100,27445833,0,27755403,11712,11419548,1084854,10197978,294082,8,2048,0,2048,8,4,4
chunked_256_p4,2456,2048,2374,65973,6702786,95448,23752019,0,24163190,12313,11061908,981550,9961705,252393,8,2048,0,2048,8,4,4
chunked_256_p4,2457,2048,2184,71524,7525819,113604,27929863,0,28247629,13966,6782986,967013,5698433,238417,8,2048,0,2048,8,4,4
chunked_256_p4,2458,2048,2234,67747,7042132,95829,26159175,0,26512903,16171,6635209,987010,5515190,243757,8,2048,0,2048,8,4,4
chunked_256_p4,2459,2048,2324,81934,7160574,100389,26428147,0,26785375,15269,7222461,991418,6105076,240901,8,2048,0,2048,8,4,4
chunked_256_p4,2460,2048,2795,69972,7404011,90922,25466202,0,25894937,12664,7311798,987782,6204943,246813,8,2048,0,2048,8,4,4
chunked_256_p4,2461,2048,2134,71103,7873771,89590,26236847,0,26696451,21571,7506994,972383,6405609,260839,8,2048,0,2048,8,4,4
chunked_256_p4,2462,2048,3026,120816,7703392,88557,27348964,0,27653915,12243,7643670,1001808,6515515,264436,8,2048,0,2048,8,4,4
chunked_256_p4,2463,2048,2986,76764,7928514,99006,29230561,0,29583834,12192,7397648,979206,6328885,253054,8,2048,0,2048,8,4,4
chunked_256_p4,2464,2048,2255,70251,7408749,87804,28194667,0,28476166,11832,7746313,977162,6682398,268804,8,2048,0,2048,8,4,4
chunked_256_p4,2465,2048,2214,73248,7710986,90189,28463682,0,28783250,15248,7631076,1028678,6517860,255860,8,2048,0,2048,8,4,4
chunked_256_p4,2466,2048,2285,70852,7960164,100710,28865857,0,29192491,11902,7699414,998522,6619269,265809,8,2048,0,2048,8,4,4
chunked_256_p4,2467,2048,2254,71624,7819048,96291,28681510,0,28994558,11181,8079837,1005284,6977320,237846,8,2048,0,2048,8,4,4
chunked_256_p4,2468,2048,2405,72275,7903127,96871,29151112,0,29456963,14427,7981343,980949,6910556,243226,8,2048,0,2048,8,4,4
chunked_256_p4,2469,2048,8807,75481,8380972,93725,31053707,0,31341446,15850,9288905,973575,8228476,256791,8,2048,0,2048,8,4,4
chunked_256_p4,2470,2048,3156,115106,7883169,105608,28745419,0,29078926,13445,8502149,996838,7414810,266379,8,2048,0,2048,8,4,4
chunked_256_p4,2471,2048,3326,77155,7119367,88675,27148006,0,27518570,13155,8480910,990377,7406355,241533,8,2048,0,2048,8,4,4
chunked_256_p4,2472,2048,2885,78107,7582265,82963,27991156,0,28325181,8917,8711502,980769,7625466,247935,8,2048,0,2048,8,4,4
chunked_256_p4,2473,2048,2595,176210,7941678,83957,28813236,0,29060300,10409,40461104,977833,38724178,243266,8,2048,0,2048,8,4,4
chunked_256_p4,2474,2048,2144,72075,9544994,94976,33940941,0,34242255,11341,9020191,1195952,7738507,234259,8,2048,0,2048,8,4,4
chunked_256_p4,2475,2048,2655,89127,10479316,106370,33936401,0,34300615,14207,8638064,979677,7577586,236554,8,2048,0,2048,8,4,4
chunked_256_p4,2476,2048,2004,81974,8730648,90499,31795140,0,32131678,11722,8718294,991568,7650873,248005,8,2048,0,2048,8,4,4
chunked_256_p4,2477,2048,2635,73858,8354232,100480,31826587,0,32111502,10860,8910165,996979,7821242,308408,8,2048,0,2048,8,4,4
chunked_256_p4,2478,2048,3076,80471,9321816,89918,32927849,0,33190604,14858,9153080,1124378,7942641,239680,8,2048,0,2048,8,4,4
chunked_256_p4,2479,2048,2234,77065,10629047,87482,36351229,0,36610403,10690,8981198,981800,7921702,249137,8,2048,0,2048,8,4,4
chunked_256_p4,2480,2048,3296,88486,8839041,97313,33363219,0,33728914,15749,8830154,988974,7757163,69982,8,2048,0,2048,8,4,4
chunked_256_p4,2481,2048,1833,75321,10164265,101059,36916609,0,37182718,11843,8841676,1002830,7762322,56566,8,2048,0,2048,8,4,4
chunked_256_p4,2482,2048,1673,78758,8815276,99878,32946287,0,33253022,11251,9937921,1003742,8807732,285325,8,2048,0,2048,8,4,4
chunked_256_p4,2483,2048,2344,75852,8695030,94505,32699563,0,32991370,11451,9041310,989185,7968900,249838,8,2048,0,2048,8,4,4
chunked_256_p4,2484,2048,2505,69069,7793270,97832,29794628,0,30341202,16982,9051209,972303,7993486,245100,8,2048,0,2048,8,4,4
chunked_256_p4,2485,2048,2595,69971,7805082,91891,29712173,0,30200318,12744,9097545,1014031,8011029,51767,8,2048,0,2048,8,4,4
chunked_256_p4,2486,2048,1172,230172,8430024,96751,30849525,0,31113048,12964,9300817,981861,8233526,249187,8,2048,0,2048,8,4,4
chunked_256_p4,2487,2048,2255,67456,8234958,87446,30902574,0,31217656,13415,9503957,985638,8410848,249087,8,2048,0,2048,8,4,4
chunked_256_p4,2488,2048,2054,68658,9290066,83085,32561213,0,32853130,16351,9321937,1041272,8188361,254197,8,2048,0,2048,8,4,4
chunked_256_p4,2489,2048,2324,92143,8487011,95711,31463396,0,31749382,12543,9143321,992861,8073606,205976,8,2048,0,2048,8,4,4
chunked_256_p4,2490,2048,1763,70853,9067750,94587,33263960,0,33529079,10499,8879106,989375,7796447,114204,8,2048,0,2048,8,4,4
chunked_256_p4,2491,2048,1683,70032,8840324,88295,32609856,0,32952830,11341,9128353,995346,8047106,68950,8,2048,0,2048,8,4,4
chunked_256_p4,2492,2048,3276,183334,8516466,85730,31550239,0,31832248,10309,9265380,997931,8175858,236323,8,2048,0,2048,8,4,4
chunked_256_p4,2493,2048,2064,77645,8306532,91635,31587659,0,31862445,10991,9318509,1033878,8196837,245851,8,2048,0,2048,8,4,4
chunked_256_p4,2494,2048,2265,103314,9702530,86022,34573727,0,34899828,14898,10213969,1406167,8684721,262272,8,2048,0,2048,8,4,4
chunked_256_p4,2495,2048,2315,69851,8228336,89499,31616593,0,31947264,8716,9268055,986600,8199903,241463,8,2048,0,2048,8,4,4
chunked_256_p4,2496,2048,2475,70242,8461282,84439,31823662,0,32070284,10209,9378161,977893,8305460,248396,8,2048,0,2048,8,4,4
chunked_256_p4,2497,2048,2395,70873,8096359,88817,30959451,0,31391069,13425,9352894,1041813,8224970,243527,8,2048,0,2048,8,4,4
chunked_256_p4,2498,2048,1823,70422,8515113,85171,32022184,0,32284096,13105,9076847,997069,8003354,236884,8,2048,0,2048,8,4,4
chunked_256_p4,2499,2048,2284,69560,8442046,79136,32077536,0,32325612,10640,9427374,1000967,8334976,235541,8,2048,0,2048,8,4,4
chunked_256_p4,2500,2048,2695,75842,8995554,79148,32235573,0,32495109,10299,9589749,986580,8511447,243236,8,2048,0,2048,8,4,4
chunked_256_p4,2501,2048,1974,71123,8438610,91862,31199592,0,31573523,12554,9747444,991579,8663812,243868,8,2048,0,2048,8,4,4
chunked_256_p4,2502,2048,2685,72807,8971960,96719,33244172,0,33505955,15639,9698041,999333,8611094,231233,8,2048,0,2048,8,4,4
chunked_256_p4,2503,2048,2755,67927,9055157,103324,33250507,0,33522146,14607,9227268,993022,8147765,249528,8,2048,0,2048,8,4,4
chunked_256_p4,2504,2048,2394,67577,8522828,92845,31511495,0,31814745,11332,9375707,999223,8292797,254777,8,2048,0,2048,8,4,4
chunked_256_p4,2505,2048,2345,73218,8399948,94116,31254755,0,31565908,12794,9593506,976590,8536504,251762,8,2048,0,2048,8,4,4
chunked_256_p4,2506,2048,2124,75371,8289832,101109,31499264,0,31888333,11421,9625315,990267,8553776,72356,8,2048,0,2048,8,4,4
chunked_256_p4,2507,2048,1563,77476,8153777,82455,31383014,0,31684863,16190,9980010,991339,8878705,122360,8,2048,0,2048,8,4,4
chunked_256_p4,2508,2048,3486,232847,9067750,95478,32727206,0,33217345,13686,10977871,1006947,9874732,240701,8,2048,0,2048,8,4,4
chunked_256_p4,2509,2048,2515,87384,8365123,100275,31565547,0,31900975,15409,9559021,988053,8476100,250559,8,2048,0,2048,8,4,4
chunked_256_p4,2510,2048,2435,74731,9566134,77234,33572942,0,33922765,10240,9875744,1030843,8757038,243356,8,2048,0,2048,8,4,4
chunked_256_p4,2511,2048,2866,82986,8434513,85802,31624607,0,31926204,11501,9683624,989736,8616173,248455,8,2048,0,2048,8,4,4
chunked_256_p4,2512,2048,2023,71854,9894199,93306,37543454,0,37854096,12794,10122998,1106123,8917538,236283,8,2048,0,2048,8,4,4
chunked_256_p4,2513,2048,3526,106299,9260331,107312,33398174,0,33751196,8305,9963859,1002360,8878234,250450,8,2048,0,2048,8,4,4
chunked_256_p4,2514,2048,2204,72737,8609691,105556,32002785,0,32415953,10751,9769736,999404,8691594,247775,8,2048,0,2048,8,4,4
chunked_256_p4,2515,2048,2374,67787,8539550,109586,31524098,0,31837598,16561,9668015,1072661,8494225,238286,8,2048,0,2048,8,4,4
chunked_256_p4,2516,2048,2435,70011,7628301,74730,29244476,0,29592799,11131,9827945,1016495,8717945,235592,8,2048,0,2048,8,4,4
chunked_256_p4,2517,2048,2204,134292,8703376,89459,32297038,0,32640414,19146,9827003,978765,8747900,268454,8,2048,0,2048,8,4,4
chunked_256_p4,2518,2048,2385,71304,8049982,97683,30328668,0,30732538,13996,9827855,994815,8739404,260759,8,2048,0,2048,8,4,4
chunked_256_p4,2519,2048,2335,83456,8457025,87486,31635858,0,31905425,11531,9793350,982041,8722261,259476,8,2048,0,2048,8,4,4
chunked_256_p4,2520,2048,2785,75512,9149764,79308,33604399,0,33853688,9949,10166950,1004413,9069142,248366,8,2048,0,2048,8,4,4
chunked_256_p4,2521,2048,2004,172153,9538973,90321,34704003,0,34963479,16812,10362527,1011016,9230765,315551,8,2048,0,2048,8,4,4
chunked_256_p4,2522,2048,2545,69952,8650929,85931,33043677,0,33371795,14227,10068376,996508,8983021,247384,8,2048,0,2048,8,4,4
chunked_256_p4,2523,2048,2454,67967,8839051,89226,33570477,0,33857523,11482,10060210,1006327,8954196,236404,8,2048,0,2048,8,4,4
chunked_256_p4,2524,2048,2515,72346,8398425,88745,32285318,0,32563890,10600,10247031,1012628,9129645,253205,8,2048,0,2048,8,4,4
chunked_256_p4,2525,2048,2785,69491,8613488,96099,32407254,0,32772229,9178,10403565,1043666,9278225,246051,8,2048,0,2048,8,4,4
chunked_256_p4,2526,2048,2665,68108,8661058,101710,32881274,0,33238604,10790,10242913,989765,9141177,248115,8,2048,0,2048,8,4,4
chunked_256_p4,2527,2048,2355,73107,9220326,88014,34382278,0,34724650,11431,10199281,983875,9087717,250399,8,2048,0,2048,8,4,4
chunked_256_p4,2528,2048,2484,71935,9295787,99636,34006724,0,34310762,9618,10161761,975929,9096062,235131,8,2048,0,2048,8,4,4
chunked_256_p4,2529,2048,2675,70883,8245699,87764,31696471,0,32004070,13435,10220431,983945,9133463,251061,8,2048,0,2048,8,4,4
chunked_256_p4,2530,2048,2745,91261,8082863,94428,30805330,0,31386611,17754,10185736,971522,9120418,238367,8,2048,0,2048,8,4,4
chunked_256_p4,2531,2048,2324,71143,8775802,94216,32300054,0,32596870,11161,10538958,972944,9479362,249398,8,2048,0,2048,8,4,4
chunked_256_p4,2532,2048,2605,72005,8336849,89577,31138137,0,31634616,12073,9916020,983183,8843209,239089,8,2048,0,2048,8,4,4
chunked_256_p4,2533,2048,2534,73728,8652511,88045,31602397,0,31985695,9248,10130262,1048555,8993610,241633,8,2048,0,2048,8,4,4
chunked_256_p4,2534,2048,2585,77435,7888679,77305,30293792,0,30621377,10580,10075178,1009332,8984895,234610,8,2048,0,2048,8,4,4
chunked_256_p4,2535,2048,2003,82614,8607547,90482,32165272,0,32420812,14979,9915680,985998,8834593,272641,8,2048,0,2048,8,4,4
chunked_256_p4,2536,2048,2204,76704,9420671,113072,33282405,0,33566387,11201,10416619,1052884,9269718,242114,8,2048,0,2048,8,4,4
chunked_256_p4,2537,2048,2304,76323,9505410,91842,34693302,0,34949152,11301,10466903,1009453,9328929,246933,8,2048,0,2048,8,4,4
chunked_256_p4,2538,2048,2385,77565,9025000,84769,33982679,0,34233350,13666,10173563,995206,9091244,280706,8,2048,0,2048,8,4,4
chunked_256_p4,2539,2048,2314,73037,9737154,106179,36260068,0,36549621,11773,10416528,1242149,9079792,295624,8,2048,0,2048,8,4,4
chunked_256_p4,2540,2048,2164,71835,8722363,93857,32363624,0,32705445,12684,10545440,983144,9458051,250009,8,2048,0,2048,8,4,4
chunked_256_p4,2541,2048,2464,82164,10874837,102743,38788882,0,39199539,11762,10421477,980258,9350991,249017,8,2048,0,2048,8,4,4
chunked_256_p4,2542,2048,2615,80241,8912078,100880,33484152,0,33865651,14077,10222896,1003752,9111902,244889,8,2048,0,2048,8,4,4
chunked_256_p4,2543,2048,2434,73147,9153019,92093,33407061,0,33739512,12474,10307724,982652,9228872,236483,8,2048,0,2048,8,4,4
chunked_256_p4,2544,2048,2084,75061,9230434,86363,33984643,0,34350610,12082,10296222,996168,9199938,235611,8,2048,0,2048,8,4,4
chunked_256_p4,2545,2048,2374,72146,8059059,100318,31006851,0,31367746,11161,10507729,972644,9439196,236493,8,2048,0,2048,8,4,4
chunked_256_p4,2546,2048,2194,135374,8969796,88317,33692525,0,33950369,11893,11041871,994835,9948080,261470,8,2048,0,2048,8,4,4
chunked_256_p4,2547,2048,2013,79800,8591707,85421,31514544,0,32157005,11231,10001410,993533,8922618,249046,8,2048,0,2048,8,4,4
chunked_256_p4,2548,2048,2535,79900,8476271,94567,32313608,0,32610256,14187,10208128,978805,9135076,247524,8,2048,0,2048,8,4,4
chunked_256_p4,2549,2048,2796,75692,8514712,96150,31684572,0,32074430,18113,10662800,978013,9580581,248956,8,2048,0,2048,8,4,4
chunked_256_p4,2550,2048,2144,71344,8845814,97072,32093086,0,32415131,10270,10824003,1065818,9652756,266519,8,2048,0,2048,8,4,4
chunked_256_p4,2551,2048,2645,75642,8834563,96782,32397206,0,32672935,13465,10444611,974717,9373653,68990,8,2048,0,2048,8,4,4
chunked_256_p4,2552,2048,1523,68970,9339439,114127,33983430,0,34295315,14918,10479416,1000135,9378052,167364,8,2048,0,2048,8,4,4
chunked_256_p4,2553,2048,1753,71614,9278675,114124,34100598,0,34401923,12553,10611253,1153021,9369556,57097,8,2048,0,2048,8,4,4
chunked_256_p4,2554,2048,1784,68158,8431357,103663,32418537,0,32713690,14237,10473455,1022858,9360389,60163,8,2048,0,2048,8,4,4
chunked_256_p4,2555,2048,2224,228288,10195834,120226,34276640,0,34599825,15348,10512758,980238,9422875,227155,8,2048,0,2048,8,4,4
chunked_256_p4,2556,2048,2395,218530,9808999,104044,34631394,0,34978316,12934,10469217,1105603,9263236,213780,8,2048,0,2048,8,4,4
chunked_256_p4,2557,2048,2374,93124,8944950,93904,33998049,0,34376627,12003,10704088,985868,9595068,231454,8,2048,0,2048,8,4,4
chunked_256_p4,2558,2048,2555,68048,10289490,110766,36775595,0,37121363,13956,10857355,1011527,9725142,210264,8,2048,0,2048,8,4,4
chunked_256_p4,2559,2048,2374,71384,9125168,97934,33994942,0,34387067,15529,10917898,1096957,9679807,297809,8,2048,0,2048,8,4,4
chunked_256_p4,2560,2048,2755,68428,9230074,103794,35291472,0,35644554,11081,10757879,988614,9635404,246923,8,2048,0,2048,8,4,4
chunked_256_p4,2561,2048,2375,72846,8568453,103955,32663075,0,33044390,12233,11240583,986500,10139389,159469,8,2048,0,2048,8,4,4
chunked_256_p4,2562,2048,1923,70492,8614880,107982,32904377,0,33225510,12172,11019569,1028959,9895582,121287,8,2048,0,2048,8,4,4
chunked_256_p4,2563,2048,1783,67076,9763144,89127,36995618,0,37261125,12974,11328788,988503,10160959,376496,8,2048,0,2048,8,4,4
chunked_256_p4,2564,2048,2023,69410,9030440,90801,34425228,0,34744927,16230,11005562,1003301,9876957,221475,8,2048,0,2048,8,4,4
chunked_256_p4,2565,2048,2305,67326,8939329,87546,33727654,0,34120658,13936,11217290,1173249,9900380,245340,8,2048,0,2048,8,4,4
chunked_256_p4,2566,2048,2454,70252,10100426,111079,35802901,0,36156262,14056,11487396,1000426,10374340,224792,8,2048,0,2048,8,4,4
chunked_256_p4,2567,2048,2224,73498,9281070,101480,34203104,0,34566544,11151,11233760,1026965,10077202,264515,8,2048,0,2048,8,4,4
chunked_256_p4,2568,2048,2485,202419,11069273,102291,37886177,0,38320421,16621,11282251,1179641,9964381,237695,8,2048,0,2048,8,4,4
chunked_256_p4,2569,2048,3396,73167,8836206,86813,33581708,0,33885056,8937,11287020,979516,10179574,248276,8,2048,0,2048,8,4,4
chunked_256_p4,2570,2048,2475,66705,9542099,94728,35754129,0,36034295,16852,11068130,1223424,9731715,249127,8,2048,0,2048,8,4,4
chunked_256_p4,2571,2048,2274,71124,9113245,91000,34136036,0,34545203,11211,11246685,987341,10139069,275156,8,2048,0,2048,8,4,4
chunked_256_p4,2572,2048,3697,71784,8436726,81572,31526686,0,31892509,16391,11947359,991378,10827008,239619,8,2048,0,2048,8,4,4
chunked_256_p4,2573,2048,2575,71174,9487938,85077,36359555,0,36664125,12834,10800788,1153442,9556546,282039,8,2048,0,2048,8,4,4
chunked_256_p4,2574,2048,2063,70151,8969336,87554,33935881,0,34230263,10961,10985715,997430,9874702,268633,8,2048,0,2048,8,4,4
chunked_256_p4,2575,2048,2815,73638,8886891,85642,33970376,0,34301467,9558,11722577,982512,10617675,238056,8,2048,0,2048,8,4,4
chunked_256_p4,2576,2048,2575,72366,9551928,85418,34007114,0,34333908,13755,11130386,1007980,10012210,246994,8,2048,0,2048,8,4,4
chunked_256_p4,2577,2048,2224,80982,9122923,115538,34769174,0,35251840,12053,11512543,1005715,10390139,236364,8,2048,0,2048,8,4,4
chunked_256_p4,2578,2048,2294,75262,8789388,79900,33322393,0,33703834,16271,11179539,1008361,10041766,244709,8,2048,0,2048,8,4,4
chunked_256_p4,2579,2048,2395,73128,9436301,107191,35099733,0,35428751,10540,11025881,1058485,9867769,252233,8,2048,0,2048,8,4,4
chunked_256_p4,2580,2048,2585,75912,9466337,78296,34921018,0,35195552,12674,11408749,980638,10298046,249588,8,2048,0,2048,8,4,4
chunked_256_p4,2581,2048,2315,84469,9258207,87847,34993806,0,35327531,11101,11771258,1054327,10587910,260539,8,2048,0,2048,8,4,4
chunked_256_p4,2582,2048,2545,77004,9046180,171913,34780938,0,35138497,17543,23013725,1011386,21871243,248576,8,2048,0,2048,8,4,4
chunked_256_p4,2583,2048,2475,72135,9748707,88779,35986074,0,36272554,9788,12300751,976360,11199997,242024,8,2048,0,2048,8,4,4
chunked_256_p4,2584,2048,2404,80360,9604425,95529,34824719,0,35137702,12593,11712387,1017177,10564025,253304,8,2048,0,2048,8,4,4
chunked_256_p4,2585,2048,3036,72997,8945681,83547,34313501,0,34648767,9938,11771498,997711,10669042,244648,8,2048,0,2048,8,4,4
chunked_256_p4,2586,2048,2745,80621,8458337,82085,32330801,0,32727275,10058,11825319,979576,10722372,252053,8,2048,0,2048,8,4,4
chunked_256_p4,2587,2048,2144,83366,8722282,95869,32600889,0,32949313,10159,11666572,1051902,10485899,240080,8,2048,0,2048,8,4,4
chunked_256_p4,2588,2048,2775,75211,10385460,95639,36701246,0,36985737,13275,11463862,968916,10346538,254727,8,2048,0,2048,8,4,4
chunked_256_p4,2589,2048,2024,109776,8919612,107903,33477591,0,33909933,11391,12197607,989936,11066216,256140,8,2048,0,2048,8,4,4
chunked_256_p4,2590,2048,1953,72927,9223011,92323,35429551,0,35774660,15359,11168839,1020593,10047797,188253,8,2048,0,2048,8,4,4
chunked_256_p4,2591,2048,2835,106340,9256794,109845,35221972,0,35555408,10970,11703420,988834,10586758,252283,8,2048,0,2048,8,4,4
chunked_256_p4,2592,2048,1683,71704,9334129,102382,34616055,0,34936797,13996,11550845,1027216,10384388,250881,8,2048,0,2048,8,4,4
chunked_256_p4,2593,2048,2405,218479,9875555,98415,36552086,0,36853403,14116,12028841,995817,10902780,245340,8,2048,0,2048,8,4,4
chunked_256_p4,2594,2048,1894,70031,11979048,129262,42163696,0,42731009,13125,11266843,1120210,10028070,240821,8,2048,0,2048,8,4,4
chunked_256_p4,2595,2048,1994,71033,8929992,102603,34297919,0,34568446,11782,11281811,982381,10185305,89387,8,2048,0,2048,8,4,4
chunked_256_p4,2596,2048,2845,72756,9005352,105929,33713914,0,34069120,12754,11623131,982061,10519331,91301,8,2048,0,2048,8,4,4
chunked_256_p4,2597,2048,1984,69700,10540712,95869,37884714,0,38245951,11862,6876632,972263,5815232,253846,8,2048,0,2048,8,4,4
chunked_256_p4,2598,2048,2525,70643,9533603,106419,35516313,0,35881621,10901,7043756,1002760,5957939,279273,8,2048,0,2048,8,4,4
chunked_256_p4,2599,2048,2584,82414,9950154,95899,37929961,0,38239920,12784,6718105,977462,5660502,251341,8,2048,0,2048,8,4,4
chunked_256_p4,2600,2048,2835,76433,9741743,93126,37164121,0,37485727,10910,9496914,978414,8382475,245691,8,2048,0,2048,8,4,4
chunked_256_p4,2601,2048,2414,70593,9425300,114524,35570646,0,35891147,17483,7501944,1000515,6353090,260909,8,2048,0,2048,8,4,4
chunked_256_p4,2602,2048,2705,125645,10109252,91712,37290480,0,37606103,11602,7235004,964919,6170258,271890,8,2048,0,2048,8,4,4
chunked_256_p4,2603,2048,2074,68519,11645923,95810,41744642,0,42122118,12243,7779735,984085,6668853,237184,8,2048,0,2048,8,4,4
chunked_256_p4,2604,2048,2003,82625,9992944,103944,37326446,0,37683627,14628,7630475,1004774,6523279,275617,8,2048,0,2048,8,4,4
chunked_256_p4,2605,2048,2885,72226,11405813,104796,42201736,0,42504726,15138,7816023,1003391,6723415,307978,8,2048,0,2048,8,4,4
chunked_256_p4,2606,2048,2806,69149,10277988,99115,39108958,0,39432186,14357,8047167,1013270,6931965,258735,8,2048,0,2048,8,4,4
chunked_256_p4,2607,2048,2715,68147,9712489,96121,36517482,0,36802245,10730,8141113,955902,7088479,207829,8,2048,0,2048,8,4,4
chunked_256_p4,2608,2048,1853,68910,9437483,87535,36154681,0,36608942,12564,8481812,1044247,7323731,228097,8,2048,0,2048,8,4,4
chunked_256_p4,2609,2048,2294,67105,9419410,98113,36208905,0,36675777,11982,8468586,1118727,7253358,239058,8,2048,0,2048,8,4,4
chunked_256_p4,2610,2048,2384,67237,9774646,94697,36237326,0,36533223,12303,41261835,1099922,40050084,239990,8,2048,0,2048,8,4,4
chunked_256_p4,2611,2048,1823,68238,11058772,112853,42387106,0,42673170,11271,9506262,971442,8411549,239750,8,2048,0,2048,8,4,4
chunked_256_p4,2612,2048,1984,68789,11206239,99389,43361642,0,43760851,10510,8394237,1100504,7207753,249096,8,2048,0,2048,8,4,4
chunked_256_p4,2613,2048,2314,69750,10754972,94066,40102262,0,40728876,18675,8461143,1002690,7369967,195176,8,2048,0,2048,8,4,4
chunked_256_p4,2614,2048,2415,71915,10974254,115136,40148186,0,40702447,12674,8399367,977273,7340992,59121,8,2048,0,2048,8,4,4
chunked_256_p4,2615,2048,1122,69060,10573423,103824,40838312,0,41365410,11441,8516296,1005535,7425932,190717,8,2048,0,2048,8,4,4
chunked_256_p4,2616,2048,2385,72435,11209935,92233,41889002,0,42429345,11232,8343000,992430,7264729,248475,8,2048,0,2048,8,4,4
chunked_256_p4,2617,2048,3216,80661,10746587,79342,40271068,0,40528132,10119,10010357,976251,8948175,244408,8,2048,0,2048,8,4,4
chunked_256_p4,2618,2048,2275,70532,12272377,94867,45524427,0,45840961,16221,8775412,988302,7697281,245270,8,2048,0,2048,8,4,4
chunked_256_p4,2619,2048,9849,71474,11999405,107150,45385436,0,45671781,14076,9002507,979536,7927953,237105,8,2048,0,2048,8,4,4
chunked_256_p4,2620,2048,3316,209663,12254844,108053,45081807,0,45391386,12814,10927215,985958,9802117,242755,8,2048,0,2048,8,4,4
chunked_256_p4,2621,2048,3186,84648,11239270,95210,42546906,0,42901841,11231,9907925,1309114,8455562,238026,8,2048,0,2048,8,4,4
chunked_256_p4,2622,2048,3156,79780,11641155,88457,43029890,0,43272114,9848,9284115,1007258,8194562,270738,8,2048,0,2048,8,4,4
chunked_256_p4,2623,2048,2134,81272,11272653,84317,42104332,0,42363029,13415,9151627,1027076,8043550,234430,8,2048,0,2048,8,4,4
chunked_256_p4,2624,2048,2385,69491,12265485,89455,43220659,0,43552780,9127,9130247,983954,8044301,297808,8,2048,0,2048,8,4,4
chunked_256_p4,2625,2048,3877,70793,11751692,109486,42708008,0,42995948,17123,9235986,1065247,8080048,275747,8,2048,0,2048,8,4,4
chunked_256_p4,2626,2048,2385,74209,11952468,90309,43482447,0,43888592,14167,9176775,968085,8104644,266560,8,2048,0,2048,8,4,4
chunked_256_p4,2627,2048,2625,73408,12124992,89847,44130132,0,44365101,11882,9043414,979817,7963500,244278,8,2048,0,2048,8,4,4
chunked_256_p4,2628,2048,2194,69119,11769875,97323,42351488,0,42614351,25618,9287031,963596,8220562,249207,8,2048,0,2048,8,4,4
chunked_256_p4,2629,2048,2265,77214,11110199,85011,42889297,0,43237801,9889,9323819,995265,8241241,255559,8,2048,0,2048,8,4,4
chunked_256_p4,2630,2048,2455,74069,11870524,97413,43283284,0,43791829,15740,9365939,987862,8281786,258014,8,2048,0,2048,8,4,4
chunked_256_p4,2631,2048,2154,75361,11645322,92001,45195038,0,45503306,10981,9354999,973445,8296403,251762,8,2048,0,2048,8,4,4
chunked_256_p4,2632,2048,2515,77075,11324230,92333,42417312,0,42669094,12043,10231001,989244,9118665,246372,8,2048,0,2048,8,4,4
chunked_256_p4,2633,2048,2053,70241,11417454,99637,43387489,0,43671433,14487,10215802,978114,9145535,250209,8,2048,0,2048,8,4,4
chunked_256_p4,2634,2048,2224,69641,10965227,107209,42300281,0,42589214,16100,10190445,971100,9121280,250610,8,2048,0,2048,8,4,4
chunked_256_p4,2635,2048,2284,74530,11114126,98013,42611125,0,42935574,12173,10107670,1007639,9012947,241553,8,2048,0,2048,8,4,4
chunked_256_p4,2636,2048,2083,109055,12135031,92925,44066176,0,44347151,10720,9780496,992721,8691154,254857,8,2048,0,2048,8,4,4
chunked_256_p4,2637,2048,2294,77325,12266447,99458,43242307,0,43558992,12403,9745631,999463,8651559,195286,8,2048,0,2048,8,4,4
chunked_256_p4,2638,2048,2544,169818,12327250,112743,44798986,0,45251888,10820,9831181,1016245,8700782,272210,8,2048,0,2048,8,4,4
chunked_256_p4,2639,2048,2535,90970,11179088,102633,43206852,0,43479383,13575,9825761,968837,8756336,251351,8,2048,0,2048,8,4,4
chunked_256_p4,2640,2048,2504,73528,11624293,94819,42545202,0,42827302,12313,9930397,981049,8829573,245230,8,2048,0,2048,8,4,4
chunked_256_p4,2641,2048,2235,70753,11360668,80751,43164954,0,43484841,11281,10139288,1005795,9027084,248867,8,2048,0,2048,8,4,4
chunked_256_p4,2642,2048,2174,71965,11288392,91821,42281125,0,42743674,10740,10402913,952616,9348266,248686,8,2048,0,2048,8,4,4
chunked_256_p4,2643,2048,2164,72816,11448052,90278,43380439,0,43667023,10219,10501538,987210,9402127,241733,8,2048,0,2048,8,4,4
chunked_256_p4,2644,2048,2765,93204,11222449,89066,42643995,0,42898021,12523,10061292,1001057,8912829,246332,8,2048,0,2048,8,4,4
chunked_256_p4,2645,2048,1934,157966,10641179,79688,40635719,0,40955091,12995,9763394,983043,8693268,236323,8,2048,0,2048,8,4,4
chunked_256_p4,2646,2048,2776,78537,11935466,96624,44197901,0,44565300,20759,10004906,1078973,8813333,251631,8,2048,0,2048,8,4,4
chunked_256_p4,2647,2048,2585,73478,11984228,107761,42742490,0,43016706,11261,9763373,990717,8684361,243055,8,2048,0,2048,8,4,4
chunked_256_p4,2648,2048,2144,74479,11141898,86863,41267737,0,41660261,11792,9851319,974857,8781293,246342,8,2048,0,2048,8,4,4
chunked_256_p4,2649,2048,2485,73698,11127712,89016,42068209,0,42451134,9768,10007972,1036944,8871041,249107,8,2048,0,2048,8,4,4
chunked_256_p4,2650,2048,2174,75431,11342434,83597,42595796,0,42936104,14618,9887286,1006617,8792554,245901,8,2048,0,2048,8,4,4
chunked_256_p4,2651,2048,2184,84499,10722412,83225,40185007,0,40510756,12995,10515925,980478,9432023,239168,8,2048,0,2048,8,4,4
chunked_256_p4,2652,2048,2184,75382,10940972,90914,41048858,0,41400659,13997,9661523,997680,8575567,247114,8,2048,0,2048,8,4,4
chunked_256_p4,2653,2048,2274,89518,11545284,95037,42229139,0,42626583,15989,9669758,976781,8599101,256741,8,2048,0,2048,8,4,4
chunked_256_p4,2654,2048,2164,87815,11306196,98385,42470042,0,42779331,13766,19958978,989525,18850430,253786,8,2048,0,2048,8,4,4
chunked_256_p4,2655,2048,2355,71955,11727736,94016,43209487,0,43607984,12103,9912474,986620,8831857,272911,8,2048,0,2048,8,4,4
chunked_256_p4,2656,2048,2655,93535,11755658,88377,44500547,0,44764232,11641,10011629,1032385,8885428,233538,8,2048,0,2048,8,4,4
chunked_256_p4,2657,2048,2114,82444,11330322,107971,40969198,0,41339732,13495,9897746,998201,8803134,239299,8,2048,0,2048,8,4,4
chunked_256_p4,2658,2048,2114,74700,12494815,105729,42885479,0,43454094,15819,10301923,987361,9210337,250159,8,2048,0,2048,8,4,4
chunked_256_p4,2659,2048,2765,87915,11085102,89728,42417351,0,42775643,13735,10271476,993132,9173308,234440,8,2048,0,2048,8,4,4
chunked_256_p4,2660,2048,2705,75501,10547804,100450,40754464,0,41055269,13786,10248985,994975,9166125,271489,8,2048,0,2048,8,4,4
chunked_256_p4,2661,2048,2705,96251,11451719,110546,43368272,0,43654973,11291,10295661,1003020,9155885,277421,8,2048,0,2048,8,4,4
chunked_256_p4,2662,2048,2274,75452,11861507,91451,43923947,0,44255287,11552,9817355,1003181,8727833,254838,8,2048,0,2048,8,4,4
chunked_256_p4,2663,2048,2505,75141,11509157,91755,44210304,0,44510266,9548,9943201,993392,8838821,262101,8,2048,0,2048,8,4,4
chunked_256_p4,2664,2048,2244,83587,11824839,102493,44036918,0,44430976,12583,9891133,981640,8818032,244278,8,2048,0,2048,8,4,4
chunked_256_p4,2665,2048,2535,73298,11714522,91722,43280151,0,43724984,13335,10364932,986339,9279577,242745,8,2048,0,2048,8,4,4
chunked_256_p4,2666,2048,1973,71794,12191727,89457,45450578,0,45982305,16271,10094535,1011416,8985716,255749,8,2048,0,2048,8,4,4
chunked_256_p4,2667,2048,2374,76854,11901603,112042,45189748,0,45528978,17733,10033109,1033327,8904303,283371,8,2048,0,2048,8,4,4
chunked_256_p4,2668,2048,2324,71794,11541527,95720,43990350,0,44254126,10860,10154678,974307,9085473,251982,8,2048,0,2048,8,4,4
chunked_256_p4,2669,2048,2295,83317,11180681,88865,41394425,0,41840861,12354,10439031,982942,9367282,235982,8,2048,0,2048,8,4,4
chunked_256_p4,2670,2048,2154,76784,11366109,108592,41854004,0,42308057,10319,10454990,981020,9376659,89137,8,2048,0,2048,8,4,4
chunked_256_p4,2671,2048,1724,223339,12064908,88727,44975377,0,45326656,704581,11518765,1340894,9324801,259666,8,2048,0,2048,8,4,4
chunked_256_p4,2672,2048,2445,72425,9928794,102514,38379051,0,38790154,11602,10245948,975189,9154322,268654,8,2048,0,2048,8,4,4
chunked_256_p4,2673,2048,2705,70472,11207591,90368,41538767,0,41866408,9427,10604951,1037845,9469142,262302,8,2048,0,2048,8,4,4
chunked_256_p4,2674,2048,1883,69751,11896032,96080,42954538,0,43210608,15790,10824383,992841,9722337,237646,8,2048,0,2048,8,4,4
chunked_256_p4,2675,2048,2364,78247,11210156,98464,41003189,0,41272624,12374,10786762,979055,9683494,246081,8,2048,0,2048,8,4,4
chunked_256_p4,2676,2048,2384,67817,11529165,88527,43883721,0,44200695,11762,10265385,1000686,9172125,258755,8,2048,0,2048,8,4,4
chunked_256_p4,2677,2048,2695,67666,11124777,84919,41436834,0,41826645,11401,10250256,987682,9156345,240831,8,2048,0,2048,8,4,4
chunked_256_p4,2678,2048,2384,69220,12513639,72528,43683287,0,43969662,13856,10431656,1133896,9195169,241483,8,2048,0,2048,8,4,4
chunked_256_p4,2679,2048,2675,83947,11275759,109493,43080325,0,43386779,16812,10325147,1095704,9117944,243307,8,2048,0,2048,8,4,4
chunked_256_p4,2680,2048,2484,75952,10801430,97063,42024085,0,42294310,10430,10124932,971100,9063152,247815,8,2048,0,2048,8,4,4
chunked_256_p4,2681,2048,2645,72395,11276541,79688,42994384,0,43291098,13285,10272939,995366,9173778,261010,8,2048,0,2048,8,4,4
chunked_256_p4,2682,2048,2274,85711,11903917,83528,43631167,0,43917636,13095,10344083,993643,9260932,238217,8,2048,0,2048,8,4,4
chunked_256_p4,2683,2048,2134,76633,10754862,94258,41624516,0,41894704,12383,10187228,997210,9101493,249288,8,2048,0,2048,8,4,4
chunked_256_p4,2684,2048,2625,75972,10848838,106951,42045395,0,42346318,12012,11383912,1006747,10276065,248866,8,2048,0,2048,8,4,4
chunked_256_p4,2685,2048,2344,70833,10912137,84026,41490826,0,41754960,13715,10709628,1193718,9408419,275336,8,2048,0,2048,8,4,4
chunked_256_p4,2686,2048,2956,85500,12304528,97893,44566021,0,44930773,17182,11055466,988493,9934465,243867,8,2048,0,2048,8,4,4
chunked_256_p4,2687,2048,2174,82204,12007181,89286,44980768,0,45417425,15859,11140555,1364849,9669237,248967,8,2048,0,2048,8,4,4
chunked_256_p4,2688,2048,2415,76443,12957061,95067,50076810,0,50354973,12023,10841975,990898,9706096,237305,8,2048,0,2048,8,4,4
chunked_256_p4,2689,2048,2785,84038,11909558,90340,44698240,0,44982422,13335,10275564,1027947,9104789,236343,8,2048,0,2048,8,4,4
chunked_256_p4,2690,2048,2404,83657,11058111,82695,42983913,0,43267585,13075,10812230,981560,9691299,238196,8,2048,0,2048,8,4,4
chunked_256_p4,2691,2048,2425,73128,12307103,93084,45300187,0,45692169,13866,10644165,1076217,9453133,234380,8,2048,0,2048,8,4,4
chunked_256_p4,2692,2048,1964,78187,11837181,111349,45275699,0,45664829,13595,11040047,1034329,9867520,255640,8,2048,0,2048,8,4,4
chunked_256_p4,2693,2048,2254,74430,11664528,90540,43427726,0,43829802,17162,10899032,1040360,9737315,276929,8,2048,0,2048,8,4,4
chunked_256_p4,2694,2048,1833,235662,11801354,94268,43919348,0,44210604,11522,11394683,962895,10281546,244628,8,2048,0,2048,8,4,4
chunked_256_p4,2695,2048,2274,76112,13168127,84157,46115905,0,46551040,13927,10880568,1133625,9638269,255990,8,2048,0,2048,8,4,4
chunked_256_p4,2696,2048,3637,107141,13171293,91751,50175557,0,50516387,11081,10874587,993342,9716767,279794,8,2048,0,2048,8,4,4
chunked_256_p4,2697,2048,2845,120927,11614795,97701,44874906,0,45210496,18655,11349838,984415,10230931,314429,8,2048,0,2048,8,4,4
chunked_256_p4,2698,2048,2585,71213,11082727,94968,41743210,0,42036236,13385,10942805,1050780,9758515,223388,8,2048,0,2048,8,4,4
chunked_256_p4,2699,2048,2444,75923,12160097,106149,45497356,0,45796147,14097,10934730,989325,9814630,248396,8,2048,0,2048,8,4,4
chunked_256_p4,2700,2048,2364,85400,11787108,99807,44475762,0,44769432,12814,10861222,1016626,9729401,285415,8,2048,0,2048,8,4,4
chunked_256_p4,2701,2048,2465,69420,12491869,99027,45428326,0,45698052,13666,11285498,991238,10170357,54953,8,2048,0,2048,8,4,4
chunked_256_p4,2702,2048,1443,69109,12478814,103091,45818319,0,46121784,12855,10760474,999794,9640363,213530,8,2048,0,2048,8,4,4
chunked_256_p4,2703,2048,2675,72666,12287866,114143,46198429,0,46715408,11462,11433014,986330,10329675,202490,8,2048,0,2048,8,4,4
chunked_256_p4,2704,2048,1743,67908,12077242,96491,46513382,0,46966420,15249,10838710,991118,9703131,245641,8,2048,0,2048,8,4,4
chunked_256_p4,2705,2048,2084,75782,11258317,111380,43481887,0,43908328,14457,11192874,985407,10077453,222607,8,2048,0,2048,8,4,4
chunked_256_p4,2706,2048,2274,68539,12532285,101852,47503078,0,47779787,12434,11024388,978234,9932741,269586,8,2048,0,2048,8,4,4
chunked_256_p4,2707,2048,2705,74790,11697620,101671,45212681,0,45534264,14157,11574620,1030723,10414855,238948,8,2048,0,2048,8,4,4
chunked_256_p4,2708,2048,2104,73538,12327641,74981,47352966,0,47750390,13685,11577765,1098830,10355894,257112,8,2048,0,2048,8,4,4
chunked_256_p4,2709,2048,2605,78618,12496948,83706,46577930,0,47027684,10980,11038845,1015924,9902926,237816,8,2048,0,2048,8,4,4
chunked_256_p4,2710,2048,2535,73207,11424949,102574,44237786,0,44518962,13596,11295156,1004103,10167822,189936,8,2048,0,2048,8,4,4
chunked_256_p4,2711,2048,2244,84649,12155989,100266,43777891,0,44125011,11983,11606339,978755,10507089,66464,8,2048,0,2048,8,4,4
chunked_256_p4,2712,2048,1954,69941,12293988,105198,47059435,0,47365069,15669,11012415,996959,9887767,248696,8,2048,0,2048,8,4,4
chunked_256_p4,2713,2048,3687,76082,11365848,95980,43401247,0,43680930,13665,11472368,1008010,10308376,247814,8,2048,0,2048,8,4,4
chunked_256_p4,2714,2048,2715,68459,11578447,98523,44803423,0,45130296,11001,11476506,988924,10329586,291717,8,2048,0,2048,8,4,4
chunked_256_p4,2715,2048,2244,74449,11870053,107821,43796067,0,44360954,18174,11204536,1018129,10067213,249418,8,2048,0,2048,8,4,4
chunked_256_p4,2716,2048,2154,75491,12251548,87734,47692303,0,47956668,27362,12778958,997460,11642928,261580,8,2048,0,2048,8,4,4
chunked_256_p4,2717,2048,2404,67697,11836902,96332,44642203,0,45157137,13305,11313930,995095,10201646,249408,8,2048,0,2048,8,4,4
chunked_256_p4,2718,2048,3136,98735,12735506,107732,46910464,0,47216068,14527,12019544,1215398,10653061,250810,8,2048,0,2048,8,4,4
chunked_256_p4,2719,2048,2695,71504,12088383,91281,45695477,0,46014455,11251,11983867,993222,10761455,324188,8,2048,0,2048,8,4,4
chunked_256_p4,2720,2048,2765,77155,12051734,126378,45900191,0,46197659,17473,11540646,1027436,10400648,275827,8,2048,0,2048,8,4,4
chunked_256_p4,2721,2048,2384,69931,12210922,88957,45573188,0,45999896,12413,12021237,978815,10908210,149099,8,2048,0,2048,8,4,4
chunked_256_p4,2722,2048,2455,73227,11667474,104767,44933791,0,45332989,15299,11160333,1005816,10031477,235001,8,2048,0,2048,8,4,4
chunked_256_p4,2723,2048,2545,100027,13502253,95458,48601315,0,48873946,11141,11644300,982071,10527887,244519,8,2048,0,2048,8,4,4
chunked_256_p4,2724,2048,2484,72075,12866842,98324,48414177,0,48692736,11873,11246314,987922,10146973,241893,8,2048,0,2048,8,4,4
chunked_256_p4,2725,2048,3196,77695,12322322,86572,47435911,0,47856377,10720,11449836,997951,10326930,258474,8,2048,0,2048,8,4,4
chunked_256_p4,2726,2048,1943,71384,12755473,104074,47551617,0,47825640,12453,11533222,972603,10454269,265428,8,2048,0,2048,8,4,4
chunked_256_p4,2727,2048,2244,69430,10946922,98034,42339784,0,42633517,11661,12294048,982562,11140395,256220,8,2048,0,2048,8,4,4
chunked_256_p4,2728,2048,1823,67487,11813257,85299,43845140,0,44145220,10841,11301488,1007328,10187008,264846,8,2048,0,2048,8,4,4
chunked_256_p4,2729,2048,2094,71655,11109748,99385,42503795,0,42810358,14617,11468981,982812,10372506,248536,8,2048,0,2048,8,4,4
chunked_256_p4,2730,2048,2394,77475,11870064,95608,45050028,0,45361171,13525,11371919,969497,10268992,252233,8,2048,0,2048,8,4,4
chunked_256_p4,2731,2048,2815,71935,11105570,94215,43202143,0,43571594,14447,11921840,1054738,10728894,238477,8,2048,0,2048,8,4,4
chunked_256_p4,2732,2048,2144,80130,10832799,99549,41313632,0,41750794,12092,11219934,980248,10141222,158788,8,2048,0,2048,8,4,4
chunked_256_p4,2733,2048,1844,71364,12110364,99626,44872492,0,45267653,12684,11607762,973645,10529591,106740,8,2048,0,2048,8,4,4
chunked_256_p4,2734,2048,1734,67947,11996190,101629,42979095,0,43295598,12663,11699122,980909,10596526,220162,8,2048,0,2048,8,4,4
chunked_256_p4,2735,2048,2104,69601,13254950,112951,49814079,0,50205292,15299,12558364,1099381,11310875,261771,8,2048,0,2048,8,4,4
chunked_256_p4,2736,2048,2695,83176,14905074,104526,56600080,0,56918640,10449,12615771,996498,11459955,337493,8,2048,0,2048,8,4,4
chunked_256_p4,2737,2048,3116,70513,12525512,103866,45392060,0,45736816,13605,7143782,1028839,6024585,244258,8,2048,0,2048,8,4,4
chunked_256_p4,2738,2048,2465,71003,13932240,98765,50963015,0,51294124,13154,6672088,1001799,5563019,240802,8,2048,0,2048,8,4,4
chunked_256_p4,2739,2048,3657,72436,14169855,105237,53229981,0,53604172,13155,7440389,995436,6323685,249177,8,2048,0,2048,8,4,4
chunked_256_p4,2740,2048,1954,68969,14047996,100418,51325101,0,51603463,13676,7361421,1003191,6263773,248015,8,2048,0,2048,8,4,4
chunked_256_p4,2741,2048,2264,78607,13386336,125757,51718066,0,52102580,14327,7845589,999313,6731489,246372,8,2048,0,2048,8,4,4
chunked_256_p4,2742,2048,2134,72816,13713700,96320,48873446,0,49212722,15429,10491038,1496536,8874137,243577,8,2048,0,2048,8,4,4
chunked_256_p4,2743,2048,2174,74008,12347448,99187,47760710,0,48055983,17914,8490488,1005284,7335993,238096,8,2048,0,2048,8,4,4
chunked_256_p4,2744,2048,2504,75982,12924139,108985,48476191,0,48822682,11752,8124922,1005375,7035961,252734,8,2048,0,2048,8,4,4
chunked_256_p4,2745,2048,2445,75432,12784468,94535,48633566,0,48884087,11953,8198009,972754,7123525,261441,8,2048,0,2048,8,4,4
chunked_256_p4,2746,2048,2114,73207,13632137,99317,49168007,0,49569651,12053,8272429,981791,7199758,263303,8,2048,0,2048,8,4,4
chunked_256_p4,2747,2048,2004,77876,13603343,115376,50966529,0,51270799,11251,10339554,1334202,8848539,248646,8,2048,0,2048,8,4,4
chunked_256_p4,2748,2048,2925,70813,14595814,100397,54880146,0,55205694,9768,9304393,988794,8214210,250520,8,2048,0,2048,8,4,4
chunked_256_p4,2749,2048,2155,136336,12288898,103622,46695271,0,47048072,10590,39527594,999594,38387617,240971,8,2048,0,2048,8,4,4
chunked_256_p4,2750,2048,2275,74750,15344797,105509,54865439,0,55225987,13575,8569275,1020343,7447112,274274,8,2048,0,2048,8,4,4
chunked_256_p4,2751,2048,2375,78437,15489409,108783,54954656,0,55273434,13325,9184819,1067972,7973258,286558,8,2048,0,2048,8,4,4
chunked_256_p4,2752,2048,2164,70793,14739954,111878,54115442,0,54551731,17252,8760003,982221,7680269,250470,8,2048,0,2048,8,4,4
chunked_256_p4,2753,2048,3015,124514,16249694,102594,58316629,0,58634737,12624,9062851,1090555,7867680,286126,8,2048,0,2048,8,4,4
chunked_256_p4,2754,2048,2665,69891,15175891,96309,54617045,0,54928697,10249,9195630,967844,8136484,249347,8,2048,0,2048,8,4,4
chunked_256_p4,2755,2048,2505,76123,15243077,88867,55649839,0,55967035,10921,8460852,977552,7401426,268113,8,2048,0,2048,8,4,4
chunked_256_p4,2756,2048,2905,127028,14828900,98724,53195648,0,53529865,13786,8863157,1008891,7766009,246061,8,2048,0,2048,8,4,4
chunked_256_p4,2757,2048,2675,70552,15199926,102040,54449739,0,54775648,12624,8720599,1010775,7619394,270808,8,2048,0,2048,8,4,4
chunked_256_p4,2758,2048,4238,119113,15581461,109897,57264978,0,57577404,9337,8893824,1017929,7782921,267652,8,2048,0,2048,8,4,4
chunked_256_p4,2759,2048,2464,70242,15057890,95409,52379579,0,52726118,10159,9143471,992631,8056914,242975,8,2048,0,2048,8,4,4
chunked_256_p4,2760,2048,2414,71625,15149121,85961,54369317,0,54702194,17383,9118144,1168100,7856579,239790,8,2048,0,2048,8,4,4
chunked_256_p4,2761,2048,2474,67115,14990593,96632,52455971,0,52782455,9718,9143893,995546,8055232,259436,8,2048,0,2048,8,4,4
chunked_256_p4,2762,2048,2555,69351,14749011,90430,53763794,0,54042355,12383,9123755,1010574,8017010,301686,8,2048,0,2048,8,4,4
chunked_256_p4,2763,2048,2565,75171,14092149,96331,54028010,0,54448388,12092,9153871,1015564,8051845,240491,8,2048,0,2048,8,4,4
chunked_256_p4,2764,2048,2304,74169,14233484,92362,54483203,0,54790005,12013,9315624,978474,8240860,237856,8,2048,0,2048,8,4,4
chunked_256_p4,2765,2048,2444,69340,15399450,90709,54289900,0,54601523,13796,9924576,988443,8826498,270988,8,2048,0,2048,8,4,4
chunked_256_p4,2766,2048,3446,123391,14396559,95129,52459267,0,52775259,10830,9416133,985327,8347319,255218,8,2048,0,2048,8,4,4
chunked_256_p4,2767,2048,2895,67697,14037137,92903,53030691,0,53421119,18314,10388315,1185151,9079161,245601,8,2048,0,2048,8,4,4
chunked_256_p4,2768,2048,2705,122259,15125847,130466,57595046,0,57919914,14598,9879181,1184721,8581809,260358,8,2048,0,2048,8,4,4
chunked_256_p4,2769,2048,2264,76433,16399735,96662,62742248,0,63029556,13025,9822545,978084,8723444,248386,8,2048,0,2048,8,4,4
chunked_256_p4,2770,2048,2275,72085,16108489,123901,60851182,0,61196757,11141,10004767,987622,8892411,235281,8,2048,0,2048,8,4,4
chunked_256_p4,2771,2048,2615,76413,14852845,94155,55024107,0,55287961,15239,10597548,1189390,9306507,249849,8,2048,0,2048,8,4,4
chunked_256_p4,2772,2048,2024,80260,15947648,97132,59449320,0,59713267,16601,10744523,1220648,9396446,377819,8,2048,0,2048,8,4,4
chunked_256_p4,2773,2048,2525,72366,16779277,105578,60375379,0,60674700,11802,9551246,1107687,8323464,248726,8,2048,0,2048,8,4,4
chunked_256_p4,2774,2048,2605,71844,14916564,104415,57473479,0,57789490,11702,10004927,989976,8883474,242074,8,2048,0,2048,8,4,4
chunked_256_p4,2775,2048,1923,77836,16649935,111580,61537138,0,61825287,9688,9416964,997239,8291354,247083,8,2048,0,2048,8,4,4
chunked_256_p4,2776,2048,2254,72516,15985980,129372,61139813,0,61483257,13526,10351947,1142152,9108396,218169,8,2048,0,2048,8,4,4
chunked_256_p4,2777,2048,2003,76904,14990703,106548,58391833,0,58726956,15019,11695557,1112186,10458306,255389,8,2048,0,2048,8,4,4
chunked_256_p4,2778,2048,2074,70081,15020219,103445,55129406,0,55445016,11331,10015116,1005625,8906488,245710,8,2048,0,2048,8,4,4
chunked_256_p4,2779,2048,1784,70872,15631496,109946,60048043,0,60334182,12563,10598840,1111003,9356341,319559,8,2048,0,2048,8,4,4
chunked_256_p4,2780,2048,2464,79499,16606252,106789,61594702,0,61977002,10620,9732917,970469,8647952,247153,8,2048,0,2048,8,4,4
chunked_256_p4,2781,2048,2264,73187,14511756,109115,54248560,0,54567161,13114,10741027,1097026,9524988,244308,8,2048,0,2048,8,4,4
chunked_256_p4,2782,2048,2064,73317,14344352,97733,55335600,0,55688241,13395,10036315,992581,8941694,247454,8,2048,0,2048,8,4,4
chunked_256_p4,2783,2048,2004,194154,14778806,100827,55657954,0,55969177,8847,10800478,1177427,9495602,242304,8,2048,0,2048,8,4,4
chunked_256_p4,2784,2048,2245,86011,14652409,111699,56283125,0,56602534,10279,10013513,984336,8927757,246733,8,2048,0,2048,8,4,4
chunked_256_p4,2785,2048,2094,73177,14489013,102821,56428169,0,56696280,10781,11012516,1203075,9684386,251372,8,2048,0,2048,8,4,4
chunked_256_p4,2786,2048,2705,67927,14603688,103004,56679629,0,57178224,12874,10878344,1140117,9625175,250079,8,2048,0,2048,8,4,4
chunked_256_p4,2787,2048,2605,93765,16293737,119673,61641301,0,62137060,13565,10904093,1104831,9658698,234079,8,2048,0,2048,8,4,4
chunked_256_p4,2788,2048,3476,131336,14815366,115497,57123945,0,57484628,11531,11195869,1214727,9849705,247274,8,2048,0,2048,8,4,4
chunked_256_p4,2789,2048,2434,69190,15921278,89940,59112599,0,59377839,13195,11239522,1152981,9985219,107651,8,2048,0,2048,8,4,4
chunked_256_p4,2790,2048,2064,67847,15704982,106281,58249002,0,58587858,22342,146588086,1366933,145015377,256881,8,2048,0,2048,8,4,4
chunked_256_p4,2791,2048,2535,70322,17283202,106500,62783273,0,63082005,14087,11004781,1182186,9719922,120025,8,2048,0,2048,8,4,4
chunked_256_p4,2792,2048,2114,66405,10895527,93264,41236138,0,41508007,10089,10231311,972053,9126339,382968,8,2048,0,2048,8,4,4
chunked_256_p4,2793,2048,2885,119044,7949974,101601,29547937,0,30040037,14367,10165958,1006447,9061788,255028,8,2048,0,2048,8,4,4
chunked_256_p4,2794,2048,4459,173224,7595259,95859,28243159,0,28671902,14066,10434572,982792,9326003,270848,8,2048,0,2048,8,4,4
chunked_256_p4,2795,2048,2425,72056,7733920,81583,28911803,0,29263232,8015,10492331,968565,9413588,244258,8,2048,0,2048,8,4,4
chunked_256_p4,2796,2048,2054,70071,9547049,96761,31825434,0,32150596,18575,10178923,1025783,9048784,243496,8,2048,0,2048,8,4,4
chunked_256_p4,2797,2048,2434,66415,8255628,109346,30574319,0,30868703,17322,10982800,978485,9883860,246873,8,2048,0,2048,8,4,4
chunked_256_p4,2798,2048,2956,67155,8083104,93966,29961722,0,30206468,10260,10746437,999544,9627379,249318,8,2048,0,2048,8,4,4
chunked_256_p4,2799,2048,2174,66976,8169335,94485,28378003,0,28705736,10359,10582640,1139606,9324752,259907,8,2048,0,2048,8,4,4
chunked_256_p4,2800,2048,2224,73508,8061333,99215,29407480,0,29781060,11561,9562637,975458,8503572,242295,8,2048,0,2048,8,4,4
chunked_256_p4,2801,2048,2945,68708,7559613,84039,28863441,0,29186798,11091,10159907,994895,9041330,254617,8,2048,0,2048,8,4,4
chunked_256_p4,2802,2048,2024,67877,7405783,111998,26960112,0,27293015,11512,10580235,1005285,9442993,252153,8,2048,0,2048,8,4,4
chunked_256_p4,2803,2048,2384,68148,7231086,90990,26696230,0,27010337,14136,10664904,1331426,9218943,244368,8,2048,0,2048,8,4,4
chunked_256_p4,2804,2048,2755,68428,8089606,92717,30864813,0,31403816,11381,11110950,1016416,9997864,244779,8,2048,0,2048,8,4,4
chunked_256_p4,2805,2048,2675,69751,7197183,94839,27397833,0,27700893,10229,9919527,971712,8833981,275697,8,2048,0,2048,8,4,4
chunked_256_p4,2806,2048,2845,86112,7294165,85722,27463587,0,27859511,9668,10701302,973014,9617731,241233,8,2048,0,2048,8,4,4
chunked_256_p4,2807,2048,2184,72175,6992569,97612,26618704,0,27068024,10099,11257906,978805,10167031,245610,8,2048,0,2048,8,4,4
chunked_256_p4,2808,2048,2875,74219,7610578,75742,27400558,0,27884086,10600,10227454,1024471,9089270,238748,8,2048,0,2048,8,4,4
chunked_256_p4,2809,2048,2254,78748,8247782,97632,31039187,0,31414543,13936,10126554,980919,9047231,245571,8,2048,0,2048,8,4,4
chunked_256_p4,2810,2048,2455,84628,7918805,91681,29632625,0,29928539,12444,10320828,972824,9239812,134091,8,2048,0,2048,8,4,4
chunked_256_p4,2811,2048,2484,83977,7927112,101530,29031757,0,29381021,10520,10284551,948158,9226377,245801,8,2048,0,2048,8,4,4
chunked_256_p4,2812,2048,2195,78778,8562833,92454,31962190,0,32499067,19817,10447016,1069616,9247877,249798,8,2048,0,2048,8,4,4
chunked_256_p4,2813,2048,2315,76113,8174776,109375,30631516,0,30931158,12624,10640258,971181,9554051,250950,8,2048,0,2048,8,4,4
chunked_256_p4,2814,2048,2695,80761,7890683,108923,29993891,0,30302890,11241,10684961,1010775,9548060,232415,8,2048,0,2048,8,4,4
chunked_256_p4,2815,2048,2234,72746,8247522,95728,29863376,0,30375705,10309,10941733,1221410,9599216,229460,8,2048,0,2048,8,4,4
chunked_256_p4,2816,2048,2093,79268,8633566,95048,30665802,0,30944593,11913,10307905,984235,9233811,248686,8,2048,0,2048,8,4,4
chunked_256_p4,2817,2048,3667,74069,8357308,107330,31786512,0,32064110,12563,10231792,980678,9125518,294101,8,2048,0,2048,8,4,4
chunked_256_p4,2818,2048,2455,82425,8221323,84850,29894164,0,30231205,13836,10525833,988363,9408248,245790,8,2048,0,2048,8,4,4
chunked_256_p4,2819,2048,2736,70202,8469328,101039,31035891,0,31538137,13716,10313315,1001437,9198125,242885,8,2048,0,2048,8,4,4
chunked_256_p4,2820,2048,3346,74300,7769827,83234,29406370,0,29804044,11932,10209440,972333,9135036,245360,8,2048,0,2048,8,4,4
chunked_256_p4,2821,2048,2334,76774,8082964,73769,29402242,0,29683740,12704,11140846,981981,10030124,238537,8,2048,0,2048,8,4,4
chunked_256_p4,2822,2048,2214,68188,8276827,93765,30272123,0,30651943,12644,10643745,974447,9541839,248856,8,2048,0,2048,8,4,4
chunked_256_p4,2823,2048,3637,81483,7867950,89187,29114623,0,29569314,11482,10336649,1050390,9183066,266380,8,2048,0,2048,8,4,4
chunked_256_p4,2824,2048,2184,74560,7888038,99337,29899002,0,30347463,11782,10221233,982422,9137581,265558,8,2048,0,2048,8,4,4
chunked_256_p4,2825,2048,2574,82164,8208419,100367,28717667,0,29093452,11532,10396511,990236,9296058,238658,8,2048,0,2048,8,4,4
chunked_256_p4,2826,2048,1894,74640,7505561,105198,28514988,0,28975113,11021,11097125,974166,9987303,247113,8,2048,0,2048,8,4,4
chunked_256_p4,2827,2048,2144,114815,8648203,88356,30633971,0,30987715,12904,10705560,1007619,9566325,237536,8,2048,0,2048,8,4,4
chunked_256_p4,2828,2048,1994,73708,8023852,88997,30074963,0,30358786,12404,10191777,988403,9116982,247545,8,2048,0,2048,8,4,4
chunked_256_p4,2829,2048,2855,99477,8488454,102322,30587454,0,30923082,14367,11230855,970119,10127326,247634,8,2048,0,2048,8,4,4
chunked_256_p4,2830,2048,2415,107021,7673967,89058,28388722,0,28689786,10680,11166093,1042504,10000649,249007,8,2048,0,2048,8,4,4
chunked_256_p4,2831,2048,2995,78207,8354803,106270,30738056,0,31327482,18906,10741007,1088921,9550504,256942,8,2048,0,2048,8,4,4
chunked_256_p4,2832,2048,2194,77585,8254515,124944,31411681,0,31761124,18204,10937024,1157240,9636626,268363,8,2048,0,2048,8,4,4
chunked_256_p4,2833,2048,2014,83677,8337822,100347,30539644,0,30843161,11772,10598680,959119,9524275,244588,8,2048,0,2048,8,4,4
chunked_256_p4,2834,2048,2164,80210,7687161,106732,29041859,0,29450505,10550,10656248,1007058,9542850,241974,8,2048,0,2048,8,4,4
chunked_256_p4,2835,2048,2384,69260,8371955,85009,31412370,0,31770141,11141,10630309,990747,9519487,234459,8,2048,0,2048,8,4,4
chunked_256_p4,2836,2048,3386,181931,9812987,121026,36336432,0,36608332,12283,10827859,973646,9711496,247885,8,2048,0,2048,8,4,4
chunked_256_p4,2837,2048,2355,73909,7789924,92162,29005358,0,29288077,15058,10750484,1015634,9621888,249397,8,2048,0,2048,8,4,4
chunked_256_p4,2838,2048,1973,71484,8370613,117328,31273388,0,31690521,11461,10880538,997390,9779104,257052,8,2048,0,2048,8,4,4
chunked_256_p4,2839,2048,3748,74931,7495442,94769,28454805,0,28722098,10310,11429037,965630,10333844,239369,8,2048,0,2048,8,4,4
chunked_256_p4,2840,2048,2484,67757,7577375,104706,28046220,0,28332687,10920,10878063,984335,9777791,246863,8,2048,0,2048,8,4,4
chunked_256_p4,2841,2048,1984,91191,7401275,85240,26972318,0,27494134,12975,10578162,992711,9483880,270757,8,2048,0,2048,8,4,4
chunked_256_p4,2842,2048,2585,70883,8505606,87555,29900325,0,30161345,11592,11456137,1008701,10348621,262261,8,2048,0,2048,8,4,4
chunked_256_p4,2843,2048,2355,69501,8162242,98035,31509533,0,31826715,10760,10457024,984045,9370687,250670,8,2048,0,2048,8,4,4
chunked_256_p4,2844,2048,2815,78658,8034713,86852,29308224,0,29640009,13255,10602678,1000585,9496263,251522,8,2048,0,2048,8,4,4
chunked_256_p4,2845,2048,2575,75431,7867900,97814,29886531,0,30131259,15279,11388711,983243,10288529,254978,8,2048,0,2048,8,4,4
chunked_256_p4,2846,2048,2214,75521,8523479,81532,31424285,0,31736728,9739,11091765,975800,10007071,241953,8,2048,0,2048,8,4,4
chunked_256_p4,2847,2048,2345,71875,8522137,83686,31304940,0,31683036,13305,11022966,983835,9938903,252333,8,2048,0,2048,8,4,4
chunked_256_p4,2848,2048,2685,85781,7617581,94418,28481936,0,28792708,13244,10853267,985648,9759296,237896,8,2048,0,2048,8,4,4
chunked_256_p4,2849,2048,2345,81664,7444457,87102,27891258,0,28141528,14597,11058342,979336,9986832,250639,8,2048,0,2048,8,4,4
chunked_256_p4,2850,2048,2685,90510,8144609,88806,28914074,0,29253164,11191,12700530,2486542,10104293,253495,8,2048,0,2048,8,4,4
chunked_256_p4,2851,2048,2184,76884,7484632,93534,27494998,0,27897741,15639,10663662,978134,9572235,249087,8,2048,0,2048,8,4,4
chunked_256_p4,2852,2048,2034,77966,8312875,90328,29465851,0,29783085,10039,10669593,990657,9587905,240631,8,2048,0,2048,8,4,4
chunked_256_p4,2853,2048,2034,76152,8338011,96469,30188544,0,30475904,16882,10774029,987060,9672714,255389,8,2048,0,2048,8,4,4
chunked_256_p4,2854,2048,2555,70452,8196236,102404,29954378,0,30212763,13876,10965388,973495,9875103,244208,8,2048,0,2048,8,4,4
chunked_256_p4,2855,2048,2465,71254,7832344,91639,29120774,0,29406308,11521,11102574,972453,10020827,236213,8,2048,0,2048,8,4,4
chunked_256_p4,2856,2048,2425,79199,7230856,91240,27145030,0,27588118,12884,11140236,980990,10048057,236373,8,2048,0,2048,8,4,4
chunked_256_p4,2857,2048,2354,80451,7377381,83537,27955791,0,28324329,10399,11158800,973955,10088052,252934,8,2048,0,2048,8,4,4
chunked_256_p4,2858,2048,2776,81703,7413328,79007,27938078,0,28567836,9929,11681470,1001358,10556000,235822,8,2048,0,2048,8,4,4
chunked_256_p4,2859,2048,2725,83156,7239152,86561,27554548,0,27938696,9207,11390354,991209,10303216,243506,8,2048,0,2048,8,4,4
chunked_256_p4,2860,2048,2234,74410,7788392,97861,29067155,0,29431776,9638,11628430,985388,10547163,238056,8,2048,0,2048,8,4,4
chunked_256_p4,2861,2048,1913,73819,7524467,99756,27580588,0,28152758,10700,11364636,970830,10299509,260789,8,2048,0,2048,8,4,4
chunked_256_p4,2862,2048,2315,109956,7907164,88315,29286585,0,29682807,8626,11448503,996228,10349463,233077,8,2048,0,2048,8,4,4
chunked_256_p4,2863,2048,2154,74459,9529355,88007,31383034,0,31647611,12113,11296308,990136,10199041,240030,8,2048,0,2048,8,4,4
chunked_256_p4,2864,2048,2325,79670,8081571,99345,29610663,0,29918559,12794,13417555,974577,12268671,259556,8,2048,0,2048,8,4,4
chunked_256_p4,2865,2048,2084,76203,7676792,107724,28006095,0,28520458,11191,11042271,1013821,9920078,233999,8,2048,0,2048,8,4,4
chunked_256_p4,2866,2048,2164,78878,7037003,99387,26544384,0,27148154,11462,11174920,972043,10107409,248196,8,2048,0,2048,8,4,4
chunked_256_p4,2867,2048,2455,90390,7723811,90167,28225968,0,28570622,15840,11268585,987862,10179935,248737,8,2048,0,2048,8,4,4
chunked_256_p4,2868,2048,2264,92965,8008374,97382,28626548,0,28962507,15980,11332966,1005946,10225160,239910,8,2048,0,2048,8,4,4
chunked_256_p4,2869,2048,2334,94196,8246349,98486,29957713,0,30226236,15459,11383080,978294,10301863,246542,8,2048,0,2048,8,4,4
chunked_256_p4,2870,2048,2445,77696,7736554,97794,29585545,0,29996016,13234,11494449,998352,10389066,253405,8,2048,0,2048,8,4,4
chunked_256_p4,2871,2048,2865,93726,7666934,89446,27627365,0,28136136,15479,11380015,980559,10304979,245500,8,2048,0,2048,8,4,4
chunked_256_p4,2872,2048,2424,93185,8440664,95889,31264975,0,31545519,12293,11477878,976861,10383667,237936,8,2048,0,2048,8,4,4
chunked_256_p4,2873,2048,2364,79349,8575828,93715,31420023,0,31766823,15259,11440177,984555,10356436,245931,8,2048,0,2048,8,4,4
chunked_256_p4,2874,2048,2084,80271,7850157,98905,28740371,0,29385950,14647,11028035,991819,9937391,280756,8,2048,0,2048,8,4,4
chunked_256_p4,2875,2048,3607,90891,7671091,82487,27740357,0,28038037,9988,11005152,976079,9923455,255449,8,2048,0,2048,8,4,4
chunked_256_p4,2876,2048,2195,75251,7223753,83036,26803500,0,27219282,10460,11163168,969948,10108641,255319,8,2048,0,2048,8,4,4
chunked_256_p4,2877,2048,2205,95209,6903102,89165,26146848,0,26591180,10770,6455182,987431,5392990,268273,8,2048,0,2048,8,4,4
chunked_256_p4,2878,2048,2976,226785,8613328,82775,28875015,0,29244486,11141,6734445,1000456,5655943,265488,8,2048,0,2048,8,4,4
chunked_256_p4,2879,2048,2515,114424,8582961,79851,31328974,0,31666637,18334,7044998,1055148,5898198,265037,8,2048,0,2048,8,4,4
chunked_256_p4,2880,2048,2315,111519,8172061,94958,30254039,0,30682550,16020,7397298,992351,6310540,252333,8,2048,0,2048,8,4,4
chunked_256_p4,2881,2048,2665,82996,8597979,82785,31833729,0,32098215,11973,8515645,980558,7445328,263053,8,2048,0,2048,8,4,4
chunked_256_p4,2882,2048,2384,79529,7997934,78326,29995564,0,30297079,11762,7873251,985337,6806811,252573,8,2048,0,2048,8,4,4
chunked_256_p4,2883,2048,2094,100218,8180166,89416,29788044,0,30244069,10890,9788501,1002279,8709217,262462,8,2048,0,2048,8,4,4
chunked_256_p4,2884,2048,2284,73538,8763500,97824,32411735,0,32731585,15238,7776950,1007358,6677749,283361,8,2048,0,2048,8,4,4
chunked_256_p4,2885,2048,3637,88236,9126360,113063,32145786,0,32545224,8175,7853033,974157,6798024,250940,8,2048,0,2048,8,4,4
chunked_256_p4,2886,2048,1904,74259,9258638,104486,31975407,0,32306107,10179,7810613,963457,6755966,277119,8,2048,0,2048,8,4,4
chunked_256_p4,2887,2048,2715,124062,8478094,92073,31435674,0,31770001,11101,8213669,982081,7154824,246772,8,2048,0,2048,8,4,4
chunked_256_p4,2888,2048,2605,77927,8609481,91261,31812270,0,32098947,15088,8012441,979366,6944198,258264,8,2048,0,2048,8,4,4
chunked_256_p4,2889,2048,2906,81262,8805217,104926,32330893,0,32655701,13686,8200635,986099,7116231,239659,8,2048,0,2048,8,4,4
chunked_256_p4,2890,2048,2364,76103,8973793,103526,32542851,0,32873921,17172,8449080,986620,7374706,251862,8,2048,0,2048,8,4,4
chunked_256_p4,2891,2048,2866,72226,8644356,98606,31904852,0,32221727,15158,8451454,983183,7367752,245020,8,2048,0,2048,8,4,4
chunked_256_p4,2892,2048,2235,80912,9305596,87934,33560636,0,33807068,12804,35950728,1047324,34797707,277771,8,2048,0,2048,8,4,4
chunked_256_p4,2893,2048,2334,104156,12655566,94749,47162890,0,47521543,12935,8895207,1119408,7686100,266690,8,2048,0,2048,8,4,4
chunked_256_p4,2894,2048,3466,90099,10408563,130486,38593545,0,38899548,10660,8454260,961653,7401546,248396,8,2048,0,2048,8,4,4
chunked_256_p4,2895,2048,2384,71695,8859349,88404,33173891,0,33563965,9829,8450944,972203,7403720,265257,8,2048,0,2048,8,4,4
chunked_256_p4,2896,2048,2365,74299,10115104,85521,36020829,0,36398740,14136,8626462,987281,7545386,244539,8,2048,0,2048,8,4,4
chunked_256_p4,2897,2048,2164,74389,9320473,90722,34325733,0,34583736,12182,8484055,969928,7423988,241683,8,2048,0,2048,8,4,4
chunked_256_p4,2898,2048,2445,73989,9034047,96663,33645568,0,33949318,11692,8509934,984897,7443815,301655,8,2048,0,2048,8,4,4
chunked_256_p4,2899,2048,2024,71163,9989478,103053,35732027,0,36090169,13124,8517969,969617,7467921,240431,8,2048,0,2048,8,4,4
chunked_256_p4,2900,2048,9077,72526,8985326,106329,33413480,0,33710789,10249,8715579,978354,7664589,244258,8,2048,0,2048,8,4,4
chunked_256_p4,2901,2048,2004,122830,10188842,86954,35473925,0,35815134,11872,8941303,1022146,7837222,241032,8,2048,0,2048,8,4,4
chunked_256_p4,2902,2048,2334,73217,9960153,87795,35904502,0,36233506,8005,8778748,975259,7728779,259166,8,2048,0,2048,8,4,4
chunked_256_p4,2903,2048,2134,82886,9116632,78958,33592517,0,34083628,12994,9102875,993713,8030245,255879,8,2048,0,2048,8,4,4
chunked_256_p4,2904,2048,3507,84378,9463472,95769,34082264,0,34690404,14006,8854139,976461,7790585,77546,8,2048,0,2048,8,4,4
chunked_256_p4,2905,2048,1994,71373,10471161,111819,37738672,0,38178865,15359,8970588,1002680,7883099,102733,8,2048,0,2048,8,4,4
chunked_256_p4,2906,2048,2604,78477,10677157,92191,38252055,0,38554890,12203,9226929,961723,8157332,254757,8,2048,0,2048,8,4,4
chunked_256_p4,2907,2048,2965,83477,9883609,82254,37671464,0,37997838,11621,9199056,978223,8134880,255889,8,2048,0,2048,8,4,4
chunked_256_p4,2908,2048,2725,86782,9800915,86661,37850519,0,38167266,16541,9038204,1025022,7932071,280926,8,2048,0,2048,8,4,4
chunked_256_p4,2909,2048,1774,72817,10326129,107741,36276240,0,36593703,12804,9185911,986380,8126986,249168,8,2048,0,2048,8,4,4
chunked_256_p4,2910,2048,2515,81713,9527371,93075,34842802,0,35208154,11060,9273124,979947,8211184,249257,8,2048,0,2048,8,4,4
chunked_256_p4,2911,2048,2315,71194,9777070,89558,37181746,0,37535829,11241,9403078,991920,8324987,245871,8,2048,0,2048,8,4,4
chunked_256_p4,2912,2048,2896,71875,9537330,74890,34941947,0,35260754,11813,9226698,985607,8160058,244338,8,2048,0,2048,8,4,4
chunked_256_p4,2913,2048,2505,74680,9526310,98355,34839044,0,35412259,11651,9462319,1011577,8337771,238107,8,2048,0,2048,8,4,4
chunked_256_p4,2914,2048,1923,71314,10216994,90078,36523401,0,36860984,9288,9375547,958287,8335326,249348,8,2048,0,2048,8,4,4
chunked_256_p4,2915,2048,2034,70191,9714432,100686,36909585,0,37326435,16911,9617741,984886,8553185,264446,8,2048,0,2048,8,4,4
chunked_256_p4,2916,2048,2555,76975,9768193,84269,37132632,0,37455522,9198,9368915,964799,8331219,250008,8,2048,0,2048,8,4,4
chunked_256_p4,2917,2048,2244,72005,8491890,95578,32710285,0,33115975,11581,9573948,969377,8523820,276899,8,2048,0,2048,8,4,4
chunked_256_p4,2918,2048,2014,70272,10537185,81753,37313987,0,37643822,13375,9406164,978504,8347840,252012,8,2048,0,2048,8,4,4
chunked_256_p4,2919,2048,2314,70282,9202713,95969,34156135,0,34470172,9789,10985576,998602,9904448,246622,8,2048,0,2048,8,4,4
chunked_256_p4,2920,2048,2014,75001,9792248,102782,37711077,0,38256029,15980,9632569,972323,8578162,245931,8,2048,0,2048,8,4,4
chunked_256_p4,2921,2048,2164,73148,10063467,106308,36156785,0,36565141,13045,9527522,982993,8460421,255188,8,2048,0,2048,8,4,4
chunked_256_p4,2922,2048,1964,75722,10996265,109857,39073774,0,39414022,12975,11610677,1144335,10330928,240912,8,2048,0,2048,8,4,4
chunked_256_p4,2923,2048,2474,72886,11798539,100207,39502489,0,39797660,17593,9761530,1000265,8671016,67807,8,2048,0,2048,8,4,4
chunked_256_p4,2924,2048,3717,91191,9348777,86473,34881083,0,35265493,11632,9804521,985368,8734254,297568,8,2048,0,2048,8,4,4
chunked_256_p4,2925,2048,2294,173455,9235263,100128,34402467,0,34953759,16070,9800062,995526,8718575,280937,8,2048,0,2048,8,4,4
chunked_256_p4,2926,2048,2345,195496,10709647,88667,38225715,0,38601360,16090,9782439,973956,8718174,229330,8,2048,0,2048,8,4,4
chunked_256_p4,2927,2048,5280,132749,11328077,101811,38938007,0,39704005,11862,10017781,1143424,8779790,232887,8,2048,0,2048,8,4,4
chunked_256_p4,2928,2048,2404,150883,10347669,101711,36838132,0,37217714,11241,9954161,975990,8888914,240271,8,2048,0,2048,8,4,4
chunked_256_p4,2929,2048,2024,74470,9308341,110809,35053476,0,35580315,10409,9611599,979837,8533238,254618,8,2048,0,2048,8,4,4
chunked_256_p4,2930,2048,2585,105087,10605282,90059,38204352,0,38450445,13064,9378592,1003671,8282528,249407,8,2048,0,2048,8,4,4
chunked_256_p4,2931,2048,3026,67467,10755043,91743,38537289,0,38814227,12563,9787679,1032576,8639107,245460,8,2048,0,2048,8,4,4
chunked_256_p4,2932,2048,2023,68077,9548951,93735,35674981,0,36022483,12693,9609044,977683,8539249,247324,8,2048,0,2048,8,4,4
chunked_256_p4,2933,2048,2395,68578,9938452,93443,36468649,0,36888156,18234,10021367,1013620,8880679,234589,8,2048,0,2048,8,4,4
chunked_256_p4,2934,2048,2034,217147,10402372,79207,38077225,0,38323616,20298,9857060,1012027,8736459,302617,8,2048,0,2048,8,4,4
chunked_256_p4,2935,2048,2455,71143,10831656,92674,39705659,0,39978450,9839,9875294,983343,8806099,247895,8,2048,0,2048,8,4,4
chunked_256_p4,2936,2048,2665,77545,10411829,109406,38802324,0,39298945,14737,9780375,999904,8699689,246632,8,2048,0,2048,8,4,4
chunked_256_p4,2937,2048,3046,74690,9698482,99307,35779426,0,36261780,13957,9916470,984024,8829723,278543,8,2048,0,2048,8,4,4
chunked_256_p4,2938,2048,2084,72406,9762943,92031,37252911,0,37642809,11642,9922101,971271,8860521,256481,8,2048,0,2048,8,4,4
chunked_256_p4,2939,2048,1873,72085,9552628,94456,36322826,0,36719880,10419,9898076,997180,8810197,251131,8,2048,0,2048,8,4,4
chunked_256_p4,2940,2048,2074,70191,10480959,99164,37395747,0,37740995,13445,10616243,983103,9509357,238357,8,2048,0,2048,8,4,4
chunked_256_p4,2941,2048,2995,68619,9404772,81713,35037978,0,35345853,18485,10264393,988112,9181072,239629,8,2048,0,2048,8,4,4
chunked_256_p4,2942,2048,2435,73949,9838415,99998,35778806,0,36114326,11882,10188471,994785,9106062,258925,8,2048,0,2048,8,4,4
chunked_256_p4,2943,2048,2355,71254,10337771,96742,36964259,0,37323031,18425,10148736,980729,9065155,246031,8,2048,0,2048,8,4,4
chunked_256_p4,2944,2048,2074,71674,9422314,98355,34732153,0,35020104,16111,10099865,989575,9017295,248235,8,2048,0,2048,8,4,4
chunked_256_p4,2945,2048,1984,80301,10027559,108695,37112529,0,37476950,16171,10107989,1000465,9021332,247755,8,2048,0,2048,8,4,4
chunked_256_p4,2946,2048,2645,76814,10872614,97992,37794155,0,38175378,11672,10080709,982401,8998119,260899,8,2048,0,2048,8,4,4
chunked_256_p4,2947,2048,2776,77916,9897145,86793,37303732,0,37579531,13024,9914437,988574,8825736,243436,8,2048,0,2048,8,4,4
chunked_256_p4,2948,2048,2645,73358,11156656,81284,40258596,0,40601719,15489,9973548,972654,8902510,249999,8,2048,0,2048,8,4,4
chunked_256_p4,2949,2048,2184,75803,10151792,89718,37642008,0,37998937,13615,10642562,970740,9558590,293670,8,2048,0,2048,8,4,4
chunked_256_p4,2950,2048,1883,76714,9932090,99105,37344119,0,37708323,12584,10041766,1005295,8938808,245851,8,2048,0,2048,8,4,4
chunked_256_p4,2951,2048,2235,71985,9731274,103353,35648463,0,36257113,15409,10114863,997100,9017285,244649,8,2048,0,2048,8,4,4
chunked_256_p4,2952,2048,2735,80371,9467439,107002,36111902,0,36645971,14047,10295331,983474,9197723,246221,8,2048,0,2048,8,4,4
chunked_256_p4,2953,2048,2395,73337,10338052,93925,39820727,0,40204402,12523,10476040,1002289,9358475,254256,8,2048,0,2048,8,4,4
chunked_256_p4,2954,2048,2395,75491,11123012,109114,41644762,0,41988869,12233,10271317,986770,9191151,266259,8,2048,0,2048,8,4,4
chunked_256_p4,2955,2048,3186,78257,9900631,82724,37735575,0,38115796,10941,11456969,971421,10377085,247905,8,2048,0,2048,8,4,4
chunked_256_p4,2956,2048,2835,71274,10327401,88978,38650060,0,39244315,14457,10415236,1035512,9269838,238818,8,2048,0,2048,8,4,4
chunked_256_p4,2957,2048,2615,70011,11284164,93335,40908704,0,41176685,11732,10538457,981200,9440799,250479,8,2048,0,2048,8,4,4
chunked_256_p4,2958,2048,2715,72657,10058467,102814,38339566,0,38657294,28182,11618802,1882790,9566916,246031,8,2048,0,2048,8,4,4
chunked_256_p4,2959,2048,1764,70041,9816924,194193,37694017,0,38085140,12233,10440823,981570,9341653,289993,8,2048,0,2048,8,4,4
chunked_256_p4,2960,2048,3046,70513,9329140,101992,35629536,0,35997116,11792,10427118,971291,9327627,238267,8,2048,0,2048,8,4,4
chunked_256_p4,2961,2048,2023,70903,9687111,92514,36925056,0,37297896,12804,10444301,1011917,9322848,262251,8,2048,0,2048,8,4,4
chunked_256_p4,2962,2048,2194,72676,9653328,100869,37016048,0,37340112,15970,10499333,999403,9363294,314289,8,2048,0,2048,8,4,4
chunked_256_p4,2963,2048,3777,68428,9944914,87102,37116334,0,37433509,13064,10861332,981710,9753295,250229,8,2048,0,2048,8,4,4
chunked_256_p4,2964,2048,2244,78618,10166219,88053,39179651,0,39535988,10690,20367634,989445,19253045,238136,8,2048,0,2048,8,4,4
chunked_256_p4,2965,2048,2395,76323,10621273,96260,38484578,0,38859922,11602,10766184,978304,9683003,240280,8,2048,0,2048,8,4,4
chunked_256_p4,2966,2048,2244,73027,9992633,112011,38325510,0,38784073,8926,11529004,988934,10404816,244268,8,2048,0,2048,8,4,4
chunked_256_p4,2967,2048,1964,69620,10129650,100289,38064470,0,38409870,16581,10569064,1002420,9471897,280816,8,2048,0,2048,8,4,4
chunked_256_p4,2968,2048,2244,73378,10766374,100418,38479680,0,38780785,13275,10891700,989205,9772020,246522,8,2048,0,2048,8,4,4
chunked_256_p4,2969,2048,2515,71304,9771650,102972,35524410,0,35957451,12864,10564916,1002460,9451078,279213,8,2048,0,2048,8,4,4
chunked_256_p4,2970,2048,2484,71644,10599451,107943,39614157,0,39990862,12834,10263272,981500,9185832,230732,8,2048,0,2048,8,4,4
chunked_256_p4,2971,2048,2304,132228,10307965,100839,39174610,0,39448957,11411,11083148,982932,9965022,258425,8,2048,0,2048,8,4,4
chunked_256_p4,2972,2048,2454,78758,10787614,109707,37393112,0,37784828,13786,10569816,976651,9493328,277390,8,2048,0,2048,8,4,4
chunked_256_p4,2973,2048,2776,69159,10118900,106122,37868285,0,38134656,12484,10653974,993693,9556466,246472,8,2048,0,2048,8,4,4
chunked_256_p4,2974,2048,2174,70522,9414941,115976,35539848,0,35930650,15339,11320223,1111214,10060741,289934,8,2048,0,2048,8,4,4
chunked_256_p4,2975,2048,2274,68979,12047286,92774,41105312,0,41433739,12022,10772586,1056871,9588827,280406,8,2048,0,2048,8,4,4
chunked_256_p4,2976,2048,2515,78888,10206865,92693,38910618,0,39192975,9207,10994582,1032336,9857240,240531,8,2048,0,2048,8,4,4
chunked_256_p4,2977,2048,2394,67186,10895426,110597,40097323,0,40595567,13195,10940921,1023128,9805253,242645,8,2048,0,2048,8,4,4
chunked_256_p4,2978,2048,2194,68658,11489700,103594,40983454,0,41337667,10520,10621563,1115431,9388110,249718,8,2048,0,2048,8,4,4
chunked_256_p4,2979,2048,2255,68368,10272147,100269,38544231,0,38859142,16130,10853658,1040050,9706628,242845,8,2048,0,2048,8,4,4
chunked_256_p4,2980,2048,2565,74750,10586466,100087,39398452,0,39760851,10540,10523268,998232,9421052,292378,8,2048,0,2048,8,4,4
chunked_256_p4,2981,2048,2194,69801,10006740,111688,38745169,0,39010292,15249,10511697,977733,9433435,233278,8,2048,0,2048,8,4,4
chunked_256_p4,2982,2048,2224,71895,11164040,89417,40603311,0,40842217,11491,10684981,1019351,9575231,228509,8,2048,0,2048,8,4,4
chunked_256_p4,2983,2048,3256,68990,11497114,100236,40719479,0,41000935,12083,11270058,1137463,10011088,232325,8,2048,0,2048,8,4,4
chunked_256_p4,2984,2048,3286,76714,10743561,104004,40020527,0,40303219,12263,11025700,994144,9925999,248686,8,2048,0,2048,8,4,4
chunked_256_p4,2985,2048,1864,79750,10459689,91981,38603751,0,38893753,13005,10828571,965470,9750219,239359,8,2048,0,2048,8,4,4
chunked_256_p4,2986,2048,2474,68939,10468246,89357,38888454,0,39202003,15970,11011353,1000897,9901453,245280,8,2048,0,2048,8,4,4
chunked_256_p4,2987,2048,2044,69320,10687186,85940,39269110,0,39568531,13305,11194116,983053,10066282,274144,8,2048,0,2048,8,4,4
chunked_256_p4,2988,2048,2455,68168,10677267,96782,39155007,0,39650035,10440,10729324,973475,9655331,244489,8,2048,0,2048,8,4,4
chunked_256_p4,2989,2048,2224,69590,10566218,89299,38422404,0,38660070,11151,12091739,1013760,10953455,237405,8,2048,0,2048,8,4,4
chunked_256_p4,2990,2048,2615,70222,10045804,100339,37515021,0,37852325,14036,10735005,1025813,9605328,245230,8,2048,0,2048,8,4,4
chunked_256_p4,2991,2048,2454,69430,10552884,93885,38610242,0,38880000,8426,10865520,1015544,9737395,242655,8,2048,0,2048,8,4,4
chunked_256_p4,2992,2048,3206,70052,10712644,89028,38023314,0,38311625,15288,10718314,957825,9642237,251942,8,2048,0,2048,8,4,4
chunked_256_p4,2993,2048,2645,71214,9636386,110269,36554699,0,36931018,11632,11004521,990196,9909057,244408,8,2048,0,2048,8,4,4
chunked_256_p4,2994,2048,2555,68729,10305390,88407,37971747,0,38352742,12243,10892721,979496,9813949,246632,8,2048,0,2048,8,4,4
chunked_256_p4,2995,2048,2395,69280,10673490,103665,40118963,0,40459302,11131,10924371,978144,9815241,246903,8,2048,0,2048,8,4,4
chunked_256_p4,2996,2048,2054,67727,10280734,112972,38857741,0,39227733,11281,10719396,994234,9623882,253125,8,2048,0,2048,8,4,4
chunked_256_p4,2997,2048,2485,70923,9345540,103275,35418481,0,35930272,11752,10720388,989906,9632198,251291,8,2048,0,2048,8,4,4
chunked_256_p4,2998,2048,2895,74149,10324435,89841,37962631,0,38308478,12844,10967531,988203,9855376,249778,8,2048,0,2048,8,4,4
chunked_256_p4,2999,2048,2505,82846,9906723,92694,36971182,0,37312270,10810,11241455,1004092,10140160,244298,8,2048,0,2048,8,4,4
chunked_256_p4,3000,2048,1873,69110,10090437,92432,37626939,0,37935549,11111,11737786,1077550,10517929,247644,8,2048,0,2048,8,4,4
chunked_256_p4,3001,2048,2565,74289,9729009,93684,37167280,0,37453026,17934,11187494,989966,10079347,233077,8,2048,0,2048,8,4,4
chunked_256_p4,3002,2048,2555,76103,9461117,104355,36520996,0,36877135,10149,11307539,980448,10222134,244969,8,2048,0,2048,8,4,4
chunked_256_p4,3003,2048,2114,70162,9606450,103234,36811241,0,37129678,11261,11389813,1014472,10260305,245861,8,2048,0,2048,8,4,4
chunked_256_p4,3004,2048,2364,77015,9391357,106059,35841983,0,36329469,16371,10941062,1019311,9817736,291967,8,2048,0,2048,8,4,4
chunked_256_p4,3005,2048,3466,78026,8867966,101081,34220966,0,34580681,17202,10865270,993973,9767942,252563,8,2048,0,2048,8,4,4
chunked_256_p4,3006,2048,2705,72225,9714592,90881,36533559,0,36847219,12303,11021613,982381,9920849,253054,8,2048,0,2048,8,4,4
chunked_256_p4,3007,2048,2394,74500,9876847,107762,37004794,0,37477553,10019,11312658,1016856,10183432,244508,8,2048,0,2048,8,4,4
chunked_256_p4,3008,2048,2184,70833,9448273,90109,36054762,0,36639840,12083,11054846,987712,9960172,235852,8,2048,0,2048,8,4,4
chunked_256_p4,3009,2048,2074,74159,10521446,103655,37792031,0,38109618,12383,11386086,1101966,10169755,211316,8,2048,0,2048,8,4,4
chunked_256_p4,3010,2048,2074,72365,9781027,94765,37710546,0,37988177,14637,11025369,967594,9936819,188242,8,2048,0,2048,8,4,4
chunked_256_p4,3011,2048,2214,78367,10177560,97374,37282714,0,37579793,13315,11089380,966812,9996261,160571,8,2048,0,2048,8,4,4
chunked_256_p4,3012,2048,2224,70422,9926900,88375,38356877,0,38703480,17403,11144363,1096807,9935296,328456,8,2048,0,2048,8,4,4
chunked_256_p4,3013,2048,2505,220122,10080157,93886,36273143,0,36664977,10129,11614855,991209,10489635,246722,8,2048,0,2048,8,4,4
chunked_256_p4,3014,2048,2405,79078,9797678,86923,37481768,0,37813811,16842,11223572,997640,10117678,244198,8,2048,0,2048,8,4,4
chunked_256_p4,3015,2048,2054,73377,9660751,102470,36985065,0,37291782,11081,11358004,973576,10253152,248576,8,2048,0,2048,8,4,4
chunked_256_p4,3016,2048,2054,70091,9960293,99386,37597084,0,37966588,11832,11405202,1104280,10190755,252573,8,2048,0,2048,8,4,4
chunked_256_p4,3017,2048,2475,74379,9552749,104918,36740620,0,37181778,15709,6582821,988263,5509639,236453,8,2048,0,2048,8,4,4
chunked_256_p4,3018,2048,1974,92373,10567882,94517,40538408,0,40901659,9388,7067991,1099962,5888880,240671,8,2048,0,2048,8,4,4
chunked_256_p4,3019,2048,2585,73388,11110129,78970,41187267,0,41467982,10540,7023858,981991,5956147,266710,8,2048,0,2048,8,4,4
chunked_256_p4,3020,2048,2585,130034,10492781,83999,39842213,0,40131348,12202,7214906,1008440,6122629,264987,8,2048,0,2048,8,4,4
chunked_256_p4,3021,2048,2705,126778,11141227,72864,41182044,0,41475184,10861,7456089,1014432,6362669,271288,8,2048,0,2048,8,4,4
chunked_256_p4,3022,2048,2645,136055,10919051,74050,39997385,0,40354395,10930,7550445,965711,6503773,260518,8,2048,0,2048,8,4,4
chunked_256_p4,3023,2048,2494,73298,12811338,103282,44481391,0,44898763,15309,7454265,1003892,6362578,249037,8,2048,0,2048,8,4,4
chunked_256_p4,3024,2048,2064,82334,11213162,104867,41647418,0,42002885,11592,8963935,972553,7859445,239879,8,2048,0,2048,8,4,4
chunked_256_p4,3025,2048,2535,79138,11450707,91480,40035518,0,40421458,10299,7887928,1020713,6776264,253726,8,2048,0,2048,8,4,4
chunked_256_p4,3026,2048,2355,74059,11216488,96670,41229603,0,41567218,12464,8026688,1032696,6909965,249939,8,2048,0,2048,8,4,4
chunked_256_p4,3027,2048,2325,82945,10191336,94747,38730040,0,39075806,12433,9352193,1003040,8169455,312055,8,2048,0,2048,8,4,4
chunked_256_p4,3028,2048,3116,150111,10809705,98474,41250895,0,41691821,11111,7970212,979717,6897451,247253,8,2048,0,2048,8,4,4
chunked_256_p4,3029,2048,2295,78968,9976844,105740,37936963,0,38406062,12664,8336028,989054,7251114,246312,8,2048,0,2048,8,4,4
chunked_256_p4,3030,2048,2945,79259,10353601,101678,39882830,0,40221535,9488,26693323,984626,25608580,260007,8,2048,0,2048,8,4,4
chunked_256_p4,3031,2048,2184,74630,12156300,101322,45749947,0,46148948,12634,9588807,1007298,8471813,247444,8,2048,0,2048,8,4,4
chunked_256_p4,3032,2048,2164,70983,11872599,88676,45180904,0,45460577,13806,8517979,985237,7436051,239138,8,2048,0,2048,8,4,4
chunked_256_p4,3033,2048,2504,88907,11640243,93205,44913392,0,45180464,11010,8164446,1006346,7069874,272832,8,2048,0,2048,8,4,4
chunked_256_p4,3034,2048,2174,78787,11502203,89096,44539399,0,44859169,11011,8488825,978434,7421624,241563,8,2048,0,2048,8,4,4
chunked_256_p4,3035,2048,2114,106149,13764044,92974,49318970,0,49593486,11843,8503372,982973,7415672,240792,8,2048,0,2048,8,4,4
chunked_256_p4,3036,2048,2024,72566,13137810,87433,49151626,0,49417815,10479,8711842,973465,7615286,232676,8,2048,0,2048,8,4,4
chunked_256_p4,3037,2048,2235,80942,11749508,111098,44287066,0,44564516,11952,17894357,941425,16813722,261821,8,2048,0,2048,8,4,4
chunked_256_p4,3038,2048,2945,86983,11823526,102562,43237460,0,43666284,17844,8746417,973114,7673405,260388,8,2048,0,2048,8,4,4
chunked_256_p4,3039,2048,2114,72657,12235699,93483,45733227,0,46113679,15279,8604822,983194,7528544,235402,8,2048,0,2048,8,4,4
chunked_256_p4,3040,2048,2515,135885,12128648,104899,45667115,0,45991505,12453,8796321,971751,7680448,244027,8,2048,0,2048,8,4,4
chunked_256_p4,3041,2048,2204,76363,11765126,87715,44600542,0,44882923,11071,8677437,966903,7617571,244167,8,2048,0,2048,8,4,4
chunked_256_p4,3042,2048,2585,73487,12171989,85941,44470751,0,44803665,11071,9085804,974086,8014445,249417,8,2048,0,2048,8,4,4
chunked_256_p4,3043,2048,2896,80291,11970071,89169,45122032,0,45418532,12604,8872975,988694,7793410,241463,8,2048,0,2048,8,4,4
chunked_256_p4,3044,2048,2485,71244,12063867,102372,45413200,0,45791649,16451,8992789,1013269,7892076,252173,8,2048,0,2048,8,4,4
chunked_256_p4,3045,2048,2114,70753,11973177,105496,44501369,0,44960320,14527,8813964,971782,7759006,248406,8,2048,0,2048,8,4,4
chunked_256_p4,3046,2048,2344,72235,11612470,99788,43280358,0,43633664,18104,9060736,985347,7980482,255438,8,2048,0,2048,8,4,4
chunked_256_p4,3047,2048,2335,80821,13239891,83707,45754597,0,46102822,12333,8790661,985868,7721485,279273,8,2048,0,2048,8,4,4
chunked_256_p4,3048,2048,2294,84599,11579178,79559,42936545,0,43208246,10240,9141078,985207,8080720,246652,8,2048,0,2048,8,4,4
chunked_256_p4,3049,2048,2956,73077,12912618,91532,45271934,0,45674077,13426,9307068,986369,8219489,256431,8,2048,0,2048,8,4,4
chunked_256_p4,3050,2048,2204,73348,11310725,93024,42932317,0,43609886,12133,9439176,990446,8356286,241934,8,2048,0,2048,8,4,4
chunked_256_p4,3051,2048,2655,74410,12934689,96280,48009285,0,48328163,9368,9034778,968626,7972326,211918,8,2048,0,2048,8,4,4
chunked_256_p4,3052,2048,2285,73898,11655240,95832,44561592,0,44913090,11843,9457231,981480,8373347,198482,8,2048,0,2048,8,4,4
chunked_256_p4,3053,2048,3617,119975,14470107,126897,51122432,0,51434487,16902,9450337,976541,8370693,249218,8,2048,0,2048,8,4,4
chunked_256_p4,3054,2048,2154,113253,11479100,97823,44235710,0,44779109,16701,9449255,976490,8382635,240350,8,2048,0,2048,8,4,4
chunked_256_p4,3055,2048,2474,111469,11388180,93797,43938693,0,44421711,15559,9464123,989535,8376625,264847,8,2048,0,2048,8,4,4
chunked_256_p4,3056,2048,2194,70882,11827364,87524,44849882,0,45144875,12493,9515229,957756,8464719,242564,8,2048,0,2048,8,4,4
chunked_256_p4,3057,2048,2234,74820,13313940,107571,48586146,0,48879756,10169,9758375,974086,8683319,243566,8,2048,0,2048,8,4,4
chunked_256_p4,3058,2048,1884,72185,11937710,85189,45945197,0,46236671,11502,10838159,950873,9744278,278833,8,2048,0,2048,8,4,4
chunked_256_p4,3059,2048,2515,77045,12899093,124673,46372197,0,46721241,10730,9459815,967755,8387464,259547,8,2048,0,2048,8,4,4
chunked_256_p4,3060,2048,1994,75381,11607831,95649,43417506,0,43791367,17442,9618632,993993,8528930,249809,8,2048,0,2048,8,4,4
chunked_256_p4,3061,2048,2284,74700,12930722,95629,46152133,0,46462375,12754,10460421,1407799,8960128,238898,8,2048,0,2048,8,4,4
chunked_256_p4,3062,2048,2935,72616,11044015,96019,42762730,0,43154973,11181,10141212,979095,9039407,248196,8,2048,0,2048,8,4,4
chunked_256_p4,3063,2048,2755,80100,12088092,98006,45167067,0,45478702,14337,9706888,1027917,8586307,235401,8,2048,0,2048,8,4,4
chunked_256_p4,3064,2048,2384,78887,12864448,98494,47788051,0,48061103,17914,10122167,1001838,8992679,244468,8,2048,0,2048,8,4,4
chunked_256_p4,3065,2048,2575,82494,12116385,102013,45693644,0,46083346,9588,10165698,1104120,8949688,249227,8,2048,0,2048,8,4,4
chunked_256_p4,3066,2048,2615,76433,12368027,89778,47156847,0,47506612,9648,9850518,987311,8725769,264325,8,2048,0,2048,8,4,4
chunked_256_p4,3067,2048,2966,80060,13330943,105259,49574599,0,49989108,13575,10313034,1100212,9104759,244489,8,2048,0,2048,8,4,4
chunked_256_p4,3068,2048,2295,74790,13043323,96071,49431884,0,49743817,11201,10308666,1008000,9164391,237295,8,2048,0,2048,8,4,4
chunked_256_p4,3069,2048,2535,76273,13374704,85210,48893150,0,49165441,15239,10859990,1059948,9678234,251902,8,2048,0,2048,8,4,4
chunked_256_p4,3070,2048,2716,76393,12357106,100939,47915959,0,48285885,10961,9879371,986139,8777576,235962,8,2048,0,2048,8,4,4
chunked_256_p4,3071,2048,2043,75692,11904598,105419,46110255,0,46443370,13405,10116466,1047955,8957673,249738,8,2048,0,2048,8,4,4
chunked_256_p4,3072,2048,1854,73017,12014714,92343,45258427,0,45670119,18104,9784232,999685,8659574,236543,8,2048,0,2048,8,4,4
chunked_256_p4,3073,2048,3066,84148,11750489,79740,44917910,0,45205999,18865,10245408,1170615,8943557,248456,8,2048,0,2048,8,4,4
chunked_256_p4,3074,2048,2424,76624,13290547,95457,49121372,0,49420510,12042,9736433,997260,8600364,253616,8,2048,0,2048,8,4,4
chunked_256_p4,3075,2048,3506,89077,12468456,87183,47485184,0,47766599,11762,9688253,1020693,8551713,243817,8,2048,0,2048,8,4,4
chunked_256_p4,3076,2048,1944,68498,12431055,92504,47163781,0,47528113,9618,10195173,1017427,9042513,251591,8,2048,0,2048,8,4,4
chunked_256_p4,3077,2048,2835,73558,12940349,89387,48607624,0,48889114,13204,10817290,1015323,9652316,310091,8,2048,0,2048,8,4,4
chunked_256_p4,3078,2048,2635,88166,13707468,115675,49910560,0,50284280,12073,10367146,986769,9233991,296606,8,2048,0,2048,8,4,4
chunked_256_p4,3079,2048,2835,90109,11062329,96399,42688070,0,43092758,19937,10462875,1070848,9260040,246833,8,2048,0,2048,8,4,4
chunked_256_p4,3080,2048,2485,76864,13104197,102682,50496418,0,50808491,11972,10360724,968346,9270459,232165,8,2048,0,2048,8,4,4
chunked_256_p4,3081,2048,3026,97012,12085678,105046,45860836,0,46191716,11712,10552974,992030,9426603,246842,8,2048,0,2048,8,4,4
chunked_256_p4,3082,2048,2404,79960,12758910,113773,48854331,0,49190270,14277,10129871,973595,9012847,245951,8,2048,0,2048,8,4,4
chunked_256_p4,3083,2048,3006,91471,12210842,89607,46790700,0,47076693,10931,10174615,979396,9070204,251983,8,2048,0,2048,8,4,4
chunked_256_p4,3084,2048,2315,77315,12396851,89477,48123628,0,48478663,13986,9878720,959068,8802643,309200,8,2048,0,2048,8,4,4
chunked_256_p4,3085,2048,2945,79229,12166349,108503,45900081,0,46243615,10390,10303296,1075917,9087397,238968,8,2048,0,2048,8,4,4
chunked_256_p4,3086,2048,2675,75291,12445903,91179,46678420,0,47076385,15408,10023571,1019932,8898372,244258,8,2048,0,2048,8,4,4
chunked_256_p4,3087,2048,3186,81132,13091493,92692,45797686,0,46286745,15860,10242653,1021666,9093217,134522,8,2048,0,2048,8,4,4
chunked_256_p4,3088,2048,2194,67777,11857260,107952,45003028,0,45448494,12173,10035955,1014172,8903752,281237,8,2048,0,2048,8,4,4
chunked_256_p4,3089,2048,2604,73457,13169229,96942,46488217,0,46789759,12283,10374690,998993,9257706,252654,8,2048,0,2048,8,4,4
chunked_256_p4,3090,2048,1993,82505,12453167,104266,48339423,0,48782264,13445,10205994,1025263,9045407,240741,8,2048,0,2048,8,4,4
chunked_256_p4,3091,2048,2154,76854,12124490,96679,45733337,0,46163654,13055,11258356,1009122,10132376,236263,8,2048,0,2048,8,4,4
chunked_256_p4,3092,2048,2204,71614,11284756,95362,43700015,0,44221065,19797,10419694,979065,9311697,145162,8,2048,0,2048,8,4,4
chunked_256_p4,3093,2048,2755,85029,12469717,104967,47543532,0,47891072,15670,10624459,1099712,9412416,230352,8,2048,0,2048,8,4,4
chunked_256_p4,3094,2048,2675,77435,12734854,113723,49185320,0,49496544,15729,11076876,988483,9955935,241082,8,2048,0,2048,8,4,4
chunked_256_p4,3095,2048,2175,70192,11860445,84268,46020248,0,46480901,16922,10773398,1157419,9502144,245320,8,2048,0,2048,8,4,4
chunked_256_p4,3096,2048,3377,82935,11576963,92803,44824556,0,45135728,16931,10785420,1008561,9660391,244659,8,2048,0,2048,8,4,4
chunked_256_p4,3097,2048,2265,69100,12311611,112530,47113696,0,47498216,11602,10485187,1152521,9233200,249668,8,2048,0,2048,8,4,4
chunked_256_p4,3098,2048,3797,78006,12527746,105808,46981167,0,47286770,10670,10883694,971671,9776639,239369,8,2048,0,2048,8,4,4
chunked_256_p4,3099,2048,2314,72426,12448347,102402,48240760,0,48577070,13115,10624248,1005746,9520108,251822,8,2048,0,2048,8,4,4
chunked_256_p4,3100,2048,2465,73968,12508451,99836,48013692,0,48333262,14166,11044265,971641,9932110,283281,8,2048,0,2048,8,4,4
chunked_256_p4,3101,2048,2244,71925,11596741,97694,44045142,0,44483797,12213,10725979,983624,9646665,251381,8,2048,0,2048,8,4,4
chunked_256_p4,3102,2048,2705,87825,14067884,129373,53377239,0,53703160,11361,10734254,980518,9655341,248766,8,2048,0,2048,8,4,4
chunked_256_p4,3103,2048,2054,81834,12152193,85992,46126778,0,46477626,16932,10505004,965089,9421072,265488,8,2048,0,2048,8,4,4
chunked_256_p4,3104,2048,2695,75372,11270129,89958,43752976,0,44144610,11381,10720047,1000546,9619524,247935,8,2048,0,2048,8,4,4
chunked_256_p4,3105,2048,2154,71124,12485617,95339,47035419,0,47312166,12613,10548115,966271,9448093,248526,8,2048,0,2048,8,4,4
chunked_256_p4,3106,2048,2916,75141,12328763,106618,45794604,0,46198038,13396,10854219,970991,9774785,229831,8,2048,0,2048,8,4,4
chunked_256_p4,3107,2048,2645,72947,11892836,89217,44496900,0,44863186,9558,10584954,1012479,9489470,246152,8,2048,0,2048,8,4,4
chunked_256_p4,3108,2048,3045,67136,11902905,98183,44112952,0,44425247,12704,10722152,969697,9648428,256130,8,2048,0,2048,8,4,4
chunked_256_p4,3109,2048,3326,77005,11962346,98906,45486544,0,45888009,12624,10948155,1023448,9816794,220583,8,2048,0,2048,8,4,4
chunked_256_p4,3110,2048,4308,228207,13117783,98896,49716335,0,50012692,10300,11052260,1162539,9776338,250690,8,2048,0,2048,8,4,4
chunked_256_p4,3111,2048,2235,69470,12417700,101221,46455621,0,46755545,10209,10707784,962214,9649039,260419,8,2048,0,2048,8,4,4
chunked_256_p4,3112,2048,1873,69701,10748250,103412,41660813,0,42033261,10069,10870189,1027897,9753214,245651,8,2048,0,2048,8,4,4
chunked_256_p4,3113,2048,2374,72506,12986807,73457,47504849,0,47785545,10871,10691594,983694,9611129,240211,8,2048,0,2048,8,4,4
chunked_256_p4,3114,2048,1933,70803,11388049,99427,43602275,0,43904962,11301,10696613,986530,9617740,256280,8,2048,0,2048,8,4,4
chunked_256_p4,3115,2048,2114,76774,12569164,98725,47118497,0,47492726,9557,10970166,980689,9898768,244639,8,2048,0,2048,8,4,4
chunked_256_p4,3116,2048,3537,84879,12651168,112061,47643419,0,47991352,12323,11159902,971641,10077172,244619,8,2048,0,2048,8,4,4
chunked_256_p4,3117,2048,2004,74189,13614364,101699,49110118,0,49465945,13515,11356200,977703,10249586,247203,8,2048,0,2048,8,4,4
chunked_256_p4,3118,2048,2514,81833,12337811,105267,46617497,0,46905396,16721,10870980,992811,9769546,252233,8,2048,0,2048,8,4,4
chunked_256_p4,3119,2048,2003,73208,12951882,97151,49224953,0,49503688,16621,10986076,991979,9890763,250349,8,2048,0,2048,8,4,4
chunked_256_p4,3120,2048,2004,73788,12929439,107492,48282036,0,48610433,11432,11006083,1005726,9890552,244809,8,2048,0,2048,8,4,4
chunked_256_p4,3121,2048,2515,90580,13794812,101493,50945380,0,51278834,17984,10831416,983374,9739359,255920,8,2048,0,2048,8,4,4
chunked_256_p4,3122,2048,2725,78217,13773843,85810,51952038,0,52324914,11341,10672849,982722,9587064,247354,8,2048,0,2048,8,4,4
chunked_256_p4,3123,2048,2404,84369,11331484,104145,43092338,0,43511143,11151,11904578,995887,10810708,246563,8,2048,0,2048,8,4,4
chunked_256_p4,3124,2048,2515,89318,10932065,87123,42336301,0,42701696,9639,10784098,968636,9725753,246612,8,2048,0,2048,8,4,4
chunked_256_p4,3125,2048,2474,88606,10898622,96461,42243586,0,42666078,13515,10917126,964298,9845588,242635,8,2048,0,2048,8,4,4
chunked_256_p4,3126,2048,2335,86893,12964876,92042,47252687,0,47642518,13335,10952644,983204,9857630,235131,8,2048,0,2048,8,4,4
chunked_256_p4,3127,2048,2255,92464,11695586,94847,44890669,0,45389212,9507,10714747,972493,9642678,250590,8,2048,0,2048,8,4,4
chunked_256_p4,3128,2048,1923,75752,11245683,92904,43711689,0,44032742,12643,10844651,977523,9764797,241212,8,2048,0,2048,8,4,4
chunked_256_p4,3129,2048,2414,75351,12642993,93216,45893800,0,46212206,12744,10829082,998131,9711857,253174,8,2048,0,2048,8,4,4
chunked_256_p4,3130,2048,2354,84228,12480778,86813,46212657,0,46549087,11792,10794297,975379,9728118,255900,8,2048,0,2048,8,4,4
chunked_256_p4,3131,2048,2004,72987,13014128,94456,46201828,0,46476019,11381,10749402,961132,9690668,246221,8,2048,0,2048,8,4,4
chunked_256_p4,3132,2048,2405,76624,12498161,87605,46834424,0,47185021,12173,10824383,1010905,9722597,253956,8,2048,0,2048,8,4,4
chunked_256_p4,3133,2048,2224,88987,13004059,85240,46441436,0,46722594,10690,10612917,980438,9531940,244799,8,2048,0,2048,8,4,4
chunked_256_p4,3134,2048,2385,75912,12426857,107040,46159956,0,46629628,13996,11087907,972453,10007832,271800,8,2048,0,2048,8,4,4
chunked_256_p4,3135,2048,2225,78026,13080422,92153,47953321,0,48225129,12874,10851824,993482,9750460,248095,8,2048,0,2048,8,4,4
chunked_256_p4,3136,2048,2124,70823,11367311,120947,44109915,0,44549496,13445,10875549,993603,9782399,270938,8,2048,0,2048,8,4,4
chunked_256_p4,3137,2048,2334,79770,12684600,82065,45818888,0,46090386,13165,10805929,991158,9701818,243516,8,2048,0,2048,8,4,4
chunked_256_p4,3138,2048,2695,73457,12264923,93253,46472382,0,46894987,13416,10972009,985076,9882137,237876,8,2048,0,2048,8,4,4
chunked_256_p4,3139,2048,2284,69170,10660746,82566,41360760,0,41848987,12603,10954206,977182,9862810,250640,8,2048,0,2048,8,4,4
chunked_256_p4,3140,2048,2525,78056,11877798,89540,44229598,0,44551936,14057,10838921,980347,9761600,247965,8,2048,0,2048,8,4,4
chunked_256_p4,3141,2048,2645,86472,12171979,86641,45026462,0,45366641,12093,11189969,983714,10093683,247614,8,2048,0,2048,8,4,4
chunked_256_p4,3142,2048,2324,74009,12188711,106240,45454787,0,45962188,12063,11299474,974297,10228376,250900,8,2048,0,2048,8,4,4
chunked_256_p4,3143,2048,2294,70262,10846825,93115,42146986,0,42458099,10360,11799571,970339,10710940,246172,8,2048,0,2048,8,4,4
chunked_256_p4,3144,2048,2295,72045,12920553,94294,46279491,0,46554126,11161,10902570,992201,9803389,273072,8,2048,0,2048,8,4,4
chunked_256_p4,3145,2048,2505,81012,10851904,88244,41760641,0,42427000,13486,10976468,1003912,9862169,245280,8,2048,0,2048,8,4,4
chunked_256_p4,3146,2048,2444,83837,13293462,86593,48413102,0,48762266,12904,11161806,1027827,10023782,256190,8,2048,0,2048,8,4,4
chunked_256_p4,3147,2048,2154,77315,12823110,101311,46014714,0,46407672,16501,11384463,983424,10289199,247484,8,2048,0,2048,8,4,4
chunked_256_p4,3148,2048,3646,81873,12975906,97352,46866642,0,47160645,13486,11461628,984265,10364180,243256,8,2048,0,2048,8,4,4
chunked_256_p4,3149,2048,2034,71954,11876776,94768,44428312,0,44805057,9437,11321454,1002028,10214700,237836,8,2048,0,2048,8,4,4
chunked_256_p4,3150,2048,2374,80331,11401064,92824,44150359,0,44576580,11071,11584538,979176,10496078,249959,8,2048,0,2048,8,4,4
chunked_256_p4,3151,2048,2685,206357,10860240,98156,41389805,0,41920842,12974,11358074,998482,10248884,237545,8,2048,0,2048,8,4,4
chunked_256_p4,3152,2048,2575,79349,11649490,97550,43835490,0,44096287,10660,11350589,988514,10236070,244208,8,2048,0,2048,8,4,4
chunked_256_p4,3153,2048,2264,74229,11995628,102584,44368479,0,44750076,10931,11324671,1115692,10111617,209193,8,2048,0,2048,8,4,4
chunked_256_p4,3154,2048,2344,85570,12992808,112100,47155133,0,47510901,12323,11186733,1005735,10075438,119554,8,2048,0,2048,8,4,4
chunked_256_p4,3155,2048,3366,234629,12245458,102933,44603872,0,44992692,13074,12065019,989375,10976628,250850,8,2048,0,2048,8,4,4
chunked_256_p4,3156,2048,2004,78437,10872634,110928,42147336,0,42661949,16341,11186542,1004353,10064358,257794,8,2048,0,2048,8,4,4
chunked_256_p4,3157,2048,2455,93375,11978637,92221,44683752,0,45035668,11792,6474628,978945,5414090,240170,8,2048,0,2048,8,4,4
chunked_256_p4,3158,2048,2334,76583,13471175,96171,50179173,0,50523549,11662,15916710,1031964,14776593,265758,8,2048,0,2048,8,4,4
chunked_256_p4,3159,2048,2685,107972,13766258,115144,51120388,0,51621474,12253,6960570,985929,5888619,262582,8,2048,0,2048,8,4,4
chunked_256_p4,3160,2048,3717,115386,12944057,82104,49780705,0,50133755,13655,7652486,1054707,6493243,246873,8,2048,0,2048,8,4,4
chunked_256_p4,3161,2048,1913,71975,13596059,102622,47726374,0,48050844,18685,7735572,968606,6668712,271760,8,2048,0,2048,8,4,4
chunked_256_p4,3162,2048,2305,72166,13650451,93595,50527286,0,50875749,15179,9152399,1491766,7537951,237034,8,2048,0,2048,8,4,4
chunked_256_p4,3163,2048,2945,231374,14113118,91680,51556553,0,51901882,11611,7707269,994194,6611485,263404,8,2048,0,2048,8,4,4
chunked_256_p4,3164,2048,2846,112681,13982603,95619,53634942,0,54024211,12904,7719261,948287,6646490,263704,8,2048,0,2048,8,4,4
chunked_256_p4,3165,2048,2675,114074,14268329,110177,53143590,0,53673362,11822,7939144,983624,6869659,239899,8,2048,0,2048,8,4,4
chunked_256_p4,3166,2048,2204,83607,14051834,101100,54610951,0,54939396,14126,8348511,1164974,7067359,243497,8,2048,0,2048,8,4,4
chunked_256_p4,3167,2048,2755,73458,16481569,104567,58367745,0,58771391,14227,7890813,973245,6809676,280256,8,2048,0,2048,8,4,4
chunked_256_p4,3168,2048,2365,107351,13997792,103054,52715177,0,52993659,14597,28109198,966702,27039111,250690,8,2048,0,2048,8,4,4
chunked_256_p4,3169,2048,2555,81122,17493165,92323,66082940,0,66366128,14768,8273321,1065868,7099419,251752,8,2048,0,2048,8,4,4
chunked_256_p4,3170,2048,2534,74049,15186561,86302,56066840,0,56412070,9318,7984970,994585,6899084,249287,8,2048,0,2048,8,4,4
chunked_256_p4,3171,2048,2494,70863,15555933,98495,57907492,0,58242410,11091,8045093,978654,6987730,245300,8,2048,0,2048,8,4,4
chunked_256_p4,3172,2048,3416,76253,13993244,87694,53383200,0,53804767,16801,8298497,979517,7239552,251691,8,2048,0,2048,8,4,4
chunked_256_p4,3173,2048,2445,69230,16282846,107471,53901981,0,54222321,16171,8586818,1106024,7350741,261911,8,2048,0,2048,8,4,4
chunked_256_p4,3174,2048,2274,69391,12950720,96180,50601777,0,50977640,11702,8429142,991569,7307670,243817,8,2048,0,2048,8,4,4
chunked_256_p4,3175,2048,2635,71914,16401048,96180,60337467,0,60620639,13085,8280143,973134,7213294,247303,8,2048,0,2048,8,4,4
chunked_256_p4,3176,2048,2164,71474,14119089,76624,54555926,0,54843265,13566,8325188,973004,7243179,240541,8,2048,0,2048,8,4,4
chunked_256_p4,3177,2048,2174,67887,14535470,87254,54321828,0,54655103,14047,8644857,992411,7554373,271048,8,2048,0,2048,8,4,4
chunked_256_p4,3178,2048,2315,69691,14373216,94098,54807912,0,55108304,12343,8747630,987641,7607973,247844,8,2048,0,2048,8,4,4
chunked_256_p4,3179,2048,2435,71704,16040531,98224,55757431,0,56149868,12152,8470981,973967,7403028,255028,8,2048,0,2048,8,4,4
chunked_256_p4,3180,2048,2384,75151,12626982,94156,49199314,0,49675278,14377,9064523,1029390,7910420,244648,8,2048,0,2048,8,4,4
chunked_256_p4,3181,2048,2184,71735,15041810,104907,56611653,0,56929158,18284,9104609,989976,7992854,234139,8,2048,0,2048,8,4,4
chunked_256_p4,3182,2048,3486,77746,14052565,111521,53551295,0,54028271,14256,8937074,1127945,7713882,240811,8,2048,0,2048,8,4,4
chunked_256_p4,3183,2048,2375,73908,16587096,107642,58302583,0,58596152,13335,9032413,972994,7925869,267371,8,2048,0,2048,8,4,4
chunked_256_p4,3184,2048,2695,69470,15683202,105128,58120212,0,58519810,11672,8561611,988243,7484482,311354,8,2048,0,2048,8,4,4
chunked_256_p4,3185,2048,3367,80361,15743425,97653,56057584,0,56391811,11902,8845383,1027536,7716506,244929,8,2048,0,2048,8,4,4
chunked_256_p4,3186,2048,1994,74901,14374960,92662,53805280,0,54231521,10660,9987374,981099,8862235,236954,8,2048,0,2048,8,4,4
chunked_256_p4,3187,2048,2675,69751,12926013,90468,50228276,0,50723244,13385,9218593,1175404,7933433,247454,8,2048,0,2048,8,4,4
chunked_256_p4,3188,2048,2425,72576,13716805,94787,53115008,0,53482596,23154,10396511,984476,9278835,234710,8,2048,0,2048,8,4,4
chunked_256_p4,3189,2048,2264,70142,16692294,86122,63258383,0,63576751,18635,9265491,984125,8135452,240290,8,2048,0,2048,8,4,4
chunked_256_p4,3190,2048,3196,73969,15659698,84779,56311351,0,56645556,10450,9534275,1122655,8286125,294542,8,2048,0,2048,8,4,4
chunked_256_p4,3191,2048,2545,76323,13773892,88568,53747102,0,54139778,10790,9296959,984485,8187168,273192,8,2048,0,2048,8,4,4
chunked_256_p4,3192,2048,2815,77515,14768928,99747,54438720,0,54942224,11982,9562587,987471,8437649,241814,8,2048,0,2048,8,4,4
chunked_256_p4,3193,2048,2565,69811,14946962,92815,56109049,0,56454169,10730,9531208,988383,8423912,238948,8,2048,0,2048,8,4,4
chunked_256_p4,3194,2048,2325,70593,14788926,96622,56151469,0,56642029,12193,9398660,987692,8318765,255339,8,2048,0,2048,8,4,4
chunked_256_p4,3195,2048,3307,71063,15237035,92864,56297682,0,56561858,13265,9931920,1054307,8729666,249949,8,2048,0,2048,8,4,4
chunked_256_p4,3196,2048,2375,69681,15169690,87323,56333741,0,56628784,11842,9883700,977052,8717513,368210,8,2048,0,2048,8,4,4
chunked_256_p4,3197,2048,2725,70102,15978756,100217,57318898,0,57654127,13465,8987399,983534,7910320,276017,8,2048,0,2048,8,4,4
chunked_256_p4,3198,2048,2715,69259,15420289,102242,56350374,0,56721399,10509,9455096,971612,8351527,248326,8,2048,0,2048,8,4,4
chunked_256_p4,3199,2048,2625,72105,15725271,99627,59064511,0,59406793,12052,9311707,980178,8227174,241242,8,2048,0,2048,8,4,4
chunked_256_p4,3200,2048,2615,70883,16861170,94737,60500944,0,60838847,18595,9934335,1104521,8703407,277200,8,2048,0,2048,8,4,4
chunked_256_p4,3201,2048,2365,72836,16812489,88706,60297650,0,60646698,16531,9834968,1006647,8702866,249047,8,2048,0,2048,8,4,4
chunked_256_p4,3202,2048,2344,70863,14635317,90491,54200663,0,54516895,18745,9560123,988352,8445012,288511,8,2048,0,2048,8,4,4
chunked_256_p4,3203,2048,2585,71444,14317382,97292,53721765,0,54176016,18375,9628060,1038116,8477463,258395,8,2048,0,2048,8,4,4
chunked_256_p4,3204,2048,2675,67587,15694673,113703,57003585,0,57409027,10720,9669357,976570,8557103,240872,8,2048,0,2048,8,4,4
chunked_256_p4,3205,2048,2104,70682,14675192,90380,55992953,0,56371372,13215,9586362,979356,8523599,261871,8,2048,0,2048,8,4,4
chunked_256_p4,3206,2048,2504,70232,13153399,114625,51392707,0,51796695,15490,9912894,994835,8779870,240310,8,2048,0,2048,8,4,4
chunked_256_p4,3207,2048,2334,226194,15671691,104156,56897520,0,57277422,10319,9967306,995707,8851444,284493,8,2048,0,2048,8,4,4
chunked_256_p4,3208,2048,2344,68698,14807570,95700,54892319,0,55535215,11802,10462465,1027967,9334430,236884,8,2048,0,2048,8,4,4
chunked_256_p4,3209,2048,2234,67948,14331548,86031,53512440,0,53861555,11953,10381533,982051,9295657,260829,8,2048,0,2048,8,4,4
chunked_256_p4,3210,2048,3326,77505,15551665,106679,57360715,0,57713927,10760,10439912,975249,9306738,349486,8,2048,0,2048,8,4,4
chunked_256_p4,3211,2048,4027,120887,17708078,105437,65037419,0,65371386,19908,16483433,1076238,15232207,265818,8,2048,0,2048,8,4,4
chunked_256_p4,3212,2048,2985,73057,17450104,96983,63073657,0,63395302,14296,10684761,1061740,9481887,250860,8,2048,0,2048,8,4,4
chunked_256_p4,3213,2048,2274,69971,14172991,85772,55254079,0,55612851,9217,10061573,997129,8957293,257172,8,2048,0,2048,8,4,4
chunked_256_p4,3214,2048,2314,71754,15835597,93483,59085149,0,59486572,12193,10290642,1006237,9194387,248085,8,2048,0,2048,8,4,4
chunked_256_p4,3215,2048,3146,101601,16257439,171882,60876579,0,61372909,16140,9997964,1012829,8877312,254517,8,2048,0,2048,8,4,4
chunked_256_p4,3216,2048,2174,72486,14165417,109755,55008605,0,55380041,12253,28073240,1042906,26914528,235572,8,2048,0,2048,8,4,4
chunked_256_p4,3217,2048,2594,75251,15166743,82486,56176417,0,56434852,18575,10257711,985197,9167668,256952,8,2048,0,2048,8,4,4
chunked_256_p4,3218,2048,2445,86582,14115013,87914,54104762,0,54512657,14026,10212155,983874,9127442,237876,8,2048,0,2048,8,4,4
chunked_256_p4,3219,2048,2314,72586,13793720,69031,52079878,0,52351057,10850,10106497,978966,9046720,243407,8,2048,0,2048,8,4,4
chunked_256_p4,3220,2048,1814,71364,15262874,89276,55388078,0,55714209,14156,10089285,983053,9001456,245921,8,2048,0,2048,8,4,4
chunked_256_p4,3221,2048,7865,83597,15097333,87374,56111504,0,56419169,12383,10426727,1016836,9311046,246582,8,2048,0,2048,8,4,4
chunked_256_p4,3222,2048,2314,74801,15185149,106790,58933685,0,59406852,16972,10086981,984556,8999873,831268,8,2048,0,2048,8,4,4
chunked_256_p4,3223,2048,2384,86493,16686964,91955,58166439,0,58499724,12083,9945636,994935,8863918,244358,8,2048,0,2048,8,4,4
chunked_256_p4,3224,2048,2695,73788,15040266,98174,54389655,0,54695431,11582,9849024,969017,8788246,261150,8,2048,0,2048,8,4,4
chunked_256_p4,3225,2048,2044,70642,14269171,97052,52989813,0,53305504,14848,9757323,1036894,8627074,255559,8,2048,0,2048,8,4,4
chunked_256_p4,3226,2048,2515,92553,13002406,108015,50021387,0,50510094,16240,9990359,975800,8917698,272071,8,2048,0,2048,8,4,4
chunked_256_p4,3227,2048,2244,77515,14156781,84537,52683759,0,53209834,12594,10213057,976701,9137952,246101,8,2048,0,2048,8,4,4
chunked_256_p4,3228,2048,2285,71414,14477181,84328,53249740,0,53769354,11231,10355213,999333,9271121,232956,8,2048,0,2048,8,4,4
chunked_256_p4,3229,2048,2535,84939,13309692,84257,51824619,0,52248133,12834,10134219,997300,9048133,250630,8,2048,0,2048,8,4,4
chunked_256_p4,3230,2048,2575,79870,15578105,100058,59562384,0,59950453,13917,10159236,982051,9075795,249798,8,2048,0,2048,8,4,4
chunked_256_p4,3231,2048,2415,72797,14861963,89088,56450771,0,56758275,12183,10276766,988363,9194958,235742,8,2048,0,2048,8,4,4
chunked_256_p4,3232,2048,2084,74550,13237467,100449,50662100,0,51017967,10660,10165207,979336,9087096,236083,8,2048,0,2048,8,4,4
chunked_256_p4,3233,2048,1763,74219,16284800,121337,60290249,0,60696250,12554,10296884,1006236,9193866,270958,8,2048,0,2048,8,4,4
chunked_256_p4,3234,2048,2445,83406,15765066,101291,55832220,0,56118921,17353,10338632,973966,9253368,233778,8,2048,0,2048,8,4,4
chunked_256_p4,3235,2048,2154,73027,12737880,91210,49640916,0,50073255,11482,10171329,966471,9114497,249297,8,2048,0,2048,8,4,4
chunked_256_p4,3236,2048,2535,84418,12759571,92432,49576074,0,50100645,10981,10083664,985658,9016283,283271,8,2048,0,2048,8,4,4
chunked_256_p4,3237,2048,2896,74239,13855585,86774,53058681,0,53369633,11491,10076120,958176,9015742,236553,8,2048,0,2048,8,4,4
chunked_256_p4,3238,2048,2064,75261,15742283,103464,60346064,0,60639603,12053,10080098,992069,8995534,234560,8,2048,0,2048,8,4,4
chunked_256_p4,3239,2048,2114,75281,12798774,88425,49830851,0,50323493,15439,10276425,995807,9174671,236985,8,2048,0,2048,8,4,4
chunked_256_p4,3240,2048,2244,73578,14732410,102442,54152743,0,54492349,12393,10291664,978775,9224233,252814,8,2048,0,2048,8,4,4
chunked_256_p4,3241,2048,2334,72777,15570791,93616,56136071,0,56428741,11883,10320338,946865,9272945,243025,8,2048,0,2048,8,4,4
chunked_256_p4,3242,2048,2404,68629,15193695,92332,56330875,0,56603348,13325,10494063,950031,9429077,237516,8,2048,0,2048,8,4,4
chunked_256_p4,3243,2048,2284,91572,13764174,85551,52904802,0,53272391,14117,10610322,1005555,9493047,245571,8,2048,0,2048,8,4,4
chunked_256_p4,3244,2048,2024,75021,14005397,74370,53434516,0,53810333,15409,10701202,1012589,9583967,268744,8,2048,0,2048,8,4,4
chunked_256_p4,3245,2048,2245,68659,14375541,75282,53251312,0,53541849,14818,10377205,979847,9292972,251211,8,2048,0,2048,8,4,4
chunked_256_p4,3246,2048,2545,74860,12699709,94376,49523824,0,49963321,17503,11988846,978484,10895747,127790,8,2048,0,2048,8,4,4
chunked_256_p4,3247,2048,2234,75842,13879010,112962,52749120,0,53188555,14828,10699689,998161,9599707,233839,8,2048,0,2048,8,4,4
chunked_256_p4,3248,2048,2295,69671,16148735,127058,60353508,0,60909538,12643,10673229,974547,9577746,241924,8,2048,0,2048,8,4,4
chunked_256_p4,3249,2048,2826,68809,14273890,114654,55107042,0,55525387,21240,10757037,1001267,9568488,260909,8,2048,0,2048,8,4,4
chunked_256_p4,3250,2048,2465,71344,15064482,104053,55366296,0,55968977,18455,10866873,980488,9773233,227757,8,2048,0,2048,8,4,4
chunked_256_p4,3251,2048,2415,67276,13964300,113773,53382968,0,53793110,11091,11300475,997781,10207937,259196,8,2048,0,2048,8,4,4
chunked_256_p4,3252,2048,2294,73387,15210405,109765,55729890,0,56186324,14287,10962031,978955,9875284,248956,8,2048,0,2048,8,4,4
chunked_256_p4,3253,2048,2585,70913,14549547,85478,53974348,0,54422195,14367,10918730,990507,9821363,240050,8,2048,0,2048,8,4,4
chunked_256_p4,3254,2048,2554,70362,14971387,74670,53698821,0,54012379,11061,10785530,976090,9714803,258515,8,2048,0,2048,8,4,4
chunked_256_p4,3255,2048,2385,73147,13771308,87313,53803496,0,54179783,12884,11037923,1045740,9880885,244168,8,2048,0,2048,8,4,4
chunked_256_p4,3256,2048,2244,68859,15246794,98305,56069007,0,56357065,12263,10835734,971582,9768053,237575,8,2048,0,2048,8,4,4
chunked_256_p4,3257,2048,2635,72626,12814134,92214,50042896,0,50367055,13996,11067058,1083010,9896524,236463,8,2048,0,2048,8,4,4
chunked_256_p4,3258,2048,2114,73779,15542809,89629,56139617,0,56494093,12373,10754462,972854,9671923,229290,8,2048,0,2048,8,4,4
chunked_256_p4,3259,2048,3136,71144,13897725,103995,53767841,0,54076540,11993,10688519,988132,9603996,247083,8,2048,0,2048,8,4,4
chunked_256_p4,3260,2048,1843,70262,13018376,89348,50521967,0,51109497,12043,10763339,961112,9697681,246852,8,2048,0,2048,8,4,4
chunked_256_p4,3261,2048,2515,77755,12823771,88477,50066801,0,50459949,11432,10989212,980018,9913355,237185,8,2048,0,2048,8,4,4
chunked_256_p4,3262,2048,2254,88756,14288488,95328,53147978,0,53622787,12032,10868606,979256,9785285,234099,8,2048,0,2048,8,4,4
chunked_256_p4,3263,2048,2315,70372,14363638,88896,53655742,0,53981380,10570,10821528,974537,9758855,246873,8,2048,0,2048,8,4,4
chunked_256_p4,3264,2048,2495,75281,15064332,105748,56430802,0,56822708,11200,10849329,1017267,9741373,234650,8,2048,0,2048,8,4,4
chunked_256_p4,3265,2048,2776,69350,15618140,103724,59203079,0,59625072,13686,10879997,993603,9781357,247023,8,2048,0,2048,8,4,4
chunked_256_p4,3266,2048,2395,72826,14731007,101231,55898707,0,56247321,12443,11061628,1047564,9905540,236653,8,2048,0,2048,8,4,4
chunked_256_p4,3267,2048,2835,71695,14275503,101109,53084571,0,53439636,12023,10944989,996939,9851650,238618,8,2048,0,2048,8,4,4
chunked_256_p4,3268,2048,2214,68979,14230889,95148,53112233,0,53434495,14918,11097976,996468,9992293,240591,8,2048,0,2048,8,4,4
chunked_256_p4,3269,2048,2064,68569,12895125,88716,50334494,0,50781672,23044,11032634,988463,9933563,250540,8,2048,0,2048,8,4,4
chunked_256_p4,3270,2048,2014,203622,13525707,96607,51777089,0,52210238,11832,11038134,1006718,9937199,271078,8,2048,0,2048,8,4,4
chunked_256_p4,3271,2048,2384,75962,14980604,96271,56744441,0,57096102,13976,10865850,983855,9782469,235382,8,2048,0,2048,8,4,4
chunked_256_p4,3272,2048,2294,71875,14327170,87164,54528567,0,54862001,13616,12064508,1060088,10904473,277160,8,2048,0,2048,8,4,4
chunked_256_p4,3273,2048,2113,75181,15636344,99206,56075808,0,56333220,17562,11441860,970309,10363289,256632,8,2048,0,2048,8,4,4
chunked_256_p4,3274,2048,2254,76574,14885797,114151,54414421,0,54738057,11692,11337254,983223,10237884,254347,8,2048,0,2048,8,4,4
chunked_256_p4,3275,2048,2264,72005,14639625,98613,53990689,0,54369327,10620,11293272,1002350,10192358,252674,8,2048,0,2048,8,4,4
chunked_256_p4,3276,2048,2134,74810,14668430,93156,54268700,0,54551803,12714,11095121,995115,10004416,248746,8,2048,0,2048,8,4,4
chunked_256_p4,3277,2048,2445,80992,14978922,94899,57801612,0,58170064,15469,11170412,985127,10082612,242184,8,2048,0,2048,8,4,4
chunked_256_p4,3278,2048,2244,79910,15071275,105909,57324969,0,57639458,13024,11610006,1080226,10403644,248015,8,2048,0,2048,8,4,4
chunked_256_p4,3279,2048,2003,72175,15111240,100087,55043631,0,55362430,12784,11488879,986669,10396541,253926,8,2048,0,2048,8,4,4
chunked_256_p4,3280,2048,1904,69611,14407260,103908,53596208,0,53961976,13686,11443754,1003331,10328023,246993,8,2048,0,2048,8,4,4
chunked_256_p4,3281,2048,2204,106469,14829912,104547,54588360,0,54911044,11442,10888764,982663,9804060,235852,8,2048,0,2048,8,4,4
chunked_256_p4,3282,2048,2154,71394,15274225,81313,59523140,0,59795454,12033,11072598,1181835,9774255,261039,8,2048,0,2048,8,4,4
chunked_256_p4,3283,2048,2093,74820,14951540,93796,56365151,0,56639143,17333,10928919,986590,9842202,246753,8,2048,0,2048,8,4,4
chunked_256_p4,3284,2048,2304,71404,15590498,95992,56941139,0,57313290,11121,11231807,987682,10138908,247123,8,2048,0,2048,8,4,4
chunked_256_p4,3285,2048,3096,78567,15164710,84950,59313879,0,59700060,12062,11109577,978094,10025215,275427,8,2048,0,2048,8,4,4
chunked_256_p4,3286,2048,2384,71454,15061777,95199,57670849,0,58001468,9297,11273755,1006747,10164326,232786,8,2048,0,2048,8,4,4
chunked_256_p4,3287,2048,2254,73628,14642040,85072,54008032,0,54333032,11432,11443073,988734,10343171,250309,8,2048,0,2048,8,4,4
chunked_256_p4,3288,2048,1914,74399,15830207,112000,57530555,0,57879799,12814,11427344,973625,10352889,244298,8,2048,0,2048,8,4,4
chunked_256_p4,3289,2048,2154,75462,15394721,84668,58517907,0,58848897,10129,11607301,960791,10521414,256281,8,2048,0,2048,8,4,4
chunked_256_p4,3290,2048,2565,79178,15417464,109046,58408010,0,58765221,14638,11508005,1020724,10377776,249708,8,2048,0,2048,8,4,4
chunked_256_p4,3291,2048,2274,75121,14038188,93675,54142652,0,54508170,13666,12041926,984215,10931244,234329,8,2048,0,2048,8,4,4
chunked_256_p4,3292,2048,2445,76533,16709155,105867,60605990,0,61150309,10609,11635764,1043927,10474477,237826,8,2048,0,2048,8,4,4
chunked_256_p4,3293,2048,2695,76062,13631134,96461,52684581,0,53043172,10850,11645021,1000566,10523729,278653,8,2048,0,2048,8,4,4
chunked_256_p4,3294,2048,2194,88546,14172130,86582,53987190,0,54322830,13475,12133777,1122475,10883954,238107,8,2048,0,2048,8,4,4
chunked_256_p4,3295,2048,2695,81042,14158494,102480,55188895,0,55559790,10369,11986351,980939,10875408,254407,8,2048,0,2048,8,4,4
chunked_256_p4,3296,2048,2595,72806,16137043,93524,58095633,0,58432475,14427,11648818,983033,10502740,248787,8,2048,0,2048,8,4,4
chunked_256_p4,3297,2048,3196,112791,14742478,91711,54227941,0,54526674,12975,8697255,1259011,7332446,245521,8,2048,0,2048,8,4,4
chunked_256_p4,3298,2048,2295,75271,15701717,96379,59072364,0,59380482,11512,6965238,990978,5864104,333916,8,2048,0,2048,8,4,4
chunked_256_p4,3299,2048,4939,138259,17166293,106630,62287965,0,62651376,17042,7090523,1003842,5937682,246803,8,2048,0,2048,8,4,4
chunked_256_p4,3300,2048,2304,87945,17264697,87533,63184975,0,63548587,11051,7315355,1019892,6170578,269746,8,2048,0,2048,8,4,4
chunked_256_p4,3301,2048,3416,138599,18342007,84879,67225112,0,67535153,12403,7370939,985087,6275845,277350,8,2048,0,2048,8,4,4
chunked_256_p4,3302,2048,2335,78016,16769558,104329,61184032,0,61555483,17322,7911301,1058825,6729697,232696,8,2048,0,2048,8,4,4
chunked_256_p4,3303,2048,2164,76102,17476584,97513,66039818,0,66336874,10970,8534530,1003652,7409842,241102,8,2048,0,2048,8,4,4
chunked_256_p4,3304,2048,2585,77295,16251107,101741,60844648,0,61203532,15769,7654340,982171,6561331,244979,8,2048,0,2048,8,4,4
chunked_256_p4,3305,2048,2324,74460,20938946,111447,80200634,0,82458299,15990,9124536,1302932,7636115,343805,8,2048,0,2048,8,4,4
chunked_256_p4,3306,2048,3426,95289,17218310,136737,66280199,0,66720524,12243,8485158,1040961,7297841,248516,8,2048,0,2048,8,4,4
chunked_256_p4,3307,2048,2445,93154,20021956,87496,66982835,0,67372948,25959,8914162,981500,7760900,273222,8,2048,0,2048,8,4,4
chunked_256_p4,3308,2048,2695,75893,16483973,104625,63692126,0,64041350,12603,25984364,1042866,24765128,261390,8,2048,0,2048,8,4,4
chunked_256_p4,3309,2048,3366,83697,18168040,101541,70847882,0,71174783,15649,8215893,979135,7145616,238527,8,2048,0,2048,8,4,4
chunked_256_p4,3310,2048,1924,100148,18895474,94208,71916804,0,72288973,16510,8443549,1061060,7260471,252854,8,2048,0,2048,8,4,4
chunked_256_p4,3311,2048,2244,80932,19308187,98274,69000589,0,69313696,15208,9073971,1054377,7881105,247735,8,2048,0,2048,8,4,4
chunked_256_p4,3312,2048,2404,70953,17405220,100999,67617052,0,67924722,13335,9369936,1022728,8209461,246361,8,2048,0,2048,8,4,4
chunked_256_p4,3313,2048,2815,72035,18632542,102663,70587918,0,70882177,16691,9709342,1498670,8084447,276268,8,2048,0,2048,8,4,4
chunked_256_p4,3314,2048,3557,74861,16503730,99104,64756622,0,65082841,14186,8623396,1007890,7527572,266118,8,2048,0,2048,8,4,4
chunked_256_p4,3315,2048,2254,69550,17622397,97193,69159134,0,69444950,14748,8887312,1017027,7738177,241152,8,2048,0,2048,8,4,4
chunked_256_p4,3316,2048,3938,70652,20417327,102261,71958173,0,72294242,10329,9258978,1007419,8100156,256050,8,2048,0,2048,8,4,4
chunked_256_p4,3317,2048,2494,68468,17380434,99278,67964887,0,68318672,13675,9157027,1010314,8042407,238307,8,2048,0,2048,8,4,4
chunked_256_p4,3318,2048,2345,75211,18499692,105216,68962898,0,69264263,12523,9089079,987822,7994899,249388,8,2048,0,2048,8,4,4
chunked_256_p4,3319,2048,2225,71925,20161127,122562,76881252,0,77214740,11973,9021052,987100,7943573,253085,8,2048,0,2048,8,4,4
chunked_256_p4,3320,2048,2024,67637,16682405,93595,64880475,0,65252362,14457,9266973,1075376,8018814,245080,8,2048,0,2048,8,4,4
chunked_256_p4,3321,2048,2444,68659,17260108,84738,67366226,0,67652881,14336,12671385,992050,11544884,244769,8,2048,0,2048,8,4,4
chunked_256_p4,3322,2048,2064,67747,19008926,111077,71145428,0,71447385,19596,9716125,1079644,8457756,238738,8,2048,0,2048,8,4,4
chunked_256_p4,3323,2048,2185,70913,18952682,109214,71411287,0,71699537,17412,8987699,1009954,7866578,239339,8,2048,0,2048,8,4,4
chunked_256_p4,3324,2048,2324,68208,17551084,97471,67246460,0,67501889,13114,9046069,1019131,7923304,307727,8,2048,0,2048,8,4,4
chunked_256_p4,3325,2048,2815,73779,17283463,96881,66579209,0,66854985,13615,9385736,969578,8311522,243697,8,2048,0,2048,8,4,4
chunked_256_p4,3326,2048,2254,120185,20288175,117528,76313529,0,76765065,13866,10422560,1217122,9091144,237705,8,2048,0,2048,8,4,4
chunked_256_p4,3327,2048,2395,73057,18774487,100707,71832027,0,72129763,12373,9318430,988383,8236511,251912,8,2048,0,2048,8,4,4
chunked_256_p4,3328,2048,1974,71484,18165336,107392,68632007,0,68923064,14627,9077818,983123,7981082,245411,8,2048,0,2048,8,4,4
chunked_256_p4,3329,2048,2294,69220,18414683,112609,71474115,0,71766553,9978,9162707,985688,8071602,252794,8,2048,0,2048,8,4,4
chunked_256_p4,3330,2048,2164,67637,17739256,90047,68120629,0,68478079,14988,10131454,1140117,8879817,236794,8,2048,0,2048,8,4,4
chunked_256_p4,3331,2048,2185,78958,18581355,98213,69685534,0,70045988,12905,9441381,991048,8341317,243055,8,2048,0,2048,8,4,4
chunked_256_p4,3332,2048,2264,74159,17994425,89028,67462084,0,67740716,13075,10296584,1201643,8984875,255018,8,2048,0,2048,8,4,4
chunked_256_p4,3333,2048,2384,74400,19702097,106148,73687575,0,74054123,11061,9422184,978254,8316532,249688,8,2048,0,2048,8,4,4
chunked_256_p4,3334,2048,2124,78036,17833673,124391,69077893,0,69394746,14417,9509167,960922,8434202,269004,8,2048,0,2048,8,4,4
chunked_256_p4,3335,2048,2624,75652,20405415,92054,75195690,0,75617936,12844,10502730,1120310,9256814,246262,8,2048,0,2048,8,4,4
chunked_256_p4,3336,2048,2976,77325,19940874,113894,74299873,0,74583694,11352,9599537,992581,8499875,238758,8,2048,0,2048,8,4,4
chunked_256_p4,3337,2048,2575,70382,18787863,89208,71131895,0,71656920,14988,10618096,1129458,9378732,235642,8,2048,0,2048,8,4,4
chunked_256_p4,3338,2048,3296,89738,19560301,105709,73298847,0,73601175,16791,10500776,1106415,9276330,274094,8,2048,0,2048,8,4,4
chunked_256_p4,3339,2048,2534,83957,18079524,104816,70484748,0,70915588,12915,9685689,1001858,8561912,248556,8,2048,0,2048,8,4,4
chunked_256_p4,3340,2048,2715,134082,18768246,100907,70586612,0,70971021,21551,10124982,1002239,9012696,258635,8,2048,0,2048,8,4,4
chunked_256_p4,3341,2048,2104,88306,19116769,102022,73152984,0,73462161,13946,11018768,1163010,9724091,244198,8,2048,0,2048,8,4,4
chunked_256_p4,3342,2048,2735,82244,19450024,90469,74261930,0,74785803,12503,11103807,1178800,9811224,250269,8,2048,0,2048,8,4,4
chunked_256_p4,3343,2048,2304,79369,20202354,106790,70294031,0,70593523,12474,10134890,1070838,8962552,237906,8,2048,0,2048,8,4,4
chunked_256_p4,3344,2048,2314,91522,17323617,110677,67354804,0,67645178,18315,11664979,1115501,10450232,250500,8,2048,0,2048,8,4,4
chunked_256_p4,3345,2048,2374,72315,17284634,108531,67368157,0,67681303,14157,10302886,1138474,9052992,241723,8,2048,0,2048,8,4,4
chunked_256_p4,3346,2048,2465,70342,17806343,102230,68274595,0,68594528,11632,10629548,1069224,9439025,249457,8,2048,0,2048,8,4,4
chunked_256_p4,3347,2048,2013,137047,18860198,99920,68457592,0,68756592,11211,10336768,1096586,9150806,282750,8,2048,0,2048,8,4,4
chunked_256_p4,3348,2048,3126,137057,19062888,122399,71276956,0,71673348,13986,10644926,1094852,9455447,277831,8,2048,0,2048,8,4,4
chunked_256_p4,3349,2048,3026,136215,20577257,105696,73794998,0,74204213,12674,9786067,926186,8756967,245600,8,2048,0,2048,8,4,4
chunked_256_p4,3350,2048,3406,80671,17767850,100986,68400203,0,68700053,9969,176502857,926257,175442439,257944,8,2048,0,2048,8,4,4
chunked_256_p4,3351,2048,2765,73408,17269877,104896,66651875,0,67044981,12403,10107549,1030021,8958464,240982,8,2048,0,2048,8,4,4
chunked_256_p4,3352,2048,2185,68498,17350297,93887,67874658,0,68236106,13766,10580555,988743,9462851,254287,8,2048,0,2048,8,4,4
chunked_256_p4,3353,2048,2445,70573,18779006,102651,72061176,0,72358413,18735,10220852,998703,9100922,248426,8,2048,0,2048,8,4,4
chunked_256_p4,3354,2048,2705,73899,18815364,95539,70252296,0,70540925,17223,10277076,990227,9171644,284774,8,2048,0,2048,8,4,4
chunked_256_p4,3355,2048,3006,73367,18507356,96903,71630919,0,71930621,13556,10250407,977573,9138623,235071,8,2048,0,2048,8,4,4
chunked_256_p4,3356,2048,2164,67126,21354344,836919,72515117,0,75555529,19496,10474527,996799,9343617,236934,8,2048,0,2048,8,4,4
chunked_256_p4,3357,2048,3276,221365,20394084,106989,72605477,0,72894638,9849,10248744,984045,9165814,249838,8,2048,0,2048,8,4,4
chunked_256_p4,3358,2048,2144,68097,16901946,100407,62921002,0,63273370,11251,9841971,981810,8751316,246252,8,2048,0,2048,8,4,4
chunked_256_p4,3359,2048,1984,71274,15722596,98172,61494848,0,61931746,15459,9917282,996327,8827380,239109,8,2048,0,2048,8,4,4
chunked_256_p4,3360,2048,2835,71243,18641518,90029,63575098,0,64015011,13205,10212266,1167889,8936243,274555,8,2048,0,2048,8,4,4
chunked_256_p4,3361,2048,2966,71534,18067953,93104,65826678,0,66110160,11712,11377961,1482820,9768653,279384,8,2048,0,2048,8,4,4
chunked_256_p4,3362,2048,3497,124964,17437070,97494,64219632,0,64579632,12914,11579458,993202,10456513,260939,8,2048,0,2048,8,4,4
chunked_256_p4,3363,2048,2444,72316,18857664,81740,67719196,0,68009870,11601,10292525,1004172,9181693,257713,8,2048,0,2048,8,4,4
chunked_256_p4,3364,2048,2195,72957,17843853,89757,68642267,0,69031163,11812,10446364,985969,9325813,249989,8,2048,0,2048,8,4,4
chunked_256_p4,3365,2048,2565,75131,17159038,101262,65465601,0,65828131,12353,10350384,986219,9271121,235682,8,2048,0,2048,8,4,4
chunked_256_p4,3366,2048,2174,78588,16795387,74711,63652372,0,64043946,12654,10482863,1002069,9371950,252183,8,2048,0,2048,8,4,4
chunked_256_p4,3367,2048,2986,73618,18233183,99268,65353811,0,65699401,11441,10499965,968426,9425099,234439,8,2048,0,2048,8,4,4
chunked_256_p4,3368,2048,2174,92664,17470012,98656,65775192,0,66119268,12884,10438159,1015614,9300326,268744,8,2048,0,2048,8,4,4
chunked_256_p4,3369,2048,3106,133631,18158813,88916,67389229,0,67745053,11432,10770292,983273,9658978,236083,8,2048,0,2048,8,4,4
chunked_256_p4,3370,2048,2485,73348,17991360,109242,66790737,0,67094212,17052,10634757,1026294,9498066,271710,8,2048,0,2048,8,4,4
chunked_256_p4,3371,2048,2354,88375,20036884,103455,68062712,0,68395916,14908,13536067,1497347,11905820,243256,8,2048,0,2048,8,4,4
chunked_256_p4,3372,2048,2976,85711,21370294,98867,70495782,0,70823617,11472,10606244,1017768,9464704,248325,8,2048,0,2048,8,4,4
chunked_256_p4,3373,2048,2134,79479,19068859,109264,62770208,0,63175819,13015,12849320,1483661,11243668,247043,8,2048,0,2048,8,4,4
chunked_256_p4,3374,2048,2555,81914,17270648,102624,65101377,0,65493956,19847,11815931,1494031,10195844,243656,8,2048,0,2048,8,4,4
chunked_256_p4,3375,2048,2244,77806,17921188,92433,65216653,0,65636082,11922,12920492,1068994,11718560,248816,8,2048,0,2048,8,4,4
chunked_256_p4,3376,2048,3818,95759,18024962,110746,69430154,0,69773946,16310,11161294,1021605,10026447,252163,8,2048,0,2048,8,4,4
chunked_256_p4,3377,2048,3065,94728,19407283,116269,71597549,0,71878433,12293,10969835,1096756,9740701,239519,8,2048,0,2048,8,4,4
chunked_256_p4,3378,2048,2424,75541,17827392,100449,65516826,0,65829624,12674,10797473,996538,9686470,233307,8,2048,0,2048,8,4,4
chunked_256_p4,3379,2048,2575,75652,17320461,111440,66790145,0,67146174,15399,10840292,1006578,9705345,256110,8,2048,0,2048,8,4,4
chunked_256_p4,3380,2048,2074,97022,16890265,118812,64653850,0,64978278,13716,10542765,987902,9443284,243677,8,2048,0,2048,8,4,4
chunked_256_p4,3381,2048,1973,76574,17022774,106859,65649997,0,66013907,13004,12416557,1079253,11179188,318998,8,2048,0,2048,8,4,4
chunked_256_p4,3382,2048,3025,82765,18723542,92654,65945672,0,66363083,11762,10914361,977763,9830841,241774,8,2048,0,2048,8,4,4
chunked_256_p4,3383,2048,2104,124955,18746846,117019,70443823,0,70861305,14317,12183030,1214006,10817370,299943,8,2048,0,2048,8,4,4
chunked_256_p4,3384,2048,2735,163286,20114650,107731,73762807,0,74151123,13856,157414372,1140679,156133811,276118,8,2048,0,2048,8,4,4
chunked_256_p4,3385,2048,2595,74740,18262557,99598,69554558,0,69952063,13204,11307719,987812,10177780,231384,8,2048,0,2048,8,4,4
chunked_256_p4,3386,2048,2855,85280,19059311,118331,67729154,0,68169789,10771,20008662,976090,18863614,240581,8,2048,0,2048,8,4,4
chunked_256_p4,3387,2048,2544,95950,8554989,88916,32046286,0,32385935,12704,11533803,1022608,10396871,259477,8,2048,0,2048,8,4,4
chunked_256_p4,3388,2048,2415,107160,8270425,91402,30870283,0,31178112,10330,11244631,1006056,10112328,242234,8,2048,0,2048,8,4,4
chunked_256_p4,3389,2048,2415,75411,7920649,101961,28614076,0,29092971,13175,11691288,967824,10595073,234039,8,2048,0,2048,8,4,4
chunked_256_p4,3390,2048,2986,73568,8923069,86313,32500870,0,32871445,15149,12676084,984706,11540385,252754,8,2048,0,2048,8,4,4
chunked_256_p4,3391,2048,2295,78307,8733994,104276,30159792,0,30572646,11902,11472628,989255,10353039,245751,8,2048,0,2048,8,4,4
chunked_256_p4,3392,2048,2444,85230,7500251,96502,27989691,0,28388121,13786,11285848,1005145,10147574,245711,8,2048,0,2048,8,4,4
chunked_256_p4,3393,2048,2384,73738,8110906,97080,30901291,0,31231090,10960,11015271,1003050,9906523,249668,8,2048,0,2048,8,4,4
chunked_256_p4,3394,2048,3286,81332,8107589,89739,31102008,0,31550228,17854,11784422,993452,10660516,248255,8,2048,0,2048,8,4,4
chunked_256_p4,3395,2048,2254,89277,8380671,89378,31343551,0,31676915,12464,11489951,1159103,10209911,277891,8,2048,0,2048,8,4,4
chunked_256_p4,3396,2048,2284,76073,8221172,102372,30971354,0,31371804,10159,11122281,981961,10012471,277370,8,2048,0,2048,8,4,4
chunked_256_p4,3397,2048,4208,78447,7173218,93953,27328244,0,27845662,11091,11360247,993813,10241029,250519,8,2048,0,2048,8,4,4
chunked_256_p4,3398,2048,2374,70161,7548782,81604,28323942,0,28651776,10059,11089720,991048,9979289,249587,8,2048,0,2048,8,4,4
chunked_256_p4,3399,2048,2786,70152,8266578,88516,30593544,0,30947759,11452,11263937,1010404,10145831,254477,8,2048,0,2048,8,4,4
chunked_256_p4,3400,2048,2464,71664,8354282,91310,30912545,0,31187540,10119,11538532,967163,10454118,240691,8,2048,0,2048,8,4,4
chunked_256_p4,3401,2048,2475,70862,8116617,101509,30651095,0,31014123,15489,11755499,994946,10633355,234009,8,2048,0,2048,8,4,4
chunked_256_p4,3402,2048,2114,72075,8292887,94217,30280067,0,30587164,11562,11183567,1032375,10050692,236874,8,2048,0,2048,8,4,4
chunked_256_p4,3403,2048,2936,76534,8863948,89658,32374412,0,32657163,13415,11422434,992982,10300851,307276,8,2048,0,2048,8,4,4
chunked_256_p4,3404,2048,2715,72376,8407642,93375,30929333,0,31357457,15088,11936157,1029300,10770071,250339,8,2048,0,2048,8,4,4
chunked_256_p4,3405,2048,2275,73137,7714573,92733,28640853,0,29262510,12513,11272513,1000596,10144920,236373,8,2048,0,2048,8,4,4
chunked_256_p4,3406,2048,2414,81412,9234482,92252,33345034,0,33678277,11952,11325112,977723,10226813,254838,8,2048,0,2048,8,4,4
chunked_256_p4,3407,2048,3267,83827,8220391,91449,30177104,0,30465423,9668,11720453,973505,10627093,238988,8,2048,0,2048,8,4,4
chunked_256_p4,3408,2048,2274,114996,8341528,92414,30333078,0,30634653,10560,12485086,994084,11370336,247263,8,2048,0,2048,8,4,4
chunked_256_p4,3409,2048,2786,79789,8952473,146555,33825305,0,34162055,13085,11680659,985598,10572621,279163,8,2048,0,2048,8,4,4
chunked_256_p4,3410,2048,3005,114274,8858537,98716,32917070,0,33227253,16862,12199551,1053415,11003940,244949,8,2048,0,2048,8,4,4
chunked_256_p4,3411,2048,2234,79269,8116146,92394,30038914,0,30471758,14497,11372230,1155767,10095647,236684,8,2048,0,2048,8,4,4
chunked_256_p4,3412,2048,3046,76223,8813643,98946,30832153,0,31472884,14768,11489510,966832,10384509,302026,8,2048,0,2048,8,4,4
chunked_256_p4,3413,2048,2655,84178,8223186,79069,30474842,0,30810343,10801,12497680,1025031,11350339,246432,8,2048,0,2048,8,4,4
chunked_256_p4,3414,2048,1904,76032,8613909,83084,31941421,0,32514925,11081,11784543,1045059,10633846,258776,8,2048,0,2048,8,4,4
chunked_256_p4,3415,2048,2304,80411,8155680,101368,30661363,0,30972054,9628,11976543,991649,10860040,238447,8,2048,0,2048,8,4,4
chunked_256_p4,3416,2048,2645,78237,8901408,93073,32122651,0,32446069,9468,12071391,980578,10968002,246502,8,2048,0,2048,8,4,4
chunked_256_p4,3417,2048,2565,91802,8538307,89969,31134319,0,31648013,11091,11595128,996738,10493623,253305,8,2048,0,2048,8,4,4
chunked_256_p4,3418,2048,2795,126027,9349007,139905,32983636,0,33569345,13496,11790104,983263,10688598,258334,8,2048,0,2048,8,4,4
chunked_256_p4,3419,2048,2475,97152,8306793,99015,30193185,0,30485522,10109,11521921,1039609,10382164,249237,8,2048,0,2048,8,4,4
chunked_256_p4,3420,2048,2695,87233,7963960,90450,29613355,0,29981228,17173,11173347,1013290,10064388,249367,8,2048,0,2048,8,4,4
chunked_256_p4,3421,2048,2665,78176,8474758,93606,30231754,0,30573758,11531,11363453,1006417,10247742,236834,8,2048,0,2048,8,4,4
chunked_256_p4,3422,2048,2384,89758,7973047,87675,28781539,0,29136273,13596,11624412,990016,10505365,243496,8,2048,0,2048,8,4,4
chunked_256_p4,3423,2048,2745,85110,8165128,104605,29607767,0,29908670,12333,11093758,976340,10014805,234930,8,2048,0,2048,8,4,4
chunked_256_p4,3424,2048,2465,99968,7234583,79438,27284491,0,27712902,10229,11444826,976491,10368949,243056,8,2048,0,2048,8,4,4
chunked_256_p4,3425,2048,2495,109516,8646260,102543,30281719,0,30633892,9067,11398199,970700,10317103,273082,8,2048,0,2048,8,4,4
chunked_256_p4,3426,2048,2324,97733,7902234,82482,28937152,0,29308414,11962,11439566,988473,10350835,235892,8,2048,0,2048,8,4,4
chunked_256_p4,3427,2048,2104,79278,7792529,100550,29103550,0,29442238,11902,11716415,988593,10614039,258485,8,2048,0,2048,8,4,4
chunked_256_p4,3428,2048,2635,84388,7609185,93114,28664940,0,28909248,13415,11551486,1032225,10414745,256291,8,2048,0,2048,8,4,4
chunked_256_p4,3429,2048,2454,97953,8545261,104396,30102845,0,30447792,10319,11408478,991138,10314467,271028,8,2048,0,2048,8,4,4
chunked_256_p4,3430,2048,2074,79859,8017410,93897,29979696,0,30332285,14988,11563829,984265,10480669,231904,8,2048,0,2048,8,4,4
chunked_256_p4,3431,2048,2124,78928,8732261,100379,30721125,0,31107429,10971,11656002,976922,10573372,251151,8,2048,0,2048,8,4,4
chunked_256_p4,3432,2048,2675,82063,8309899,99937,31771192,0,32196791,11923,11664068,1001607,10557553,250910,8,2048,0,2048,8,4,4
chunked_256_p4,3433,2048,2685,101921,8571539,96483,30405914,0,30816123,12593,11310594,971851,10241811,238197,8,2048,0,2048,8,4,4
chunked_256_p4,3434,2048,2545,97773,7960394,90679,29130256,0,29518871,13035,11596972,1004784,10487722,246973,8,2048,0,2048,8,4,4
chunked_256_p4,3435,2048,1884,83927,7926430,88794,28770577,0,29164145,10950,11655110,1003290,10543225,249668,8,2048,0,2048,8,4,4
chunked_256_p4,3436,2048,2445,95068,8016799,84710,28956364,0,29372426,12343,12084946,969157,11013137,234900,8,2048,0,2048,8,4,4
chunked_256_p4,3437,2048,2454,79599,7604135,81603,28558310,0,28891274,11742,7929836,999934,6837579,247865,8,2048,0,2048,8,4,4
chunked_256_p4,3438,2048,2565,99567,8372576,99546,30482789,0,30879932,11382,6620933,981941,5560345,258926,8,2048,0,2048,8,4,4
chunked_256_p4,3439,2048,2615,81673,9486776,97564,34258978,0,34586591,9437,6894796,1058424,5754598,249087,8,2048,0,2048,8,4,4
chunked_256_p4,3440,2048,2265,91531,9216258,100989,33581667,0,34075944,11411,7024279,992611,5953311,261881,8,2048,0,2048,8,4,4
chunked_256_p4,3441,2048,2454,82615,9585611,89348,33299176,0,33721308,12043,7264670,997851,6189143,242675,8,2048,0,2048,8,4,4
chunked_256_p4,3442,2048,2194,94868,9088268,91291,33453016,0,33722611,15770,7337346,992511,6262731,247955,8,2048,0,2048,8,4,4
chunked_256_p4,3443,2048,2174,76704,8564846,98997,31970115,0,32408828,11852,7440909,982271,6382556,264696,8,2048,0,2048,8,4,4
chunked_256_p4,3444,2048,1913,76604,8673000,86914,32241084,0,32669208,11912,7724982,991178,6654165,243958,8,2048,0,2048,8,4,4
chunked_256_p4,3445,2048,2745,93445,9663627,92343,35164154,0,35454299,15399,8010458,998522,6930914,269325,8,2048,0,2048,8,4,4
chunked_256_p4,3446,2048,2124,73508,9236195,96579,33944686,0,34222178,10730,9162437,984266,8101368,243186,8,2048,0,2048,8,4,4
chunked_256_p4,3447,2048,1913,74430,8708757,96251,33235639,0,33531924,10059,9075013,974126,7997063,271689,8,2048,0,2048,8,4,4
chunked_256_p4,3448,2048,2424,96481,8645909,120397,33014053,0,33378004,19516,8367246,989535,7280660,258766,8,2048,0,2048,8,4,4
chunked_256_p4,3449,2048,2214,77005,8445433,110990,31993920,0,32292581,11853,8465119,997370,7373534,239939,8,2048,0,2048,8,4,4
chunked_256_p4,3450,2048,2104,92774,8778698,101230,32893937,0,33296994,9748,8399397,1032927,7287953,262191,8,2048,0,2048,8,4,4
chunked_256_p4,3451,2048,2084,77525,8960699,98713,33305780,0,33699588,10189,8511076,1007499,7406005,239519,8,2048,0,2048,8,4,4
chunked_256_p4,3452,2048,2434,80802,8523349,88725,32230445,0,32632578,10700,40581200,998502,39449578,255349,8,2048,0,2048,8,4,4
chunked_256_p4,3453,2048,2394,92383,10175656,85461,39198486,0,39694088,14267,8706743,985277,7637859,233188,8,2048,0,2048,8,4,4
chunked_256_p4,3454,2048,2675,85992,9369897,93355,34125348,0,34826281,11491,9185170,1367394,7737005,282519,8,2048,0,2048,8,4,4
chunked_256_p4,3455,2048,2214,92995,10158755,76391,36209394,0,36481111,13836,8533909,989595,7442462,246782,8,2048,0,2048,8,4,4
chunked_256_p4,3456,2048,1984,74700,10520493,105548,36728123,0,37041714,13485,8501728,982131,7440489,243226,8,2048,0,2048,8,4,4
chunked_256_p4,3457,2048,2715,74490,9687983,95198,35440412,0,35753369,11542,8715770,984857,7646305,253215,8,2048,0,2048,8,4,4
chunked_256_p4,3458,2048,2424,87765,10546522,89567,37270130,0,37615689,9528,8529160,972072,7483500,259517,8,2048,0,2048,8,4,4
chunked_256_p4,3459,2048,2164,74520,9412556,88947,34990468,0,35380099,12363,8692416,996077,7617030,262953,8,2048,0,2048,8,4,4
chunked_256_p4,3460,2048,2454,76834,9414610,91321,34932110,0,35274070,11452,8820967,991980,7752454,254678,8,2048,0,2048,8,4,4
chunked_256_p4,3461,2048,2484,79419,9382330,94346,35507197,0,35941037,10049,8820807,995727,7746823,257603,8,2048,0,2048,8,4,4
chunked_256_p4,3462,2048,1973,75601,10226001,98406,37798512,0,38197560,12233,8868176,977673,7805814,240971,8,2048,0,2048,8,4,4
chunked_256_p4,3463,2048,2254,76273,10233996,82153,36477157,0,36752550,20138,9246375,963677,8195284,245620,8,2048,0,2048,8,4,4
chunked_256_p4,3464,2048,2305,90800,9318140,88053,34547306,0,34885029,11030,9522712,970369,8459740,253745,8,2048,0,2048,8,4,4
chunked_256_p4,3465,2048,2495,91140,9306949,81302,34450526,0,34750728,10710,9187233,990226,8120223,249898,8,2048,0,2048,8,4,4
chunked_256_p4,3466,2048,1973,76934,9002076,106198,34620452,0,35048785,10509,9201700,978935,8147274,250750,8,2048,0,2048,8,4,4
chunked_256_p4,3467,2048,2274,74860,10305951,106711,36458972,0,36840485,11511,9429939,965730,8380241,243717,8,2048,0,2048,8,4,4
chunked_256_p4,3468,2048,2144,89287,9628972,91102,35059006,0,35468504,13836,9039606,976430,7987043,248475,8,2048,0,2048,8,4,4
chunked_256_p4,3469,2048,2485,83196,8557763,100129,32886564,0,33350265,11401,9066768,976331,8018272,293179,8,2048,0,2048,8,4,4
chunked_256_p4,3470,2048,2465,92002,9909678,95028,37019911,0,37359218,13074,9028797,985427,7962818,246542,8,2048,0,2048,8,4,4
chunked_256_p4,3471,2048,3206,87233,10237623,140175,38237887,0,38684383,11471,8966239,977372,7907735,269726,8,2048,0,2048,8,4,4
chunked_256_p4,3472,2048,2345,81132,9911682,87415,36951546,0,37227454,17082,9312118,990457,8242683,243316,8,2048,0,2048,8,4,4
chunked_256_p4,3473,2048,1943,74589,10288529,81822,38027901,0,38276960,11031,9175011,994695,8096680,239469,8,2048,0,2048,8,4,4
chunked_256_p4,3474,2048,2114,76353,10210232,107313,37667146,0,38025927,10730,9443364,976440,8376914,244168,8,2048,0,2048,8,4,4
chunked_256_p4,3475,2048,2114,82986,9260160,100680,35659201,0,35980616,14467,9913495,987392,8846655,288491,8,2048,0,2048,8,4,4
chunked_256_p4,3476,2048,2585,79719,10118810,101501,36778983,0,37158442,12153,9341052,1010003,8243244,245150,8,2048,0,2048,8,4,4
chunked_256_p4,3477,2048,2655,83035,9460376,93226,35968030,0,36292760,11762,8899455,966532,7839156,252473,8,2048,0,2048,8,4,4
chunked_256_p4,3478,2048,2535,86763,11223061,102403,39957359,0,40230762,11171,9127091,1004854,8049882,245851,8,2048,0,2048,8,4,4
chunked_256_p4,3479,2048,1994,74580,9299454,114374,35703575,0,35988269,12083,9339058,978956,8253543,245791,8,2048,0,2048,8,4,4
chunked_256_p4,3480,2048,2164,80831,9599657,91723,34717407,0,35209719,25558,9376158,1008651,8276908,259627,8,2048,0,2048,8,4,4
chunked_256_p4,3481,2048,2254,83396,10454820,101429,37855871,0,38170311,10259,9400393,970800,8344113,253075,8,2048,0,2048,8,4,4
chunked_256_p4,3482,2048,2315,79218,10135000,103953,36803827,0,37152361,16350,9588566,1002529,8501168,255529,8,2048,0,2048,8,4,4
chunked_256_p4,3483,2048,2545,79349,10367085,104576,39768354,0,40087965,15079,10464679,990787,9389422,238888,8,2048,0,2048,8,4,4
chunked_256_p4,3484,2048,2515,79880,9613813,98436,36305023,0,36646554,13686,9464223,970169,8394959,236364,8,2048,0,2048,8,4,4
chunked_256_p4,3485,2048,2775,86071,10445322,103171,38610665,0,39033967,12414,9668986,975799,8602737,242475,8,2048,0,2048,8,4,4
chunked_256_p4,3486,2048,2134,73518,8771585,94697,33778234,0,34123154,14117,9705586,1008451,8612186,246802,8,2048,0,2048,8,4,4
chunked_256_p4,3487,2048,2144,75602,10559937,98644,38764834,0,39093026,12604,9769826,999143,8684672,251922,8,2048,0,2048,8,4,4
chunked_256_p4,3488,2048,2836,83567,10536113,100587,40584086,0,40883646,12944,9818637,978775,8737761,238356,8,2048,0,2048,8,4,4
chunked_256_p4,3489,2048,2274,75522,10279161,89876,38347251,0,38665908,13395,10001861,1076558,8836767,246071,8,2048,0,2048,8,4,4
chunked_256_p4,3490,2048,2665,82705,9756531,87534,37436082,0,37735052,12504,9766410,981911,8677909,254507,8,2048,0,2048,8,4,4
chunked_256_p4,3491,2048,3486,82524,9564972,84158,35202845,0,35513348,13546,9789213,973826,8703567,238777,8,2048,0,2048,8,4,4
chunked_256_p4,3492,2048,2304,74900,9410602,92675,35053186,0,35408222,10991,9587054,1002950,8497410,246833,8,2048,0,2048,8,4,4
chunked_256_p4,3493,2048,2194,77666,9499549,99517,35539228,0,35925621,12673,9716927,968956,8666467,257082,8,2048,0,2048,8,4,4
chunked_256_p4,3494,2048,2334,72997,10421818,95881,37422368,0,37742437,12233,9785575,1049077,8645298,235180,8,2048,0,2048,8,4,4
chunked_256_p4,3495,2048,2555,82294,10394857,88979,37078613,0,37434621,9789,10059108,977162,8998520,234610,8,2048,0,2048,8,4,4
chunked_256_p4,3496,2048,2164,73548,9631046,89919,37224767,0,37515823,9387,9940015,1002750,8849220,235962,8,2048,0,2048,8,4,4
chunked_256_p4,3497,2048,2224,73417,10371153,84539,37241238,0,37522845,9418,10070770,971351,9004741,237765,8,2048,0,2048,8,4,4
chunked_256_p4,3498,2048,2214,72516,10673781,95079,38819918,0,39185623,13545,10209110,997811,9123504,266539,8,2048,0,2048,8,4,4
chunked_256_p4,3499,2048,2945,70512,11055125,95398,40806220,0,41105342,13946,9913666,969879,8832639,249588,8,2048,0,2048,8,4,4
chunked_256_p4,3500,2048,2174,68679,10401741,93715,36982861,0,37245685,15509,10457465,984846,9364777,250039,8,2048,0,2048,8,4,4
chunked_256_p4,3501,2048,2053,69360,10349243,94607,38214112,0,38532870,14958,10554817,1006848,9434808,247745,8,2048,0,2048,8,4,4
chunked_256_p4,3502,2048,2735,71444,10461703,82924,38632797,0,38938709,10470,10438349,967875,9382670,247885,8,2048,0,2048,8,4,4
chunked_256_p4,3503,2048,2615,73678,10226612,102884,37552371,0,37943444,13616,10290382,1031124,9159652,284473,8,2048,0,2048,8,4,4
chunked_256_p4,3504,2048,2414,84007,10256247,98654,36866906,0,37164173,18554,9883439,991248,8794438,235922,8,2048,0,2048,8,4,4
chunked_256_p4,3505,2048,2234,78587,9671351,90740,35328872,0,35878903,12384,10023782,968896,8974024,256180,8,2048,0,2048,8,4,4
chunked_256_p4,3506,2048,2244,75611,9752563,103965,35653474,0,36185689,11121,9901622,940383,8862956,272681,8,2048,0,2048,8,4,4
chunked_256_p4,3507,2048,3657,80020,11249109,104394,40419786,0,40780514,12794,9829518,995997,8737150,250540,8,2048,0,2048,8,4,4
chunked_256_p4,3508,2048,2204,71644,9507003,119657,35520422,0,35865762,19246,9859264,988523,8770894,148749,8,2048,0,2048,8,4,4
chunked_256_p4,3509,2048,2134,68979,10281505,115735,36899528,0,37226829,12814,10043249,991720,8953415,53951,8,2048,0,2048,8,4,4
chunked_256_p4,3510,2048,1563,70802,9885502,106078,36805880,0,37128556,14287,10508651,1213254,9177746,56145,8,2048,0,2048,8,4,4
chunked_256_p4,3511,2048,1383,67487,9696929,113002,37299606,0,37589771,12183,10091469,990037,8991707,135775,8,2048,0,2048,8,4,4
chunked_256_p4,3512,2048,2064,73227,10528538,105298,38656702,0,39038900,15940,10409555,993613,9278285,160922,8,2048,0,2048,8,4,4
chunked_256_p4,3513,2048,1923,73958,10060300,98524,37143353,0,37787531,13425,10067494,988112,8973964,256551,8,2048,0,2048,8,4,4
chunked_256_p4,3514,2048,3456,237325,11056398,105560,39990342,0,40272082,10670,10608328,1022026,9459043,245380,8,2048,0,2048,8,4,4
chunked_256_p4,3515,2048,2755,68829,10144999,93356,37818250,0,38188595,12483,10391982,1134406,9133472,259717,8,2048,0,2048,8,4,4
chunked_256_p4,3516,2048,2755,84618,10128909,98954,38538840,0,38877116,13135,11669307,978104,10553425,293019,8,2048,0,2048,8,4,4
chunked_256_p4,3517,2048,2475,72997,9952799,101849,36664837,0,37056620,15539,10700631,1046311,9530457,258074,8,2048,0,2048,8,4,4
chunked_256_p4,3518,2048,2404,69871,10214159,93986,38326143,0,38659014,10529,10085257,993513,8998350,236944,8,2048,0,2048,8,4,4
chunked_256_p4,3519,2048,2715,70553,9778362,106529,36293499,0,36652262,12754,11612030,981600,10510325,245400,8,2048,0,2048,8,4,4
chunked_256_p4,3520,2048,2474,70582,9679316,99968,35820224,0,36458201,18755,10414104,1094883,9194808,240561,8,2048,0,2048,8,4,4
chunked_256_p4,3521,2048,3146,75652,10542434,98644,40201906,0,40483376,16190,10371523,985428,9268596,248636,8,2048,0,2048,8,4,4
chunked_256_p4,3522,2048,3005,82785,9998254,103293,36942427,0,37358177,10269,10810507,1006948,9680188,247845,8,2048,0,2048,8,4,4
chunked_256_p4,3523,2048,2976,68609,10317483,88046,37437828,0,37769620,14116,10671566,1153943,9402197,247755,8,2048,0,2048,8,4,4
chunked_256_p4,3524,2048,2113,76333,10205814,91151,37719414,0,38024548,13736,10647722,984546,9494139,325600,8,2048,0,2048,8,4,4
chunked_256_p4,3525,2048,2976,82284,9287742,104538,34883961,0,35325908,14397,10878625,1073984,9680949,238928,8,2048,0,2048,8,4,4
chunked_256_p4,3526,2048,2495,95599,11180450,105478,41675209,0,42033553,15640,10279131,964448,9208123,255008,8,2048,0,2048,8,4,4
chunked_256_p4,3527,2048,2625,73688,10043629,89038,37179561,0,37486448,11251,10553906,989154,9435810,242235,8,2048,0,2048,8,4,4
chunked_256_p4,3528,2048,2225,70432,9829748,98956,35722500,0,36255190,10549,10781502,977693,9689606,237826,8,2048,0,2048,8,4,4
chunked_256_p4,3529,2048,2064,70783,10241691,88517,37998235,0,38538620,12483,10663902,993112,9548621,364503,8,2048,0,2048,8,4,4
chunked_256_p4,3530,2048,4699,76504,10519291,95379,40823483,0,41187918,9297,11157547,1075566,9959622,248256,8,2048,0,2048,8,4,4
chunked_256_p4,3531,2048,2304,70812,10732591,108302,38377989,0,38694511,16340,10868846,981109,9766660,239509,8,2048,0,2048,8,4,4
chunked_256_p4,3532,2048,3076,78648,10482402,94255,39592173,0,39873843,10890,10944698,991549,9834547,239869,8,2048,0,2048,8,4,4
chunked_256_p4,3533,2048,2465,73498,8853108,105359,34018716,0,34400222,12343,11087436,1000676,9962417,240310,8,2048,0,2048,8,4,4
chunked_256_p4,3534,2048,2214,82455,10124161,92794,38965330,0,39533085,14357,10580886,981030,9474652,287649,8,2048,0,2048,8,4,4
chunked_256_p4,3535,2048,2816,85701,9472449,88647,36098747,0,36437640,13986,10885367,977984,9782449,255780,8,2048,0,2048,8,4,4
chunked_256_p4,3536,2048,2023,69139,11019339,90060,41054557,0,41346736,12233,10598109,968536,9521020,250600,8,2048,0,2048,8,4,4
chunked_256_p4,3537,2048,2755,100469,10951622,89817,39253330,0,39569541,19206,11101392,1015083,9942349,233498,8,2048,0,2048,8,4,4
chunked_256_p4,3538,2048,2535,82054,10999411,106667,38485120,0,38843962,16040,11426302,1278828,10023782,239609,8,2048,0,2048,8,4,4
chunked_256_p4,3539,2048,2315,79308,10726319,109435,39216569,0,39501103,14807,11145755,993112,10013884,243286,8,2048,0,2048,8,4,4
chunked_256_p4,3540,2048,2465,75612,10500866,102904,40668502,0,40987901,11451,11376728,1017167,10230129,272271,8,2048,0,2048,8,4,4
chunked_256_p4,3541,2048,2455,70622,10715959,118511,39440059,0,39846401,14457,10915023,989465,9805072,251682,8,2048,0,2048,8,4,4
chunked_256_p4,3542,2048,2965,98294,10280964,91020,37564994,0,37821246,15950,11709653,981170,10599692,242074,8,2048,0,2048,8,4,4
chunked_256_p4,3543,2048,2244,92203,10800699,108742,41420332,0,41775346,16661,11080242,991939,9989568,245049,8,2048,0,2048,8,4,4
chunked_256_p4,3544,2048,3216,81412,10431086,97813,39215259,0,39510973,13445,11485513,996518,10353671,233608,8,2048,0,2048,8,4,4
chunked_256_p4,3545,2048,2365,92042,10595184,91905,39833456,0,40258795,13666,11723659,1054637,10533778,244168,8,2048,0,2048,8,4,4
chunked_256_p4,3546,2048,2224,98204,10130192,98214,37946331,0,38314199,14287,11955884,989525,10832338,239720,8,2048,0,2048,8,4,4
chunked_256_p4,3547,2048,2635,101800,9902725,90089,36637488,0,36962934,13715,11349747,1051371,10174565,239569,8,2048,0,2048,8,4,4
chunked_256_p4,3548,2048,2164,69992,10443679,100447,38609843,0,38991227,14557,11233780,1020975,10084856,268083,8,2048,0,2048,8,4,4
chunked_256_p4,3549,2048,2525,85089,9127291,95570,34453831,0,35127967,11031,11412506,964678,10332250,253816,8,2048,0,2048,8,4,4
chunked_256_p4,3550,2048,2174,71314,9218112,107954,34608573,0,35075390,16170,11606830,1476017,10015917,238377,8,2048,0,2048,8,4,4
chunked_256_p4,3551,2048,2545,77015,9935848,103484,38435296,0,38876755,14828,11750870,987902,10627604,246342,8,2048,0,2048,8,4,4
chunked_256_p4,3552,2048,2505,69911,8861403,104156,33976848,0,34516000,11422,11707649,1024551,10553506,248787,8,2048,0,2048,8,4,4
chunked_256_p4,3553,2048,2124,73477,9510340,127190,36719461,0,37161658,24536,10866552,986480,9747033,261390,8,2048,0,2048,8,4,4
chunked_256_p4,3554,2048,2054,96440,9783582,90758,36196677,0,36581231,12293,12305540,983875,11189788,251041,8,2048,0,2048,8,4,4
chunked_256_p4,3555,2048,2525,76954,10518329,87263,37766865,0,38116729,12984,12105745,957665,11018236,238597,8,2048,0,2048,8,4,4
chunked_256_p4,3556,2048,2695,91010,9920008,89406,36719479,0,37123225,12193,11399582,994605,10278680,258885,8,2048,0,2048,8,4,4
chunked_256_p4,3557,2048,2905,84308,10168253,95097,37770500,0,38074599,13786,11314663,1012147,10168704,244408,8,2048,0,2048,8,4,4
chunked_256_p4,3558,2048,2645,82064,11570662,324990,43221209,0,43756962,10811,11141999,989805,10041355,252664,8,2048,0,2048,8,4,4
chunked_256_p4,3559,2048,2675,77375,11135696,80261,41895092,0,42152596,12263,11774945,983274,10672398,234930,8,2048,0,2048,8,4,4
chunked_256_p4,3560,2048,2434,74741,10168464,88795,38473936,0,38751358,14417,10733502,974658,9643088,241142,8,2048,0,2048,8,4,4
chunked_256_p4,3561,2048,2174,76744,9917913,96821,36322573,0,36910288,9859,10834502,975298,9758084,255700,8,2048,0,2048,8,4,4
chunked_256_p4,3562,2048,2394,75822,9767451,72025,36192602,0,36500366,14297,10759301,970059,9674427,247023,8,2048,0,2048,8,4,4
chunked_256_p4,3563,2048,2685,71614,10033991,93454,37987818,0,38326894,12904,10904873,987992,9809179,241252,8,2048,0,2048,8,4,4
chunked_256_p4,3564,2048,2905,76494,9843985,89659,36937289,0,37258581,11682,11304173,1002089,10192248,241793,8,2048,0,2048,8,4,4
chunked_256_p4,3565,2048,2314,79640,10677728,64341,38008576,0,38323937,17002,12125823,1008801,10964796,249628,8,2048,0,2048,8,4,4
chunked_256_p4,3566,2048,2935,89437,11148039,88748,40643438,0,41007521,10941,11303270,1011526,10178122,243206,8,2048,0,2048,8,4,4
chunked_256_p4,3567,2048,2174,75542,9937440,91230,36594034,0,37086958,16591,11186171,994374,10056594,268343,8,2048,0,2048,8,4,4
chunked_256_p4,3568,2048,2966,72896,10076270,86291,36883467,0,37378325,15239,11454995,993242,10352599,241422,8,2048,0,2048,8,4,4
chunked_256_p4,3569,2048,2574,96952,10003554,106831,36649618,0,37128667,15520,21927728,983654,20823499,248125,8,2048,0,2048,8,4,4
chunked_256_p4,3570,2048,3165,71885,10024504,94548,37838536,0,38312145,11431,11485272,977653,10405779,254006,8,2048,0,2048,8,4,4
chunked_256_p4,3571,2048,2334,70723,10238855,91431,39535709,0,39849940,11061,11316626,986740,10219329,244879,8,2048,0,2048,8,4,4
chunked_256_p4,3572,2048,2555,68689,11003999,101819,40070050,0,40456935,15960,11455025,1090033,10259533,246853,8,2048,0,2048,8,4,4
chunked_256_p4,3573,2048,2395,74079,10315669,84247,39175133,0,39439751,8827,11568638,1060087,10407110,236794,8,2048,0,2048,8,4,4
chunked_256_p4,3574,2048,1994,73708,10214550,97662,38283511,0,38662902,11992,11449054,980338,10349923,248597,8,2048,0,2048,8,4,4
chunked_256_p4,3575,2048,3667,101430,10701763,103134,39031145,0,39404063,15639,11650862,1010254,10524952,257332,8,2048,0,2048,8,4,4
chunked_256_p4,3576,2048,3166,221445,11336884,102953,40467276,0,40851225,14558,11811624,1008410,10681475,249177,8,2048,0,2048,8,4,4
chunked_256_p4,3577,2048,2445,73949,11171324,97252,41243883,0,41548192,15559,8078976,993633,6984123,243226,8,2048,0,2048,8,4,4
chunked_256_p4,3578,2048,2525,91071,11207892,95619,41003540,0,41330853,17563,7534235,1371972,6064830,245591,8,2048,0,2048,8,4,4
chunked_256_p4,3579,2048,2124,71814,11326023,102591,40848478,0,41205740,17022,7206891,1046472,6064719,281839,8,2048,0,2048,8,4,4
chunked_256_p4,3580,2048,2936,167043,10995253,98003,40570158,0,40950261,15690,7263718,1027116,6141464,293230,8,2048,0,2048,8,4,4
chunked_256_p4,3581,2048,3126,119585,11932310,141486,45776779,0,46114714,11151,7441030,977913,6343242,267962,8,2048,0,2048,8,4,4
chunked_256_p4,3582,2048,2715,75472,10664023,103415,40525114,0,40851146,10930,7359016,980899,6291545,247504,8,2048,0,2048,8,4,4
chunked_256_p4,3583,2048,2434,91051,10532406,108974,40406553,0,40798367,11752,7658137,1037475,6527467,244278,8,2048,0,2048,8,4,4
chunked_256_p4,3584,2048,2425,91201,11383772,109184,40061994,0,40426249,14728,8170357,1106765,6962343,232556,8,2048,0,2048,8,4,4
chunked_256_p4,3585,2048,2756,89377,11393711,94849,41928516,0,42234679,11151,8028050,1027095,6910977,239358,8,2048,0,2048,8,4,4
chunked_256_p4,3586,2048,2144,72376,12272007,77016,45975825,0,46288169,17493,8048419,972494,6974776,249268,8,2048,0,2048,8,4,4
chunked_256_p4,3587,2048,2254,74299,10563394,108162,40671079,0,41007878,16291,8174405,972263,7096464,239810,8,2048,0,2048,8,4,4
chunked_256_p4,3588,2048,1923,74519,11086804,94616,42135653,0,42428992,17953,9085873,1014121,7965754,262803,8,2048,0,2048,8,4,4
chunked_256_p4,3589,2048,2815,80832,12000047,115327,43393961,0,43717429,13726,8341328,966051,7281280,244939,8,2048,0,2048,8,4,4
chunked_256_p4,3590,2048,2645,86011,12002171,118672,44602006,0,44968926,12483,22808370,986990,21703919,84939,8,2048,0,2048,8,4,4
chunked_256_p4,3591,2048,2023,70762,12299999,87706,46754573,0,47031343,12083,8468637,984846,7395305,60293,8,2048,0,2048,8,4,4
chunked_256_p4,3592,2048,1844,69219,12795197,108172,47463702,0,47843262,11101,8392454,1017888,7279998,239159,8,2048,0,2048,8,4,4
chunked_256_p4,3593,2048,2444,85731,13022744,96199,47419211,0,47697158,12774,8403575,962715,7331205,299963,8,2048,0,2048,8,4,4
chunked_256_p4,3594,2048,2064,69571,12395308,90028,44972242,0,45334420,10700,8413664,981540,7332547,277931,8,2048,0,2048,8,4,4
chunked_256_p4,3595,2048,2104,74179,11248718,82615,43462079,0,43737597,13505,8549217,985578,7480484,236784,8,2048,0,2048,8,4,4
chunked_256_p4,3596,2048,4669,86793,11742434,95338,45335463,0,45602311,10831,8652151,1014091,7552249,261891,8,2048,0,2048,8,4,4
chunked_256_p4,3597,2048,2284,81703,11561545,79536,44896890,0,45187973,23454,8622595,998512,7524186,237325,8,2048,0,2048,8,4,4
chunked_256_p4,3598,2048,1973,78246,12620380,102571,47757805,0,48243804,13415,8660276,988764,7593145,245420,8,2048,0,2048,8,4,4
chunked_256_p4,3599,2048,2184,82635,11483148,95337,44132388,0,44491118,9709,8897741,970259,7840528,246432,8,2048,0,2048,8,4,4
chunked_256_p4,3600,2048,2314,74029,11251383,100348,43021954,0,43402289,11462,8893824,977002,7822175,245059,8,2048,0,2048,8,4,4
chunked_256_p4,3601,2048,2355,70432,11694173,92875,43506122,0,43841953,11552,8972672,985608,7903247,248546,8,2048,0,2048,8,4,4
chunked_256_p4,3602,2048,2866,68719,10700611,87245,41352137,0,42041117,12934,9298733,988734,8192298,244368,8,2048,0,2048,8,4,4
chunked_256_p4,3603,2048,2364,69731,10948886,87004,41615108,0,41907767,19136,9080694,1060849,7913857,242965,8,2048,0,2048,8,4,4
chunked_256_p4,3604,2048,3006,95099,12153825,107192,44843801,0,45195349,13726,9215486,1001558,8103242,261070,8,2048,0,2048,8,4,4
chunked_256_p4,3605,2048,2415,81733,11502354,93826,44657241,0,45002438,16501,9336704,973435,8260326,268373,8,2048,0,2048,8,4,4
chunked_256_p4,3606,2048,2194,76794,11925577,92225,45132323,0,45424030,14878,9377451,993302,8291975,254226,8,2048,0,2048,8,4,4
chunked_256_p4,3607,2048,2385,73638,14296733,116357,52888131,0,53300264,13645,9706327,1002159,8590996,237124,8,2048,0,2048,8,4,4
chunked_256_p4,3608,2048,2305,95690,13001384,81703,49257897,0,49570782,10480,8885568,1030241,7766910,248977,8,2048,0,2048,8,4,4
chunked_256_p4,3609,2048,2184,79990,12163453,93396,46061404,0,46323364,14437,9159491,985939,8048679,277511,8,2048,0,2048,8,4,4
chunked_256_p4,3610,2048,2815,223830,12989652,83847,48216645,0,48501257,12063,9312509,979406,8221543,247674,8,2048,0,2048,8,4,4
chunked_256_p4,3611,2048,2796,79299,12361234,93136,46378628,0,46649186,13345,9367262,1011075,8250989,232866,8,2048,0,2048,8,4,4
chunked_256_p4,3612,2048,2605,74871,11567616,93627,43317288,0,43751114,13446,9190329,993273,8093964,256361,8,2048,0,2048,8,4,4
chunked_256_p4,3613,2048,2224,141315,11109437,89767,42040457,0,42459019,9608,9290577,1010233,8202357,252162,8,2048,0,2048,8,4,4
chunked_256_p4,3614,2048,2505,82435,11463341,94306,43906674,0,44197449,11282,9304263,993332,8202437,241322,8,2048,0,2048,8,4,4
chunked_256_p4,3615,2048,2184,76003,10916967,95408,41921603,0,42347308,12393,9494079,970941,8428060,266410,8,2048,0,2048,8,4,4
chunked_256_p4,3616,2048,2364,97062,12846784,75403,45890904,0,46135042,9107,9542560,999965,8460241,243316,8,2048,0,2048,8,4,4
chunked_256_p4,3617,2048,2235,76163,11435889,105007,44356770,0,44643535,14768,9602162,1016356,8487602,244909,8,2048,0,2048,8,4,4
chunked_256_p4,3618,2048,2164,73658,11433615,87665,44471945,0,44790640,13716,9519156,983604,8444070,281047,8,2048,0,2048,8,4,4
chunked_256_p4,3619,2048,2465,77545,13720553,85159,51899226,0,52155898,12193,9925357,989405,8814996,237796,8,2048,0,2048,8,4,4
chunked_256_p4,3620,2048,1913,71424,12388706,109166,47173546,0,47442943,14848,9706477,994084,8617014,231905,8,2048,0,2048,8,4,4
chunked_256_p4,3621,2048,2495,84809,13133161,93957,48907859,0,49191410,11561,9974550,972373,8868646,250289,8,2048,0,2048,8,4,4
chunked_256_p4,3622,2048,2104,82825,13020510,91219,47043202,0,47385826,16020,10878695,1007679,9770578,249127,8,2048,0,2048,8,4,4
chunked_256_p4,3623,2048,3336,211075,10957804,92392,41855738,0,42284001,18033,10084315,983444,8969766,411572,8,2048,0,2048,8,4,4
chunked_256_p4,3624,2048,3126,80351,11027905,101873,42608991,0,43160836,12333,10197818,1358677,8744103,251592,8,2048,0,2048,8,4,4
chunked_256_p4,3625,2048,2295,73859,12288297,100198,45146457,0,45457040,10459,10581998,995286,9468681,251631,8,2048,0,2048,8,4,4
chunked_256_p4,3626,2048,2345,84869,13237707,106020,48108442,0,48408996,15169,9959311,983884,8885437,241733,8,2048,0,2048,8,4,4
chunked_256_p4,3627,2048,2485,89438,13237667,85730,47587205,0,47854765,12002,9868741,988513,8779750,251392,8,2048,0,2048,8,4,4
chunked_256_p4,3628,2048,3506,104155,13054253,91150,49313021,0,49601129,11181,10257420,992891,9176544,253886,8,2048,0,2048,8,4,4
chunked_256_p4,3629,2048,2795,101951,13655560,98586,49250962,0,49503508,11181,10058617,1058664,8892341,249017,8,2048,0,2048,8,4,4
chunked_256_p4,3630,2048,2545,84458,13730831,101148,50955149,0,51276369,17633,10400067,1016425,9254390,271720,8,2048,0,2048,8,4,4
chunked_256_p4,3631,2048,3507,116689,12731558,89959,46844391,0,47236467,10139,10041835,972724,8972511,294893,8,2048,0,2048,8,4,4
chunked_256_p4,3632,2048,3586,94066,13161634,93595,49913624,0,50280542,11332,10132847,1018640,9017716,247725,8,2048,0,2048,8,4,4
chunked_256_p4,3633,2048,2635,81152,11916510,99696,45939885,0,46214511,12053,10325187,1026845,9156155,247834,8,2048,0,2048,8,4,4
chunked_256_p4,3634,2048,2264,78327,11718580,91991,45079673,0,45347224,10730,10397963,983183,9297200,243466,8,2048,0,2048,8,4,4
chunked_256_p4,3635,2048,2494,96682,11159692,86412,43145908,0,43636586,18455,9850377,1105082,8641751,241513,8,2048,0,2048,8,4,4
chunked_256_p4,3636,2048,2315,80962,12932615,87752,47615386,0,47953539,8426,9749869,979576,8686265,248516,8,2048,0,2048,8,4,4
chunked_256_p4,3637,2048,2455,97042,11890671,83736,44243366,0,44538599,9337,10460280,970008,9354608,262522,8,2048,0,2048,8,4,4
chunked_256_p4,3638,2048,3066,98355,11617770,86594,43352044,0,43868683,13064,10170958,1002028,9026722,250670,8,2048,0,2048,8,4,4
chunked_256_p4,3639,2048,3086,86182,11713149,88678,45257518,0,45731096,10209,9709774,1000295,8615963,272240,8,2048,0,2048,8,4,4
chunked_256_p4,3640,2048,3476,102833,11489119,91401,44189444,0,44865371,11772,10748320,1055699,9567586,238517,8,2048,0,2048,8,4,4
chunked_256_p4,3641,2048,2675,95990,12372224,82105,45928215,0,46230071,15278,10238454,966221,9156445,250590,8,2048,0,2048,8,4,4
chunked_256_p4,3642,2048,2936,91451,13393489,96061,48023582,0,48291735,19296,20267767,978344,19143369,255329,8,2048,0,2048,8,4,4
chunked_256_p4,3643,2048,3086,109715,11862289,88526,45673585,0,45986032,9979,10365804,1003111,9233300,249968,8,2048,0,2048,8,4,4
chunked_256_p4,3644,2048,2715,112891,12791040,94156,48078686,0,48433229,11792,10061503,988874,8940822,289112,8,2048,0,2048,8,4,4
chunked_256_p4,3645,2048,2484,104657,12040974,109144,45146497,0,45515961,12985,10809385,985728,9686370,242184,8,2048,0,2048,8,4,4
chunked_256_p4,3646,2048,2304,83497,13423275,102471,48547055,0,48907610,11652,10541302,982532,9428086,253385,8,2048,0,2048,8,4,4
chunked_256_p4,3647,2048,3466,89778,11997162,107894,45333529,0,45745923,11271,11009711,1238732,9642407,253756,8,2048,0,2048,8,4,4
chunked_256_p4,3648,2048,3106,83156,13404039,101471,50812401,0,51221038,9368,10246109,954830,9166946,290124,8,2048,0,2048,8,4,4
chunked_256_p4,3649,2048,2595,103123,12296653,89891,46465471,0,46766377,13125,10420566,1007679,9252136,251281,8,2048,0,2048,8,4,4
chunked_256_p4,3650,2048,3306,118703,12122496,104676,46523067,0,46808612,14717,10114472,998823,8991908,220884,8,2048,0,2048,8,4,4
chunked_256_p4,3651,2048,1783,73117,12147804,100247,46718837,0,47084440,16401,10429804,1033057,9255492,251010,8,2048,0,2048,8,4,4
chunked_256_p4,3652,2048,2835,119785,13396315,173205,50310700,0,50683520,16100,10967852,1032436,9788531,238497,8,2048,0,2048,8,4,4
chunked_256_p4,3653,2048,2104,76293,12602928,96592,48491570,0,48831307,10399,10652861,1145577,9403889,240471,8,2048,0,2048,8,4,4
chunked_256_p4,3654,2048,2495,109746,12923448,105418,49639230,0,50008433,11782,12035173,1024080,10878966,260077,8,2048,0,2048,8,4,4
chunked_256_p4,3655,2048,2184,77615,13826482,109046,50746599,0,51134794,17553,12577399,1010274,11394321,315702,8,2048,0,2048,8,4,4
chunked_256_p4,3656,2048,2244,78037,12566870,96102,47731397,0,48105876,12083,10466001,1063143,9285608,243086,8,2048,0,2048,8,4,4
chunked_256_p4,3657,2048,2335,83757,14301832,93283,51863008,0,52177999,10250,11043204,1002058,9912404,262071,8,2048,0,2048,8,4,4
chunked_256_p4,3658,2048,2285,78858,12393455,91933,47408529,0,47729070,13706,10750104,1004162,9614876,253245,8,2048,0,2048,8,4,4
chunked_256_p4,3659,2048,2284,79458,12210853,88937,44875781,0,45271665,15649,10954306,1052904,9763153,239850,8,2048,0,2048,8,4,4
chunked_256_p4,3660,2048,2234,75271,13193965,107571,48944070,0,49387307,12303,10512378,994174,9388982,166763,8,2048,0,2048,8,4,4
chunked_256_p4,3661,2048,3126,228037,12725246,95671,47064614,0,47391307,14147,10607747,1101265,9384313,245039,8,2048,0,2048,8,4,4
chunked_256_p4,3662,2048,2665,95128,12357988,90819,46660957,0,46964015,10109,10688498,1002460,9553059,246322,8,2048,0,2048,8,4,4
chunked_256_p4,3663,2048,2284,75382,14961129,104306,52180545,0,52596735,13074,10431937,993002,9335472,264276,8,2048,0,2048,8,4,4
chunked_256_p4,3664,2048,2865,79168,12258351,380473,45383854,0,46186518,13546,11209245,1002629,10064308,248696,8,2048,0,2048,8,4,4
chunked_256_p4,3665,2048,2805,72035,12692135,99929,47887537,0,48241070,10760,10286655,985678,9190981,255860,8,2048,0,2048,8,4,4
chunked_256_p4,3666,2048,4519,104576,13414889,97401,48779889,0,49086505,13135,10934841,1112586,9670009,247123,8,2048,0,2048,8,4,4
chunked_256_p4,3667,2048,2825,76353,12205112,96172,47441621,0,47871077,15259,10367046,1014042,9234532,236693,8,2048,0,2048,8,4,4
chunked_256_p4,3668,2048,3337,76463,11896192,96611,44391683,0,44797323,16571,10918029,1371180,9408618,235151,8,2048,0,2048,8,4,4
chunked_256_p4,3669,2048,2715,71544,12644155,95340,48441384,0,48739855,13325,10724846,974587,9632979,305713,8,2048,0,2048,8,4,4
chunked_256_p4,3670,2048,2625,87795,13150384,94426,47174528,0,47532389,14597,10811028,995897,9662976,281287,8,2048,0,2048,8,4,4
chunked_256_p4,3671,2048,2395,71905,14169814,95751,51587984,0,52004516,11692,10687035,991078,9561045,248526,8,2048,0,2048,8,4,4
chunked_256_p4,3672,2048,2174,71644,11634161,82994,44608109,0,44933025,14307,10864919,1267446,9484591,239168,8,2048,0,2048,8,4,4
chunked_256_p4,3673,2048,2194,74259,12195253,82634,45808391,0,46118979,13876,11194357,1006216,10057986,251251,8,2048,0,2048,8,4,4
chunked_256_p4,3674,2048,2214,84649,13622609,100056,48336547,0,48699948,11402,10731810,982933,9645182,248345,8,2048,0,2048,8,4,4
chunked_256_p4,3675,2048,2555,85631,12477332,90789,47596922,0,47899497,11421,11192523,977994,10087401,243597,8,2048,0,2048,8,4,4
chunked_256_p4,3676,2048,2535,88736,12676806,96410,46986227,0,47331123,12544,10716852,968376,9641555,238497,8,2048,0,2048,8,4,4
chunked_256_p4,3677,2048,2024,81162,11870134,97424,44462458,0,44832651,16942,11252736,991198,10125583,256972,8,2048,0,2048,8,4,4
chunked_256_p4,3678,2048,2595,90960,11697550,87152,44266068,0,44725359,16721,10710069,1063264,9538422,246291,8,2048,0,2048,8,4,4
chunked_256_p4,3679,2048,2735,81673,12818772,317675,48760673,0,49564129,16311,10606004,973004,9518776,249487,8,2048,0,2048,8,4,4
chunked_256_p4,3680,2048,2495,84418,11997222,98746,45480935,0,45843807,10449,10447697,984556,9371669,250670,8,2048,0,2048,8,4,4
chunked_256_p4,3681,2048,2063,79920,12000829,97742,45266101,0,45679507,9067,10852195,993954,9742294,265919,8,2048,0,2048,8,4,4
chunked_256_p4,3682,2048,2565,104175,13141186,85829,47270157,0,47548361,12033,11056689,979577,9958951,271679,8,2048,0,2048,8,4,4
chunked_256_p4,3683,2048,2415,88976,13667253,92804,49959020,0,50297166,10480,11171213,1003692,10057786,239308,8,2048,0,2048,8,4,4
chunked_256_p4,3684,2048,2835,104366,13167646,86232,47321737,0,47589259,11942,10900766,1047634,9741423,245941,8,2048,0,2048,8,4,4
chunked_256_p4,3685,2048,2605,84097,13044204,87043,46908993,0,47239735,11662,11934714,978715,10864147,244348,8,2048,0,2048,8,4,4
chunked_256_p4,3686,2048,2264,93065,11998484,80211,44762648,0,45089242,10850,11032644,1013791,9909778,255208,8,2048,0,2048,8,4,4
chunked_256_p4,3687,2048,3136,110498,11807927,106120,45046822,0,45368555,11402,11160233,993984,10055040,235632,8,2048,0,2048,8,4,4
chunked_256_p4,3688,2048,2564,81533,12053197,93847,45210710,0,45603134,12894,11097265,975038,10004817,237455,8,2048,0,2048,8,4,4
chunked_256_p4,3689,2048,2264,79159,13188535,95660,47615907,0,47934064,14337,10927146,1002509,9816734,245540,8,2048,0,2048,8,4,4
chunked_256_p4,3690,2048,2334,83737,11543832,96330,44363389,0,44714349,12263,11244691,981359,10151461,251782,8,2048,0,2048,8,4,4
chunked_256_p4,3691,2048,2475,82154,11315815,94007,43896705,0,44307204,15388,11144002,983494,10050462,241994,8,2048,0,2048,8,4,4
chunked_256_p4,3692,2048,2625,102682,12056213,108382,45038777,0,45393540,11411,11068661,972894,9971815,244208,8,2048,0,2048,8,4,4
chunked_256_p4,3693,2048,2174,82655,12031516,101801,45589808,0,45871538,11601,10989021,989735,9898537,252824,8,2048,0,2048,8,4,4
chunked_256_p4,3694,2048,2725,84919,12479897,99747,47291148,0,47595429,12533,11551496,1021595,10401390,248987,8,2048,0,2048,8,4,4
chunked_256_p4,3695,2048,2435,81252,11381287,93015,43841863,0,44438180,10880,11291839,1001207,10177420,236063,8,2048,0,2048,8,4,4
chunked_256_p4,3696,2048,2225,89498,11891915,103213,44531357,0,44873156,9718,11243939,999403,10126355,238167,8,2048,0,2048,8,4,4
chunked_256_p4,3697,2048,2624,103053,11323057,84649,43326138,0,43655926,13274,11314692,1014382,10188170,249077,8,2048,0,2048,8,4,4
chunked_256_p4,3698,2048,2715,104616,11974018,94507,44953265,0,45304495,12243,11565261,983163,10463837,258144,8,2048,0,2048,8,4,4
chunked_256_p4,3699,2048,2424,89207,11935636,77768,46235170,0,46560090,9659,11380907,982822,10301693,240711,8,2048,0,2048,8,4,4
chunked_256_p4,3700,2048,2555,108564,11222179,95488,43316158,0,43745361,11311,11374023,983674,10283088,260819,8,2048,0,2048,8,4,4
chunked_256_p4,3701,2048,2164,79108,12378977,96460,45607312,0,46059539,11071,11530377,1001026,10434162,251161,8,2048,0,2048,8,4,4
chunked_256_p4,3702,2048,2184,87795,12144408,99575,44297736,0,44693066,10409,11469923,979366,10368548,250550,8,2048,0,2048,8,4,4
chunked_256_p4,3703,2048,2325,105097,14523668,100357,55422864,0,55874670,11492,11150895,973125,10057936,240581,8,2048,0,2048,8,4,4
chunked_256_p4,3704,2048,2134,111700,12585174,89118,46741691,0,47024780,12002,11103796,999905,9981362,265557,8,2048,0,2048,8,4,4
chunked_256_p4,3705,2048,2003,80371,11485653,84399,43830042,0,44270696,9708,11295486,1098038,10080809,277471,8,2048,0,2048,8,4,4
chunked_256_p4,3706,2048,2004,82094,13200247,82395,47396816,0,47753695,26650,11267173,978515,10165588,238598,8,2048,0,2048,8,4,4
chunked_256_p4,3707,2048,2575,89207,12842606,108923,47649890,0,47935006,12593,12637552,1037525,11449615,258575,8,2048,0,2048,8,4,4
chunked_256_p4,3708,2048,2735,105628,12110905,91532,45908877,0,46322594,11461,11552307,990517,10441555,246693,8,2048,0,2048,8,4,4
chunked_256_p4,3709,2048,2555,83777,11776518,104947,44122169,0,44592499,14808,11257114,998723,10122517,266730,8,2048,0,2048,8,4,4
chunked_256_p4,3710,2048,2685,83547,12256699,82535,46216986,0,46534581,14527,11310163,1003642,10166329,298539,8,2048,0,2048,8,4,4
chunked_256_p4,3711,2048,3116,103294,13068670,91822,50594604,0,51033173,13215,10908350,999724,9799091,252202,8,2048,0,2048,8,4,4
chunked_256_p4,3712,2048,2395,106309,11583747,96753,44849202,0,45194338,11782,10973853,990376,9879532,248947,8,2048,0,2048,8,4,4
chunked_256_p4,3713,2048,2475,83757,11586662,70661,44533377,0,44955689,11271,10766014,1000185,9659650,249237,8,2048,0,2048,8,4,4
chunked_256_p4,3714,2048,2374,77956,13007616,90691,48194661,0,48481201,12994,11108646,998071,9987234,291356,8,2048,0,2048,8,4,4
chunked_256_p4,3715,2048,2785,101230,12729745,90519,48459688,0,48846354,12383,11437272,1015133,10310770,252273,8,2048,0,2048,8,4,4
chunked_256_p4,3716,2048,3286,80911,12569895,90450,46546380,0,46798997,11171,11416493,980017,10325918,237446,8,2048,0,2048,8,4,4
chunked_256_p4,3717,2048,2224,79439,12579984,105157,48328513,0,48727511,13946,7678205,1065237,6515144,243777,8,2048,0,2048,8,4,4
chunked_256_p4,3718,2048,2394,78618,13725171,101071,48899485,0,49181032,17383,6893693,977714,5828106,241533,8,2048,0,2048,8,4,4
chunked_256_p4,3719,2048,2665,81202,14392722,97403,50526863,0,50854229,12484,7085574,1004203,5980201,239950,8,2048,0,2048,8,4,4
chunked_256_p4,3720,2048,1994,80892,14033289,94781,52664383,0,52991156,12444,7289777,999414,6198510,251231,8,2048,0,2048,8,4,4
chunked_256_p4,3721,2048,2514,78737,13382008,92126,49890431,0,50229349,11402,7503938,979917,6435164,240190,8,2048,0,2048,8,4,4
chunked_256_p4,3722,2048,2214,79699,13260710,96192,50735889,0,51072387,13294,7404401,1004703,6313105,254367,8,2048,0,2048,8,4,4
chunked_256_p4,3723,2048,2344,102683,13371047,106529,50862454,0,51246032,12343,7781027,984506,6712494,256661,8,2048,0,2048,8,4,4
chunked_256_p4,3724,2048,2555,79639,12917617,111338,49199799,0,49591722,12443,8209921,995156,7112204,239358,8,2048,0,2048,8,4,4
chunked_256_p4,3725,2048,2505,82705,13765887,98022,52125764,0,52503908,13836,7886145,990057,6797403,248967,8,2048,0,2048,8,4,4
chunked_256_p4,3726,2048,2545,85530,13083388,99304,49942200,0,50238853,20449,8233346,996608,7122864,286547,8,2048,0,2048,8,4,4
chunked_256_p4,3727,2048,3657,105257,13992302,102223,53507723,0,53886145,14066,8473585,998021,7356932,373390,8,2048,0,2048,8,4,4
chunked_256_p4,3728,2048,2615,80611,13487255,92992,50975467,0,51283363,12193,8268141,975619,7161396,250690,8,2048,0,2048,8,4,4
chunked_256_p4,3729,2048,2284,81112,12629256,84728,48425425,0,48739984,15219,33263270,1029850,32104278,242876,8,2048,0,2048,8,4,4
chunked_256_p4,3730,2048,2144,78587,14165777,88424,52575256,0,53005802,13966,8031187,1007629,6928480,280255,8,2048,0,2048,8,4,4
chunked_256_p4,3731,2048,3146,85390,13906691,101771,53207892,0,53597442,14027,8133509,980468,7071938,242254,8,2048,0,2048,8,4,4
chunked_256_p4,3732,2048,2455,95800,14580455,101241,55449334,0,55743296,16791,8153485,987952,7073902,256981,8,2048,0,2048,8,4,4
chunked_256_p4,3733,2048,2645,97282,14178541,86712,52676955,0,53074369,13615,8367998,1026264,7252096,259526,8,2048,0,2048,8,4,4
chunked_256_p4,3734,2048,2625,80070,15835167,102721,55950614,0,56345003,9929,8278140,983363,7202152,248546,8,2048,0,2048,8,4,4
chunked_256_p4,3735,2048,2866,97974,15292390,82965,56865196,0,57144572,11762,8433130,969498,7372491,263394,8,2048,0,2048,8,4,4
chunked_256_p4,3736,2048,2214,71614,15486803,82083,55709199,0,55996988,11301,8552975,1029891,7440108,252203,8,2048,0,2048,8,4,4
chunked_256_p4,3737,2048,2364,71033,16400727,87023,61229447,0,61496801,12523,8677959,976290,7612321,249147,8,2048,0,2048,8,4,4
chunked_256_p4,3738,2048,2284,103875,14939248,84128,54905422,0,55169600,10970,9022976,999504,7931520,277239,8,2048,0,2048,8,4,4
chunked_256_p4,3739,2048,2164,95830,15136848,70413,57955511,0,58271303,10119,8981718,999564,7899700,242715,8,2048,0,2048,8,4,4
chunked_256_p4,3740,2048,2425,75061,15147718,84017,56827166,0,57151535,15939,9114687,1002720,8018042,267712,8,2048,0,2048,8,4,4
chunked_256_p4,3741,2048,2014,77967,16121063,97681,59396132,0,59652702,12213,9270339,988713,8111267,247103,8,2048,0,2048,8,4,4
chunked_256_p4,3742,2048,2234,76854,17507532,103464,62271802,0,62549094,17723,9886254,1078041,8670465,236353,8,2048,0,2048,8,4,4
chunked_256_p4,3743,2048,2816,95920,14680101,91412,54644433,0,55018575,12133,9131860,972062,8072444,250791,8,2048,0,2048,8,4,4
chunked_256_p4,3744,2048,2304,96902,15388189,84157,55567504,0,55894045,12373,9385044,1336887,7954332,266549,8,2048,0,2048,8,4,4
chunked_256_p4,3745,2048,2064,85029,13098546,101742,50792133,0,51101873,11942,8848699,998493,7762312,265037,8,2048,0,2048,8,4,4
chunked_256_p4,3746,2048,2525,85951,15376868,99117,55479339,0,55849082,14998,8947735,987041,7864494,234830,8,2048,0,2048,8,4,4
chunked_256_p4,3747,2048,2655,112020,15060915,87636,56448847,0,56889384,13315,9130557,974326,8066643,201788,8,2048,0,2048,8,4,4
chunked_256_p4,3748,2048,2014,114555,13330231,104216,50813773,0,51365198,16992,9107835,972954,8054480,55624,8,2048,0,2048,8,4,4
chunked_256_p4,3749,2048,3186,104145,12695180,77688,49136718,0,49535487,11472,10108872,966282,9058272,265297,8,2048,0,2048,8,4,4
chunked_256_p4,3750,2048,2154,74590,13965382,91511,54357976,0,54933626,13225,9614705,1022026,8491890,243456,8,2048,0,2048,8,4,4
chunked_256_p4,3751,2048,2685,97323,15852820,82064,56202516,0,56498530,13185,9535928,978955,8455582,249668,8,2048,0,2048,8,4,4
chunked_256_p4,3752,2048,2094,93415,12806950,91742,49732558,0,50277257,11752,9199206,1008781,8102180,237856,8,2048,0,2048,8,4,4
chunked_256_p4,3753,2048,2054,94236,13013688,113762,50259834,0,50815473,17653,9384824,1023469,8259755,243888,8,2048,0,2048,8,4,4
chunked_256_p4,3754,2048,2034,76233,16256327,101503,58420865,0,58843829,14126,9516942,1075006,8342931,244388,8,2048,0,2048,8,4,4
chunked_256_p4,3755,2048,2645,87825,15092054,94836,57382899,0,57782049,9427,10039972,1076318,8816679,251161,8,2048,0,2048,8,4,4
chunked_256_p4,3756,2048,2434,79359,15763462,92332,58330604,0,58733758,15018,9644051,1015534,8487081,315431,8,2048,0,2048,8,4,4
chunked_256_p4,3757,2048,2314,81352,14026797,111199,54242832,0,54707672,15799,9819389,1084493,8621914,244308,8,2048,0,2048,8,4,4
chunked_256_p4,3758,2048,2875,84158,15983014,107358,59811474,0,60169792,11792,10503492,996508,9379243,250750,8,2048,0,2048,8,4,4
chunked_256_p4,3759,2048,2504,79650,16081208,95309,61016312,0,61555630,11251,9566705,989435,8485168,237766,8,2048,0,2048,8,4,4
chunked_256_p4,3760,2048,3838,119033,15252454,106810,58252127,0,58809384,21360,9660080,1058534,8494696,242935,8,2048,0,2048,8,4,4
chunked_256_p4,3761,2048,2305,76975,15421411,106469,57196508,0,57468920,10940,10226411,1013059,9092797,259927,8,2048,0,2048,8,4,4
chunked_256_p4,3762,2048,2375,78508,15477637,102320,58429399,0,58928945,13245,9686349,960560,8597148,289853,8,2048,0,2048,8,4,4
chunked_256_p4,3763,2048,2234,68569,15337083,100827,57666840,0,58207653,11452,9593666,1005404,8476611,169348,8,2048,0,2048,8,4,4
chunked_256_p4,3764,2048,2084,69060,14878574,114936,57343134,0,57771307,12974,9912173,1001357,8788827,246622,8,2048,0,2048,8,4,4
chunked_256_p4,3765,2048,2245,98585,16061311,122087,62279527,0,62841740,11431,10051874,963235,8945281,286828,8,2048,0,2048,8,4,4
chunked_256_p4,3766,2048,2174,74340,15367961,104245,57956917,0,58446714,13826,9737666,979767,8647882,239068,8,2048,0,2048,8,4,4
chunked_256_p4,3767,2048,2525,76804,14524339,105248,56473133,0,56892148,13746,10045633,994043,8919001,247354,8,2048,0,2048,8,4,4
chunked_256_p4,3768,2048,2274,96531,15656723,112693,58453636,0,58835782,11051,10104623,989485,8881179,364894,8,2048,0,2048,8,4,4
chunked_256_p4,3769,2048,2525,86191,16032357,100311,58243081,0,58600504,15529,9769245,971682,8704088,271269,8,2048,0,2048,8,4,4
chunked_256_p4,3770,2048,3356,79369,13164309,105478,51235904,0,51636385,12083,10279201,1009623,9138994,250920,8,2048,0,2048,8,4,4
chunked_256_p4,3771,2048,2325,78437,14776873,112250,55705633,0,56053866,13555,9785535,971181,8707675,260628,8,2048,0,2048,8,4,4
chunked_256_p4,3772,2048,3106,89177,15107282,95488,55875969,0,56169172,11852,11128022,1016466,9981202,240341,8,2048,0,2048,8,4,4
chunked_256_p4,3773,2048,2424,70362,15443242,87203,58500562,0,58836194,12213,10276005,1089923,9050017,237685,8,2048,0,2048,8,4,4
chunked_256_p4,3774,2048,2966,102342,14349191,90062,54603508,0,54998530,14187,9978157,983824,8886250,256571,8,2048,0,2048,8,4,4
chunked_256_p4,3775,2048,2214,93195,14946201,103834,57873288,0,58211623,16360,10120533,1014552,8953937,235582,8,2048,0,2048,8,4,4
chunked_256_p4,3776,2048,2194,81532,16537263,91139,61882042,0,62179801,12774,10363900,981540,9260271,245741,8,2048,0,2048,8,4,4
chunked_256_p4,3777,2048,2214,80651,14337258,90681,55650313,0,56016807,9749,9805724,982502,8735687,244318,8,2048,0,2048,8,4,4
chunked_256_p4,3778,2048,3878,89538,14985183,101860,56092488,0,56498919,17663,10270003,996088,9136298,248886,8,2048,0,2048,8,4,4
chunked_256_p4,3779,2048,2355,81734,14159646,100868,53636636,0,54017448,14688,11990960,1033268,10821367,233187,8,2048,0,2048,8,4,4
chunked_256_p4,3780,2048,3376,96110,16542203,103573,61618549,0,61927697,13235,10042998,1006116,8944028,243156,8,2048,0,2048,8,4,4
chunked_256_p4,3781,2048,3396,87054,16712081,110307,60931560,0,61297880,12444,10092912,1021846,8955830,242415,8,2048,0,2048,8,4,4
chunked_256_p4,3782,2048,2285,85660,15618310,88465,57793639,0,58064526,11943,10712644,983234,9580140,247584,8,2048,0,2048,8,4,4
chunked_256_p4,3783,2048,2705,76734,15508514,86333,58343360,0,58688758,10099,10075849,1055920,8878104,280526,8,2048,0,2048,8,4,4
chunked_256_p4,3784,2048,4118,103364,15649138,91001,58580752,0,58897197,13565,10132255,1023479,9005824,255279,8,2048,0,2048,8,4,4
chunked_256_p4,3785,2048,1963,81132,16102628,101972,59183144,0,59557524,12063,10409786,1002259,9281671,252183,8,2048,0,2048,8,4,4
chunked_256_p4,3786,2048,1964,77665,15487775,106440,59011541,0,59323557,17383,10224459,992791,9115229,247474,8,2048,0,2048,8,4,4
chunked_256_p4,3787,2048,3236,99115,14445572,93333,55461255,0,55902041,13736,10345515,1087268,9154292,254067,8,2048,0,2048,8,4,4
chunked_256_p4,3788,2048,2164,77024,13622589,103414,52788094,0,53118253,10399,10411439,982041,9319181,252042,8,2048,0,2048,8,4,4
chunked_256_p4,3789,2048,2605,82004,16348509,95109,58793202,0,59177193,13365,10302315,984876,9211730,260027,8,2048,0,2048,8,4,4
chunked_256_p4,3790,2048,2505,95008,15203122,110997,57197159,0,57562474,14537,10776293,997650,9647196,239239,8,2048,0,2048,8,4,4
chunked_256_p4,3791,2048,2925,93124,15011873,103683,55608060,0,56086035,13546,10317914,974827,9234703,246472,8,2048,0,2048,8,4,4
chunked_256_p4,3792,2048,2585,107782,16125090,96972,61951374,0,62237028,9699,10396160,983013,9325924,233017,8,2048,0,2048,8,4,4
chunked_256_p4,3793,2048,1974,81553,14457403,96693,54467182,0,54892180,10590,10456774,976310,9362613,245951,8,2048,0,2048,8,4,4
chunked_256_p4,3794,2048,2755,111900,13436039,89748,51713600,0,52292376,13445,11702449,1477670,10083334,239409,8,2048,0,2048,8,4,4
chunked_256_p4,3795,2048,2494,87364,14332320,98053,53750610,0,54067771,14888,10344974,984556,9261413,236984,8,2048,0,2048,8,4,4
chunked_256_p4,3796,2048,2054,91201,14596996,90150,53611930,0,53916530,9708,10749633,997841,9656003,245460,8,2048,0,2048,8,4,4
chunked_256_p4,3797,2048,2044,76333,14554025,84449,54132553,0,54531142,12393,10801009,1035792,9647847,234419,8,2048,0,2048,8,4,4
chunked_256_p4,3798,2048,2675,76794,14689228,99779,54839790,0,55205066,14868,10313666,946755,9257114,234379,8,2048,0,2048,8,4,4
chunked_256_p4,3799,2048,2625,135684,13930827,105908,53086435,0,53383770,10480,10715008,966742,9634803,247714,8,2048,0,2048,8,4,4
chunked_256_p4,3800,2048,2375,92283,16129168,98365,58213524,0,58514960,11081,10733773,982713,9652776,241473,8,2048,0,2048,8,4,4
chunked_256_p4,3801,2048,2945,96741,14053486,95228,54445062,0,54808700,16862,10327301,988322,9226477,280686,8,2048,0,2048,8,4,4
chunked_256_p4,3802,2048,2545,98124,14224006,104766,54526644,0,54859998,12223,10307845,999023,9206038,250509,8,2048,0,2048,8,4,4
chunked_256_p4,3803,2048,2355,99637,14105514,99247,54762897,0,55303121,11020,10580165,1022217,9454565,242685,8,2048,0,2048,8,4,4
chunked_256_p4,3804,2048,2565,97142,13389201,108864,52010655,0,52480276,10069,10618236,978554,9530448,235431,8,2048,0,2048,8,4,4
chunked_256_p4,3805,2048,2094,79328,14418541,88636,54384105,0,54681222,13405,10741457,1044147,9592263,239479,8,2048,0,2048,8,4,4
chunked_256_p4,3806,2048,2274,79729,14725737,89067,54349061,0,54675633,18094,10571318,1166346,9300866,235973,8,2048,0,2048,8,4,4
chunked_256_p4,3807,2048,2805,110938,16182398,89329,57411333,0,57691447,11903,10748822,974457,9681641,245821,8,2048,0,2048,8,4,4
chunked_256_p4,3808,2048,2605,114725,14934509,86754,54744621,0,55097844,13936,11755488,998481,10638344,237496,8,2048,0,2048,8,4,4
chunked_256_p4,3809,2048,2174,81303,15201058,78718,57858543,0,58206171,13906,10584233,979997,9486234,246192,8,2048,0,2048,8,4,4
chunked_256_p4,3810,2048,2544,101871,15939172,103164,55991969,0,56363217,14738,10536353,1001317,9433826,238157,8,2048,0,2048,8,4,4
chunked_256_p4,3811,2048,2494,81373,14267348,90068,53735882,0,54187068,12604,10563293,975990,9477488,269525,8,2048,0,2048,8,4,4
chunked_256_p4,3812,2048,3025,96731,14777544,93275,54207056,0,54517807,15118,10584894,1017407,9470365,253175,8,2048,0,2048,8,4,4
chunked_256_p4,3813,2048,2485,107171,14758438,86242,55395393,0,55761898,13335,10652060,983664,9566706,243126,8,2048,0,2048,8,4,4
chunked_256_p4,3814,2048,3627,97262,14556088,105167,53861477,0,54272046,18124,10733813,994053,9627630,179667,8,2048,0,2048,8,4,4
chunked_256_p4,3815,2048,2154,104025,14380620,101630,53200658,0,53658546,13515,10446494,975790,9371178,254988,8,2048,0,2048,8,4,4
chunked_256_p4,3816,2048,2705,137889,14840291,118164,54600902,0,55025500,12834,11479230,994845,10355945,253665,8,2048,0,2048,8,4,4
chunked_256_p4,3817,2048,2174,95900,13984227,107421,53162447,0,53458431,11882,10971188,988773,9876807,95790,8,2048,0,2048,8,4,4
chunked_256_p4,3818,2048,1914,99987,14509391,85700,55601940,0,55960932,13045,10660967,993763,9572015,80592,8,2048,0,2048,8,4,4
chunked_256_p4,3819,2048,2054,71203,15745549,107432,56936001,0,57358072,11441,11209515,1218935,9865115,243045,8,2048,0,2048,8,4,4
chunked_256_p4,3820,2048,2224,148217,14719595,99689,56290211,0,56743099,11642,10922277,979406,9814510,235842,8,2048,0,2048,8,4,4
chunked_256_p4,3821,2048,2675,77295,16551319,93987,58172568,0,58520870,11091,10893222,989425,9788561,240491,8,2048,0,2048,8,4,4
chunked_256_p4,3822,2048,2104,75001,14441434,91142,54863497,0,55185980,12474,10585325,1027627,9456098,247394,8,2048,0,2048,8,4,4
chunked_256_p4,3823,2048,1994,72666,13740219,86851,52811979,0,53244137,10440,11279417,983133,10182590,247945,8,2048,0,2048,8,4,4
chunked_256_p4,3824,2048,2635,105768,15862999,379181,58344811,0,58921363,15098,11230394,981049,10143657,264215,8,2048,0,2048,8,4,4
chunked_256_p4,3825,2048,2295,79730,15972695,102112,57828415,0,58148263,11962,10724656,996458,9640554,233458,8,2048,0,2048,8,4,4
chunked_256_p4,3826,2048,2545,73207,15234571,94166,57366960,0,57642914,12373,10772906,1001517,9673795,252273,8,2048,0,2048,8,4,4
chunked_256_p4,3827,2048,2264,71093,15500169,104847,58155036,0,58518978,9658,10889956,977783,9793300,249517,8,2048,0,2048,8,4,4
chunked_256_p4,3828,2048,2454,78777,13412325,101920,51897833,0,52204670,14968,10900255,1013590,9785215,466685,8,2048,0,2048,8,4,4
chunked_256_p4,3829,2048,2064,74720,15543410,105990,57127841,0,57511440,11291,11091423,984555,9998093,245951,8,2048,0,2048,8,4,4
chunked_256_p4,3830,2048,2184,75873,15051768,100438,56011518,0,56321638,10439,10828230,975619,9738487,247544,8,2048,0,2048,8,4,4
chunked_256_p4,3831,2048,3687,123071,13583576,86431,52487161,0,53023304,11311,10768739,980438,9675409,246572,8,2048,0,2048,8,4,4
chunked_256_p4,3832,2048,2495,78286,14454569,84387,54105363,0,54420643,10620,10968684,974316,9882376,260708,8,2048,0,2048,8,4,4
chunked_256_p4,3833,2048,2395,99136,15319259,111741,56202404,0,56504863,13094,11336803,983474,10232894,236173,8,2048,0,2048,8,4,4
chunked_256_p4,3834,2048,2164,108834,16074776,115750,58280430,0,58610932,15109,11208123,1049978,10053397,234169,8,2048,0,2048,8,4,4
chunked_256_p4,3835,2048,2515,72266,14852705,100547,55156686,0,55436338,15309,11183156,979276,10103832,121538,8,2048,0,2048,8,4,4
chunked_256_p4,3836,2048,1934,69821,15145624,105398,56054328,0,56621411,13255,11017836,970058,9938052,85300,8,2048,0,2048,8,4,4
chunked_256_p4,3837,2048,1683,74049,15006473,101047,54901286,0,55261750,12473,21250529,991048,20123647,237425,8,2048,0,2048,8,4,4
chunked_256_p4,3838,2048,2034,78367,14768257,106801,54603608,0,55092135,12934,11365537,983444,10236711,65233,8,2048,0,2048,8,4,4
chunked_256_p4,3839,2048,2083,100148,14627533,115426,53775634,0,54161990,17463,11399501,1039609,10247071,96131,8,2048,0,2048,8,4,4
chunked_256_p4,3840,2048,1934,87214,15928923,113583,58208034,0,58547499,15469,11431872,992440,10336699,80040,8,2048,0,2048,8,4,4
chunked_256_p4,3841,2048,2044,136626,15103866,139815,55708477,0,56180606,13044,11618602,1005645,10489055,250770,8,2048,0,2048,8,4,4
chunked_256_p4,3842,2048,2245,75952,14502528,111839,54967689,0,55305442,14267,11163639,954881,10085397,246032,8,2048,0,2048,8,4,4
chunked_256_p4,3843,2048,2986,72876,14838949,90289,56935860,0,57347501,17723,11377820,977042,10278499,259888,8,2048,0,2048,8,4,4
chunked_256_p4,3844,2048,2265,112501,15981491,106190,60393803,0,60866258,13095,11875794,1011025,10738392,232936,8,2048,0,2048,8,4,4
chunked_256_p4,3845,2048,2124,195416,14664823,88927,54700740,0,55006144,13164,11779002,974817,10685964,242325,8,2048,0,2048,8,4,4
chunked_256_p4,3846,2048,1993,82745,14666346,95410,54468263,0,54906024,17212,11699844,991269,10581898,250750,8,2048,0,2048,8,4,4
chunked_256_p4,3847,2048,2144,100528,13094780,103954,50686355,0,50999891,9618,11404581,1012247,10265676,242735,8,2048,0,2048,8,4,4
chunked_256_p4,3848,2048,2364,76023,16296472,105828,58211592,0,58639383,14377,11374023,1033467,10223246,249097,8,2048,0,2048,8,4,4
chunked_256_p4,3849,2048,2314,113513,14118148,101371,54834931,0,55176503,14578,11202552,971842,10103552,249488,8,2048,0,2048,8,4,4
chunked_256_p4,3850,2048,2344,82895,15719370,103464,58150757,0,58467292,14838,11353785,1136371,10091950,231524,8,2048,0,2048,8,4,4
chunked_256_p4,3851,2048,2675,130985,13750730,99325,53360490,0,53766949,10610,11516280,971932,10435324,239199,8,2048,0,2048,8,4,4
chunked_256_p4,3852,2048,2285,78898,13464432,93998,51727455,0,52098070,12814,11560132,1106825,10327542,245731,8,2048,0,2048,8,4,4
chunked_256_p4,3853,2048,2245,71454,13078970,99447,51064813,0,51525427,9598,11690427,991929,10587579,248165,8,2048,0,2048,8,4,4
chunked_256_p4,3854,2048,2274,73458,14619598,97334,54476389,0,54976707,13264,11544282,1004483,10417200,270678,8,2048,0,2048,8,4,4
chunked_256_p4,3855,2048,2615,78527,13274867,92314,51676441,0,52157893,13355,11419739,983184,10316681,250520,8,2048,0,2048,8,4,4
chunked_256_p4,3856,2048,2945,73558,14780359,93466,54743229,0,55040617,11582,11566304,970529,10487652,263013,8,2048,0,2048,8,4,4
chunked_256_p4,3857,2048,2234,78938,14731748,99118,54769699,0,55308379,13025,6714178,971411,5657226,241853,8,2048,0,2048,8,4,4
chunked_256_p4,3858,2048,2865,115196,16514030,80128,59532090,0,59850243,19206,8128909,1392781,6636562,277150,8,2048,0,2048,8,4,4
chunked_256_p4,3859,2048,2905,146585,17785824,113542,64631426,0,65199961,16171,7220116,983805,6148707,268003,8,2048,0,2048,8,4,4
chunked_256_p4,3860,2048,3155,135394,16415595,101520,59217106,0,59505967,18325,7272464,1002199,6165960,266910,8,2048,0,2048,8,4,4
chunked_256_p4,3861,2048,2104,79018,16435662,96402,58500875,0,58971928,13655,7489270,985177,6399848,284644,8,2048,0,2048,8,4,4
chunked_256_p4,3862,2048,3276,155051,16017238,108334,60473552,0,60897939,12975,7895683,1039589,6743211,251722,8,2048,0,2048,8,4,4
chunked_256_p4,3863,2048,2445,115036,19180198,83126,70748225,0,71046545,12033,8192960,991659,7062030,239659,8,2048,0,2048,8,4,4
chunked_256_p4,3864,2048,2104,108804,19086081,94569,69055661,0,69346538,12864,7888749,986489,6782025,238628,8,2048,0,2048,8,4,4
chunked_256_p4,3865,2048,2285,95449,16775540,99185,61749876,0,62063853,15108,8067304,1097908,6857737,253345,8,2048,0,2048,8,4,4
chunked_256_p4,3866,2048,2725,83707,16505954,97051,63320258,0,63633626,14407,10045292,990236,8929170,238067,8,2048,0,2048,8,4,4
chunked_256_p4,3867,2048,2955,89698,16886447,118443,61992919,0,62388672,16000,40462096,983233,39325265,285466,8,2048,0,2048,8,4,4
chunked_256_p4,3868,2048,3466,117510,18511223,111889,70498165,0,70922912,14968,8629377,1045269,7459695,266710,8,2048,0,2048,8,4,4
chunked_256_p4,3869,2048,2775,162845,21189705,86752,77236557,0,77686803,12173,8758029,1042204,7593746,247984,8,2048,0,2048,8,4,4
chunked_256_p4,3870,2048,3176,103174,18945057,95930,73055411,0,73366103,18334,9029748,1032636,7853343,240922,8,2048,0,2048,8,4,4
chunked_256_p4,3871,2048,2605,77405,19858179,92764,69821606,0,70167184,10640,8929480,1002269,7782691,235862,8,2048,0,2048,8,4,4
chunked_256_p4,3872,2048,2264,78848,19597159,112792,68249509,0,68666424,12122,9112433,971261,8028782,300444,8,2048,0,2048,8,4,4
chunked_256_p4,3873,2048,2915,110637,18924057,87938,68996882,0,69311142,14667,8999171,970750,7928333,293961,8,2048,0,2048,8,4,4
chunked_256_p4,3874,2048,4268,143749,17707306,102391,65781834,0,66164261,16360,9406154,1222872,8061924,269595,8,2048,0,2048,8,4,4
chunked_256_p4,3875,2048,3086,112140,17334498,92253,65267580,0,65680442,17082,9601961,1003571,8427309,303769,8,2048,0,2048,8,4,4
chunked_256_p4,3876,2048,4498,166502,19984756,927318,75935891,0,77047533,17272,9826682,1023269,8658492,258054,8,2048,0,2048,8,4,4
chunked_256_p4,3877,2048,2324,85761,19479058,88126,73170525,0,73473754,14648,9405022,1098639,8138979,238708,8,2048,0,2048,8,4,4
chunked_256_p4,3878,2048,2194,95289,19503985,105308,65775322,0,66076956,12764,8745245,972964,7665521,294933,8,2048,0,2048,8,4,4
chunked_256_p4,3879,2048,3496,131426,16268449,100440,62459936,0,62857524,12003,8888714,1041111,7741103,243847,8,2048,0,2048,8,4,4
chunked_256_p4,3880,2048,2254,95930,17286919,98486,65822679,0,66113697,14267,9543061,1018099,8393556,246272,8,2048,0,2048,8,4,4
chunked_256_p4,3881,2048,2355,80240,18005386,93193,66261824,0,66544362,11442,8869087,1004323,7741734,302437,8,2048,0,2048,8,4,4
chunked_256_p4,3882,2048,2265,85340,18748609,91210,68799281,0,69190513,10881,8873897,981811,7803921,258595,8,2048,0,2048,8,4,4
chunked_256_p4,3883,2048,2856,95519,18525701,103024,67176070,0,67511878,17022,9066046,1044989,7896895,253506,8,2048,0,2048,8,4,4
chunked_256_p4,3884,2048,3136,99947,19418725,111949,73719656,0,74037951,12063,9067419,1006177,7961345,264035,8,2048,0,2048,8,4,4
chunked_256_p4,3885,2048,2735,118402,20938204,96471,72958157,0,73260834,15149,9329972,995347,8204080,239719,8,2048,0,2048,8,4,4
chunked_256_p4,3886,2048,3227,99927,21200235,115515,71264772,0,71640207,15289,9621158,1012618,8469267,240952,8,2048,0,2048,8,4,4
chunked_256_p4,3887,2048,2475,81483,18626490,118782,72126186,0,72477896,10399,9355970,1015584,8212527,241794,8,2048,0,2048,8,4,4
chunked_256_p4,3888,2048,2355,85059,17507772,100919,67447768,0,67834100,16020,9267043,994274,8169165,281448,8,2048,0,2048,8,4,4
chunked_256_p4,3889,2048,3186,170159,18336176,114485,68313901,0,68723348,13986,9280478,982472,8186418,243988,8,2048,0,2048,8,4,4
chunked_256_p4,3890,2048,2264,105618,19851487,119165,71241020,0,71560047,14938,9383381,989405,8253753,236683,8,2048,0,2048,8,4,4
chunked_256_p4,3891,2048,2806,111018,18551659,112330,70263366,0,70609343,14978,9580431,1011326,8425365,304692,8,2048,0,2048,8,4,4
chunked_256_p4,3892,2048,2184,119854,19941204,211366,74990399,0,75437504,15439,10547244,1105463,9310955,242805,8,2048,0,2048,8,4,4
chunked_256_p4,3893,2048,2595,90800,15937468,100286,62170102,0,62538233,13756,9864393,1020563,8680814,245751,8,2048,0,2048,8,4,4
chunked_256_p4,3894,2048,2114,84689,19635932,100969,74691486,0,75009515,12012,9180681,979416,8106898,261180,8,2048,0,2048,8,4,4
chunked_256_p4,3895,2048,2635,126046,21296576,89407,75079625,0,75388864,14447,10342830,969458,9220606,300444,8,2048,0,2048,8,4,4
chunked_256_p4,3896,2048,2385,120175,18894963,126466,72618072,0,72966554,11802,9373664,1091266,8136083,233928,8,2048,0,2048,8,4,4
chunked_256_p4,3897,2048,1994,78698,18316519,104474,70656171,0,71054509,12985,10361045,1233443,9032013,237034,8,2048,0,2048,8,4,4
chunked_256_p4,3898,2048,2675,77836,19057759,117290,70377848,0,70690317,18224,10410306,1134938,9158490,260929,8,2048,0,2048,8,4,4
chunked_256_p4,3899,2048,3567,120165,18818690,117028,70259569,0,70647275,12744,9532120,986189,8413102,284112,8,2048,0,2048,8,4,4
chunked_256_p4,3900,2048,3536,168125,18467822,119374,68696919,0,69041755,11331,9456448,980268,8376474,245921,8,2048,0,2048,8,4,4
chunked_256_p4,3901,2048,4599,114725,19479299,99498,69121375,0,69459177,14507,10666647,1188007,9377982,260218,8,2048,0,2048,8,4,4
chunked_256_p4,3902,2048,2495,85310,20294227,121838,73143924,0,73489954,12774,9549102,976471,8450793,254968,8,2048,0,2048,8,4,4
chunked_256_p4,3903,2048,2074,70973,17791935,109595,68930848,0,69238215,13977,13023687,1134247,11774424,235912,8,2048,0,2048,8,4,4
chunked_256_p4,3904,2048,2495,127909,22844759,86082,73724363,0,74010549,15088,10359541,1071930,9128814,256682,8,2048,0,2048,8,4,4
chunked_256_p4,3905,2048,2895,128832,18935750,112460,71203560,0,71549015,11271,9768393,966843,8683349,245951,8,2048,0,2048,8,4,4
chunked_256_p4,3906,2048,2365,100478,17909185,82704,67937213,0,68256214,12523,9828125,1025212,8708937,249107,8,2048,0,2048,8,4,4
chunked_256_p4,3907,2048,2565,101891,18187958,89468,69432660,0,69861441,13956,9946597,980539,8832318,244488,8,2048,0,2048,8,4,4
chunked_256_p4,3908,2048,1944,76483,18220228,84179,69778014,0,70166525,14387,20008381,1031644,18829340,249207,8,2048,0,2048,8,4,4
chunked_256_p4,3909,2048,2544,110097,20387061,91323,74103796,0,74423705,11802,10071511,999213,8928910,259065,8,2048,0,2048,8,4,4
chunked_256_p4,3910,2048,2084,93255,18333280,103897,70535375,0,70849955,13636,9873300,1000867,8773698,266470,8,2048,0,2048,8,4,4
chunked_256_p4,3911,2048,2264,109786,18650064,101009,72114976,0,72403117,12453,10036686,985628,8947044,252062,8,2048,0,2048,8,4,4
chunked_256_p4,3912,2048,2114,133150,18345814,112470,70875452,0,71297856,15318,9988796,990276,8875419,249699,8,2048,0,2048,8,4,4
chunked_256_p4,3913,2048,2084,128151,18419282,98426,71164096,0,71506409,13265,9884200,991589,8785701,244999,8,2048,0,2048,8,4,4
chunked_256_p4,3914,2048,2484,128721,17958959,99867,69574225,0,69882741,18014,12271686,1004674,11094429,246482,8,2048,0,2048,8,4,4
chunked_256_p4,3915,2048,2184,90239,18913338,108563,71473424,0,71802612,15970,10238344,1010063,9097626,256782,8,2048,0,2048,8,4,4
chunked_256_p4,3916,2048,2415,95829,18152391,107139,69595294,0,69964503,12133,11015030,1143023,9756070,245029,8,2048,0,2048,8,4,4
chunked_256_p4,3917,2048,2365,111379,18068373,96532,70170461,0,70531047,11843,11875454,985056,10740064,242615,8,2048,0,2048,8,4,4
chunked_256_p4,3918,2048,3095,134983,19059472,100100,72431359,0,72761059,12023,11018517,1141871,9768844,237135,8,2048,0,2048,8,4,4
chunked_256_p4,3919,2048,2184,94628,21611165,110247,77924089,0,78223769,12935,11289395,1125550,10033911,241603,8,2048,0,2048,8,4,4
chunked_256_p4,3920,2048,2384,99026,18533125,114154,69438921,0,69772506,12894,10109974,975128,9008789,246111,8,2048,0,2048,8,4,4
chunked_256_p4,3921,2048,2415,115567,19554720,85271,73091268,0,73432930,15479,10977269,1111143,9750329,254077,8,2048,0,2048,8,4,4
chunked_256_p4,3922,2048,3166,89358,17989446,96731,70269376,0,70579969,13525,10860290,1156999,9584318,267611,8,2048,0,2048,8,4,4
chunked_256_p4,3923,2048,2805,163847,18209909,101169,70322216,0,70865967,14036,10409846,1366882,8921255,261781,8,2048,0,2048,8,4,4
chunked_256_p4,3924,2048,2765,118773,21897051,118891,76000511,0,76346821,14928,10111025,1002289,8998038,261981,8,2048,0,2048,8,4,4
chunked_256_p4,3925,2048,2525,118903,18922985,85751,71323361,0,71636750,9317,11011644,1123696,9771209,266530,8,2048,0,2048,8,4,4
chunked_256_p4,3926,2048,2594,128651,19785753,118160,70280049,0,70659128,19035,11131358,1115612,9866948,292078,8,2048,0,2048,8,4,4
chunked_256_p4,3927,2048,2434,102882,19305463,106898,72814470,0,73283226,15719,10209991,989525,9090492,269836,8,2048,0,2048,8,4,4
chunked_256_p4,3928,2048,3096,124804,21951904,103313,78334117,0,78714658,14578,11481525,1135599,10212816,273854,8,2048,0,2048,8,4,4
chunked_256_p4,3929,2048,2595,104696,21355406,100479,79923948,0,80291388,13155,11150715,1107637,9919657,243296,8,2048,0,2048,8,4,4
chunked_256_p4,3930,2048,2344,102101,20350291,101270,78442518,0,78758081,15700,214048666,1136190,212757656,250089,8,2048,0,2048,8,4,4
chunked_256_p4,3931,2048,3016,139732,19031580,111939,72839875,0,73193779,12133,12378927,1183037,11070945,244909,8,2048,0,2048,8,4,4
chunked_256_p4,3932,2048,2855,104266,19960451,106610,74426651,0,74774564,18465,12864798,1182407,11516290,246221,8,2048,0,2048,8,4,4
chunked_256_p4,3933,2048,2816,125335,19084578,100789,74066797,0,74400152,12343,11941777,1133715,10671416,268794,8,2048,0,2048,8,4,4
chunked_256_p4,3934,2048,3095,190727,18830081,122971,72359406,0,72736062,16271,12061553,1157811,10773167,242414,8,2048,0,2048,8,4,4
chunked_256_p4,3935,2048,2615,92243,18629646,103803,71846804,0,72334687,13465,12744202,1118707,11462890,250600,8,2048,0,2048,8,4,4
chunked_256_p4,3936,2048,2265,91742,20821154,106350,77765290,0,78095348,13245,10505044,1122645,9268045,249608,8,2048,0,2048,8,4,4
chunked_256_p4,3937,2048,2404,93526,20108609,92806,74355317,0,74647374,17062,11417495,1104320,10206955,249918,8,2048,0,2048,8,4,4
chunked_256_p4,3938,2048,2515,89768,18386390,116087,70983948,0,71284007,15529,11815831,1175725,10519451,246412,8,2048,0,2048,8,4,4
chunked_256_p4,3939,2048,2004,75301,18894412,106641,71298888,0,71663882,14357,10465129,983774,9370467,238037,8,2048,0,2048,8,4,4
chunked_256_p4,3940,2048,2054,91351,21073748,115928,75150558,0,75508237,13705,10545991,1006967,9402607,267822,8,2048,0,2048,8,4,4
chunked_256_p4,3941,2048,2494,123221,19036529,97965,72485793,0,72909539,13154,11737114,1106705,10498853,252874,8,2048,0,2048,8,4,4
chunked_256_p4,3942,2048,2434,93105,20787130,111720,79697962,0,80067487,11922,11267173,1119148,10012040,241663,8,2048,0,2048,8,4,4
chunked_256_p4,3943,2048,2255,129974,18006177,94038,70124916,0,70554101,10950,10377535,1003621,9270961,257583,8,2048,0,2048,8,4,4
chunked_256_p4,3944,2048,1994,88245,19201207,96992,73746185,0,74029955,19867,11453813,1170565,10148475,241924,8,2048,0,2048,8,4,4
chunked_256_p4,3945,2048,3466,113704,19886362,106167,74966243,0,75327750,15379,11760598,1119439,10522858,244018,8,2048,0,2048,8,4,4
chunked_256_p4,3946,2048,2034,117972,19395482,106579,73758690,0,74102110,12914,11746271,1113317,10511776,255139,8,2048,0,2048,8,4,4
chunked_256_p4,3947,2048,2715,114856,19956143,121057,75212002,0,75664863,12473,11374945,1125370,10126705,270187,8,2048,0,2048,8,4,4
chunked_256_p4,3948,2048,3156,133571,20096967,103525,75407248,0,75758288,12173,11116530,1105703,9903567,1053855,8,2048,0,2048,8,4,4
chunked_256_p4,3949,2048,3156,155291,18621720,100078,70618521,0,70981213,11621,11417124,1128275,10140962,240852,8,2048,0,2048,8,4,4
chunked_256_p4,3950,2048,2535,86371,17746400,91261,66152902,0,66458833,15408,10462604,1014642,9326575,237846,8,2048,0,2048,8,4,4
chunked_256_p4,3951,2048,2485,120305,19960580,109494,74046739,0,74345158,14096,10576808,928150,9487527,241693,8,2048,0,2048,8,4,4
chunked_256_p4,3952,2048,2545,70262,18214137,109015,70749617,0,71042166,17463,103228156,986159,102091415,251060,8,2048,0,2048,8,4,4
chunked_256_p4,3953,2048,2445,144982,19987812,463790,72148679,0,72877257,11682,11083980,982261,9958600,275657,8,2048,0,2048,8,4,4
chunked_256_p4,3954,2048,3396,181991,19397465,114474,69405359,0,69832508,12554,12063086,1197435,10722472,257262,8,2048,0,2048,8,4,4
chunked_256_p4,3955,2048,2054,98976,18225418,107742,68624232,0,69005197,10860,11268396,978795,10169305,238898,8,2048,0,2048,8,4,4
chunked_256_p4,3956,2048,2465,119895,18284459,119212,67265797,0,67564955,15539,11389242,1278257,9981332,246772,8,2048,0,2048,8,4,4
chunked_256_p4,3957,2048,2525,105778,18024882,104195,65567012,0,65861364,12243,12092851,1016806,10923900,293601,8,2048,0,2048,8,4,4
chunked_256_p4,3958,2048,2946,83116,18175855,108965,67435907,0,67773940,11060,11026962,1015313,9878900,260097,8,2048,0,2048,8,4,4
chunked_256_p4,3959,2048,2625,96751,18750482,107410,72571863,0,72919735,14247,12067053,1066690,10846114,246613,8,2048,0,2048,8,4,4
chunked_256_p4,3960,2048,2375,127409,19163457,112200,71249525,0,71545350,12453,11221457,1022958,10052115,251060,8,2048,0,2048,8,4,4
chunked_256_p4,3961,2048,2505,127088,19642825,111589,75275723,0,75589669,13585,11036390,1006386,9893748,245020,8,2048,0,2048,8,4,4
chunked_256_p4,3962,2048,3556,116679,19890159,98166,75712912,0,76017064,15339,20499942,1214267,19116288,249698,8,2048,0,2048,8,4,4
chunked_256_p4,3963,2048,2364,122790,21107671,115516,73275153,0,73589051,14488,12753650,1198627,11400813,271209,8,2048,0,2048,8,4,4
chunked_256_p4,3964,2048,2154,129573,18843928,108160,72280938,0,72599694,14698,12351145,1145668,11044956,238067,8,2048,0,2048,8,4,4
chunked_256_p4,3965,2048,2204,108273,18522164,124311,72543260,0,72864029,12773,11168678,990436,10058076,253165,8,2048,0,2048,8,4,4
chunked_256_p4,3966,2048,2315,77626,18807529,111971,71368538,0,71717192,13415,11554582,1006417,10402392,249517,8,2048,0,2048,8,4,4
chunked_256_p4,3967,2048,2485,134533,18619667,119073,70022163,0,70458732,19427,11194747,1001036,10055852,239689,8,2048,0,2048,8,4,4
chunked_256_p4,3968,2048,3036,108935,18672346,108311,70199786,0,70589136,19417,11225245,979486,10100186,234239,8,2048,0,2048,8,4,4
chunked_256_p4,3969,2048,2455,135644,18802029,106550,70440337,0,70901553,15509,12081650,995427,10892290,306134,8,2048,0,2048,8,4,4
chunked_256_p4,3970,2048,2865,167905,19608431,110539,75085115,0,75487378,28283,12320858,1116853,11042331,277791,8,2048,0,2048,8,4,4
chunked_256_p4,3971,2048,2544,133089,20459607,109534,78173936,0,78607917,20088,12475719,1137713,11183146,251762,8,2048,0,2048,8,4,4
chunked_256_p4,3972,2048,3346,118633,19092333,104287,73142782,0,73448507,11943,13921931,985097,12770722,252874,8,2048,0,2048,8,4,4
chunked_256_p4,3973,2048,2595,87274,20510762,103025,77958212,0,78244448,11992,11940806,1131972,10671747,243927,8,2048,0,2048,8,4,4
chunked_256_p4,3974,2048,3046,75261,17599765,94885,68177035,0,68443842,9598,12869827,2084829,10662048,249097,8,2048,0,2048,8,4,4
chunked_256_p4,3975,2048,3156,81944,19322274,107831,72991153,0,73299606,10981,98025563,1127313,96759910,250529,8,2048,0,2048,8,4,4
chunked_256_p4,3976,2048,2525,182652,20544837,132819,78943360,0,79310676,14557,12516515,1138554,11232619,285656,8,2048,0,2048,8,4,4
chunked_256_p4,3977,2048,2705,108583,19001093,101270,72111882,0,72617669,12132,11909637,1003110,10775882,249628,8,2048,0,2048,8,4,4
chunked_256_p4,3978,2048,2324,93596,20730123,106878,72623301,0,73015905,11902,13766038,1163090,12413592,251972,8,2048,0,2048,8,4,4
chunked_256_p4,3979,2048,3096,150241,9354246,108594,33528888,0,33804735,16331,11913304,1141470,10662649,267171,8,2048,0,2048,8,4,4
chunked_256_p4,3980,2048,2605,102062,9469984,79821,35476839,0,35805489,12874,11102114,994074,10023892,261250,8,2048,0,2048,8,4,4
chunked_256_p4,3981,2048,2935,128280,8731258,104785,32255401,0,32533683,18154,10941703,961683,9852872,261280,8,2048,0,2048,8,4,4
chunked_256_p4,3982,2048,2654,124093,8369832,97453,30749206,0,31075659,11932,11567286,1163812,10302003,266289,8,2048,0,2048,8,4,4
chunked_256_p4,3983,2048,2445,75942,8310339,91032,30351782,0,30711425,12093,11069963,976431,9997884,240541,8,2048,0,2048,8,4,4
chunked_256_p4,3984,2048,2004,79118,7523935,82824,28648789,0,29179312,11020,11197542,967975,10131594,250710,8,2048,0,2048,8,4,4
chunked_256_p4,3985,2048,2094,84358,7480724,96251,28524956,0,28954441,13345,11141658,985308,10047897,241873,8,2048,0,2048,8,4,4
chunked_256_p4,3986,2048,2275,79860,7474483,94366,28457319,0,28932882,13165,11115609,979837,10028421,257813,8,2048,0,2048,8,4,4
chunked_256_p4,3987,2048,1803,80180,7800033,77396,29588502,0,29925844,10780,11127491,978354,10043008,236674,8,2048,0,2048,8,4,4
chunked_256_p4,3988,2048,2816,124172,7827184,93745,28784475,0,29264283,10690,11149633,974326,10080980,236163,8,2048,0,2048,8,4,4
chunked_256_p4,3989,2048,2925,114565,8099164,88065,30179088,0,30520388,9397,11342424,984105,10239116,240812,8,2048,0,2048,8,4,4
chunked_256_p4,3990,2048,2635,81453,7577656,84941,28278415,0,28594015,12995,11125417,969838,10050472,240721,8,2048,0,2048,8,4,4
chunked_256_p4,3991,2048,2665,95509,8319637,87145,31068798,0,31654244,13786,11126980,976290,10055071,247905,8,2048,0,2048,8,4,4
chunked_256_p4,3992,2048,2244,85981,8299930,101803,30028385,0,30441382,10420,11448323,984967,10359391,240621,8,2048,0,2048,8,4,4
chunked_256_p4,3993,2048,2294,82925,7434397,88696,28227070,0,28636526,10350,12645107,1407218,11113424,248887,8,2048,0,2048,8,4,4
chunked_256_p4,3994,2048,2876,136766,8434021,88466,30675359,0,30952149,13936,11244801,981390,10163795,244689,8,2048,0,2048,8,4,4
chunked_256_p4,3995,2048,2264,112641,8662550,97101,30900620,0,31259935,17593,11386858,996408,10275704,250660,8,2048,0,2048,8,4,4
chunked_256_p4,3996,2048,2434,87695,8371454,87456,31417210,0,31875670,14076,11521259,985117,10426326,270968,8,2048,0,2048,8,4,4
chunked_256_p4,3997,2048,2475,147838,8334706,97641,30834156,0,31219105,15579,6686565,984245,5616440,272702,8,2048,0,2048,8,4,4
chunked_256_p4,3998,2048,3216,173976,11225495,98095,35871993,0,36259189,14206,7434698,1434239,5915530,250570,8,2048,0,2048,8,4,4
chunked_256_p4,3999,2048,2996,94477,9884981,95650,33126143,0,33519151,17303,6861663,975308,5795274,244478,8,2048,0,2048,8,4,4
chunked_256_p4,4000,2048,4950,147036,9339589,89046,33932816,0,34247184,10951,6878806,1016886,5783623,302026,8,2048,0,2048,8,4,4
chunked_256_p4,4001,2048,2555,85390,9459574,91150,33822891,0,34110838,11832,7384464,974187,6330217,248917,8,2048,0,2048,8,4,4
chunked_256_p4,4002,2048,2024,85470,9492817,86741,34301014,0,34612147,11882,7647236,982482,6578313,250459,8,2048,0,2048,8,4,4
chunked_256_p4,4003,2048,2625,92854,8577000,108064,31860392,0,32286259,12704,7927943,985538,6855131,254808,8,2048,0,2048,8,4,4
chunked_256_p4,4004,2048,2695,142447,9864884,91370,34196930,0,34501219,13155,7958830,976641,6903673,253405,8,2048,0,2048,8,4,4
chunked_256_p4,4005,2048,2164,93776,9241706,103945,32421233,0,32828585,16501,8004897,977162,6941163,260409,8,2048,0,2048,8,4,4
chunked_256_p4,4006,2048,2725,133681,9241836,103424,33365151,0,33727590,13846,7982956,984756,6919202,260388,8,2048,0,2048,8,4,4
chunked_256_p4,4007,2048,2455,130054,8667389,97021,32041238,0,32515146,14848,8066262,981611,6992018,261510,8,2048,0,2048,8,4,4
chunked_256_p4,4008,2048,2345,92293,8787855,93345,32841157,0,33162150,13836,8017601,985167,6939781,244348,8,2048,0,2048,8,4,4
chunked_256_p4,4009,2048,3146,148469,9530818,129151,34778400,0,35212835,13836,8263853,981380,7196762,242254,8,2048,0,2048,8,4,4
chunked_256_p4,4010,2048,2284,93666,8733102,98207,32677962,0,33224277,13465,8391021,1035351,7250863,249507,8,2048,0,2048,8,4,4
chunked_256_p4,4011,2048,2284,124784,9218753,97071,33607465,0,34111580,17172,46137656,995767,45018197,263795,8,2048,0,2048,8,4,4
chunked_256_p4,4012,2048,2635,91000,10462043,97293,39828828,0,40235692,9959,8171228,1014712,7076607,241653,8,2048,0,2048,8,4,4
chunked_256_p4,4013,2048,1783,83667,9471928,92403,34793280,0,35195852,11862,8488534,978124,7433847,241062,8,2048,0,2048,8,4,4
chunked_256_p4,4014,2048,2505,152997,10410677,100585,36200576,0,36643124,11612,8414335,1002429,7288263,241513,8,2048,0,2048,8,4,4
chunked_256_p4,4015,2048,2134,80170,10357968,90088,37348830,0,37724915,11422,9506623,984325,8435915,236112,8,2048,0,2048,8,4,4
chunked_256_p4,4016,2048,2234,99196,10476491,93786,38097616,0,38396614,12233,8652171,1037846,7531961,231504,8,2048,0,2048,8,4,4
chunked_256_p4,4017,2048,3967,311484,11508926,953506,40546664,0,41787109,16430,8624869,974848,7564992,265057,8,2048,0,2048,8,4,4
chunked_256_p4,4018,2048,2384,107571,10037908,93807,36645801,0,36991780,10209,8624108,990217,7556076,251812,8,2048,0,2048,8,4,4
chunked_256_p4,4019,2048,1994,82736,10521425,92735,38256181,0,38626486,10881,8682657,980989,7630015,247354,8,2048,0,2048,8,4,4
chunked_256_p4,4020,2048,2565,124103,10426798,73809,38373140,0,38802966,8656,8709818,983244,7657936,243376,8,2048,0,2048,8,4,4
chunked_256_p4,4021,2048,2224,76554,9975622,94016,37733532,0,38024978,12022,9038044,983784,7934305,238758,8,2048,0,2048,8,4,4
chunked_256_p4,4022,2048,1974,85019,10641670,97184,38230111,0,38607510,13806,8795259,982663,7731214,232767,8,2048,0,2048,8,4,4
chunked_256_p4,4023,2048,2405,82625,10920813,85342,38234643,0,38510737,16411,8770333,1002299,7683224,247714,8,2048,0,2048,8,4,4
chunked_256_p4,4024,2048,2134,80040,10344954,100139,38528770,0,38855874,10630,8764431,984435,7701157,238006,8,2048,0,2048,8,4,4
chunked_256_p4,4025,2048,2224,77836,10227954,95040,37803042,0,38107640,10730,9024809,989244,7949213,236884,8,2048,0,2048,8,4,4
chunked_256_p4,4026,2048,2294,79650,9745060,105057,36958329,0,37257958,14467,9257175,1044689,8091700,235842,8,2048,0,2048,8,4,4
chunked_256_p4,4027,2048,2093,84258,9284175,92544,35150458,0,35567040,11782,9300806,990006,8217936,253496,8,2048,0,2048,8,4,4
chunked_256_p4,4028,2048,2705,126797,9985721,101069,37522464,0,37859067,11151,9252517,976601,8196857,261670,8,2048,0,2048,8,4,4
chunked_256_p4,4029,2048,1954,82905,9767041,109666,35948816,0,36445206,13125,9094079,979516,8034652,267031,8,2048,0,2048,8,4,4
chunked_256_p4,4030,2048,2265,82795,9301938,90750,34839114,0,35163311,10229,9285077,971671,8245548,252133,8,2048,0,2048,8,4,4
chunked_256_p4,4031,2048,2915,120927,11411083,96411,38421229,0,38804206,18254,9186422,971942,8123629,237556,8,2048,0,2048,8,4,4
chunked_256_p4,4032,2048,2846,142818,10497841,99156,37407519,0,37726508,14327,9149303,986259,8087332,252122,8,2048,0,2048,8,4,4
chunked_256_p4,4033,2048,2505,80321,9088028,104717,34765745,0,35303974,16441,9392108,972884,8331920,249247,8,2048,0,2048,8,4,4
chunked_256_p4,4034,2048,2304,83296,9872708,97033,35872452,0,36223661,12072,9237007,976782,8183061,242034,8,2048,0,2048,8,4,4
chunked_256_p4,4035,2048,2014,105328,11102064,103546,40798518,0,41299968,10539,9269397,975709,8218126,233699,8,2048,0,2048,8,4,4
chunked_256_p4,4036,2048,2725,152025,10958444,94977,38909804,0,39230055,14127,9577356,1005034,8484076,261570,8,2048,0,2048,8,4,4
chunked_256_p4,4037,2048,2535,88616,8909884,94638,33870640,0,34528352,12503,9644160,1000616,8520273,243206,8,2048,0,2048,8,4,4
chunked_256_p4,4038,2048,1984,88055,9742615,93485,35436045,0,35882371,9448,9591171,1007449,8497942,248817,8,2048,0,2048,8,4,4
chunked_256_p4,4039,2048,1954,86332,9379805,88035,34596250,0,35270100,9648,9325142,977593,8278400,255780,8,2048,0,2048,8,4,4
chunked_256_p4,4040,2048,2093,101199,10567802,97331,37000005,0,37303053,13765,9616488,980098,8548797,262062,8,2048,0,2048,8,4,4
chunked_256_p4,4041,2048,2615,131887,9763444,95548,36476163,0,36828856,10469,9587915,979717,8528990,242845,8,2048,0,2048,8,4,4
chunked_256_p4,4042,2048,2565,81673,10986407,81403,39267366,0,39542874,12924,9926129,1022267,8773478,236874,8,2048,0,2048,8,4,4
chunked_256_p4,4043,2048,1713,108644,9786016,92173,35569855,0,35950439,8607,9888940,991278,8827830,265357,8,2048,0,2048,8,4,4
chunked_256_p4,4044,2048,3356,146615,10228556,94577,37737337,0,38119405,9958,9760027,996158,8670485,112762,8,2048,0,2048,8,4,4
chunked_256_p4,4045,2048,2224,76283,11878750,104195,42509523,0,43137431,16110,9983426,1128366,8750084,237826,8,2048,0,2048,8,4,4
chunked_256_p4,4046,2048,2434,151564,10555819,95088,39515701,0,39828207,15359,10077653,986119,8994442,240602,8,2048,0,2048,8,4,4
chunked_256_p4,4047,2048,2524,80080,10509022,102853,38406814,0,38888406,14597,10030084,1040491,8893182,243907,8,2048,0,2048,8,4,4
chunked_256_p4,4048,2048,2585,140233,9963128,102142,37888651,0,38236304,10419,9931709,959699,8881801,256400,8,2048,0,2048,8,4,4
chunked_256_p4,4049,2048,2024,82064,10272087,97602,37933376,0,38260679,11181,9992373,992931,8907960,264085,8,2048,0,2048,8,4,4
chunked_256_p4,4050,2048,2175,90821,10895446,96521,39815194,0,40093845,12203,9851488,1088130,8664293,238707,8,2048,0,2048,8,4,4
chunked_256_p4,4051,2048,2284,84258,10888623,106419,39073093,0,39467302,11231,9755679,986399,8669654,267612,8,2048,0,2048,8,4,4
chunked_256_p4,4052,2048,2264,97874,9734620,91411,36927612,0,37327879,11422,10894505,967514,9824669,243416,8,2048,0,2048,8,4,4
chunked_256_p4,4053,2048,2365,128511,10251068,86152,37689026,0,38021321,12173,9893598,976210,8825656,247885,8,2048,0,2048,8,4,4
chunked_256_p4,4054,2048,2024,83997,10733312,107401,40579888,0,40869780,14407,10202067,1004243,9094961,249067,8,2048,0,2048,8,4,4
chunked_256_p4,4055,2048,2014,81513,10002412,111569,36921487,0,37416977,9698,9878539,977422,8821629,247163,8,2048,0,2048,8,4,4
chunked_256_p4,4056,2048,1954,119514,10387674,108534,37886297,0,38223991,12714,10181458,984225,9071838,248646,8,2048,0,2048,8,4,4
chunked_256_p4,4057,2048,2515,101771,8877243,98545,33978442,0,34358343,11652,10079927,979016,9003058,236243,8,2048,0,2048,8,4,4
chunked_256_p4,4058,2048,2445,85350,9997673,85789,36557456,0,36870722,10409,10011659,988854,8935993,235782,8,2048,0,2048,8,4,4
chunked_256_p4,4059,2048,2344,120255,9552308,82446,35338691,0,35779427,15479,10028010,991188,8951913,246031,8,2048,0,2048,8,4,4
chunked_256_p4,4060,2048,2064,89187,9860085,97363,35830372,0,36266271,16651,10027178,997400,8929460,250599,8,2048,0,2048,8,4,4
chunked_256_p4,4061,2048,2054,102192,10180085,93095,38604954,0,38921348,19196,10337200,1021876,9214966,255048,8,2048,0,2048,8,4,4
chunked_256_p4,4062,2048,2034,81011,9926239,92803,38187370,0,38554367,16380,9878610,1037895,8757038,247894,8,2048,0,2048,8,4,4
chunked_256_p4,4063,2048,2374,79348,10576588,91942,37652620,0,38068147,10670,10186076,983173,9086254,287479,8,2048,0,2048,8,4,4
chunked_256_p4,4064,2048,3266,119695,10776694,108273,40314490,0,40808214,16631,10001370,1027106,8879446,245160,8,2048,0,2048,8,4,4
chunked_256_p4,4065,2048,2254,104476,11531950,97473,43298903,0,43581665,11121,9978457,985648,8872424,271730,8,2048,0,2048,8,4,4
chunked_256_p4,4066,2048,3567,175710,10483173,102584,38512952,0,38903012,12334,10296213,996328,9182996,244910,8,2048,0,2048,8,4,4
chunked_256_p4,4067,2048,2545,103544,10745325,110208,39375259,0,39700459,13475,12719346,973866,11581953,254127,8,2048,0,2048,8,4,4
chunked_256_p4,4068,2048,3186,153037,9905711,107011,36108143,0,36554611,18174,10332691,987612,9245593,231615,8,2048,0,2048,8,4,4
chunked_256_p4,4069,2048,2094,96902,11032563,105718,39445401,0,39782913,15288,10273190,997270,9168278,252393,8,2048,0,2048,8,4,4
chunked_256_p4,4070,2048,3527,243777,10407512,97612,38477585,0,38847008,13225,10934449,986840,9836441,233167,8,2048,0,2048,8,4,4
chunked_256_p4,4071,2048,2064,81683,9994808,94466,37731236,0,38040196,12223,10768748,978344,9651283,266991,8,2048,0,2048,8,4,4
chunked_256_p4,4072,2048,2013,77305,10959196,86382,39656889,0,39954444,11090,10198149,993553,9103607,242023,8,2048,0,2048,8,4,4
chunked_256_p4,4073,2048,3877,117700,9794873,109123,37196353,0,37614768,15859,11163047,1011607,10016979,263013,8,2048,0,2048,8,4,4
chunked_256_p4,4074,2048,2735,110447,10153475,85822,37799596,0,38127679,14236,10582970,996258,9476306,241372,8,2048,0,2048,8,4,4
chunked_256_p4,4075,2048,2385,90079,10888493,94476,40222878,0,40590647,17273,10407562,983243,9303622,240080,8,2048,0,2048,8,4,4
chunked_256_p4,4076,2048,2204,83496,12794146,103705,44667780,0,44971451,11602,10586407,1124789,9358195,255890,8,2048,0,2048,8,4,4
chunked_256_p4,4077,2048,2314,149420,11036660,96551,39890725,0,40188923,12152,11118123,979126,10010347,237725,8,2048,0,2048,8,4,4
chunked_256_p4,4078,2048,2334,82976,9752844,100267,36352232,0,36696126,10229,10791351,990557,9665531,255218,8,2048,0,2048,8,4,4
chunked_256_p4,4079,2048,2094,85591,10692005,87956,39983658,0,40258112,14798,10526114,991058,9426011,237926,8,2048,0,2048,8,4,4
chunked_256_p4,4080,2048,4508,131847,10469307,88657,39995090,0,40398688,15269,10911837,993443,9756701,244649,8,2048,0,2048,8,4,4
chunked_256_p4,4081,2048,2505,141987,11511141,107914,42046136,0,42427062,16020,10383877,986680,9302910,255770,8,2048,0,2048,8,4,4
chunked_256_p4,4082,2048,2094,92433,10218527,98226,39259852,0,39523717,14427,10693878,985938,9567076,237815,8,2048,0,2048,8,4,4
chunked_256_p4,4083,2048,2816,119354,9898878,92725,36502190,0,36902604,13536,10578372,1044448,9414028,242274,8,2048,0,2048,8,4,4
chunked_256_p4,4084,2048,2314,82966,10456794,82404,39869216,0,40141784,10800,10719487,971582,9606430,250740,8,2048,0,2048,8,4,4
chunked_256_p4,4085,2048,2846,131997,9841861,125516,37478442,0,37804884,16831,11186892,996167,10070770,234259,8,2048,0,2048,8,4,4
chunked_256_p4,4086,2048,2905,91051,10071982,91501,38203081,0,38610083,13415,10523288,982021,9445988,264045,8,2048,0,2048,8,4,4
chunked_256_p4,4087,2048,2555,103033,10902840,87073,39941400,0,40226093,13485,11978276,978625,10864328,255970,8,2048,0,2048,8,4,4
chunked_256_p4,4088,2048,1974,82424,9739930,81262,36316904,0,36679325,15289,11216639,1067351,10011038,295885,8,2048,0,2048,8,4,4
chunked_256_p4,4089,2048,3126,90761,9997754,110498,38149743,0,38587582,17563,11222840,991729,10097069,280516,8,2048,0,2048,8,4,4
chunked_256_p4,4090,2048,2425,143098,11457811,99927,40185949,0,40485841,14738,10794988,1016796,9657124,244408,8,2048,0,2048,8,4,4
chunked_256_p4,4091,2048,2344,111740,10593591,101790,39822837,0,40118693,10289,10544809,979346,9456629,244759,8,2048,0,2048,8,4,4
chunked_256_p4,4092,2048,2605,114344,9964261,101412,37339462,0,37738388,16832,11028045,974877,9921711,237145,8,2048,0,2048,8,4,4
chunked_256_p4,4093,2048,2825,136316,13911691,101438,48670355,0,49034857,15269,10622465,999173,9507384,251992,8,2048,0,2048,8,4,4
chunked_256_p4,4094,2048,4018,125836,10418522,88277,39313632,0,39621189,11311,11212350,978915,10094575,262121,8,2048,0,2048,8,4,4
chunked_256_p4,4095,2048,2746,174877,11042813,88315,39791858,0,40094438,16331,10591487,1042935,9437312,242615,8,2048,0,2048,8,4,4
chunked_256_p4,4096,2048,2244,142918,10980576,104687,41054938,0,41416186,14477,11215426,973184,10111807,241563,8,2048,0,2048,8,4,4
chunked_256_p4,4097,2048,2395,84359,10920343,96711,39775430,0,40122259,12574,11210317,1028328,10055221,250740,8,2048,0,2048,8,4,4
chunked_256_p4,4098,2048,2294,82715,10900896,103755,40392665,0,40745297,10410,11219754,996788,10096989,238367,8,2048,0,2048,8,4,4
chunked_256_p4,4099,2048,2615,123531,10300611,101019,38967366,0,39324324,16030,11310474,988664,10182519,242014,8,2048,0,2048,8,4,4
chunked_256_p4,4100,2048,2004,83196,11053492,84208,41271233,0,41556349,11671,11110379,964759,10029512,244538,8,2048,0,2048,8,4,4
chunked_256_p4,4101,2048,3296,101650,11347303,98476,39702532,0,40097474,8857,11493157,982051,10383166,246512,8,2048,0,2048,8,4,4
chunked_256_p4,4102,2048,1953,89257,10560247,92352,40280494,0,40650518,9407,10660285,978795,9576534,237666,8,2048,0,2048,8,4,4
chunked_256_p4,4103,2048,2695,102592,10945730,83957,40967082,0,41321618,12393,11035148,1001788,9913825,250560,8,2048,0,2048,8,4,4
chunked_256_p4,4104,2048,2585,97072,10392002,91912,39627090,0,39962228,14357,10948896,1099811,9740121,264135,8,2048,0,2048,8,4,4
chunked_256_p4,4105,2048,2164,125846,9625225,97794,36302598,0,36807945,10299,10966880,997580,9858312,255770,8,2048,0,2048,8,4,4
chunked_256_p4,4106,2048,3497,172643,10928378,93734,41076678,0,41369155,9878,11060475,992120,9952198,270528,8,2048,0,2048,8,4,4
chunked_256_p4,4107,2048,2895,109175,10340907,97782,38126617,0,38526898,11431,10865890,981129,9794983,245510,8,2048,0,2048,8,4,4
chunked_256_p4,4108,2048,2685,100017,9395815,84359,35848748,0,36268274,10229,11267934,975359,10186818,252623,8,2048,0,2048,8,4,4
chunked_256_p4,4109,2048,2435,86482,9585720,101670,36396783,0,36765975,9118,11474522,986470,10380130,254237,8,2048,0,2048,8,4,4
chunked_256_p4,4110,2048,2064,86673,10882271,102332,39763196,0,40174407,11120,11370266,982122,10288428,247163,8,2048,0,2048,8,4,4
chunked_256_p4,4111,2048,2555,132038,10275154,97423,37707172,0,38044674,14657,11243649,974798,10164035,248025,8,2048,0,2048,8,4,4
chunked_256_p4,4112,2048,1974,123712,10817300,101699,39624305,0,39953542,11341,21722614,974126,20638903,251732,8,2048,0,2048,8,4,4
chunked_256_p4,4113,2048,2274,136336,10105976,116069,37648992,0,38037360,12373,11815521,1025703,10663391,235933,8,2048,0,2048,8,4,4
chunked_256_p4,4114,2048,2204,92253,12192377,395500,43524594,0,44365512,16020,11540896,1016476,10405808,258835,8,2048,0,2048,8,4,4
chunked_256_p4,4115,2048,2174,96200,10115433,93676,37253952,0,37604299,13255,11025349,965660,9961997,250029,8,2048,0,2048,8,4,4
chunked_256_p4,4116,2048,2284,95659,9880253,100500,36317236,0,36839785,11552,11031280,982512,9932791,267592,8,2048,0,2048,8,4,4
chunked_256_p4,4117,2048,2826,85440,10212796,86762,38022573,0,38369503,11492,11019429,1004924,9906262,240090,8,2048,0,2048,8,4,4
chunked_256_p4,4118,2048,2464,151194,11385515,100017,41215669,0,41538062,12113,11418988,995706,10295211,263404,8,2048,0,2048,8,4,4
chunked_256_p4,4119,2048,2425,104256,10231111,89727,36919744,0,37623435,12994,11080493,982292,9992082,235993,8,2048,0,2048,8,4,4
chunked_256_p4,4120,2048,2344,89388,10812050,78607,39518185,0,39773366,11201,11028986,978484,9938932,246311,8,2048,0,2048,8,4,4
chunked_256_p4,4121,2048,2806,91591,9417556,107531,35671723,0,36019876,10971,12163604,978364,11071586,259166,8,2048,0,2048,8,4,4
chunked_256_p4,4122,2048,2464,87314,9352253,107131,35712010,0,36205377,12734,11500500,972292,10426277,241012,8,2048,0,2048,8,4,4
chunked_256_p4,4123,2048,3467,154770,10239497,98113,37327902,0,37732840,12012,11294684,986479,10196706,246963,8,2048,0,2048,8,4,4
chunked_256_p4,4124,2048,2164,94057,9074172,117460,34172706,0,34733497,12844,10905115,950171,9841801,241473,8,2048,0,2048,8,4,4
chunked_256_p4,4125,2048,2214,130034,10051594,96061,36658024,0,37041764,16441,11267434,986920,10178772,236924,8,2048,0,2048,8,4,4
chunked_256_p4,4126,2048,2615,116659,10318655,80671,38557596,0,38888505,15740,11293422,984075,10175136,238538,8,2048,0,2048,8,4,4
chunked_256_p4,4127,2048,4118,194595,11065044,105147,39587287,0,39936029,17192,11217660,970901,10142073,149671,8,2048,0,2048,8,4,4
chunked_256_p4,4128,2048,2003,148789,10248013,106511,39061772,0,39637411,12854,11193134,964237,10121535,56696,8,2048,0,2048,8,4,4
chunked_256_p4,4129,2048,3216,247804,9987063,82572,36712637,0,36989835,13746,11121229,962374,10065230,249888,8,2048,0,2048,8,4,4
chunked_256_p4,4130,2048,2044,118923,11205427,107992,38525196,0,38915405,11461,11252114,978785,10148145,240060,8,2048,0,2048,8,4,4
chunked_256_p4,4131,2048,2555,80802,10287006,86615,39370859,0,39715707,12193,11194837,989695,10094014,247154,8,2048,0,2048,8,4,4
chunked_256_p4,4132,2048,2395,162284,9281991,99335,35068284,0,35568610,13526,11258096,1018479,10125733,235982,8,2048,0,2048,8,4,4
chunked_256_p4,4133,2048,2014,227276,10216473,95691,37418137,0,37810748,16842,11535647,1147121,10283930,269996,8,2048,0,2048,8,4,4
chunked_256_p4,4134,2048,2134,144972,10307133,94667,39057243,0,39485156,12483,11380024,980688,10292235,236594,8,2048,0,2048,8,4,4
chunked_256_p4,4135,2048,2074,140734,12993229,85482,39985294,0,40336832,11591,11464192,1033237,10321540,249759,8,2048,0,2048,8,4,4
chunked_256_p4,4136,2048,2464,96060,9938012,76625,37743628,0,38033013,9347,11355689,966612,10275784,243146,8,2048,0,2048,8,4,4
chunked_256_p4,4137,2048,2384,122710,10956961,90200,40078087,0,40339587,10961,6539539,1003442,5454826,252243,8,2048,0,2048,8,4,4
chunked_256_p4,4138,2048,2255,80661,11626116,102984,41160817,0,41626831,11912,6797974,1046121,5666463,252022,8,2048,0,2048,8,4,4
chunked_256_p4,4139,2048,2294,80250,10492360,97282,38890248,0,39343498,12113,7020552,985137,5954574,262222,8,2048,0,2048,8,4,4
chunked_256_p4,4140,2048,2695,179115,11388511,110596,42655238,0,43022554,17643,7258568,1016195,6155630,236874,8,2048,0,2048,8,4,4
chunked_256_p4,4141,2048,2194,81893,9957397,95352,38009838,0,38321153,19156,7070796,991388,5984208,307637,8,2048,0,2048,8,4,4
chunked_256_p4,4142,2048,2845,123732,11721525,88904,42092212,0,42377966,12563,7591021,984045,6521647,236584,8,2048,0,2048,8,4,4
chunked_256_p4,4143,2048,2014,84409,10746507,101301,39306668,0,39644022,11001,7392980,1001007,6305361,239560,8,2048,0,2048,8,4,4
chunked_256_p4,4144,2048,2926,115937,11792889,95450,43338460,0,43689379,9598,7734100,992871,6667109,254677,8,2048,0,2048,8,4,4
chunked_256_p4,4145,2048,4248,131016,11800303,159561,41692694,0,42102943,18655,8312393,1387220,6827129,248826,8,2048,0,2048,8,4,4
chunked_256_p4,4146,2048,2455,132278,11653458,105948,41069155,0,41439449,17533,7990670,1011076,6893533,247655,8,2048,0,2048,8,4,4
chunked_256_p4,4147,2048,2304,163046,10883634,100629,40268454,0,40637372,11492,8186688,993493,7107304,270397,8,2048,0,2048,8,4,4
chunked_256_p4,4148,2048,2755,145242,11413207,86752,42617805,0,42915917,12273,8233887,1001338,7130938,276458,8,2048,0,2048,8,4,4
chunked_256_p4,4149,2048,2605,129964,11537159,92044,41673329,0,42064663,21110,8627485,1064656,7453653,241182,8,2048,0,2048,8,4,4
chunked_256_p4,4150,2048,2104,130705,10792182,92835,40866885,0,41227292,16321,27956672,987521,26849416,247253,8,2048,0,2048,8,4,4
chunked_256_p4,4151,2048,2846,97223,13593023,85019,51390994,0,51662513,15980,8524100,1004213,7427966,267221,8,2048,0,2048,8,4,4
chunked_256_p4,4152,2048,2254,118552,11763874,89208,44983763,0,45281612,11091,8596376,978134,7525449,236794,8,2048,0,2048,8,4,4
chunked_256_p4,4153,2048,2344,151084,11911291,88556,44712533,0,45079542,8586,8432599,995075,7355600,262442,8,2048,0,2048,8,4,4
chunked_256_p4,4154,2048,2405,87384,11098016,103064,41678085,0,42291808,16240,8783557,973655,7721106,238347,8,2048,0,2048,8,4,4
chunked_256_p4,4155,2048,2454,123661,11548852,91241,44082292,0,44355293,11261,8350956,979296,7291039,269004,8,2048,0,2048,8,4,4
chunked_256_p4,4156,2048,2214,154770,11291649,96510,43268075,0,43693263,8637,9669598,978865,8604120,261570,8,2048,0,2048,8,4,4
chunked_256_p4,4157,2048,2415,91050,11818085,100197,44725719,0,45147230,13745,8542004,1036554,7397438,237896,8,2048,0,2048,8,4,4
chunked_256_p4,4158,2048,2264,87273,12177480,105868,46123068,0,46490127,10620,8591226,1016806,7484151,246091,8,2048,0,2048,8,4,4
chunked_256_p4,4159,2048,2846,124303,11970752,98887,45115582,0,45465437,13545,8644947,1054026,7498437,229801,8,2048,0,2048,8,4,4
chunked_256_p4,4160,2048,2345,83988,12430584,91292,46815589,0,47099668,19146,8780932,1076589,7605628,254858,8,2048,0,2048,8,4,4
chunked_256_p4,4161,2048,2715,154660,12405777,103154,45245625,0,45593184,15148,8845343,977262,7778052,254857,8,2048,0,2048,8,4,4
chunked_256_p4,4162,2048,2054,96941,12279330,90598,47514729,0,47882937,14167,8880178,985597,7807457,248966,8,2048,0,2048,8,4,4
chunked_256_p4,4163,2048,2344,89337,12150459,97072,45567538,0,45877349,13425,8962612,985126,7879552,253275,8,2048,0,2048,8,4,4
chunked_256_p4,4164,2048,2434,128651,12711400,98176,46979785,0,47265182,10991,9260350,986038,8185546,248396,8,2048,0,2048,8,4,4
chunked_256_p4,4165,2048,2264,86001,12420896,105248,47433075,0,47818187,15830,9212361,1103308,8013945,247735,8,2048,0,2048,8,4,4
chunked_256_p4,4166,2048,2043,154740,14436344,96903,53183756,0,53460146,16831,9311356,1086236,8110536,240261,8,2048,0,2048,8,4,4
chunked_256_p4,4167,2048,2184,157806,13145795,93666,48068737,0,48375222,9898,9102625,984486,8034593,282509,8,2048,0,2048,8,4,4
chunked_256_p4,4168,2048,2154,81563,11550684,101630,44093563,0,44542015,11622,9118515,990647,8042147,235642,8,2048,0,2048,8,4,4
chunked_256_p4,4169,2048,2175,107893,12795348,97974,45901523,0,46329114,14978,9407387,1238151,8074087,192491,8,2048,0,2048,8,4,4
chunked_256_p4,4170,2048,2344,253214,13229282,107152,46571327,0,46950299,11261,9304463,1008240,8202698,297769,8,2048,0,2048,8,4,4
chunked_256_p4,4171,2048,2465,141776,14639385,106249,51780273,0,52067002,10630,9903446,1133475,8672449,245691,8,2048,0,2048,8,4,4
chunked_256_p4,4172,2048,2214,91041,10688598,100628,41227460,0,41583358,12434,8791522,982973,7723750,250660,8,2048,0,2048,8,4,4
chunked_256_p4,4173,2048,1854,83777,12328522,90089,47676380,0,48217276,18535,9003380,989936,7921351,247193,8,2048,0,2048,8,4,4
chunked_256_p4,4174,2048,3025,88356,10575146,90651,40618940,0,41027136,11411,9282863,993082,8202147,253996,8,2048,0,2048,8,4,4
chunked_256_p4,4175,2048,2424,134522,11734670,89629,43634765,0,43998927,12644,8926555,973786,7868982,247053,8,2048,0,2048,8,4,4
chunked_256_p4,4176,2048,2224,157055,10830534,91983,41354678,0,41906274,12042,8946702,987842,7871898,259026,8,2048,0,2048,8,4,4
chunked_256_p4,4177,2048,2225,130936,12897841,104306,45120350,0,45526380,14707,9327156,987542,8229959,175529,8,2048,0,2048,8,4,4
chunked_256_p4,4178,2048,2104,113153,12423341,101971,46297156,0,46790269,13465,9321736,1010525,8206214,259757,8,2048,0,2048,8,4,4
chunked_256_p4,4179,2048,2534,82825,13796546,101119,50753820,0,51157156,13235,9560012,1012748,8461464,243387,8,2048,0,2048,8,4,4
chunked_256_p4,4180,2048,2214,119644,12526143,92523,47022815,0,47285038,12764,10470199,991459,9325904,243527,8,2048,0,2048,8,4,4
chunked_256_p4,4181,2048,2314,90841,12259974,90729,46187820,0,46548486,14056,9725072,997921,8620260,273432,8,2048,0,2048,8,4,4
chunked_256_p4,4182,2048,2555,85109,12434171,116126,46628307,0,46939369,11752,9727196,1011165,8612016,301726,8,2048,0,2048,8,4,4
chunked_256_p4,4183,2048,3246,83787,13726724,98263,50333142,0,50636901,12033,9545295,975649,8473967,254027,8,2048,0,2048,8,4,4
chunked_256_p4,4184,2048,2004,98805,12818120,106919,46553626,0,46919651,11662,9773243,974667,8712263,245490,8,2048,0,2048,8,4,4
chunked_256_p4,4185,2048,1963,81894,13143771,99897,48111254,0,48458907,9988,19231564,971150,18169163,234690,8,2048,0,2048,8,4,4
chunked_256_p4,4186,2048,2325,123852,12369019,97794,46390390,0,46818092,12814,10172762,1029550,9041972,236503,8,2048,0,2048,8,4,4
chunked_256_p4,4187,2048,2415,87354,11886224,84228,44183143,0,44526867,11572,9512103,1001027,8417591,237806,8,2048,0,2048,8,4,4
chunked_256_p4,4188,2048,2595,127059,13015190,82635,50327361,0,50851734,14106,9660330,988483,8585255,253786,8,2048,0,2048,8,4,4
chunked_256_p4,4189,2048,2495,120515,12688167,108201,46899493,0,47249751,14037,10694870,979406,9578678,255028,8,2048,0,2048,8,4,4
chunked_256_p4,4190,2048,2305,92844,12973663,106220,47549280,0,47883609,13725,11165252,976982,10024533,250770,8,2048,0,2048,8,4,4
chunked_256_p4,4191,2048,2695,132508,12483283,93547,46846615,0,47130558,10791,10283950,968415,9188256,242906,8,2048,0,2048,8,4,4
chunked_256_p4,4192,2048,2284,94397,12582559,120735,47520168,0,47833743,12494,9809661,998252,8718144,259817,8,2048,0,2048,8,4,4
chunked_256_p4,4193,2048,3166,147446,12542263,100871,47857629,0,48224239,10249,9933804,978585,8843890,243276,8,2048,0,2048,8,4,4
chunked_256_p4,4194,2048,2354,87454,12376804,104395,47044857,0,47328908,16421,9878469,1003512,8762437,248596,8,2048,0,2048,8,4,4
chunked_256_p4,4195,2048,2204,138910,12678008,123290,47719343,0,48076861,18214,10350374,959940,9234513,248887,8,2048,0,2048,8,4,4
chunked_256_p4,4196,2048,2334,109395,12415336,101861,47639942,0,48081080,20408,9770878,984766,8676616,240070,8,2048,0,2048,8,4,4
chunked_256_p4,4197,2048,2124,170350,15700995,115276,49949383,0,50287075,13485,10049289,1040470,8884126,182662,8,2048,0,2048,8,4,4
chunked_256_p4,4198,2048,2224,93766,12305920,105629,47168018,0,47525299,11872,10448308,1000535,9310354,267872,8,2048,0,2048,8,4,4
chunked_256_p4,4199,2048,3897,123231,12293016,105969,46635679,0,47031140,11972,10372555,1079534,9170623,250900,8,2048,0,2048,8,4,4
chunked_256_p4,4200,2048,2825,85100,12094434,97082,46672148,0,47080314,18033,9770557,991378,8657070,240641,8,2048,0,2048,8,4,4
chunked_256_p4,4201,2048,2174,89378,13832653,143200,50934231,0,51337947,13886,9765378,1000696,8652060,252744,8,2048,0,2048,8,4,4
chunked_256_p4,4202,2048,2384,86381,12945791,109987,49061760,0,49409331,16701,10565588,1092588,9320333,260518,8,2048,0,2048,8,4,4
chunked_256_p4,4203,2048,2805,110707,13490641,112721,50758339,0,51157237,14007,10268992,1139046,9008929,237666,8,2048,0,2048,8,4,4
chunked_256_p4,4204,2048,2575,81703,12721900,108514,49269990,0,49653648,19427,10739544,980268,9614154,260468,8,2048,0,2048,8,4,4
chunked_256_p4,4205,2048,2615,165430,12685231,100007,46406441,0,46890579,12905,10131523,976300,9043995,253846,8,2048,0,2048,8,4,4
chunked_256_p4,4206,2048,2715,126667,13154601,109805,50058356,0,50416217,13335,11065826,1010664,9917612,246733,8,2048,0,2048,8,4,4
chunked_256_p4,4207,2048,2655,170780,12388365,102951,47315785,0,47750049,19357,10202307,976380,9103367,257012,8,2048,0,2048,8,4,4
chunked_256_p4,4208,2048,2414,92864,13060595,106992,48815116,0,49198616,10950,10286434,998372,9180782,257684,8,2048,0,2048,8,4,4
chunked_256_p4,4209,2048,2344,129964,12947003,106829,49379474,0,49698020,16741,10791280,1025933,9599096,286857,8,2048,0,2048,8,4,4
chunked_256_p4,4210,2048,2184,80841,12843238,101341,48314288,0,48876383,15209,10379038,1087038,9179409,236242,8,2048,0,2048,8,4,4
chunked_256_p4,4211,2048,2354,81162,13736142,94566,51368764,0,51688742,15599,10345786,973826,9254770,243136,8,2048,0,2048,8,4,4
chunked_256_p4,4212,2048,3046,167413,13136388,104014,49570591,0,49935577,13535,10594392,986810,9501283,235331,8,2048,0,2048,8,4,4
chunked_256_p4,4213,2048,2605,94117,12587859,103954,47223030,0,47515238,10360,10646850,982432,9555574,251040,8,2048,0,2048,8,4,4
chunked_256_p4,4214,2048,2194,127008,15947157,1856180,53945304,0,58549085,12123,10569956,978855,9473250,243466,8,2048,0,2048,8,4,4
chunked_256_p4,4215,2048,2254,81644,12279110,99097,47258195,0,47592163,14978,10831366,1230847,9488008,242815,8,2048,0,2048,8,4,4
chunked_256_p4,4216,2048,2034,77215,12057625,97635,46563435,0,46919292,13466,10993781,976791,9886685,182442,8,2048,0,2048,8,4,4
chunked_256_p4,4217,2048,2194,179366,12543526,98684,45721296,0,46141522,15569,10767506,1013270,9632899,201328,8,2048,0,2048,8,4,4
chunked_256_p4,4218,2048,2114,82805,13173877,105266,49152469,0,49643929,12874,11348415,991920,10233515,316413,8,2048,0,2048,8,4,4
chunked_256_p4,4219,2048,2775,226043,12945208,89979,48982699,0,49425371,13034,11092876,982973,9975521,290174,8,2048,0,2048,8,4,4
chunked_256_p4,4220,2048,3387,124774,13386967,92422,48904383,0,49254319,19176,12048117,1059416,10860932,238327,8,2048,0,2048,8,4,4
chunked_256_p4,4221,2048,2465,98836,12348981,101940,47316364,0,47655169,10159,11829227,993062,10696663,263545,8,2048,0,2048,8,4,4
chunked_256_p4,4222,2048,2414,99236,13126649,92484,50453197,0,50778196,14236,11231536,1021846,10076391,265338,8,2048,0,2048,8,4,4
chunked_256_p4,4223,2048,2915,169929,13978346,101250,50023692,0,50363307,28493,11626056,1019631,10458958,248335,8,2048,0,2048,8,4,4
chunked_256_p4,4224,2048,2635,128841,13114426,100259,49059772,0,49425711,12594,12234858,972653,11129686,239799,8,2048,0,2048,8,4,4
chunked_256_p4,4225,2048,2795,154891,13126289,103715,46769762,0,47127962,14186,11270449,970520,10200072,241373,8,2048,0,2048,8,4,4
chunked_256_p4,4226,2048,3287,227566,12814094,98935,47611920,0,47918606,11291,12043298,989345,10925563,306845,8,2048,0,2048,8,4,4
chunked_256_p4,4227,2048,2815,142017,11995248,93645,44662992,0,45025369,9367,11181953,1043677,10029222,253806,8,2048,0,2048,8,4,4
chunked_256_p4,4228,2048,2434,83427,11886184,91924,44844833,0,45314834,13886,11037913,1019330,9917963,243928,8,2048,0,2048,8,4,4
chunked_256_p4,4229,2048,2004,123372,11927491,94447,44876281,0,45291710,12884,10826817,1047614,9665831,257513,8,2048,0,2048,8,4,4
chunked_256_p4,4230,2048,2244,155431,12165758,88806,44639116,0,45009200,13164,10887401,1029921,9749799,260488,8,2048,0,2048,8,4,4
chunked_256_p4,4231,2048,2004,100137,11931629,97161,45024350,0,45372119,10600,11191732,1067100,9996762,249067,8,2048,0,2048,8,4,4
chunked_256_p4,4232,2048,2064,100929,12748039,88086,47844736,0,48140591,18254,11056989,984857,9959371,257443,8,2048,0,2048,8,4,4
chunked_256_p4,4233,2048,2475,130295,14890346,95208,51487646,0,51803699,12834,10794477,997219,9682282,250960,8,2048,0,2048,8,4,4
chunked_256_p4,4234,2048,2766,89518,11564040,117991,43931338,0,44391853,13716,10556651,1004493,9456669,235111,8,2048,0,2048,8,4,4
chunked_256_p4,4235,2048,2194,169218,12181297,99505,45369395,0,45761950,11201,10929901,978424,9846250,254567,8,2048,0,2048,8,4,4
chunked_256_p4,4236,2048,2395,96260,11796074,100460,45314374,0,45627823,15008,10841735,991368,9738407,243327,8,2048,0,2048,8,4,4
chunked_256_p4,4237,2048,2234,100008,13506101,95830,49501091,0,49877849,15109,11256693,1163180,9953029,265999,8,2048,0,2048,8,4,4
chunked_256_p4,4238,2048,2405,102132,12643313,104725,47302038,0,47686600,12283,10484757,1009312,9376850,254627,8,2048,0,2048,8,4,4
chunked_256_p4,4239,2048,2204,112110,12829833,93757,47111370,0,47507964,13836,10621813,979787,9515900,269345,8,2048,0,2048,8,4,4
chunked_256_p4,4240,2048,2335,104045,12273720,102622,46524059,0,46912077,16952,10753831,1009743,9631146,250479,8,2048,0,2048,8,4,4
chunked_256_p4,4241,2048,2665,123361,12121003,96430,45088097,0,45444978,11943,11023517,1069535,9838454,240160,8,2048,0,2048,8,4,4
chunked_256_p4,4242,2048,2314,107392,11243679,91792,43052974,0,43615329,9989,11161966,1101304,9971284,239489,8,2048,0,2048,8,4,4
chunked_256_p4,4243,2048,2805,125125,12212495,84939,45472568,0,45793763,19697,10974004,969378,9883890,267552,8,2048,0,2048,8,4,4
chunked_256_p4,4244,2048,2585,109756,13342694,94467,47679406,0,47998345,18034,11143632,1019111,9982434,247895,8,2048,0,2048,8,4,4
chunked_256_p4,4245,2048,2825,144491,12249074,92234,44880528,0,45460838,15068,11202181,1022316,10043469,254457,8,2048,0,2048,8,4,4
chunked_256_p4,4246,2048,2334,92884,11980020,85432,44730006,0,45134077,12553,11113875,983474,10018943,236494,8,2048,0,2048,8,4,4
chunked_256_p4,4247,2048,2094,89137,12485316,80611,47043035,0,47296930,12062,10957773,987922,9885874,244939,8,2048,0,2048,8,4,4
chunked_256_p4,4248,2048,1913,145653,11936408,97482,45617031,0,45954933,15068,11083268,994815,9962677,237936,8,2048,0,2048,8,4,4
chunked_256_p4,4249,2048,2295,95359,13363814,99926,48979834,0,49292880,16290,11410652,1051762,10224047,246081,8,2048,0,2048,8,4,4
chunked_256_p4,4250,2048,2395,179337,12621763,94066,48067545,0,48368668,12854,10829823,987110,9726756,248525,8,2048,0,2048,8,4,4
chunked_256_p4,4251,2048,2385,109255,12616142,80080,47917734,0,48257448,10810,12038800,972924,10967862,240390,8,2048,0,2048,8,4,4
chunked_256_p4,4252,2048,2564,190467,12413983,91689,46682886,0,47153057,13555,10939338,992069,9833575,243997,8,2048,0,2048,8,4,4
chunked_256_p4,4253,2048,2525,148739,12045061,93467,45750930,0,46183403,10029,10855592,970399,9789222,250610,8,2048,0,2048,8,4,4
chunked_256_p4,4254,2048,2385,89788,11028375,103464,42457136,0,42851455,14708,11349458,983173,10242923,253886,8,2048,0,2048,8,4,4
chunked_256_p4,4255,2048,2805,151414,11321726,97584,43144424,0,43535779,11281,11040889,970309,9978467,254988,8,2048,0,2048,8,4,4
chunked_256_p4,4256,2048,2225,107531,12420685,88875,45851431,0,46239807,16181,11381568,982763,10282126,256752,8,2048,0,2048,8,4,4
chunked_256_p4,4257,2048,2645,99707,12749683,93707,47457582,0,47817565,15629,11443624,990807,10331810,234790,8,2048,0,2048,8,4,4
chunked_256_p4,4258,2048,2665,90670,11962596,82402,44454069,0,44793535,9878,11682722,997770,10552394,246953,8,2048,0,2048,8,4,4
chunked_256_p4,4259,2048,2605,178785,13745759,96469,49946927,0,50300109,11101,11468822,976601,10362587,277790,8,2048,0,2048,8,4,4
chunked_256_p4,4260,2048,2374,116077,12029873,84669,45558351,0,45882637,19807,11133283,975199,10034181,238006,8,2048,0,2048,8,4,4
chunked_256_p4,4261,2048,2245,94147,13333217,106128,51417505,0,51735129,9608,11221477,975138,10137395,253155,8,2048,0,2048,8,4,4
chunked_256_p4,4262,2048,2635,94878,13261291,91922,46681113,0,47066948,10751,11307219,1000055,10198470,232526,8,2048,0,2048,8,4,4
chunked_256_p4,4263,2048,2544,186640,12730847,107641,45711428,0,46107428,11161,11692180,977071,10599080,242495,8,2048,0,2048,8,4,4
chunked_256_p4,4264,2048,2425,118412,12988200,85761,46851122,0,47197565,11090,11838845,982352,10754843,248255,8,2048,0,2048,8,4,4
chunked_256_p4,4265,2048,3165,125726,13601710,85911,50022888,0,50343031,16521,11857059,977623,10766555,243677,8,2048,0,2048,8,4,4
chunked_256_p4,4266,2048,2335,106840,13764905,101972,50578732,0,50912979,23675,11672864,987391,10550609,235942,8,2048,0,2048,8,4,4
chunked_256_p4,4267,2048,2514,149650,13956264,100067,49997623,0,50456994,13015,11898026,967845,10808012,234780,8,2048,0,2048,8,4,4
chunked_256_p4,4268,2048,2895,114064,12766664,90480,47491736,0,47759326,12283,12106978,1082830,10889675,243867,8,2048,0,2048,8,4,4
chunked_256_p4,4269,2048,2084,178404,12439381,96951,45918417,0,46336862,11311,11697239,978464,10608228,238227,8,2048,0,2048,8,4,4
chunked_256_p4,4270,2048,2444,149280,13296087,106259,47652026,0,48088213,16321,11603774,985087,10516315,245160,8,2048,0,2048,8,4,4
chunked_256_p4,4271,2048,2215,149099,12676094,95569,47459635,0,48127567,12684,12154787,1013169,11011374,251020,8,2048,0,2048,8,4,4
chunked_256_p4,4272,2048,2344,86813,12259354,96802,46974455,0,47337586,15779,12113089,980889,11000573,238387,8,2048,0,2048,8,4,4
chunked_256_p4,4273,2048,2574,187822,11470154,86252,43416906,0,43949855,12243,12101467,980067,11003309,245941,8,2048,0,2048,8,4,4
chunked_256_p4,4274,2048,2164,105669,12366024,92974,45846880,0,46228288,12503,11881264,974737,10791892,239719,8,2048,0,2048,8,4,4
chunked_256_p4,4275,2048,2074,98555,12666356,104629,46183993,0,46522878,13846,11713620,997681,10603378,243587,8,2048,0,2048,8,4,4
chunked_256_p4,4276,2048,2164,155682,13624072,95979,48800831,0,49202894,16722,11978827,1000535,10850272,247534,8,2048,0,2048,8,4,4
chunked_256_p4,4277,2048,2474,151013,12579202,96650,46026869,0,46382174,12683,6596887,988232,5523185,247514,8,2048,0,2048,8,4,4
chunked_256_p4,4278,2048,3126,193603,13901161,115937,52014334,0,52363196,14347,6673281,989836,5596282,256461,8,2048,0,2048,8,4,4
chunked_256_p4,4279,2048,2876,188072,13889539,91230,52123286,0,52606113,12914,7204687,983584,6129070,236553,8,2048,0,2048,8,4,4
chunked_256_p4,4280,2048,2575,99526,13051819,76143,49680450,0,49945024,14797,7388321,1006868,6296885,248806,8,2048,0,2048,8,4,4
chunked_256_p4,4281,2048,2545,154840,12608849,104468,47180723,0,47593657,17593,7532051,980037,6465070,251151,8,2048,0,2048,8,4,4
chunked_256_p4,4282,2048,3857,273884,14756675,104695,52950126,0,53271960,12323,8817139,1004994,7728198,252965,8,2048,0,2048,8,4,4
chunked_256_p4,4283,2048,2514,100789,15069321,104787,53553790,0,53873539,13135,7721275,993172,6638355,244328,8,2048,0,2048,8,4,4
chunked_256_p4,4284,2048,2284,96571,13251724,103424,48698828,0,49160144,14226,9905991,992892,8718735,284704,8,2048,0,2048,8,4,4
chunked_256_p4,4285,2048,3106,138650,13365677,118524,49931500,0,50331911,11191,8121937,1000315,7023949,247193,8,2048,0,2048,8,4,4
chunked_256_p4,4286,2048,2775,179056,13840978,105517,51760046,0,52070487,13876,8124722,987962,7045569,251873,8,2048,0,2048,8,4,4
chunked_256_p4,4287,2048,3126,146866,13592382,91330,51017556,0,51308351,13605,9011183,984005,7925348,251211,8,2048,0,2048,8,4,4
chunked_256_p4,4288,2048,2154,206628,14878984,90750,54676765,0,55011882,14037,54982477,988263,53856597,260498,8,2048,0,2048,8,4,4
chunked_256_p4,4289,2048,2384,106400,16863084,102312,60589990,0,60888170,22993,8620161,1125410,7384704,239539,8,2048,0,2048,8,4,4
chunked_256_p4,4290,2048,1784,89698,14528137,104536,55229342,0,55544452,13695,8355564,985187,7274428,319379,8,2048,0,2048,8,4,4
chunked_256_p4,4291,2048,2405,140073,14868414,104195,57048251,0,57419887,12724,8599572,1006718,7501323,249818,8,2048,0,2048,8,4,4
chunked_256_p4,4292,2048,2375,133511,15579748,88838,57199946,0,57461868,12313,8859470,979626,7774325,240761,8,2048,0,2048,8,4,4
chunked_256_p4,4293,2048,2455,84097,16091096,104425,57722325,0,58019372,10680,8441276,972453,7371650,231774,8,2048,0,2048,8,4,4
chunked_256_p4,4294,2048,2415,88727,15212851,94857,54816406,0,55290918,11992,8649485,1014742,7542901,250279,8,2048,0,2048,8,4,4
chunked_256_p4,4295,2048,2294,90038,15369804,119724,55717617,0,56053967,14708,8423853,1000225,7322137,254527,8,2048,0,2048,8,4,4
chunked_256_p4,4296,2048,2665,172062,15488637,115909,55714411,0,56082794,9688,8437669,1010815,7332446,249437,8,2048,0,2048,8,4,4
chunked_256_p4,4297,2048,2364,89047,14920131,84999,58118617,0,58500194,10179,8707595,976481,7630866,242895,8,2048,0,2048,8,4,4
chunked_256_p4,4298,2048,2786,154549,13971614,83076,52880949,0,53170261,14477,8494445,991528,7421252,248245,8,2048,0,2048,8,4,4
chunked_256_p4,4299,2048,2605,170330,14541602,88137,53206879,0,53454285,12293,8687938,972343,7625556,242775,8,2048,0,2048,8,4,4
chunked_256_p4,4300,2048,2504,144340,14977879,92805,56415185,0,56772243,10360,8670885,993152,7597243,242405,8,2048,0,2048,8,4,4
chunked_256_p4,4301,2048,2254,81513,13895991,85492,52494283,0,52827128,17603,9008328,990447,7928444,237064,8,2048,0,2048,8,4,4
chunked_256_p4,4302,2048,2134,84619,13491413,98265,51765307,0,52187930,15950,9498016,992751,8368589,236213,8,2048,0,2048,8,4,4
chunked_256_p4,4303,2048,2164,102913,14652229,100688,54025363,0,54356495,10770,9141378,976651,8082121,246773,8,2048,0,2048,8,4,4
chunked_256_p4,4304,2048,2274,86572,14753970,86623,53596941,0,53991508,9107,9267144,997290,8177060,256300,8,2048,0,2048,8,4,4
chunked_256_p4,4305,2048,1874,88446,13100881,123642,50617775,0,51206768,24045,9439587,972974,8356165,261951,8,2048,0,2048,8,4,4
chunked_256_p4,4306,2048,2134,86973,14323242,99037,53560383,0,54037608,16430,9671291,1330935,8244887,237756,8,2048,0,2048,8,4,4
chunked_256_p4,4307,2048,2885,175679,13192853,93955,50738540,0,51190980,11652,9314171,968375,8262180,371407,8,2048,0,2048,8,4,4
chunked_256_p4,4308,2048,2745,142437,13289304,86279,51329200,0,51669856,13987,9167808,996307,8086029,236703,8,2048,0,2048,8,4,4
chunked_256_p4,4309,2048,2374,158507,13338376,112301,51010873,0,51638929,17653,9401475,988393,8317052,263965,8,2048,0,2048,8,4,4
chunked_256_p4,4310,2048,2544,145313,15559440,97523,56383184,0,56794626,13486,9304052,1006657,8204802,239629,8,2048,0,2048,8,4,4
chunked_256_p4,4311,2048,2124,155602,13246373,94758,51074031,0,51517654,9238,9401665,1015834,8264573,242144,8,2048,0,2048,8,4,4
chunked_256_p4,4312,2048,2686,190938,15848462,81913,56827406,0,57227036,12984,10671306,989144,9589408,264115,8,2048,0,2048,8,4,4
chunked_256_p4,4313,2048,2635,124864,16445451,108863,59815569,0,60141790,15158,9243179,1005906,8139309,249507,8,2048,0,2048,8,4,4
chunked_256_p4,4314,2048,2094,97493,14506236,96923,55963546,0,56343461,20178,9747123,1006938,8612266,311154,8,2048,0,2048,8,4,4
chunked_256_p4,4315,2048,3186,125576,14825043,87444,54258209,0,54635749,14286,9589067,1009472,8475380,251351,8,2048,0,2048,8,4,4
chunked_256_p4,4316,2048,2635,94417,16092820,100236,60398651,0,60753258,13165,9838525,977011,8722883,245100,8,2048,0,2048,8,4,4
chunked_256_p4,4317,2048,2294,162996,14874426,102692,57005531,0,57302386,21260,9644230,983604,8512409,306375,8,2048,0,2048,8,4,4
chunked_256_p4,4318,2048,3596,222818,14664292,119165,55580950,0,55976943,14607,10239166,1094782,8981948,239338,8,2048,0,2048,8,4,4
chunked_256_p4,4319,2048,2525,98414,15102623,92833,57660900,0,57976882,10821,10785340,979426,9673575,272201,8,2048,0,2048,8,4,4
chunked_256_p4,4320,2048,2875,188373,15475903,92734,59134842,0,59389279,13826,10045283,986159,8935472,243697,8,2048,0,2048,8,4,4
chunked_256_p4,4321,2048,2785,180638,16226671,103874,58793651,0,59258584,15018,10292065,1260533,8918189,246622,8,2048,0,2048,8,4,4
chunked_256_p4,4322,2048,2114,168265,15538050,90961,57092472,0,57394348,11782,10201575,1009122,9066458,252764,8,2048,0,2048,8,4,4
chunked_256_p4,4323,2048,3416,159910,16267598,93567,61215684,0,61589957,10149,10322372,1017657,9153911,294332,8,2048,0,2048,8,4,4
chunked_256_p4,4324,2048,3467,151243,15963588,91380,60653862,0,61034683,15119,10305761,1058764,9067819,274825,8,2048,0,2048,8,4,4
chunked_256_p4,4325,2048,2745,219010,18558342,100890,68338867,0,68759396,11993,9991482,1087629,8765783,264075,8,2048,0,2048,8,4,4
chunked_256_p4,4326,2048,2204,115035,16323031,90439,58566025,0,58824330,13185,10317894,946795,9226147,278241,8,2048,0,2048,8,4,4
chunked_256_p4,4327,2048,3266,171732,18313653,113466,61901741,0,62330655,14207,10632724,980188,9538562,196539,8,2048,0,2048,8,4,4
chunked_256_p4,4328,2048,2154,91211,18046763,114523,64964360,0,66784714,13746,10998960,1030011,9809099,247724,8,2048,0,2048,8,4,4
chunked_256_p4,4329,2048,2384,122089,14656087,88496,55246783,0,55686468,14377,10260355,1011476,9135267,151114,8,2048,0,2048,8,4,4
chunked_256_p4,4330,2048,2385,87715,14570075,122479,54991314,0,55368251,12092,10239997,1143013,8970808,125205,8,2048,0,2048,8,4,4
chunked_256_p4,4331,2048,1613,234710,16257408,147386,58829316,0,59172552,17543,10322733,974938,9200268,276068,8,2048,0,2048,8,4,4
chunked_256_p4,4332,2048,3607,135774,15751359,99014,59878686,0,60256983,10871,9661954,981130,8598370,240691,8,2048,0,2048,8,4,4
chunked_256_p4,4333,2048,3777,175449,15804149,104977,58880305,0,59247104,15489,9687993,989956,8600854,240410,8,2048,0,2048,8,4,4
chunked_256_p4,4334,2048,2374,87224,16164785,124965,57232047,0,57569738,12193,10424533,1096345,9206821,237566,8,2048,0,2048,8,4,4
chunked_256_p4,4335,2048,2214,99877,15655029,109927,57813997,0,58228084,12634,9887626,1011566,8752268,251401,8,2048,0,2048,8,4,4
chunked_256_p4,4336,2048,3206,200586,16294268,101769,59142926,0,59525754,12062,10037387,1034659,8892791,247334,8,2048,0,2048,8,4,4
chunked_256_p4,4337,2048,2345,147447,15207580,88536,57056045,0,57366576,10710,10151431,986239,9051028,242835,8,2048,0,2048,8,4,4
chunked_256_p4,4338,2048,2785,183504,14046443,92872,53512841,0,53782136,9788,9802607,982592,8721711,260248,8,2048,0,2048,8,4,4
chunked_256_p4,4339,2048,2765,181952,15343195,106410,55897823,0,56573971,16130,9919216,975069,8837808,248636,8,2048,0,2048,8,4,4
chunked_256_p4,4340,2048,2435,143980,16231410,96973,58087910,0,58400947,17412,10172941,1111103,8946162,235271,8,2048,0,2048,8,4,4
chunked_256_p4,4341,2048,2354,89718,15947097,99235,58740191,0,59045404,13495,11599496,983083,10502048,252243,8,2048,0,2048,8,4,4
chunked_256_p4,4342,2048,2335,85891,14487019,91081,55098075,0,55416602,13796,10545561,989094,9445949,251161,8,2048,0,2048,8,4,4
chunked_256_p4,4343,2048,2635,113463,14960807,93745,54670984,0,55220716,13846,10102780,1038387,8973553,257252,8,2048,0,2048,8,4,4
chunked_256_p4,4344,2048,2655,208662,14717502,100428,53856327,0,54229136,14978,10255867,977472,9188766,248235,8,2048,0,2048,8,4,4
chunked_256_p4,4345,2048,2184,88767,15104067,104116,57578235,0,57975148,12934,10380300,1050830,9221979,174678,8,2048,0,2048,8,4,4
chunked_256_p4,4346,2048,3086,180879,16191685,88809,58066270,0,58339663,14266,10411819,987642,9324932,256621,8,2048,0,2048,8,4,4
chunked_256_p4,4347,2048,2364,189956,15632758,94967,55836809,0,56140929,11371,10609179,1009723,9493788,242905,8,2048,0,2048,8,4,4
chunked_256_p4,4348,2048,2364,156313,15396395,105367,56824481,0,57282489,14387,10894053,1010936,9759647,277160,8,2048,0,2048,8,4,4
chunked_256_p4,4349,2048,2796,152156,15811312,113051,57927138,0,58292362,13977,10934570,979577,9836030,232786,8,2048,0,2048,8,4,4
chunked_256_p4,4350,2048,2284,100027,17063370,99857,64131871,0,64440798,12764,10149488,993141,9033986,255098,8,2048,0,2048,8,4,4
chunked_256_p4,4351,2048,2525,93215,13872257,99306,53530937,0,53897513,9658,10325538,980108,9251293,245971,8,2048,0,2048,8,4,4
chunked_256_p4,4352,2048,2344,126798,14020866,103436,53497884,0,53837782,13094,10764671,1025623,9627058,256711,8,2048,0,2048,8,4,4
chunked_256_p4,4353,2048,2304,178214,14621271,91351,56564604,0,56873503,11221,10909131,1014292,9775927,236773,8,2048,0,2048,8,4,4
chunked_256_p4,4354,2048,2194,117700,14704347,90270,55236914,0,55572175,17273,10514382,978785,9431311,246723,8,2048,0,2048,8,4,4
chunked_256_p4,4355,2048,2986,149120,14469637,111038,54268368,0,54729682,18965,10560869,983844,9463612,263484,8,2048,0,2048,8,4,4
chunked_256_p4,4356,2048,2475,191399,15340530,94880,55174720,0,55525727,10259,10522897,982352,9444947,245089,8,2048,0,2048,8,4,4
chunked_256_p4,4357,2048,2425,124353,15402806,97001,57090080,0,57443061,14217,10486179,974406,9415461,300413,8,2048,0,2048,8,4,4
chunked_256_p4,4358,2048,2334,163176,14999370,96591,54720167,0,55190448,14176,10449941,978083,9364315,252463,8,2048,0,2048,8,4,4
chunked_256_p4,4359,2048,2384,159529,14837847,113231,54199841,0,54536171,12574,10578422,980629,9498387,278472,8,2048,0,2048,8,4,4
chunked_256_p4,4360,2048,2064,91592,15631505,89036,55723927,0,56067732,12614,10482252,981450,9392799,261560,8,2048,0,2048,8,4,4
chunked_256_p4,4361,2048,3236,195867,15743084,105948,56042293,0,56388914,18635,10575316,978254,9481756,68628,8,2048,0,2048,8,4,4
chunked_256_p4,4362,2048,1683,84979,15293361,96350,57056334,0,57387225,12593,10344774,978374,9250772,246682,8,2048,0,2048,8,4,4
chunked_256_p4,4363,2048,2725,144421,14789787,96171,55633737,0,56026667,13585,10528418,978204,9451499,274104,8,2048,0,2048,8,4,4
chunked_256_p4,4364,2048,2455,192431,14824171,105157,54321789,0,54876099,12694,10844812,1060148,9663286,249858,8,2048,0,2048,8,4,4
chunked_256_p4,4365,2048,2054,93936,14806739,100258,54176397,0,54595032,11882,10388636,1001387,9282723,244048,8,2048,0,2048,8,4,4
chunked_256_p4,4366,2048,2114,103013,13997322,91700,52324606,0,52808963,16190,10430454,966942,9351381,247013,8,2048,0,2048,8,4,4
chunked_256_p4,4367,2048,14708,185177,14834851,105319,54283550,0,54739032,16020,10843319,980107,9729130,254968,8,2048,0,2048,8,4,4
chunked_256_p4,4368,2048,2344,99196,14860259,100911,56291722,0,56701581,11091,10511807,979336,9419058,244058,8,2048,0,2048,8,4,4
chunked_256_p4,4369,2048,2355,148469,14088893,101179,53316575,0,53753404,11551,10662138,995546,9559862,253705,8,2048,0,2048,8,4,4
chunked_256_p4,4370,2048,2084,91963,14925181,87545,54756886,0,55179177,10029,11634572,993763,10537595,239018,8,2048,0,2048,8,4,4
chunked_256_p4,4371,2048,2475,90700,14454168,98738,53834036,0,54381260,11892,10715939,977032,9646484,347291,8,2048,0,2048,8,4,4
chunked_256_p4,4372,2048,5039,227727,15594997,988513,57203823,0,58382432,13565,10776142,977443,9700436,256511,8,2048,0,2048,8,4,4
chunked_256_p4,4373,2048,2534,149070,15018246,84108,56757323,0,57083397,13705,10769039,975398,9682923,238557,8,2048,0,2048,8,4,4
chunked_256_p4,4374,2048,2515,192040,15559179,107942,57134782,0,57492453,15238,10728282,982793,9621097,241823,8,2048,0,2048,8,4,4
chunked_256_p4,4375,2048,2164,95730,14613908,105699,55123864,0,55440887,15930,10945410,1033948,9810742,269846,8,2048,0,2048,8,4,4
chunked_256_p4,4376,2048,2194,194514,14980154,108623,55794569,0,56086907,14056,10886599,997059,9751712,252594,8,2048,0,2048,8,4,4
chunked_256_p4,4377,2048,2384,149931,14630869,89407,54790229,0,55162065,11902,10725448,974336,9643589,253495,8,2048,0,2048,8,4,4
chunked_256_p4,4378,2048,2475,85841,14447575,96672,55245021,0,55681659,17552,12025554,973696,10955940,245541,8,2048,0,2048,8,4,4
chunked_256_p4,4379,2048,2514,97643,14860600,92283,57208511,0,57508033,12534,16823660,1041693,15678403,267822,8,2048,0,2048,8,4,4
chunked_256_p4,4380,2048,2365,89699,15219132,91870,56573040,0,57050603,11452,10513369,980067,9418497,264757,8,2048,0,2048,8,4,4
chunked_256_p4,4381,2048,2956,167404,15316765,93334,56753888,0,57273602,12814,10578642,975018,9487647,242134,8,2048,0,2048,8,4,4
chunked_256_p4,4382,2048,2024,158287,16535079,85911,60186633,0,60527573,10580,10884075,970820,9796306,232847,8,2048,0,2048,8,4,4
chunked_256_p4,4383,2048,2565,154630,16390137,100338,59961703,0,60319134,16732,10949027,979977,9855427,240451,8,2048,0,2048,8,4,4
chunked_256_p4,4384,2048,2314,141786,15232858,87423,57943227,0,58242291,12553,10925723,970269,9795604,246452,8,2048,0,2048,8,4,4
chunked_256_p4,4385,2048,2104,88035,16080747,102212,57648177,0,57916288,11993,10702484,987000,9592663,263664,8,2048,0,2048,8,4,4
chunked_256_p4,4386,2048,3075,178745,15712938,137587,58307851,0,58812256,14507,10721630,982952,9622990,239479,8,2048,0,2048,8,4,4
chunked_256_p4,4387,2048,2334,169839,15937519,95479,59504113,0,59824567,12644,10522106,949470,9459203,248295,8,2048,0,2048,8,4,4
chunked_256_p4,4388,2048,2274,194395,14042396,104566,52818562,0,53246332,14868,10887050,990818,9771339,250068,8,2048,0,2048,8,4,4
chunked_256_p4,4389,2048,2124,188724,15486483,103695,57209313,0,57824086,10931,10893623,983874,9791978,240100,8,2048,0,2048,8,4,4
chunked_256_p4,4390,2048,2494,171852,14602926,97554,54417067,0,54833930,12002,10826206,988623,9739429,248426,8,2048,0,2048,8,4,4
chunked_256_p4,4391,2048,2385,118722,14438468,98887,53370443,0,53931339,17463,11137781,1000666,10013002,243737,8,2048,0,2048,8,4,4
chunked_256_p4,4392,2048,1804,85450,15773922,94195,58622020,0,58991553,8967,11058341,984606,9946828,247814,8,2048,0,2048,8,4,4
chunked_256_p4,4393,2048,10159,220754,17064312,124341,63933650,0,64328788,11972,11018527,965560,9931870,245390,8,2048,0,2048,8,4,4
chunked_256_p4,4394,2048,3116,127188,18370100,101802,62795335,0,63082615,11742,11202952,1018489,10068957,236182,8,2048,0,2048,8,4,4
chunked_256_p4,4395,2048,2355,193153,14849840,86803,54986855,0,55379793,12243,11208343,959208,10136894,253946,8,2048,0,2048,8,4,4
chunked_256_p4,4396,2048,2294,166472,16134648,101819,57379405,0,57771256,16211,11353004,970790,10268912,242114,8,2048,0,2048,8,4,4
chunked_256_p4,4397,2048,2365,184736,15311364,103875,57582761,0,57991017,15840,10815296,979466,9721245,232355,8,2048,0,2048,8,4,4
chunked_256_p4,4398,2048,2594,151163,14175595,89109,53456097,0,53867101,14878,15120036,977132,14036204,238076,8,2048,0,2048,8,4,4
chunked_256_p4,4399,2048,2094,88586,13603693,99656,52393114,0,52921063,11401,11453782,998462,10342029,290003,8,2048,0,2048,8,4,4
chunked_256_p4,4400,2048,2315,167794,16042756,107983,56651247,0,57064189,12584,11197112,1004944,10096328,305693,8,2048,0,2048,8,4,4
chunked_256_p4,4401,2048,3156,190217,14650967,92164,53503737,0,53851958,10459,11207391,962745,10146222,261129,8,2048,0,2048,8,4,4
chunked_256_p4,4402,2048,2074,92914,14963182,94676,54643662,0,55039223,11141,11114707,968095,10038971,237135,8,2048,0,2048,8,4,4
chunked_256_p4,4403,2048,2284,96912,15053511,97652,56095462,0,56478281,15540,11279386,982261,10181658,241382,8,2048,0,2048,8,4,4
chunked_256_p4,4404,2048,2245,157245,16066581,103174,59509116,0,59822152,18415,10853638,983704,9752283,233858,8,2048,0,2048,8,4,4
chunked_256_p4,4405,2048,2003,90239,15278824,94617,56667969,0,57019389,16030,10813653,990828,9726625,258234,8,2048,0,2048,8,4,4
chunked_256_p4,4406,2048,2374,185418,13542819,87766,52003864,0,52431698,12334,10886590,976571,9800824,247444,8,2048,0,2048,8,4,4
chunked_256_p4,4407,2048,2064,109405,13943680,94525,53505007,0,53967533,9618,10872142,1002339,9774785,265808,8,2048,0,2048,8,4,4
chunked_256_p4,4408,2048,1723,91231,13660400,95317,51567375,0,52139317,13275,10967772,975699,9887496,230983,8,2048,0,2048,8,4,4
chunked_256_p4,4409,2048,1943,103253,14608807,98214,53613995,0,54109512,14067,11431661,1001908,10302585,240671,8,2048,0,2048,8,4,4
chunked_256_p4,4410,2048,2565,175439,15805862,109405,58479936,0,58799011,15028,12488493,994063,11366670,264997,8,2048,0,2048,8,4,4
chunked_256_p4,4411,2048,2044,104957,15630724,99639,58544325,0,58827717,13605,11705555,984706,10598169,235872,8,2048,0,2048,8,4,4
chunked_256_p4,4412,2048,2404,95810,15552968,96611,58366613,0,58786760,12143,11116471,1001006,10013072,275587,8,2048,0,2048,8,4,4
chunked_256_p4,4413,2048,2164,106880,16442285,95609,61927850,0,62223122,14137,11622389,1298164,10196286,277349,8,2048,0,2048,8,4,4
chunked_256_p4,4414,2048,2685,191058,16786340,90820,63069851,0,63424484,9678,12637111,1090204,11385415,304170,8,2048,0,2048,8,4,4
chunked_256_p4,4415,2048,2946,175198,18493470,797036,68269298,0,69368457,15189,11285808,972744,10192348,255820,8,2048,0,2048,8,4,4
chunked_256_p4,4416,2048,2295,99877,16953122,100467,61717174,0,62003270,13535,11726173,1150336,10431736,250831,8,2048,0,2048,8,4,4
chunked_256_p4,4417,2048,2505,92703,15485080,101367,57141705,0,57591860,12504,6388888,982122,5320364,253114,8,2048,0,2048,8,4,4
chunked_256_p4,4418,2048,2415,90009,16659883,99737,61905064,0,62248849,12453,6927687,1024160,5803750,260438,8,2048,0,2048,8,4,4
chunked_256_p4,4419,2048,2455,115176,15579016,95269,59696236,0,59979215,14457,7125699,970840,6059701,274485,8,2048,0,2048,8,4,4
chunked_256_p4,4420,2048,2795,124343,17403647,93877,62860728,0,63186198,13155,7453083,1108008,6228657,257002,8,2048,0,2048,8,4,4
chunked_256_p4,4421,2048,2465,114084,17182683,108443,65310789,0,65692756,11431,7422405,967895,6332081,310773,8,2048,0,2048,8,4,4
chunked_256_p4,4422,2048,3357,177433,17650139,96582,68023476,0,68457029,11582,7493788,1005054,6396040,245700,8,2048,0,2048,8,4,4
chunked_256_p4,4423,2048,2074,84178,17903264,103614,65747999,0,66374575,15469,8422199,1006217,7260351,246341,8,2048,0,2048,8,4,4
chunked_256_p4,4424,2048,2375,101861,18501937,97033,67904464,0,68207032,11622,7669148,1012137,6584695,240631,8,2048,0,2048,8,4,4
chunked_256_p4,4425,2048,2866,210625,17836769,103543,65013213,0,65344926,12263,7804081,982742,6719497,269846,8,2048,0,2048,8,4,4
chunked_256_p4,4426,2048,2335,177483,16681113,121370,60377725,0,60790438,11161,8984514,1023690,7862760,269355,8,2048,0,2048,8,4,4
chunked_256_p4,4427,2048,2375,171251,18180102,109445,65249928,0,65578303,9467,8273781,967053,7196481,245821,8,2048,0,2048,8,4,4
chunked_256_p4,4428,2048,2234,97773,14304517,102743,55099518,0,55555953,11432,24681001,994415,23557684,247895,8,2048,0,2048,8,4,4
chunked_256_p4,4429,2048,2525,193122,19043802,92763,68609635,0,69035072,13796,8486230,1001688,7381839,246342,8,2048,0,2048,8,4,4
chunked_256_p4,4430,2048,2214,87915,18702161,101721,69571640,0,69903140,13795,8490036,982552,7397268,270247,8,2048,0,2048,8,4,4
chunked_256_p4,4431,2048,2464,102121,18042876,101349,69210441,0,69515384,17824,10089485,2683060,7291359,284864,8,2048,0,2048,8,4,4
chunked_256_p4,4432,2048,2284,165891,18682805,103165,70903506,0,71225220,14557,8296403,989495,7208694,237235,8,2048,0,2048,8,4,4
chunked_256_p4,4433,2048,2034,202871,17158508,95520,65445905,0,65858959,11151,8558595,1051031,7401686,249147,8,2048,0,2048,8,4,4
chunked_256_p4,4434,2048,2395,195397,17626586,96591,66435028,0,66767764,12343,8841345,1000896,7702741,257453,8,2048,0,2048,8,4,4
chunked_256_p4,4435,2048,2014,92744,19018384,114715,71873374,0,72203634,11502,8809947,1005776,7691019,279283,8,2048,0,2048,8,4,4
chunked_256_p4,4436,2048,2335,199504,19363431,97334,70907573,0,71270897,12253,9067930,1130529,7850328,259467,8,2048,0,2048,8,4,4
chunked_256_p4,4437,2048,2565,104846,18108619,96420,63905758,0,64237819,13445,8883614,981480,7817746,235692,8,2048,0,2048,8,4,4
chunked_256_p4,4438,2048,2505,183865,18252639,118673,66798618,0,67302896,20618,9427554,1237130,8082222,244849,8,2048,0,2048,8,4,4
chunked_256_p4,4439,2048,2795,202109,20208245,102301,74179055,0,74552176,13375,10729175,1224846,9401325,275987,8,2048,0,2048,8,4,4
chunked_256_p4,4440,2048,2385,235823,21431819,114112,81612602,0,81947289,12092,10288989,1189861,8984784,268754,8,2048,0,2048,8,4,4
chunked_256_p4,4441,2048,2775,242705,20747587,121228,77726467,0,78237828,18655,9945736,1213565,8616333,245520,8,2048,0,2048,8,4,4
chunked_256_p4,4442,2048,3226,181420,21465943,113383,79018591,0,79384755,12183,9782851,1123987,8542325,246402,8,2048,0,2048,8,4,4
chunked_256_p4,4443,2048,2876,213110,20511824,104956,78255109,0,78597279,10269,9781357,1106334,8586818,236644,8,2048,0,2048,8,4,4
chunked_256_p4,4444,2048,2544,175990,20244162,107712,72454674,0,72851757,13315,9898547,1090805,8709038,247624,8,2048,0,2048,8,4,4
chunked_256_p4,4445,2048,2304,100038,20115281,125936,71507537,0,71943596,13596,10051604,1110823,8849811,244959,8,2048,0,2048,8,4,4
chunked_256_p4,4446,2048,2575,131376,20215168,116890,71795328,0,72189688,14247,10067104,1103860,8857055,244298,8,2048,0,2048,8,4,4
chunked_256_p4,4447,2048,2305,100237,20663349,111862,72826680,0,73163304,14036,10162101,1100543,8969596,238427,8,2048,0,2048,8,4,4
chunked_256_p4,4448,2048,2064,200185,19653736,125854,71962782,0,72477306,16180,10206615,1121923,8980877,258334,8,2048,0,2048,8,4,4
chunked_256_p4,4449,2048,2284,162545,20606862,123753,73206171,0,73545461,11802,10077623,1117154,8866162,263894,8,2048,0,2048,8,4,4
chunked_256_p4,4450,2048,2565,233538,19640882,127809,75071559,0,75453737,13155,19602540,1133685,18339111,240841,8,2048,0,2048,8,4,4
chunked_256_p4,4451,2048,2575,101470,20118978,95419,75228735,0,75542013,16410,11205096,1121092,9975762,242425,8,2048,0,2048,8,4,4
chunked_256_p4,4452,2048,2445,183584,20020193,116398,72622270,0,73029120,17573,10345024,1260283,8941392,239339,8,2048,0,2048,8,4,4
chunked_256_p4,4453,2048,1834,81292,20775679,132249,76819316,0,78046488,13806,10170146,1124237,8935762,251302,8,2048,0,2048,8,4,4
chunked_256_p4,4454,2048,2435,161402,17828934,108885,68911762,0,69523068,17282,10606384,1300649,9193255,239840,8,2048,0,2048,8,4,4
chunked_256_p4,4455,2048,2234,194544,20944796,108434,76563757,0,76849634,13194,9428616,992541,8320118,256521,8,2048,0,2048,8,4,4
chunked_256_p4,4456,2048,2184,92123,19089859,109046,72660943,0,72991723,14477,10182320,1102928,8958274,248916,8,2048,0,2048,8,4,4
chunked_256_p4,4457,2048,2775,170970,17982282,99667,68489531,0,68874220,13305,9778212,1126271,8540551,246232,8,2048,0,2048,8,4,4
chunked_256_p4,4458,2048,2335,170340,18184982,112601,69518047,0,69908310,10119,9527382,978975,8444481,264235,8,2048,0,2048,8,4,4
chunked_256_p4,4459,2048,2574,124173,18603767,92684,71061933,0,71390909,10791,9756161,986479,8647011,240280,8,2048,0,2048,8,4,4
chunked_256_p4,4460,2048,9718,86943,19163427,106017,73207444,0,73506354,16421,10407131,1128014,9177466,255459,8,2048,0,2048,8,4,4
chunked_256_p4,4461,2048,2395,169067,17503895,98663,66507104,0,67012369,14067,10467164,1013269,9325463,261770,8,2048,0,2048,8,4,4
chunked_256_p4,4462,2048,2074,85100,19041949,121408,71323404,0,71665094,12423,9513876,986730,8419134,234399,8,2048,0,2048,8,4,4
chunked_256_p4,4463,2048,3005,160240,19656440,115796,72686760,0,73184552,14067,10718505,1097437,9526670,240321,8,2048,0,2048,8,4,4
chunked_256_p4,4464,2048,2335,185839,21116318,115729,75423449,0,75745916,15639,10818922,1196282,9521430,208581,8,2048,0,2048,8,4,4
chunked_256_p4,4465,2048,3527,193763,19114755,113442,71949386,0,72318399,19437,10739163,1113728,9507174,234129,8,2048,0,2048,8,4,4
chunked_256_p4,4466,2048,2124,136917,21727664,127678,78666690,0,79025851,18745,10760954,1101275,9557829,242605,8,2048,0,2048,8,4,4
chunked_256_p4,4467,2048,2014,84749,19666930,106289,71163773,0,71525612,13495,10854279,1131882,9623722,191219,8,2048,0,2048,8,4,4
chunked_256_p4,4468,2048,2525,162214,20074424,100598,73294930,0,73693416,14176,10794747,1106585,9580190,242465,8,2048,0,2048,8,4,4
chunked_256_p4,4469,2048,2405,233007,21087954,117841,77676753,0,78079748,14047,10893563,1109390,9677883,258825,8,2048,0,2048,8,4,4
chunked_256_p4,4470,2048,2284,222648,19019827,105047,71356806,0,71766584,11422,10444531,993463,9347354,245480,8,2048,0,2048,8,4,4
chunked_256_p4,4471,2048,3096,123010,19367489,103785,73362867,0,73646039,13135,11466877,1100203,10239947,254687,8,2048,0,2048,8,4,4
chunked_256_p4,4472,2048,4137,213671,20900793,1366362,79514489,0,81256344,19416,11504808,1111022,10274111,238978,8,2048,0,2048,8,4,4
chunked_256_p4,4473,2048,2545,178184,19479319,109526,71713314,0,71998748,17693,11321766,1117485,10088834,274885,8,2048,0,2048,8,4,4
chunked_256_p4,4474,2048,2204,90209,18447404,99747,69795468,0,70077285,18485,10147344,981791,9037673,244598,8,2048,0,2048,8,4,4
chunked_256_p4,4475,2048,2625,259707,20066599,102041,74776295,0,75107357,16561,11179879,1464275,9548851,247033,8,2048,0,2048,8,4,4
chunked_256_p4,4476,2048,2785,106199,18802400,98594,71644693,0,72152177,10770,12040102,1108629,10833289,243166,8,2048,0,2048,8,4,4
chunked_256_p4,4477,2048,2535,107342,19828944,93245,72467133,0,72777258,14286,10211584,988523,9114748,245730,8,2048,0,2048,8,4,4
chunked_256_p4,4478,2048,2224,230031,21379460,122922,76469580,0,76875632,18695,10993009,1110472,9735742,266389,8,2048,0,2048,8,4,4
chunked_256_p4,4479,2048,2234,113042,21601097,112881,78424785,0,78816109,17493,11075313,1107095,9855397,258835,8,2048,0,2048,8,4,4
chunked_256_p4,4480,2048,2134,92233,19435647,137337,72209073,0,72521059,15880,10848739,1125861,9554242,236894,8,2048,0,2048,8,4,4
chunked_256_p4,4481,2048,2134,96160,19768350,114405,74272433,0,74663093,12504,11334960,1103488,10103962,240250,8,2048,0,2048,8,4,4
chunked_256_p4,4482,2048,3637,309250,18357806,99006,70469041,0,70755098,12323,10689130,1004303,9564350,243586,8,2048,0,2048,8,4,4
chunked_256_p4,4483,2048,2444,183534,17911700,90457,69135563,0,69509330,14046,12074156,1123236,10842206,248265,8,2048,0,2048,8,4,4
chunked_256_p4,4484,2048,2154,198913,18818089,136006,71572492,0,72042341,17573,11925648,1128706,10670033,247424,8,2048,0,2048,8,4,4
chunked_256_p4,4485,2048,2604,184256,19033453,117561,69552421,0,69918669,13205,11338797,996238,10187259,249257,8,2048,0,2048,8,4,4
chunked_256_p4,4486,2048,2725,122780,18972027,116488,71928970,0,72295055,18164,10136603,915005,9121591,247945,8,2048,0,2048,8,4,4
chunked_256_p4,4487,2048,2574,134352,19019597,106761,68989188,0,69318885,19908,11931439,1120411,10685482,243637,8,2048,0,2048,8,4,4
chunked_256_p4,4488,2048,2765,211427,20628092,123852,75177958,0,75492530,17864,10292245,962996,9232047,246713,8,2048,0,2048,8,4,4
chunked_256_p4,4489,2048,2645,228678,19279774,93885,70896322,0,71204408,13285,11236947,1239694,9889470,248205,8,2048,0,2048,8,4,4
chunked_256_p4,4490,2048,2414,197470,17807785,123662,67467825,0,67801852,12724,10620310,921518,9581934,237095,8,2048,0,2048,8,4,4
chunked_256_p4,4491,2048,2555,212739,17922460,109036,67349073,0,67762900,16460,11121780,1101485,9884681,236493,8,2048,0,2048,8,4,4
chunked_256_p4,4492,2048,2194,190287,18489133,119425,70462136,0,70778771,10449,10855651,978334,9738818,245972,8,2048,0,2048,8,4,4
chunked_256_p4,4493,2048,2395,209373,19714600,131004,71152984,0,71551783,13956,10461914,1006437,9356321,240951,8,2048,0,2048,8,4,4
chunked_256_p4,4494,2048,2394,215184,19693701,128809,73571756,0,73881358,14708,10283078,1045200,9124676,72095,8,2048,0,2048,8,4,4
chunked_256_p4,4495,2048,2294,87203,18948343,116429,70622377,0,70908956,13505,11643529,1124157,10413483,75030,8,2048,0,2048,8,4,4
chunked_256_p4,4496,2048,3467,187251,20965655,118023,69218918,0,69532867,18716,11666100,990677,10571048,215073,8,2048,0,2048,8,4,4
chunked_256_p4,4497,2048,2194,208531,19977733,108132,71188378,0,71531992,14827,10372756,960611,9304313,244088,8,2048,0,2048,8,4,4
chunked_256_p4,4498,2048,2685,210925,18262899,107942,68793218,0,69266596,12984,10533387,1067211,9360950,248035,8,2048,0,2048,8,4,4
chunked_256_p4,4499,2048,2234,173755,19668683,114284,69854439,0,70193605,16031,11786396,1110612,10553936,314470,8,2048,0,2048,8,4,4
chunked_256_p4,4500,2048,3376,251491,18667026,109016,70621807,0,70935066,12153,11866447,1200531,10518289,244689,8,2048,0,2048,8,4,4
chunked_256_p4,4501,2048,3106,210365,19878016,98434,71069978,0,71374037,15980,11893817,1098860,10698146,283111,8,2048,0,2048,8,4,4
chunked_256_p4,4502,2048,2695,195486,18405415,117448,66805683,0,67111476,14638,278537165,1088571,277317678,232836,8,2048,0,2048,8,4,4
chunked_256_p4,4503,2048,2465,209332,18469726,104504,68665510,0,68980000,11401,11535215,969358,10438139,272121,8,2048,0,2048,8,4,4
chunked_256_p4,4504,2048,3316,209983,19269756,113392,68488437,0,68893468,15489,11057280,1044018,9900260,239820,8,2048,0,2048,8,4,4
chunked_256_p4,4505,2048,2174,100950,18864616,93154,68840220,0,69140220,11672,10709117,997340,9614314,254817,8,2048,0,2048,8,4,4
chunked_256_p4,4506,2048,2024,213941,18797941,95919,67021649,0,67426026,15149,10583351,984696,9490092,252623,8,2048,0,2048,8,4,4
chunked_256_p4,4507,2048,2003,116408,19211536,94941,70754666,0,71260507,12183,10966008,970019,9874612,249428,8,2048,0,2048,8,4,4
chunked_256_p4,4508,2048,2104,192150,19595637,113973,68410401,0,68818526,16030,11017144,1002690,9888739,242875,8,2048,0,2048,8,4,4
chunked_256_p4,4509,2048,2174,214462,19311484,121217,73573734,0,73880968,13866,11280357,1009232,10122768,234830,8,2048,0,2048,8,4,4
chunked_256_p4,4510,2048,2765,176932,18499582,120135,68913283,0,69307513,12995,10915815,984536,9796956,248385,8,2048,0,2048,8,4,4
chunked_256_p4,4511,2048,2445,80671,18279470,108163,70658016,0,71026197,12824,10926394,1010014,9761600,289774,8,2048,0,2048,8,4,4
chunked_256_p4,4512,2048,2394,84329,17783410,106650,69072391,0,69371725,15289,10649725,1004182,9537230,245089,8,2048,0,2048,8,4,4
chunked_256_p4,4513,2048,2845,118863,19440396,102172,73976517,0,74332514,11511,10650457,997330,9525228,266289,8,2048,0,2048,8,4,4
chunked_256_p4,4514,2048,2926,112090,18108528,111539,68218261,0,68561242,12163,10824634,1001768,9715193,308418,8,2048,0,2048,8,4,4
chunked_256_p4,4515,2048,3407,229951,18550327,99885,71177820,0,71482960,16431,11080614,1078101,9856008,251421,8,2048,0,2048,8,4,4
chunked_256_p4,4516,2048,2745,205365,20098369,112341,76220575,0,76558497,13065,11021142,1074304,9807416,248316,8,2048,0,2048,8,4,4
chunked_256_p4,4517,2048,2946,150041,19451737,96050,72647096,0,72953467,14697,11339979,987030,10204060,254588,8,2048,0,2048,8,4,4
chunked_256_p4,4518,2048,2745,217577,19900589,113423,71289860,0,71697413,13956,11854084,978334,10753430,253365,8,2048,0,2048,8,4,4
chunked_256_p4,4519,2048,3517,239980,19625824,106950,66592976,0,67034833,14457,10728944,991238,9590119,260328,8,2048,0,2048,8,4,4
chunked_256_p4,4520,2048,3446,208771,21134652,101341,69600882,0,69981907,13385,11711295,1002490,10544217,260979,8,2048,0,2048,8,4,4
chunked_256_p4,4521,2048,2385,118192,19951213,102573,75125570,0,75550839,13766,12713274,1197064,11373001,263183,8,2048,0,2048,8,4,4
chunked_256_p4,4522,2048,3046,199644,20303845,105286,76862167,0,77198878,11371,12675423,1146329,11380516,255619,8,2048,0,2048,8,4,4
chunked_256_p4,4523,2048,2575,113964,20025683,114174,75878906,0,76219883,12213,12831155,1139807,11554391,239269,8,2048,0,2048,8,4,4
chunked_256_p4,4524,2048,2044,232305,20866489,117911,76044345,0,76358432,17433,12275063,1232521,10892882,212308,8,2048,0,2048,8,4,4
chunked_256_p4,4525,2048,2434,204053,21162344,117261,79399984,0,79703535,20187,11311636,1040931,10106317,238778,8,2048,0,2048,8,4,4
chunked_256_p4,4526,2048,3145,174988,19975579,116257,74999706,0,75449366,11712,11274797,977743,10173242,241863,8,2048,0,2048,8,4,4
chunked_256_p4,4527,2048,2534,211877,20823850,98074,76926567,0,77330354,13205,11842051,1120681,10583531,283401,8,2048,0,2048,8,4,4
chunked_256_p4,4528,2048,2805,191139,19124153,116718,73096798,0,73556327,15359,10790339,992461,9680218,264106,8,2048,0,2048,8,4,4
chunked_256_p4,4529,2048,2475,103795,20766592,114435,76987160,0,77292052,18345,12052716,1116002,10779730,268313,8,2048,0,2048,8,4,4
chunked_256_p4,4530,2048,3136,196368,18579341,99708,70027994,0,70328369,14868,12342790,1119619,11075704,242685,8,2048,0,2048,8,4,4
chunked_256_p4,4531,2048,3406,116689,20762143,110658,79119197,0,79461550,13115,12202747,981500,11059303,243477,8,2048,0,2048,8,4,4
chunked_256_p4,4532,2048,2554,224411,22377231,96459,77839608,0,78163445,19707,12239336,1120220,10985485,255158,8,2048,0,2048,8,4,4
chunked_256_p4,4533,2048,2154,90389,19621735,122932,73226591,0,73508812,18634,12366594,1137202,11095301,169668,8,2048,0,2048,8,4,4
chunked_256_p4,4534,2048,2244,89037,19980358,114625,75617372,0,75908699,13856,143652992,1119288,142386167,239800,8,2048,0,2048,8,4,4
chunked_256_p4,4535,2048,2425,138190,18618706,133179,70906230,0,71221501,9518,11871716,966131,10733252,287549,8,2048,0,2048,8,4,4
chunked_256_p4,4536,2048,2925,248506,19039433,118783,71918249,0,72342864,15659,12129800,1165415,10832418,247594,8,2048,0,2048,8,4,4
chunked_256_p4,4537,2048,2535,177563,19615133,115888,71273940,0,71595542,14227,12586957,1222642,11241124,238668,8,2048,0,2048,8,4,4
chunked_256_p4,4538,2048,2424,186570,22117504,120516,81251014,0,81581804,14216,13317436,1128806,12054018,265789,8,2048,0,2048,8,4,4
chunked_256_p4,4539,2048,2404,148769,19979085,100087,76256240,0,76583443,20288,11625144,1305748,10174174,241372,8,2048,0,2048,8,4,4
chunked_256_p4,4540,2048,2836,226725,18673969,124042,71423910,0,71813320,12293,11012316,1058635,9789814,248997,8,2048,0,2048,8,4,4
chunked_256_p4,4541,2048,2365,117210,21089537,103423,73432389,0,73730625,10900,11007335,939221,9954873,252383,8,2048,0,2048,8,4,4
chunked_256_p4,4542,2048,2334,207409,19651070,95647,69313575,0,69678227,29576,12253663,1711238,10407000,233618,8,2048,0,2048,8,4,4
chunked_256_p4,4543,2048,2424,214282,18799825,103473,68735439,0,69111887,12434,11441941,990897,10317052,272842,8,2048,0,2048,8,4,4
chunked_256_p4,4544,2048,2875,136285,18115872,108403,69631480,0,70010502,10530,13356891,990096,12220741,268674,8,2048,0,2048,8,4,4
chunked_256_p4,4545,2048,2615,238427,19063889,130806,71596986,0,71940440,15700,12988740,1725825,11134525,250660,8,2048,0,2048,8,4,4
chunked_256_p4,4546,2048,2194,199323,18336005,117140,69239044,0,69721669,17874,11399712,1024160,10232764,254908,8,2048,0,2048,8,4,4
chunked_256_p4,4547,2048,2494,100549,17946535,95400,68457251,0,68898124,20468,12190974,1118266,10937785,289713,8,2048,0,2048,8,4,4
chunked_256_p4,4548,2048,3176,296877,19063038,91732,72072676,0,72375416,12093,10961690,951554,9891284,285586,8,2048,0,2048,8,4,4
chunked_256_p4,4549,2048,3336,228618,18894042,113222,72627189,0,72902804,12714,11484901,990877,10371273,263955,8,2048,0,2048,8,4,4
chunked_256_p4,4550,2048,3476,208160,18410605,99817,68014700,0,68456107,16792,11772951,1135058,10496408,246152,8,2048,0,2048,8,4,4
chunked_256_p4,4551,2048,2345,109715,17927208,99457,68647284,0,68947579,13605,11086013,1021776,9919286,268483,8,2048,0,2048,8,4,4
chunked_256_p4,4552,2048,2554,199043,18557611,106789,67712404,0,68055064,12563,12317823,1133435,11045908,278191,8,2048,0,2048,8,4,4
chunked_256_p4,4553,2048,3196,236042,19401092,116481,71732362,0,72056100,10520,11999656,1123497,10747328,310081,8,2048,0,2048,8,4,4
chunked_256_p4,4554,2048,2535,110067,19304231,103151,73210682,0,73618685,10990,11108666,932889,10042407,242805,8,2048,0,2048,8,4,4
chunked_256_p4,4555,2048,2404,207680,17750758,104867,68170510,0,68496063,12484,11643860,969658,10542455,266309,8,2048,0,2048,8,4,4
chunked_256_p4,4556,2048,2495,207008,20838667,98915,74016100,0,74340939,13194,13027162,1113548,11785304,260287,8,2048,0,2048,8,4,4
chunked_256_p4,4557,2048,2354,203742,21609362,81224,75731166,0,76035689,13685,7703732,1123206,6475841,264696,8,2048,0,2048,8,4,4
chunked_256_p4,4558,2048,2474,218419,21459521,102061,78955444,0,79327640,15119,7850077,1125430,6605854,288672,8,2048,0,2048,8,4,4
chunked_256_p4,4559,2048,3517,291717,20949214,114936,77493180,0,77929839,12643,6985826,969668,5878190,289092,8,2048,0,2048,8,4,4
chunked_256_p4,4560,2048,3006,160451,22054777,101700,82694210,0,83064792,11521,10878324,1128416,9630765,261030,8,2048,0,2048,8,4,4
chunked_256_p4,4561,2048,3687,204293,21346299,99938,79514540,0,79878341,15399,7960133,1131741,6712123,289613,8,2048,0,2048,8,4,4
chunked_256_p4,4562,2048,3306,151043,23792405,86951,88636210,0,89164390,12503,9247917,1116783,8031517,249909,8,2048,0,2048,8,4,4
chunked_256_p4,4563,2048,2585,147727,22350201,101320,84760442,0,85117092,14718,8580256,1090064,7334130,279163,8,2048,0,2048,8,4,4
chunked_256_p4,4564,2048,3997,231584,22511343,97804,81295909,0,81625457,12403,8419204,1132162,7180522,273412,8,2048,0,2048,8,4,4
chunked_256_p4,4565,2048,2695,129803,20769117,106970,79102616,0,79502698,11301,53807866,1071679,52567180,247183,8,2048,0,2048,8,4,4
chunked_256_p4,4566,2048,2766,230493,23464831,102996,82425235,0,82813073,16791,144171113,1121432,142897806,245320,8,2048,0,2048,8,4,4
chunked_256_p4,4567,2048,2044,137698,22545607,104856,82750015,0,83235985,12193,9134796,1155586,7882959,245460,8,2048,0,2048,8,4,4
chunked_256_p4,4568,2048,2214,116418,20836854,105296,80644154,0,81000385,18585,8947224,1165905,7661583,243817,8,2048,0,2048,8,4,4
chunked_256_p4,4569,2048,3316,199774,21100819,107803,81067501,0,81434118,12914,8103572,981540,7007668,258625,8,2048,0,2048,8,4,4
chunked_256_p4,4570,2048,2204,106159,23162263,97671,83046219,0,83536869,13065,18314916,1208716,16967219,249418,8,2048,0,2048,8,4,4
chunked_256_p4,4571,2048,3086,245510,11180851,103324,40325199,0,40758442,12984,8215672,996538,7116883,244038,8,2048,0,2048,8,4,4
chunked_256_p4,4572,2048,2124,107661,11750679,95270,42082284,0,42472044,12784,9200048,1161217,7945095,244138,8,2048,0,2048,8,4,4
chunked_256_p4,4573,2048,2796,239769,11514386,96970,41428777,0,41888911,11221,9441040,1153914,8199421,255008,8,2048,0,2048,8,4,4
chunked_256_p4,4574,2048,2034,113983,10302594,91502,38898735,0,39450410,12604,9224113,1133305,7998095,250008,8,2048,0,2048,8,4,4
chunked_256_p4,4575,2048,2775,222587,10414264,109346,39124610,0,39449037,12363,9207712,1120010,7999136,241442,8,2048,0,2048,8,4,4
chunked_256_p4,4576,2048,3236,208251,11818797,101349,44373229,0,45127914,13245,9460817,1106585,8264484,272531,8,2048,0,2048,8,4,4
chunked_256_p4,4577,2048,2655,246582,11000122,96269,39800713,0,40212128,14297,9788060,1151189,8474808,353803,8,2048,0,2048,8,4,4
chunked_256_p4,4578,2048,2645,135394,10975777,100188,40868568,0,41341755,16010,9413848,1116954,8194091,280827,8,2048,0,2048,8,4,4
chunked_256_p4,4579,2048,3246,255589,11241355,91640,40942186,0,41233833,15128,9662535,1084303,8444421,238938,8,2048,0,2048,8,4,4
chunked_256_p4,4580,2048,2445,218500,12326619,100028,42670187,0,43041219,13997,9375636,1105642,8166019,238527,8,2048,0,2048,8,4,4
chunked_256_p4,4581,2048,2455,123151,13137539,106360,43772412,0,44100788,14547,9706988,1097969,8478846,245350,8,2048,0,2048,8,4,4
chunked_256_p4,4582,2048,2826,128992,11850627,113442,42409106,0,42821630,13766,9592393,1121242,8371415,249598,8,2048,0,2048,8,4,4
chunked_256_p4,4583,2048,2284,114856,10811930,103023,40533090,0,40932147,15679,9627339,1113738,8370713,240631,8,2048,0,2048,8,4,4
chunked_256_p4,4584,2048,2615,244458,11598244,116616,39644523,0,40206135,14077,9726755,1117806,8484246,246983,8,2048,0,2048,8,4,4
chunked_256_p4,4585,2048,3165,225552,11939543,108963,44325991,0,44740045,13636,10284882,1000426,9161976,287770,8,2048,0,2048,8,4,4
chunked_256_p4,4586,2048,3045,273203,13032052,113442,47841307,0,48298135,19707,9931830,1138064,8682868,275366,8,2048,0,2048,8,4,4
chunked_256_p4,4587,2048,3948,236454,11628260,131926,42123390,0,42439291,18315,9880464,1117124,8626492,265868,8,2048,0,2048,8,4,4
chunked_256_p4,4588,2048,2214,88546,12006278,104945,41796567,0,42178613,15980,9966384,1135880,8678049,247254,8,2048,0,2048,8,4,4
chunked_256_p4,4589,2048,3146,215494,11857350,106019,41462208,0,41773654,9889,9015892,1147682,7774735,240190,8,2048,0,2048,8,4,4
chunked_256_p4,4590,2048,3356,202590,12046534,99869,43657825,0,44064020,12172,8991637,1021806,7865506,239378,8,2048,0,2048,8,4,4
chunked_256_p4,4591,2048,2585,93956,12424112,108654,44900817,0,45237118,11361,10118941,1144686,8852667,107351,8,2048,0,2048,8,4,4
chunked_256_p4,4592,2048,2705,87644,10581638,101521,39536170,0,39962649,16501,10630028,1128576,9370136,245851,8,2048,0,2048,8,4,4
chunked_256_p4,4593,2048,2014,84759,10715259,114304,39642020,0,39930079,9438,9085844,1005074,7973989,244929,8,2048,0,2048,8,4,4
chunked_256_p4,4594,2048,2404,196969,11259569,135925,41883099,0,42234599,12193,9588005,995696,8463136,246232,8,2048,0,2048,8,4,4
chunked_256_p4,4595,2048,2846,154469,11806083,101430,42657894,0,43003130,18094,10190695,1144335,8897351,244207,8,2048,0,2048,8,4,4
chunked_256_p4,4596,2048,2735,205405,11652826,106069,41787742,0,42186067,12814,10047727,1104110,8820646,248285,8,2048,0,2048,8,4,4
chunked_256_p4,4597,2048,2595,268053,10514833,121307,39189362,0,39557067,20008,10600944,1142602,9321996,244539,8,2048,0,2048,8,4,4
chunked_256_p4,4598,2048,2194,204544,12297334,99647,44079739,0,44391473,13615,10148736,1140679,8901558,293420,8,2048,0,2048,8,4,4
chunked_256_p4,4599,2048,3517,298810,11834637,104106,42262914,0,42661260,13135,10584393,1099641,9350110,242074,8,2048,0,2048,8,4,4
chunked_256_p4,4600,2048,2455,110658,11519707,93805,42593239,0,43074373,12513,10018211,1113578,8807161,259006,8,2048,0,2048,8,4,4
chunked_256_p4,4601,2048,3426,221004,11052350,116749,40150211,0,40478867,12573,10839491,1111193,9594016,231214,8,2048,0,2048,8,4,4
chunked_256_p4,4602,2048,1924,219903,11066237,102391,40755757,0,41191362,14006,10539799,1145277,9262716,357841,8,2048,0,2048,8,4,4
chunked_256_p4,4603,2048,3056,175549,12260124,155079,45993176,0,46418762,9488,11710625,1089874,10503110,247805,8,2048,0,2048,8,4,4
chunked_256_p4,4604,2048,2816,206196,12296503,103802,44033761,0,44369690,13746,10914622,1409372,9384984,277360,8,2048,0,2048,8,4,4
chunked_256_p4,4605,2048,3477,276058,12147474,100710,45440337,0,45844848,15158,10818712,1153593,9520629,246583,8,2048,0,2048,8,4,4
chunked_256_p4,4606,2048,2454,132027,11822243,95791,43226497,0,43769277,14648,10573393,1116242,9275619,362059,8,2048,0,2048,8,4,4
chunked_256_p4,4607,2048,3336,234550,10641991,96732,39682156,0,40153028,12324,10610032,1135248,9344118,250139,8,2048,0,2048,8,4,4
chunked_256_p4,4608,2048,2124,217588,11489500,119063,40902049,0,41231488,14236,9390424,983103,8309789,247965,8,2048,0,2048,8,4,4
chunked_256_p4,4609,2048,2194,126527,11658046,112031,42772066,0,43116412,11482,10665375,1112045,9411965,248346,8,2048,0,2048,8,4,4
chunked_256_p4,4610,2048,2655,258795,12551821,107651,42236521,0,42597639,18374,10595704,1105763,9369025,248175,8,2048,0,2048,8,4,4
chunked_256_p4,4611,2048,2645,174737,12680753,106970,46055011,0,46415255,12383,10327091,971431,9209575,259326,8,2048,0,2048,8,4,4
chunked_256_p4,4612,2048,3888,195366,10884526,94858,39757876,0,40155091,22302,130537514,1139867,129228389,248846,8,2048,0,2048,8,4,4
chunked_256_p4,4613,2048,3426,221595,12372235,103815,43613002,0,43974761,12093,11470134,1195141,10140210,246071,8,2048,0,2048,8,4,4
chunked_256_p4,4614,2048,2364,201207,11271380,99928,40458579,0,40781928,16681,10142664,1321778,8717643,239449,8,2048,0,2048,8,4,4
chunked_256_p4,4615,2048,2104,125044,11302109,110347,39883011,0,40211648,12864,9877588,1102677,8676596,237977,8,2048,0,2048,8,4,4
chunked_256_p4,4616,2048,2284,126788,10969635,106222,38622387,0,38977706,14927,10109983,1088380,8923359,242094,8,2048,0,2048,8,4,4
chunked_256_p4,4617,2048,2024,121037,10303065,115647,38440565,0,38820819,12994,10320237,978946,9207832,241052,8,2048,0,2048,8,4,4
chunked_256_p4,4618,2048,2194,209492,12059949,112320,38947146,0,39284817,13074,10125773,1100213,8928939,245631,8,2048,0,2048,8,4,4
chunked_256_p4,4619,2048,2385,245992,12417209,106108,45323219,0,45639392,11521,10013903,994644,8917788,257222,8,2048,0,2048,8,4,4
chunked_256_p4,4620,2048,2235,103564,10483694,101883,38434995,0,38860305,17803,9862470,1106996,8642282,285265,8,2048,0,2048,8,4,4
chunked_256_p4,4621,2048,2305,266831,10457485,94596,38585156,0,38995315,13315,10740245,1090395,9539504,255579,8,2048,0,2048,8,4,4
chunked_256_p4,4622,2048,2635,166251,10629448,95619,39042202,0,39457423,16431,10002793,1081417,8820406,268242,8,2048,0,2048,8,4,4
chunked_256_p4,4623,2048,4758,300694,12098251,512652,41802850,0,42543637,10991,9599126,929412,8573433,286227,8,2048,0,2048,8,4,4
chunked_256_p4,4624,2048,2715,195477,11167696,94547,39281092,0,39637400,12784,10061122,986619,8950179,272401,8,2048,0,2048,8,4,4
chunked_256_p4,4625,2048,2975,195626,11453392,104584,40273071,0,40578933,14917,18032125,1081418,16839460,245941,8,2048,0,2048,8,4,4
chunked_256_p4,4626,2048,2554,197340,12712253,124654,38733996,0,39042795,10129,10171469,908122,9174089,238938,8,2048,0,2048,8,4,4
chunked_256_p4,4627,2048,2394,226074,11638760,102091,39342167,0,39632030,13095,10718404,1109530,9503697,253815,8,2048,0,2048,8,4,4
chunked_256_p4,4628,2048,2314,113553,11646895,92334,41843002,0,42168465,12544,10506397,970931,9391787,246553,8,2048,0,2048,8,4,4
chunked_256_p4,4629,2048,2405,231293,11090021,97182,39882831,0,40203650,9248,10558263,1093500,9365768,235391,8,2048,0,2048,8,4,4
chunked_256_p4,4630,2048,2355,179927,10491078,101799,39273327,0,39589568,15238,11819108,1391218,10282217,306955,8,2048,0,2048,8,4,4
chunked_256_p4,4631,2048,3586,221074,10743782,134592,40194042,0,40895879,14107,11159321,1089663,9945105,301845,8,2048,0,2048,8,4,4
chunked_256_p4,4632,2048,3216,227236,11149853,92604,39537762,0,39934277,12343,10157844,984205,9078179,263614,8,2048,0,2048,8,4,4
chunked_256_p4,4633,2048,2053,221305,10746787,96380,39220728,0,39688717,11050,11048252,1092839,9840388,249338,8,2048,0,2048,8,4,4
chunked_256_p4,4634,2048,2335,100028,10588691,120407,39375940,0,39751943,11322,10387965,989495,9290978,240191,8,2048,0,2048,8,4,4
chunked_256_p4,4635,2048,2295,120896,12138626,101090,42594696,0,43023407,20018,11305455,1088280,10103281,247825,8,2048,0,2048,8,4,4
chunked_256_p4,4636,2048,2184,110878,10440924,95299,39495656,0,39943582,20579,11279506,1141571,10008543,240080,8,2048,0,2048,8,4,4
chunked_256_p4,4637,2048,2254,102983,10995313,106117,41208193,0,41513646,14607,11386737,1134377,10125523,238738,8,2048,0,2048,8,4,4
chunked_256_p4,4638,2048,2705,114866,12238244,101440,43119268,0,43449576,12754,11227879,1098149,10017601,238437,8,2048,0,2048,8,4,4
chunked_256_p4,4639,2048,2766,112581,11284946,106001,42002814,0,42398967,10019,11159942,1106314,9935045,245721,8,2048,0,2048,8,4,4
chunked_256_p4,4640,2048,2224,86212,10670004,80623,39375220,0,39732849,10690,10491729,991980,9397538,248025,8,2048,0,2048,8,4,4
chunked_256_p4,4641,2048,2355,188934,10622023,138930,38824516,0,39251765,16080,10542946,1008731,9430079,286657,8,2048,0,2048,8,4,4
chunked_256_p4,4642,2048,1994,97332,10551261,110338,38751157,0,39125120,11622,10570978,1043566,9422244,339596,8,2048,0,2048,8,4,4
chunked_256_p4,4643,2048,2374,177373,10996896,124512,41322721,0,41706898,11782,10662770,996799,9575081,235793,8,2048,0,2048,8,4,4
chunked_256_p4,4644,2048,3617,287199,12049139,104047,42114944,0,42495601,14236,10912167,987491,9742525,244268,8,2048,0,2048,8,4,4
chunked_256_p4,4645,2048,2835,178184,11226797,98994,40781834,0,41272795,16592,12044540,1126773,10779038,277911,8,2048,0,2048,8,4,4
chunked_256_p4,4646,2048,2395,116689,11141387,112943,41738571,0,42121317,10360,13030339,1012208,11869622,239649,8,2048,0,2048,8,4,4
chunked_256_p4,4647,2048,2685,290895,15493978,144279,53733767,0,54114929,13976,12151701,998001,10993019,265288,8,2048,0,2048,8,4,4
chunked_256_p4,4648,2048,2395,92634,10732120,96872,40754273,0,41048927,10840,11053011,967894,9953641,253876,8,2048,0,2048,8,4,4
chunked_256_p4,4649,2048,2835,250049,11627609,110306,41689697,0,41975400,12022,11465946,1107516,10248223,209472,8,2048,0,2048,8,4,4
chunked_256_p4,4650,2048,2254,116008,10591086,105648,39235817,0,39769277,11511,11202712,994003,10071822,305503,8,2048,0,2048,8,4,4
chunked_256_p4,4651,2048,2815,219060,11349707,103775,41769164,0,42055112,13606,11453071,1143814,10198690,245611,8,2048,0,2048,8,4,4
chunked_256_p4,4652,2048,2134,247855,12247932,99745,42562905,0,42957264,10400,10798194,971852,9705015,238507,8,2048,0,2048,8,4,4
chunked_256_p4,4653,2048,1854,97543,10880318,95240,40655980,0,40994083,11922,145638324,1124719,144379464,268413,8,2048,0,2048,8,4,4
chunked_256_p4,4654,2048,1944,113744,10250006,132731,35757775,0,36085351,10290,11331694,980608,10215281,251502,8,2048,0,2048,8,4,4
chunked_256_p4,4655,2048,2375,237755,9496404,108113,34392277,0,34788520,14968,10963554,1184721,9668626,166472,8,2048,0,2048,8,4,4
chunked_256_p4,4656,2048,2194,212679,9288543,111791,33307183,0,33676765,11010,10289810,972543,9228141,228799,8,2048,0,2048,8,4,4
chunked_256_p4,4657,2048,2194,110097,8652531,72977,32162576,0,32514116,13876,10490047,996749,9406525,277921,8,2048,0,2048,8,4,4
chunked_256_p4,4658,2048,3737,288351,9080344,110757,33299887,0,33837126,12172,10774760,989305,9667273,240581,8,2048,0,2048,8,4,4
chunked_256_p4,4659,2048,2635,223720,8858828,99295,32598814,0,33018061,12835,10486800,973715,9420811,245901,8,2048,0,2048,8,4,4
chunked_256_p4,4660,2048,2194,245610,8859519,99175,32585810,0,32950112,10710,10479406,1020813,9350360,263104,8,2048,0,2048,8,4,4
chunked_256_p4,4661,2048,2104,93696,10356075,95159,35775660,0,36107204,10850,10606304,975609,9526339,242965,8,2048,0,2048,8,4,4
chunked_256_p4,4662,2048,2815,159089,9828296,96862,35264120,0,35634146,15619,10975366,1018970,9857691,237325,8,2048,0,2048,8,4,4
chunked_256_p4,4663,2048,2234,101009,9618603,86212,34987542,0,35333853,12253,10905846,977051,9818578,249317,8,2048,0,2048,8,4,4
chunked_256_p4,4664,2048,2194,86251,9390565,88968,33985231,0,34327414,13876,10965067,973836,9875695,250059,8,2048,0,2048,8,4,4
chunked_256_p4,4665,2048,2785,204072,9501183,92813,34070886,0,34429797,11070,10971629,979206,9897486,242364,8,2048,0,2048,8,4,4
chunked_256_p4,4666,2048,1884,258184,9976964,104857,34255921,0,34599525,13104,10789076,972343,9718029,258865,8,2048,0,2048,8,4,4
chunked_256_p4,4667,2048,3146,88105,9807046,112192,35500024,0,35957613,13055,10867023,1049067,9696789,251241,8,2048,0,2048,8,4,4
chunked_256_p4,4668,2048,2405,229070,8669042,91652,32094577,0,32427472,18515,10660356,995066,9552037,240912,8,2048,0,2048,8,4,4
chunked_256_p4,4669,2048,3066,145924,8825586,87997,32546787,0,33032559,11952,10669052,966132,9597192,249297,8,2048,0,2048,8,4,4
chunked_256_p4,4670,2048,2114,111930,8664103,95127,32437001,0,32821130,7955,10630800,990567,9509848,255349,8,2048,0,2048,8,4,4
chunked_256_p4,4671,2048,2264,112050,8810478,93718,32437300,0,32758322,12113,10962171,1004503,9852281,252985,8,2048,0,2048,8,4,4
chunked_256_p4,4672,2048,2154,205365,8923850,88255,32359686,0,32755539,12684,10870500,974427,9790895,244318,8,2048,0,2048,8,4,4
chunked_256_p4,4673,2048,1984,105117,9448714,100510,33229836,0,33652502,13746,10836325,983514,9745711,234700,8,2048,0,2048,8,4,4
chunked_256_p4,4674,2048,2164,228959,8237383,85040,30143982,0,30857541,13745,10884305,979607,9804601,252283,8,2048,0,2048,8,4,4
chunked_256_p4,4675,2048,2575,222387,8823932,79330,31274280,0,31839722,12173,12358369,1129818,11129465,238417,8,2048,0,2048,8,4,4
chunked_256_p4,4676,2048,2264,107091,9252897,90791,34329628,0,34700022,11521,11267944,995467,10160378,262502,8,2048,0,2048,8,4,4
chunked_256_p4,4677,2048,2184,107311,9412195,94287,34535655,0,34839645,15960,11537159,990477,10453618,251452,8,2048,0,2048,8,4,4
chunked_256_p4,4678,2048,3516,241733,9395624,125454,32873910,0,33370170,13114,11233399,1018019,10110244,258375,8,2048,0,2048,8,4,4
chunked_256_p4,4679,2048,2615,229380,9304974,87243,33039762,0,33293866,12824,11671661,1008921,10554437,253014,8,2048,0,2048,8,4,4
chunked_256_p4,4680,2048,2335,104676,8530773,99806,31733701,0,32075283,10450,11405743,1002810,10314998,237836,8,2048,0,2048,8,4,4
chunked_256_p4,4681,2048,3206,242664,8242663,92015,30692018,0,31190864,12113,11550665,966952,10484916,138901,8,2048,0,2048,8,4,4
chunked_256_p4,4682,2048,2906,237325,8450483,96321,30926519,0,31380580,13024,11854374,1038186,10709567,238206,8,2048,0,2048,8,4,4
chunked_256_p4,4683,2048,2555,107421,8717473,98693,31910423,0,32394188,16691,17964418,997260,16851853,242926,8,2048,0,2048,8,4,4
chunked_256_p4,4684,2048,2305,246121,8279141,101679,30249171,0,30956033,14327,11514547,975930,10437949,236955,8,2048,0,2048,8,4,4
chunked_256_p4,4685,2048,2555,247794,9104799,95828,31893973,0,32508485,14928,11278905,999624,10165748,243487,8,2048,0,2048,8,4,4
chunked_256_p4,4686,2048,2154,248096,9221668,101250,34099949,0,34740581,13275,11040017,985979,9948661,246853,8,2048,0,2048,8,4,4
chunked_256_p4,4687,2048,2044,113132,8890878,99326,31739974,0,32302948,12614,10789638,979807,9717107,250580,8,2048,0,2048,8,4,4
chunked_256_p4,4688,2048,1824,105939,9067419,101699,33787573,0,34149560,14487,11231115,979356,10145159,239539,8,2048,0,2048,8,4,4
chunked_256_p4,4689,2048,1913,112511,9027053,92985,32326744,0,33008121,27712,10979715,988783,9864864,236383,8,2048,0,2048,8,4,4
chunked_256_p4,4690,2048,2535,232275,8165258,104738,29873755,0,30487296,15859,11237317,998112,10131103,259847,8,2048,0,2048,8,4,4
chunked_256_p4,4691,2048,2134,254647,8924021,80773,31394698,0,32005201,12984,11140556,997851,10016879,272491,8,2048,0,2048,8,4,4
chunked_256_p4,4692,2048,3627,265808,9293202,99527,32270950,0,32939011,11843,11675278,974857,10566891,250459,8,2048,0,2048,8,4,4
chunked_256_p4,4693,2048,2435,252262,8878916,87185,31576125,0,32207661,13465,12282807,1144395,10985355,309982,8,2048,0,2048,8,4,4
chunked_256_p4,4694,2048,11501,252493,10464057,97192,36669095,0,37060258,15489,11675739,987381,10561430,234360,8,2048,0,2048,8,4,4
chunked_256_p4,4695,2048,2254,107261,8983522,95560,32736482,0,33046986,10971,11821432,976500,10718024,246592,8,2048,0,2048,8,4,4
chunked_256_p4,4696,2048,2254,113423,9247487,99446,33772815,0,34262111,11992,11354196,995426,10241480,250320,8,2048,0,2048,8,4,4
chunked_256_p4,4697,2048,3046,213791,9717318,102532,34717395,0,35039589,13395,6715890,975769,5620737,275627,8,2048,0,2048,8,4,4
chunked_256_p4,4698,2048,2064,98265,9159592,99216,34082406,0,34525778,12673,6972361,981580,5875575,260779,8,2048,0,2048,8,4,4
chunked_256_p4,4699,2048,2064,98695,9972576,96981,36263885,0,36665066,13485,7324682,1286492,5923615,231364,8,2048,0,2048,8,4,4
chunked_256_p4,4700,2048,2324,108995,9965293,93408,36102476,0,36461146,13235,7690006,1038256,6574516,260518,8,2048,0,2048,8,4,4
chunked_256_p4,4701,2048,2254,100809,11055346,103826,40000420,0,40300113,13675,7449115,1008260,6349354,240170,8,2048,0,2048,8,4,4
chunked_256_p4,4702,2048,2695,263904,11368883,97874,38895010,0,39305398,13304,7596160,979647,6476392,269475,8,2048,0,2048,8,4,4
chunked_256_p4,4703,2048,2995,257002,10228405,83117,37457714,0,37769438,13095,8991035,1456160,7420772,242184,8,2048,0,2048,8,4,4
chunked_256_p4,4704,2048,2445,228609,10085297,100628,37146271,0,37510481,13866,7766871,990607,6676617,250139,8,2048,0,2048,8,4,4
chunked_256_p4,4705,2048,2665,261240,10457555,104705,37067583,0,37545288,12453,7748767,1020794,6650337,248556,8,2048,0,2048,8,4,4
chunked_256_p4,4706,2048,3466,165981,10297665,108313,37930379,0,38228168,10850,8140581,978104,7020702,334057,8,2048,0,2048,8,4,4
chunked_256_p4,4707,2048,2354,111790,9333107,92215,34935364,0,35423721,16291,8532877,1026224,7369536,261370,8,2048,0,2048,8,4,4
chunked_256_p4,4708,2048,1994,135354,10223747,106488,36295454,0,36761358,26510,10382414,2069509,8118921,258435,8,2048,0,2048,8,4,4
chunked_256_p4,4709,2048,2725,241273,10779078,99548,38540472,0,38978356,11902,9177836,981269,8067434,250119,8,2048,0,2048,8,4,4
chunked_256_p4,4710,2048,3907,248606,10884055,92381,38168689,0,38574148,11562,40454702,990597,39340322,241623,8,2048,0,2048,8,4,4
chunked_256_p4,4711,2048,2134,113743,12167931,82414,44679211,0,44988351,13635,9134795,1311829,7709263,253586,8,2048,0,2048,8,4,4
chunked_256_p4,4712,2048,2695,259426,12033119,96891,42960951,0,43317860,12533,9084090,1079473,7891975,251532,8,2048,0,2048,8,4,4
chunked_256_p4,4713,2048,3236,208511,12199991,88455,43334411,0,43768235,12623,8992608,1005115,7854084,237396,8,2048,0,2048,8,4,4
chunked_256_p4,4714,2048,2294,219101,11716396,91381,42063827,0,42462256,12834,8928999,988042,7852922,250570,8,2048,0,2048,8,4,4
chunked_256_p4,4715,2048,2575,94968,11619383,91561,42257152,0,42692768,10490,9445207,993894,8269764,289723,8,2048,0,2048,8,4,4
chunked_256_p4,4716,2048,2514,147636,11528883,103193,41520832,0,41949114,14508,9298723,1065407,8108401,254708,8,2048,0,2048,8,4,4
chunked_256_p4,4717,2048,2756,232846,11800873,90419,42576859,0,43230727,24186,9183817,985227,8086240,262181,8,2048,0,2048,8,4,4
chunked_256_p4,4718,2048,3096,220734,10406309,91302,39068765,0,39516744,17032,9428967,989676,8302515,244909,8,2048,0,2048,8,4,4
chunked_256_p4,4719,2048,2495,133951,12148836,94978,41532243,0,41909127,14006,9099239,985738,8007753,247344,8,2048,0,2048,8,4,4
chunked_256_p4,4720,2048,2034,94297,11097194,88477,41997915,0,42453610,12454,9333759,1054688,8167953,279053,8,2048,0,2048,8,4,4
chunked_256_p4,4721,2048,3076,215704,10676165,87074,39140619,0,39500354,12052,9499449,1001397,8383216,253195,8,2048,0,2048,8,4,4
chunked_256_p4,4722,2048,2374,233528,11284786,99828,40883227,0,41299246,11671,9204445,974557,8142075,246341,8,2048,0,2048,8,4,4
chunked_256_p4,4723,2048,2314,299682,11046819,99236,40964599,0,41661083,16882,9720272,975900,8610552,249067,8,2048,0,2048,8,4,4
chunked_256_p4,4724,2048,2274,249348,11149042,85360,40760045,0,41038737,12824,9497174,1010635,8365052,292197,8,2048,0,2048,8,4,4
chunked_256_p4,4725,2048,2565,107001,11907193,99417,43473180,0,43924055,12263,9143442,973946,8068346,248586,8,2048,0,2048,8,4,4
chunked_256_p4,4726,2048,2565,251862,12437968,93686,45092579,0,45439175,12543,9376739,997109,8275825,260829,8,2048,0,2048,8,4,4
chunked_256_p4,4727,2048,2084,106089,12133748,96210,44762720,0,45088778,14247,9148291,1000015,8059109,242194,8,2048,0,2048,8,4,4
chunked_256_p4,4728,2048,2384,99627,11063632,85280,42262651,0,42627457,9498,9137330,975088,8045283,303760,8,2048,0,2048,8,4,4
chunked_256_p4,4729,2048,3216,218109,11261001,97121,42577244,0,42913782,11412,9270230,996077,8168844,250540,8,2048,0,2048,8,4,4
chunked_256_p4,4730,2048,2474,95298,11463161,99818,42156082,0,42670536,15780,8966520,973675,7888599,249819,8,2048,0,2048,8,4,4
chunked_256_p4,4731,2048,2805,257453,10562973,90752,39348789,0,39910152,10179,9528894,973636,8434632,233408,8,2048,0,2048,8,4,4
chunked_256_p4,4732,2048,2345,106980,11888979,83797,41686712,0,41976154,19467,9403249,992511,8287427,257433,8,2048,0,2048,8,4,4
chunked_256_p4,4733,2048,2675,233377,11057640,94356,41234604,0,41529727,16400,9508426,1008150,8401691,303549,8,2048,0,2048,8,4,4
chunked_256_p4,4734,2048,2855,202209,11517733,101701,41797852,0,42113340,15899,9724380,979817,8615743,243056,8,2048,0,2048,8,4,4
chunked_256_p4,4735,2048,2725,196909,11956155,105798,42918950,0,43347544,12804,9548471,986620,8480088,246172,8,2048,0,2048,8,4,4
chunked_256_p4,4736,2048,3497,239559,11732085,93255,41287224,0,41769257,11782,9455035,1001768,8371444,253415,8,2048,0,2048,8,4,4
chunked_256_p4,4737,2048,2275,104657,11399231,99767,41609738,0,41996180,12654,9264919,979066,8198260,250319,8,2048,0,2048,8,4,4
chunked_256_p4,4738,2048,2515,108363,12426106,94759,44615993,0,44947005,11812,9354027,992020,8271868,236142,8,2048,0,2048,8,4,4
chunked_256_p4,4739,2048,2494,106119,10766233,93677,38924444,0,39224496,17452,9372110,990567,8283840,241122,8,2048,0,2048,8,4,4
chunked_256_p4,4740,2048,1973,111810,9881716,97362,37332867,0,37868264,13094,9388100,977021,8332401,258795,8,2048,0,2048,8,4,4
chunked_256_p4,4741,2048,2034,108123,10939769,90238,39734853,0,40308709,12273,9650122,999664,8562131,238527,8,2048,0,2048,8,4,4
chunked_256_p4,4742,2048,2033,107702,10889656,93575,38772710,0,39418410,12814,9985129,1036994,8860722,240501,8,2048,0,2048,8,4,4
chunked_256_p4,4743,2048,2485,249768,11015040,101951,39144605,0,39834148,13525,9578757,975268,8512730,295384,8,2048,0,2048,8,4,4
chunked_256_p4,4744,2048,2685,243687,10249966,91894,37801879,0,38406692,11722,9853973,976921,8782655,241263,8,2048,0,2048,8,4,4
chunked_256_p4,4745,2048,2334,260117,10427388,89488,38201827,0,38609344,16561,10452887,978194,9376569,257883,8,2048,0,2048,8,4,4
chunked_256_p4,4746,2048,2324,108874,10578402,90848,39345403,0,39742596,12483,9878549,964939,8828471,248786,8,2048,0,2048,8,4,4
chunked_256_p4,4747,2048,2254,108443,10695511,99298,39445872,0,39980304,11271,9899269,977954,8828581,254988,8,2048,0,2048,8,4,4
chunked_256_p4,4748,2048,2505,263374,11222208,100477,40264757,0,40683030,14156,10029963,991098,8945581,234290,8,2048,0,2048,8,4,4
chunked_256_p4,4749,2048,2325,248966,11492645,88095,42726652,0,43010693,10931,9933092,988142,8853779,269836,8,2048,0,2048,8,4,4
chunked_256_p4,4750,2048,2445,258385,10795519,76884,40371916,0,40635489,13015,9280008,983835,8198259,239539,8,2048,0,2048,8,4,4
chunked_256_p4,4751,2048,2415,222307,11683163,99767,42822243,0,43145797,12013,9883329,1044388,8757198,247123,8,2048,0,2048,8,4,4
chunked_256_p4,4752,2048,3186,107000,10997597,98554,41279106,0,41684247,10940,9992763,957265,8940140,237755,8,2048,0,2048,8,4,4
chunked_256_p4,4753,2048,2435,248676,11315123,90709,40951303,0,41495392,10049,10048669,979927,8933027,234139,8,2048,0,2048,8,4,4
chunked_256_p4,4754,2048,2184,113022,11539814,98225,42597270,0,42904765,11893,9585411,969648,8514933,244187,8,2048,0,2048,8,4,4
chunked_256_p4,4755,2048,4348,145623,11174649,94667,40217589,0,40605724,16782,10224599,1011065,9109858,259226,8,2048,0,2048,8,4,4
chunked_256_p4,4756,2048,2284,116758,11205548,93264,39627839,0,40147866,9628,19415559,973074,18340574,260108,8,2048,0,2048,8,4,4
chunked_256_p4,4757,2048,2274,112121,11909477,114864,42070290,0,42753822,14877,10211404,984356,9131559,260588,8,2048,0,2048,8,4,4
chunked_256_p4,4758,2048,2104,102152,10287146,91402,38723997,0,39329452,13585,10226923,965360,9162116,236513,8,2048,0,2048,8,4,4
chunked_256_p4,4759,2048,2745,247674,9978928,90390,37398670,0,37760692,11312,10484877,1021485,9338287,240932,8,2048,0,2048,8,4,4
chunked_256_p4,4760,2048,2425,251311,11100420,88887,40074992,0,40462907,10941,9913385,988653,8844401,278993,8,2048,0,2048,8,4,4
chunked_256_p4,4761,2048,2975,257062,11867228,109597,42035986,0,42410390,12143,10012601,999734,8919492,116789,8,2048,0,2048,8,4,4
chunked_256_p4,4762,2048,2004,96441,11086644,95359,40435043,0,40838051,11421,10119040,990347,9035048,192311,8,2048,0,2048,8,4,4
chunked_256_p4,4763,2048,1754,90029,10678289,105726,40574777,0,41084261,11501,10168463,988604,9071286,188604,8,2048,0,2048,8,4,4
chunked_256_p4,4764,2048,2044,106891,10634798,98034,38732975,0,39325597,11561,10389317,1033036,9261934,139281,8,2048,0,2048,8,4,4
chunked_256_p4,4765,2048,2605,246983,10836315,105146,40565070,0,40910205,13465,10146732,984265,9079521,108783,8,2048,0,2048,8,4,4
chunked_256_p4,4766,2048,3416,373029,11743556,87416,41042904,0,41378497,18234,10071110,968907,8995785,257162,8,2048,0,2048,8,4,4
chunked_256_p4,4767,2048,2164,102653,10657691,86653,40547965,0,40970278,24776,10165197,987591,9074933,249518,8,2048,0,2048,8,4,4
chunked_256_p4,4768,2048,2645,234389,12665574,98556,45520278,0,46121227,14167,10293278,997360,9183457,245911,8,2048,0,2048,8,4,4
chunked_256_p4,4769,2048,2655,123953,12610602,95779,45577855,0,45907021,11682,10234657,966993,9173027,240160,8,2048,0,2048,8,4,4
chunked_256_p4,4770,2048,2295,103124,10893693,91001,41412849,0,41829508,11271,10317192,976891,9245242,239550,8,2048,0,2048,8,4,4
chunked_256_p4,4771,2048,1934,87344,10933407,102452,41768955,0,42153167,11702,10243444,1007198,9104399,245831,8,2048,0,2048,8,4,4
chunked_256_p4,4772,2048,2676,262102,12946141,102521,45051480,0,45507073,14547,10315349,1029380,9156245,242324,8,2048,0,2048,8,4,4
chunked_256_p4,4773,2048,2034,90720,12261928,97395,43121133,0,43495513,10469,10363178,1016656,9250192,248135,8,2048,0,2048,8,4,4
chunked_256_p4,4774,2048,2715,234930,10983721,96841,40934750,0,41416825,11552,10681115,988483,9565372,249928,8,2048,0,2048,8,4,4
chunked_256_p4,4775,2048,2575,264566,11183667,92641,40784319,0,41171364,12153,10386161,966422,9326375,244669,8,2048,0,2048,8,4,4
chunked_256_p4,4776,2048,2144,96551,11475193,97152,41492479,0,42028391,12183,10314848,984085,9230796,249848,8,2048,0,2048,8,4,4
chunked_256_p4,4777,2048,2054,282299,12600532,100637,43761060,0,44149575,13625,10591676,977202,9513466,249769,8,2048,0,2048,8,4,4
chunked_256_p4,4778,2048,2826,237075,11140225,98976,41111604,0,41481266,8636,10512919,975549,9440038,231584,8,2048,0,2048,8,4,4
chunked_256_p4,4779,2048,2745,97082,11967546,108632,43435050,0,43738416,15359,11547379,986991,10446745,237345,8,2048,0,2048,8,4,4
chunked_256_p4,4780,2048,2033,220483,13464071,90371,48849380,0,49158369,8526,10612355,964027,9544624,260388,8,2048,0,2048,8,4,4
chunked_256_p4,4781,2048,2124,109165,11162987,85311,41162640,0,41468934,11471,10530602,981410,9441631,241012,8,2048,0,2048,8,4,4
chunked_256_p4,4782,2048,1853,205084,10436656,90190,39361433,0,39789706,11622,10774820,992070,9678875,235912,8,2048,0,2048,8,4,4
chunked_256_p4,4783,2048,2154,111329,10725127,91733,40224383,0,40625462,14768,10789097,1038667,9648258,308919,8,2048,0,2048,8,4,4
chunked_256_p4,4784,2048,2404,106400,10278770,91642,38487214,0,38814727,9418,10732431,1030412,9609445,265307,8,2048,0,2048,8,4,4
chunked_256_p4,4785,2048,2194,133791,10322523,92603,38430127,0,39031012,13034,10372375,983013,9293122,233377,8,2048,0,2048,8,4,4
chunked_256_p4,4786,2048,2535,113663,11041470,89727,40107612,0,40585838,9137,10437568,978544,9365418,244989,8,2048,0,2048,8,4,4
chunked_256_p4,4787,2048,2364,101410,11057890,102182,39479385,0,40098334,16802,10581908,974177,9500471,284263,8,2048,0,2048,8,4,4
chunked_256_p4,4788,2048,2244,268814,10746166,82045,38782278,0,39398985,10851,10818823,983433,9721556,256922,8,2048,0,2048,8,4,4
chunked_256_p4,4789,2048,2204,112431,11303781,100978,42186576,0,42571049,10710,10639927,991449,9545886,247153,8,2048,0,2048,8,4,4
chunked_256_p4,4790,2048,2074,105858,11993124,94247,42808727,0,43154102,14838,10724465,986670,9620546,250610,8,2048,0,2048,8,4,4
chunked_256_p4,4791,2048,2465,295233,11388711,97664,42203702,0,42539330,10690,10451243,968495,9377220,266960,8,2048,0,2048,8,4,4
chunked_256_p4,4792,2048,2154,106550,11860345,92984,42211695,0,42613389,14728,10480078,1005064,9362022,261430,8,2048,0,2048,8,4,4
chunked_256_p4,4793,2048,3357,121468,11904257,114416,44190264,0,44571190,10470,10466722,968746,9382760,234289,8,2048,0,2048,8,4,4
chunked_256_p4,4794,2048,2645,140894,11584719,102382,41580653,0,42124613,14266,10733462,994534,9617330,243226,8,2048,0,2048,8,4,4
chunked_256_p4,4795,2048,2765,191048,11186542,93605,41554214,0,41892275,12103,10586817,976581,9509748,241062,8,2048,0,2048,8,4,4
chunked_256_p4,4796,2048,3266,265708,12137184,92323,43545137,0,44145822,16030,11088077,990236,9985060,259867,8,2048,0,2048,8,4,4
chunked_256_p4,4797,2048,2394,104516,11958679,98134,42784640,0,43208115,14497,10914803,964087,9810002,249949,8,2048,0,2048,8,4,4
chunked_256_p4,4798,2048,1984,94878,10667018,99507,39669703,0,40224940,12253,11020230,998712,9916601,109325,8,2048,0,2048,8,4,4
chunked_256_p4,4799,2048,1703,92423,11956966,113994,43196202,0,43500403,16891,10804515,977814,9715073,108744,8,2048,0,2048,8,4,4
chunked_256_p4,4800,2048,3537,333636,12127226,110095,42144590,0,42511177,11271,10707814,993353,9608874,239970,8,2048,0,2048,8,4,4
chunked_256_p4,4801,2048,2375,105298,10385019,102373,38810180,0,39596942,9798,10568653,991900,9481034,245400,8,2048,0,2048,8,4,4
chunked_256_p4,4802,2048,2455,150892,10809746,101942,39479283,0,39826554,11762,10603299,976210,9518064,247594,8,2048,0,2048,8,4,4
chunked_256_p4,4803,2048,2164,108914,10745104,94207,39559304,0,39940408,12353,10434512,986299,9363535,241924,8,2048,0,2048,8,4,4
chunked_256_p4,4804,2048,2344,239749,10479536,89309,39383183,0,39774920,12604,10697245,969978,9616148,249989,8,2048,0,2048,8,4,4
chunked_256_p4,4805,2048,2305,244138,11933472,90099,43240185,0,43606561,14076,10757317,980368,9675940,240632,8,2048,0,2048,8,4,4
chunked_256_p4,4806,2048,2936,238407,10547333,94809,39486688,0,39981515,14056,10917648,990287,9828907,258775,8,2048,0,2048,8,4,4
chunked_256_p4,4807,2048,2434,103685,10438890,87494,39751606,0,40135854,11161,10730176,983023,9653357,262632,8,2048,0,2048,8,4,4
chunked_256_p4,4808,2048,2395,242785,10683919,91670,39969992,0,40532539,12653,11084129,979206,9998264,236473,8,2048,0,2048,8,4,4
chunked_256_p4,4809,2048,3026,264836,13928282,98302,45261383,0,45696007,14427,10741477,985728,9649330,239910,8,2048,0,2048,8,4,4
chunked_256_p4,4810,2048,2475,117310,11338807,103617,42238969,0,42598371,21550,10720478,969528,9633911,253014,8,2048,0,2048,8,4,4
chunked_256_p4,4811,2048,2024,105237,12370121,98014,42038639,0,42441837,15739,10761084,966402,9708772,278102,8,2048,0,2048,8,4,4
chunked_256_p4,4812,2048,2755,251942,12483444,103795,43952640,0,44259485,11131,12282547,1008541,11149051,244598,8,2048,0,2048,8,4,4
chunked_256_p4,4813,2048,2946,107501,11351521,104014,41782662,0,42242804,13485,10607677,973365,9540336,250279,8,2048,0,2048,8,4,4
chunked_256_p4,4814,2048,2635,138530,10953555,93174,40408708,0,40949170,12643,10562582,981630,9493147,249518,8,2048,0,2048,8,4,4
chunked_256_p4,4815,2048,2134,260979,10697805,91260,39547549,0,39957430,10189,10733182,978855,9660572,271589,8,2048,0,2048,8,4,4
chunked_256_p4,4816,2048,2194,227897,10615902,99307,39924868,0,40339716,17433,11343286,1008811,10223947,278502,8,2048,0,2048,8,4,4
chunked_256_p4,4817,2048,2494,239580,10632163,90331,39626578,0,40117068,12944,13001695,1089623,11780435,238767,8,2048,0,2048,8,4,4
chunked_256_p4,4818,2048,2806,219021,14685291,110988,48677417,0,49020380,10791,11152949,982031,10049480,242745,8,2048,0,2048,8,4,4
chunked_256_p4,4819,2048,2715,216616,11547739,94066,42121918,0,42475871,13576,10870279,974668,9793580,238367,8,2048,0,2048,8,4,4
chunked_256_p4,4820,2048,2685,257453,11125738,114367,40742982,0,41220830,16862,11208794,988975,10096207,248275,8,2048,0,2048,8,4,4
chunked_256_p4,4821,2048,2384,263684,13022163,113895,44960920,0,45439487,13616,10793796,1006076,9692931,245901,8,2048,0,2048,8,4,4
chunked_256_p4,4822,2048,4658,421761,11961906,106119,43030700,0,43403540,10559,11574158,1007879,10429964,255018,8,2048,0,2048,8,4,4
chunked_256_p4,4823,2048,2966,228879,12316631,128390,45453443,0,45780066,11101,11224082,981551,10097420,258405,8,2048,0,2048,8,4,4
chunked_256_p4,4824,2048,3076,190437,11458111,91223,42027911,0,42373561,14096,11092756,1017577,9948571,253104,8,2048,0,2048,8,4,4
chunked_256_p4,4825,2048,2635,206407,11678985,122709,43847461,0,44246080,14557,11468621,1077180,10213006,293780,8,2048,0,2048,8,4,4
chunked_256_p4,4826,2048,4479,247094,11251524,108774,39806168,0,40427461,13546,11469132,1002610,10343021,249919,8,2048,0,2048,8,4,4
chunked_256_p4,4827,2048,2334,95629,11584829,111630,44037797,0,44561952,16231,11190620,995055,10075248,308619,8,2048,0,2048,8,4,4
chunked_256_p4,4828,2048,2665,108413,11067979,85209,41867753,0,42110478,13626,11888699,1048215,10707554,236232,8,2048,0,2048,8,4,4
chunked_256_p4,4829,2048,2585,267962,12066050,91952,44229680,0,44573604,16170,12163443,1014772,11007586,239649,8,2048,0,2048,8,4,4
chunked_256_p4,4830,2048,2234,105447,12169124,93836,43934104,0,44205485,14247,11727255,1150998,10456143,250409,8,2048,0,2048,8,4,4
chunked_256_p4,4831,2048,1923,139872,12611143,89387,45037915,0,45322178,10349,12051022,994184,10919221,251011,8,2048,0,2048,8,4,4
chunked_256_p4,4832,2048,2895,246863,11416644,102853,42858611,0,43465586,10910,11618942,996117,10511627,261791,8,2048,0,2048,8,4,4
chunked_256_p4,4833,2048,3026,208410,11804591,103142,44489596,0,44910183,18144,12214389,1010274,11053854,238437,8,2048,0,2048,8,4,4
chunked_256_p4,4834,2048,2645,244849,11737024,102543,43720985,0,44172794,14157,11759005,1011176,10607877,272752,8,2048,0,2048,8,4,4
chunked_256_p4,4835,2048,2765,210544,10809215,96454,40094146,0,40512724,11051,11952799,1044929,10778277,259506,8,2048,0,2048,8,4,4
chunked_256_p4,4836,2048,2906,224420,11231707,89978,42206796,0,42675975,10730,11815952,982061,10710209,265748,8,2048,0,2048,8,4,4
chunked_256_p4,4837,2048,2735,267351,12068916,88065,42686495,0,43453734,14427,6674202,977963,5565434,236293,8,2048,0,2048,8,4,4
chunked_256_p4,4838,2048,2274,113713,11947038,108857,44012001,0,44481651,14848,6849290,1041462,5708232,251882,8,2048,0,2048,8,4,4
chunked_256_p4,4839,2048,2154,117049,12338892,95098,46708737,0,47108967,13155,7199848,1001007,6111808,263083,8,2048,0,2048,8,4,4
chunked_256_p4,4840,2048,2114,92974,12962652,92935,48301032,0,48733153,12514,8119642,990256,7001977,236593,8,2048,0,2048,8,4,4
chunked_256_p4,4841,2048,2184,92624,12329224,97182,46496560,0,46798317,14728,7594157,1185663,6301764,317596,8,2048,0,2048,8,4,4
chunked_256_p4,4842,2048,3336,363090,14875347,144973,53178617,0,53645844,14227,7917503,994534,6763881,289062,8,2048,0,2048,8,4,4
chunked_256_p4,4843,2048,2545,265488,11913224,96312,43284978,0,43824361,14548,8040534,1029571,6916727,242395,8,2048,0,2048,8,4,4
chunked_256_p4,4844,2048,2585,267892,12602737,107962,46066010,0,46454500,15669,8048268,982833,6973463,272351,8,2048,0,2048,8,4,4
chunked_256_p4,4845,2048,3346,339386,12151440,101861,44280473,0,44667841,13325,9237538,987221,8155780,249237,8,2048,0,2048,8,4,4
chunked_256_p4,4846,2048,2544,226746,12859609,108145,46259815,0,46831839,14397,8219730,985227,7139054,254617,8,2048,0,2048,8,4,4
chunked_256_p4,4847,2048,2054,247434,13812565,102903,49726915,0,50138627,12594,8746217,1060458,7562027,245821,8,2048,0,2048,8,4,4
chunked_256_p4,4848,2048,3005,216295,13609805,95490,48732943,0,49027215,15389,8579144,1047904,7429559,237515,8,2048,0,2048,8,4,4
chunked_256_p4,4849,2048,2495,296897,13603714,100766,48536814,0,48919339,13255,39676072,994644,38542638,236694,8,2048,0,2048,8,4,4
chunked_256_p4,4850,2048,2194,112090,14253391,88807,52332831,0,52645897,11031,8353992,1017588,7250202,252463,8,2048,0,2048,8,4,4
chunked_256_p4,4851,2048,2305,91261,12690793,81213,48694128,0,49074443,16871,8653833,989495,7571675,309911,8,2048,0,2048,8,4,4
chunked_256_p4,4852,2048,2756,268744,12525542,90870,47061006,0,47520117,16091,8434463,1017477,7311177,249788,8,2048,0,2048,8,4,4
chunked_256_p4,4853,2048,2365,120346,14027789,96943,52632404,0,53042421,17683,8185175,994094,7098728,244058,8,2048,0,2048,8,4,4
chunked_256_p4,4854,2048,2344,124293,13385414,102913,50726617,0,51143360,15690,8804497,992350,7688134,247314,8,2048,0,2048,8,4,4
chunked_256_p4,4855,2048,2525,114274,14353008,93163,52331760,0,52754469,10049,8560879,984736,7497636,237636,8,2048,0,2048,8,4,4
chunked_256_p4,4856,2048,2394,136055,13161755,94094,50127696,0,50563481,10941,9056038,975289,7959272,245210,8,2048,0,2048,8,4,4
chunked_256_p4,4857,2048,2315,134042,13808217,98576,52689046,0,53048795,13586,8976128,986690,7886415,253996,8,2048,0,2048,8,4,4
chunked_256_p4,4858,2048,2655,223890,13471586,87164,49977033,0,50511848,17443,8650047,971431,7594768,246602,8,2048,0,2048,8,4,4
chunked_256_p4,4859,2048,2064,132849,13448041,101900,50587075,0,50987327,14807,8653893,988514,7571194,246773,8,2048,0,2048,8,4,4
chunked_256_p4,4860,2048,2685,183163,13584267,85693,48666035,0,49309423,11051,8722372,976210,7670069,244118,8,2048,0,2048,8,4,4
chunked_256_p4,4861,2048,2755,184856,14826054,110378,53930837,0,54367847,10470,8875430,969007,7821814,259937,8,2048,0,2048,8,4,4
chunked_256_p4,4862,2048,2324,163887,14058366,108433,50978971,0,51401764,11972,8890507,1004494,7794683,248035,8,2048,0,2048,8,4,4
chunked_256_p4,4863,2048,2504,151184,13270309,94608,50089065,0,50687527,15218,8718344,989485,7646215,240211,8,2048,0,2048,8,4,4
chunked_256_p4,4864,2048,2826,212368,14993299,118974,52817318,0,53485712,12604,8944058,980468,7881055,239409,8,2048,0,2048,8,4,4
chunked_256_p4,4865,2048,20799,189595,15539632,110806,52375813,0,54733993,15890,8862475,996909,7784885,243547,8,2048,0,2048,8,4,4
chunked_256_p4,4866,2048,20108,267452,15215304,97013,52186837,0,52584852,17683,9098277,1000195,8010247,214973,8,2048,0,2048,8,4,4
chunked_256_p4,4867,2048,5901,108413,13491423,120285,48166500,0,48679641,10570,8979324,986770,7904669,252634,8,2048,0,2048,8,4,4
chunked_256_p4,4868,2048,2776,207799,14217024,110276,50542335,0,51031430,14016,9289425,1006216,8191497,235682,8,2048,0,2048,8,4,4
chunked_256_p4,4869,2048,2264,210244,13970862,95749,52612824,0,53113865,17252,9011153,985637,7938332,237305,8,2048,0,2048,8,4,4
chunked_256_p4,4870,2048,6312,128822,14840713,99599,54184741,0,54684411,16030,9249069,1023609,8146743,298069,8,2048,0,2048,8,4,4
chunked_256_p4,4871,2048,2855,274916,13164921,93938,49434436,0,49853192,15599,9178357,996839,8081340,253786,8,2048,0,2048,8,4,4
chunked_256_p4,4872,2048,3908,135104,14468144,101981,50483263,0,50929651,15219,9450548,1033207,8332942,240200,8,2048,0,2048,8,4,4
chunked_256_p4,4873,2048,4168,204203,12951631,90821,48861945,0,49495933,11141,9444577,1004323,8344574,232496,8,2048,0,2048,8,4,4
chunked_256_p4,4874,2048,2285,116448,14643743,100266,53629571,0,54130931,9849,9321406,1005355,8233916,235641,8,2048,0,2048,8,4,4
chunked_256_p4,4875,2048,2174,103023,13338937,102644,48555248,0,49230525,10800,10453998,1006557,9356601,248687,8,2048,0,2048,8,4,4
chunked_256_p4,4876,2048,2855,170771,12457535,99826,47320652,0,47929666,14517,9278956,981891,8211545,243847,8,2048,0,2048,8,4,4
chunked_256_p4,4877,2048,1823,105007,11934764,92545,45416967,0,46218748,12623,9421032,982753,8351016,252623,8,2048,0,2048,8,4,4
chunked_256_p4,4878,2048,2335,123301,12402722,100187,46381983,0,46878986,11902,9501764,978955,8435565,260187,8,2048,0,2048,8,4,4
chunked_256_p4,4879,2048,2685,143809,13365737,93676,48753489,0,49360217,14116,9353826,994405,8272128,234329,8,2048,0,2048,8,4,4
chunked_256_p4,4880,2048,3086,114094,13232698,116479,48836986,0,49365798,10620,9734921,975709,8677508,249748,8,2048,0,2048,8,4,4
chunked_256_p4,4881,2048,2404,112200,12736667,98345,46752348,0,47094550,10910,9622910,991749,8545511,242906,8,2048,0,2048,8,4,4
chunked_256_p4,4882,1664,9878,112411,12746517,111559,39267158,0,39692773,13285,8029704,725831,7224474,219682,7,1664,0,1664,7,4,4
