mode,batch_index,transaction_count,dispatch_wait_ns,key_prep_ns,query_wall_ns,lookup_blocking_pool_wait_ns,native_get_ns,decode_ns,lookup_submit_to_collection_ns,apply_blocking_pool_wait_ns,apply_submit_to_collection_ns,sequential_apply_build_ns,sync_write_batch_ns,memory_publish_ns,get_calls,keys_looked_up,hits,misses,groups_submitted,max_in_flight_groups,max_running_query_jobs
whole_batch_multiget,0,2048,8146,144180,13348126,16561,2893217,0,12850984,22943,16809679,990829,9584277,258906,1,2048,0,2048,1,1,1
whole_batch_multiget,1,2048,3947,114575,2923433,15960,2433294,0,2508385,6872,8411557,865524,7436368,283863,1,2048,0,2048,1,1,1
whole_batch_multiget,2,2048,2715,66635,2466196,9739,2224252,0,2286209,7354,7820869,862468,6887959,230252,1,2048,0,2048,1,1,1
whole_batch_multiget,3,2048,3497,65723,2474782,10811,2227197,0,2289875,7514,7398507,857919,6483470,108584,1,2048,0,2048,1,1,1
whole_batch_multiget,4,2048,1964,67105,2610275,7133,2352943,0,2427453,12042,8240746,867026,7305212,237064,1,2048,0,2048,1,1,1
whole_batch_multiget,5,2048,2364,65573,2467338,6252,2236234,0,2295446,5701,8297403,865934,7321984,235001,1,2048,0,2048,1,1,1
whole_batch_multiget,6,2048,2494,65533,2481925,7885,2214334,0,2273674,8235,7783760,861085,6820232,259647,1,2048,0,2048,1,1,1
whole_batch_multiget,7,2048,2294,65653,2654630,8626,2419458,0,2480302,9508,7865082,886052,6904180,230362,1,2048,0,2048,1,1,1
whole_batch_multiget,8,2048,2404,65954,2676360,9017,2406513,0,2492736,8777,8172489,896101,7217187,252293,1,2048,0,2048,1,1,1
whole_batch_multiget,9,2048,1913,66454,2451548,5931,2213121,0,2269898,5400,8255264,872135,7268122,251863,1,2048,0,2048,1,1,1
whole_batch_multiget,10,2048,2305,66165,2616448,7725,2370426,0,2430740,7434,8070367,868840,7080050,246843,1,2048,0,2048,1,1,1
whole_batch_multiget,11,2048,2655,68418,2570642,9128,2333657,0,2393209,6863,7719369,872066,6790737,154159,1,2048,0,2048,1,1,1
whole_batch_multiget,12,2048,1914,67076,2886715,14136,2614494,0,2692400,10239,8430523,891572,7476934,235501,1,2048,0,2048,1,1,1
whole_batch_multiget,13,2048,2204,66675,2637927,6251,2392117,0,2451348,6292,8652759,861877,7687619,237686,1,2048,0,2048,1,1,1
whole_batch_multiget,14,2048,2475,68298,2546717,8356,2294905,0,2356039,7193,8232060,885290,7246091,234460,1,2048,0,2048,1,1,1
whole_batch_multiget,15,2048,2474,68619,2576032,9268,2317958,0,2381978,7454,8244544,876554,7287459,227407,1,2048,0,2048,1,1,1
whole_batch_multiget,16,2048,2505,70292,2893818,10810,2615336,0,2694073,9277,8278006,892404,7323416,250360,1,2048,0,2048,1,1,1
whole_batch_multiget,17,2048,2375,68638,2640382,8055,2385615,0,2449344,8055,8624607,865313,7656220,260559,1,2048,0,2048,1,1,1
whole_batch_multiget,18,2048,2244,70292,2650161,5952,2403709,0,2461908,6372,8331026,865253,7361739,237375,1,2048,0,2048,1,1,1
whole_batch_multiget,19,2048,2485,70803,2696988,9087,2450185,0,2510980,7034,8039710,840817,7125485,214082,1,2048,0,2048,1,1,1
whole_batch_multiget,20,2048,3666,77947,2634061,11251,2365858,0,2431832,8045,8241889,960822,7213870,265378,1,2048,0,2048,1,1,1
whole_batch_multiget,21,2048,2294,70713,2704994,8116,2439897,0,2503837,7915,8825233,895129,7853741,247925,1,2048,0,2048,1,1,1
whole_batch_multiget,22,2048,2315,71535,2713269,6603,2469292,0,2525788,5991,8789746,857749,7837621,233098,1,2048,0,2048,1,1,1
whole_batch_multiget,23,2048,2024,71805,2692961,8846,2435939,0,2505930,8606,9656332,864701,8684730,237916,1,2048,0,2048,1,1,1
whole_batch_multiget,24,2048,2294,71484,2659438,8235,2391085,0,2459062,7975,7775775,849924,6866880,192271,1,2048,0,2048,1,1,1
whole_batch_multiget,25,2048,3005,73268,3112638,12563,2821121,0,2897845,9739,8451202,890771,7482354,233979,1,2048,0,2048,1,1,1
whole_batch_multiget,26,2048,2274,70813,2819428,8646,2545444,0,2612530,15358,8859577,974027,7805881,245340,1,2048,0,2048,1,1,1
whole_batch_multiget,27,2048,2234,73638,2697670,10159,2442011,0,2505740,9838,8774588,868649,7798087,237936,1,2048,0,2048,1,1,1
whole_batch_multiget,28,2048,2435,71805,2848192,10399,2597081,0,2659198,7895,8548965,861667,7584135,237055,1,2048,0,2048,1,1,1
whole_batch_multiget,29,2048,2605,71694,2791736,9017,2513124,0,2581782,8907,8128857,853661,7214812,174147,1,2048,0,2048,1,1,1
whole_batch_multiget,30,2048,2414,72456,3013031,12323,2725181,0,2803639,11101,8556780,883367,7587091,238657,1,2048,0,2048,1,1,1
whole_batch_multiget,31,2048,3086,81332,3198489,9938,2900000,0,2975731,9588,8748038,891472,7769082,242485,1,2048,0,2048,1,1,1
whole_batch_multiget,32,2048,2244,72867,2782399,7474,2527170,0,2588756,6863,8821987,859552,7849683,243888,1,2048,0,2048,1,1,1
whole_batch_multiget,33,2048,2304,71635,2789172,11031,2530537,0,2595749,9898,8792141,864642,7814878,240521,1,2048,0,2048,1,1,1
whole_batch_multiget,34,2048,2454,72136,2858001,11051,2603984,0,2668645,9678,8326487,867558,7382096,219131,1,2048,0,2048,1,1,1
whole_batch_multiget,35,2048,3006,78356,2956526,14397,2667543,0,2741111,9037,8576647,893866,7603803,240922,1,2048,0,2048,1,1,1
whole_batch_multiget,36,2048,2505,72086,2886645,7354,2619283,0,2685136,7384,9229711,897103,8245175,245811,1,2048,0,2048,1,1,1
whole_batch_multiget,37,2048,2385,71594,2866937,6152,2606929,0,2665530,5541,9033173,853881,8075166,245451,1,2048,0,2048,1,1,1
whole_batch_multiget,38,2048,2225,71925,2867990,8195,2608132,0,2673484,9147,9352752,861686,8384225,265468,1,2048,0,2048,1,1,1
whole_batch_multiget,39,2048,2224,71034,2874101,8566,2612571,0,2672804,7925,8625338,863550,7667862,285786,1,2048,0,2048,1,1,1
whole_batch_multiget,40,2048,2525,73268,2946747,7424,2681359,0,2754216,6973,8422107,851377,7497513,200476,1,2048,0,2048,1,1,1
whole_batch_multiget,41,2048,2685,72516,3210231,12523,2929705,0,3007230,10550,8397060,891743,7432270,248155,1,2048,0,2048,1,1,1
whole_batch_multiget,42,2048,2274,68910,2879692,8476,2586211,0,2659839,7323,9139913,874991,8166528,261240,1,2048,0,2048,1,1,1
whole_batch_multiget,43,2048,3085,73398,2933562,9688,2643218,0,2705284,7244,9160191,869982,8185934,256210,1,2048,0,2048,1,1,1
whole_batch_multiget,44,2048,2264,70142,2841099,8596,2572445,0,2633720,7775,8592557,857027,7632025,235441,1,2048,0,2048,1,1,1
whole_batch_multiget,45,2048,2295,72526,2894288,6993,2620986,0,2690326,6402,13711006,877286,12692406,375173,1,2048,0,2048,1,1,1
whole_batch_multiget,46,2048,4218,119665,3323013,18615,2960693,0,3048668,9137,8766533,896471,7796454,246252,1,2048,0,2048,1,1,1
whole_batch_multiget,47,2048,2475,71775,2944894,8495,2687791,0,2751220,7924,8863545,860093,7918632,239880,1,2048,0,2048,1,1,1
whole_batch_multiget,48,2048,2766,70663,2948631,6112,2695767,0,2756510,5721,9271811,866696,8315056,238317,1,2048,0,2048,1,1,1
whole_batch_multiget,49,2048,2364,73207,3053918,10880,2780906,0,2844796,7725,9345870,896001,8350723,233438,1,2048,0,2048,1,1,1
whole_batch_multiget,50,2048,2254,72045,3011659,9699,2747784,0,2814149,8085,9215756,868990,8271985,238657,1,2048,0,2048,1,1,1
whole_batch_multiget,51,2048,2384,70803,3001139,8697,2743255,0,2804200,7825,8931162,858079,7988934,221606,1,2048,0,2048,1,1,1
whole_batch_multiget,52,2048,2344,75341,3057786,12222,2799040,0,2865234,11251,9210526,896020,8224316,220964,1,2048,0,2048,1,1,1
whole_batch_multiget,53,2048,3256,75682,3388526,24356,3099523,0,3181978,8446,9700124,908474,8688597,241232,1,2048,0,2048,1,1,1
whole_batch_multiget,54,2048,2515,70722,3027428,14707,2753134,0,2824608,8506,9325201,854923,8372915,273774,1,2048,0,2048,1,1,1
whole_batch_multiget,55,2048,2645,71053,3085998,11562,2799340,0,2865786,9077,8767043,865684,7830327,215293,1,2048,0,2048,1,1,1
whole_batch_multiget,56,2048,2474,70041,3044400,10660,2787999,0,2854134,7895,8913218,862658,7974377,270267,1,2048,0,2048,1,1,1
whole_batch_multiget,57,2048,3005,73397,3193169,11181,2916420,0,2992663,11241,9412695,892383,8447475,248055,1,2048,0,2048,1,1,1
whole_batch_multiget,58,2048,2265,70683,3022509,12523,2768102,0,2834145,9728,8936952,849353,7997330,218881,1,2048,0,2048,1,1,1
whole_batch_multiget,59,2048,2354,70482,3028490,12423,2774404,0,2840358,8666,9951135,872436,8992066,229861,1,2048,0,2048,1,1,1
whole_batch_multiget,60,2048,2134,121468,3424573,10419,3065671,0,3140821,8456,9545925,870442,8592596,235943,1,2048,0,2048,1,1,1
whole_batch_multiget,61,2048,2014,70452,3127487,10510,2844866,0,2907153,8465,9178175,853291,8245435,231224,1,2048,0,2048,1,1,1
whole_batch_multiget,62,2048,2284,70612,3184663,9468,2923784,0,2984678,8706,8809213,870032,7870382,197501,1,2048,0,2048,1,1,1
whole_batch_multiget,63,2048,2254,70643,3054690,10290,2800733,0,2864703,7744,9131477,854954,8199369,231054,1,2048,0,2048,1,1,1
whole_batch_multiget,64,2048,2845,72296,3132926,9458,2881986,0,2943020,7624,9344177,861406,8396298,236283,1,2048,0,2048,1,1,1
whole_batch_multiget,65,2048,2825,72115,3083573,11131,2829347,0,2893397,8346,9031229,865804,8079324,233879,1,2048,0,2048,1,1,1
whole_batch_multiget,66,2048,2465,71023,3107588,9829,2843824,0,2907834,9759,9720712,891583,8743319,240892,1,2048,0,2048,1,1,1
whole_batch_multiget,67,2048,2324,71544,3476941,15198,3202887,0,3277217,10810,9710052,894157,8731366,237105,1,2048,0,2048,1,1,1
whole_batch_multiget,68,2048,3376,112732,3233726,12904,2911471,0,2981001,9467,9695415,1034290,8574463,67527,1,2048,0,2048,1,1,1
whole_batch_multiget,69,2048,952,68699,3075779,11823,2801315,0,2866607,9418,8724394,1030133,7624410,56125,1,2048,0,2048,1,1,1
whole_batch_multiget,70,2048,1002,70533,3154217,11381,2862860,0,2929204,8546,9074871,1076129,7915787,58069,1,2048,0,2048,1,1,1
whole_batch_multiget,71,2048,1072,72616,3267008,9577,2992864,0,3056713,9357,9142879,1026375,8048917,54212,1,2048,0,2048,1,1,1
whole_batch_multiget,72,2048,791,71765,3159296,8706,2855987,0,2916600,10680,9497063,1032006,8391219,56065,1,2048,0,2048,1,1,1
whole_batch_multiget,73,2048,942,70132,3218968,12364,2952699,0,3020446,11401,9182363,1030914,8063815,54753,1,2048,0,2048,1,1,1
whole_batch_multiget,74,2048,1092,70252,3523970,15719,3252872,0,3324546,10039,10062454,1035012,8924940,52578,1,2048,0,2048,1,1,1
whole_batch_multiget,75,2048,832,79549,3311110,11512,3036686,0,3103902,10359,9658075,1025053,8548093,54683,1,2048,0,2048,1,1,1
whole_batch_multiget,76,2048,971,75612,3287657,11422,3008863,0,3074808,9067,9219603,1030282,8110142,54903,1,2048,0,2048,1,1,1
whole_batch_multiget,77,2048,781,69280,3436356,12043,3151261,0,3218527,8075,6843025,1039350,5740186,60974,1,2048,0,2048,1,1,1
whole_batch_multiget,78,2048,1473,74650,3963214,10169,3638244,0,3706332,9808,7137147,1029541,6048124,56025,1,2048,0,2048,1,1,1
whole_batch_multiget,79,2048,1362,68879,4221047,11061,3839972,0,3909914,9418,7096391,1051542,5983774,86232,1,2048,0,2048,1,1,1
whole_batch_multiget,80,2048,1422,69681,4510430,10580,4163789,0,4240644,9848,7647213,1090245,6483320,53059,1,2048,0,2048,1,1,1
whole_batch_multiget,81,2048,3596,224270,6792460,11872,5201196,0,6318752,13235,7711524,968837,6655504,244398,1,2048,0,2048,1,1,1
whole_batch_multiget,82,2048,4728,110377,4477798,13856,3985766,0,4060356,11482,7322204,886032,6362824,242836,1,2048,0,2048,1,1,1
whole_batch_multiget,83,2048,2225,66355,4298904,13155,4055316,0,4124767,10109,7247654,870563,6309805,230632,1,2048,0,2048,1,1,1
whole_batch_multiget,84,2048,2454,66315,4185070,13274,3935472,0,4008007,10299,7406322,875673,6455819,233949,1,2048,0,2048,1,1,1
whole_batch_multiget,85,2048,2154,68158,4346362,13756,4082337,0,4166354,10369,7282880,857198,6360871,231054,1,2048,0,2048,1,1,1
whole_batch_multiget,86,2048,2104,69270,4490412,13195,4238911,0,4311256,10420,7192952,879299,6245555,234479,1,2048,0,2048,1,1,1
whole_batch_multiget,87,2048,2224,68729,4399653,12674,4145586,0,4217671,11572,7279393,874890,6335743,237706,1,2048,0,2048,1,1,1
whole_batch_multiget,88,2048,2144,70392,4693643,12754,4443455,0,4514066,9918,7755206,914516,6763566,238888,1,2048,0,2048,1,1,1
whole_batch_multiget,89,2048,2264,69891,4605568,12773,4347755,0,4421603,11061,7587792,884749,6627611,234340,1,2048,0,2048,1,1,1
whole_batch_multiget,90,2048,2444,69760,4291369,12884,4031772,0,4102074,10419,7389339,845636,6471729,228849,1,2048,0,2048,1,1,1
whole_batch_multiget,91,2048,2074,70211,4610858,13455,4346743,0,4417425,10630,7488636,860885,6550466,253155,1,2048,0,2048,1,1,1
whole_batch_multiget,92,2048,2435,70231,4817385,14046,4561105,0,4633110,10510,7612327,873929,6663268,229039,1,2048,0,2048,1,1,1
whole_batch_multiget,93,2048,3016,70863,4568419,13145,4294084,0,4377601,10119,49613467,870433,48635884,244719,1,2048,0,2048,1,1,1
whole_batch_multiget,94,2048,2134,71223,8109420,13415,7851066,0,7921568,11542,7795672,903124,6805956,242385,1,2048,0,2048,1,1,1
whole_batch_multiget,95,2048,2034,70412,7936216,13695,7675406,0,7748823,12052,7405440,894538,6446581,238267,1,2048,0,2048,1,1,1
whole_batch_multiget,96,2048,2024,70031,7318917,12704,7069220,0,7138480,11191,7476813,896331,6516513,212999,1,2048,0,2048,1,1,1
whole_batch_multiget,97,2048,2966,133159,6318231,12484,5921908,0,5992440,10610,7632396,1054889,6515080,69120,1,2048,0,2048,1,1,1
whole_batch_multiget,98,2048,1333,72056,6507696,9107,6130098,0,6200280,11421,7860443,1046533,6748688,55284,1,2048,0,2048,1,1,1
whole_batch_multiget,99,2048,1452,72786,6155185,11031,5849242,0,5919072,11061,7737202,1061902,6613295,61265,1,2048,0,2048,1,1,1
whole_batch_multiget,100,2048,3086,222517,5645849,12384,5229669,0,5302195,10931,7693931,895760,6731837,226986,1,2048,0,2048,1,1,1
whole_batch_multiget,101,2048,2364,70923,5468006,10860,5209952,0,5277268,11292,7645591,894869,6685269,218089,1,2048,0,2048,1,1,1
whole_batch_multiget,102,2048,2104,71304,5207858,12132,4947099,0,5019484,11532,7641914,891442,6681191,217248,1,2048,0,2048,1,1,1
whole_batch_multiget,103,2048,2174,69781,5228557,12243,4974771,0,5045173,11412,7874901,898275,6909179,227717,1,2048,0,2048,1,1,1
whole_batch_multiget,104,2048,2545,69891,5157223,12444,4888880,0,4953862,9298,8062773,881172,7087464,249328,1,2048,0,2048,1,1,1
whole_batch_multiget,105,2048,2074,74700,5156061,11282,4886476,0,4957108,9458,7937799,889339,6982707,244428,1,2048,0,2048,1,1,1
whole_batch_multiget,106,2048,9467,71234,5126486,10811,4869073,0,4932262,8576,7837149,903344,6872410,195877,1,2048,0,2048,1,1,1
whole_batch_multiget,107,2048,2184,69851,4987164,10199,4735261,0,4803810,10650,7664987,908834,6690859,218239,1,2048,0,2048,1,1,1
whole_batch_multiget,108,2048,2134,70492,5093834,14146,4822365,0,4893999,9427,7584857,889238,6634153,166482,1,2048,0,2048,1,1,1
whole_batch_multiget,109,2048,2244,69841,5125844,12604,4876176,0,4945696,10470,7863179,909435,6879062,224551,1,2048,0,2048,1,1,1
whole_batch_multiget,110,2048,2044,70873,5073746,12574,4821604,0,4890242,10199,8784597,902032,7820098,198202,1,2048,0,2048,1,1,1
whole_batch_multiget,111,2048,2405,71103,5500487,13956,5227555,0,5306243,11802,8214728,919776,7225232,233658,1,2048,0,2048,1,1,1
whole_batch_multiget,112,2048,1924,76593,5211435,12173,4938563,0,5013414,10570,7979147,918913,6996724,216155,1,2048,0,2048,1,1,1
whole_batch_multiget,113,2048,1893,75842,5151883,13205,4887868,0,4959222,9869,7904607,893647,6939576,238507,1,2048,0,2048,1,1,1
whole_batch_multiget,114,2048,2595,70121,5156683,18064,4890823,0,4963881,10229,8247128,893987,7287890,217958,1,2048,0,2048,1,1,1
whole_batch_multiget,115,2048,1904,75151,5174706,13475,4917513,0,4985892,9538,8304025,903525,7331722,216486,1,2048,0,2048,1,1,1
whole_batch_multiget,116,2048,2094,91803,5352009,10770,5068616,0,5135723,9077,8057373,901892,7089347,231604,1,2048,0,2048,1,1,1
whole_batch_multiget,117,2048,2224,71303,5132016,12673,4877067,0,4946257,9999,9871085,896962,8853526,280526,1,2048,0,2048,1,1,1
whole_batch_multiget,118,2048,2154,72747,5365644,13465,5093453,0,5169636,10700,8015615,909416,7036728,224882,1,2048,0,2048,1,1,1
whole_batch_multiget,119,2048,1954,71845,5241651,12303,4986173,0,5054139,10179,7854683,900939,6887448,211557,1,2048,0,2048,1,1,1
whole_batch_multiget,120,2048,2053,71234,5272910,11933,5014075,0,5081692,10831,8745293,903405,7739827,240982,1,2048,0,2048,1,1,1
whole_batch_multiget,121,2048,2134,72105,5374180,8907,5110856,0,5171921,7634,8068794,962455,7050344,194305,1,2048,0,2048,1,1,1
whole_batch_multiget,122,2048,1983,71003,5443310,10209,5177892,0,5241601,7805,8225929,900870,7256010,236364,1,2048,0,2048,1,1,1
whole_batch_multiget,123,2048,2104,74068,5483105,9448,5213859,0,5276647,5931,8054046,904707,7087684,216356,1,2048,0,2048,1,1,1
whole_batch_multiget,124,2048,2074,71725,6032335,7845,5741940,0,5816961,11411,9004329,929573,7999124,238347,1,2048,0,2048,1,1,1
whole_batch_multiget,125,2048,2144,74140,5499105,8296,5234298,0,5299390,10319,7916909,908775,6948934,229601,1,2048,0,2048,1,1,1
whole_batch_multiget,126,2048,1883,72365,5476322,8165,5213539,0,5279161,9859,8414353,911450,7434224,243016,1,2048,0,2048,1,1,1
whole_batch_multiget,127,2048,1974,73598,5439172,6051,5159337,0,5228607,6322,8425012,909607,7448711,241002,1,2048,0,2048,1,1,1
whole_batch_multiget,128,2048,1964,72706,5760514,8035,5461524,0,5535362,10259,8442084,917201,7453780,241854,1,2048,0,2048,1,1,1
whole_batch_multiget,129,2048,3135,85861,5556873,8727,5282649,0,5348823,10109,8237090,896642,7280566,234059,1,2048,0,2048,1,1,1
whole_batch_multiget,130,2048,1803,72856,5521867,7494,5225912,0,5300502,10099,9206759,918613,8189581,242484,1,2048,0,2048,1,1,1
whole_batch_multiget,131,2048,2144,75722,5568315,13996,5286155,0,5363210,11201,8286963,920607,7293210,222557,1,2048,0,2048,1,1,1
whole_batch_multiget,132,2048,1894,74510,5442759,12694,5177892,0,5245830,10319,8502016,898765,7531125,239009,1,2048,0,2048,1,1,1
whole_batch_multiget,133,2048,2284,76764,5571580,12633,5300983,0,5371545,10199,8452294,903574,7482755,221165,1,2048,0,2048,1,1,1
whole_batch_multiget,134,2048,2114,74520,5479648,13585,5203069,0,5273411,9788,8311609,886222,7353462,241292,1,2048,0,2048,1,1,1
whole_batch_multiget,135,2048,2214,78908,5565208,9938,5293839,0,5356426,8877,8525621,893586,7556984,240802,1,2048,0,2048,1,1,1
whole_batch_multiget,136,2048,2235,77536,5530734,6702,5267610,0,5326921,9067,9235623,875572,8253801,248646,1,2048,0,2048,1,1,1
whole_batch_multiget,137,2048,2184,78777,5677849,9268,5394569,0,5458268,8656,8769529,933311,7766116,227827,1,2048,0,2048,1,1,1
whole_batch_multiget,138,2048,2034,74320,5509674,6031,5243454,0,5302255,5761,8838709,900979,7862056,252594,1,2048,0,2048,1,1,1
whole_batch_multiget,139,2048,2194,75512,5767778,6322,5492672,0,5555580,6192,8974513,906320,7994314,242845,1,2048,0,2048,1,1,1
whole_batch_multiget,140,2048,2104,75431,5694651,7795,5420808,0,5480309,9468,9206468,894107,8228003,231935,1,2048,0,2048,1,1,1
whole_batch_multiget,141,2048,2374,73808,5676307,7664,5423122,0,5481952,9157,9074891,907362,8096276,242905,1,2048,0,2048,1,1,1
whole_batch_multiget,142,2048,2104,74039,5636412,8315,5369031,0,5430275,8476,9716995,907362,8723632,231464,1,2048,0,2048,1,1,1
whole_batch_multiget,143,2048,1793,80070,5708206,8005,5433621,0,5494776,8446,8700569,907652,7722605,241212,1,2048,0,2048,1,1,1
whole_batch_multiget,144,2048,2545,74279,5589133,7595,5316863,0,5382266,8506,8847996,903535,7870422,239229,1,2048,0,2048,1,1,1
whole_batch_multiget,145,2048,2264,75501,5711193,6893,5457686,0,5516767,5740,8792030,917551,7806532,234990,1,2048,0,2048,1,1,1
whole_batch_multiget,146,2048,1804,74640,5585366,8075,5329426,0,5389579,8305,8801588,901621,7830797,235442,1,2048,0,2048,1,1,1
whole_batch_multiget,147,2048,2535,76243,5801331,9247,5528249,0,5594554,8436,8711420,893155,7749235,224411,1,2048,0,2048,1,1,1
whole_batch_multiget,148,2048,1984,73248,5669584,7584,5417741,0,5476933,7635,8977930,900008,7976752,305012,1,2048,0,2048,1,1,1
whole_batch_multiget,149,2048,2866,75131,5780993,6803,5512720,0,5574145,5851,8735865,917381,7747441,229320,1,2048,0,2048,1,1,1
whole_batch_multiget,150,2048,1933,74159,5708497,8076,5444422,0,5505196,8916,9143079,903815,8151680,244769,1,2048,0,2048,1,1,1
whole_batch_multiget,151,2048,2264,75501,5847487,9368,5571601,0,5636091,8316,8862033,903325,7886983,257523,1,2048,0,2048,1,1,1
whole_batch_multiget,152,2048,2174,72185,5803735,8726,5539981,0,5602037,8256,8972359,897824,7973536,244188,1,2048,0,2048,1,1,1
whole_batch_multiget,153,2048,1963,73638,5878065,6533,5624709,0,5683290,6241,8980434,903975,8011948,249077,1,2048,0,2048,1,1,1
whole_batch_multiget,154,2048,2224,83256,5766967,6492,5481552,0,5546192,6582,10592939,912662,9471215,304180,1,2048,0,2048,1,1,1
whole_batch_multiget,155,2048,2505,78177,6058233,10249,5772457,0,5846676,9077,8922686,911359,7943068,243166,1,2048,0,2048,1,1,1
whole_batch_multiget,156,2048,1994,74460,5932106,6482,5657031,0,5723675,9709,9073969,904907,8089022,234240,1,2048,0,2048,1,1,1
whole_batch_multiget,157,2048,2514,73367,6001867,11261,5701424,0,5779981,10320,8896427,906921,7923131,253415,1,2048,0,2048,1,1,1
whole_batch_multiget,158,2048,1954,71474,5930674,10781,5654145,0,5726571,8756,9172585,903284,8195672,248366,1,2048,0,2048,1,1,1
whole_batch_multiget,159,2048,2064,72266,5932447,14207,5644627,0,5718837,10640,9971964,913453,8984652,239920,1,2048,0,2048,1,1,1
whole_batch_multiget,160,2048,2545,73268,5836478,10450,5574175,0,5639588,9237,9689534,953969,8636118,241062,1,2048,0,2048,1,1,1
whole_batch_multiget,161,2048,2424,71293,5834012,8826,5576309,0,5644587,8125,8796299,891843,7821861,240331,1,2048,0,2048,1,1,1
whole_batch_multiget,162,2048,2124,69580,6019460,8435,5764793,0,5828883,9729,8985604,911179,7993102,268594,1,2048,0,2048,1,1,1
whole_batch_multiget,163,2048,1944,69891,5780743,8105,5518971,0,5581088,9287,8448747,897384,7481072,301455,1,2048,0,2048,1,1,1
whole_batch_multiget,164,2048,2394,70502,5995315,6161,5745076,0,5805509,6201,9031580,924474,8016065,291597,1,2048,0,2048,1,1,1
whole_batch_multiget,165,2048,2154,71494,5958085,6442,5698638,0,5759763,6091,8967530,898014,7966663,240281,1,2048,0,2048,1,1,1
whole_batch_multiget,166,2048,2184,70472,5967112,7834,5710340,0,5774170,9688,9802766,955552,8756714,242675,1,2048,0,2048,1,1,1
whole_batch_multiget,167,2048,2415,71264,5870240,6582,5606145,0,5672199,5811,8655204,916239,7655048,233618,1,2048,0,2048,1,1,1
whole_batch_multiget,168,2048,2064,71535,6001978,5891,5733144,0,5798106,6612,9108324,918072,8102728,239680,1,2048,0,2048,1,1,1
whole_batch_multiget,169,2048,3927,140494,5947345,10209,5585867,0,5653103,9618,9261261,1036294,8126593,63169,1,2048,0,2048,1,1,1
whole_batch_multiget,170,2048,2094,72406,6065587,9828,5796302,0,5864730,10670,9438764,1037135,8296571,53650,1,2048,0,2048,1,1,1
whole_batch_multiget,171,2048,952,71053,6035019,9067,5767318,0,5837039,8506,9352862,1031806,8219436,50786,1,2048,0,2048,1,1,1
whole_batch_multiget,172,2048,1172,70443,6415143,7153,6142722,0,6215017,7735,10140079,1026315,9014708,56346,1,2048,0,2048,1,1,1
whole_batch_multiget,173,2048,982,70021,6130608,9157,5860903,0,5931776,8385,10060950,1041504,8921584,52118,1,2048,0,2048,1,1,1
whole_batch_multiget,174,2048,1002,72506,6015894,8606,5752028,0,5818133,9728,10198318,1055650,9033504,55514,1,2048,0,2048,1,1,1
whole_batch_multiget,175,2048,1052,72055,6235645,7824,5970218,0,6040750,9157,10139377,1047434,8991706,55834,1,2048,0,2048,1,1,1
whole_batch_multiget,176,2048,922,70893,6277464,7875,5995666,0,6073702,11061,9774594,1043267,8658831,57057,1,2048,0,2048,1,1,1
whole_batch_multiget,177,2048,951,70832,6779135,11211,6483020,0,6560565,12023,10043398,1052945,8893651,55214,1,2048,0,2048,1,1,1
whole_batch_multiget,178,2048,1022,71263,6327688,10449,6050980,0,6123856,11572,9167425,1036364,8058795,56977,1,2048,0,2048,1,1,1
whole_batch_multiget,179,2048,1012,72446,6302952,7815,6028827,0,6099450,11772,10168683,1030593,9030919,52739,1,2048,0,2048,1,1,1
whole_batch_multiget,180,2048,1733,71794,6142481,10189,5874448,0,5943237,9908,19710059,1036354,18575351,56646,1,2048,0,2048,1,1,1
whole_batch_multiget,181,2048,1142,70462,6437324,10700,6158952,0,6236939,10189,10298897,1034219,9167595,133110,1,2048,0,2048,1,1,1
whole_batch_multiget,182,2048,2124,72005,6504380,9628,6210789,0,6286801,9398,10530882,1036605,9366558,92023,1,2048,0,2048,1,1,1
whole_batch_multiget,183,2048,1934,71484,6295357,11391,6020332,0,6094110,10279,10047585,1029481,8920041,190657,1,2048,0,2048,1,1,1
whole_batch_multiget,184,2048,2214,83827,6126411,9507,5841156,0,5907971,9758,10786341,1033589,9651282,57888,1,2048,0,2048,1,1,1
whole_batch_multiget,185,2048,1273,229511,6395055,11020,5936475,0,6009231,11522,10980886,931778,9934934,249659,1,2048,0,2048,1,1,1
whole_batch_multiget,186,2048,2415,71975,6255343,11021,5962754,0,6035200,9959,10681355,943419,9628730,247233,1,2048,0,2048,1,1,1
whole_batch_multiget,187,2048,2464,74600,6516442,10800,6223092,0,6309274,12353,11159441,952977,9955653,344005,1,2048,0,2048,1,1,1
whole_batch_multiget,188,2048,4429,120195,6900352,16070,6520290,0,6605970,7785,9935867,941446,8883793,245039,1,2048,0,2048,1,1,1
whole_batch_multiget,189,2048,2124,76754,6198656,10479,5917679,0,5983432,8305,10054639,911609,9036980,241974,1,2048,0,2048,1,1,1
whole_batch_multiget,190,2048,2585,72436,6141860,9037,5868097,0,5932337,8967,10135120,909315,9121209,244228,1,2048,0,2048,1,1,1
whole_batch_multiget,191,2048,2174,71685,6174832,8546,5901429,0,5965188,9468,10372605,909376,9354395,259847,1,2048,0,2048,1,1,1
whole_batch_multiget,192,2048,2034,71224,6188287,7584,5905947,0,5978193,9658,10695591,932299,9654829,243567,1,2048,0,2048,1,1,1
whole_batch_multiget,193,2048,2445,73759,6798602,6632,6505572,0,6587155,6913,10369860,969538,9327125,247474,1,2048,0,2048,1,1,1
whole_batch_multiget,194,2048,2675,71945,6499771,8837,6202714,0,6290328,10420,10416979,946225,9394771,234189,1,2048,0,2048,1,1,1
whole_batch_multiget,195,2048,2054,91622,6707090,8536,6344480,0,6445730,11342,10864629,1256347,9494127,264566,1,2048,0,2048,1,1,1
whole_batch_multiget,196,2048,3116,78277,6317138,8977,6035440,0,6102706,6473,9930827,904537,8920452,235281,1,2048,0,2048,1,1,1
whole_batch_multiget,197,2048,2194,70342,6418820,6833,6140698,0,6209778,6712,10446484,901791,9441469,237245,1,2048,0,2048,1,1,1
whole_batch_multiget,198,2048,2164,72065,6214716,6682,5943608,0,6007638,6121,10588430,931076,9542118,262402,1,2048,0,2048,1,1,1
whole_batch_multiget,199,2048,3056,77665,6406546,8446,6118246,0,6191623,13075,10557272,945704,9504127,248065,1,2048,0,2048,1,1,1
whole_batch_multiget,200,2048,2104,80301,6448274,8746,6151789,0,6231978,10530,10042376,938470,9035377,240501,1,2048,0,2048,1,1,1
whole_batch_multiget,201,2048,2345,70953,6733590,9187,6431213,0,6516232,10399,9656512,945544,8638252,258014,1,2048,0,2048,1,1,1
whole_batch_multiget,202,2048,2174,84728,6638652,10971,6321838,0,6402850,6983,10716551,944191,9674446,256511,1,2048,0,2048,1,1,1
whole_batch_multiget,203,2048,3857,84058,6369327,9237,6081307,0,6147801,6222,10695210,894959,9686729,243667,1,2048,0,2048,1,1,1
whole_batch_multiget,204,2048,2355,70823,6360480,7915,6096966,0,6160335,9698,10605251,895470,9597772,249968,1,2048,0,2048,1,1,1
whole_batch_multiget,205,2048,2344,71504,6309163,8486,6048074,0,6112966,9698,10431645,916890,9407154,262883,1,2048,0,2048,1,1,1
whole_batch_multiget,206,2048,2044,70312,6382271,6291,6083921,0,6167317,8375,10361184,940715,9343826,248917,1,2048,0,2048,1,1,1
whole_batch_multiget,207,2048,2164,70342,6725725,7925,6430672,0,6509589,7765,9795493,944903,8783494,248657,1,2048,0,2048,1,1,1
whole_batch_multiget,208,2048,2595,73889,6622692,9338,6346805,0,6419421,10450,10231711,934853,9156114,315090,1,2048,0,2048,1,1,1
whole_batch_multiget,209,2048,4158,81653,6405634,10129,6126852,0,6193136,8787,10473514,916550,9450525,265137,1,2048,0,2048,1,1,1
whole_batch_multiget,210,2048,2635,70782,6357194,8656,6107535,0,6168450,8136,10698607,907032,9684254,252444,1,2048,0,2048,1,1,1
whole_batch_multiget,211,2048,2565,70111,6358476,8515,6065346,0,6139675,9157,10780360,1001148,9666190,251692,1,2048,0,2048,1,1,1
whole_batch_multiget,212,2048,2545,73799,6634624,7705,6346444,0,6426213,13425,10605002,953739,9578256,248766,1,2048,0,2048,1,1,1
whole_batch_multiget,213,2048,2885,115947,6990381,8636,6638000,0,6715966,9779,10002722,939923,8959215,280937,1,2048,0,2048,1,1,1
whole_batch_multiget,214,2048,4439,159910,6768496,16240,6302261,0,6387230,9608,10265915,925496,9228189,236514,1,2048,0,2048,1,1,1
whole_batch_multiget,215,2048,2484,73278,6338399,10269,6077068,0,6140507,8085,10720538,902002,9709201,239790,1,2048,0,2048,1,1,1
whole_batch_multiget,216,2048,2265,71133,6244512,11602,5971090,0,6036964,8647,11191852,899587,10180565,251060,1,2048,0,2048,1,1,1
whole_batch_multiget,217,2048,1854,72637,6437945,10991,6110651,0,6211521,11822,6691370,980019,5634769,282289,1,2048,0,2048,1,1,1
whole_batch_multiget,218,2048,2535,110518,7383048,11131,7020418,0,7109295,10249,6882008,968617,5846215,254277,1,2048,0,2048,1,1,1
whole_batch_multiget,219,2048,2285,74019,7735529,8747,7411401,0,7505037,12443,9244870,1084353,8054377,237726,1,2048,0,2048,1,1,1
whole_batch_multiget,220,2048,2084,73668,7860243,11191,7573755,0,7656851,18394,6812328,954180,5785171,241873,1,2048,0,2048,1,1,1
whole_batch_multiget,221,2048,2405,70803,7805821,10851,7529663,0,7611026,12063,7156783,1039650,6052513,230983,1,2048,0,2048,1,1,1
whole_batch_multiget,222,2048,2465,76523,8058064,8366,7774532,0,7851747,8756,7201167,952367,6187305,240431,1,2048,0,2048,1,1,1
whole_batch_multiget,223,2048,2595,71354,7199835,7354,6942091,0,7009317,6812,7279303,930245,6284778,248125,1,2048,0,2048,1,1,1
whole_batch_multiget,224,2048,2525,90520,7278101,8907,6987776,0,7051176,14988,7229610,902533,6260652,256131,1,2048,0,2048,1,1,1
whole_batch_multiget,225,2048,1924,92233,7948229,9037,7648236,0,7729518,10109,7313677,939061,6304876,241162,1,2048,0,2048,1,1,1
whole_batch_multiget,226,2048,1944,84849,7401763,8336,7122229,0,7185718,9277,7034624,895549,6078572,242595,1,2048,0,2048,1,1,1
whole_batch_multiget,227,2048,2385,83286,7265187,6983,6988999,0,7050604,8396,7321993,872537,6389514,245521,1,2048,0,2048,1,1,1
whole_batch_multiget,228,2048,2154,82785,7398036,8005,7122860,0,7186560,8355,7283741,854483,6370218,242094,1,2048,0,2048,1,1,1
whole_batch_multiget,229,2048,2695,82194,7423925,5771,7153007,0,7211466,6142,7586389,861135,6660212,238418,1,2048,0,2048,1,1,1
whole_batch_multiget,230,2048,2415,99426,7268242,7504,6983007,0,7049473,6913,7740018,860414,6789965,272491,1,2048,0,2048,1,1,1
whole_batch_multiget,231,2048,2344,83858,7418374,7744,7134091,0,7203982,7254,7823223,866675,6894211,239409,1,2048,0,2048,1,1,1
whole_batch_multiget,232,2048,2695,87554,7951334,7834,7647304,0,7723747,10700,7316843,862878,6395575,242805,1,2048,0,2048,1,1,1
whole_batch_multiget,233,2048,2104,85891,7381896,6432,7088014,0,7160661,6522,39515737,845306,38587476,254337,1,2048,0,2048,1,1,1
whole_batch_multiget,234,2048,2434,82044,10220780,5651,9932310,0,9998924,6332,7824977,870012,6883641,248496,1,2048,0,2048,1,1,1
whole_batch_multiget,235,2048,2324,82205,11838054,15279,11525518,0,11614224,10560,7928401,1038167,6825723,242705,1,2048,0,2048,1,1,1
whole_batch_multiget,236,2048,2725,80141,10165637,8045,9873850,0,9945845,10921,7717916,869511,6771541,235501,1,2048,0,2048,1,1,1
whole_batch_multiget,237,2048,2695,80832,10071521,7565,9790273,0,9859052,9999,7716193,858169,6800756,236834,1,2048,0,2048,1,1,1
whole_batch_multiget,238,2048,2074,79520,11188215,7975,10911657,0,10979423,9768,7407343,868630,6482018,262352,1,2048,0,2048,1,1,1
whole_batch_multiget,239,2048,2054,81794,10468926,6392,10196214,0,10259122,8987,7449933,868519,6525810,235943,1,2048,0,2048,1,1,1
whole_batch_multiget,240,2048,1593,79650,10510504,6092,10241129,0,10301342,6292,7657883,867467,6734922,235231,1,2048,0,2048,1,1,1
whole_batch_multiget,241,2048,2144,79039,11051469,6272,10774670,0,10839311,6512,7430416,866566,6510761,236082,1,2048,0,2048,1,1,1
whole_batch_multiget,242,2048,2224,78026,11114587,7113,10830594,0,10901547,9979,9132560,889859,8183199,240340,1,2048,0,2048,1,1,1
whole_batch_multiget,243,2048,2935,81503,11247046,8857,10956250,0,11026662,8115,7939461,889849,6988949,242275,1,2048,0,2048,1,1,1
whole_batch_multiget,244,2048,1983,80270,11184979,7474,10901517,0,10970006,10159,7910557,868959,6985832,245010,1,2048,0,2048,1,1,1
whole_batch_multiget,245,2048,1964,78568,10822469,12974,10537174,0,10610161,6693,7713568,863840,6796848,239139,1,2048,0,2048,1,1,1
whole_batch_multiget,246,2048,2224,80030,10923048,5190,10640899,0,10709607,6392,7707016,871625,6772162,237796,1,2048,0,2048,1,1,1
whole_batch_multiget,247,2048,2104,79289,11139804,5631,10866011,0,10926895,5981,7863359,871454,6927754,240421,1,2048,0,2048,1,1,1
whole_batch_multiget,248,2048,2525,80311,11101522,7804,10805107,0,10881670,9357,7751929,881463,6813159,279424,1,2048,0,2048,1,1,1
whole_batch_multiget,249,2048,2325,107382,12879598,889598,11633500,0,12592800,8746,7820398,893095,6871438,247534,1,2048,0,2048,1,1,1
whole_batch_multiget,250,2048,2504,83196,11212811,11301,10920904,0,10989462,9538,7973565,882005,7030556,257613,1,2048,0,2048,1,1,1
whole_batch_multiget,251,2048,2434,86742,11086985,7905,10778236,0,10849530,9347,8232962,869180,7304531,244990,1,2048,0,2048,1,1,1
whole_batch_multiget,252,2048,2795,81613,11711357,7284,11395364,0,11472308,10670,17414142,923743,16425869,245260,1,2048,0,2048,1,1,1
whole_batch_multiget,253,2048,2405,92213,11516761,11572,11203524,0,11280989,9498,8426365,869661,7499476,250650,1,2048,0,2048,1,1,1
whole_batch_multiget,254,2048,2304,81443,11100721,9818,10800107,0,10875418,9428,8224897,893707,7267040,250440,1,2048,0,2048,1,1,1
whole_batch_multiget,255,2048,2104,82555,10927937,9939,10643894,0,10709498,9317,8191564,880402,7247684,242124,1,2048,0,2048,1,1,1
whole_batch_multiget,256,2048,2254,82866,11173127,8165,10873675,0,10945470,9498,7888766,898305,6934327,242875,1,2048,0,2048,1,1,1
whole_batch_multiget,257,2048,2004,83287,11384524,10139,11089660,0,11160894,9217,8095554,890079,7144109,251622,1,2048,0,2048,1,1,1
whole_batch_multiget,258,2048,2405,82995,11012315,11532,10726459,0,10794707,9297,7859842,870803,6925270,248657,1,2048,0,2048,1,1,1
whole_batch_multiget,259,2048,1974,88286,11325272,8305,11018246,0,11092846,9468,8218245,892825,7239879,247094,1,2048,0,2048,1,1,1
whole_batch_multiget,260,2048,2013,86341,11445418,11782,11141147,0,11216348,9578,8260794,875212,7324348,250250,1,2048,0,2048,1,1,1
whole_batch_multiget,261,2048,2395,83216,10983912,11241,10687886,0,10763980,9598,8130370,857909,7208741,243106,1,2048,0,2048,1,1,1
whole_batch_multiget,262,2048,2033,82716,11600389,10490,11300015,0,11376930,9708,8026474,881173,7087784,250670,1,2048,0,2048,1,1,1
whole_batch_multiget,263,2048,2124,82004,11222489,9948,10928287,0,11001996,9758,8117265,877796,7178153,248887,1,2048,0,2048,1,1,1
whole_batch_multiget,264,2048,2184,82365,10960388,11211,10672177,0,10740826,9317,8162760,885050,7211346,247464,1,2048,0,2048,1,1,1
whole_batch_multiget,265,2048,2024,80532,11477378,10319,11154662,0,11234081,11241,8318993,879449,7373901,233398,1,2048,0,2048,1,1,1
whole_batch_multiget,266,2048,2044,67257,11564932,9879,11301457,0,11375677,9838,8117836,879049,7174337,233428,1,2048,0,2048,1,1,1
whole_batch_multiget,267,2048,2625,68618,11226017,9237,10943016,0,11019879,11100,8191554,876424,7248756,230983,1,2048,0,2048,1,1,1
whole_batch_multiget,268,2048,2144,68518,11366960,10039,11098737,0,11172816,10991,8355903,888156,7401623,261671,1,2048,0,2048,1,1,1
whole_batch_multiget,269,2048,2405,70032,11429909,10891,11150013,0,11231206,10660,8553293,885601,7592871,240401,1,2048,0,2048,1,1,1
whole_batch_multiget,270,2048,2104,69250,11450477,10920,11171413,0,11250522,17533,8448516,873468,7505267,236784,1,2048,0,2048,1,1,1
whole_batch_multiget,271,2048,1954,68849,11475293,10470,11204896,0,11279616,11151,8525881,889859,7568495,229711,1,2048,0,2048,1,1,1
whole_batch_multiget,272,2048,2645,69961,11768704,10009,11482427,0,11561775,10940,8456722,929764,7458490,228058,1,2048,0,2048,1,1,1
whole_batch_multiget,273,2048,2514,68649,11222670,7034,10944568,0,11021293,7694,8314234,881363,7370004,246964,1,2048,0,2048,1,1,1
whole_batch_multiget,274,2048,3727,122570,11579018,9698,11218953,0,11290036,10379,8504541,971693,7467756,68058,1,2048,0,2048,1,1,1
whole_batch_multiget,275,2048,1012,76453,11538161,6873,11238369,0,11304102,7114,8687485,984917,7642034,54923,1,2048,0,2048,1,1,1
whole_batch_multiget,276,2048,962,73989,13338729,7313,12989774,0,13077839,9307,10096076,993754,9001604,244609,1,2048,0,2048,1,1,1
whole_batch_multiget,277,2048,1874,71254,11496103,8826,11229472,0,11297019,10149,8741786,986541,7694251,54473,1,2048,0,2048,1,1,1
whole_batch_multiget,278,2048,3266,229450,11682021,10239,11247827,0,11323168,12033,9030468,890330,8064586,235332,1,2048,0,2048,1,1,1
whole_batch_multiget,279,2048,2244,86703,11513245,8787,11194648,0,11267825,9618,9664517,889248,8706770,243237,1,2048,0,2048,1,1,1
whole_batch_multiget,280,2048,2314,83707,11702761,6082,11388721,0,11467589,6852,8742047,923713,7762139,259737,1,2048,0,2048,1,1,1
whole_batch_multiget,281,2048,2084,90359,11831842,7945,11517763,0,11594898,9788,8736016,886853,7786535,236864,1,2048,0,2048,1,1,1
whole_batch_multiget,282,2048,2605,83387,11327807,8295,11040157,0,11104017,8917,8897589,887866,7943489,242224,1,2048,0,2048,1,1,1
whole_batch_multiget,283,2048,2354,83086,11349367,7334,11035198,0,11115349,9248,8394915,880031,7458419,242785,1,2048,0,2048,1,1,1
whole_batch_multiget,284,2048,2615,84248,11816784,5751,11516981,0,11585340,6362,8543054,883778,7601658,252123,1,2048,0,2048,1,1,1
whole_batch_multiget,285,2048,3777,91452,11905120,7073,11590790,0,11659559,6793,8827487,876233,7883427,247475,1,2048,0,2048,1,1,1
whole_batch_multiget,286,2048,2515,107822,11425901,8977,11086695,0,11156516,9087,8715056,875111,7780132,250821,1,2048,0,2048,1,1,1
whole_batch_multiget,287,2048,1913,81943,11816994,8256,11483980,0,11561255,9939,8652710,902142,7680787,523321,1,2048,0,2048,1,1,1
whole_batch_multiget,288,2048,2194,70252,11882347,9377,11591301,0,11671211,11411,8772003,892875,7797065,248035,1,2048,0,2048,1,1,1
whole_batch_multiget,289,2048,2264,67627,11941869,7033,11646164,0,11723459,7715,8895024,870773,7959810,264506,1,2048,0,2048,1,1,1
whole_batch_multiget,290,2048,2054,69010,12011309,9768,11726093,0,11809110,11772,9021942,899868,8045170,234180,1,2048,0,2048,1,1,1
whole_batch_multiget,291,2048,2935,100429,11576463,9979,11255031,0,11326234,10650,9211107,973075,8170045,70042,1,2048,0,2048,1,1,1
whole_batch_multiget,292,2048,1483,78938,11461177,9809,11162447,0,11235053,10670,8794555,986931,7743294,58359,1,2048,0,2048,1,1,1
whole_batch_multiget,293,2048,1192,73487,11829818,6572,11543532,0,11608102,6813,9400271,976632,8336436,52047,1,2048,0,2048,1,1,1
whole_batch_multiget,294,2048,1182,70873,11680909,6993,11403759,0,11471927,7624,9178736,980539,8136511,62597,1,2048,0,2048,1,1,1
whole_batch_multiget,295,2048,3186,122880,11916170,9558,11563248,0,11633019,8647,8948735,880762,7990648,277851,1,2048,0,2048,1,1,1
whole_batch_multiget,296,2048,2595,83186,11957337,7995,11660490,0,11726855,10420,9000982,898224,8033898,250560,1,2048,0,2048,1,1,1
whole_batch_multiget,297,2048,2245,81322,11704313,5781,11406124,0,11476356,6842,9331793,919134,8346395,242685,1,2048,0,2048,1,1,1
whole_batch_multiget,298,2048,2044,95829,12027118,10179,11715173,0,11786427,10670,9272652,977614,8220548,72957,1,2048,0,2048,1,1,1
whole_batch_multiget,299,2048,3426,103173,11957598,7193,11638379,0,11705966,6402,9087575,886893,8138365,242535,1,2048,0,2048,1,1,1
whole_batch_multiget,300,2048,2134,79710,11730863,7554,11435418,0,11508285,10239,9011021,879450,8057613,253636,1,2048,0,2048,1,1,1
whole_batch_multiget,301,2048,2275,82114,11645202,8195,11355769,0,11417595,9197,9376206,872897,8429090,245811,1,2048,0,2048,1,1,1
whole_batch_multiget,302,2048,2405,84368,12249095,7303,11922162,0,12007131,10280,10266567,1411177,8743951,241884,1,2048,0,2048,1,1,1
whole_batch_multiget,303,2048,2214,81653,11667664,7474,11387218,0,11450036,8956,9972635,864421,9022092,258344,1,2048,0,2048,1,1,1
whole_batch_multiget,304,2048,2575,82746,13452542,6863,13152069,0,13232098,7183,10269652,1052333,9134583,249718,1,2048,0,2048,1,1,1
whole_batch_multiget,305,2048,2074,82014,13071668,14908,12780812,0,12860853,12243,9978336,1011006,8877241,246392,1,2048,0,2048,1,1,1
whole_batch_multiget,306,2048,2174,82796,13611741,14417,13266594,0,13371400,14026,10532876,1138105,9297238,244348,1,2048,0,2048,1,1,1
whole_batch_multiget,307,2048,2225,81383,12455372,12484,12137114,0,12218999,9758,9240292,878818,8298665,245791,1,2048,0,2048,1,1,1
whole_batch_multiget,308,2048,1984,82865,11975582,7494,11674106,0,11745921,9768,9062508,872246,8125300,243546,1,2048,0,2048,1,1,1
whole_batch_multiget,309,2048,2364,82024,11848724,9468,11565563,0,11630535,8787,9259097,867387,8315016,244529,1,2048,0,2048,1,1,1
whole_batch_multiget,310,2048,2084,80962,11603304,8987,11313760,0,11385826,8997,9541336,883117,8563863,248065,1,2048,0,2048,1,1,1
whole_batch_multiget,311,2048,1873,81964,12042868,10109,11742165,0,11818607,9447,9334197,882124,8350583,279965,1,2048,0,2048,1,1,1
whole_batch_multiget,312,2048,3346,89207,11823687,9848,11522813,0,11591180,8075,10078393,883407,9086163,249478,1,2048,0,2048,1,1,1
whole_batch_multiget,313,2048,2274,81924,12275284,9508,11942590,0,12031176,10079,9522621,889959,8555166,294342,1,2048,0,2048,1,1,1
whole_batch_multiget,314,2048,2895,94337,12557333,10229,12245669,0,12323224,11312,11330803,980439,10222223,246502,1,2048,0,2048,1,1,1
whole_batch_multiget,315,2048,2434,87324,13018498,14538,12648333,0,12739906,12754,11556987,988253,10432748,285336,1,2048,0,2048,1,1,1
whole_batch_multiget,316,2048,2465,120206,15931101,15679,15539296,0,15631859,12313,10667318,1130631,9455425,247785,1,2048,0,2048,1,1,1
whole_batch_multiget,317,2048,1804,70132,13740092,13576,13459274,0,13537281,12633,11281279,1148444,10032307,66485,1,2048,0,2048,1,1,1
whole_batch_multiget,318,2048,1503,69410,13491906,12924,13211059,0,13287653,12283,11776728,1232943,10432087,154018,1,2048,0,2048,1,1,1
whole_batch_multiget,319,2048,1764,71444,13976715,12914,13699846,0,13785497,11622,10734775,1177929,9483858,59522,1,2048,0,2048,1,1,1
whole_batch_multiget,320,2048,1333,68308,13626989,12053,13347786,0,13430341,12533,11303010,1186445,10012200,62858,1,2048,0,2048,1,1,1
whole_batch_multiget,321,2048,1533,68418,14335979,11571,14056285,0,14140211,11151,11381388,1287695,9985399,55173,1,2048,0,2048,1,1,1
whole_batch_multiget,322,2048,1273,68399,14458560,12423,14161452,0,14251290,13104,10801079,1216212,9502052,150562,1,2048,0,2048,1,1,1
whole_batch_multiget,323,2048,1923,70062,12818243,11001,12552955,0,12624769,11101,10140700,1014082,9025718,63530,1,2048,0,2048,1,1,1
whole_batch_multiget,324,2048,1473,68238,12800148,11131,12511918,0,12587429,11562,9919235,1018520,8830383,55384,1,2048,0,2048,1,1,1
whole_batch_multiget,325,2048,3908,110978,12807262,12804,12467335,0,12547425,11221,10361455,910187,9342373,244288,1,2048,0,2048,1,1,1
whole_batch_multiget,326,2048,2955,83566,14311273,10910,13991573,0,14075500,8346,9801354,920557,8774538,235933,1,2048,0,2048,1,1,1
whole_batch_multiget,327,2048,3186,92243,12400398,11702,12090898,0,12164977,10730,11046309,934874,9983205,247754,1,2048,0,2048,1,1,1
whole_batch_multiget,328,2048,2455,84268,13352534,11471,13037313,0,13115920,9818,10181266,923332,9155763,240972,1,2048,0,2048,1,1,1
whole_batch_multiget,329,2048,2595,85841,12692857,7174,12356736,0,12444101,8345,10087430,931677,9079971,242575,1,2048,0,2048,1,1,1
whole_batch_multiget,330,2048,2976,86623,14883126,20167,14546394,0,14643626,11652,10740084,984176,9648537,246642,1,2048,0,2048,1,1,1
whole_batch_multiget,331,2048,2574,86162,12871242,6362,12558546,0,12634658,8095,10222855,926538,9205867,257322,1,2048,0,2048,1,1,1
whole_batch_multiget,332,2048,3467,88606,12500426,10380,12185104,0,12263622,10340,10211724,908815,9199665,250751,1,2048,0,2048,1,1,1
whole_batch_multiget,333,2048,2454,83166,12927497,9659,12615753,0,12698989,10530,9775345,907022,8775389,330640,1,2048,0,2048,1,1,1
whole_batch_multiget,334,2048,3898,98314,14157886,17944,13804051,0,13896776,11902,10787613,964890,9706275,252483,1,2048,0,2048,1,1,1
whole_batch_multiget,335,2048,2464,163897,14859841,10349,14285594,0,14369902,12925,11593305,1122616,10360543,244569,1,2048,0,2048,1,1,1
whole_batch_multiget,336,2048,2014,63719,15048776,12904,14771045,0,14855454,10850,10482692,1081859,9312226,263965,1,2048,0,2048,1,1,1
whole_batch_multiget,337,2048,2465,75872,14719559,13546,14403355,0,14493765,11502,11981423,1186997,10674231,248547,1,2048,0,2048,1,1,1
whole_batch_multiget,338,2048,2424,65743,14216384,11681,13934236,0,14019024,11181,10145719,958518,9075843,284564,1,2048,0,2048,1,1,1
whole_batch_multiget,339,2048,2254,67777,13508948,11131,13229684,0,13315515,10229,10084795,965721,9051307,241954,1,2048,0,2048,1,1,1
whole_batch_multiget,340,2048,2294,68067,13619685,9688,13316356,0,13404952,12674,12295482,1080186,11104218,236033,1,2048,0,2048,1,1,1
whole_batch_multiget,341,2048,2154,70773,13945196,10249,13656474,0,13746603,10500,10391321,954220,9322466,262111,1,2048,0,2048,1,1,1
whole_batch_multiget,342,2048,3407,77666,13242609,13215,12940743,0,13026714,11531,10646609,1034641,9501812,245110,1,2048,0,2048,1,1,1
whole_batch_multiget,343,2048,2735,72005,13507425,11241,13202243,0,13291711,11031,10053026,964679,8981526,296276,1,2048,0,2048,1,1,1
whole_batch_multiget,344,2048,3116,72907,13162588,10309,12846686,0,12936764,12093,11319070,957937,10255014,239099,1,2048,0,2048,1,1,1
whole_batch_multiget,345,2048,2645,72216,14199253,11151,13909449,0,13996262,10840,10336036,960210,9259948,256481,1,2048,0,2048,1,1,1
whole_batch_multiget,346,2048,2204,74701,13250123,11622,12952113,0,13042563,10980,10343981,954751,9299723,248897,1,2048,0,2048,1,1,1
whole_batch_multiget,347,2048,2735,73318,13221519,7795,12934551,0,13012416,8255,10651378,960051,9587993,256361,1,2048,0,2048,1,1,1
whole_batch_multiget,348,2048,2465,71864,13652177,9097,13346844,0,13430751,8516,10075408,962295,9034255,287058,1,2048,0,2048,1,1,1
whole_batch_multiget,349,2048,2865,77495,15152340,8606,14850013,0,14933500,8055,10343601,981421,9260890,243717,1,2048,0,2048,1,1,1
whole_batch_multiget,350,2048,2344,73789,13155535,11391,12849531,0,12932577,13655,10240727,981822,9163938,246512,1,2048,0,2048,1,1,1
whole_batch_multiget,351,2048,2195,73498,13257907,6312,12965970,0,13041281,7303,10261136,962736,9206728,253646,1,2048,0,2048,1,1,1
whole_batch_multiget,352,2048,2134,72677,13011706,8676,12707113,0,12787083,11151,10081689,954180,9034956,239640,1,2048,0,2048,1,1,1
whole_batch_multiget,353,2048,2184,73858,13823738,8376,13509840,0,13596702,10780,10105835,969088,9063880,246402,1,2048,0,2048,1,1,1
whole_batch_multiget,354,2048,2324,72475,13182706,8376,12891360,0,12971590,10290,10233405,961323,9185018,241533,1,2048,0,2048,1,1,1
whole_batch_multiget,355,2048,2244,78417,12829794,6181,12532036,0,12605183,6873,10804556,958608,9757341,248827,1,2048,0,2048,1,1,1
whole_batch_multiget,356,2048,2093,74209,12808564,8706,12455502,0,12558174,9779,11073891,971001,9989066,248987,1,2048,0,2048,1,1,1
whole_batch_multiget,357,2048,2625,78026,13677744,8806,13355120,0,13441371,10730,6488010,960601,5453680,275446,1,2048,0,2048,1,1,1
whole_batch_multiget,358,2048,3036,114735,14248836,6351,13862782,0,13952750,6893,6766762,960842,5734516,279565,1,2048,0,2048,1,1,1
whole_batch_multiget,359,2048,2936,119755,13821444,6913,13425842,0,13510080,7775,6909971,961163,5884848,243056,1,2048,0,2048,1,1,1
whole_batch_multiget,360,2048,2315,75302,14538209,6682,14243165,0,14321842,6903,7382547,1077351,6246066,244419,1,2048,0,2048,1,1,1
whole_batch_multiget,361,2048,2375,88496,14889036,8857,14553467,0,14641222,10690,7289042,968145,6251926,262332,1,2048,0,2048,1,1,1
whole_batch_multiget,362,2048,2164,90961,14220012,13375,13878972,0,13967568,10230,7274234,956464,6243881,245220,1,2048,0,2048,1,1,1
whole_batch_multiget,363,2048,1963,87835,14443461,9358,14121466,0,14200525,9978,7275306,952106,6255844,255389,1,2048,0,2048,1,1,1
whole_batch_multiget,364,2048,2225,86692,14418664,9618,14092883,0,14177161,10710,7389079,939061,6385036,258716,1,2048,0,2048,1,1,1
whole_batch_multiget,365,2048,2564,91942,13974381,6973,13653389,0,13729361,6863,7485039,925326,6502937,260849,1,2048,0,2048,1,1,1
whole_batch_multiget,366,2048,2364,84278,14205324,10019,13898679,0,13973730,9939,7663574,926037,6665543,249208,1,2048,0,2048,1,1,1
whole_batch_multiget,367,2048,3066,86682,14413223,9168,14093224,0,14176120,10609,7476282,918103,6500172,238889,1,2048,0,2048,1,1,1
whole_batch_multiget,368,2048,2475,81693,14314880,6081,14012974,0,14090358,6632,7609212,912942,6628753,241363,1,2048,0,2048,1,1,1
whole_batch_multiget,369,2048,2184,87394,14399698,8636,14093264,0,14169307,9969,44534781,915657,43503878,251131,1,2048,0,2048,1,1,1
whole_batch_multiget,370,2048,2505,84519,18644571,9939,18325071,0,18410101,10660,7468438,902123,6496334,249568,1,2048,0,2048,1,1,1
whole_batch_multiget,371,2048,2284,81784,17937494,7374,17632061,0,17708474,6692,7550401,902473,6588658,253555,1,2048,0,2048,1,1,1
whole_batch_multiget,372,2048,2254,80651,19327632,7935,19011669,0,19093843,10470,7519364,882034,6571786,272541,1,2048,0,2048,1,1,1
whole_batch_multiget,373,2048,2094,80552,18795804,7944,18492435,0,18571413,9908,7512410,894538,6562158,267211,1,2048,0,2048,1,1,1
whole_batch_multiget,374,2048,2154,64992,21662872,11100,21370884,0,21463067,10460,9179167,971553,8145007,262161,1,2048,0,2048,1,1,1
whole_batch_multiget,375,2048,2295,70312,22389124,10039,22096555,0,22183878,11672,8221070,1051262,7108924,245771,1,2048,0,2048,1,1,1
whole_batch_multiget,376,2048,2585,65042,21422811,9668,21151893,0,21235149,11722,7677249,920316,6692192,222528,1,2048,0,2048,1,1,1
whole_batch_multiget,377,2048,1954,66044,19202176,11701,18924335,0,19011598,12363,8012589,902723,7044042,228859,1,2048,0,2048,1,1,1
whole_batch_multiget,378,2048,2415,66375,19501909,12162,19209290,0,19299148,11261,7937738,890200,6937191,280366,1,2048,0,2048,1,1,1
whole_batch_multiget,379,2048,2534,67266,19527126,13376,19242612,0,19327622,12003,7547236,902432,6578189,231314,1,2048,0,2048,1,1,1
whole_batch_multiget,380,2048,2103,79128,18688873,9908,18391135,0,18478429,10650,7861145,918412,6869354,227046,1,2048,0,2048,1,1,1
whole_batch_multiget,381,2048,2074,65513,18737575,9978,18468110,0,18547558,12213,8274009,881082,7316734,244789,1,2048,0,2048,1,1,1
whole_batch_multiget,382,2048,2395,67146,21060382,6473,20784795,0,20866027,11852,7965660,887635,6997855,230823,1,2048,0,2048,1,1,1
whole_batch_multiget,383,2048,2184,64451,21761066,10089,21475921,0,21562984,11582,8822909,965922,7780543,241242,1,2048,0,2048,1,1,1
whole_batch_multiget,384,2048,2434,66865,21887763,10841,21597078,0,21682729,11973,9000120,1023059,7899767,257032,1,2048,0,2048,1,1,1
whole_batch_multiget,385,2048,2706,66755,22484984,12784,22170894,0,22263889,11942,9099197,1078623,7941906,240020,1,2048,0,2048,1,1,1
whole_batch_multiget,386,2048,2455,69421,21525594,9137,21230691,0,21314178,10480,8862092,1028158,7771797,236573,1,2048,0,2048,1,1,1
whole_batch_multiget,387,2048,2345,71855,20966245,9298,20658047,0,20754999,11361,8873072,978826,7822843,248857,1,2048,0,2048,1,1,1
whole_batch_multiget,388,2048,2154,72957,23525896,13535,22790456,0,23227285,13546,9118073,1026766,8008531,247755,1,2048,0,2048,1,1,1
whole_batch_multiget,389,2048,2204,71143,20802468,12043,20500271,0,20585551,11702,8748268,980309,7704641,237174,1,2048,0,2048,1,1,1
whole_batch_multiget,390,2048,2104,77706,21028051,9327,20729260,0,20818768,12223,9029767,971362,7958888,253756,1,2048,0,2048,1,1,1
whole_batch_multiget,391,2048,2485,75031,21595505,11361,21278981,0,21370002,11031,9118553,1051472,7976280,245691,1,2048,0,2048,1,1,1
whole_batch_multiget,392,2048,2054,70282,20832854,6052,20542921,0,20627039,7333,10705770,988254,9635482,246602,1,2048,0,2048,1,1,1
whole_batch_multiget,393,2048,2124,72917,20872499,10540,20577476,0,20663077,10039,9202170,1044569,8093872,240331,1,2048,0,2048,1,1,1
whole_batch_multiget,394,2048,2434,71254,21438841,8636,21133499,0,21234708,10340,9058080,963717,8003591,233057,1,2048,0,2048,1,1,1
whole_batch_multiget,395,2048,2244,71594,20862550,10921,20559692,0,20644842,11291,9129334,973716,8074195,239389,1,2048,0,2048,1,1,1
whole_batch_multiget,396,2048,2385,76013,20787340,7704,20475885,0,20559111,11020,9074360,979126,8021646,260619,1,2048,0,2048,1,1,1
whole_batch_multiget,397,2048,2464,71575,21108472,9988,20820882,0,20902846,10570,9035607,970942,7990387,284493,1,2048,0,2048,1,1,1
whole_batch_multiget,398,2048,2545,76584,21311082,13595,20998476,0,21089636,12343,9406574,972424,8323452,240140,1,2048,0,2048,1,1,1
whole_batch_multiget,399,2048,2053,72656,20856178,11572,20562056,0,20648158,12693,8888872,971652,7839715,239259,1,2048,0,2048,1,1,1
whole_batch_multiget,400,2048,3006,86051,21429724,7024,21129291,0,21210033,7324,10164335,958708,9130776,247454,1,2048,0,2048,1,1,1
whole_batch_multiget,401,2048,2144,69660,22816846,16170,22507565,0,22599599,11371,9164489,970060,8122685,253596,1,2048,0,2048,1,1,1
whole_batch_multiget,402,2048,2735,71885,20836382,8757,20491906,0,20575412,9518,9341972,970801,8298535,245882,1,2048,0,2048,1,1,1
whole_batch_multiget,403,2048,2244,71223,21610103,6692,21314589,0,21395550,7094,9316865,979507,8261396,246853,1,2048,0,2048,1,1,1
whole_batch_multiget,404,2048,2274,72406,21650348,8345,21348372,0,21431427,11231,9203032,970400,8161107,244479,1,2048,0,2048,1,1,1
whole_batch_multiget,405,2048,2224,71053,20679888,5770,20371189,0,20454174,14347,9250330,959009,8204248,243857,1,2048,0,2048,1,1,1
whole_batch_multiget,406,2048,2475,71774,21740407,9718,21427711,0,21512610,16911,9373932,963047,8295178,241393,1,2048,0,2048,1,1,1
whole_batch_multiget,407,2048,2264,71034,23103644,7464,22802639,0,22888941,8106,9534013,970510,8479445,237635,1,2048,0,2048,1,1,1
whole_batch_multiget,408,2048,2695,70502,20524667,8516,20237508,0,20321295,8606,9447440,956585,8398162,244609,1,2048,0,2048,1,1,1
whole_batch_multiget,409,2048,2335,81864,21520585,7925,21218318,0,21304570,10059,9194696,981962,8132844,243346,1,2048,0,2048,1,1,1
whole_batch_multiget,410,2048,2394,72085,21626533,8256,21327692,0,21415928,7824,9501411,988724,8435071,247845,1,2048,0,2048,1,1,1
whole_batch_multiget,411,2048,2144,70412,20704283,10861,20407327,0,20499630,12203,9826561,975209,8762085,258264,1,2048,0,2048,1,1,1
whole_batch_multiget,412,2048,2725,71184,21737842,10941,21442868,0,21531786,11782,9084018,945824,8065949,233568,1,2048,0,2048,1,1,1
whole_batch_multiget,413,2048,2815,72286,21459179,11702,21162994,0,21251640,11952,9261841,940784,8250785,243677,1,2048,0,2048,1,1,1
whole_batch_multiget,414,2048,2685,77676,19806259,10029,19511757,0,19596025,12023,9434125,929453,8435763,238378,1,2048,0,2048,1,1,1
whole_batch_multiget,415,2048,2264,71234,20414480,10921,20125368,0,20212101,11351,9013536,923983,8020524,233729,1,2048,0,2048,1,1,1
whole_batch_multiget,416,2048,1813,66826,20736404,10730,20431652,0,20534435,11271,9471615,923382,8444309,235823,1,2048,0,2048,1,1,1
whole_batch_multiget,417,2048,2425,67807,20129586,10640,19846034,0,19930923,11712,9465384,905509,8440922,243356,1,2048,0,2048,1,1,1
whole_batch_multiget,418,2048,2234,65683,20531449,9958,20250302,0,20332786,10530,9444004,891983,8444660,249047,1,2048,0,2048,1,1,1
whole_batch_multiget,419,2048,2013,66545,20335612,10870,20030640,0,20119136,10139,10057795,887344,9068910,232466,1,2048,0,2048,1,1,1
whole_batch_multiget,420,2048,2114,80901,20201440,10540,19894204,0,19992819,12033,9968527,920998,8942733,234269,1,2048,0,2048,1,1,1
whole_batch_multiget,421,2048,2314,71554,20582064,11632,20296799,0,20382300,11642,9633539,957746,8559455,250570,1,2048,0,2048,1,1,1
whole_batch_multiget,422,2048,1873,64451,20211770,10851,19928639,0,20018658,11411,9847109,892614,8843247,234570,1,2048,0,2048,1,1,1
whole_batch_multiget,423,2048,2535,70242,20172076,11051,19883173,0,19972230,11131,9731813,896392,8734853,244008,1,2048,0,2048,1,1,1
whole_batch_multiget,424,2048,3126,79630,23002334,14558,22660502,0,22750612,11922,9566283,878928,8568251,248636,1,2048,0,2048,1,1,1
whole_batch_multiget,425,2048,2705,73879,20528925,12463,20232469,0,20324261,11311,11779284,897804,9726884,400701,1,2048,0,2048,1,1,1
whole_batch_multiget,426,2048,4058,95609,20392278,12914,20031181,0,20120038,10420,10393735,908414,9385063,254889,1,2048,0,2048,1,1,1
whole_batch_multiget,427,2048,2305,83106,20658418,8406,20350610,0,20425912,10319,9938531,909195,8931072,245070,1,2048,0,2048,1,1,1
whole_batch_multiget,428,2048,2395,82164,21154458,7133,20843124,0,20923074,8666,10643764,888697,9653747,243907,1,2048,0,2048,1,1,1
whole_batch_multiget,429,2048,2605,82865,20690487,7354,20375717,0,20456789,20900,10238394,901922,9218761,237826,1,2048,0,2048,1,1,1
whole_batch_multiget,430,2048,2625,111449,20670941,16571,20200810,0,20285479,12343,10150819,896632,9138230,237896,1,2048,0,2048,1,1,1
whole_batch_multiget,431,2048,2335,66515,20925158,11982,20661574,0,20744819,11141,10875087,893777,9864372,263103,1,2048,0,2048,1,1,1
whole_batch_multiget,432,2048,1874,64010,23658605,11852,23305943,0,23463469,8877,11541468,1022488,10402932,264115,1,2048,0,2048,1,1,1
whole_batch_multiget,433,2048,2374,60774,24690721,7354,24328331,0,24427647,9578,11064883,1094293,9886003,231765,1,2048,0,2048,1,1,1
whole_batch_multiget,434,2048,2374,61706,24916745,9919,24621471,0,24719715,11091,10633545,988895,9568677,291697,1,2048,0,2048,1,1,1
whole_batch_multiget,435,2048,2614,86252,22833457,14507,22527643,0,22619055,13445,11337625,1187978,10038459,58229,1,2048,0,2048,1,1,1
whole_batch_multiget,436,2048,1413,70512,23758362,13606,23485470,0,23562785,11431,10720728,1013441,9607881,57789,1,2048,0,2048,1,1,1
whole_batch_multiget,437,2048,1483,70522,22780227,10851,22437284,0,22571727,11201,10305519,1037586,9163187,111689,1,2048,0,2048,1,1,1
whole_batch_multiget,438,2048,7504,68679,20629784,10299,20361580,0,20436361,11852,10389116,1000727,9288643,56777,1,2048,0,2048,1,1,1
whole_batch_multiget,439,2048,1162,69210,20762412,11421,20488950,0,20564060,11010,10388114,1019882,9267602,58339,1,2048,0,2048,1,1,1
whole_batch_multiget,440,2048,1132,69190,21369762,11822,20978778,0,21120554,18725,10010125,911580,8983330,254287,1,2048,0,2048,1,1,1
whole_batch_multiget,441,2048,2915,137128,20245463,7334,19888975,0,19966129,10290,10307593,909957,9288302,263975,1,2048,0,2048,1,1,1
whole_batch_multiget,442,2048,2424,90279,20458853,9047,20147078,0,20228161,10790,10436115,884649,9441349,258074,1,2048,0,2048,1,1,1
whole_batch_multiget,443,2048,2775,109084,22979271,10209,22646767,0,22727809,9899,10378496,916429,9354867,246011,1,2048,0,2048,1,1,1
whole_batch_multiget,444,2048,2304,81122,20279337,10791,19965568,0,20049566,10359,10456212,920677,9423946,289934,1,2048,0,2048,1,1,1
whole_batch_multiget,445,2048,2455,84719,20531650,10089,20221107,0,20302430,10039,10523509,926458,9485812,270968,1,2048,0,2048,1,1,1
whole_batch_multiget,446,2048,2796,85330,20337676,10329,20032103,0,20109708,10630,10114281,906841,9115357,244268,1,2048,0,2048,1,1,1
whole_batch_multiget,447,2048,2886,81353,19946282,7935,19640348,0,19719477,10470,18743897,896211,17750734,243747,1,2048,0,2048,1,1,1
whole_batch_multiget,448,2048,2514,65382,19940951,10560,19671857,0,19754202,12313,10042085,899547,9055835,241563,1,2048,0,2048,1,1,1
whole_batch_multiget,449,2048,2575,66966,20493147,10069,20213914,0,20298032,11081,11526419,900459,10542414,238828,1,2048,0,2048,1,1,1
whole_batch_multiget,450,2048,2545,66325,20126160,8656,19854049,0,19932506,8636,10118488,889468,9110287,242846,1,2048,0,2048,1,1,1
whole_batch_multiget,451,2048,2845,87875,19692886,10210,19381503,0,19455211,10731,10021176,900670,9034575,244278,1,2048,0,2048,1,1,1
whole_batch_multiget,452,2048,2565,81232,20824048,18865,20495281,0,20587394,10048,9937499,901441,8951630,243847,1,2048,0,2048,1,1,1
whole_batch_multiget,453,2048,2264,79750,20136900,8756,19822460,0,19904333,10580,10266306,900810,9276158,244739,1,2048,0,2048,1,1,1
whole_batch_multiget,454,2048,2324,81072,19771384,9708,19464588,0,19541282,10119,10067723,916780,9064011,241353,1,2048,0,2048,1,1,1
whole_batch_multiget,455,2048,2435,80751,20449856,9928,20139574,0,20221387,10209,10140430,898745,9144401,269486,1,2048,0,2048,1,1,1
whole_batch_multiget,456,2048,2585,81813,19966740,9217,19653613,0,19731389,10169,10116685,886943,9140885,276709,1,2048,0,2048,1,1,1
whole_batch_multiget,457,2048,2665,82465,19836055,8676,19518760,0,19605783,10550,10219348,891051,9240371,250069,1,2048,0,2048,1,1,1
whole_batch_multiget,458,2048,2504,101962,20749969,6823,20362492,0,20465205,22402,11504889,1539698,9847811,233658,1,2048,0,2048,1,1,1
whole_batch_multiget,459,2048,2534,90720,20206280,11421,19781483,0,19860611,12313,10242381,894257,9257233,237956,1,2048,0,2048,1,1,1
whole_batch_multiget,460,2048,2144,62136,19924481,10449,19664614,0,19747799,18855,10162731,884338,9176001,234370,1,2048,0,2048,1,1,1
whole_batch_multiget,461,2048,2615,63018,20711667,10440,20435690,0,20515470,10770,11606690,896100,10602487,233218,1,2048,0,2048,1,1,1
whole_batch_multiget,462,2048,2464,63810,20241095,10459,19971990,0,20052911,11001,10352888,898585,9359294,238087,1,2048,0,2048,1,1,1
whole_batch_multiget,463,2048,2485,62638,19748902,10049,19486510,0,19567862,11612,10185815,899347,9198263,235391,1,2048,0,2048,1,1,1
whole_batch_multiget,464,2048,2244,63409,20488359,11442,20220096,0,20306658,11411,10523087,897122,9522020,243878,1,2048,0,2048,1,1,1
whole_batch_multiget,465,2048,2244,64802,20509629,11491,20237428,0,20322708,10960,10112447,907602,9116900,234500,1,2048,0,2048,1,1,1
whole_batch_multiget,466,2048,2155,65232,20034277,10871,19765744,0,19848438,11512,9957687,897604,8973832,251091,1,2048,0,2048,1,1,1
whole_batch_multiget,467,2048,2134,69651,20864294,10099,20588636,0,20672254,11241,9880322,901641,8894042,231844,1,2048,0,2048,1,1,1
whole_batch_multiget,468,2048,2414,71654,20657005,11923,20366630,0,20453233,11121,10092720,897694,9108704,239419,1,2048,0,2048,1,1,1
whole_batch_multiget,469,2048,2415,65754,19822861,10620,19552975,0,19637943,11491,10067492,884358,9108985,230642,1,2048,0,2048,1,1,1
whole_batch_multiget,470,2048,2164,65423,20608143,10290,20337426,0,20422766,10820,9797947,881303,8839480,241293,1,2048,0,2048,1,1,1
whole_batch_multiget,471,2048,2184,65162,21034863,10489,20762563,0,20848354,11362,10145028,904667,9167525,240701,1,2048,0,2048,1,1,1
whole_batch_multiget,472,2048,2194,64922,20283254,11291,20013959,0,20096193,11512,10268851,903705,9286628,237475,1,2048,0,2048,1,1,1
whole_batch_multiget,473,2048,2184,64962,20825942,10119,20550194,0,20630475,10790,10053476,896681,9078718,236143,1,2048,0,2048,1,1,1
whole_batch_multiget,474,2048,2205,64361,22434950,11341,22129426,0,22218213,10059,11722287,971231,10673460,250720,1,2048,0,2048,1,1,1
whole_batch_multiget,475,2048,2194,65563,22577878,10310,22291110,0,22374326,10459,11007937,991750,9915879,230973,1,2048,0,2048,1,1,1
whole_batch_multiget,476,2048,1984,64210,23236413,11862,22954524,0,23048069,11371,11090812,1069315,9925547,248717,1,2048,0,2048,1,1,1
whole_batch_multiget,477,2048,3586,65503,25874310,11421,25563888,0,25669196,11652,11438975,981782,10354231,244849,1,2048,0,2048,1,1,1
whole_batch_multiget,478,2048,2394,65152,22443135,10731,22139987,0,22224105,11712,11573928,1096987,10377605,235311,1,2048,0,2048,1,1,1
whole_batch_multiget,479,2048,2304,66796,22784505,12073,22489441,0,22575684,10360,12118140,965501,11035619,248025,1,2048,0,2048,1,1,1
whole_batch_multiget,480,2048,2925,69089,23430557,11982,23140313,0,23231594,11221,12192358,1133396,10938887,234330,1,2048,0,2048,1,1,1
whole_batch_multiget,481,2048,2254,76714,22070496,12714,21765144,0,21852027,11021,10859839,962846,9808858,266290,1,2048,0,2048,1,1,1
whole_batch_multiget,482,2048,2364,69260,22689998,9308,22382501,0,22477269,8756,10872412,983675,9791365,247574,1,2048,0,2048,1,1,1
whole_batch_multiget,483,2048,2595,69149,22259651,11431,21951933,0,22046531,11231,11072488,978426,9996179,240211,1,2048,0,2048,1,1,1
whole_batch_multiget,484,2048,2485,70452,21493293,10329,21198030,0,21284792,10830,10996996,1032878,9884459,258224,1,2048,0,2048,1,1,1
whole_batch_multiget,485,2048,2104,103073,23323396,11472,22966567,0,23083977,11632,10892480,954530,9849404,252584,1,2048,0,2048,1,1,1
whole_batch_multiget,486,2048,2304,95950,22592916,10159,22273647,0,22361262,11852,11094590,955161,10054298,254567,1,2048,0,2048,1,1,1
whole_batch_multiget,487,2048,2405,79229,21351318,10480,21019174,0,21107390,10640,11060976,966954,9999596,243016,1,2048,0,2048,1,1,1
whole_batch_multiget,488,2048,2485,81944,22964503,10970,22650654,0,22738959,10440,10735095,969839,9668675,237816,1,2048,0,2048,1,1,1
whole_batch_multiget,489,2048,2134,72386,22455829,9318,22146379,0,22238050,10660,11157958,977042,10077662,248516,1,2048,0,2048,1,1,1
whole_batch_multiget,490,2048,2574,72896,21705502,11281,21412121,0,21499464,11592,11337485,961534,10262148,258385,1,2048,0,2048,1,1,1
whole_batch_multiget,491,2048,2074,100789,22780718,10861,22458724,0,22544806,12283,11334099,959740,10260625,240672,1,2048,0,2048,1,1,1
whole_batch_multiget,492,2048,2004,79408,22604909,11963,22307600,0,22393001,12513,11418737,969689,10351246,250110,1,2048,0,2048,1,1,1
whole_batch_multiget,493,2048,2374,71785,21490268,10770,21182300,0,21273321,12974,11817816,965501,10745584,243316,1,2048,0,2048,1,1,1
whole_batch_multiget,494,2048,9768,126838,23648857,513563,22751353,0,23338804,12724,11364045,966863,10292034,236874,1,2048,0,2048,1,1,1
whole_batch_multiget,495,2048,2415,124203,22332377,12724,21807713,0,21890889,12514,11089510,965371,10028029,240481,1,2048,0,2048,1,1,1
whole_batch_multiget,496,2048,2164,66815,21833642,12434,21561301,0,21645279,11692,11698112,966633,10621031,242184,1,2048,0,2048,1,1,1
whole_batch_multiget,497,2048,2224,66825,22154453,11551,21884728,0,21966581,12303,7280676,962576,6247398,243647,1,2048,0,2048,1,1,1
whole_batch_multiget,498,2048,2103,67576,23347492,11512,23069309,0,23158106,12483,6498939,971081,5460252,234720,1,2048,0,2048,1,1,1
whole_batch_multiget,499,2048,2354,67687,22889792,11150,22606321,0,22692412,11302,6844658,972324,5806341,329888,1,2048,0,2048,1,1,1
whole_batch_multiget,500,2048,2916,70903,23389389,17273,23099186,0,23192270,12002,6855628,960181,5826969,248767,1,2048,0,2048,1,1,1
whole_batch_multiget,501,2048,2355,67347,23939542,10860,23661320,0,23748854,10870,6902176,972514,5864230,237926,1,2048,0,2048,1,1,1
whole_batch_multiget,502,2048,2294,72526,23294051,12002,23007564,0,23096089,12263,7169126,952306,6150076,236945,1,2048,0,2048,1,1,1
whole_batch_multiget,503,2048,2254,68348,23589094,11752,23302487,0,23390762,16361,7196247,955152,6171355,238657,1,2048,0,2048,1,1,1
whole_batch_multiget,504,2048,2084,71925,24073523,11442,23780763,0,23873648,11802,7251682,961102,6224835,237425,1,2048,0,2048,1,1,1
whole_batch_multiget,505,2048,2695,71394,23922189,11482,23637906,0,23726182,11942,32399389,962435,31325175,270107,1,2048,0,2048,1,1,1
whole_batch_multiget,506,2048,2505,69851,27965573,6582,27660260,0,27746472,12474,8145158,1093481,6978739,278853,1,2048,0,2048,1,1,1
whole_batch_multiget,507,2048,2645,128461,28416498,11452,28041014,0,28132066,12143,7967894,997040,6904750,240882,1,2048,0,2048,1,1,1
whole_batch_multiget,508,2048,2925,114354,30206195,14627,29761552,0,29934847,11131,8346145,1026205,7208560,236333,1,2048,0,2048,1,1,1
whole_batch_multiget,509,2048,2274,71394,29509038,13426,29215076,0,29307320,12162,7985327,964519,6955326,240652,1,2048,0,2048,1,1,1
whole_batch_multiget,510,2048,2435,69520,31223153,7595,30859220,0,30977783,9077,8518407,1023890,7381225,238488,1,2048,0,2048,1,1,1
whole_batch_multiget,511,2048,2414,70382,28007772,9047,27706537,0,27797348,12884,8685401,1031345,7543208,243156,1,2048,0,2048,1,1,1
whole_batch_multiget,512,2048,2054,70973,28498272,11211,28200303,0,28297846,12373,8342868,959289,7311744,243858,1,2048,0,2048,1,1,1
whole_batch_multiget,513,2048,2424,70342,28838831,11662,28544479,0,28636231,11923,8605862,954972,7542697,249197,1,2048,0,2048,1,1,1
whole_batch_multiget,514,2048,2385,70462,28026227,13195,27720303,0,27813548,12053,8438467,1032918,7300082,241243,1,2048,0,2048,1,1,1
whole_batch_multiget,515,2048,2304,71223,28995705,11381,28696955,0,28794497,11862,8447655,973325,7375955,253285,1,2048,0,2048,1,1,1
whole_batch_multiget,516,2048,2605,72005,31539015,12824,31210690,0,31322069,13445,9875853,1153915,8559785,248185,1,2048,0,2048,1,1,1
whole_batch_multiget,517,2048,2475,86502,33169443,15399,32825067,0,32934112,13335,10286865,1133687,9037160,243296,1,2048,0,2048,1,1,1
whole_batch_multiget,518,2048,2344,83616,33980665,7364,33635988,0,33749732,10600,14273652,1140760,13016233,247895,1,2048,0,2048,1,1,1
whole_batch_multiget,519,2048,2294,82294,32579848,9999,32258124,0,32352111,13645,19354442,1077131,18153269,245981,1,2048,0,2048,1,1,1
whole_batch_multiget,520,2048,2995,123802,32355717,15128,31941430,0,32040466,12804,10042916,1089653,8820483,244950,1,2048,0,2048,1,1,1
whole_batch_multiget,521,2048,2425,80741,34506160,15339,34174268,0,34271099,11441,10040271,1098210,8868083,294442,1,2048,0,2048,1,1,1
whole_batch_multiget,522,2048,3597,109836,33427477,17713,33024131,0,33144537,15199,9588665,1175656,8322089,279424,1,2048,0,2048,1,1,1
whole_batch_multiget,523,2048,2404,81333,31572168,11441,31231789,0,31332057,14046,10100214,1098430,8885996,267572,1,2048,0,2048,1,1,1
whole_batch_multiget,524,2048,2545,82225,33812520,9939,33488662,0,33582288,10079,10660966,1078533,9459643,279294,1,2048,0,2048,1,1,1
whole_batch_multiget,525,2048,2535,83888,32732193,13876,32391394,0,32495850,14587,9406523,1085957,8238613,239499,1,2048,0,2048,1,1,1
whole_batch_multiget,526,2048,2705,81343,31411085,11601,31069786,0,31177086,13496,10139047,1142022,8872271,247965,1,2048,0,2048,1,1,1
whole_batch_multiget,527,2048,2965,80951,31712131,10289,31385397,0,31480846,10029,9856226,1072742,8681032,281058,1,2048,0,2048,1,1,1
whole_batch_multiget,528,2048,3517,91482,31800676,14096,31450008,0,31550396,9628,9414438,1081308,8255655,249147,1,2048,0,2048,1,1,1
whole_batch_multiget,529,2048,2645,82565,31441512,9708,31117906,0,31215448,10380,9927390,1080768,8756414,245220,1,2048,0,2048,1,1,1
whole_batch_multiget,530,2048,2395,82495,30447318,11692,30125204,0,30218889,13155,10043107,1070297,8887390,244930,1,2048,0,2048,1,1,1
whole_batch_multiget,531,2048,2715,81834,32177212,13175,31834800,0,31941400,14067,9928331,1085246,8756854,244790,1,2048,0,2048,1,1,1
whole_batch_multiget,532,2048,2334,80972,30108592,12774,29781679,0,29880084,13636,122078263,1075457,120882150,250550,1,2048,0,2048,1,1,1
whole_batch_multiget,533,2048,2505,80792,13975162,13285,13660963,0,13750311,13425,10375140,1078703,9181151,257734,1,2048,0,2048,1,1,1
whole_batch_multiget,534,2048,2625,82585,13063242,14336,12756377,0,12836877,12233,9419207,988314,8353438,246012,1,2048,0,2048,1,1,1
whole_batch_multiget,535,2048,2174,82325,12937787,12874,12635690,0,12718946,11822,10093812,943820,9068850,252704,1,2048,0,2048,1,1,1
whole_batch_multiget,536,2048,2245,84519,12982671,14026,12662821,0,12755194,14207,9401905,1120802,8209668,257984,1,2048,0,2048,1,1,1
whole_batch_multiget,537,2048,2204,84258,12247502,14067,11937620,0,12018753,12103,9781677,1027688,8654292,290685,1,2048,0,2048,1,1,1
whole_batch_multiget,538,2048,4278,174197,13671262,101651,13067790,0,13243700,13165,8838568,972443,7793898,237336,1,2048,0,2048,1,1,1
whole_batch_multiget,539,2048,2665,70853,11768063,8305,11485973,0,11566494,9147,9022663,957385,7992310,250240,1,2048,0,2048,1,1,1
whole_batch_multiget,540,2048,2314,70883,11630494,10229,11349698,0,11429277,11992,9000771,954801,7971461,243827,1,2048,0,2048,1,1,1
whole_batch_multiget,541,2048,2725,70602,11623541,9067,11345750,0,11424738,9448,8965236,940414,7943580,240601,1,2048,0,2048,1,1,1
whole_batch_multiget,542,2048,2775,71313,12066121,8787,11783121,0,11860987,9498,9031390,959039,8005896,241202,1,2048,0,2048,1,1,1
whole_batch_multiget,543,2048,2114,70492,11873711,11672,11585450,0,11674658,13535,9097894,958659,8065978,240371,1,2048,0,2048,1,1,1
whole_batch_multiget,544,2048,2254,70693,11541878,11292,11268225,0,11347284,11462,8977148,933742,7967323,242876,1,2048,0,2048,1,1,1
whole_batch_multiget,545,2048,1954,72065,11801675,12854,11520318,0,11601560,11412,9100279,958668,8070277,240782,1,2048,0,2048,1,1,1
whole_batch_multiget,546,2048,2054,71223,12084125,11652,11797968,0,11883880,12053,9370877,973335,8322090,257803,1,2048,0,2048,1,1,1
whole_batch_multiget,547,2048,2425,70762,11768663,9188,11490242,0,11558830,9037,9118503,1050931,7991720,241253,1,2048,0,2048,1,1,1
whole_batch_multiget,548,2048,2494,69761,11757843,9277,11473760,0,11545815,9588,9261521,954831,8238993,250500,1,2048,0,2048,1,1,1
whole_batch_multiget,549,2048,2194,71013,11887767,9568,11621377,0,11691829,8506,9239490,956925,8213054,263635,1,2048,0,2048,1,1,1
whole_batch_multiget,550,2048,2284,69981,11624333,6072,11368183,0,11433375,6311,9350728,967455,8310838,263084,1,2048,0,2048,1,1,1
whole_batch_multiget,551,2048,2124,72005,11868010,8536,11588856,0,11660030,9608,9403167,949341,8384536,246693,1,2048,0,2048,1,1,1
whole_batch_multiget,552,2048,2084,71334,11931139,8346,11647346,0,11722798,10700,9281979,950653,8260754,248356,1,2048,0,2048,1,1,1
whole_batch_multiget,553,2048,2174,71214,11557177,6101,11287662,0,11351271,7034,9075752,940163,8064897,246673,1,2048,0,2048,1,1,1
whole_batch_multiget,554,2048,2104,70633,11850407,7614,11567746,0,11640663,7945,9110077,926368,8113638,248977,1,2048,0,2048,1,1,1
whole_batch_multiget,555,2048,2164,80230,12182590,8566,11878129,0,11961205,12133,9352131,996328,8287814,233618,1,2048,0,2048,1,1,1
whole_batch_multiget,556,2048,2134,71374,11792088,8516,11523674,0,11595449,9688,9362240,1004465,8283927,248897,1,2048,0,2048,1,1,1
whole_batch_multiget,557,2048,2114,71103,11725272,6031,11460516,0,11525307,6543,9271851,936606,8261145,241202,1,2048,0,2048,1,1,1
whole_batch_multiget,558,2048,2034,71554,12008834,8906,11731975,0,11803168,9357,9252204,940955,8240757,265077,1,2048,0,2048,1,1,1
whole_batch_multiget,559,2048,2034,70943,11904869,9638,11622079,0,11697129,10730,9394200,943599,8376381,282820,1,2048,0,2048,1,1,1
whole_batch_multiget,560,2048,3046,80310,12800970,18274,12417741,0,12588321,12313,10064136,1116164,8845290,242836,1,2048,0,2048,1,1,1
whole_batch_multiget,561,2048,2304,71023,12654565,9057,12261709,0,12329826,9909,9872016,1259042,8538665,237095,1,2048,0,2048,1,1,1
whole_batch_multiget,562,2048,2515,70593,12984394,7995,12654756,0,12786192,10590,9525236,1018521,8423159,245381,1,2048,0,2048,1,1,1
whole_batch_multiget,563,2048,2024,73057,12359762,12684,12074657,0,12155820,12553,10122165,990628,9030748,250009,1,2048,0,2048,1,1,1
whole_batch_multiget,564,2048,2275,78136,13874663,10750,13576775,0,13661904,10499,9633519,955232,8594951,258895,1,2048,0,2048,1,1,1
whole_batch_multiget,565,2048,2946,71645,12129951,9628,11857159,0,11931169,10550,9547648,948158,8512787,252734,1,2048,0,2048,1,1,1
whole_batch_multiget,566,2048,2395,77516,12120534,8456,11827033,0,11904348,10190,9733516,946686,8710458,269676,1,2048,0,2048,1,1,1
whole_batch_multiget,567,2048,2585,72346,12229838,10459,11949102,0,12029061,11432,9844685,966173,8785538,256811,1,2048,0,2048,1,1,1
whole_batch_multiget,568,2048,2415,72536,12627364,9999,12337470,0,12425205,12143,10006689,968546,8951901,237897,1,2048,0,2048,1,1,1
whole_batch_multiget,569,2048,2795,73268,12238144,11312,11952067,0,12036977,11943,11183186,953708,10142123,247524,1,2048,0,2048,1,1,1
whole_batch_multiget,570,2048,2415,73017,12345005,8917,12044210,0,12121225,11772,10139909,947868,9117451,248105,1,2048,0,2048,1,1,1
whole_batch_multiget,571,2048,2174,70302,12290813,8496,12014805,0,12090107,10670,10480858,953598,9422453,281478,1,2048,0,2048,1,1,1
whole_batch_multiget,572,2048,2624,71895,12324557,9628,12038560,0,12120444,11401,10116414,959269,9061035,246352,1,2048,0,2048,1,1,1
whole_batch_multiget,573,2048,2474,71634,12329866,11211,12046315,0,12127556,13405,9718088,955292,8672907,237575,1,2048,0,2048,1,1,1
whole_batch_multiget,574,2048,2424,70823,12068596,12694,11788471,0,11869323,12503,9916830,955703,8883292,241273,1,2048,0,2048,1,1,1
whole_batch_multiget,575,2048,2294,71333,12065049,11251,11780406,0,11867168,11472,9914105,956894,8863785,246442,1,2048,0,2048,1,1,1
whole_batch_multiget,576,2048,2224,72305,12029383,11571,11722317,0,11821292,12744,10339293,1015114,9222057,246452,1,2048,0,2048,1,1,1
whole_batch_multiget,577,2048,2034,71334,12193540,11772,11900571,0,11991281,12243,16027382,946606,14993381,235191,1,2048,0,2048,1,1,1
whole_batch_multiget,578,2048,2444,72796,11981393,10500,11695376,0,11781788,12123,10311190,961764,9266069,236113,1,2048,0,2048,1,1,1
whole_batch_multiget,579,2048,2385,71233,12082152,11322,11792348,0,11881796,12383,10111556,949892,9067628,241192,1,2048,0,2048,1,1,1
whole_batch_multiget,580,2048,2225,72866,12308215,12804,11991331,0,12096448,12975,10234847,984336,9156134,235532,1,2048,0,2048,1,1,1
whole_batch_multiget,581,2048,3146,80591,11880894,12413,11580711,0,11670860,11442,9990619,952045,8959876,242435,1,2048,0,2048,1,1,1
whole_batch_multiget,582,2048,2315,72085,12072583,12303,11776318,0,11870344,12133,10176757,954460,9136827,254687,1,2048,0,2048,1,1,1
whole_batch_multiget,583,2048,2114,72616,12251880,12113,11953490,0,12040934,11551,10308104,948569,9267152,257242,1,2048,0,2048,1,1,1
whole_batch_multiget,584,2048,2234,71745,12206335,11762,11921220,0,12007692,13154,11718449,959460,10642722,237115,1,2048,0,2048,1,1,1
whole_batch_multiget,585,2048,2084,80160,12280934,13064,11975061,0,12067444,12273,10435513,958348,9391625,250831,1,2048,0,2048,1,1,1
whole_batch_multiget,586,2048,2114,73067,12194242,11021,11907664,0,11993085,11412,10557242,950363,9515938,240060,1,2048,0,2048,1,1,1
whole_batch_multiget,587,2048,2374,73117,12753220,11993,12385780,0,12530052,12604,10889916,1078753,9702469,264406,1,2048,0,2048,1,1,1
whole_batch_multiget,588,2048,2084,70212,12226482,10260,11884531,0,11969050,11822,11825430,1183369,10525912,255279,1,2048,0,2048,1,1,1
whole_batch_multiget,589,2048,2865,74049,12222424,11672,11933663,0,12019935,12142,9976001,957126,8933586,242695,1,2048,0,2048,1,1,1
whole_batch_multiget,590,2048,2565,71995,12557443,12243,12272779,0,12357869,11401,10273068,954310,9233869,251201,1,2048,0,2048,1,1,1
whole_batch_multiget,591,2048,2264,70722,12165407,12614,11880723,0,11967036,11802,10225369,953258,9185248,245701,1,2048,0,2048,1,1,1
whole_batch_multiget,592,2048,2475,73218,12211154,9488,11924706,0,12009555,12523,10409354,960512,9343635,251011,1,2048,0,2048,1,1,1
whole_batch_multiget,593,2048,2264,71715,12322532,7815,12029062,0,12119993,8836,10154155,964429,9110648,247254,1,2048,0,2048,1,1,1
whole_batch_multiget,594,2048,2314,75512,12429483,11091,12125764,0,12219860,12293,10510093,965321,9446558,247434,1,2048,0,2048,1,1,1
whole_batch_multiget,595,2048,2194,73067,12411489,8056,12114272,0,12199342,11982,10529780,967655,9470473,265829,1,2048,0,2048,1,1,1
whole_batch_multiget,596,2048,2515,73818,12135382,7053,11842592,0,11923865,8466,10737500,973717,9665198,241092,1,2048,0,2048,1,1,1
whole_batch_multiget,597,2048,2405,79860,12364621,6663,12062134,0,12143747,7204,10477522,968706,9441037,264386,1,2048,0,2048,1,1,1
whole_batch_multiget,598,2048,1934,70793,12218357,7985,11937680,0,12016999,11702,10399466,977283,9329478,244048,1,2048,0,2048,1,1,1
whole_batch_multiget,599,2048,2225,73257,12157684,8095,11856478,0,11942480,11351,10595263,981321,9521238,247193,1,2048,0,2048,1,1,1
whole_batch_multiget,600,2048,2275,72095,12195864,10730,11907383,0,11994317,21921,10706060,955772,9617519,301817,1,2048,0,2048,1,1,1
whole_batch_multiget,601,2048,2465,74590,12537426,9388,12242152,0,12328564,10890,10458576,969539,9400983,244960,1,2048,0,2048,1,1,1
whole_batch_multiget,602,2048,2355,73327,12819615,12093,12520754,0,12611975,12153,12016759,965571,10937945,235382,1,2048,0,2048,1,1,1
whole_batch_multiget,603,2048,2685,72937,12585736,11692,12278860,0,12376754,11472,10778276,975900,9713469,239670,1,2048,0,2048,1,1,1
whole_batch_multiget,604,2048,2665,83687,12742249,12373,12428311,0,12522087,11942,11093867,973826,10009624,239349,1,2048,0,2048,1,1,1
whole_batch_multiget,605,2048,2384,86202,12895006,12223,12566921,0,12670184,12884,10108099,988174,9040867,242545,1,2048,0,2048,1,1,1
whole_batch_multiget,606,2048,2144,77255,12715970,13746,12402733,0,12495046,12053,11080483,995347,9971623,244258,1,2048,0,2048,1,1,1
whole_batch_multiget,607,2048,2284,80912,12887673,11852,12574996,0,12671407,12082,10514291,970821,9449834,253806,1,2048,0,2048,1,1,1
whole_batch_multiget,608,2048,2725,94488,12697065,16581,12363048,0,12463326,13225,11495101,980689,10396830,257683,1,2048,0,2048,1,1,1
whole_batch_multiget,609,2048,2244,77715,12831788,12433,12521766,0,12619389,12564,10921675,981451,9829807,252414,1,2048,0,2048,1,1,1
whole_batch_multiget,610,2048,2615,74200,12562823,13575,12250998,0,12348731,13485,11090431,1024010,9976683,239450,1,2048,0,2048,1,1,1
whole_batch_multiget,611,2048,2164,73788,13022535,13105,12712203,0,12806921,12564,11134424,975089,10046754,242295,1,2048,0,2048,1,1,1
whole_batch_multiget,612,2048,2354,72666,12758690,12504,12456002,0,12554047,12824,13055667,981942,11955324,259727,1,2048,0,2048,1,1,1
whole_batch_multiget,613,2048,3407,81733,12323494,13986,12025285,0,12112699,11983,10937375,991279,9833845,240381,1,2048,0,2048,1,1,1
whole_batch_multiget,614,2048,2234,81223,13161086,12804,12848078,0,12949368,14797,10796209,974187,9707257,247575,1,2048,0,2048,1,1,1
whole_batch_multiget,615,2048,2244,73588,12829714,11972,12519362,0,12620221,11471,10846934,1092299,9666821,254969,1,2048,0,2048,1,1,1
whole_batch_multiget,616,2048,2234,73128,14791483,12784,14486230,0,14582492,24465,11370436,987372,10251158,253676,1,2048,0,2048,1,1,1
whole_batch_multiget,617,2048,2315,73769,13092637,12103,12791973,0,12884417,12283,10677527,974568,9601679,244598,1,2048,0,2048,1,1,1
whole_batch_multiget,618,2048,2705,84518,12631051,15348,12302776,0,12394387,11211,10921775,965490,9839715,273162,1,2048,0,2048,1,1,1
whole_batch_multiget,619,2048,2154,72856,13043494,12413,12736359,0,12837378,13846,10638003,967314,9558629,248807,1,2048,0,2048,1,1,1
whole_batch_multiget,620,2048,2745,78618,13177676,12574,12859890,0,12958796,12784,11067970,1016136,9933422,252383,1,2048,0,2048,1,1,1
whole_batch_multiget,621,2048,2364,74009,12994483,10760,12662009,0,12774751,13014,11113485,972995,10031446,250259,1,2048,0,2048,1,1,1
whole_batch_multiget,622,2048,2485,73848,12894254,11120,12551913,0,12663271,12283,11135496,1182578,9861547,248195,1,2048,0,2048,1,1,1
whole_batch_multiget,623,2048,2495,75342,13005223,10490,12694049,0,12781123,11983,10796921,976602,9704072,236253,1,2048,0,2048,1,1,1
whole_batch_multiget,624,2048,2104,74820,13367783,11421,13062771,0,13154102,11612,10727901,972013,9678804,249177,1,2048,0,2048,1,1,1
whole_batch_multiget,625,2048,2485,75171,12912599,12373,12612897,0,12703496,10670,11216368,975289,10132094,276028,1,2048,0,2048,1,1,1
whole_batch_multiget,626,2048,2274,78537,13092917,12674,12779330,0,12876231,10239,11052701,984216,9947007,267171,1,2048,0,2048,1,1,1
whole_batch_multiget,627,2048,3286,79078,12497260,14176,12168574,0,12267058,10459,11040217,1038578,9892555,277361,1,2048,0,2048,1,1,1
whole_batch_multiget,628,2048,3457,82074,13333218,11722,13007277,0,13099680,7705,11021613,977022,9937600,246552,1,2048,0,2048,1,1,1
whole_batch_multiget,629,2048,2404,91271,12884607,9358,12555639,0,12642723,11091,10958854,982493,9897304,247574,1,2048,0,2048,1,1,1
whole_batch_multiget,630,2048,2966,75392,12916948,9227,12587610,0,12679892,11060,11603634,970902,10514240,246813,1,2048,0,2048,1,1,1
whole_batch_multiget,631,2048,2094,72636,12965098,6232,12675395,0,12759893,7163,11721675,1036905,10553294,302878,1,2048,0,2048,1,1,1
whole_batch_multiget,632,2048,2124,76603,12415747,9267,12108782,0,12195464,13185,11728298,1083493,10538777,250881,1,2048,0,2048,1,1,1
whole_batch_multiget,633,2048,2425,71865,12803584,9277,12498011,0,12584985,11030,12545280,958238,11474612,241082,1,2048,0,2048,1,1,1
whole_batch_multiget,634,2048,2093,90930,12912509,8315,12597729,0,12685313,7353,11312157,974628,10265635,248086,1,2048,0,2048,1,1,1
whole_batch_multiget,635,2048,1934,70483,12946263,11893,12650488,0,12739184,8215,13343086,991359,12237704,252564,1,2048,0,2048,1,1,1
whole_batch_multiget,636,2048,2114,71524,13115359,8395,12817771,0,12911837,11241,11725272,968707,10648993,254617,1,2048,0,2048,1,1,1
whole_batch_multiget,637,2048,2144,73578,12583752,8225,12277017,0,12363980,13175,7914816,1189071,6645675,253495,1,2048,0,2048,1,1,1
whole_batch_multiget,638,2048,2214,77376,14042489,8987,13728610,0,13820311,10049,6977276,987812,5928880,266069,1,2048,0,2048,1,1,1
whole_batch_multiget,639,2048,2094,88235,14095007,10360,13721356,0,13820843,9858,7664065,1160136,6381158,268053,1,2048,0,2048,1,1,1
whole_batch_multiget,640,2048,2334,127469,14136274,7494,13722348,0,13810173,9287,7290063,981651,6237038,271660,1,2048,0,2048,1,1,1
whole_batch_multiget,641,2048,2174,72095,13977016,8947,13649411,0,13741464,11091,7105998,981080,6059105,269305,1,2048,0,2048,1,1,1
whole_batch_multiget,642,2048,2846,126347,14122058,9387,13710846,0,13802708,11020,7335709,999535,6271162,269916,1,2048,0,2048,1,1,1
whole_batch_multiget,643,2048,2705,73107,14368239,11091,14043640,0,14135252,11601,7438952,990758,6371100,271819,1,2048,0,2048,1,1,1
whole_batch_multiget,644,2048,2946,125325,14827440,15239,14413314,0,14510667,11271,7731571,988244,6672395,278523,1,2048,0,2048,1,1,1
whole_batch_multiget,645,2048,2465,122259,14060282,6453,13646376,0,13738058,9097,7753202,982212,6702711,297208,1,2048,0,2048,1,1,1
whole_batch_multiget,646,2048,2264,117671,14121827,10740,13718961,0,13810984,17613,7898475,975229,6852643,275236,1,2048,0,2048,1,1,1
whole_batch_multiget,647,2048,2465,126277,14604192,6963,14204813,0,14293519,7094,8212423,1023149,7113703,279384,1,2048,0,2048,1,1,1
whole_batch_multiget,648,2048,2735,122941,14622907,7474,14240169,0,14328375,7154,69270035,966603,68192984,278182,1,2048,0,2048,1,1,1
whole_batch_multiget,649,2048,2124,76213,18394210,7224,18050355,0,18160101,7343,8376300,1009914,7290043,248136,1,2048,0,2048,1,1,1
whole_batch_multiget,650,2048,1863,72506,17891317,8236,17578551,0,17681574,11792,8111725,992091,7033322,275727,1,2048,0,2048,1,1,1
whole_batch_multiget,651,2048,2695,85861,18508134,11101,18156605,0,18253317,9107,13676282,983415,12563434,244238,1,2048,0,2048,1,1,1
whole_batch_multiget,652,2048,3086,90360,17502829,11111,17156229,0,17245326,11511,7781465,977383,6740152,248907,1,2048,0,2048,1,1,1
whole_batch_multiget,653,2048,1783,78056,19100576,9207,18791035,0,18879851,10430,8101996,980509,7059792,264266,1,2048,0,2048,1,1,1
whole_batch_multiget,654,2048,2254,75902,17329964,8126,17017679,0,17111425,10269,8415704,980299,7367529,251332,1,2048,0,2048,1,1,1
whole_batch_multiget,655,2048,2214,76093,16889549,8696,16574447,0,16660880,10850,8058174,991710,6998166,268454,1,2048,0,2048,1,1,1
whole_batch_multiget,656,2048,2084,73749,17689709,6913,17315427,0,17417268,11191,8241939,1099272,7076112,254548,1,2048,0,2048,1,1,1
whole_batch_multiget,657,2048,2265,72947,17385950,10400,17054969,0,17146230,12884,8477070,999796,7409838,249227,1,2048,0,2048,1,1,1
whole_batch_multiget,658,2048,1764,75472,17210089,10109,16894007,0,16984216,12664,8341706,966102,7306915,269877,1,2048,0,2048,1,1,1
whole_batch_multiget,659,2048,2074,73428,17588099,5841,17295089,0,17379046,7273,8385017,993504,7332593,243787,1,2048,0,2048,1,1,1
whole_batch_multiget,660,2048,2103,73077,17863515,7885,17546099,0,17638353,10129,8441824,981511,7392756,250661,1,2048,0,2048,1,1,1
whole_batch_multiget,661,2048,2284,73948,17228283,9237,16910097,0,17005626,10349,9803637,985148,8744842,242275,1,2048,0,2048,1,1,1
whole_batch_multiget,662,2048,1993,74330,17551470,9368,17241709,0,17327039,11381,8773085,978655,7716955,289012,1,2048,0,2048,1,1,1
whole_batch_multiget,663,2048,2284,100919,17591895,12153,17222563,0,17317962,10941,8627432,973826,7592110,278753,1,2048,0,2048,1,1,1
whole_batch_multiget,664,2048,2375,72656,17509001,6583,17192988,0,17284730,7854,8810415,974728,7764603,246031,1,2048,0,2048,1,1,1
whole_batch_multiget,665,2048,2305,73718,17728272,9248,17407099,0,17500565,11081,8427467,972634,7385713,246472,1,2048,0,2048,1,1,1
whole_batch_multiget,666,2048,2224,74760,17793714,8245,17474926,0,17566037,10410,8451392,963648,7423123,243737,1,2048,0,2048,1,1,1
whole_batch_multiget,667,2048,1884,74099,17657950,5781,17346385,0,17431555,7213,8785829,977153,7736190,251973,1,2048,0,2048,1,1,1
whole_batch_multiget,668,2048,2014,77565,17711801,8425,17385970,0,17481899,10720,8754070,988393,7689522,245510,1,2048,0,2048,1,1,1
whole_batch_multiget,669,2048,2284,74089,17849589,5801,17535650,0,17623946,7344,8853957,995637,7793828,253585,1,2048,0,2048,1,1,1
whole_batch_multiget,670,2048,2134,88897,17574543,6973,17223184,0,17321658,7725,8781672,958748,7764523,249728,1,2048,0,2048,1,1,1
whole_batch_multiget,671,2048,3657,90419,17865108,9669,17510734,0,17603688,10540,8949125,949000,7930485,238006,1,2048,0,2048,1,1,1
whole_batch_multiget,672,2048,2134,89487,17562560,8315,17235517,0,17320115,10930,8976636,935845,7968035,288902,1,2048,0,2048,1,1,1
whole_batch_multiget,673,2048,2805,85921,17181055,7403,16853831,0,16940834,10550,9036379,965952,8010024,246091,1,2048,0,2048,1,1,1
whole_batch_multiget,674,2048,2023,86683,18709853,7955,18343465,0,18457510,12263,9136026,972344,8091687,247704,1,2048,0,2048,1,1,1
whole_batch_multiget,675,2048,2315,87504,17044459,8406,16710813,0,16804329,10179,8789546,910938,7798366,248797,1,2048,0,2048,1,1,1
whole_batch_multiget,676,2048,2144,84609,16546425,6282,16236423,0,16315362,6603,8438417,908153,7467706,240791,1,2048,0,2048,1,1,1
whole_batch_multiget,677,2048,2234,82234,16564598,5871,16247063,0,16331472,6723,8395157,902382,7424576,242575,1,2048,0,2048,1,1,1
whole_batch_multiget,678,2048,2395,83407,16927590,7995,16613200,0,16697859,10570,8457493,907402,7483647,246522,1,2048,0,2048,1,1,1
whole_batch_multiget,679,2048,2174,81633,17244354,8506,16805360,0,16924163,9238,11053052,978125,9922902,305062,1,2048,0,2048,1,1,1
whole_batch_multiget,680,2048,4198,93295,18699693,11131,18370797,0,18459243,7915,8671986,901701,7711424,244018,1,2048,0,2048,1,1,1
whole_batch_multiget,681,2048,2706,84909,16877385,9047,16558758,0,16645401,9467,9151484,960631,8110782,244829,1,2048,0,2048,1,1,1
whole_batch_multiget,682,2048,2014,85050,16513433,9167,16156894,0,16235542,10670,8909772,920276,7915387,255499,1,2048,0,2048,1,1,1
whole_batch_multiget,683,2048,2385,80031,16685927,9277,16390703,0,16476914,11271,8591785,909235,7613200,234590,1,2048,0,2048,1,1,1
whole_batch_multiget,684,2048,2134,74239,16941907,7263,16637445,0,16722635,8887,9113964,894157,8152100,233187,1,2048,0,2048,1,1,1
whole_batch_multiget,685,2048,2665,86402,17018791,8175,16700704,0,16782949,10189,8881969,896912,7925766,242435,1,2048,0,2048,1,1,1
whole_batch_multiget,686,2048,2524,88095,16782968,6492,16434946,0,16516919,8046,9068520,921579,8088881,261791,1,2048,0,2048,1,1,1
whole_batch_multiget,687,2048,2294,86863,16950653,7224,16618910,0,16702057,6742,9090019,909977,8112296,247815,1,2048,0,2048,1,1,1
whole_batch_multiget,688,2048,2716,82444,16393649,5951,16080701,0,16155341,6111,9179166,899346,8176836,338265,1,2048,0,2048,1,1,1
whole_batch_multiget,689,2048,2735,84949,16679554,6182,16368090,0,16443391,6613,9456367,908514,8446863,247194,1,2048,0,2048,1,1,1
whole_batch_multiget,690,2048,1934,84819,17090214,7975,16772068,0,16854934,10149,9935726,900840,8974052,239850,1,2048,0,2048,1,1,1
whole_batch_multiget,691,2048,1944,84258,16861406,8125,16545463,0,16629952,10019,9236755,917981,8256597,259026,1,2048,0,2048,1,1,1
whole_batch_multiget,692,2048,2545,86993,17148754,5941,16830749,0,16912040,7274,9264898,892785,8313643,238958,1,2048,0,2048,1,1,1
whole_batch_multiget,693,2048,2455,88797,17110072,7694,16775664,0,16859251,9638,9386927,909646,8412248,241994,1,2048,0,2048,1,1,1
whole_batch_multiget,694,2048,2063,87194,16716203,5901,16377368,0,16481012,7014,9462549,923953,8466951,239980,1,2048,0,2048,1,1,1
whole_batch_multiget,695,2048,2185,84118,16962555,8295,16646863,0,16729628,10279,9015830,914705,8023408,261411,1,2048,0,2048,1,1,1
whole_batch_multiget,696,2048,3006,91542,18696488,9067,18363954,0,18453342,10559,9155231,906941,8181345,244148,1,2048,0,2048,1,1,1
whole_batch_multiget,697,2048,2505,88125,16902432,6111,16575930,0,16662672,7083,9131828,895770,8171657,237706,1,2048,0,2048,1,1,1
whole_batch_multiget,698,2048,2054,83556,16822493,8235,16492433,0,16586760,10901,9088367,905168,8115221,253255,1,2048,0,2048,1,1,1
whole_batch_multiget,699,2048,1893,83717,17227713,8897,16888776,0,16982944,11632,8975084,928833,7981270,245000,1,2048,0,2048,1,1,1
whole_batch_multiget,700,2048,2274,84258,16666670,6011,16346119,0,16435647,6983,9104867,918163,8114259,249087,1,2048,0,2048,1,1,1
whole_batch_multiget,701,2048,2435,91641,16563157,6642,16226314,0,16314860,6843,9241393,909165,8257177,255219,1,2048,0,2048,1,1,1
whole_batch_multiget,702,2048,2455,92453,17159394,8907,16834926,0,16917271,10219,9253096,905859,8275792,239960,1,2048,0,2048,1,1,1
whole_batch_multiget,703,2048,2304,87615,16967475,9367,16635742,0,16732694,11852,8989691,901531,8012979,246483,1,2048,0,2048,1,1,1
whole_batch_multiget,704,2048,2144,83356,16996610,10500,16652604,0,16743495,9938,9254728,903945,8281222,241483,1,2048,0,2048,1,1,1
whole_batch_multiget,705,2048,2304,83557,17366954,6051,17051862,0,17132734,7133,9513163,914415,8535920,251061,1,2048,0,2048,1,1,1
whole_batch_multiget,706,2048,2134,82986,16784852,5751,16471845,0,16553318,6723,9711935,925235,8723432,235783,1,2048,0,2048,1,1,1
whole_batch_multiget,707,2048,2234,85760,16794480,9618,16471976,0,16557135,10469,9509325,928692,8503940,258575,1,2048,0,2048,1,1,1
whole_batch_multiget,708,2048,3246,96992,17582819,7604,17248542,0,17333621,6752,9859202,918122,8861842,244539,1,2048,0,2048,1,1,1
whole_batch_multiget,709,2048,2074,85050,16835778,7865,16525045,0,16603802,9177,9505358,903796,8533956,241884,1,2048,0,2048,1,1,1
whole_batch_multiget,710,2048,2445,85230,17452374,5902,17130791,0,17215059,6652,9928081,900669,8922565,249268,1,2048,0,2048,1,1,1
whole_batch_multiget,711,2048,1994,83637,17830333,6301,17509712,0,17592166,7104,9978176,900729,8974944,252153,1,2048,0,2048,1,1,1
whole_batch_multiget,712,2048,2374,84569,17621201,6041,17288917,0,17376371,7284,9755357,911289,8764860,258946,1,2048,0,2048,1,1,1
whole_batch_multiget,713,2048,3466,96491,17506966,14527,17144437,0,17247600,11492,10088493,938741,9086222,249468,1,2048,0,2048,1,1,1
whole_batch_multiget,714,2048,1903,84128,17714275,5861,17394555,0,17475978,7194,9917441,913484,8901886,241864,1,2048,0,2048,1,1,1
whole_batch_multiget,715,2048,2195,85060,17786992,8115,17457394,0,17545458,14317,10216292,1118006,8983670,243557,1,2048,0,2048,1,1,1
whole_batch_multiget,716,2048,1924,83627,17295911,10650,16969950,0,17059938,9267,9817133,911920,8801809,259226,1,2048,0,2048,1,1,1
whole_batch_multiget,717,2048,3226,99246,23002003,17492,22634112,0,22741153,10660,11902174,1090746,10692575,240611,1,2048,0,2048,1,1,1
whole_batch_multiget,718,2048,2635,108293,21464128,9779,20991131,0,21080690,17864,12515044,1101296,11293652,240040,1,2048,0,2048,1,1,1
whole_batch_multiget,719,2048,2345,61195,20277933,9719,20015091,0,20103898,11621,11623821,1130290,10382854,232927,1,2048,0,2048,1,1,1
whole_batch_multiget,720,2048,2645,61265,20059954,9087,19793655,0,19878144,8556,10318563,891151,9323828,236334,1,2048,0,2048,1,1,1
whole_batch_multiget,721,2048,2615,62397,17638934,8095,17369088,0,17458956,8235,10043197,905959,9030788,231474,1,2048,0,2048,1,1,1
whole_batch_multiget,722,2048,2464,61997,17396489,9628,17131893,0,17219728,11822,9744917,923322,8746445,250740,1,2048,0,2048,1,1,1
whole_batch_multiget,723,2048,2765,65734,17660605,11943,17372374,0,17473905,12122,10376863,1037907,9225844,236784,1,2048,0,2048,1,1,1
whole_batch_multiget,724,2048,2164,64000,17628865,8025,17358859,0,17446834,8706,10221031,925546,9192282,238638,1,2048,0,2048,1,1,1
whole_batch_multiget,725,2048,2304,63730,17606253,12915,17322200,0,17415265,8957,10068274,916218,9049584,236384,1,2048,0,2048,1,1,1
whole_batch_multiget,726,2048,2695,63599,17823570,9417,17546550,0,17637561,12112,10183069,927390,9158738,238858,1,2048,0,2048,1,1,1
whole_batch_multiget,727,2048,3246,76624,17828069,11882,17528347,0,17624607,8677,10092510,918553,9094207,269736,1,2048,0,2048,1,1,1
whole_batch_multiget,728,2048,2765,66485,17723783,13605,17442486,0,17535400,7704,10109621,942397,9082886,242876,1,2048,0,2048,1,1,1
whole_batch_multiget,729,2048,2415,66034,17961549,10720,17677927,0,17775380,11732,10582489,914485,9561393,238397,1,2048,0,2048,1,1,1
whole_batch_multiget,730,2048,2315,66224,18211968,10970,17927115,0,18020519,12443,10202526,925706,9170280,235051,1,2048,0,2048,1,1,1
whole_batch_multiget,731,2048,2254,67005,17490846,8105,17211472,0,17299467,8305,10002290,926007,8977578,294162,1,2048,0,2048,1,1,1
whole_batch_multiget,732,2048,2645,68038,17611613,11432,17327540,0,17418741,12032,10041133,914616,9053441,240511,1,2048,0,2048,1,1,1
whole_batch_multiget,733,2048,2835,67797,18068830,10179,17784988,0,17875457,12464,10285883,940143,9264106,240942,1,2048,0,2048,1,1,1
whole_batch_multiget,734,2048,2234,65873,17475939,9387,17196283,0,17285912,13004,10471160,927720,9428445,238247,1,2048,0,2048,1,1,1
whole_batch_multiget,735,2048,2024,66665,17769980,10350,17487179,0,17578331,11712,10241279,913603,9222318,234169,1,2048,0,2048,1,1,1
whole_batch_multiget,736,2048,2415,66054,17934558,10530,17651157,0,17739573,12333,12362527,910167,11327075,283271,1,2048,0,2048,1,1,1
whole_batch_multiget,737,2048,2344,66715,17555387,8676,17274741,0,17362295,8927,10259723,909085,9263505,238477,1,2048,0,2048,1,1,1
whole_batch_multiget,738,2048,2866,70433,17569273,11802,17275342,0,17373275,11611,10381271,914345,9392617,233658,1,2048,0,2048,1,1,1
whole_batch_multiget,739,2048,2384,67366,17926864,7023,17633824,0,17726057,7654,10164625,929404,9139392,237566,1,2048,0,2048,1,1,1
whole_batch_multiget,740,2048,2254,65523,17830684,8676,17550799,0,17637431,7805,10452635,916048,9434035,233578,1,2048,0,2048,1,1,1
whole_batch_multiget,741,2048,2315,66405,17992497,9077,17707452,0,17796650,10941,10272478,909105,9258415,242194,1,2048,0,2048,1,1,1
whole_batch_multiget,742,2048,2285,65813,17852935,9518,17572670,0,17659833,11742,23990838,914656,22970013,229100,1,2048,0,2048,1,1,1
whole_batch_multiget,743,2048,3646,70622,17079054,14006,16763863,0,16863479,10860,10372495,904066,9382488,234099,1,2048,0,2048,1,1,1
whole_batch_multiget,744,2048,2414,104687,17404544,11412,16982623,0,17071490,12354,11338316,913353,10329945,236313,1,2048,0,2048,1,1,1
whole_batch_multiget,745,2048,2134,61165,17307933,10690,17046863,0,17133807,11351,10145870,908194,9151034,229010,1,2048,0,2048,1,1,1
whole_batch_multiget,746,2048,2144,61716,17196224,10921,16934222,0,17021496,11862,10117947,909686,9111580,236062,1,2048,0,2048,1,1,1
whole_batch_multiget,747,2048,2024,62046,17112677,10430,16840225,0,16927600,11622,9916359,897874,8927434,255900,1,2048,0,2048,1,1,1
whole_batch_multiget,748,2048,2865,104576,17682847,12484,17335785,0,17427237,10880,9852950,916018,8861341,244359,1,2048,0,2048,1,1,1
whole_batch_multiget,749,2048,2074,62478,17137784,11281,16870602,0,16960441,11873,10108320,911630,9102092,234931,1,2048,0,2048,1,1,1
whole_batch_multiget,750,2048,2444,69971,17162480,11582,16885871,0,16977383,11502,9981181,891843,8985363,243407,1,2048,0,2048,1,1,1
whole_batch_multiget,751,2048,2054,63890,17465468,11541,17192046,0,17282094,11602,10088773,913984,9089879,240962,1,2048,0,2048,1,1,1
whole_batch_multiget,752,2048,1974,63730,17035612,13515,16757300,0,16849794,10730,10385248,914656,9378300,230933,1,2048,0,2048,1,1,1
whole_batch_multiget,753,2048,2184,65543,17369348,9908,17082811,0,17171887,11632,10101387,901110,9112521,233167,1,2048,0,2048,1,1,1
whole_batch_multiget,754,2048,2524,65072,17678418,10921,17399614,0,17494223,10711,10192056,905258,9201800,228709,1,2048,0,2048,1,1,1
whole_batch_multiget,755,2048,2114,65954,16993824,10389,16708368,0,16805791,11381,9927480,896381,8945859,232506,1,2048,0,2048,1,1,1
whole_batch_multiget,756,2048,2806,66204,16968928,11411,16682289,0,16778269,11451,11389762,916739,10357747,232937,1,2048,0,2048,1,1,1
whole_batch_multiget,757,2048,2214,65533,17690821,11451,17414974,0,17504642,11131,10395148,948680,9348254,237365,1,2048,0,2048,1,1,1
whole_batch_multiget,758,2048,2154,68078,17132233,11912,16849874,0,16942798,12553,10103059,913022,9088918,272501,1,2048,0,2048,1,1,1
whole_batch_multiget,759,2048,2344,66725,17260233,11672,16981341,0,17073013,11612,10073284,900880,9081824,233308,1,2048,0,2048,1,1,1
whole_batch_multiget,760,2048,2264,65412,17561849,11351,17281994,0,17371643,12293,10074356,908925,9079540,247985,1,2048,0,2048,1,1,1
whole_batch_multiget,761,2048,2154,67086,17223575,10830,16943449,0,17034500,12063,10084395,903896,9101511,230081,1,2048,0,2048,1,1,1
whole_batch_multiget,762,2048,2505,67857,17292013,11982,17008993,0,17101506,11391,9998744,899407,9008136,233628,1,2048,0,2048,1,1,1
whole_batch_multiget,763,2048,2124,65522,17772846,11471,17494463,0,17585183,10790,10158073,907542,9159500,246632,1,2048,0,2048,1,1,1
whole_batch_multiget,764,2048,2114,67236,17406327,12012,17125821,0,17216702,12083,10227894,905959,9235192,237616,1,2048,0,2048,1,1,1
whole_batch_multiget,765,2048,2355,64952,19163033,13045,18878579,0,18968758,11021,10306902,913262,9301456,244769,1,2048,0,2048,1,1,1
whole_batch_multiget,766,2048,2164,65173,17713855,11050,17426495,0,17522125,10520,12032458,1134287,10785480,237556,1,2048,0,2048,1,1,1
whole_batch_multiget,767,2048,2384,67016,19781943,8736,19493091,0,19589261,11782,11579128,1130390,10356676,232957,1,2048,0,2048,1,1,1
whole_batch_multiget,768,2048,2525,67266,19867373,9789,19571249,0,19659684,11381,11657545,1134167,10434070,231314,1,2048,0,2048,1,1,1
whole_batch_multiget,769,2048,2565,65643,19829131,10620,19550770,0,19641109,11551,11970261,1119600,10759841,244028,1,2048,0,2048,1,1,1
whole_batch_multiget,770,2048,2615,69209,19837598,12864,19538086,0,19633425,11301,11424508,1093501,10250586,248566,1,2048,0,2048,1,1,1
whole_batch_multiget,771,2048,2806,91311,19809244,13555,19491568,0,19584713,11331,12478916,1124699,11263897,246693,1,2048,0,2048,1,1,1
whole_batch_multiget,772,2048,2415,65944,19582289,10619,19299068,0,19389807,11522,11991922,1139347,10770281,283983,1,2048,0,2048,1,1,1
whole_batch_multiget,773,2048,1904,68478,19911586,16892,19615621,0,19716511,11802,11693943,996750,10599911,252053,1,2048,0,2048,1,1,1
whole_batch_multiget,774,2048,2184,68038,20211449,12213,19911846,0,20005152,10770,11149352,982333,10082000,274325,1,2048,0,2048,1,1,1
whole_batch_multiget,775,2048,2315,71444,18854073,10149,18562105,0,18655139,11822,12187489,992170,11043353,308028,1,2048,0,2048,1,1,1
whole_batch_multiget,776,2048,2104,71364,18824187,13054,18517782,0,18620545,12113,11185570,975890,10113259,238968,1,2048,0,2048,1,1,1
whole_batch_multiget,777,2048,2504,70713,18224312,9959,17932855,0,18023645,13034,6389664,980620,5340126,245080,1,2048,0,2048,1,1,1
whole_batch_multiget,778,2048,2885,69600,19931934,10559,19630288,0,19733552,13565,6366761,972925,5314128,236945,1,2048,0,2048,1,1,1
whole_batch_multiget,779,2048,2314,69340,20029728,11562,19732310,0,19828551,12123,6656635,975550,5613469,245611,1,2048,0,2048,1,1,1
whole_batch_multiget,780,2048,2154,90099,20037413,11972,19724255,0,19819714,20388,6938253,966182,5895768,249388,1,2048,0,2048,1,1,1
whole_batch_multiget,781,2048,2254,70783,20317227,12293,20010442,0,20116350,13045,7097472,1015715,6012006,241543,1,2048,0,2048,1,1,1
whole_batch_multiget,782,2048,2344,71343,20510249,12503,20181432,0,20291348,13686,7578484,1011387,6494111,251201,1,2048,0,2048,1,1,1
whole_batch_multiget,783,2048,2214,71985,19937155,12353,19642402,0,19736327,12613,7383749,968947,6347305,240160,1,2048,0,2048,1,1,1
whole_batch_multiget,784,2048,2434,71975,20076916,12624,19781653,0,19875238,12253,7414947,952626,6396747,237636,1,2048,0,2048,1,1,1
whole_batch_multiget,785,2048,2024,70983,20046459,12193,19752107,0,19847126,13686,7432741,954490,6409982,247905,1,2048,0,2048,1,1,1
whole_batch_multiget,786,2048,2144,73007,20674597,11621,20371258,0,20470945,12163,8544847,1000457,7449993,239650,1,2048,0,2048,1,1,1
whole_batch_multiget,787,2048,2695,71995,20295376,13736,20000714,0,20091895,12314,17975776,1049990,16840476,237746,1,2048,0,2048,1,1,1
whole_batch_multiget,788,2048,11241,73458,25302328,12193,25003978,0,25097383,11802,7521638,960481,6498378,266059,1,2048,0,2048,1,1,1
whole_batch_multiget,789,2048,2996,71384,22961046,12914,22669429,0,22761261,12363,7578063,942307,6572206,249718,1,2048,0,2048,1,1,1
whole_batch_multiget,790,2048,2024,70142,23315782,10900,23025337,0,23118241,20127,7745487,917962,6756683,234299,1,2048,0,2048,1,1,1
whole_batch_multiget,791,2048,2114,69841,23451415,11641,23161482,0,23252071,11972,7645009,913223,6669319,237756,1,2048,0,2048,1,1,1
whole_batch_multiget,792,2048,2665,75992,24458445,13345,24081368,0,24227301,12684,8582768,1073534,7389520,273653,1,2048,0,2048,1,1,1
whole_batch_multiget,793,2048,4548,132679,24498119,11091,23963627,0,24062452,9087,8394174,1229766,7095439,243066,1,2048,0,2048,1,1,1
whole_batch_multiget,794,2048,2515,79159,24349180,10039,24043366,0,24132944,11011,8347427,932590,7320129,372128,1,2048,0,2048,1,1,1
whole_batch_multiget,795,2048,3827,135675,26197907,16471,25764525,0,25868850,13005,8872181,1096777,7705342,249698,1,2048,0,2048,1,1,1
whole_batch_multiget,796,2048,2305,80541,26446433,9178,26130381,0,26227273,12213,10045251,1158152,8820144,249508,1,2048,0,2048,1,1,1
whole_batch_multiget,797,2048,2615,82094,27819198,13996,27497705,0,27593695,11041,9540094,955903,8487990,246432,1,2048,0,2048,1,1,1
whole_batch_multiget,798,2048,2585,68950,25495440,8536,25197030,0,25301696,12954,9255981,970110,8204108,242064,1,2048,0,2048,1,1,1
whole_batch_multiget,799,2048,2414,70292,24810946,8607,24514580,0,24603637,11351,9052509,1139457,7843401,250740,1,2048,0,2048,1,1,1
whole_batch_multiget,800,2048,2114,69921,25012924,12353,24719965,0,24815404,10500,8880256,961383,7852198,250640,1,2048,0,2048,1,1,1
whole_batch_multiget,801,2048,1954,70983,24428949,9378,24145958,0,24235426,11111,8573711,949100,7560501,249237,1,2048,0,2048,1,1,1
whole_batch_multiget,802,2048,2384,68749,24660894,8897,24359880,0,24458464,10870,8900454,975580,7862898,248857,1,2048,0,2048,1,1,1
whole_batch_multiget,803,2048,2023,71384,25257403,9538,24958162,0,25052930,9798,8867151,964158,7841337,256090,1,2048,0,2048,1,1,1
whole_batch_multiget,804,2048,1883,70272,24390748,9347,24091657,0,24183008,11201,9063870,962064,8002269,277671,1,2048,0,2048,1,1,1
whole_batch_multiget,805,2048,2284,72055,25231795,9688,24933586,0,25025969,10420,8998438,963407,7919093,264777,1,2048,0,2048,1,1,1
whole_batch_multiget,806,2048,2034,73989,25425208,9988,25100700,0,25198983,10901,8963032,983915,7872336,247364,1,2048,0,2048,1,1,1
whole_batch_multiget,807,2048,3527,71644,24662488,9578,24339071,0,24444078,13495,9071805,1037807,7942537,240141,1,2048,0,2048,1,1,1
whole_batch_multiget,808,2048,2144,72375,25155533,11361,24851272,0,24950648,12162,8973971,947016,7956343,235041,1,2048,0,2048,1,1,1
whole_batch_multiget,809,2048,2434,71384,25808888,11041,25507321,0,25603613,12173,8986655,941766,7960701,247755,1,2048,0,2048,1,1,1
whole_batch_multiget,810,2048,2644,71474,24378815,13986,24075036,0,24175874,12013,21386203,947517,20320032,238497,1,2048,0,2048,1,1,1
whole_batch_multiget,811,2048,2514,71214,26100174,11432,25803367,0,25896031,12013,9251763,954390,8195952,235662,1,2048,0,2048,1,1,1
whole_batch_multiget,812,2048,2925,72386,25860765,13766,25513393,0,25627397,11141,9922160,1066751,8745884,232596,1,2048,0,2048,1,1,1
whole_batch_multiget,813,2048,1984,69020,27362131,12343,26923919,0,27064453,9307,11247025,1424973,9715843,267963,1,2048,0,2048,1,1,1
whole_batch_multiget,814,2048,2305,70923,26905995,12503,26560847,0,26702493,12524,9930636,999334,8818420,238497,1,2048,0,2048,1,1,1
whole_batch_multiget,815,2048,2214,69320,26911124,12784,26559876,0,26700099,10450,10384066,1037436,9222337,249799,1,2048,0,2048,1,1,1
whole_batch_multiget,816,2048,2926,87504,26813962,8837,26485126,0,26576628,8847,9189926,951084,8171035,261321,1,2048,0,2048,1,1,1
whole_batch_multiget,817,2048,3827,103865,25804619,13245,25449083,0,25542097,9307,9632006,940945,8583349,249458,1,2048,0,2048,1,1,1
whole_batch_multiget,818,2048,2264,85380,25134062,6863,24812288,0,24897328,11441,10473364,947016,9415831,245861,1,2048,0,2048,1,1,1
whole_batch_multiget,819,2048,2725,84930,25500619,11441,25167444,0,25260819,11342,9437501,937268,8424691,244388,1,2048,0,2048,1,1,1
whole_batch_multiget,820,2048,3296,134783,24679949,11331,24267897,0,24366872,11281,9387026,925226,8338219,242685,1,2048,0,2048,1,1,1
whole_batch_multiget,821,2048,2855,83998,24600421,10350,24278217,0,24372083,11151,9934413,917702,8903750,236354,1,2048,0,2048,1,1,1
whole_batch_multiget,822,2048,2325,81543,23762098,10239,23450875,0,23537728,10980,9252043,941205,8205631,241162,1,2048,0,2048,1,1,1
whole_batch_multiget,823,2048,2535,82595,23694872,10009,23369953,0,23464070,10941,9438423,918442,8410484,242615,1,2048,0,2048,1,1,1
whole_batch_multiget,824,2048,2154,80791,24528256,9728,24178109,0,24290740,11652,9122661,933611,8127635,251662,1,2048,0,2048,1,1,1
whole_batch_multiget,825,2048,2194,81272,24322810,10029,24000546,0,24090935,10850,9004900,898475,8039900,244589,1,2048,0,2048,1,1,1
whole_batch_multiget,826,2048,2465,80962,24042304,13415,23721693,0,23818654,11432,9506130,1186967,8228383,269916,1,2048,0,2048,1,1,1
whole_batch_multiget,827,2048,2234,86592,29386247,13736,29033085,0,29135056,13095,9741562,1135630,8491086,246312,1,2048,0,2048,1,1,1
whole_batch_multiget,828,2048,1914,100178,24919339,14227,24504141,0,24607765,12183,9352392,958518,8315416,226414,1,2048,0,2048,1,1,1
whole_batch_multiget,829,2048,2595,66444,24664501,16421,24371581,0,24473623,11671,9315913,905648,8323892,245320,1,2048,0,2048,1,1,1
whole_batch_multiget,830,2048,3517,80050,24519639,19166,24201082,0,24301410,12153,9373170,906881,8352657,274044,1,2048,0,2048,1,1,1
whole_batch_multiget,831,2048,2715,66795,23994674,12593,23710832,0,23806471,11301,9438663,955592,8386590,245150,1,2048,0,2048,1,1,1
whole_batch_multiget,832,2048,1954,64561,23529843,12474,23249517,0,23338895,11461,9841499,897333,8832516,267311,1,2048,0,2048,1,1,1
whole_batch_multiget,833,2048,2535,64962,23800590,13526,23519603,0,23610745,13094,9125245,902282,8152311,231574,1,2048,0,2048,1,1,1
whole_batch_multiget,834,2048,2294,63839,23307246,11832,23038020,0,23129332,12163,8779497,893475,7816070,231765,1,2048,0,2048,1,1,1
whole_batch_multiget,835,2048,1994,64811,23525033,11381,23225823,0,23326722,13836,9098756,961634,8059176,238126,1,2048,0,2048,1,1,1
whole_batch_multiget,836,2048,2274,62968,23463649,11993,23190526,0,23283822,13265,9010400,886884,8044168,230302,1,2048,0,2048,1,1,1
whole_batch_multiget,837,2048,2585,64561,23393136,12032,23118371,0,23211756,11802,9149631,904216,8165214,248085,1,2048,0,2048,1,1,1
whole_batch_multiget,838,2048,2485,62317,23665717,12523,23386394,0,23484818,13195,9204084,904637,8215169,230081,1,2048,0,2048,1,1,1
whole_batch_multiget,839,2048,2194,62578,23828053,13756,23551995,0,23645450,10810,9209744,906199,8229616,227096,1,2048,0,2048,1,1,1
whole_batch_multiget,840,2048,2374,62537,23751088,12814,23473868,0,23566341,11642,10271085,902663,9286548,239319,1,2048,0,2048,1,1,1
whole_batch_multiget,841,2048,2314,62548,23930875,12584,23653054,0,23748814,11933,9179077,906119,8189811,233989,1,2048,0,2048,1,1,1
whole_batch_multiget,842,2048,2083,66394,23598100,13164,23312465,0,23405109,11893,9437321,889167,8459738,231525,1,2048,0,2048,1,1,1
whole_batch_multiget,843,2048,2154,67978,23850665,12123,23575028,0,23664686,12734,9638668,912602,8634455,236905,1,2048,0,2048,1,1,1
whole_batch_multiget,844,2048,2534,70172,25358583,12283,25064451,0,25167815,11952,9467948,923391,8455409,232657,1,2048,0,2048,1,1,1
whole_batch_multiget,845,2048,2485,78227,23544811,10169,23241121,0,23329687,11321,9349306,887234,8384736,237746,1,2048,0,2048,1,1,1
whole_batch_multiget,846,2048,2204,78206,23350417,9759,23029284,0,23112671,15549,9288612,893536,8312831,262733,1,2048,0,2048,1,1,1
whole_batch_multiget,847,2048,3477,89809,23309139,9909,22992314,0,23077936,11221,9500159,1000216,8430723,81903,1,2048,0,2048,1,1,1
whole_batch_multiget,848,2048,1944,69540,23691256,14067,23365174,0,23456676,10840,9357331,984296,8305698,56757,1,2048,0,2048,1,1,1
whole_batch_multiget,849,2048,1182,67286,23726512,9277,23429594,0,23515886,10740,10321008,903605,9325962,56356,1,2048,0,2048,1,1,1
whole_batch_multiget,850,2048,1453,71754,23193652,7945,22878852,0,22990922,9668,9375595,897754,8398272,60804,1,2048,0,2048,1,1,1
whole_batch_multiget,851,2048,3507,217868,24083311,14959,23605886,0,23734447,11712,9365175,906410,8375229,266791,1,2048,0,2048,1,1,1
whole_batch_multiget,852,2048,2264,63670,23747722,11621,23468808,0,23561903,11622,9655370,919465,8644835,239489,1,2048,0,2048,1,1,1
whole_batch_multiget,853,2048,2304,76684,23067155,10149,22769758,0,22859496,10650,9580549,887965,8598307,234420,1,2048,0,2048,1,1,1
whole_batch_multiget,854,2048,2385,70583,23318416,11261,23034243,0,23124402,12343,9730520,901961,8738891,235983,1,2048,0,2048,1,1,1
whole_batch_multiget,855,2048,2655,67196,23932147,11421,23641092,0,23736701,11672,9886965,912352,8884734,244438,1,2048,0,2048,1,1,1
whole_batch_multiget,856,2048,2094,67416,23203741,11011,22917234,0,23008766,11521,9738345,899427,8747868,234791,1,2048,0,2048,1,1,1
whole_batch_multiget,857,2048,2445,68318,23510126,10450,23220843,0,23311944,10910,9772519,901531,8780679,235422,1,2048,0,2048,1,1,1
whole_batch_multiget,858,2048,2325,69540,24008470,10950,23715281,0,23807874,12253,9765926,899548,8768386,233037,1,2048,0,2048,1,1,1
whole_batch_multiget,859,2048,2084,67125,23704780,10841,23408455,0,23504526,11842,9930546,919896,8902588,240150,1,2048,0,2048,1,1,1
whole_batch_multiget,860,2048,2274,75902,23895318,12334,23595135,0,23689202,12233,10334082,902012,9323377,270657,1,2048,0,2048,1,1,1
whole_batch_multiget,861,2048,2715,71594,25258364,13656,24939056,0,25044905,11992,10164344,1042425,9028494,235271,1,2048,0,2048,1,1,1
whole_batch_multiget,862,2048,2114,71854,23748072,12904,23439624,0,23530424,10980,9814418,895390,8843667,259737,1,2048,0,2048,1,1,1
whole_batch_multiget,863,2048,2044,68178,25251101,12613,24939036,0,25035747,12714,12246560,911640,11232057,226525,1,2048,0,2048,1,1,1
whole_batch_multiget,864,2048,2054,68990,25753634,9678,25451747,0,25545002,12383,9718859,903214,8722540,228769,1,2048,0,2048,1,1,1
whole_batch_multiget,865,2048,2495,70933,23573846,11793,23269164,0,23362259,12153,9870473,911230,8851983,247935,1,2048,0,2048,1,1,1
whole_batch_multiget,866,2048,1974,73818,24238712,13184,23904986,0,24004623,13996,9923042,954761,8875537,227958,1,2048,0,2048,1,1,1
whole_batch_multiget,867,2048,2154,72746,23941395,11752,23625412,0,23721813,12333,9773501,929644,8755021,243316,1,2048,0,2048,1,1,1
whole_batch_multiget,868,2048,1894,71724,23619020,11612,23309720,0,23400290,11762,9802676,898786,8812519,234189,1,2048,0,2048,1,1,1
whole_batch_multiget,869,2048,2234,72796,23660447,12483,23351769,0,23442439,11662,9714892,911770,8717371,235452,1,2048,0,2048,1,1,1
whole_batch_multiget,870,2048,2325,72596,23668392,11291,23348372,0,23438631,11141,9777940,924013,8776362,238027,1,2048,0,2048,1,1,1
whole_batch_multiget,871,2048,2675,75261,23578935,11772,23261379,0,23352611,13085,9796225,913393,8777504,236102,1,2048,0,2048,1,1,1
whole_batch_multiget,872,2048,2415,79449,23703348,11512,23388357,0,23477625,11602,9940044,910608,8946270,232186,1,2048,0,2048,1,1,1
whole_batch_multiget,873,2048,2034,72526,23805730,11422,23497281,0,23587211,10960,9807304,906410,8826816,231844,1,2048,0,2048,1,1,1
whole_batch_multiget,874,2048,2103,79759,23634770,11973,23317995,0,23408916,11912,9735560,908383,8749761,235863,1,2048,0,2048,1,1,1
whole_batch_multiget,875,2048,1964,73908,23580638,11702,23266259,0,23356027,11842,9868028,922710,8868174,234210,1,2048,0,2048,1,1,1
whole_batch_multiget,876,2048,2455,74870,24137913,11311,23815087,0,23909244,11271,9949692,900499,8970155,229220,1,2048,0,2048,1,1,1
whole_batch_multiget,877,2048,2094,73117,23373479,12113,23045714,0,23139531,11782,9936427,894528,8960727,243938,1,2048,0,2048,1,1,1
whole_batch_multiget,878,2048,2004,89507,25593694,13605,25244549,0,25341370,12213,10066952,905679,9082675,230733,1,2048,0,2048,1,1,1
whole_batch_multiget,879,2048,2224,75482,23551343,11953,23214712,0,23310662,11963,9962146,899647,8978120,244028,1,2048,0,2048,1,1,1
whole_batch_multiget,880,2048,3657,123882,23210573,11572,22854216,0,22937091,11431,10568011,909936,9567956,171943,1,2048,0,2048,1,1,1
whole_batch_multiget,881,2048,2034,82585,23575228,10660,23256269,0,23351989,10579,10248522,902943,9263856,77405,1,2048,0,2048,1,1,1
whole_batch_multiget,882,2048,3216,254758,24082439,10690,23523300,0,23647965,9648,10293817,914746,9298510,272090,1,2048,0,2048,1,1,1
whole_batch_multiget,883,2048,2494,91171,23762679,10430,23377497,0,23484297,10931,10128738,921789,9122440,250510,1,2048,0,2048,1,1,1
whole_batch_multiget,884,2048,2174,99256,23480570,10319,23122128,0,23208700,9949,10030754,902042,9061947,241433,1,2048,0,2048,1,1,1
whole_batch_multiget,885,2048,2164,76573,24028088,12063,23708868,0,23801463,11441,10192557,922911,9188955,230513,1,2048,0,2048,1,1,1
whole_batch_multiget,886,2048,2234,73558,24265723,11672,23945231,0,24039599,11742,10968352,903645,9984146,244619,1,2048,0,2048,1,1,1
whole_batch_multiget,887,2048,2344,97974,23973996,11802,23616154,0,23714909,12213,10038970,932840,9023325,240291,1,2048,0,2048,1,1,1
whole_batch_multiget,888,2048,2315,73588,24310948,12493,23991128,0,24084904,11943,9899668,910838,8902789,233037,1,2048,0,2048,1,1,1
whole_batch_multiget,889,2048,2524,75943,24298034,12363,23984857,0,24076037,11742,9963117,900789,8969352,243317,1,2048,0,2048,1,1,1
whole_batch_multiget,890,2048,2374,77254,23816420,12504,23503022,0,23593522,11993,10374689,910718,9370355,232646,1,2048,0,2048,1,1,1
whole_batch_multiget,891,2048,2745,74801,24259882,11963,23920415,0,24022367,12974,10553754,919895,9520617,256151,1,2048,0,2048,1,1,1
whole_batch_multiget,892,2048,2395,72967,24521012,13285,24195562,0,24291341,11622,10112327,919014,9114566,243867,1,2048,0,2048,1,1,1
whole_batch_multiget,893,2048,2164,87534,24059005,12694,23732492,0,23823173,11121,10438729,897975,9442340,241734,1,2048,0,2048,1,1,1
whole_batch_multiget,894,2048,3306,77245,30560470,11011,30217076,0,30313997,11581,11411884,977854,10336017,245070,1,2048,0,2048,1,1,1
whole_batch_multiget,895,2048,2064,72065,27830299,8556,27522582,0,27618442,10009,11588225,1086148,10392652,261871,1,2048,0,2048,1,1,1
whole_batch_multiget,896,2048,2615,75281,26544658,20889,26176277,0,26285782,12694,11545265,988794,10426456,264616,1,2048,0,2048,1,1,1
whole_batch_multiget,897,2048,3116,74960,27842712,9999,27536798,0,27627769,11681,11595899,1086228,10404815,256852,1,2048,0,2048,1,1,1
whole_batch_multiget,898,2048,2806,79058,27833745,10340,27498606,0,27615917,11973,12003584,1096167,10794876,246372,1,2048,0,2048,1,1,1
whole_batch_multiget,899,2048,2404,72256,27615917,10229,27302328,0,27393409,11221,11309522,1021656,10181146,256400,1,2048,0,2048,1,1,1
whole_batch_multiget,900,2048,2635,98905,27529314,15560,27178837,0,27278073,11382,12110113,1109010,10885166,224642,1,2048,0,2048,1,1,1
whole_batch_multiget,901,2048,2595,76824,27712488,10801,27392738,0,27486544,11422,11965803,1001930,10849058,284243,1,2048,0,2048,1,1,1
whole_batch_multiget,902,2048,3006,81954,28247391,13185,27915338,0,28010437,10891,11706217,1134037,10447415,237205,1,2048,0,2048,1,1,1
whole_batch_multiget,903,2048,2334,79309,26333972,12624,26015575,0,26109892,12944,10619608,953188,9572164,255510,1,2048,0,2048,1,1,1
whole_batch_multiget,904,2048,2855,94467,25986991,15419,25655399,0,25751640,13044,11236665,950252,10175355,237175,1,2048,0,2048,1,1,1
whole_batch_multiget,905,2048,2194,75612,26316940,13585,25967064,0,26081528,13786,11190780,1134077,9961504,254066,1,2048,0,2048,1,1,1
whole_batch_multiget,906,2048,2114,75672,27545254,11942,27157627,0,27251433,11712,11805562,959840,10736017,238076,1,2048,0,2048,1,1,1
whole_batch_multiget,907,2048,1894,73367,26974224,11602,26616572,0,26760212,10740,12711151,979467,11585249,238287,1,2048,0,2048,1,1,1
whole_batch_multiget,908,2048,1954,76794,27594086,11041,27284044,0,27380535,13325,11099829,965271,10018651,232185,1,2048,0,2048,1,1,1
whole_batch_multiget,909,2048,2454,74981,27966835,11412,27642596,0,27746051,11893,11424628,1271135,10067523,240601,1,2048,0,2048,1,1,1
whole_batch_multiget,910,2048,2194,75191,26949787,11021,26600121,0,26717983,12634,11650031,974889,10559625,279515,1,2048,0,2048,1,1,1
whole_batch_multiget,911,2048,2214,80812,26639816,12914,26208817,0,26304467,12363,12828962,1361263,11354216,243156,1,2048,0,2048,1,1,1
whole_batch_multiget,912,2048,2054,84068,27820160,7945,27462058,0,27560062,7734,11137710,1016627,10023330,251873,1,2048,0,2048,1,1,1
whole_batch_multiget,913,2048,2385,77445,25969358,5961,25655219,0,25741090,7314,11276319,1059026,10119249,233067,1,2048,0,2048,1,1,1
whole_batch_multiget,914,2048,2334,76243,26235518,13015,25926067,0,26019733,12032,11107643,970761,10047997,240121,1,2048,0,2048,1,1,1
whole_batch_multiget,915,2048,2265,79039,26164725,12613,25827312,0,25923712,12774,10979744,982953,9896351,241203,1,2048,0,2048,1,1,1
whole_batch_multiget,916,2048,2114,76804,26015215,12714,25676118,0,25768903,12653,11492134,979297,10405968,236854,1,2048,0,2048,1,1,1
whole_batch_multiget,917,2048,2004,77235,25629271,13134,25308258,0,25407925,12102,6902667,983955,5843029,244598,1,2048,0,2048,1,1,1
whole_batch_multiget,918,2048,2474,79148,27114616,8887,26769729,0,26865880,13756,7104415,979948,6050258,260278,1,2048,0,2048,1,1,1
whole_batch_multiget,919,2048,2164,77075,27684636,10670,27354016,0,27450807,11992,7233908,982373,6172086,269605,1,2048,0,2048,1,1,1
whole_batch_multiget,920,2048,2104,77686,26981978,12504,26668861,0,26761875,12373,7303759,1005115,6214927,239499,1,2048,0,2048,1,1,1
whole_batch_multiget,921,2048,2124,91161,27193044,12223,26857514,0,26956190,12693,7687278,980619,6636908,254878,1,2048,0,2048,1,1,1
whole_batch_multiget,922,2048,2335,77565,27592663,11782,27281068,0,27373723,12584,7744806,975400,6703844,238959,1,2048,0,2048,1,1,1
whole_batch_multiget,923,2048,2304,79449,27277322,11752,26961209,0,27057920,11612,7838743,967876,6801877,236644,1,2048,0,2048,1,1,1
whole_batch_multiget,924,2048,2174,77015,27577184,12143,27268404,0,27362291,12674,46684051,963567,45605288,248106,1,2048,0,2048,1,1,1
whole_batch_multiget,925,2048,2254,79399,31522804,9417,31210318,0,31300146,9308,7828724,958107,6804393,248767,1,2048,0,2048,1,1,1
whole_batch_multiget,926,2048,2204,79209,30015818,11391,29697370,0,29789824,10790,7792516,963417,6764608,249127,1,2048,0,2048,1,1,1
whole_batch_multiget,927,2048,2305,74530,31369928,8336,31049116,0,31140798,10560,8645536,963457,7622587,238878,1,2048,0,2048,1,1,1
whole_batch_multiget,928,2048,2264,75261,30712104,7935,30386293,0,30476391,11101,7535844,957436,6507466,253004,1,2048,0,2048,1,1,1
whole_batch_multiget,929,2048,2775,78277,30726892,7524,30393576,0,30485739,10690,7820558,961173,6796728,246653,1,2048,0,2048,1,1,1
whole_batch_multiget,930,2048,2705,80280,31097456,7854,30754594,0,30849040,11161,7984596,945734,6967708,247424,1,2048,0,2048,1,1,1
whole_batch_multiget,931,2048,2755,76734,31722589,7955,31393331,0,31487839,11421,8067321,1023800,6972318,260889,1,2048,0,2048,1,1,1
whole_batch_multiget,932,2048,1874,77926,30897040,7775,30558626,0,30657822,10600,7950613,954400,6934265,244599,1,2048,0,2048,1,1,1
whole_batch_multiget,933,2048,2054,76553,31216780,8937,30893284,0,30990295,10289,7883587,959109,6861860,245320,1,2048,0,2048,1,1,1
whole_batch_multiget,934,2048,2054,79550,31952150,6512,31623062,0,31720184,12794,8283056,961193,7244477,259046,1,2048,0,2048,1,1,1
whole_batch_multiget,935,2048,2214,78618,31340583,5891,31018969,0,31105091,11161,8539026,984727,7487644,247805,1,2048,0,2048,1,1,1
whole_batch_multiget,936,2048,1944,77786,31495403,5871,31160004,0,31256033,10961,8303304,957076,7283911,238478,1,2048,0,2048,1,1,1
whole_batch_multiget,937,2048,2415,77034,31893519,6192,31574331,0,31662336,6883,8224375,961043,7197740,235222,1,2048,0,2048,1,1,1
whole_batch_multiget,938,2048,2245,82755,30913762,9598,30562213,0,30660447,9908,10291503,955172,9226355,238768,1,2048,0,2048,1,1,1
whole_batch_multiget,939,2048,1984,79690,31885244,6331,31559654,0,31649912,11803,8474325,955843,7451486,245701,1,2048,0,2048,1,1,1
whole_batch_multiget,940,2048,1984,77114,31563401,10119,31223954,0,31323120,12283,8461811,959500,7429895,249138,1,2048,0,2048,1,1,1
whole_batch_multiget,941,2048,2285,84639,31830131,9888,31493099,0,31589790,13145,8564193,955573,7534331,243116,1,2048,0,2048,1,1,1
whole_batch_multiget,942,2048,2245,80882,30728745,13104,30399127,0,30497691,11652,8684078,963637,7644068,241153,1,2048,0,2048,1,1,1
whole_batch_multiget,943,2048,2244,78948,32230411,13024,31903789,0,32003175,12434,8505513,967144,7469881,240000,1,2048,0,2048,1,1,1
whole_batch_multiget,944,2048,2194,76534,31093379,12433,30762398,0,30871212,12434,8867362,970560,7778219,264066,1,2048,0,2048,1,1,1
whole_batch_multiget,945,2048,2024,79369,32171030,9318,31807739,0,31950467,12754,8941952,1010295,7849473,272280,1,2048,0,2048,1,1,1
whole_batch_multiget,946,2048,2154,75201,33077591,11902,32756378,0,32852428,11021,9484289,967144,8454858,267111,1,2048,0,2048,1,1,1
whole_batch_multiget,947,2048,2154,75732,31206321,10860,30899234,0,30990265,10740,9005631,952386,7965310,232416,1,2048,0,2048,1,1,1
whole_batch_multiget,948,2048,2134,84528,31320676,12453,31005294,0,31099520,11381,8674870,950673,7658254,248636,1,2048,0,2048,1,1,1
whole_batch_multiget,949,2048,2254,79719,33002220,12273,32680696,0,32778820,12824,11267303,979057,10149136,237555,1,2048,0,2048,1,1,1
whole_batch_multiget,950,2048,2374,85270,35078724,7524,34724479,0,34828084,11722,9226175,1052835,8096967,232356,1,2048,0,2048,1,1,1
whole_batch_multiget,951,2048,2264,77024,31501986,7995,31186924,0,31287022,9748,9000441,1036594,7893365,57388,1,2048,0,2048,1,1,1
whole_batch_multiget,952,2048,1062,74269,31808290,13065,31478591,0,31583489,11351,10422819,1039029,9271310,248385,1,2048,0,2048,1,1,1
whole_batch_multiget,953,2048,2003,82235,32267070,11011,31954203,0,32056496,13776,9560722,1126292,8336967,65403,1,2048,0,2048,1,1,1
whole_batch_multiget,954,2048,1343,74449,32497523,9668,32179065,0,32275606,12103,9315903,1027628,8206071,169218,1,2048,0,2048,1,1,1
whole_batch_multiget,955,2048,3246,238156,32702537,14437,32196257,0,32307726,13054,9255179,969598,8205700,233528,1,2048,0,2048,1,1,1
whole_batch_multiget,956,2048,2524,78217,31277975,11702,30964387,0,31061449,13004,9307517,968086,8245004,241804,1,2048,0,2048,1,1,1
whole_batch_multiget,957,2048,2043,76023,31365690,13375,31053875,0,31151498,12874,9094718,951225,8072280,241433,1,2048,0,2048,1,1,1
whole_batch_multiget,958,2048,2254,76072,32389259,11441,32074019,0,32171421,12674,9136326,953157,8108097,237416,1,2048,0,2048,1,1,1
whole_batch_multiget,959,2048,2104,75472,32252944,11732,31898829,0,32015818,14658,9495781,1024612,8381470,238848,1,2048,0,2048,1,1,1
whole_batch_multiget,960,2048,2765,84569,31856220,11813,31509268,0,31617141,13946,9515698,985699,8452714,244018,1,2048,0,2048,1,1,1
whole_batch_multiget,961,2048,2435,77095,32554990,11972,32246311,0,32340908,12404,9522160,959439,8477150,239650,1,2048,0,2048,1,1,1
whole_batch_multiget,962,2048,2475,75902,32336701,12865,32027019,0,32122139,11762,9579056,948929,8553452,237997,1,2048,0,2048,1,1,1
whole_batch_multiget,963,2048,2274,79609,31902756,11592,31582576,0,31682864,11832,9851627,957916,8807359,239569,1,2048,0,2048,1,1,1
whole_batch_multiget,964,2048,2013,76383,33107566,12403,32794870,0,32890961,12673,9505027,962485,8453144,239198,1,2048,0,2048,1,1,1
whole_batch_multiget,965,2048,2435,78077,32102993,11983,31773063,0,31874013,13645,10578982,990398,9495099,236714,1,2048,0,2048,1,1,1
whole_batch_multiget,966,2048,2094,78297,32849883,11031,32504756,0,32614643,11642,10327139,959680,9245591,230953,1,2048,0,2048,1,1,1
whole_batch_multiget,967,2048,2124,76654,34713659,12653,34384442,0,34492915,11442,10422849,965300,9362000,238237,1,2048,0,2048,1,1,1
whole_batch_multiget,968,2048,2314,76283,33223103,12634,32832721,0,32971812,13475,10567931,1055380,9390292,262312,1,2048,0,2048,1,1,1
whole_batch_multiget,969,2048,2415,106420,32395161,11691,32019947,0,32123280,13115,9730190,995226,8647740,239129,1,2048,0,2048,1,1,1
whole_batch_multiget,970,2048,2024,79590,33114329,12123,32773790,0,32884899,12563,10003061,971723,8910954,246171,1,2048,0,2048,1,1,1
whole_batch_multiget,971,2048,2324,79689,33051511,8306,32716113,0,32819587,13245,9667262,955833,8611161,270157,1,2048,0,2048,1,1,1
whole_batch_multiget,972,2048,3176,127840,35107848,14156,34692029,0,34798768,11161,9702468,963156,8663268,260629,1,2048,0,2048,1,1,1
whole_batch_multiget,973,2048,2324,78026,34096671,11231,33737779,0,33841904,11732,9920567,981080,8828559,254247,1,2048,0,2048,1,1,1
whole_batch_multiget,974,2048,2254,78277,32805810,10330,32470271,0,32561473,9718,9959660,964419,8885516,249398,1,2048,0,2048,1,1,1
whole_batch_multiget,975,2048,2275,78567,32805610,9979,32473968,0,32574937,11351,9860545,979026,8807921,279935,1,2048,0,2048,1,1,1
whole_batch_multiget,976,2048,3086,85411,33512456,14117,33149545,0,33248561,10660,10214227,1025344,9098595,267352,1,2048,0,2048,1,1,1
whole_batch_multiget,977,2048,2565,84148,33092819,10029,32730068,0,32838101,12413,10474416,1031204,9331212,237816,1,2048,0,2048,1,1,1
whole_batch_multiget,978,2048,2134,82264,32699611,12192,32362119,0,32463268,12614,9766779,978746,8680651,307297,1,2048,0,2048,1,1,1
whole_batch_multiget,979,2048,3046,93135,33182256,12714,32834204,0,32931637,12102,9777729,968757,8726748,238157,1,2048,0,2048,1,1,1
whole_batch_multiget,980,2048,2514,84509,34697869,12363,34327766,0,34443713,11491,9963006,1019843,8842925,247614,1,2048,0,2048,1,1,1
whole_batch_multiget,981,2048,2023,80592,32934462,8306,32593573,0,32685976,11542,10302513,960592,9237295,249588,1,2048,0,2048,1,1,1
whole_batch_multiget,982,2048,2294,80611,32513032,8936,32167413,0,32263393,10850,9827963,966252,8764799,259407,1,2048,0,2048,1,1,1
whole_batch_multiget,983,2048,2154,79109,32427411,10480,32079699,0,32174256,11902,10899533,959479,9871675,257183,1,2048,0,2048,1,1,1
whole_batch_multiget,984,2048,2014,81573,32220964,9358,31878451,0,31971155,11762,10214529,968417,9159139,261180,1,2048,0,2048,1,1,1
whole_batch_multiget,985,2048,1994,86903,32515437,8736,32142396,0,32232335,11090,10060439,999364,8978920,243126,1,2048,0,2048,1,1,1
whole_batch_multiget,986,2048,2314,82645,33194079,9688,32834344,0,32928410,11461,9945283,990578,8882520,238087,1,2048,0,2048,1,1,1
whole_batch_multiget,987,2048,2244,82565,32015809,9167,31668297,0,31768004,11622,10065489,1022377,8959946,297268,1,2048,0,2048,1,1,1
whole_batch_multiget,988,2048,2605,82044,32521127,10159,32193221,0,32284312,11632,10184151,956644,9143339,237675,1,2048,0,2048,1,1,1
whole_batch_multiget,989,2048,2565,78377,32710441,9959,32380113,0,32474129,10990,9933992,966463,8886838,248225,1,2048,0,2048,1,1,1
whole_batch_multiget,990,2048,2705,76704,31767373,11962,31440249,0,31534406,12313,10065228,962505,9016281,258775,1,2048,0,2048,1,1,1
whole_batch_multiget,991,2048,2164,79679,32909886,11131,32591739,0,32683111,11011,9986731,965982,8931722,251051,1,2048,0,2048,1,1,1
whole_batch_multiget,992,2048,2485,97413,32889888,12193,32553206,0,32649648,12714,10183069,961934,9122671,238737,1,2048,0,2048,1,1,1
whole_batch_multiget,993,2048,2084,77335,33198106,13044,32884338,0,32977693,12844,10178371,950122,9132078,241884,1,2048,0,2048,1,1,1
whole_batch_multiget,994,2048,2304,81012,32245259,12343,31923375,0,32020318,11952,10412910,963968,9355437,246813,1,2048,0,2048,1,1,1
whole_batch_multiget,995,2048,2164,88476,32655839,12454,32327413,0,32424195,12965,10581978,976812,9518623,240802,1,2048,0,2048,1,1,1
whole_batch_multiget,996,2048,2395,76403,32303689,13375,31983047,0,32081823,12814,10449559,970700,9386495,249959,1,2048,0,2048,1,1,1
whole_batch_multiget,997,2048,2184,79899,32136365,10259,31800344,0,31891966,12523,10569444,969970,9520707,239750,1,2048,0,2048,1,1,1
whole_batch_multiget,998,2048,2094,78377,32562715,12955,32238105,0,32340268,11932,10266616,942077,9238929,235873,1,2048,0,2048,1,1,1
whole_batch_multiget,999,2048,2474,80712,30699159,14657,30371064,0,30466353,11562,10076851,924233,9063099,230101,1,2048,0,2048,1,1,1
whole_batch_multiget,1000,2048,2374,75442,31018539,12093,30707365,0,30800129,11211,9958077,912571,8959324,243537,1,2048,0,2048,1,1,1
whole_batch_multiget,1001,2048,2164,74149,30696785,15869,30388757,0,30485949,12093,10823450,896903,9850325,255118,1,2048,0,2048,1,1,1
whole_batch_multiget,1002,2048,2565,73688,29829168,10279,29524516,0,29619344,12353,18194606,921940,17172428,234921,1,2048,0,2048,1,1,1
whole_batch_multiget,1003,2048,2274,75041,30797473,11902,30486601,0,30583532,14428,10276224,915928,9246963,235852,1,2048,0,2048,1,1,1
whole_batch_multiget,1004,2048,1813,73788,30948537,11813,30615402,0,30733995,12112,9777488,935345,8757265,246693,1,2048,0,2048,1,1,1
whole_batch_multiget,1005,2048,1883,71674,29714072,11161,29407016,0,29500611,11321,9811011,912161,8817318,230061,1,2048,0,2048,1,1,1
whole_batch_multiget,1006,2048,1984,74079,30107289,12424,29806135,0,29898137,11291,9780043,894227,8796078,233819,1,2048,0,2048,1,1,1
whole_batch_multiget,1007,2048,1873,74710,31933133,11872,31627080,0,31725534,11642,9673123,881003,8716679,243256,1,2048,0,2048,1,1,1
whole_batch_multiget,1008,2048,2204,70923,30157764,12093,29855657,0,29953130,12093,9901221,917540,8894923,232586,1,2048,0,2048,1,1,1
whole_batch_multiget,1009,2048,2064,98886,29836301,12423,29510440,0,29604446,12624,9930997,907953,8934087,238658,1,2048,0,2048,1,1,1
whole_batch_multiget,1010,2048,2345,77455,30755705,13806,30435826,0,30532597,12033,10036305,891743,9062868,235271,1,2048,0,2048,1,1,1
whole_batch_multiget,1011,2048,2335,72115,29993215,12093,29695146,0,29788071,11782,10370581,891062,9390362,232867,1,2048,0,2048,1,1,1
whole_batch_multiget,1012,2048,1964,71905,30798526,11191,30497180,0,30587810,12083,10241650,905829,9245641,238237,1,2048,0,2048,1,1,1
whole_batch_multiget,1013,2048,2124,72076,30718817,11902,30418583,0,30512269,11932,10195653,889518,9220694,254267,1,2048,0,2048,1,1,1
whole_batch_multiget,1014,2048,3536,108503,30477313,10410,30131384,0,30216935,10550,10274521,978886,9223019,175599,1,2048,0,2048,1,1,1
whole_batch_multiget,1015,2048,1894,72426,30223126,13796,29887918,0,29980591,9067,10788905,963578,9725511,194074,1,2048,0,2048,1,1,1
whole_batch_multiget,1016,2048,1973,78327,30733554,9818,30425686,0,30514343,10990,10495665,961273,9448051,138650,1,2048,0,2048,1,1,1
whole_batch_multiget,1017,2048,1693,74790,30263362,7454,29945005,0,30045393,7504,10205481,980980,9152737,59000,1,2048,0,2048,1,1,1
whole_batch_multiget,1018,2048,1653,74830,29864103,8225,29550104,0,29649560,10650,10481209,969038,9412584,64200,1,2048,0,2048,1,1,1
whole_batch_multiget,1019,2048,3287,249297,31195049,7905,30678260,0,30779530,8937,10035884,904517,9048862,244268,1,2048,0,2048,1,1,1
whole_batch_multiget,1020,2048,2465,87003,29991572,5771,29669097,0,29752133,7023,11115869,896151,10138716,245691,1,2048,0,2048,1,1,1
whole_batch_multiget,1021,2048,2615,86742,31083901,6262,30736400,0,30824074,13185,10114752,894127,9133310,240090,1,2048,0,2048,1,1,1
whole_batch_multiget,1022,2048,2455,85570,30917939,8205,30593652,0,30679152,10379,10011527,899998,9028804,269285,1,2048,0,2048,1,1,1
whole_batch_multiget,1023,2048,2114,72706,30423442,8526,30107940,0,30202758,9788,10222694,893646,9240893,235161,1,2048,0,2048,1,1,1
whole_batch_multiget,1024,2048,2194,73248,29893969,11040,29590069,0,29681370,11302,9847951,891812,8879966,233108,1,2048,0,2048,1,1,1
whole_batch_multiget,1025,2048,2865,72095,30866994,8957,30551282,0,30644667,9508,10069096,888606,9091132,234790,1,2048,0,2048,1,1,1
whole_batch_multiget,1026,2048,3226,86703,30297536,12484,29968649,0,30067725,12103,10338351,938690,9307457,252403,1,2048,0,2048,1,1,1
whole_batch_multiget,1027,2048,3316,116438,30478104,9728,30132447,0,30215983,9859,10432808,964579,9368803,113243,1,2048,0,2048,1,1,1
whole_batch_multiget,1028,2048,1803,73789,31956438,7294,31652728,0,31748277,8045,10422709,961043,9376606,121668,1,2048,0,2048,1,1,1
whole_batch_multiget,1029,2048,1763,74239,30809005,11181,30487783,0,30588863,11302,10507218,1024531,9385743,129382,1,2048,0,2048,1,1,1
whole_batch_multiget,1030,2048,3286,243236,31316827,6202,30804207,0,30906959,7013,10634175,908734,9625173,244298,1,2048,0,2048,1,1,1
whole_batch_multiget,1031,2048,2485,89829,31370108,6162,31031974,0,31123255,6763,10247841,891642,9286077,243196,1,2048,0,2048,1,1,1
whole_batch_multiget,1032,2048,2274,89558,31185231,12904,30845123,0,30934530,10780,11205817,893946,10207855,238277,1,2048,0,2048,1,1,1
whole_batch_multiget,1033,2048,2304,89258,31256745,6692,30920775,0,31006024,6733,10857465,885271,9869692,241553,1,2048,0,2048,1,1,1
whole_batch_multiget,1034,2048,2635,86983,31591794,8055,31246145,0,31343418,10279,10811067,884539,9829125,251001,1,2048,0,2048,1,1,1
whole_batch_multiget,1035,2048,2385,96110,33398111,9178,33024861,0,33124098,11101,10830143,918693,9801183,241103,1,2048,0,2048,1,1,1
whole_batch_multiget,1036,2048,2345,77175,31031513,8206,30715370,0,30804737,10169,11155964,907862,10136251,235332,1,2048,0,2048,1,1,1
whole_batch_multiget,1037,2048,2144,77966,31877589,10089,31564523,0,31658949,12313,10841704,898475,9835498,235031,1,2048,0,2048,1,1,1
whole_batch_multiget,1038,2048,3476,90490,31720034,10499,31332427,0,31436462,13195,11025890,1082190,9852259,235492,1,2048,0,2048,1,1,1
whole_batch_multiget,1039,2048,2825,98064,31357684,7775,30960059,0,31068722,8356,12171449,949060,11119035,230783,1,2048,0,2048,1,1,1
whole_batch_multiget,1040,2048,2345,72145,31800755,9839,31495523,0,31589860,12354,11985430,898856,10966959,263605,1,2048,0,2048,1,1,1
whole_batch_multiget,1041,2048,2445,73407,35535931,11702,35194892,0,35291342,10490,12399757,968617,11321435,247094,1,2048,0,2048,1,1,1
whole_batch_multiget,1042,2048,2405,74831,35390118,12684,35054778,0,35159505,12854,12359792,1042585,11186652,285014,1,2048,0,2048,1,1,1
whole_batch_multiget,1043,2048,2575,88015,36787639,10350,36353445,0,36461317,11201,12947925,1349952,11488658,244780,1,2048,0,2048,1,1,1
whole_batch_multiget,1044,2048,2184,87845,35575074,11391,35231710,0,35326909,12213,12185906,1109050,10968522,274505,1,2048,0,2048,1,1,1
whole_batch_multiget,1045,2048,2815,88576,33276683,9879,32950171,0,33036383,10800,13304514,910538,12274282,240070,1,2048,0,2048,1,1,1
whole_batch_multiget,1046,2048,2485,100037,35782894,17032,35384297,0,35522315,11321,12055321,1070498,10874937,276990,1,2048,0,2048,1,1,1
whole_batch_multiget,1047,2048,2765,91873,37705961,10951,37345324,0,37452185,11522,12445572,1116084,11209625,247053,1,2048,0,2048,1,1,1
whole_batch_multiget,1048,2048,2394,95990,36829387,13225,36465434,0,36576362,15920,12331509,1359870,10874707,242434,1,2048,0,2048,1,1,1
whole_batch_multiget,1049,2048,2756,81633,35455149,7744,35066751,0,35208166,10970,11568307,1078393,10389306,245491,1,2048,0,2048,1,1,1
whole_batch_multiget,1050,2048,2745,84979,33822557,9357,33504651,0,33596373,13556,11393069,963046,10344713,247234,1,2048,0,2048,1,1,1
whole_batch_multiget,1051,2048,2324,78587,32470992,10670,32147025,0,32241983,11461,11475874,965612,10395718,255379,1,2048,0,2048,1,1,1
whole_batch_multiget,1052,2048,2164,77876,32965099,11522,32620553,0,32744616,12183,11125337,967635,10056211,233879,1,2048,0,2048,1,1,1
whole_batch_multiget,1053,2048,2375,77887,33301280,12744,32982371,0,33078331,12133,11076966,960201,10019042,241694,1,2048,0,2048,1,1,1
whole_batch_multiget,1054,2048,2255,81253,33086206,12504,32763721,0,32862427,12965,11327707,970971,10257820,245280,1,2048,0,2048,1,1,1
whole_batch_multiget,1055,2048,2304,78748,32683150,11983,32359543,0,32457828,13425,11458451,1048266,10305048,249688,1,2048,0,2048,1,1,1
whole_batch_multiget,1056,2048,1864,78297,33519569,10700,33199138,0,33298354,12373,12280052,965581,11208743,241894,1,2048,0,2048,1,1,1
whole_batch_multiget,1057,2048,2184,77716,33077540,12634,32754475,0,32854943,12814,6493770,994375,5431257,281838,1,2048,0,2048,1,1,1
whole_batch_multiget,1058,2048,2405,81032,35326449,11942,34996179,0,35099703,11912,6520950,960993,5493473,241733,1,2048,0,2048,1,1,1
whole_batch_multiget,1059,2048,2555,74780,35039510,12243,34719389,0,34817934,11922,6687774,952226,5663443,240511,1,2048,0,2048,1,1,1
whole_batch_multiget,1060,2048,2304,78477,34244849,9047,33931652,0,34021611,9077,7267852,969789,6220998,255399,1,2048,0,2048,1,1,1
whole_batch_multiget,1061,2048,2044,80430,34571613,11271,34220805,0,34336632,13325,7221144,974558,6176905,239309,1,2048,0,2048,1,1,1
whole_batch_multiget,1062,2048,2886,78016,35255936,11141,34932229,0,35032767,12984,7303408,964079,6267555,245311,1,2048,0,2048,1,1,1
whole_batch_multiget,1063,2048,3146,81212,34873067,12193,34531527,0,34635362,13455,31489571,950071,30441355,244118,1,2048,0,2048,1,1,1
whole_batch_multiget,1064,2048,2314,83807,39885008,12193,39502571,0,39617807,11612,7750097,967384,6705818,242975,1,2048,0,2048,1,1,1
whole_batch_multiget,1065,2048,2043,78046,40575032,11972,40243571,0,40344640,10279,7798667,956144,6771120,235792,1,2048,0,2048,1,1,1
whole_batch_multiget,1066,2048,2254,78938,38999257,11541,38667414,0,38767652,11221,8028198,967555,6990451,241423,1,2048,0,2048,1,1,1
whole_batch_multiget,1067,2048,2044,79199,38997734,12293,38656023,0,38759286,13796,8011547,951404,6985642,238247,1,2048,0,2048,1,1,1
whole_batch_multiget,1068,2048,2855,79449,41133570,7645,40803571,0,40899211,9178,7979487,959559,6951197,246041,1,2048,0,2048,1,1,1
whole_batch_multiget,1069,2048,2524,79228,38952039,7825,38619124,0,38718561,9287,7802634,950332,6784966,241032,1,2048,0,2048,1,1,1
whole_batch_multiget,1070,2048,2454,79700,38603975,10771,38274187,0,38369215,12283,10008291,961583,8884594,321754,1,2048,0,2048,1,1,1
whole_batch_multiget,1071,2048,2234,79138,44265073,13054,43880072,0,44025514,11943,8250746,1054007,7122469,247313,1,2048,0,2048,1,1,1
whole_batch_multiget,1072,2048,2355,79799,39341599,10891,38979671,0,39075981,16891,8270262,1052434,7144701,242695,1,2048,0,2048,1,1,1
whole_batch_multiget,1073,2048,2344,80871,39431808,7945,39090938,0,39188231,9959,19727872,971061,18660379,270998,1,2048,0,2048,1,1,1
whole_batch_multiget,1074,2048,2855,134272,42092418,9668,41639258,0,41737282,10099,8412669,977723,7349494,284314,1,2048,0,2048,1,1,1
whole_batch_multiget,1075,2048,2544,137578,40067059,10049,39580457,0,39695362,13025,8830493,1230989,7495208,270477,1,2048,0,2048,1,1,1
whole_batch_multiget,1076,2048,1934,91592,39628998,9268,39226062,0,39329978,11021,8304165,940754,7283181,292769,1,2048,0,2048,1,1,1
whole_batch_multiget,1077,2048,3066,161794,40849928,10600,40331605,0,40431563,10179,8395486,922881,7395351,262342,1,2048,0,2048,1,1,1
whole_batch_multiget,1078,2048,2976,152937,39169726,10871,38685178,0,38782531,10490,8362335,925726,7358081,280025,1,2048,0,2048,1,1,1
whole_batch_multiget,1079,2048,2284,91491,37302835,8977,36910339,0,37008132,9518,8323922,892003,7364412,273994,1,2048,0,2048,1,1,1
whole_batch_multiget,1080,2048,2184,89959,41971632,12363,41575188,0,41678732,10179,8388062,887745,7422181,289462,1,2048,0,2048,1,1,1
whole_batch_multiget,1081,2048,2886,152797,38020481,8816,37549277,0,37646700,11582,8590071,1197987,7318817,275096,1,2048,0,2048,1,1,1
whole_batch_multiget,1082,2048,2195,90219,38390425,8466,38043594,0,38130107,9107,8542473,892233,7578194,265387,1,2048,0,2048,1,1,1
whole_batch_multiget,1083,2048,2455,133820,38857161,8686,38298242,0,38376048,9488,8410965,884790,7461184,242255,1,2048,0,2048,1,1,1
whole_batch_multiget,1084,2048,2685,77104,38408278,9137,38106462,0,38189187,9127,8666845,878868,7721102,247263,1,2048,0,2048,1,1,1
whole_batch_multiget,1085,2048,2074,76533,36408757,8045,36118754,0,36199476,9267,8688586,889128,7728956,252824,1,2048,0,2048,1,1,1
whole_batch_multiget,1086,2048,2755,81704,39215833,11371,38894160,0,38998756,8757,8517005,913754,7534863,260589,1,2048,0,2048,1,1,1
whole_batch_multiget,1087,2048,2575,79289,38737616,11010,38433616,0,38522021,10530,8531371,879109,7590778,259176,1,2048,0,2048,1,1,1
whole_batch_multiget,1088,2048,2534,100248,37216202,11652,36882537,0,36975891,11000,8768155,878217,7828092,249508,1,2048,0,2048,1,1,1
whole_batch_multiget,1089,2048,2174,94758,39869249,11602,39534120,0,39625522,9668,9842851,871084,8907287,239029,1,2048,0,2048,1,1,1
whole_batch_multiget,1090,2048,2645,81323,40570233,16751,40227611,0,40335443,8916,8994900,897223,8000757,246742,1,2048,0,2048,1,1,1
whole_batch_multiget,1091,2048,3737,85079,39396071,14267,39063487,0,39162353,10770,92856932,868649,91866395,271800,1,2048,0,2048,1,1,1
whole_batch_multiget,1092,2048,3086,84819,47677374,11742,47297871,0,47436041,9949,11268555,1251127,9779102,406453,1,2048,0,2048,1,1,1
whole_batch_multiget,1093,2048,3307,87334,48575508,13806,48234689,0,48334075,10600,10333021,1101165,9122420,244279,1,2048,0,2048,1,1,1
whole_batch_multiget,1094,2048,2494,81393,46405057,11762,46049941,0,46181007,11922,11057068,1171277,9745068,256301,1,2048,0,2048,1,1,1
whole_batch_multiget,1095,2048,3286,86773,50865313,11481,50504726,0,50608410,9738,10204159,1069656,9058821,252684,1,2048,0,2048,1,1,1
whole_batch_multiget,1096,2048,2805,85740,42820604,12604,42502137,0,42590082,9788,8950397,879730,7954840,270598,1,2048,0,2048,1,1,1
whole_batch_multiget,1097,2048,3676,82975,39965139,11602,39602728,0,39703027,10560,9242114,887214,8202785,286076,1,2048,0,2048,1,1,1
whole_batch_multiget,1098,2048,2795,140323,40318160,8736,39901699,0,40000073,10990,9387517,897824,8380578,286818,1,2048,0,2048,1,1,1
whole_batch_multiget,1099,2048,2956,137679,39593311,7935,39180988,0,39268231,9748,9233809,889088,8235667,242465,1,2048,0,2048,1,1,1
whole_batch_multiget,1100,2048,2334,82775,38582054,6051,38271291,0,38351702,7274,9423244,888476,8428228,247585,1,2048,0,2048,1,1,1
whole_batch_multiget,1101,2048,2274,83406,40030651,8686,39715861,0,39800059,9127,10257639,885601,9263635,240080,1,2048,0,2048,1,1,1
whole_batch_multiget,1102,2048,2205,82685,43378410,11382,43042400,0,43151014,7705,10521575,914845,9513202,240371,1,2048,0,2048,1,1,1
whole_batch_multiget,1103,2048,3637,82785,40236447,12984,39916087,0,40009862,11812,11547278,1060178,10257239,362960,1,2048,0,2048,1,1,1
whole_batch_multiget,1104,2048,3356,83476,40630617,11140,40308443,0,40398110,8807,10306611,879169,9315022,248105,1,2048,0,2048,1,1,1
whole_batch_multiget,1105,2048,2565,82845,44187058,11231,43781837,0,43925116,7884,9582893,1014543,8492318,246012,1,2048,0,2048,1,1,1
whole_batch_multiget,1106,2048,2194,82525,38220667,8886,37885237,0,37980135,9117,9242164,888436,8288436,266290,1,2048,0,2048,1,1,1
whole_batch_multiget,1107,2048,2695,66755,40361551,7945,40064385,0,40158421,9437,9431159,868449,8480336,229681,1,2048,0,2048,1,1,1
whole_batch_multiget,1108,2048,1863,67456,39591778,9197,39277138,0,39365293,9347,10251427,1048286,9130986,246062,1,2048,0,2048,1,1,1
whole_batch_multiget,1109,2048,2956,83687,37516756,10299,37169525,0,37266617,8356,9491522,877686,8523356,246682,1,2048,0,2048,1,1,1
whole_batch_multiget,1110,2048,3206,84298,38562488,10930,38239151,0,38329691,10770,111527490,882224,110532564,261471,1,2048,0,2048,1,1,1
whole_batch_multiget,1111,2048,2755,84228,39887552,10260,39567503,0,39652282,9988,9581360,882926,8622101,243818,1,2048,0,2048,1,1,1
whole_batch_multiget,1112,2048,2465,69621,42348689,11973,42045099,0,42136431,11051,10192447,1000085,9100078,251312,1,2048,0,2048,1,1,1
whole_batch_multiget,1113,2048,2755,68037,13293754,5600,13001856,0,13076817,6482,9392286,882205,8449157,251712,1,2048,0,2048,1,1,1
whole_batch_multiget,1114,2048,3636,156934,14110595,8486,13698613,0,13784274,9257,9614653,992421,8554685,235462,1,2048,0,2048,1,1,1
whole_batch_multiget,1115,2048,2044,70252,13326936,9488,12885949,0,12974685,11041,9370084,979978,8324593,257503,1,2048,0,2048,1,1,1
whole_batch_multiget,1116,2048,2745,199094,12960328,8937,12536062,0,12603489,8716,9593533,871595,8638943,246733,1,2048,0,2048,1,1,1
whole_batch_multiget,1117,2048,2184,81493,12858747,7293,12560558,0,12630640,9878,9226174,869260,8290480,243467,1,2048,0,2048,1,1,1
whole_batch_multiget,1118,2048,2645,82645,13142891,6131,12835795,0,12912950,6923,9690666,869040,8748368,243637,1,2048,0,2048,1,1,1
whole_batch_multiget,1119,2048,2635,80250,13124566,7293,12830926,0,12905144,11191,11323719,878618,10361023,243757,1,2048,0,2048,1,1,1
whole_batch_multiget,1120,2048,2454,81032,14547174,9588,14249867,0,14323876,9778,9604404,878588,8659381,260629,1,2048,0,2048,1,1,1
whole_batch_multiget,1121,2048,2184,66484,14379941,13155,14091409,0,14175738,11071,10911255,988313,9822353,259557,1,2048,0,2048,1,1,1
whole_batch_multiget,1122,2048,2434,70673,14849321,10320,14540481,0,14625572,10910,10398854,947527,9365235,301105,1,2048,0,2048,1,1,1
whole_batch_multiget,1123,2048,2565,84308,13913346,13175,13601350,0,13680098,10259,10746446,959650,9710022,247865,1,2048,0,2048,1,1,1
whole_batch_multiget,1124,2048,2785,90169,14641932,11671,14292997,0,14389739,14217,10821056,1120181,9615605,244468,1,2048,0,2048,1,1,1
whole_batch_multiget,1125,2048,2405,85230,15256926,15529,14925304,0,15025832,13685,11076725,1279159,9688802,245200,1,2048,0,2048,1,1,1
whole_batch_multiget,1126,2048,2295,70452,14000239,12904,13716396,0,13801947,13355,10289859,955973,9252574,243166,1,2048,0,2048,1,1,1
whole_batch_multiget,1127,2048,2575,71664,13837113,10470,13545826,0,13628101,11822,10521434,996999,9430868,235772,1,2048,0,2048,1,1,1
whole_batch_multiget,1128,2048,2364,70803,13755940,12804,13469744,0,13555274,14578,10439510,943279,9402114,240240,1,2048,0,2048,1,1,1
whole_batch_multiget,1129,2048,2434,84028,14333664,12013,14028913,0,14116156,12874,10307954,989345,9235933,237625,1,2048,0,2048,1,1,1
whole_batch_multiget,1130,2048,2484,70723,13754077,12293,13468902,0,13556216,12493,9644519,946846,8615039,239128,1,2048,0,2048,1,1,1
whole_batch_multiget,1131,2048,2295,69991,13789413,12664,13507785,0,13591092,12133,9503905,966924,8463003,240381,1,2048,0,2048,1,1,1
whole_batch_multiget,1132,2048,2103,84178,13791146,10589,13488959,0,13575281,13225,9965642,960501,8901535,237986,1,2048,0,2048,1,1,1
whole_batch_multiget,1133,2048,2184,71714,14501619,13966,14211114,0,14301534,13225,10020585,990888,8939227,235341,1,2048,0,2048,1,1,1
whole_batch_multiget,1134,2048,2475,72596,13908517,12283,13625035,0,13708632,11992,9912852,958628,8866831,237035,1,2048,0,2048,1,1,1
whole_batch_multiget,1135,2048,2344,71594,13950685,13695,13662786,0,13751782,11312,10021006,962065,8965155,238036,1,2048,0,2048,1,1,1
whole_batch_multiget,1136,2048,2244,71013,13978007,12052,13679828,0,13770698,10439,10359570,971903,9306355,235552,1,2048,0,2048,1,1,1
whole_batch_multiget,1137,2048,4789,111229,15185702,13495,14833111,0,14917258,10490,10238283,1012840,9136656,242705,1,2048,0,2048,1,1,1
whole_batch_multiget,1138,2048,1974,76183,14088634,5851,13795385,0,13872739,10340,10020114,957927,8980554,247635,1,2048,0,2048,1,1,1
whole_batch_multiget,1139,2048,2575,71514,13842032,8696,13560354,0,13632219,7935,10232312,962205,9177754,248827,1,2048,0,2048,1,1,1
whole_batch_multiget,1140,2048,2194,72255,14017341,6031,13727017,0,13803109,7043,10334854,963377,9305403,270808,1,2048,0,2048,1,1,1
whole_batch_multiget,1141,2048,2375,71284,13918135,12744,13623272,0,13708000,9558,10388996,960000,9332154,238427,1,2048,0,2048,1,1,1
whole_batch_multiget,1142,2048,2334,73147,13823778,12363,13530778,0,13615868,11381,10624587,984386,9539071,236534,1,2048,0,2048,1,1,1
whole_batch_multiget,1143,2048,2154,73248,13855217,12584,13560544,0,13651194,11211,10362335,957305,9299031,251371,1,2048,0,2048,1,1,1
whole_batch_multiget,1144,2048,2304,75321,14098853,8656,13813238,0,13890222,10791,10464848,952686,9413936,252073,1,2048,0,2048,1,1,1
whole_batch_multiget,1145,2048,2114,99096,14025827,8166,13710445,0,13791478,11201,10638053,964359,9566132,262642,1,2048,0,2048,1,1,1
whole_batch_multiget,1146,2048,2545,77265,14868076,11962,14489716,0,14655147,10189,10461601,974117,9405671,243636,1,2048,0,2048,1,1,1
whole_batch_multiget,1147,2048,2445,74950,14387215,8547,14008554,0,14099606,10239,10353860,980048,9284745,247925,1,2048,0,2048,1,1,1
whole_batch_multiget,1148,2048,2244,75551,14310340,14587,14005368,0,14092912,12634,10290671,970250,9222137,238398,1,2048,0,2048,1,1,1
whole_batch_multiget,1149,2048,2124,75692,14735017,13145,14423482,0,14515756,11913,11397327,958267,10345905,235301,1,2048,0,2048,1,1,1
whole_batch_multiget,1150,2048,2034,79680,13939695,11551,13625826,0,13711787,11691,10307532,942939,9273373,252564,1,2048,0,2048,1,1,1
whole_batch_multiget,1151,2048,2324,73267,13923545,12333,13621739,0,13707620,11551,10164694,958908,9115818,241983,1,2048,0,2048,1,1,1
whole_batch_multiget,1152,2048,2415,74119,13837734,11171,13534946,0,13619304,10279,10116625,929203,9097333,233638,1,2048,0,2048,1,1,1
whole_batch_multiget,1153,2048,2574,73178,13478260,11782,13175251,0,13259740,12183,11581823,916970,10545690,248115,1,2048,0,2048,1,1,1
whole_batch_multiget,1154,2048,2745,77045,15005434,8787,14697105,0,14773659,10980,10944717,982032,9861216,248887,1,2048,0,2048,1,1,1
whole_batch_multiget,1155,2048,2244,75551,14612286,10800,14270345,0,14350876,10560,9913384,929033,8904191,294883,1,2048,0,2048,1,1,1
whole_batch_multiget,1156,2048,3126,96761,13566936,11040,13225847,0,13300967,9458,10012129,915958,9018555,257903,1,2048,0,2048,1,1,1
whole_batch_multiget,1157,2048,2204,92343,13513787,9638,13163930,0,13244912,9818,9849423,898174,8866840,249638,1,2048,0,2048,1,1,1
whole_batch_multiget,1158,2048,2285,90940,13277713,10209,12951101,0,13025020,8406,9804580,906691,8819451,247785,1,2048,0,2048,1,1,1
whole_batch_multiget,1159,2048,2144,91321,13362963,9588,13024359,0,13104840,10320,10166508,889679,9060042,406051,1,2048,0,2048,1,1,1
whole_batch_multiget,1160,2048,5290,112732,14554008,15189,14168824,0,14252412,11201,9784692,886082,8824932,249117,1,2048,0,2048,1,1,1
whole_batch_multiget,1161,2048,2345,88967,13197824,8586,12868547,0,12945570,10039,9776797,891101,8807640,238567,1,2048,0,2048,1,1,1
whole_batch_multiget,1162,2048,2565,85851,13098627,5841,12779699,0,12851574,6112,9879661,884109,8929648,236613,1,2048,0,2048,1,1,1
whole_batch_multiget,1163,2048,2445,86382,13066467,9518,12741057,0,12816238,9208,9805711,879630,8839630,267472,1,2048,0,2048,1,1,1
whole_batch_multiget,1164,2048,2736,89879,13119597,9308,12795289,0,12869118,9157,9726634,877415,8779417,242474,1,2048,0,2048,1,1,1
whole_batch_multiget,1165,2048,1853,84839,13095251,8206,12775091,0,12846896,8405,9910458,879359,8952782,245460,1,2048,0,2048,1,1,1
whole_batch_multiget,1166,2048,1823,87554,13094690,6192,12774229,0,12845283,6332,9870453,876995,8916734,243167,1,2048,0,2048,1,1,1
whole_batch_multiget,1167,2048,2515,87264,13115199,6192,12792663,0,12866432,6472,9729639,871144,8767304,250690,1,2048,0,2048,1,1,1
whole_batch_multiget,1168,2048,2344,95249,13438766,7244,13092536,0,13168759,6692,10111795,867497,9175670,253205,1,2048,0,2048,1,1,1
whole_batch_multiget,1169,2048,2073,86532,13185521,5741,12861883,0,12939089,6602,10214047,881714,9246072,251171,1,2048,0,2048,1,1,1
whole_batch_multiget,1170,2048,2254,88536,13086074,7424,12767076,0,12839061,9899,10256226,896812,9282580,241493,1,2048,0,2048,1,1,1
whole_batch_multiget,1171,2048,2465,91382,13208264,10911,12880008,0,12961411,9948,11035458,880131,10042065,277150,1,2048,0,2048,1,1,1
whole_batch_multiget,1172,2048,2655,88305,13857632,7915,13521581,0,13606520,9307,10310438,888407,9336772,321643,1,2048,0,2048,1,1,1
whole_batch_multiget,1173,2048,2875,84448,15278807,14898,14937346,0,15035380,12414,12092260,1149446,10834161,230873,1,2048,0,2048,1,1,1
whole_batch_multiget,1174,2048,2585,90179,13494741,10099,13162076,0,13242027,10069,10481789,893215,9486212,229461,1,2048,0,2048,1,1,1
whole_batch_multiget,1175,2048,2134,89248,13572326,9759,13245723,0,13324812,10360,10607095,888006,9647254,245851,1,2048,0,2048,1,1,1
whole_batch_multiget,1176,2048,2555,94147,13606771,10900,13258077,0,13339569,9848,11167896,875542,10181967,248507,1,2048,0,2048,1,1,1
whole_batch_multiget,1177,2048,2104,89568,13781138,10970,13440299,0,13521300,9087,10401669,872056,9431029,246632,1,2048,0,2048,1,1,1
whole_batch_multiget,1178,2048,4077,102142,13216108,12484,12866492,0,12950490,9507,10602435,895920,9607159,243316,1,2048,0,2048,1,1,1
whole_batch_multiget,1179,2048,2444,92904,13830521,10189,13496003,0,13577075,9828,10551140,882415,9563777,247865,1,2048,0,2048,1,1,1
whole_batch_multiget,1180,2048,2244,89548,13565613,9808,13172836,0,13267764,11632,11555784,952456,10516595,246963,1,2048,0,2048,1,1,1
whole_batch_multiget,1181,2048,3246,128251,13597233,11682,13190790,0,13272264,10350,12158064,882605,11165562,238026,1,2048,0,2048,1,1,1
whole_batch_multiget,1182,2048,2295,88476,15728661,11241,15394604,0,15478201,11601,21701553,950393,20632478,265989,1,2048,0,2048,1,1,1
whole_batch_multiget,1183,2048,3206,115316,14206395,12554,13827154,0,13926801,10209,10894613,880401,9911470,230151,1,2048,0,2048,1,1,1
whole_batch_multiget,1184,2048,2354,86823,15225246,8676,14909224,0,14993121,10890,11437482,1072441,10256788,255880,1,2048,0,2048,1,1,1
whole_batch_multiget,1185,2048,2144,86713,13727247,9378,13407046,0,13490663,10269,10423460,881674,9453892,253165,1,2048,0,2048,1,1,1
whole_batch_multiget,1186,2048,3717,98715,13490603,11412,13140025,0,13238250,9528,11102233,892775,10098871,243808,1,2048,0,2048,1,1,1
whole_batch_multiget,1187,2048,2474,100398,13862570,9217,13524707,0,13610438,8727,10923317,879018,9942317,245841,1,2048,0,2048,1,1,1
whole_batch_multiget,1188,2048,2555,88436,13822024,9608,13501474,0,13586062,10279,10797722,893205,9814357,262603,1,2048,0,2048,1,1,1
whole_batch_multiget,1189,2048,2515,151594,13556406,13906,13161726,0,13250652,11401,11261252,924013,10236209,241192,1,2048,0,2048,1,1,1
whole_batch_multiget,1190,2048,2534,89588,13848514,10319,13524126,0,13608654,10480,10924340,900348,9915827,241142,1,2048,0,2048,1,1,1
whole_batch_multiget,1191,2048,2224,85059,13747234,9789,13427144,0,13512645,10169,10604249,891702,9636353,239470,1,2048,0,2048,1,1,1
whole_batch_multiget,1192,2048,3076,93265,13718110,12323,13393190,0,13478821,9979,11778381,887285,10777624,240261,1,2048,0,2048,1,1,1
whole_batch_multiget,1193,2048,2445,85731,13839838,12704,13520830,0,13608404,11021,11110098,880942,10117807,241483,1,2048,0,2048,1,1,1
whole_batch_multiget,1194,2048,2294,91512,13731094,10540,13404181,0,13490022,10870,10684199,891082,9716664,243888,1,2048,0,2048,1,1,1
whole_batch_multiget,1195,2048,2805,88346,13844587,12363,13521090,0,13607512,10400,11440277,887244,10440953,240881,1,2048,0,2048,1,1,1
whole_batch_multiget,1196,2048,2164,87103,14039713,11000,13723009,0,13807767,11191,11329409,889668,10327240,243176,1,2048,0,2048,1,1,1
whole_batch_multiget,1197,2048,8446,83036,13882368,11161,13545125,0,13641857,11251,6391148,994997,5330929,247815,1,2048,0,2048,1,1,1
whole_batch_multiget,1198,2048,2495,85450,14915124,11101,14592480,0,14683000,10160,6574811,893546,5615813,261741,1,2048,0,2048,1,1,1
whole_batch_multiget,1199,2048,2676,88456,14875971,12664,14547836,0,14639638,9799,6873152,932138,5828161,244899,1,2048,0,2048,1,1,1
whole_batch_multiget,1200,2048,2504,83967,15404733,10680,15082910,0,15171936,10349,7118481,909947,6149634,253346,1,2048,0,2048,1,1,1
whole_batch_multiget,1201,2048,2635,86292,16011972,12403,15510451,0,15630827,12524,9372028,1088572,8165886,243988,1,2048,0,2048,1,1,1
whole_batch_multiget,1202,2048,2866,73338,20059373,10119,19762466,0,19857054,12162,8436483,1075307,7254717,250600,1,2048,0,2048,1,1,1
whole_batch_multiget,1203,2048,2314,84980,15332948,9107,15004271,0,15099620,9788,9093175,891262,8141820,247193,1,2048,0,2048,1,1,1
whole_batch_multiget,1204,2048,2214,91241,15469003,12293,15127383,0,15220638,10720,7635901,909696,6616089,249077,1,2048,0,2048,1,1,1
whole_batch_multiget,1205,2048,2665,85681,15655915,9979,15330003,0,15420082,10399,7241251,893145,6274348,260349,1,2048,0,2048,1,1,1
whole_batch_multiget,1206,2048,3416,98835,15248960,11030,14899115,0,14992740,10269,7918822,901050,6913387,280697,1,2048,0,2048,1,1,1
whole_batch_multiget,1207,2048,2424,94206,15716657,11251,15372152,0,15466589,10449,7831809,899827,6842745,256842,1,2048,0,2048,1,1,1
whole_batch_multiget,1208,2048,4308,121338,15838987,24045,15429078,0,15538985,11932,8021435,1021656,6928024,243186,1,2048,0,2048,1,1,1
whole_batch_multiget,1209,2048,2334,88777,15562369,7665,15243170,0,15321627,10069,20382710,892974,19394756,248797,1,2048,0,2048,1,1,1
whole_batch_multiget,1210,2048,2675,90851,19218756,6793,18889749,0,18971012,6822,7916588,891312,6972979,266440,1,2048,0,2048,1,1,1
whole_batch_multiget,1211,2048,2184,69351,17777443,10290,17484534,0,17575024,11752,7784170,895950,6822847,227747,1,2048,0,2048,1,1,1
whole_batch_multiget,1212,2048,2605,70582,17402790,7324,17108979,0,17194260,7123,7754855,875993,6819961,230963,1,2048,0,2048,1,1,1
whole_batch_multiget,1213,2048,2665,87124,17158753,8516,16830507,0,16916408,6382,8014582,895650,7063578,246453,1,2048,0,2048,1,1,1
whole_batch_multiget,1214,2048,2184,84589,17176526,7935,16850495,0,16937147,10790,7683602,873107,6748518,245370,1,2048,0,2048,1,1,1
whole_batch_multiget,1215,2048,2094,85270,17204328,5861,16883737,0,16964038,6372,7922249,880090,6987195,238637,1,2048,0,2048,1,1,1
whole_batch_multiget,1216,2048,2335,89077,17496025,7715,17160687,0,17248471,9978,7982091,908143,7011351,289984,1,2048,0,2048,1,1,1
whole_batch_multiget,1217,2048,2194,87033,17316379,5871,16981120,0,17067291,7013,8156608,891552,7196508,242084,1,2048,0,2048,1,1,1
whole_batch_multiget,1218,2048,3697,141726,17381631,9428,16988664,0,17072612,10760,8125250,1016657,7035566,72336,1,2048,0,2048,1,1,1
whole_batch_multiget,1219,2048,1363,75051,16962585,7675,16635912,0,16719108,9648,8612504,1015104,7518632,53030,1,2048,0,2048,1,1,1
whole_batch_multiget,1220,2048,1012,75933,18276049,9197,17966688,0,18057448,11181,8664601,1012620,7584194,60413,1,2048,0,2048,1,1,1
whole_batch_multiget,1221,2048,1072,75832,17527284,8716,17213716,0,17300519,10019,8393333,1009123,7326051,56416,1,2048,0,2048,1,1,1
whole_batch_multiget,1222,2048,1042,75031,17165425,7003,16840005,0,16924754,8295,8440420,1009453,7371766,58670,1,2048,0,2048,1,1,1
whole_batch_multiget,1223,2048,932,72846,18792246,8816,18408667,0,18515267,13705,8593968,1039029,7483456,268644,1,2048,0,2048,1,1,1
whole_batch_multiget,1224,2048,2034,74931,17417478,9007,17114951,0,17200120,10680,8581736,1009123,7500358,57638,1,2048,0,2048,1,1,1
whole_batch_multiget,1225,2048,1292,73217,17137042,8917,16836889,0,16925466,10810,8448646,1002840,7380893,50735,1,2048,0,2048,1,1,1
whole_batch_multiget,1226,2048,1293,72225,17386640,9308,17068153,0,17151920,11361,8981876,1014903,7892514,56465,1,2048,0,2048,1,1,1
whole_batch_multiget,1227,2048,3497,263034,17852995,7744,17342928,0,17430653,10760,8675352,870893,7735799,242264,1,2048,0,2048,1,1,1
whole_batch_multiget,1228,2048,2114,89237,17525671,9849,17204739,0,17289028,9588,8618054,883176,7677179,243457,1,2048,0,2048,1,1,1
whole_batch_multiget,1229,2048,2735,86663,17529438,9478,17218695,0,17296852,10069,8804243,874590,7868938,251782,1,2048,0,2048,1,1,1
whole_batch_multiget,1230,2048,2244,85380,17590332,8145,17237640,0,17325425,9799,8930801,928120,7929112,249538,1,2048,0,2048,1,1,1
whole_batch_multiget,1231,2048,2184,85501,17369949,8285,17057573,0,17133144,9238,9279324,876474,8310777,246272,1,2048,0,2048,1,1,1
whole_batch_multiget,1232,2048,2325,86933,17529308,7905,17212454,0,17292012,8977,8753789,887555,7807073,245490,1,2048,0,2048,1,1,1
whole_batch_multiget,1233,2048,1914,83837,17660123,8175,17335554,0,17426605,10309,8932333,892294,7970599,236053,1,2048,0,2048,1,1,1
whole_batch_multiget,1234,2048,2705,158257,17977999,7054,17451753,0,17530891,6783,8608796,895821,7647213,253586,1,2048,0,2048,1,1,1
whole_batch_multiget,1235,2048,2204,83406,17286974,7895,16994835,0,17073362,10219,8591173,886002,7646392,256091,1,2048,0,2048,1,1,1
whole_batch_multiget,1236,2048,2425,115377,17667367,7023,17324343,0,17398793,6532,8820083,883717,7880551,240251,1,2048,0,2048,1,1,1
whole_batch_multiget,1237,2048,2314,76964,17576837,7965,17290760,0,17367304,9958,9272080,911029,8267637,246121,1,2048,0,2048,1,1,1
whole_batch_multiget,1238,2048,2134,77546,17451512,6642,17163892,0,17237610,6833,9961053,882155,9008506,246292,1,2048,0,2048,1,1,1
whole_batch_multiget,1239,2048,2575,78187,17425633,7394,17126051,0,17212183,9729,8892689,875752,7954329,259918,1,2048,0,2048,1,1,1
whole_batch_multiget,1240,2048,2144,84408,17345823,8236,17043878,0,17125360,9949,8754811,896371,7790301,244038,1,2048,0,2048,1,1,1
whole_batch_multiget,1241,2048,2304,79549,18843913,6492,18550773,0,18626416,7034,8837095,881524,7887373,246803,1,2048,0,2048,1,1,1
whole_batch_multiget,1242,2048,2144,79620,17812259,8155,17518387,0,17595422,9948,8676994,886914,7722033,290094,1,2048,0,2048,1,1,1
whole_batch_multiget,1243,2048,2424,79348,17680452,6021,17389065,0,17465058,6522,8592155,879620,7657342,242676,1,2048,0,2048,1,1,1
whole_batch_multiget,1244,2048,2354,83707,17652308,6001,17338029,0,17414843,7494,9049102,876364,8093080,240521,1,2048,0,2048,1,1,1
whole_batch_multiget,1245,2048,2374,80882,17786580,9167,17484453,0,17564634,9998,8873232,889308,7908493,243136,1,2048,0,2048,1,1,1
whole_batch_multiget,1246,2048,2134,80180,17606663,5921,17307692,0,17385478,6422,8968481,878257,8026164,244870,1,2048,0,2048,1,1,1
whole_batch_multiget,1247,2048,2124,117019,17802190,9928,17430573,0,17515692,11091,8858415,884819,7905257,239028,1,2048,0,2048,1,1,1
whole_batch_multiget,1248,2048,2064,82525,18060504,7985,17736737,0,17817238,10931,9099427,867407,8153002,268834,1,2048,0,2048,1,1,1
whole_batch_multiget,1249,2048,2375,81303,17736597,6011,17426194,0,17501014,6342,8965506,876674,8019662,240962,1,2048,0,2048,1,1,1
whole_batch_multiget,1250,2048,1984,80391,17781811,8326,17451993,0,17542553,10450,9230844,890571,8247970,249949,1,2048,0,2048,1,1,1
whole_batch_multiget,1251,2048,2755,83507,18367830,8476,18029265,0,18123232,10370,9513434,911269,8519349,251692,1,2048,0,2048,1,1,1
whole_batch_multiget,1252,2048,2335,80811,18185488,8717,17875487,0,17954195,9488,9248076,905188,8270232,248676,1,2048,0,2048,1,1,1
whole_batch_multiget,1253,2048,1984,84118,18251883,6001,17947442,0,18023975,6352,9279595,1030573,8183930,247374,1,2048,0,2048,1,1,1
whole_batch_multiget,1254,2048,1914,81453,18081273,6392,17780378,0,17854708,6542,18774684,898335,17777012,238527,1,2048,0,2048,1,1,1
whole_batch_multiget,1255,2048,2384,85170,18151455,7935,17813411,0,17903039,10890,9222347,903946,8249813,240932,1,2048,0,2048,1,1,1
whole_batch_multiget,1256,2048,2685,82434,18171572,6121,17865098,0,17946811,7204,9199685,902032,8218174,242114,1,2048,0,2048,1,1,1
whole_batch_multiget,1257,2048,2876,80180,18173426,6573,17870398,0,17952802,7023,9129544,879540,8174372,236253,1,2048,0,2048,1,1,1
whole_batch_multiget,1258,2048,2114,88416,18131717,6493,17788244,0,17896747,9739,9087624,894798,8123006,233438,1,2048,0,2048,1,1,1
whole_batch_multiget,1259,2048,2385,86112,17819171,6743,17500914,0,17590392,6883,9550502,879810,8580955,238938,1,2048,0,2048,1,1,1
whole_batch_multiget,1260,2048,2605,83757,17767525,8075,17452514,0,17542342,10650,9257283,879629,8292784,253175,1,2048,0,2048,1,1,1
whole_batch_multiget,1261,2048,2204,79900,19376853,5761,19076630,0,19157622,7183,9540093,892534,8561578,243036,1,2048,0,2048,1,1,1
whole_batch_multiget,1262,2048,2425,100108,18053360,6442,17701842,0,17784857,6392,9324118,886733,8359639,243176,1,2048,0,2048,1,1,1
whole_batch_multiget,1263,2048,2715,79449,18047430,5951,17745584,0,17828790,6713,9317686,885010,8367654,249709,1,2048,0,2048,1,1,1
whole_batch_multiget,1264,2048,2816,78697,18114455,7805,17809083,0,17897178,9778,9403667,873388,8463243,244309,1,2048,0,2048,1,1,1
whole_batch_multiget,1265,2048,2454,78728,17985053,7925,17681974,0,17767394,10179,10345173,881514,9390222,244298,1,2048,0,2048,1,1,1
whole_batch_multiget,1266,2048,2174,78818,18286408,6202,17988379,0,18070694,7044,9383730,873679,8435492,246553,1,2048,0,2048,1,1,1
whole_batch_multiget,1267,2048,2465,78738,18248086,6352,17946190,0,18026631,6432,9317977,874220,8368496,239148,1,2048,0,2048,1,1,1
whole_batch_multiget,1268,2048,2505,79690,18262864,8386,17955717,0,18042350,10039,9387046,865283,8451371,244539,1,2048,0,2048,1,1,1
whole_batch_multiget,1269,2048,2164,124203,18203993,8676,17825513,0,17912757,6823,9612620,887484,8652108,244769,1,2048,0,2048,1,1,1
whole_batch_multiget,1270,2048,2104,78828,18038984,7484,17729013,0,17811697,9979,9663234,871114,8704215,249799,1,2048,0,2048,1,1,1
whole_batch_multiget,1271,2048,2455,79630,18168246,6121,17844068,0,17939567,7704,9642525,899768,8651036,243547,1,2048,0,2048,1,1,1
whole_batch_multiget,1272,2048,2194,81483,17969072,8837,17660674,0,17744071,9087,9625854,868629,8691843,253325,1,2048,0,2048,1,1,1
whole_batch_multiget,1273,2048,2615,82545,18186200,9438,17868704,0,17957501,10019,9500659,876925,8554305,254929,1,2048,0,2048,1,1,1
whole_batch_multiget,1274,2048,2004,84047,18078648,6001,17762986,0,17849017,7554,9573405,893786,8607705,244679,1,2048,0,2048,1,1,1
whole_batch_multiget,1275,2048,2315,85230,18264316,7133,17951349,0,18027361,6923,9818095,879419,8859426,242906,1,2048,0,2048,1,1,1
whole_batch_multiget,1276,2048,2154,81143,18379352,8085,18072025,0,18151765,10039,10394476,878428,8991234,258155,1,2048,0,2048,1,1,1
whole_batch_multiget,1277,2048,2355,84328,18793950,8836,18471966,0,18554651,10570,9675517,894959,8698354,291166,1,2048,0,2048,1,1,1
whole_batch_multiget,1278,2048,3697,101140,19092941,9297,18736612,0,18818175,6783,9672451,885060,8718713,254296,1,2048,0,2048,1,1,1
whole_batch_multiget,1279,2048,2294,87374,19060369,8306,18714251,0,18803137,9488,9997131,1002039,8917245,274425,1,2048,0,2048,1,1,1
whole_batch_multiget,1280,2048,2084,95530,18640151,6372,18304612,0,18383540,7063,10341436,894648,9339667,255659,1,2048,0,2048,1,1,1
whole_batch_multiget,1281,2048,2294,82745,19234686,55133,18726253,0,18868128,7604,10787242,959529,9722845,255269,1,2048,0,2048,1,1,1
whole_batch_multiget,1282,2048,2545,83356,18719140,7775,18372178,0,18449935,10069,10271545,880722,9289333,250219,1,2048,0,2048,1,1,1
whole_batch_multiget,1283,2048,2134,85079,18734458,8876,18376958,0,18460804,9858,10306751,891282,9304612,251762,1,2048,0,2048,1,1,1
whole_batch_multiget,1284,2048,2314,85591,18587582,8777,18233989,0,18314681,9688,10222563,882475,9228920,255269,1,2048,0,2048,1,1,1
whole_batch_multiget,1285,2048,4649,105357,18779673,11592,18423996,0,18512993,10360,10137394,886192,9174107,311745,1,2048,0,2048,1,1,1
whole_batch_multiget,1286,2048,2795,75231,19249895,10560,18949171,0,19033980,11672,10088292,882786,9135565,237185,1,2048,0,2048,1,1,1
whole_batch_multiget,1287,2048,2004,70262,19639666,12072,19319125,0,19417739,12413,9853962,938440,8837325,233488,1,2048,0,2048,1,1,1
whole_batch_multiget,1288,2048,2234,71764,18981602,12885,18664156,0,18752733,12984,10009253,905378,8992446,246122,1,2048,0,2048,1,1,1
whole_batch_multiget,1289,2048,2444,75211,20345911,12674,20038834,0,20126309,10600,10394405,1184622,9106730,245100,1,2048,0,2048,1,1,1
whole_batch_multiget,1290,2048,2565,84458,18576532,9158,18251442,0,18331192,10199,10105594,884249,9115196,246833,1,2048,0,2048,1,1,1
whole_batch_multiget,1291,2048,2665,86402,18943039,9138,18585047,0,18666301,9758,10154466,884549,9168687,248456,1,2048,0,2048,1,1,1
whole_batch_multiget,1292,2048,2315,94096,19546832,13936,19189181,0,19273389,10099,11774354,888396,10781773,241373,1,2048,0,2048,1,1,1
whole_batch_multiget,1293,2048,2234,85390,18581361,8917,18250841,0,18331112,9988,9909275,877866,8935760,256922,1,2048,0,2048,1,1,1
whole_batch_multiget,1294,2048,3928,97744,18808457,11191,18457790,0,18541927,10219,9958438,884148,9004930,247084,1,2048,0,2048,1,1,1
whole_batch_multiget,1295,2048,2274,90761,18964981,10119,18595587,0,18691047,11431,10984993,1066870,9844835,252153,1,2048,0,2048,1,1,1
whole_batch_multiget,1296,2048,1933,85470,21277517,10280,20930056,0,21029814,13305,10633955,1051793,9504597,238888,1,2048,0,2048,1,1,1
whole_batch_multiget,1297,2048,2345,125936,21136413,14547,20707268,0,20812986,10920,10679219,943841,9652684,244538,1,2048,0,2048,1,1,1
whole_batch_multiget,1298,2048,3877,135865,18664487,8335,18229231,0,18325551,8977,10079605,911539,9097863,243868,1,2048,0,2048,1,1,1
whole_batch_multiget,1299,2048,2094,86523,18430278,9147,18060865,0,18158638,9598,10944157,898426,9946746,240942,1,2048,0,2048,1,1,1
whole_batch_multiget,1300,2048,2094,85580,18508765,8977,18167675,0,18253556,10369,10777203,868409,9802435,276289,1,2048,0,2048,1,1,1
whole_batch_multiget,1301,2048,2044,85020,19001840,9448,18667933,0,18754326,10199,10229696,875342,9245150,245380,1,2048,0,2048,1,1,1
whole_batch_multiget,1302,2048,2524,85140,18806443,8166,18473118,0,18558368,9337,10136492,875011,9156203,256301,1,2048,0,2048,1,1,1
whole_batch_multiget,1303,2048,2284,91251,18687710,9137,18343976,0,18434355,10089,9796183,877616,8822698,299993,1,2048,0,2048,1,1,1
whole_batch_multiget,1304,2048,3697,101962,18958619,11090,18603532,0,18695104,10299,10059688,881313,9106319,291006,1,2048,0,2048,1,1,1
whole_batch_multiget,1305,2048,2865,84729,19876821,13546,19542514,0,19633705,10249,10151981,902974,9179256,248326,1,2048,0,2048,1,1,1
whole_batch_multiget,1306,2048,3136,125195,18899848,11181,18445005,0,18543670,13054,10526654,959650,9484318,242234,1,2048,0,2048,1,1,1
whole_batch_multiget,1307,2048,2224,86863,18976482,9498,18603472,0,18700965,11392,11267373,891773,10270784,245821,1,2048,0,2048,1,1,1
whole_batch_multiget,1308,2048,2214,86372,18726513,9598,18388739,0,18475111,10210,10491348,894538,9490460,242395,1,2048,0,2048,1,1,1
whole_batch_multiget,1309,2048,2815,83587,18277090,9348,17948224,0,18034826,10219,10052224,869451,9096631,251602,1,2048,0,2048,1,1,1
whole_batch_multiget,1310,2048,2374,91661,18557096,8045,18224021,0,18308259,9818,9799139,880581,8837706,244970,1,2048,0,2048,1,1,1
whole_batch_multiget,1311,2048,2264,84138,18298330,5911,17975064,0,18055755,6823,10211513,876985,9250240,254958,1,2048,0,2048,1,1,1
whole_batch_multiget,1312,2048,2565,83667,18293511,8747,17949767,0,18033243,9217,10311159,867327,9371877,243958,1,2048,0,2048,1,1,1
whole_batch_multiget,1313,2048,2185,114855,18181040,9848,17823089,0,17907887,9498,10422478,899557,9441799,242275,1,2048,0,2048,1,1,1
whole_batch_multiget,1314,2048,2374,93495,18349045,9107,18009819,0,18093406,10370,10060459,889889,9093366,238969,1,2048,0,2048,1,1,1
whole_batch_multiget,1315,2048,2295,86582,18352632,9158,18012914,0,18105539,10751,10105665,895881,9123742,255830,1,2048,0,2048,1,1,1
whole_batch_multiget,1316,2048,2334,85581,18298771,9227,17963462,0,18048722,9087,10246178,869430,9287430,243337,1,2048,0,2048,1,1,1
whole_batch_multiget,1317,2048,2174,86072,18847450,8987,18514295,0,18609974,9789,10402822,866095,9441428,244188,1,2048,0,2048,1,1,1
whole_batch_multiget,1318,2048,2254,84609,18240452,9788,17923477,0,18006583,9658,11075443,873388,10121624,280256,1,2048,0,2048,1,1,1
whole_batch_multiget,1319,2048,2866,89177,18482626,9458,18148278,0,18242686,10349,9848401,881684,8887880,247023,1,2048,0,2048,1,1,1
whole_batch_multiget,1320,2048,2595,85902,18490881,9388,18174868,0,18255790,9638,9969048,875492,9015940,236944,1,2048,0,2048,1,1,1
whole_batch_multiget,1321,2048,2525,88726,19224096,9768,18899768,0,18984978,9157,9933882,875652,8973661,272140,1,2048,0,2048,1,1,1
whole_batch_multiget,1322,2048,2795,70873,19376442,11191,19064296,0,19160537,9949,10222644,863970,9266039,245490,1,2048,0,2048,1,1,1
whole_batch_multiget,1323,2048,2123,84719,18210074,9467,17891688,0,17976245,10079,10180905,875903,9219001,247514,1,2048,0,2048,1,1,1
whole_batch_multiget,1324,2048,1984,90419,18324529,8005,17994791,0,18080882,11041,10083603,872246,9114746,258575,1,2048,0,2048,1,1,1
whole_batch_multiget,1325,2048,2444,87715,18553799,8506,18225072,0,18311134,10079,10057364,873018,9109956,282470,1,2048,0,2048,1,1,1
whole_batch_multiget,1326,2048,2344,89869,18431480,8015,18108945,0,18189947,6182,9964580,890660,9005120,245240,1,2048,0,2048,1,1,1
whole_batch_multiget,1327,2048,2084,84258,18573847,6192,18262923,0,18340028,6422,10099313,872546,9147407,252854,1,2048,0,2048,1,1,1
whole_batch_multiget,1328,2048,2465,84429,19244315,5710,18853862,0,18996088,16130,11017143,1229486,9685215,236835,1,2048,0,2048,1,1,1
whole_batch_multiget,1329,2048,2344,89568,20143100,11431,19728803,0,19892029,8846,10246237,892764,9265267,243987,1,2048,0,2048,1,1,1
whole_batch_multiget,1330,2048,2595,84338,19111125,7564,18763883,0,18844665,12443,10389446,886332,9414027,268864,1,2048,0,2048,1,1,1
whole_batch_multiget,1331,2048,2074,85781,18708910,6352,18393248,0,18469271,6843,10210451,871635,9255099,244969,1,2048,0,2048,1,1,1
whole_batch_multiget,1332,2048,2324,85110,18522100,6032,18202751,0,18283973,6652,10125691,891121,9159650,252524,1,2048,0,2048,1,1,1
whole_batch_multiget,1333,2048,2655,87755,18519244,8496,18200747,0,18279264,9517,10130049,892945,9162625,257664,1,2048,0,2048,1,1,1
whole_batch_multiget,1334,2048,2565,86533,18717937,9909,18388919,0,18470703,10570,10174804,876694,9222498,255910,1,2048,0,2048,1,1,1
whole_batch_multiget,1335,2048,2254,84579,18511700,7153,18199404,0,18274666,9728,10390618,890841,9416101,242655,1,2048,0,2048,1,1,1
whole_batch_multiget,1336,2048,2645,86172,18589927,8496,18268464,0,18350908,9838,10911205,890631,9930556,282320,1,2048,0,2048,1,1,1
whole_batch_multiget,1337,2048,3126,83476,18580138,8706,18249949,0,18332484,10770,6088560,885240,5143557,262993,1,2048,0,2048,1,1,1
whole_batch_multiget,1338,2048,2655,87253,19485436,8897,19162000,0,19236159,10220,6354619,889208,5407692,242695,1,2048,0,2048,1,1,1
whole_batch_multiget,1339,2048,2565,83266,19896227,8325,19576287,0,19658541,9859,6612172,917000,5636522,248727,1,2048,0,2048,1,1,1
whole_batch_multiget,1340,2048,2825,86092,20169319,7995,19851584,0,19927726,10490,6801416,909777,5828331,246703,1,2048,0,2048,1,1,1
whole_batch_multiget,1341,2048,2344,71153,20735161,9147,20411614,0,20493768,10189,7759844,1061211,6630105,271750,1,2048,0,2048,1,1,1
whole_batch_multiget,1342,2048,3025,72365,19873484,13245,19566058,0,19652119,9638,6817407,897082,5860052,235432,1,2048,0,2048,1,1,1
whole_batch_multiget,1343,2048,2395,89678,20016012,9168,19682376,0,19766454,10359,6949945,890710,6001457,275006,1,2048,0,2048,1,1,1
whole_batch_multiget,1344,2048,2284,85350,20032713,5981,19719916,0,19796179,7133,8032576,894157,7065632,243046,1,2048,0,2048,1,1,1
whole_batch_multiget,1345,2048,2244,85941,23669865,7033,23340076,0,23429203,7865,9274695,1071690,8123836,243146,1,2048,0,2048,1,1,1
whole_batch_multiget,1346,2048,2215,87153,24064545,10099,23731149,0,23820187,11151,44077481,1083082,42892067,249127,1,2048,0,2048,1,1,1
whole_batch_multiget,1347,2048,2504,87775,23750356,10099,23411761,0,23498404,7735,7435947,874701,6506754,242745,1,2048,0,2048,1,1,1
whole_batch_multiget,1348,2048,2184,84268,22611259,8415,22281601,0,22364456,9388,7429163,870894,6501624,276137,1,2048,0,2048,1,1,1
whole_batch_multiget,1349,2048,2255,82896,26059306,8956,25734547,0,25819166,10900,8160496,970240,7124703,229119,1,2048,0,2048,1,1,1
whole_batch_multiget,1350,2048,2234,85421,26628434,8897,26299788,0,26389055,12113,8615900,1081608,7457748,257463,1,2048,0,2048,1,1,1
whole_batch_multiget,1351,2048,2465,69460,24993427,9508,24684648,0,24768986,10540,9036759,985068,7949239,244589,1,2048,0,2048,1,1,1
whole_batch_multiget,1352,2048,2114,72416,26557470,10710,26251536,0,26332669,17522,9101380,1189972,7838011,232015,1,2048,0,2048,1,1,1
whole_batch_multiget,1353,2048,2324,70803,26382733,11462,26076960,0,26168722,9107,8021425,900158,7060884,253185,1,2048,0,2048,1,1,1
whole_batch_multiget,1354,2048,2044,86242,24682233,9969,24358306,0,24444568,11100,8214256,900509,7254517,247545,1,2048,0,2048,1,1,1
whole_batch_multiget,1355,2048,2004,136536,24055217,11241,23651470,0,23731310,9448,7996188,876333,7063859,240371,1,2048,0,2048,1,1,1
whole_batch_multiget,1356,2048,2615,88115,23544470,9828,23226343,0,23304680,9498,7914905,878678,6978579,246663,1,2048,0,2048,1,1,1
whole_batch_multiget,1357,2048,2364,84268,25973765,9678,25647744,0,25735479,9197,8346795,954931,7333925,263083,1,2048,0,2048,1,1,1
whole_batch_multiget,1358,2048,2615,68849,26336296,7194,26039870,0,26124209,7584,8825393,1014703,7744876,244779,1,2048,0,2048,1,1,1
whole_batch_multiget,1359,2048,2375,69090,27304882,8757,27001914,0,27082466,9918,8330344,924665,7342722,246823,1,2048,0,2048,1,1,1
whole_batch_multiget,1360,2048,2344,72226,24527814,10500,24216730,0,24305847,9708,8297252,921448,7312706,236464,1,2048,0,2048,1,1,1
whole_batch_multiget,1361,2048,2384,127439,24636909,10870,24136981,0,24217351,12473,8473372,922641,7479688,238588,1,2048,0,2048,1,1,1
whole_batch_multiget,1362,2048,2234,83015,24082659,9728,23789910,0,23876252,11421,8696541,916048,7706334,308148,1,2048,0,2048,1,1,1
whole_batch_multiget,1363,2048,3016,65442,24237188,8436,23969627,0,24053044,9638,8427236,897764,7460272,255940,1,2048,0,2048,1,1,1
whole_batch_multiget,1364,2048,2175,63820,24097587,10129,23828402,0,23914443,12203,8428208,895159,7461495,235492,1,2048,0,2048,1,1,1
whole_batch_multiget,1365,2048,2204,64440,23658202,10409,23391463,0,23475680,11161,8989991,889168,8006788,251041,1,2048,0,2048,1,1,1
whole_batch_multiget,1366,2048,2174,86332,24066318,9368,23756768,0,23838181,17473,8532774,889799,7570409,240562,1,2048,0,2048,1,1,1
whole_batch_multiget,1367,2048,2935,79278,23667279,8526,23372778,0,23452067,9928,12914351,879459,11969831,240370,1,2048,0,2048,1,1,1
whole_batch_multiget,1368,2048,2344,84598,24438466,8796,24086827,0,24198847,12694,9970941,1356214,8547692,248766,1,2048,0,2048,1,1,1
whole_batch_multiget,1369,2048,2845,80481,24493930,8566,24191984,0,24272345,10640,8723522,886863,7777037,268123,1,2048,0,2048,1,1,1
whole_batch_multiget,1370,2048,2605,65593,24668277,12864,24392089,0,24477890,11712,8607775,881483,7656831,248997,1,2048,0,2048,1,1,1
whole_batch_multiget,1371,2048,2484,67687,24898308,10329,24615408,0,24699586,9858,8833437,869331,7871633,293250,1,2048,0,2048,1,1,1
whole_batch_multiget,1372,2048,2635,75512,24017768,8886,23726842,0,23813784,8335,8838507,878788,7846787,239389,1,2048,0,2048,1,1,1
whole_batch_multiget,1373,2048,2404,66254,24141390,7253,23863698,0,23942235,7774,9011462,870993,8030972,251141,1,2048,0,2048,1,1,1
whole_batch_multiget,1374,2048,2205,66034,25083456,9778,24803731,0,24888901,12183,9149571,884960,8157179,239589,1,2048,0,2048,1,1,1
whole_batch_multiget,1375,2048,2235,66334,24222751,9968,23929271,0,24023357,11342,9134884,887365,8161558,238116,1,2048,0,2048,1,1,1
whole_batch_multiget,1376,2048,2315,67907,24642328,9988,24352875,0,24447824,12433,8788052,886392,7835987,232236,1,2048,0,2048,1,1,1
whole_batch_multiget,1377,2048,2414,67146,25300523,6903,25021419,0,25105898,7625,8710828,896892,7755025,228699,1,2048,0,2048,1,1,1
whole_batch_multiget,1378,2048,2825,68188,24714895,14066,24428939,0,24519448,12023,8811537,889979,7835597,262292,1,2048,0,2048,1,1,1
whole_batch_multiget,1379,2048,2955,79790,24583859,15740,24286171,0,24372172,11201,8881248,875662,7880019,243667,1,2048,0,2048,1,1,1
whole_batch_multiget,1380,2048,3016,76774,24642559,11953,24353277,0,24433938,11271,9248677,873608,8261195,245660,1,2048,0,2048,1,1,1
whole_batch_multiget,1381,2048,2154,67727,24239363,11792,23963465,0,24045228,11041,9341551,882846,8349701,235942,1,2048,0,2048,1,1,1
whole_batch_multiget,1382,2048,1843,69581,24423358,10991,24137231,0,24222992,11782,9283041,888116,8285290,245341,1,2048,0,2048,1,1,1
whole_batch_multiget,1383,2048,2364,84829,25158587,10109,24846452,0,24927183,10279,8854568,906510,7885971,245871,1,2048,0,2048,1,1,1
whole_batch_multiget,1384,2048,2104,81363,24993748,9507,24688445,0,24767513,10369,8834049,896521,7870262,246773,1,2048,0,2048,1,1,1
whole_batch_multiget,1385,2048,2756,83828,26577018,7213,26244063,0,26330164,11932,9384371,1041503,8234244,241343,1,2048,0,2048,1,1,1
whole_batch_multiget,1386,2048,2204,83066,24577327,9528,24259811,0,24346464,9739,9253286,882214,8269209,241463,1,2048,0,2048,1,1,1
whole_batch_multiget,1387,2048,2474,83697,24226168,8456,23910205,0,23993051,10480,9402876,883177,8416626,251261,1,2048,0,2048,1,1,1
whole_batch_multiget,1388,2048,2465,84589,25013936,8376,24686952,0,24769457,13395,9196299,935615,8190943,243887,1,2048,0,2048,1,1,1
whole_batch_multiget,1389,2048,2214,83276,25281677,9167,24966376,0,25050715,10980,9088947,895049,8129167,244598,1,2048,0,2048,1,1,1
whole_batch_multiget,1390,2048,2635,84118,25140032,11241,24825151,0,24908778,11612,10604930,885020,9627307,249999,1,2048,0,2048,1,1,1
whole_batch_multiget,1391,2048,2885,89908,24980893,9628,24651185,0,24735123,10600,9580249,918934,8556298,249508,1,2048,0,2048,1,1,1
whole_batch_multiget,1392,2048,2184,89418,24813971,8686,24476959,0,24565966,11121,9654968,899858,8651887,244839,1,2048,0,2048,1,1,1
whole_batch_multiget,1393,2048,2325,83546,24940247,8015,24605199,0,24692703,10380,9909276,972123,8864787,248636,1,2048,0,2048,1,1,1
whole_batch_multiget,1394,2048,2164,93275,25341690,7585,25013054,0,25093686,10199,9444574,889739,8487218,252434,1,2048,0,2048,1,1,1
whole_batch_multiget,1395,2048,3386,132779,25059321,8355,24663789,0,24748568,6903,9175389,865343,8210820,273974,1,2048,0,2048,1,1,1
whole_batch_multiget,1396,2048,4138,93786,24684347,9698,24329351,0,24419751,11361,9521468,916579,8499441,240171,1,2048,0,2048,1,1,1
whole_batch_multiget,1397,2048,2224,84969,23912510,7915,23590085,0,23669775,9918,9219402,891071,8251948,270577,1,2048,0,2048,1,1,1
whole_batch_multiget,1398,2048,2655,85790,24227331,7645,23872495,0,23971631,13004,9251562,950192,8232641,247174,1,2048,0,2048,1,1,1
whole_batch_multiget,1399,2048,2013,85871,24461821,10850,24135668,0,24217812,10419,9326101,893636,8363607,244498,1,2048,0,2048,1,1,1
whole_batch_multiget,1400,2048,2445,84759,24452332,8155,24130338,0,24213344,10981,9231134,894368,8269901,241273,1,2048,0,2048,1,1,1
whole_batch_multiget,1401,2048,2214,85070,24389294,5911,24065346,0,24142642,7064,9163096,880922,8222332,240982,1,2048,0,2048,1,1,1
whole_batch_multiget,1402,2048,2435,85841,25646923,7895,25315451,0,25404318,10901,9398728,890060,8415544,243436,1,2048,0,2048,1,1,1
whole_batch_multiget,1403,2048,2545,86272,25206186,8586,24875185,0,24960395,10099,9520757,906631,8516894,241332,1,2048,0,2048,1,1,1
whole_batch_multiget,1404,2048,2374,84228,24367683,7805,24044478,0,24124467,9889,9663865,874530,8710938,282660,1,2048,0,2048,1,1,1
whole_batch_multiget,1405,2048,2905,71044,24516663,11271,24221329,0,24307350,12243,9564189,885641,8603767,238217,1,2048,0,2048,1,1,1
whole_batch_multiget,1406,2048,2685,130885,24498870,8826,24102105,0,24181484,9468,9286658,882636,8330565,242505,1,2048,0,2048,1,1,1
whole_batch_multiget,1407,2048,2134,109566,24240545,8997,23901920,0,23984455,7845,9810020,874911,8818339,282460,1,2048,0,2048,1,1,1
whole_batch_multiget,1408,2048,2194,79018,24397790,7675,24088480,0,24175353,8215,9311013,876173,8355832,233949,1,2048,0,2048,1,1,1
whole_batch_multiget,1409,2048,2816,72746,24142941,9377,23847818,0,23932757,10910,9331051,877335,8365410,236514,1,2048,0,2048,1,1,1
whole_batch_multiget,1410,2048,2945,80281,24449677,7794,24143864,0,24224675,8756,9831660,905308,8831955,234139,1,2048,0,2048,1,1,1
whole_batch_multiget,1411,2048,2314,71915,23871653,9688,23568945,0,23655057,13204,9576411,892925,8607474,234259,1,2048,0,2048,1,1,1
whole_batch_multiget,1412,2048,2154,72015,24398401,10220,24109480,0,24190321,11913,9479760,883166,8525510,236584,1,2048,0,2048,1,1,1
whole_batch_multiget,1413,2048,2404,92052,24780327,9007,24438737,0,24521012,10991,10735375,868780,9798398,254899,1,2048,0,2048,1,1,1
whole_batch_multiget,1414,2048,2154,87053,24196893,6843,23875731,0,23947506,6392,9428103,870783,8486087,242194,1,2048,0,2048,1,1,1
whole_batch_multiget,1415,2048,2054,85781,24379485,6602,24065256,0,24141619,6091,9647564,875341,8697663,244679,1,2048,0,2048,1,1,1
whole_batch_multiget,1416,2048,2525,70031,24686942,9988,24396368,0,24480234,12313,9662102,886993,8681552,243688,1,2048,0,2048,1,1,1
whole_batch_multiget,1417,2048,2545,87494,24360610,6171,24020332,0,24117915,9298,9801123,893045,8836904,248296,1,2048,0,2048,1,1,1
whole_batch_multiget,1418,2048,2645,90519,24464455,7604,24148232,0,24220187,9788,9749947,888266,8790958,240100,1,2048,0,2048,1,1,1
whole_batch_multiget,1419,2048,2295,84659,26868945,8967,26542303,0,26628975,10830,9524444,879560,8558111,239930,1,2048,0,2048,1,1,1
whole_batch_multiget,1420,2048,2595,86472,24351413,7885,24026453,0,24110571,9928,9763492,874711,8802529,242134,1,2048,0,2048,1,1,1
whole_batch_multiget,1421,2048,2294,85551,24299766,8797,23976380,0,24058604,10019,11190439,874249,10209399,242585,1,2048,0,2048,1,1,1
whole_batch_multiget,1422,2048,2815,94437,24628042,7945,24292171,0,24374827,10209,9834466,889429,8878713,239689,1,2048,0,2048,1,1,1
whole_batch_multiget,1423,2048,2826,85039,24604176,8636,24283966,0,24365719,14928,9574517,867267,8625027,243818,1,2048,0,2048,1,1,1
whole_batch_multiget,1424,2048,2394,87464,26609758,9508,26266946,0,26359990,10730,10903971,1057834,9764344,243838,1,2048,0,2048,1,1,1
whole_batch_multiget,1425,2048,2164,75041,27046998,8887,26745583,0,26828579,10480,10586947,1095895,9418285,242074,1,2048,0,2048,1,1,1
whole_batch_multiget,1426,2048,1994,68228,28439430,6262,28068945,0,28227213,26210,9868759,935064,8812990,269466,1,2048,0,2048,1,1,1
whole_batch_multiget,1427,2048,2855,95970,27179778,12814,26757456,0,26845761,11481,9653686,886953,8688056,251091,1,2048,0,2048,1,1,1
whole_batch_multiget,1428,2048,2394,85941,25294822,9137,24973389,0,25047087,10269,9633719,891181,8675833,255018,1,2048,0,2048,1,1,1
whole_batch_multiget,1429,2048,2355,91522,24597404,9098,24276863,0,24353567,9298,10265453,893836,9266811,252513,1,2048,0,2048,1,1,1
whole_batch_multiget,1430,2048,2405,82315,24080565,9147,23764131,0,23846847,7274,9767440,870993,8824551,251361,1,2048,0,2048,1,1,1
whole_batch_multiget,1431,2048,2365,76343,24521071,10660,24225617,0,24311258,12093,11166574,891883,10168602,237716,1,2048,0,2048,1,1,1
whole_batch_multiget,1432,2048,2224,70402,24697653,7484,24395496,0,24481427,10199,9889138,864401,8939627,239960,1,2048,0,2048,1,1,1
whole_batch_multiget,1433,2048,2425,70472,24580864,7134,24295849,0,24377021,7494,9920276,882535,8961739,229350,1,2048,0,2048,1,1,1
whole_batch_multiget,1434,2048,2464,69971,24261104,9478,23976861,0,24059185,12153,9812915,877917,8856321,226595,1,2048,0,2048,1,1,1
whole_batch_multiget,1435,2048,2004,69290,26513408,10390,26218454,0,26308775,9237,10846163,879600,9888477,233568,1,2048,0,2048,1,1,1
whole_batch_multiget,1436,2048,2565,63570,24157680,9799,23794298,0,23875361,11682,9733206,879980,8776071,227246,1,2048,0,2048,1,1,1
whole_batch_multiget,1437,2048,2554,62918,24588798,10109,24324282,0,24407598,11582,10032978,884369,9061866,252043,1,2048,0,2048,1,1,1
whole_batch_multiget,1438,2048,2134,63289,24601002,11551,24324051,0,24412668,12092,9969047,887104,9001213,233589,1,2048,0,2048,1,1,1
whole_batch_multiget,1439,2048,2114,63690,24439609,10520,24168821,0,24255032,11071,10076760,880301,9116950,235572,1,2048,0,2048,1,1,1
whole_batch_multiget,1440,2048,2003,64261,24506975,10590,24224504,0,24308462,10600,10135400,868359,9187953,253445,1,2048,0,2048,1,1,1
whole_batch_multiget,1441,2048,2575,64641,24332838,11612,24061739,0,24145977,11932,10007590,877726,9039454,235061,1,2048,0,2048,1,1,1
whole_batch_multiget,1442,2048,2134,65733,24451420,10600,24180813,0,24264420,10960,10043327,881593,9070693,261801,1,2048,0,2048,1,1,1
whole_batch_multiget,1443,2048,2315,63820,24614968,11642,24347727,0,24430331,11101,10193218,893626,9219702,232095,1,2048,0,2048,1,1,1
whole_batch_multiget,1444,2048,2274,63158,24491485,11120,24225096,0,24308211,11873,9973455,870562,9026070,243466,1,2048,0,2048,1,1,1
whole_batch_multiget,1445,2048,2124,63459,24328560,11391,24050950,0,24134506,11521,10114620,862127,9172263,232456,1,2048,0,2048,1,1,1
whole_batch_multiget,1446,2048,2294,75212,24601282,10690,24315576,0,24403030,12303,10067412,906280,9075411,239850,1,2048,0,2048,1,1,1
whole_batch_multiget,1447,2048,2074,62657,24770569,11031,24498608,0,24586373,12062,10055580,886112,9079229,239980,1,2048,0,2048,1,1,1
whole_batch_multiget,1448,2048,2405,62116,24385256,10199,24115751,0,24199778,11742,10067994,887735,9096591,236473,1,2048,0,2048,1,1,1
whole_batch_multiget,1449,2048,2305,62757,25121076,10239,24854637,0,24938634,11792,19443608,878538,18473879,230533,1,2048,0,2048,1,1,1
whole_batch_multiget,1450,2048,2244,63319,24571997,9708,24297482,0,24382311,11111,10248091,887204,9269215,234741,1,2048,0,2048,1,1,1
whole_batch_multiget,1451,2048,2595,63229,26518428,10520,26139286,0,26259843,11341,10608748,915867,9583014,238728,1,2048,0,2048,1,1,1
whole_batch_multiget,1452,2048,2304,65512,25968896,8696,25692589,0,25777889,8727,10488552,875021,9512451,238437,1,2048,0,2048,1,1,1
whole_batch_multiget,1453,2048,2515,68609,25395571,11261,25109474,0,25197049,12614,10663350,893105,9661721,236754,1,2048,0,2048,1,1,1
whole_batch_multiget,1454,2048,2555,66224,28653782,8636,28337900,0,28441584,13065,11441299,1101666,10261156,245470,1,2048,0,2048,1,1,1
whole_batch_multiget,1455,2048,2464,82615,27721924,10690,27373922,0,27459092,9888,10690881,869541,9714660,250730,1,2048,0,2048,1,1,1
whole_batch_multiget,1456,2048,3346,81663,25218519,8977,24878271,0,24971857,12393,11198293,961995,10128537,242916,1,2048,0,2048,1,1,1
whole_batch_multiget,1457,2048,2375,80661,25912280,7534,25591188,0,25671329,10910,11956205,877265,10982779,269035,1,2048,0,2048,1,1,1
whole_batch_multiget,1458,2048,2745,85330,25514694,11271,25190637,0,25274654,10901,11251894,902523,10239054,252754,1,2048,0,2048,1,1,1
whole_batch_multiget,1459,2048,2344,90720,26176446,8105,25834835,0,25937819,10390,10825765,986229,9734709,276078,1,2048,0,2048,1,1,1
whole_batch_multiget,1460,2048,2305,106670,25346920,8025,25015248,0,25095569,10480,10670833,884148,9704782,277981,1,2048,0,2048,1,1,1
whole_batch_multiget,1461,2048,2795,82124,25699041,8495,25381285,0,25468267,8275,11861527,888397,10857925,256801,1,2048,0,2048,1,1,1
whole_batch_multiget,1462,2048,2305,80601,25519463,7945,25202078,0,25289593,10229,10754981,922289,9723998,241843,1,2048,0,2048,1,1,1
whole_batch_multiget,1463,2048,2214,79770,25775073,6722,25465282,0,25547516,6672,10822408,880511,9852780,243867,1,2048,0,2048,1,1,1
whole_batch_multiget,1464,2048,2645,83015,26496857,10049,26170264,0,26255554,11171,11256653,928131,10224637,239520,1,2048,0,2048,1,1,1
whole_batch_multiget,1465,2048,2424,81954,25268092,8486,24946479,0,25037350,11251,11052239,909346,10032958,235982,1,2048,0,2048,1,1,1
whole_batch_multiget,1466,2048,2364,82134,25883867,6542,25575309,0,25656871,6653,10859959,884249,9889338,251812,1,2048,0,2048,1,1,1
whole_batch_multiget,1467,2048,3286,83967,26738439,7654,26416336,0,26498049,6903,11442551,878588,10459748,246002,1,2048,0,2048,1,1,1
whole_batch_multiget,1468,2048,2535,87043,25658925,6472,25321121,0,25412412,7624,10634696,881664,9655409,243877,1,2048,0,2048,1,1,1
whole_batch_multiget,1469,2048,2235,80511,26155607,7894,25830337,0,25920195,12012,10806498,955232,9750387,248817,1,2048,0,2048,1,1,1
whole_batch_multiget,1470,2048,3546,90590,25722945,14637,25381795,0,25471794,10350,10871421,878628,9885521,254577,1,2048,0,2048,1,1,1
whole_batch_multiget,1471,2048,2415,80701,25528751,8375,25221124,0,25299130,10590,10980324,914646,9959410,252965,1,2048,0,2048,1,1,1
whole_batch_multiget,1472,2048,2595,83126,26038017,8597,25717525,0,25801884,10319,11196139,885400,10205361,290054,1,2048,0,2048,1,1,1
whole_batch_multiget,1473,2048,3666,110597,30017840,11552,29581562,0,29702038,13274,13278394,1204879,11961975,249659,1,2048,0,2048,1,1,1
whole_batch_multiget,1474,2048,2484,84439,26275382,9618,25906870,0,26008301,11692,11359816,935244,10300950,257913,1,2048,0,2048,1,1,1
whole_batch_multiget,1475,2048,2946,86853,25482995,9027,25159989,0,25243286,10870,11109216,903895,10093080,246773,1,2048,0,2048,1,1,1
whole_batch_multiget,1476,2048,2374,83907,25745077,7704,25401713,0,25491762,12774,10934148,960482,9886603,239198,1,2048,0,2048,1,1,1
whole_batch_multiget,1477,2048,2494,81342,25493254,6091,25185227,0,25263303,6743,7384130,904086,6366291,245190,1,2048,0,2048,1,1,1
whole_batch_multiget,1478,2048,2835,82615,28005056,12123,27667763,0,27760607,13776,9065974,1085636,7850083,247995,1,2048,0,2048,1,1,1
whole_batch_multiget,1479,2048,2515,83166,33177035,14347,32725649,0,32826238,11090,10055620,1393584,8555076,256621,1,2048,0,2048,1,1,1
whole_batch_multiget,1480,2048,2074,82925,32861534,11622,32506348,0,32629178,11501,8883522,1134938,7679503,271309,1,2048,0,2048,1,1,1
whole_batch_multiget,1481,2048,2414,89638,32226423,14147,31882708,0,31990290,12012,8544035,1095865,7368550,245150,1,2048,0,2048,1,1,1
whole_batch_multiget,1482,2048,2765,81422,33303514,11752,32956332,0,33060407,11211,8409072,1069616,7270266,246743,1,2048,0,2048,1,1,1
whole_batch_multiget,1483,2048,2475,100989,31282843,15559,30926515,0,31019930,10710,15804583,982112,14732932,244930,1,2048,0,2048,1,1,1
whole_batch_multiget,1484,2048,2294,81573,35244634,12513,34934171,0,35017087,8836,7266028,892654,6319473,239349,1,2048,0,2048,1,1,1
whole_batch_multiget,1485,2048,2194,78858,28782103,7333,28490275,0,28566568,16541,7249356,871725,6315465,238056,1,2048,0,2048,1,1,1
whole_batch_multiget,1486,2048,2043,78868,29778261,7755,29479131,0,29561044,10029,8508489,888196,7539562,241282,1,2048,0,2048,1,1,1
whole_batch_multiget,1487,2048,2164,82014,30567371,11411,30237934,0,30318044,11462,8389936,1065689,7259485,224922,1,2048,0,2048,1,1,1
whole_batch_multiget,1488,2048,1924,64111,33466118,9438,33193897,0,33278968,11031,8356364,1065318,7228859,248366,1,2048,0,2048,1,1,1
whole_batch_multiget,1489,2048,1883,64471,33963861,6432,33664480,0,33758567,7534,8146109,960051,7128260,250410,1,2048,0,2048,1,1,1
whole_batch_multiget,1490,2048,2625,67507,32509223,8326,32219429,0,32308417,10750,8608626,1117516,7428212,249729,1,2048,0,2048,1,1,1
whole_batch_multiget,1491,2048,2013,68588,34517650,10730,34213160,0,34305532,11051,8825914,1067953,7692498,246041,1,2048,0,2048,1,1,1
whole_batch_multiget,1492,2048,2264,68829,33326336,11351,33026523,0,33113286,10510,8026915,941636,7024936,248737,1,2048,0,2048,1,1,1
whole_batch_multiget,1493,2048,2024,69821,31383381,10289,31080214,0,31169330,10539,8270151,956544,7216585,240571,1,2048,0,2048,1,1,1
whole_batch_multiget,1494,2048,2594,73077,32072885,13525,31772372,0,31864655,13405,8325094,954430,7300102,246162,1,2048,0,2048,1,1,1
whole_batch_multiget,1495,2048,2445,71765,32439673,11772,32141434,0,32236142,12764,8153443,952897,7129782,238798,1,2048,0,2048,1,1,1
whole_batch_multiget,1496,2048,2284,72215,34284714,12103,33991273,0,34081012,12343,8199509,958688,7170149,236093,1,2048,0,2048,1,1,1
whole_batch_multiget,1497,2048,2154,71414,31853273,13155,31554744,0,31647878,10841,9286548,941646,8283205,249528,1,2048,0,2048,1,1,1
whole_batch_multiget,1498,2048,2895,76754,32725259,8336,32434283,0,32514383,10139,8354930,940354,7346308,245730,1,2048,0,2048,1,1,1
whole_batch_multiget,1499,2048,2514,75301,32228357,10931,31908877,0,31994308,11412,8393303,953689,7379491,235992,1,2048,0,2048,1,1,1
whole_batch_multiget,1500,2048,2214,71133,32038931,10439,31733569,0,31821644,11231,8698865,940174,7685575,242244,1,2048,0,2048,1,1,1
whole_batch_multiget,1501,2048,2324,71273,33763156,10659,33462492,0,33553852,9387,8930349,959289,7867887,264886,1,2048,0,2048,1,1,1
whole_batch_multiget,1502,2048,2545,77926,35118086,8316,34818655,0,34900579,7904,8479103,937588,7479829,238427,1,2048,0,2048,1,1,1
whole_batch_multiget,1503,2048,2515,72996,31653108,11331,31349438,0,31434958,12303,8735745,920116,7746519,233207,1,2048,0,2048,1,1,1
whole_batch_multiget,1504,2048,2524,73838,33768314,10159,33466759,0,33545347,9508,8638091,937980,7636913,243727,1,2048,0,2048,1,1,1
whole_batch_multiget,1505,2048,2515,73588,32162133,5991,31851410,0,31935878,7404,8808561,945142,7805119,245751,1,2048,0,2048,1,1,1
whole_batch_multiget,1506,2048,2084,72105,32682769,8767,32381974,0,32464239,11321,9100609,950463,8085214,249127,1,2048,0,2048,1,1,1
whole_batch_multiget,1507,2048,2184,72556,32836517,9347,32553617,0,32632574,10109,9307607,951986,8277505,246201,1,2048,0,2048,1,1,1
whole_batch_multiget,1508,2048,2084,73859,32322333,9649,32028302,0,32109254,9799,9017213,949130,7999955,268103,1,2048,0,2048,1,1,1
whole_batch_multiget,1509,2048,2104,73698,32208489,10059,31897055,0,31986784,11120,9328205,955783,8300177,236444,1,2048,0,2048,1,1,1
whole_batch_multiget,1510,2048,2445,72375,34101870,10530,33794734,0,33881077,11061,9266820,959029,8234484,245290,1,2048,0,2048,1,1,1
whole_batch_multiget,1511,2048,2204,74059,32245208,10129,31932261,0,32021519,10810,9100829,949010,8077660,248567,1,2048,0,2048,1,1,1
whole_batch_multiget,1512,2048,2174,74991,32460362,10419,32123199,0,32211374,11181,9027933,932830,8029280,249848,1,2048,0,2048,1,1,1
whole_batch_multiget,1513,2048,2014,75853,33398131,9788,33097467,0,33180843,10590,29650111,938490,28630328,246603,1,2048,0,2048,1,1,1
whole_batch_multiget,1514,2048,2314,74349,32787375,10420,32481812,0,32571621,10529,9181510,937459,8162149,239249,1,2048,0,2048,1,1,1
whole_batch_multiget,1515,2048,2074,75021,32341028,10600,32029554,0,32117018,11101,10170997,935385,9160211,251852,1,2048,0,2048,1,1,1
whole_batch_multiget,1516,2048,2234,75993,33193617,10530,32873557,0,32963536,10250,9156042,958358,8133795,244329,1,2048,0,2048,1,1,1
whole_batch_multiget,1517,2048,2214,74820,32348422,10420,32031968,0,32118731,10961,9494849,957836,8458395,246672,1,2048,0,2048,1,1,1
whole_batch_multiget,1518,2048,2164,76563,32059910,10489,31755400,0,31840068,10220,9504786,941306,8462802,281277,1,2048,0,2048,1,1,1
whole_batch_multiget,1519,2048,2494,76573,32627615,11512,32317484,0,32406501,11291,9219562,961874,8188498,248126,1,2048,0,2048,1,1,1
whole_batch_multiget,1520,2048,1993,75332,32962884,10761,32653183,0,32742501,10940,9269946,954761,8231789,249178,1,2048,0,2048,1,1,1
whole_batch_multiget,1521,2048,2064,75642,32628096,10830,32324246,0,32409896,10690,9234550,935675,8234835,235351,1,2048,0,2048,1,1,1
whole_batch_multiget,1522,2048,2815,76553,33245273,11522,32916948,0,33010203,17042,9610976,984356,8512886,248476,1,2048,0,2048,1,1,1
whole_batch_multiget,1523,2048,2194,76915,36419688,9628,36117220,0,36198743,8867,10014423,964759,8941120,237756,1,2048,0,2048,1,1,1
whole_batch_multiget,1524,2048,2224,76644,34290154,11271,33981615,0,34068538,10019,9721473,945233,8667897,240220,1,2048,0,2048,1,1,1
whole_batch_multiget,1525,2048,2424,76754,35189751,10680,34859461,0,34955472,10509,9488546,962806,8441302,258465,1,2048,0,2048,1,1,1
whole_batch_multiget,1526,2048,3276,101660,33837565,11882,33472330,0,33572187,13175,9775164,1033919,8669130,244288,1,2048,0,2048,1,1,1
whole_batch_multiget,1527,2048,2184,76122,33546729,8767,33188627,0,33286692,10991,10275312,1012489,9154610,248116,1,2048,0,2048,1,1,1
whole_batch_multiget,1528,2048,2325,79059,33719173,11282,33391037,0,33480405,11371,10031665,949301,8976296,254097,1,2048,0,2048,1,1,1
whole_batch_multiget,1529,2048,2154,77646,34126346,13014,33811055,0,33898940,10781,10019192,951776,8951399,321143,1,2048,0,2048,1,1,1
whole_batch_multiget,1530,2048,3486,119935,33559743,9788,33159673,0,33267545,7134,9810480,955913,8789876,260137,1,2048,0,2048,1,1,1
whole_batch_multiget,1531,2048,2345,78306,33994439,6603,33685740,0,33763526,16200,9880982,935685,8830261,258184,1,2048,0,2048,1,1,1
whole_batch_multiget,1532,2048,2885,79188,34527599,9468,34205505,0,34287439,11231,10031244,956884,8961669,246423,1,2048,0,2048,1,1,1
whole_batch_multiget,1533,2048,2454,79589,33106204,9308,32784320,0,32868908,10489,10913068,950603,9870874,276008,1,2048,0,2048,1,1,1
whole_batch_multiget,1534,2048,4709,88596,34489958,8616,34159719,0,34242995,6873,9579217,954059,8561477,264005,1,2048,0,2048,1,1,1
whole_batch_multiget,1535,2048,2054,76344,34052769,6372,33741114,0,33823469,7684,9956815,974197,8876268,261610,1,2048,0,2048,1,1,1
whole_batch_multiget,1536,2048,2445,76724,35890786,11381,35552000,0,35652068,12954,10497439,978705,9407264,236844,1,2048,0,2048,1,1,1
whole_batch_multiget,1537,2048,2395,77666,34239208,10650,33926001,0,34015088,9638,10036344,951735,8974994,244619,1,2048,0,2048,1,1,1
whole_batch_multiget,1538,2048,2404,77565,34066734,10069,33754339,0,33843075,11712,9824817,951554,8789124,248045,1,2048,0,2048,1,1,1
whole_batch_multiget,1539,2048,3827,90650,33701288,13064,33332979,0,33439047,9878,9909235,971843,8860719,249248,1,2048,0,2048,1,1,1
whole_batch_multiget,1540,2048,2385,76393,33926361,8166,33615999,0,33703383,8646,10451222,944251,9393859,239159,1,2048,0,2048,1,1,1
whole_batch_multiget,1541,2048,2504,78217,33776170,8817,33465146,0,33551478,8416,10210731,950212,9146464,251231,1,2048,0,2048,1,1,1
whole_batch_multiget,1542,2048,2716,78287,33291981,10921,32971351,0,33056189,11041,9755778,957896,8716639,249879,1,2048,0,2048,1,1,1
whole_batch_multiget,1543,2048,3136,91552,34104826,12644,33730404,0,33830371,10931,9866425,952937,8845701,243617,1,2048,0,2048,1,1,1
whole_batch_multiget,1544,2048,2354,77245,33637749,9087,33335553,0,33415082,9588,9949110,971663,8905603,249518,1,2048,0,2048,1,1,1
whole_batch_multiget,1545,2048,2675,80150,33464214,6562,33146699,0,33230606,7544,9869551,956925,8832486,247874,1,2048,0,2048,1,1,1
whole_batch_multiget,1546,2048,2054,78708,32980517,6562,32668672,0,32750225,7835,9887635,952897,8860409,248557,1,2048,0,2048,1,1,1
whole_batch_multiget,1547,2048,2295,79589,33306448,8656,33004783,0,33083440,11191,10042586,952346,9019586,247344,1,2048,0,2048,1,1,1
whole_batch_multiget,1548,2048,2465,76945,32876122,8275,32562062,0,32647582,10740,10258881,944000,9237145,261871,1,2048,0,2048,1,1,1
whole_batch_multiget,1549,2048,2064,76604,32841226,8636,32527918,0,32606666,10530,13314843,1000587,12198670,260719,1,2048,0,2048,1,1,1
whole_batch_multiget,1550,2048,2234,77726,33221049,9789,32889747,0,32975799,9888,10147873,946736,9134312,265648,1,2048,0,2048,1,1,1
whole_batch_multiget,1551,2048,2335,79669,33403681,6852,33085283,0,33166205,7524,11504127,960531,10442465,241302,1,2048,0,2048,1,1,1
whole_batch_multiget,1552,2048,2224,87214,32775883,9849,32456925,0,32542627,10720,10228254,956755,9185538,256982,1,2048,0,2048,1,1,1
whole_batch_multiget,1553,2048,2044,76994,33717629,7875,33390466,0,33480335,10861,10148314,958217,9106049,261370,1,2048,0,2048,1,1,1
whole_batch_multiget,1554,2048,2415,78928,33423328,8736,33092998,0,33180101,11291,10136422,948419,9108814,264877,1,2048,0,2048,1,1,1
whole_batch_multiget,1555,2048,2625,92874,32235991,8336,31899980,0,31981033,10650,10089523,928942,9085901,244419,1,2048,0,2048,1,1,1
whole_batch_multiget,1556,2048,2545,92003,32585987,10009,32250147,0,32332682,9789,9865985,904958,8876739,244919,1,2048,0,2048,1,1,1
whole_batch_multiget,1557,2048,2354,89508,31434988,9268,31107875,0,31185932,10170,10056341,896632,9093315,243527,1,2048,0,2048,1,1,1
whole_batch_multiget,1558,2048,2345,92313,30862475,11391,30501117,0,30599521,13445,10035793,901702,9045916,229991,1,2048,0,2048,1,1,1
whole_batch_multiget,1559,2048,2614,72066,31430049,10791,31141598,0,31222951,11571,9768251,860614,8827016,227597,1,2048,0,2048,1,1,1
whole_batch_multiget,1560,2048,2434,72336,30327732,11281,30035052,0,30118008,12353,9630283,863540,8695158,229240,1,2048,0,2048,1,1,1
whole_batch_multiget,1561,2048,2334,70502,31016614,10449,30724305,0,30809405,12574,9733807,872967,8777062,233508,1,2048,0,2048,1,1,1
whole_batch_multiget,1562,2048,2274,74470,31099920,13526,30799136,0,30884626,10349,9693671,872006,8750001,246202,1,2048,0,2048,1,1,1
whole_batch_multiget,1563,2048,2104,71975,34142236,10941,33837505,0,33920691,10029,10825744,1008080,9730259,245922,1,2048,0,2048,1,1,1
whole_batch_multiget,1564,2048,2034,72987,34139070,6832,33832064,0,33910501,7313,10729924,988985,9658535,248656,1,2048,0,2048,1,1,1
whole_batch_multiget,1565,2048,2284,73027,35890585,7093,35585944,0,35664972,7264,11185590,954540,10130872,236263,1,2048,0,2048,1,1,1
whole_batch_multiget,1566,2048,2104,76934,35368637,9979,35053695,0,35137062,10830,11036339,978655,9973366,266200,1,2048,0,2048,1,1,1
whole_batch_multiget,1567,2048,1924,75130,33794044,9177,33493630,0,33575654,11080,10362104,941546,9344827,254287,1,2048,0,2048,1,1,1
whole_batch_multiget,1568,2048,2024,78477,33287683,9387,32966411,0,33053514,9809,10310067,945093,9288872,257192,1,2048,0,2048,1,1,1
whole_batch_multiget,1569,2048,2094,77556,33436773,8506,33118045,0,33203465,10109,12096378,954560,11035598,254086,1,2048,0,2048,1,1,1
whole_batch_multiget,1570,2048,2054,78237,32937887,8386,32624599,0,32706864,12494,10511234,943450,9475913,238027,1,2048,0,2048,1,1,1
whole_batch_multiget,1571,2048,2064,78687,34033562,11832,33708112,0,33796588,10379,10333622,945143,9305203,241282,1,2048,0,2048,1,1,1
whole_batch_multiget,1572,2048,2254,79779,33675901,8186,33354007,0,33447543,9528,10275082,941025,9256732,238397,1,2048,0,2048,1,1,1
whole_batch_multiget,1573,2048,2264,78868,33638150,12724,33321707,0,33408360,12453,10487389,939853,9459502,242044,1,2048,0,2048,1,1,1
whole_batch_multiget,1574,2048,2074,79790,34105908,12152,33786018,0,33880685,12584,10464988,933451,9441108,239710,1,2048,0,2048,1,1,1
whole_batch_multiget,1575,2048,2184,77405,34140593,12323,33827766,0,33916863,12804,10385910,934282,9357481,248366,1,2048,0,2048,1,1,1
whole_batch_multiget,1576,2048,2155,79079,35569483,8476,35255003,0,35344260,11031,10614549,949311,9571943,232726,1,2048,0,2048,1,1,1
whole_batch_multiget,1577,2048,2064,78086,33609536,12984,33296109,0,33384374,12994,10397751,931888,9381095,240061,1,2048,0,2048,1,1,1
whole_batch_multiget,1578,2048,2154,77896,33314925,12143,32996387,0,33089181,12053,10569714,936397,9532799,236082,1,2048,0,2048,1,1,1
whole_batch_multiget,1579,2048,1924,77445,33073021,12133,32761035,0,32848270,10630,10663931,957365,9618079,240521,1,2048,0,2048,1,1,1
whole_batch_multiget,1580,2048,2384,77676,33308482,7535,32977141,0,33064265,10840,10806398,955001,9754204,355416,1,2048,0,2048,1,1,1
whole_batch_multiget,1581,2048,2395,101230,33456610,8596,33126331,0,33209006,10730,10506536,947547,9482776,263694,1,2048,0,2048,1,1,1
whole_batch_multiget,1582,2048,2355,76083,32438471,5941,32117278,0,32198270,7213,10687896,954630,9634510,251331,1,2048,0,2048,1,1,1
whole_batch_multiget,1583,2048,2966,87083,33916693,6402,33593487,0,33675290,12283,10826065,931678,9795321,267942,1,2048,0,2048,1,1,1
whole_batch_multiget,1584,2048,2013,77826,33829700,11662,33516533,0,33605500,13205,10646228,936777,9615635,239269,1,2048,0,2048,1,1,1
whole_batch_multiget,1585,2048,2235,80461,33036783,12624,32705982,0,32807002,12022,10921824,935775,9892624,235743,1,2048,0,2048,1,1,1
whole_batch_multiget,1586,2048,2264,91452,33935358,11331,33596673,0,33685549,9137,11086163,957376,10045290,259467,1,2048,0,2048,1,1,1
whole_batch_multiget,1587,2048,2014,84859,33426494,6412,33099480,0,33184279,7103,12408302,941105,11359846,266650,1,2048,0,2048,1,1,1
whole_batch_multiget,1588,2048,1904,79298,34043190,7715,33717319,0,33801668,10219,11353795,952486,10296051,248125,1,2048,0,2048,1,1,1
whole_batch_multiget,1589,2048,2165,77505,36295254,8225,35986214,0,36071114,11772,11914436,941906,10865268,249648,1,2048,0,2048,1,1,1
whole_batch_multiget,1590,2048,2094,77876,34913713,8065,34586940,0,34679634,10890,11150624,940694,10101386,242845,1,2048,0,2048,1,1,1
whole_batch_multiget,1591,2048,2695,79018,34205174,12102,33889903,0,33978599,12594,10736166,941025,9698140,254908,1,2048,0,2048,1,1,1
whole_batch_multiget,1592,2048,3517,96431,34117870,13045,33780187,0,33869334,11091,10859017,958959,9820629,237826,1,2048,0,2048,1,1,1
whole_batch_multiget,1593,2048,2395,77856,34904876,11131,34570620,0,34665879,14397,11145323,996529,10033108,242345,1,2048,0,2048,1,1,1
whole_batch_multiget,1594,2048,2645,82485,33977648,11010,33644102,0,33742135,13205,11468019,964609,10390518,236343,1,2048,0,2048,1,1,1
whole_batch_multiget,1595,2048,2154,80341,35016316,7985,34697899,0,34787036,7895,11713119,956574,10646318,247194,1,2048,0,2048,1,1,1
whole_batch_multiget,1596,2048,2084,80922,35287394,11071,34977192,0,35062582,12183,11803779,939021,10753058,239610,1,2048,0,2048,1,1,1
whole_batch_multiget,1597,2048,2424,80070,34587100,8166,34273673,0,34358382,8005,12097269,950162,11039275,246692,1,2048,0,2048,1,1,1
whole_batch_multiget,1598,2048,2494,82094,34696726,11121,34371896,0,34458870,12594,11366900,944361,10310017,247504,1,2048,0,2048,1,1,1
whole_batch_multiget,1599,2048,2184,79760,35324674,10370,35005705,0,35091968,12483,11208132,939492,10047665,367158,1,2048,0,2048,1,1,1
whole_batch_multiget,1600,2048,3577,94587,34494637,16381,34154449,0,34247464,12423,10952442,949080,9908153,240742,1,2048,0,2048,1,1,1
whole_batch_multiget,1601,2048,2685,93916,34099365,13084,33728190,0,33833346,13556,11054925,971532,9996519,238267,1,2048,0,2048,1,1,1
whole_batch_multiget,1602,2048,2425,80922,36382908,10490,36064912,0,36156243,13245,11075153,1002370,9980208,251491,1,2048,0,2048,1,1,1
whole_batch_multiget,1603,2048,2345,81573,33908768,7545,33587396,0,33675220,9328,11338326,973226,10249143,236724,1,2048,0,2048,1,1,1
whole_batch_multiget,1604,2048,2284,77936,34831429,8757,34518341,0,34606257,9137,12403433,940103,11357392,236243,1,2048,0,2048,1,1,1
whole_batch_multiget,1605,2048,2504,80521,34685986,9388,34364703,0,34455754,9257,11736793,937608,10684990,254718,1,2048,0,2048,1,1,1
whole_batch_multiget,1606,2048,2315,78728,34750547,8606,34423764,0,34508483,10750,11356190,944081,10304847,239449,1,2048,0,2048,1,1,1
whole_batch_multiget,1607,2048,2104,79980,34415278,8776,34077845,0,34164918,12063,11529044,949742,10463625,238047,1,2048,0,2048,1,1,1
whole_batch_multiget,1608,2048,2234,78718,35629475,8106,35307081,0,35388584,10771,11183776,940895,10142974,242435,1,2048,0,2048,1,1,1
whole_batch_multiget,1609,2048,2354,88025,33283806,10349,32947475,0,33032614,11171,11351410,960872,10305889,247785,1,2048,0,2048,1,1,1
whole_batch_multiget,1610,2048,2104,82565,34018444,16420,33692983,0,33787360,11031,11230403,938059,10215330,249738,1,2048,0,2048,1,1,1
whole_batch_multiget,1611,2048,2034,76794,33587876,9187,33260563,0,33346784,10760,10978641,972113,9908894,250690,1,2048,0,2048,1,1,1
whole_batch_multiget,1612,2048,2305,78538,33616260,6572,33306909,0,33389374,7213,10907858,960241,9854943,254348,1,2048,0,2048,1,1,1
whole_batch_multiget,1613,2048,1973,79269,33287954,8767,32961852,0,33047834,11161,10861130,947257,9816742,247544,1,2048,0,2048,1,1,1
whole_batch_multiget,1614,2048,2194,78748,33919829,7334,33601482,0,33683997,9959,12481009,953819,11413868,260919,1,2048,0,2048,1,1,1
whole_batch_multiget,1615,2048,2204,80060,33260312,8596,32949930,0,33034589,10430,11071385,946054,10036434,243817,1,2048,0,2048,1,1,1
whole_batch_multiget,1616,2048,2584,77906,33176434,6592,32851916,0,32940592,7074,11389531,945103,10338561,305302,1,2048,0,2048,1,1,1
whole_batch_multiget,1617,2048,2043,83997,34233226,7294,33921452,0,34003466,7194,6814992,967334,5785501,247594,1,2048,0,2048,1,1,1
whole_batch_multiget,1618,2048,1944,76183,35179081,7975,34866354,0,34950121,11321,6691470,960651,5666217,251051,1,2048,0,2048,1,1,1
whole_batch_multiget,1619,2048,2385,92534,34651431,8787,34310261,0,34395902,11191,6931000,936968,5931355,245581,1,2048,0,2048,1,1,1
whole_batch_multiget,1620,2048,2174,91792,34333985,5881,34004738,0,34083165,6762,6695307,925486,5709498,241293,1,2048,0,2048,1,1,1
whole_batch_multiget,1621,2048,2415,79199,33857562,8275,33560154,0,33641787,8747,6815804,881624,5869619,248206,1,2048,0,2048,1,1,1
whole_batch_multiget,1622,2048,2195,74960,32941664,7244,32649857,0,32729727,9538,7888606,880010,6947631,236814,1,2048,0,2048,1,1,1
whole_batch_multiget,1623,2048,2204,74169,33315085,9849,33022796,0,33109189,12213,7299881,877866,6347546,238768,1,2048,0,2048,1,1,1
whole_batch_multiget,1624,2048,2655,72887,33055908,7123,32761897,0,32847177,7414,35895333,874661,34881412,239029,1,2048,0,2048,1,1,1
whole_batch_multiget,1625,2048,2165,82775,42389995,10460,41986318,0,42131972,10029,7478226,903184,6511463,284293,1,2048,0,2048,1,1,1
whole_batch_multiget,1626,2048,2635,143960,38402766,6432,37976478,0,38058952,17914,7685214,891963,6726506,242094,1,2048,0,2048,1,1,1
whole_batch_multiget,1627,2048,2194,72035,39315198,12063,39030464,0,39117478,11121,7607659,883547,6663037,236483,1,2048,0,2048,1,1,1
whole_batch_multiget,1628,2048,2204,70032,37266636,10860,36979718,0,37066691,11402,7787637,874029,6850208,237926,1,2048,0,2048,1,1,1
whole_batch_multiget,1629,2048,2324,74410,38709061,10720,38416773,0,38504337,16350,7778248,865623,6843305,241804,1,2048,0,2048,1,1,1
whole_batch_multiget,1630,2048,2484,73067,38022323,10880,37736196,0,37820535,11381,7635781,882646,6688645,230994,1,2048,0,2048,1,1,1
whole_batch_multiget,1631,2048,2124,72095,37364269,10900,37082791,0,37166328,11071,7567383,891121,6612743,242886,1,2048,0,2048,1,1,1
whole_batch_multiget,1632,2048,2004,71564,38241264,11331,37960518,0,38044044,10570,7825648,892324,6867951,233949,1,2048,0,2048,1,1,1
whole_batch_multiget,1633,2048,2004,69982,38658206,10911,38344909,0,38449886,11131,7861886,917511,6871007,251662,1,2048,0,2048,1,1,1
whole_batch_multiget,1634,2048,2074,72376,38433995,11952,38142699,0,38232737,10580,8026014,875492,7090729,240571,1,2048,0,2048,1,1,1
whole_batch_multiget,1635,2048,2414,72416,39184192,12724,38840137,0,38943150,12935,8222292,939362,7220523,237836,1,2048,0,2048,1,1,1
whole_batch_multiget,1636,2048,2054,72035,38957868,12033,38667343,0,38759546,10930,8190642,879670,7250289,237195,1,2048,0,2048,1,1,1
whole_batch_multiget,1637,2048,2384,72566,37914401,8366,37627393,0,37712342,8255,8200951,873558,7268593,232987,1,2048,0,2048,1,1,1
whole_batch_multiget,1638,2048,2444,68308,39202967,10269,38917572,0,39006148,9547,9446968,904466,8471629,248667,1,2048,0,2048,1,1,1
whole_batch_multiget,1639,2048,2084,75572,38822414,7203,38533622,0,38617289,9037,12115864,879329,11129363,233367,1,2048,0,2048,1,1,1
whole_batch_multiget,1640,2048,2544,75913,37940630,9288,37638563,0,37736137,13065,8312691,861706,7377878,235652,1,2048,0,2048,1,1,1
whole_batch_multiget,1641,2048,2255,69610,39549056,8316,39262700,0,39351336,9919,9099116,897113,8110081,250399,1,2048,0,2048,1,1,1
whole_batch_multiget,1642,2048,2255,87835,39348079,8225,39018772,0,39109312,10229,8458885,900539,7489327,241643,1,2048,0,2048,1,1,1
whole_batch_multiget,1643,2048,2475,87023,38368763,8306,38042310,0,38130636,9598,8600912,896732,7633908,242004,1,2048,0,2048,1,1,1
whole_batch_multiget,1644,2048,2385,98385,38947268,8045,38592943,0,38697580,9749,8522565,873709,7578524,243176,1,2048,0,2048,1,1,1
whole_batch_multiget,1645,2048,2525,83076,38921049,6302,38596030,0,38684946,8326,9885591,870453,8918587,245571,1,2048,0,2048,1,1,1
whole_batch_multiget,1646,2048,2305,85971,38195428,6632,37866972,0,37959916,10931,8543193,884079,7587430,238888,1,2048,0,2048,1,1,1
whole_batch_multiget,1647,2048,2355,89077,38889790,8296,38561775,0,38654239,9418,8994209,870903,8028799,249507,1,2048,0,2048,1,1,1
whole_batch_multiget,1648,2048,2314,86512,39519120,8286,39182930,0,39271476,11852,8745813,881734,7788828,252364,1,2048,0,2048,1,1,1
whole_batch_multiget,1649,2048,2124,84018,39636801,5770,39312623,0,39397973,7604,11167605,890150,10167730,258155,1,2048,0,2048,1,1,1
whole_batch_multiget,1650,2048,1974,86332,40014139,7514,39673660,0,39770232,8496,9018254,918783,8032075,248166,1,2048,0,2048,1,1,1
whole_batch_multiget,1651,2048,2265,86141,40606260,6522,40190029,0,40326224,15950,10211553,1121203,9005962,246302,1,2048,0,2048,1,1,1
whole_batch_multiget,1652,2048,2514,86382,41255187,10930,40933763,0,41022650,11351,9398538,881133,8404082,285776,1,2048,0,2048,1,1,1
whole_batch_multiget,1653,2048,2785,92684,40689436,15378,40350670,0,40443784,8626,9414066,907112,8385617,233188,1,2048,0,2048,1,1,1
whole_batch_multiget,1654,2048,2404,74339,40349368,11412,40036661,0,40140046,12273,109220559,919544,108192181,228128,1,2048,0,2048,1,1,1
whole_batch_multiget,1655,2048,2444,70793,39761044,7624,39456353,0,39549007,9488,9278733,889689,8280831,239519,1,2048,0,2048,1,1,1
whole_batch_multiget,1656,2048,2214,70111,39185014,11041,38886184,0,38979549,12192,9612949,900018,8594900,234961,1,2048,0,2048,1,1,1
whole_batch_multiget,1657,2048,2805,82235,42294637,7474,41971881,0,42068572,8686,9150372,912291,8169783,236173,1,2048,0,2048,1,1,1
whole_batch_multiget,1658,2048,2184,73237,39070830,11802,38725152,0,38842622,11131,8876428,892905,7909545,225022,1,2048,0,2048,1,1,1
whole_batch_multiget,1659,2048,2204,70763,40270300,10710,39968553,0,40060025,10830,9096902,889468,8138364,239980,1,2048,0,2048,1,1,1
whole_batch_multiget,1660,2048,2344,71615,40162989,10941,39855322,0,39952263,10199,9109776,903054,8134887,232606,1,2048,0,2048,1,1,1
whole_batch_multiget,1661,2048,2144,72486,39392443,11131,39081971,0,39174995,10690,9157535,887595,8189510,235642,1,2048,0,2048,1,1,1
whole_batch_multiget,1662,2048,2334,74910,39593170,11652,39283188,0,39375010,10590,9053160,878758,8095624,231845,1,2048,0,2048,1,1,1
whole_batch_multiget,1663,2048,2013,74429,40834358,10840,40503658,0,40600398,9958,9317565,867517,8356423,235793,1,2048,0,2048,1,1,1
whole_batch_multiget,1664,2048,2715,80621,38856167,10179,38537920,0,38630244,11511,9245711,878358,8276313,244398,1,2048,0,2048,1,1,1
whole_batch_multiget,1665,2048,2986,81944,39601645,14547,39273620,0,39372135,10970,9087383,902693,8097327,240962,1,2048,0,2048,1,1,1
whole_batch_multiget,1666,2048,2655,79158,40060155,10360,39740435,0,39833951,11983,9088356,907482,8064154,235041,1,2048,0,2048,1,1,1
whole_batch_multiget,1667,2048,2083,72596,40915900,11382,40596982,0,40695417,10389,9147025,907622,8162630,236354,1,2048,0,2048,1,1,1
whole_batch_multiget,1668,2048,2525,74660,39213087,10199,38892065,0,38991792,11722,9276268,910307,8272937,249077,1,2048,0,2048,1,1,1
whole_batch_multiget,1669,2048,2444,74790,39597057,11171,39229117,0,39351616,11381,10058816,909406,9074971,232927,1,2048,0,2048,1,1,1
whole_batch_multiget,1670,2048,2214,74249,38940005,10690,38618401,0,38715854,11271,9057508,892784,8084102,233698,1,2048,0,2048,1,1,1
whole_batch_multiget,1671,2048,2395,74229,39333713,10861,39013142,0,39108801,11191,9316704,912422,8328691,233358,1,2048,0,2048,1,1,1
whole_batch_multiget,1672,2048,2094,74279,39644325,10790,39327581,0,39423050,11140,9499426,911941,8514830,226555,1,2048,0,2048,1,1,1
whole_batch_multiget,1673,2048,2124,75261,39719416,10880,39386101,0,39491779,11682,9350568,898866,8380228,232406,1,2048,0,2048,1,1,1
whole_batch_multiget,1674,2048,2114,72937,38703090,10940,38384643,0,38481574,11412,141343088,895129,140192499,381555,1,2048,0,2048,1,1,1
whole_batch_multiget,1675,2048,3526,136546,47698772,9177,47262293,0,47359105,10049,10656487,1072181,9468999,265729,1,2048,0,2048,1,1,1
whole_batch_multiget,1676,2048,2504,121898,46849839,10108,46438007,0,46546370,17152,10350573,1074044,9198292,231475,1,2048,0,2048,1,1,1
whole_batch_multiget,1677,2048,2144,75332,38646043,11011,38311356,0,38409018,10510,9142919,895750,8177818,239078,1,2048,0,2048,1,1,1
whole_batch_multiget,1678,2048,2224,74250,39779559,11061,39452005,0,39548476,10540,9371126,892715,8405264,235862,1,2048,0,2048,1,1,1
whole_batch_multiget,1679,2048,1973,73649,38949081,10390,38637788,0,38729680,11372,9346931,897644,8376681,235212,1,2048,0,2048,1,1,1
whole_batch_multiget,1680,2048,2044,74881,38695416,10450,38380666,0,38471986,10059,9477626,875763,8523847,238187,1,2048,0,2048,1,1,1
whole_batch_multiget,1681,2048,2074,73988,39182099,11060,38866026,0,38961584,11231,9499256,905739,8514500,232817,1,2048,0,2048,1,1,1
whole_batch_multiget,1682,2048,2264,77014,39339564,11862,39019794,0,39114532,10861,10227282,890530,9256661,243156,1,2048,0,2048,1,1,1
whole_batch_multiget,1683,2048,2705,88255,38843123,11221,38510949,0,38605036,11892,9660649,883116,8698835,245240,1,2048,0,2048,1,1,1
whole_batch_multiget,1684,2048,2205,75171,41516637,11351,41203229,0,41296023,11140,9615935,895900,8628263,233338,1,2048,0,2048,1,1,1
whole_batch_multiget,1685,2048,2094,75211,39102108,10980,38753094,0,38856888,13646,9665960,892183,8687114,233407,1,2048,0,2048,1,1,1
whole_batch_multiget,1686,2048,2014,75752,38870334,10540,38546707,0,38646695,10650,9581551,886372,8610480,235271,1,2048,0,2048,1,1,1
whole_batch_multiget,1687,2048,2144,74640,39684260,10039,39365993,0,39465099,10991,9616988,887294,8647189,242044,1,2048,0,2048,1,1,1
whole_batch_multiget,1688,2048,2305,74450,39306461,9909,38978236,0,39072723,10941,9748484,884619,8770559,247794,1,2048,0,2048,1,1,1
whole_batch_multiget,1689,2048,2004,76183,38945194,11782,38618391,0,38723358,11492,9901461,891682,8920651,231735,1,2048,0,2048,1,1,1
whole_batch_multiget,1690,2048,2154,76253,40115108,11452,39794386,0,39893894,10941,9961564,878728,9002805,232666,1,2048,0,2048,1,1,1
whole_batch_multiget,1691,2048,2064,74870,39905585,11301,39587158,0,39679892,11041,10131432,889408,9137488,231705,1,2048,0,2048,1,1,1
whole_batch_multiget,1692,2048,2023,76313,39159396,11411,38846689,0,38941667,10119,153400892,899186,152379187,245460,1,2048,0,2048,1,1,1
whole_batch_multiget,1693,2048,2234,95770,47140595,13626,46795849,0,46892359,12283,9932319,917621,8924287,240060,1,2048,0,2048,1,1,1
whole_batch_multiget,1694,2048,1994,77125,39938878,11622,39622995,0,39716872,9758,9713268,893065,8739111,233337,1,2048,0,2048,1,1,1
whole_batch_multiget,1695,2048,2064,75131,13093267,10920,12798334,0,12877402,11472,10225709,894187,9234019,248797,1,2048,0,2048,1,1,1
whole_batch_multiget,1696,2048,2014,74650,13130708,11222,12801670,0,12885718,10730,10532895,853060,9601539,229500,1,2048,0,2048,1,1,1
whole_batch_multiget,1697,2048,2365,73307,13123804,11231,12833851,0,12912658,10831,9759133,862367,8819361,239259,1,2048,0,2048,1,1,1
whole_batch_multiget,1698,2048,2635,74199,14487662,10389,14179785,0,14258262,10941,10441805,953127,9403657,256691,1,2048,0,2048,1,1,1
whole_batch_multiget,1699,2048,2074,98876,15222381,9227,14910215,0,14987189,11101,10952091,1057013,9814748,252454,1,2048,0,2048,1,1,1
whole_batch_multiget,1700,2048,2174,90389,13655522,10018,13334119,0,13408648,9698,10404204,882075,9413085,247013,1,2048,0,2048,1,1,1
whole_batch_multiget,1701,2048,2164,87585,14006140,11572,13694515,0,13766701,8856,10031915,878648,9086853,243437,1,2048,0,2048,1,1,1
whole_batch_multiget,1702,2048,2315,87995,13210597,8696,12901247,0,12971108,8866,10004955,874380,9060333,243256,1,2048,0,2048,1,1,1
whole_batch_multiget,1703,2048,1693,86091,13597192,8616,13281600,0,13354407,9258,9705994,871774,8765630,245540,1,2048,0,2048,1,1,1
whole_batch_multiget,1704,2048,2004,90219,13085823,8196,12777054,0,12843148,10089,9297117,859933,8364468,248035,1,2048,0,2048,1,1,1
whole_batch_multiget,1705,2048,2124,91312,13576664,8656,13250262,0,13326424,9778,10508169,874580,9527931,238738,1,2048,0,2048,1,1,1
whole_batch_multiget,1706,2048,2204,99988,15398761,9217,15051841,0,15129747,9918,9622507,885030,8663439,254628,1,2048,0,2048,1,1,1
whole_batch_multiget,1707,2048,2335,95880,13554282,8927,13221267,0,13300466,10720,9919755,870232,8947792,245942,1,2048,0,2048,1,1,1
whole_batch_multiget,1708,2048,1994,90209,13473590,9287,13143922,0,13221257,10310,9663234,865864,8719654,247485,1,2048,0,2048,1,1,1
whole_batch_multiget,1709,2048,2424,89057,13588236,9308,13253227,0,13330883,9337,9813846,870312,8845490,253265,1,2048,0,2048,1,1,1
whole_batch_multiget,1710,2048,2325,89247,13501252,9177,13166755,0,13242908,9548,9672291,885150,8713142,247124,1,2048,0,2048,1,1,1
whole_batch_multiget,1711,2048,2003,100328,13705095,9287,13366600,0,13443284,9909,9837171,895299,8853936,235892,1,2048,0,2048,1,1,1
whole_batch_multiget,1712,2048,2505,88897,13499980,9538,13178066,0,13251313,9508,9571462,866055,8631759,246051,1,2048,0,2048,1,1,1
whole_batch_multiget,1713,2048,2044,88947,13475374,9388,13135055,0,13211699,9458,10062092,880972,9073137,242906,1,2048,0,2048,1,1,1
whole_batch_multiget,1714,2048,2275,89689,13726756,10179,13395103,0,13470485,10630,10406267,884388,9440215,241774,1,2048,0,2048,1,1,1
whole_batch_multiget,1715,2048,2234,87735,15878942,10580,15518987,0,15607393,10019,10816507,896160,9820239,250590,1,2048,0,2048,1,1,1
whole_batch_multiget,1716,2048,1994,77015,15914118,9869,15587154,0,15680530,12183,11382148,1070297,10187016,258625,1,2048,0,2048,1,1,1
whole_batch_multiget,1717,2048,2104,82054,16335709,8596,15989229,0,16081983,12553,12551150,1076459,11318028,271218,1,2048,0,2048,1,1,1
whole_batch_multiget,1718,2048,2404,81492,15550867,7834,15225126,0,15307890,11171,10322010,909476,9317476,262352,1,2048,0,2048,1,1,1
whole_batch_multiget,1719,2048,2033,99266,15747575,9999,15387290,0,15474654,11301,11213041,1104412,10019582,247915,1,2048,0,2048,1,1,1
whole_batch_multiget,1720,2048,3186,132368,15694315,8746,15322909,0,15401176,8697,10425914,1049709,9268534,234761,1,2048,0,2048,1,1,1
whole_batch_multiget,1721,2048,3477,169819,13868511,10199,13454495,0,13533052,9999,9884069,891121,8917966,239739,1,2048,0,2048,1,1,1
whole_batch_multiget,1722,2048,2094,92874,13936419,10450,13595409,0,13676050,9207,10450371,919054,9430908,241673,1,2048,0,2048,1,1,1
whole_batch_multiget,1723,2048,2074,92574,13681380,10660,13358255,0,13430450,9718,10020133,876744,9054593,262593,1,2048,0,2048,1,1,1
whole_batch_multiget,1724,2048,2335,92964,13608663,6262,13293512,0,13362402,6311,9929603,884820,8975975,240171,1,2048,0,2048,1,1,1
whole_batch_multiget,1725,2048,1964,87244,13633390,7474,13321615,0,13389503,9178,10161157,894959,9180298,241543,1,2048,0,2048,1,1,1
whole_batch_multiget,1726,2048,2976,97202,14128930,6973,13794573,0,13867760,7354,10898901,886102,9934804,255409,1,2048,0,2048,1,1,1
whole_batch_multiget,1727,2048,2033,99386,13604776,8325,13280488,0,13351121,10048,10297433,936006,9281878,257894,1,2048,0,2048,1,1,1
whole_batch_multiget,1728,2048,2264,88296,13691860,8145,13381979,0,13449756,9408,10198999,894167,9220123,241383,1,2048,0,2048,1,1,1
whole_batch_multiget,1729,2048,1864,91953,13709463,7484,13399492,0,13468451,8777,10632953,914025,9622477,238958,1,2048,0,2048,1,1,1
whole_batch_multiget,1730,2048,2344,97924,13664569,10430,13339959,0,13412115,8025,11353194,903384,10333661,239058,1,2048,0,2048,1,1,1
whole_batch_multiget,1731,2048,2334,86773,15546789,13907,15219375,0,15308723,13295,11290566,1084594,10097989,236103,1,2048,0,2048,1,1,1
whole_batch_multiget,1732,2048,2114,87805,15114999,14096,14791212,0,14878936,13335,11309862,982954,10221381,266220,1,2048,0,2048,1,1,1
whole_batch_multiget,1733,2048,3226,101621,15574441,12183,15209166,0,15308622,13906,11532760,1141471,10300700,251161,1,2048,0,2048,1,1,1
whole_batch_multiget,1734,2048,2585,105007,15839007,11732,15483460,0,15574320,10099,20533672,1005426,19425854,257984,1,2048,0,2048,1,1,1
whole_batch_multiget,1735,2048,2976,101871,13973178,9398,13648248,0,13717789,9177,11021150,934593,9999905,246783,1,2048,0,2048,1,1,1
whole_batch_multiget,1736,2048,2605,90971,14144729,7845,13819108,0,13891906,10269,13317347,938179,12267628,243617,1,2048,0,2048,1,1,1
whole_batch_multiget,1737,2048,2254,93015,14529691,9958,14200704,0,14277538,9968,10887971,925465,9851127,274895,1,2048,0,2048,1,1,1
whole_batch_multiget,1738,2048,2264,96801,14016128,9808,13690557,0,13762001,11671,11122400,969889,10063234,244188,1,2048,0,2048,1,1,1
whole_batch_multiget,1739,2048,2595,93345,14397413,9167,14045102,0,14146923,9538,11135726,917902,10118107,245080,1,2048,0,2048,1,1,1
whole_batch_multiget,1740,2048,1764,92673,14761977,9578,14426999,0,14506678,9998,10736597,914194,9727525,289443,1,2048,0,2048,1,1,1
whole_batch_multiget,1741,2048,3356,140775,14080238,13375,13628511,0,13725363,10349,11157055,1000005,10054457,244107,1,2048,0,2048,1,1,1
whole_batch_multiget,1742,2048,2235,87113,13792739,7594,13468441,0,13548742,10409,11063791,885961,10087570,241372,1,2048,0,2048,1,1,1
whole_batch_multiget,1743,2048,2063,87214,15299345,13755,14968865,0,15061739,13916,11216608,972444,10155437,240862,1,2048,0,2048,1,1,1
whole_batch_multiget,1744,2048,2845,109174,14173484,12092,13793581,0,13896814,12744,10566207,919845,9561884,247625,1,2048,0,2048,1,1,1
whole_batch_multiget,1745,2048,2465,87584,13886895,9788,13566385,0,13645373,10960,10465909,900439,9474730,246603,1,2048,0,2048,1,1,1
whole_batch_multiget,1746,2048,2565,87083,14188301,9958,13874402,0,13952438,11692,11361799,1013020,10256176,249849,1,2048,0,2048,1,1,1
whole_batch_multiget,1747,2048,2855,91101,14678921,14367,14349804,0,14437569,11842,12073434,1014933,10949918,241293,1,2048,0,2048,1,1,1
whole_batch_multiget,1748,2048,2354,91101,15660542,14227,15302411,0,15405324,13906,11476795,1087640,10281734,245421,1,2048,0,2048,1,1,1
whole_batch_multiget,1749,2048,2254,94638,14762147,11903,14428511,0,14511828,12102,10656046,958829,9606548,239659,1,2048,0,2048,1,1,1
whole_batch_multiget,1750,2048,2455,79409,14364221,12855,14041556,0,14132066,13355,10796820,967264,9741381,238818,1,2048,0,2048,1,1,1
whole_batch_multiget,1751,2048,2484,78287,14872444,12424,14551261,0,14640520,11983,10927596,950182,9882074,253846,1,2048,0,2048,1,1,1
whole_batch_multiget,1752,2048,2204,80431,14563745,12794,14244066,0,14330448,11882,10838368,957946,9788229,240732,1,2048,0,2048,1,1,1
whole_batch_multiget,1753,2048,2144,81693,14626112,12043,14293809,0,14384760,12203,11252575,980879,10165587,250430,1,2048,0,2048,1,1,1
whole_batch_multiget,1754,2048,2444,78257,14461844,9488,14140371,0,14219058,10740,10802000,951705,9745418,307747,1,2048,0,2048,1,1,1
whole_batch_multiget,1755,2048,3376,181781,15537411,13265,15095603,0,15183928,7243,12003403,942117,10966178,251191,1,2048,0,2048,1,1,1
whole_batch_multiget,1756,2048,2595,79760,14489376,6793,14181368,0,14252812,6953,11181011,954831,10115903,243947,1,2048,0,2048,1,1,1
whole_batch_multiget,1757,2048,2114,78127,14414576,10950,14097681,0,14182249,11622,6742345,949391,5723525,248355,1,2048,0,2048,1,1,1
whole_batch_multiget,1758,2048,2004,81032,15553392,12764,15231508,0,15320003,11912,7070631,953038,6031693,248356,1,2048,0,2048,1,1,1
whole_batch_multiget,1759,2048,2394,82174,15732587,8416,15407237,0,15491005,12123,6905723,956694,5881211,248386,1,2048,0,2048,1,1,1
whole_batch_multiget,1760,2048,2244,77375,15684196,12644,15362072,0,15454326,12303,7221805,948188,6207132,240612,1,2048,0,2048,1,1,1
whole_batch_multiget,1761,2048,2054,77285,15786518,12323,15463372,0,15556237,11692,7251331,948549,6235925,245530,1,2048,0,2048,1,1,1
whole_batch_multiget,1762,2048,2394,78347,15840920,14417,15517134,0,15607252,11651,7554929,954080,6535007,247635,1,2048,0,2048,1,1,1
whole_batch_multiget,1763,2048,2214,78497,16041296,13235,15725585,0,15812407,11722,7611616,953278,6589339,243266,1,2048,0,2048,1,1,1
whole_batch_multiget,1764,2048,2785,80792,16123491,8045,15802579,0,15886646,8115,7780222,952086,6764267,241874,1,2048,0,2048,1,1,1
whole_batch_multiget,1765,2048,2305,79489,16159818,10470,15839688,0,15929486,11963,7857979,955271,6830110,235842,1,2048,0,2048,1,1,1
whole_batch_multiget,1766,2048,2214,81683,16169857,7845,15848494,0,15933244,8395,8114208,959489,7074168,242915,1,2048,0,2048,1,1,1
whole_batch_multiget,1767,2048,2725,83807,16240690,12324,15909118,0,16002975,11912,38441980,958498,37376151,241954,1,2048,0,2048,1,1,1
whole_batch_multiget,1768,2048,1953,88586,20615606,14497,20278062,0,20371508,12293,8256496,949781,7240300,247384,1,2048,0,2048,1,1,1
whole_batch_multiget,1769,2048,2334,74399,18933440,12774,18626084,0,18714219,13775,8200400,955923,7174957,240321,1,2048,0,2048,1,1,1
whole_batch_multiget,1770,2048,2134,75562,18221496,14067,17916033,0,18004499,12052,8048866,944962,7038081,242144,1,2048,0,2048,1,1,1
whole_batch_multiget,1771,2048,1903,75061,18440626,12614,18131437,0,18221976,11742,8236848,960302,7210323,238137,1,2048,0,2048,1,1,1
whole_batch_multiget,1772,2048,2294,80120,18415289,11913,18074881,0,18170580,13114,8386719,1007109,7302065,236473,1,2048,0,2048,1,1,1
whole_batch_multiget,1773,2048,2394,79710,18451867,12243,18108504,0,18195757,11932,8517194,939762,7511048,240531,1,2048,0,2048,1,1,1
whole_batch_multiget,1774,2048,2324,76754,18470142,11141,18171131,0,18251972,11922,8542973,939562,7539170,243747,1,2048,0,2048,1,1,1
whole_batch_multiget,1775,2048,2154,75502,18290234,11491,17988168,0,18072947,12182,8408821,957345,7385391,240200,1,2048,0,2048,1,1,1
whole_batch_multiget,1776,2048,2014,77185,20476656,11983,20167415,0,20256052,12343,8427526,943830,7416570,249729,1,2048,0,2048,1,1,1
whole_batch_multiget,1777,2048,2034,81303,18703389,12203,18392416,0,18479760,12293,8653541,948880,7638326,237505,1,2048,0,2048,1,1,1
whole_batch_multiget,1778,2048,2264,75612,18605365,12103,18300122,0,18387527,11993,8758707,947587,7745818,235331,1,2048,0,2048,1,1,1
whole_batch_multiget,1779,2048,2275,76554,19072522,12754,18754875,0,18849183,12173,8730144,940103,7720460,238247,1,2048,0,2048,1,1,1
whole_batch_multiget,1780,2048,2124,76764,18643807,11692,18335980,0,18421851,11872,8718341,945453,7706715,236403,1,2048,0,2048,1,1,1
whole_batch_multiget,1781,2048,2014,77605,18876002,12093,18565511,0,18655359,12353,8871469,950834,7853740,235812,1,2048,0,2048,1,1,1
whole_batch_multiget,1782,2048,1904,84990,18673243,12053,18358913,0,18445596,11893,8923286,943449,7913212,242104,1,2048,0,2048,1,1,1
whole_batch_multiget,1783,2048,2425,93285,18963498,14497,18624552,0,18717325,11611,10494733,945844,9480791,240120,1,2048,0,2048,1,1,1
whole_batch_multiget,1784,2048,2435,77455,18905398,11712,18596088,0,18684163,11732,9200587,942728,8189149,232826,1,2048,0,2048,1,1,1
whole_batch_multiget,1785,2048,2094,77916,18816792,11391,18508844,0,18593804,12083,9108424,947187,8094291,243867,1,2048,0,2048,1,1,1
whole_batch_multiget,1786,2048,1963,77796,19297213,11832,18978856,0,19068875,12944,9182852,946145,8168190,236734,1,2048,0,2048,1,1,1
whole_batch_multiget,1787,2048,2354,76794,18916809,11993,18606999,0,18696176,12784,9311515,957576,8270432,238988,1,2048,0,2048,1,1,1
whole_batch_multiget,1788,2048,2785,89127,19182838,15859,18850926,0,18942187,12303,9252364,936937,8247208,248085,1,2048,0,2048,1,1,1
whole_batch_multiget,1789,2048,2104,77495,19208427,13215,18858170,0,18955312,13766,9127229,1007109,8049958,238117,1,2048,0,2048,1,1,1
whole_batch_multiget,1790,2048,2254,81333,18823084,12123,18505939,0,18592561,12303,8608676,949932,7586479,282079,1,2048,0,2048,1,1,1
whole_batch_multiget,1791,2048,2234,88165,19078343,12113,18748584,0,18836920,12694,8836443,938640,7829103,244699,1,2048,0,2048,1,1,1
whole_batch_multiget,1792,2048,2155,77325,18978846,11331,18670497,0,18755336,13104,9035266,939332,8022797,239129,1,2048,0,2048,1,1,1
whole_batch_multiget,1793,2048,2445,85460,19180484,13416,18845656,0,18934704,12764,9155372,949371,8137813,240441,1,2048,0,2048,1,1,1
whole_batch_multiget,1794,2048,2013,79459,18911329,12323,18601187,0,18683431,11541,8829139,946866,7814387,237666,1,2048,0,2048,1,1,1
whole_batch_multiget,1795,2048,2495,78167,18681628,12604,18371317,0,18457117,11993,8721919,933611,7720971,230693,1,2048,0,2048,1,1,1
whole_batch_multiget,1796,2048,2093,80711,20775746,12293,20454754,0,20546506,12193,9212870,927670,8214918,237906,1,2048,0,2048,1,1,1
whole_batch_multiget,1797,2048,2234,76714,18439074,12132,18129062,0,18215093,12263,8984761,907151,8009402,242445,1,2048,0,2048,1,1,1
whole_batch_multiget,1798,2048,2244,75752,18253736,12674,17940789,0,18025418,11161,8857453,883076,7909705,246612,1,2048,0,2048,1,1,1
whole_batch_multiget,1799,2048,1864,72185,17828168,11261,17530048,0,17615609,11351,8992265,891612,8015324,285866,1,2048,0,2048,1,1,1
whole_batch_multiget,1800,2048,2063,77505,17828809,12093,17521362,0,17607815,11922,8534056,869751,7597941,241673,1,2048,0,2048,1,1,1
whole_batch_multiget,1801,2048,2515,73699,17523206,11622,17221199,0,17311008,11352,8619466,863770,7690043,241753,1,2048,0,2048,1,1,1
whole_batch_multiget,1802,2048,2084,76023,17819882,11472,17514770,0,17602284,11662,8840631,879680,7897943,232916,1,2048,0,2048,1,1,1
whole_batch_multiget,1803,2048,1953,73378,17837726,11401,17521002,0,17625688,11442,8662677,866706,7731952,245741,1,2048,0,2048,1,1,1
whole_batch_multiget,1804,2048,2104,70572,17740243,11151,17443756,0,17530379,11812,8555917,887124,7604302,241363,1,2048,0,2048,1,1,1
whole_batch_multiget,1805,2048,2184,73418,17598557,11782,17291091,0,17382992,11852,8699477,872547,7760265,237014,1,2048,0,2048,1,1,1
whole_batch_multiget,1806,2048,1773,76514,17891096,11181,17581255,0,17671905,10430,19260605,896882,18263745,247354,1,2048,0,2048,1,1,1
whole_batch_multiget,1807,2048,2094,75521,19721208,7163,19413621,0,19490065,6762,9788609,1023069,8703053,245801,1,2048,0,2048,1,1,1
whole_batch_multiget,1808,2048,1804,73177,20043232,6402,19744372,0,19830613,6983,9899537,1104191,8733190,244699,1,2048,0,2048,1,1,1
whole_batch_multiget,1809,2048,2404,73759,19542032,8836,19201704,0,19300088,11682,10472432,1134728,9238367,246603,1,2048,0,2048,1,1,1
whole_batch_multiget,1810,2048,2595,92724,20996770,10059,20635723,0,20731533,13385,10976397,1169123,9721463,243818,1,2048,0,2048,1,1,1
whole_batch_multiget,1811,2048,2395,94387,18973747,7414,18629631,0,18712426,10419,9659366,916649,8647429,244428,1,2048,0,2048,1,1,1
whole_batch_multiget,1812,2048,2164,94097,18642746,8997,18297427,0,18382217,10179,9124834,905729,8151258,242034,1,2048,0,2048,1,1,1
whole_batch_multiget,1813,2048,17803,90109,19052033,7714,18712336,0,18796474,10450,9005080,903143,8022437,248586,1,2048,0,2048,1,1,1
whole_batch_multiget,1814,2048,2996,79970,20682832,13235,20341742,0,20457670,10901,9496081,984797,8428257,256471,1,2048,0,2048,1,1,1
whole_batch_multiget,1815,2048,2495,82665,18759104,14618,18435326,0,18529333,12183,9179797,913884,8191925,233067,1,2048,0,2048,1,1,1
whole_batch_multiget,1816,2048,2414,76524,19898050,11141,19588970,0,19679050,12343,9329147,938651,8312781,250781,1,2048,0,2048,1,1,1
whole_batch_multiget,1817,2048,1893,79570,18658415,11572,18349996,0,18437240,11722,9386335,908454,8379977,240080,1,2048,0,2048,1,1,1
whole_batch_multiget,1818,2048,2324,75832,18495990,12203,18181110,0,18276329,11622,9381726,883226,8400305,238848,1,2048,0,2048,1,1,1
whole_batch_multiget,1819,2048,2214,75522,18466886,12684,18152065,0,18245721,11431,9659477,890570,8674470,240652,1,2048,0,2048,1,1,1
whole_batch_multiget,1820,2048,2886,85991,18395602,16220,18064832,0,18163046,10971,9167695,874240,8218434,236764,1,2048,0,2048,1,1,1
whole_batch_multiget,1821,2048,1794,71965,18214261,11181,17889863,0,17984070,11822,9328666,869882,8363747,234890,1,2048,0,2048,1,1,1
whole_batch_multiget,1822,2048,6543,73909,18244418,11442,17938184,0,18028534,11662,9350117,885421,8367624,244198,1,2048,0,2048,1,1,1
whole_batch_multiget,1823,2048,2124,75672,18498625,12414,18186791,0,18279224,11562,9253977,880352,8256365,261871,1,2048,0,2048,1,1,1
whole_batch_multiget,1824,2048,2806,118503,18752602,10540,18390412,0,18484729,6983,9316794,888116,8363095,236454,1,2048,0,2048,1,1,1
whole_batch_multiget,1825,2048,2755,84418,18480821,11181,18138560,0,18237866,14498,9563668,926899,8558853,232636,1,2048,0,2048,1,1,1
whole_batch_multiget,1826,2048,2014,73959,18468258,9348,18117981,0,18229461,18004,9866776,941486,8813350,241573,1,2048,0,2048,1,1,1
whole_batch_multiget,1827,2048,1853,74319,18480541,12353,18171802,0,18263624,11922,9894628,864882,8919879,241603,1,2048,0,2048,1,1,1
whole_batch_multiget,1828,2048,2164,73548,18623830,10891,18313839,0,18408597,12022,9533821,877326,8541530,246673,1,2048,0,2048,1,1,1
whole_batch_multiget,1829,2048,2585,71764,18505257,9658,18191529,0,18282690,11582,9467277,881333,8464746,332934,1,2048,0,2048,1,1,1
whole_batch_multiget,1830,2048,2665,99797,18710552,12394,18363331,0,18460724,9858,9577603,873107,8632461,239068,1,2048,0,2048,1,1,1
whole_batch_multiget,1831,2048,2214,81754,18595938,11401,18284073,0,18376055,12053,9707868,891983,8732548,244819,1,2048,0,2048,1,1,1
whole_batch_multiget,1832,2048,2034,75011,18503114,11472,18192661,0,18285215,11521,9818625,879570,8832135,235181,1,2048,0,2048,1,1,1
whole_batch_multiget,1833,2048,1864,72957,20294633,12564,19996304,0,20085111,11001,10071490,878678,9088616,234871,1,2048,0,2048,1,1,1
whole_batch_multiget,1834,2048,2033,72886,18660920,12203,18358823,0,18449183,11822,9894818,874570,8914029,242435,1,2048,0,2048,1,1,1
whole_batch_multiget,1835,2048,2445,73728,18509225,11161,18201609,0,18291787,11411,9479149,885281,8500723,253425,1,2048,0,2048,1,1,1
whole_batch_multiget,1836,2048,2845,98725,18851417,14337,18473047,0,18583114,12132,9721272,920096,8725635,237104,1,2048,0,2048,1,1,1
whole_batch_multiget,1837,2048,2685,80721,18844794,13826,18423203,0,18530315,10099,10898751,928882,9892093,241423,1,2048,0,2048,1,1,1
whole_batch_multiget,1838,2048,2425,133009,18801022,6252,18291386,0,18384311,6593,9937659,886472,8964784,243377,1,2048,0,2048,1,1,1
whole_batch_multiget,1839,2048,2004,76173,18864161,8816,18570540,0,18653025,9638,10518258,876684,9536256,241793,1,2048,0,2048,1,1,1
whole_batch_multiget,1840,2048,2124,78157,18828404,9888,18532078,0,18611937,9768,9973225,869651,9003737,243055,1,2048,0,2048,1,1,1
whole_batch_multiget,1841,2048,2204,78577,18751950,8516,18440316,0,18532648,10520,10058826,878107,9076754,249188,1,2048,0,2048,1,1,1
whole_batch_multiget,1842,2048,2475,68799,18672792,13725,18384080,0,18483076,11171,9555682,880721,8578770,256571,1,2048,0,2048,1,1,1
whole_batch_multiget,1843,2048,2625,71153,18706946,12544,18421731,0,18509496,8896,9482815,877165,8538765,234650,1,2048,0,2048,1,1,1
whole_batch_multiget,1844,2048,2565,80731,18187322,8316,17881759,0,17968691,9087,9473769,875913,8527915,245170,1,2048,0,2048,1,1,1
whole_batch_multiget,1845,2048,2063,80952,18252994,7925,17948133,0,18035186,10029,9630042,886332,8667186,244589,1,2048,0,2048,1,1,1
whole_batch_multiget,1846,2048,2114,80921,18598272,6583,18292007,0,18376647,6692,9706856,890300,8741756,244729,1,2048,0,2048,1,1,1
whole_batch_multiget,1847,2048,6863,81814,18197961,8486,17884463,0,17974613,11712,9665228,873348,8709064,246232,1,2048,0,2048,1,1,1
whole_batch_multiget,1848,2048,2054,81303,18155041,6162,17858835,0,17934918,6723,9550192,880692,8603566,253736,1,2048,0,2048,1,1,1
whole_batch_multiget,1849,2048,2435,79489,18238487,7915,17925190,0,18008926,9859,10063405,866325,9087103,243447,1,2048,0,2048,1,1,1
whole_batch_multiget,1850,2048,2174,83116,18307266,7855,17984571,0,18069441,9668,9835848,885000,8870096,243928,1,2048,0,2048,1,1,1
whole_batch_multiget,1851,2048,1954,81423,18218770,7934,17912156,0,17992976,9508,9905157,874590,8944556,241824,1,2048,0,2048,1,1,1
whole_batch_multiget,1852,2048,2124,81553,20221958,5991,19895796,0,19987748,10760,10858606,1046733,9727374,240792,1,2048,0,2048,1,1,1
whole_batch_multiget,1853,2048,2084,81663,20454864,9428,20141466,0,20225384,10159,9900279,882375,8938354,239549,1,2048,0,2048,1,1,1
whole_batch_multiget,1854,2048,2455,66985,20163408,15048,19855320,0,19950058,10850,10507868,953028,9467677,248847,1,2048,0,2048,1,1,1
whole_batch_multiget,1855,2048,2244,82996,20308560,13044,19981376,0,20082536,12594,10897980,1041713,9763682,271269,1,2048,0,2048,1,1,1
whole_batch_multiget,1856,2048,2264,137128,22301288,14728,21745756,0,21855962,11792,10670002,959409,9623459,247594,1,2048,0,2048,1,1,1
whole_batch_multiget,1857,2048,2114,79850,20170281,13566,19831545,0,19925461,12704,11124625,1097619,9941616,237195,1,2048,0,2048,1,1,1
whole_batch_multiget,1858,2048,2585,82044,21295231,14107,20985269,0,21079035,12453,11051628,1022388,9940664,237084,1,2048,0,2048,1,1,1
whole_batch_multiget,1859,2048,2545,82504,21164294,14287,20853371,0,20949782,12494,11130125,1119519,9910778,248285,1,2048,0,2048,1,1,1
whole_batch_multiget,1860,2048,2705,86162,19451062,14537,19114340,0,19209989,11091,10493301,953679,9451968,251241,1,2048,0,2048,1,1,1
whole_batch_multiget,1861,2048,2335,86963,19299277,11321,18967705,0,19062743,10209,10433769,955522,9379101,243737,1,2048,0,2048,1,1,1
whole_batch_multiget,1862,2048,2365,86802,19650084,11422,19316869,0,19412068,9709,10403904,938460,9379832,254567,1,2048,0,2048,1,1,1
whole_batch_multiget,1863,2048,2635,86492,19421717,10831,19092679,0,19185774,10199,11028304,933621,10004244,257223,1,2048,0,2048,1,1,1
whole_batch_multiget,1864,2048,2716,93786,19181116,10891,18844364,0,18942267,10139,10220449,926438,9206717,245701,1,2048,0,2048,1,1,1
whole_batch_multiget,1865,2048,2395,87003,19630238,10730,19260194,0,19357046,10690,10092278,929904,9088587,247955,1,2048,0,2048,1,1,1
whole_batch_multiget,1866,2048,2274,85350,18899016,10159,18586740,0,18670447,10690,10071550,923411,9070432,239198,1,2048,0,2048,1,1,1
whole_batch_multiget,1867,2048,2114,84148,18995086,9097,18675788,0,18764985,10290,10052885,901580,9073828,241293,1,2048,0,2048,1,1,1
whole_batch_multiget,1868,2048,2464,82826,18836639,10700,18515607,0,18604975,10550,10367083,928561,9332804,250109,1,2048,0,2048,1,1,1
whole_batch_multiget,1869,2048,2444,82755,18702918,10870,18369263,0,18462768,9849,9922350,885471,8948383,244648,1,2048,0,2048,1,1,1
whole_batch_multiget,1870,2048,2224,83617,18347662,10800,18027391,0,18118933,10760,10016126,883867,9044424,252273,1,2048,0,2048,1,1,1
whole_batch_multiget,1871,2048,2174,89518,18429887,10420,18110517,0,18197581,9317,10310217,873038,9221135,485130,1,2048,0,2048,1,1,1
whole_batch_multiget,1872,2048,3968,99517,19419282,14848,19060820,0,19156930,9909,9823134,870382,8876008,247294,1,2048,0,2048,1,1,1
whole_batch_multiget,1873,2048,3095,83547,19116724,10399,18797877,0,18886753,10290,10249594,873218,9303089,247524,1,2048,0,2048,1,1,1
whole_batch_multiget,1874,2048,2194,84749,18243717,5911,17946169,0,18021400,6211,10168231,872887,9227767,251181,1,2048,0,2048,1,1,1
whole_batch_multiget,1875,2048,2345,80762,18538540,8095,18221415,0,18313779,9889,10280091,875722,9313538,246663,1,2048,0,2048,1,1,1
whole_batch_multiget,1876,2048,2565,78277,18362460,6422,18065122,0,18150612,7494,10113899,870392,9159018,252684,1,2048,0,2048,1,1,1
whole_batch_multiget,1877,2048,2194,82756,18491262,6182,18194124,0,18276569,6472,9997511,876323,9034946,241803,1,2048,0,2048,1,1,1
whole_batch_multiget,1878,2048,2344,77084,18688071,8125,18382708,0,18472246,10941,10201844,879870,9239680,248076,1,2048,0,2048,1,1,1
whole_batch_multiget,1879,2048,2144,77244,18288652,6291,17988108,0,18069440,6572,10070578,873778,9135634,237596,1,2048,0,2048,1,1,1
whole_batch_multiget,1880,2048,2535,78948,18328096,10059,18030929,0,18113483,14597,10394385,863841,9456937,244509,1,2048,0,2048,1,1,1
whole_batch_multiget,1881,2048,2024,79088,18255009,9828,17953122,0,18036008,9939,10679400,892243,9708559,242164,1,2048,0,2048,1,1,1
whole_batch_multiget,1882,2048,2054,81323,18499507,10430,18191389,0,18275738,9749,10333061,874610,9371698,236814,1,2048,0,2048,1,1,1
whole_batch_multiget,1883,2048,2124,102742,18444033,8576,18119996,0,18199855,8516,10704557,884719,9720191,244368,1,2048,0,2048,1,1,1
whole_batch_multiget,1884,2048,2194,84008,18471895,9228,18159389,0,18243417,10139,10591726,889328,9615073,244959,1,2048,0,2048,1,1,1
whole_batch_multiget,1885,2048,2345,81343,18879410,9918,18548399,0,18629801,13114,11735159,1052964,10588078,242244,1,2048,0,2048,1,1,1
whole_batch_multiget,1886,2048,2305,64892,20659027,10339,20380014,0,20467417,10710,11784663,1055680,10645607,248406,1,2048,0,2048,1,1,1
whole_batch_multiget,1887,2048,1964,65843,20446238,9087,20151385,0,20235403,10419,11576683,1044569,10443046,253846,1,2048,0,2048,1,1,1
whole_batch_multiget,1888,2048,2154,69109,21491268,7795,21186787,0,21274211,8656,11288151,1061861,10143966,254858,1,2048,0,2048,1,1,1
whole_batch_multiget,1889,2048,2044,76744,21280342,11782,20968768,0,21057925,10881,12693287,983304,11612089,257263,1,2048,0,2048,1,1,1
whole_batch_multiget,1890,2048,2124,71714,20916790,14648,20592953,0,20687050,11121,11560733,1103820,10361403,253816,1,2048,0,2048,1,1,1
whole_batch_multiget,1891,2048,4268,152726,21518840,15449,21059087,0,21166690,11342,10919400,973946,9867266,248006,1,2048,0,2048,1,1,1
whole_batch_multiget,1892,2048,2384,73178,19826897,9107,19534187,0,19617554,11692,10950177,1007580,9856747,247104,1,2048,0,2048,1,1,1
whole_batch_multiget,1893,2048,2324,71945,19951730,9067,19658581,0,19743590,10911,11101031,950212,10054288,249158,1,2048,0,2048,1,1,1
whole_batch_multiget,1894,2048,2605,71294,20342203,10480,20047239,0,20135285,10941,11399511,952647,10331878,239779,1,2048,0,2048,1,1,1
whole_batch_multiget,1895,2048,2404,78006,19892078,12293,19580885,0,19675502,12183,11254479,956153,10190764,236413,1,2048,0,2048,1,1,1
whole_batch_multiget,1896,2048,2244,72886,19816256,11622,19508389,0,19599870,12223,11250261,963858,10187757,249828,1,2048,0,2048,1,1,1
whole_batch_multiget,1897,2048,2284,73147,20233058,12173,19918618,0,20010000,13055,6416124,945132,5401110,243627,1,2048,0,2048,1,1,1
whole_batch_multiget,1898,2048,2184,72977,21090887,12313,20775536,0,20874802,12053,6703723,944883,5691815,241553,1,2048,0,2048,1,1,1
whole_batch_multiget,1899,2048,2545,75211,21044379,12353,20730270,0,20827663,11541,6740642,951645,5725278,248065,1,2048,0,2048,1,1,1
whole_batch_multiget,1900,2048,2204,72766,21645206,11442,21328743,0,21426006,11481,6941028,947878,5927427,246192,1,2048,0,2048,1,1,1
whole_batch_multiget,1901,2048,2124,73958,21389406,12554,21076601,0,21175095,11531,7117419,953539,6095763,239669,1,2048,0,2048,1,1,1
whole_batch_multiget,1902,2048,2514,78658,21411398,12623,21095215,0,21193669,11692,7088074,939432,6081636,241563,1,2048,0,2048,1,1,1
whole_batch_multiget,1903,2048,2184,72055,21405447,12934,21091418,0,21189772,12564,7513282,941787,6474483,242795,1,2048,0,2048,1,1,1
whole_batch_multiget,1904,2048,1994,77395,21624097,13576,21300871,0,21400799,12584,7482744,957085,6455818,240120,1,2048,0,2048,1,1,1
whole_batch_multiget,1905,2048,2044,74650,21447376,12213,21137124,0,21232002,12102,7586829,950743,6565083,246402,1,2048,0,2048,1,1,1
whole_batch_multiget,1906,2048,2555,77986,22561094,13986,22237688,0,22337425,11953,24386559,959620,23314417,241342,1,2048,0,2048,1,1,1
whole_batch_multiget,1907,2048,2534,75512,27783239,11912,27455865,0,27551033,11101,7967664,943510,6945386,239249,1,2048,0,2048,1,1,1
whole_batch_multiget,1908,2048,2625,83277,25560220,11302,25226865,0,25320751,10339,8477841,944652,7428383,243697,1,2048,0,2048,1,1,1
whole_batch_multiget,1909,2048,2044,72737,26332498,6933,26024771,0,26115972,11362,8388594,952176,7329467,265087,1,2048,0,2048,1,1,1
whole_batch_multiget,1910,2048,2284,80702,25762058,9518,25443972,0,25536675,11272,8474474,978816,7424876,257723,1,2048,0,2048,1,1,1
whole_batch_multiget,1911,2048,2324,73207,26367103,8687,26047604,0,26139326,11111,8503819,941586,7503322,244719,1,2048,0,2048,1,1,1
whole_batch_multiget,1912,2048,1974,71404,28546420,14367,28229406,0,28326207,11090,8813159,942829,7748242,256270,1,2048,0,2048,1,1,1
whole_batch_multiget,1913,2048,2665,73788,26048084,13486,25740036,0,25835346,12052,10213155,959971,9142287,240551,1,2048,0,2048,1,1,1
whole_batch_multiget,1914,2048,2084,73017,26191092,12964,25870631,0,25971781,13686,9369483,1161909,8117335,237144,1,2048,0,2048,1,1,1
whole_batch_multiget,1915,2048,2415,72846,26323531,12243,26004853,0,26101635,8336,8533575,951755,7524443,240141,1,2048,0,2048,1,1,1
whole_batch_multiget,1916,2048,2886,75361,26722169,10049,26407128,0,26499121,10219,8716949,937859,7666889,266480,1,2048,0,2048,1,1,1
whole_batch_multiget,1917,2048,2765,78727,26549354,10029,26197806,0,26302251,12704,8924268,969308,7844843,250721,1,2048,0,2048,1,1,1
whole_batch_multiget,1918,2048,2585,74370,26596092,12263,26291301,0,26384926,11692,8579031,953989,7562153,266620,1,2048,0,2048,1,1,1
whole_batch_multiget,1919,2048,2254,73187,26693615,8305,26387321,0,26481257,11552,8748068,949451,7713137,265729,1,2048,0,2048,1,1,1
whole_batch_multiget,1920,2048,2545,81583,26852222,12684,26510883,0,26612594,11782,9479730,958669,8406797,248116,1,2048,0,2048,1,1,1
whole_batch_multiget,1921,2048,2534,73398,26357876,11452,26053265,0,26149716,11622,9130896,1101055,7949550,249468,1,2048,0,2048,1,1,1
whole_batch_multiget,1922,2048,2054,71814,26944847,8917,26629825,0,26720876,14166,10999460,1742337,9140403,268935,1,2048,0,2048,1,1,1
whole_batch_multiget,1923,2048,3497,80762,26280981,13906,25956332,0,26050830,11953,9221105,954069,8160966,239299,1,2048,0,2048,1,1,1
whole_batch_multiget,1924,2048,2755,74810,26021274,10098,25681828,0,25781744,11462,9137919,952185,8084603,261360,1,2048,0,2048,1,1,1
whole_batch_multiget,1925,2048,2384,77225,26931561,8947,26614707,0,26706860,11211,9044073,958257,8022236,256531,1,2048,0,2048,1,1,1
whole_batch_multiget,1926,2048,2966,104607,26464506,12693,26099420,0,26196843,11552,9511599,945073,8449277,235742,1,2048,0,2048,1,1,1
whole_batch_multiget,1927,2048,2495,73548,26175313,10319,25864390,0,25956983,10560,9633037,957486,8565736,250801,1,2048,0,2048,1,1,1
whole_batch_multiget,1928,2048,3466,76483,26948433,13225,26617563,0,26725485,9728,9927169,1143956,8681883,239148,1,2048,0,2048,1,1,1
whole_batch_multiget,1929,2048,3737,73027,27199724,10079,26803140,0,26924077,11832,9906861,1068734,8731988,236053,1,2048,0,2048,1,1,1
whole_batch_multiget,1930,2048,2665,72045,27202870,11121,26906324,0,26996935,10730,9657043,1118498,8459016,293059,1,2048,0,2048,1,1,1
whole_batch_multiget,1931,2048,2875,71223,27125466,8737,26829991,0,26920711,11311,9413976,951164,8367223,261531,1,2048,0,2048,1,1,1
whole_batch_multiget,1932,2048,2565,74610,26113157,11652,25788668,0,25883216,10409,9411572,938600,8395486,239489,1,2048,0,2048,1,1,1
whole_batch_multiget,1933,2048,2515,71284,26204979,6161,25894146,0,25986058,8045,9694983,960832,8670482,249778,1,2048,0,2048,1,1,1
whole_batch_multiget,1934,2048,2695,84398,25913633,9127,25581550,0,25674414,11031,10828850,954561,9809157,234961,1,2048,0,2048,1,1,1
whole_batch_multiget,1935,2048,2424,71464,26280560,6623,25957424,0,26059496,7073,10175505,939632,9131607,251432,1,2048,0,2048,1,1,1
whole_batch_multiget,1936,2048,2274,71774,25951794,6823,25644086,0,25736520,7103,9799629,952577,8778735,244669,1,2048,0,2048,1,1,1
whole_batch_multiget,1937,2048,2204,70493,25953497,8466,25636823,0,25729617,10239,9843652,934002,8846963,251742,1,2048,0,2048,1,1,1
whole_batch_multiget,1938,2048,1994,70572,27750086,6382,27447319,0,27536385,7464,10094884,956925,9050064,241533,1,2048,0,2048,1,1,1
whole_batch_multiget,1939,2048,2334,72165,26956278,6592,26645635,0,26740192,7884,9858800,962285,8822607,249848,1,2048,0,2048,1,1,1
whole_batch_multiget,1940,2048,1963,70903,25952125,8817,25656861,0,25747210,10630,9769453,962055,8741886,246152,1,2048,0,2048,1,1,1
whole_batch_multiget,1941,2048,2575,71824,26381039,6712,26076087,0,26163731,7333,9451436,951815,8437144,266891,1,2048,0,2048,1,1,1
whole_batch_multiget,1942,2048,2104,79590,26153873,9357,25817783,0,25914303,11382,9805120,948589,8770289,258274,1,2048,0,2048,1,1,1
whole_batch_multiget,1943,2048,2936,80792,26647038,6983,26247308,0,26350662,10911,9860544,1011727,8780438,255189,1,2048,0,2048,1,1,1
whole_batch_multiget,1944,2048,2174,74760,26234484,10490,25924582,0,26019000,10600,9857017,948689,8837816,247935,1,2048,0,2048,1,1,1
whole_batch_multiget,1945,2048,2074,107932,26313071,12363,25932929,0,26030802,10460,9820379,956954,8788503,240571,1,2048,0,2048,1,1,1
whole_batch_multiget,1946,2048,2324,73799,26235055,11080,25930464,0,26019851,10690,9882195,946746,8859737,255690,1,2048,0,2048,1,1,1
whole_batch_multiget,1947,2048,2224,75251,25900738,10429,25593502,0,25683210,10950,9955923,949360,8936651,245681,1,2048,0,2048,1,1,1
whole_batch_multiget,1948,2048,2214,75632,25725059,10760,25403415,0,25497863,11251,9761739,948439,8732549,240611,1,2048,0,2048,1,1,1
whole_batch_multiget,1949,2048,2184,76313,26124117,11772,25770564,0,25867515,10871,9809839,934283,8792010,248356,1,2048,0,2048,1,1,1
whole_batch_multiget,1950,2048,2205,75311,26080626,10229,25772567,0,25861735,10219,9684774,953508,8650254,245750,1,2048,0,2048,1,1,1
whole_batch_multiget,1951,2048,2174,76534,26159002,11011,25787445,0,25899837,11662,9864391,1029200,8764488,249307,1,2048,0,2048,1,1,1
whole_batch_multiget,1952,2048,2074,77535,25780543,10680,25450985,0,25546944,10670,9757160,941225,8749611,275417,1,2048,0,2048,1,1,1
whole_batch_multiget,1953,2048,2404,77645,25923000,9918,25585126,0,25681847,11261,9786244,949330,8755482,249548,1,2048,0,2048,1,1,1
whole_batch_multiget,1954,2048,1923,77415,27986540,10861,27645149,0,27742162,10239,9787557,944041,8777603,249688,1,2048,0,2048,1,1,1
whole_batch_multiget,1955,2048,2365,92002,25822321,9698,25450103,0,25557544,10930,11041900,917702,10047154,287319,1,2048,0,2048,1,1,1
whole_batch_multiget,1956,2048,2495,95459,25425848,9888,25054741,0,25152444,10850,10084494,912181,9084328,250760,1,2048,0,2048,1,1,1
whole_batch_multiget,1957,2048,2955,102022,25224981,10630,24848194,0,24940166,10199,9852669,909195,8858875,240521,1,2048,0,2048,1,1,1
whole_batch_multiget,1958,2048,2555,74750,24833907,14227,24508837,0,24609156,8666,9720371,889358,8758798,235502,1,2048,0,2048,1,1,1
whole_batch_multiget,1959,2048,2194,72286,24763335,10249,24451991,0,24542902,11932,10026255,874961,9049052,239469,1,2048,0,2048,1,1,1
whole_batch_multiget,1960,2048,3156,124443,24408590,9308,24053042,0,24135387,10780,9955061,1004063,8875557,67397,1,2048,0,2048,1,1,1
whole_batch_multiget,1961,2048,922,76443,24421894,8025,24118656,0,24204657,10310,10058846,999605,8980684,57889,1,2048,0,2048,1,1,1
whole_batch_multiget,1962,2048,3376,239689,24919568,9989,24405484,0,24512715,11241,9881052,877876,8921803,234039,1,2048,0,2048,1,1,1
whole_batch_multiget,1963,2048,1432,142337,24497997,10119,24129516,0,24210959,10630,9966212,1017018,8883441,68709,1,2048,0,2048,1,1,1
whole_batch_multiget,1964,2048,3427,245070,24967157,5932,24453494,0,24547841,7034,10158263,882195,9210084,246312,1,2048,0,2048,1,1,1
whole_batch_multiget,1965,2048,2675,90620,25018454,10600,24673486,0,24764457,10760,10307011,880551,9339126,241934,1,2048,0,2048,1,1,1
whole_batch_multiget,1966,2048,2294,86262,24501804,6231,24163439,0,24248739,6983,10065668,892273,9093957,243146,1,2048,0,2048,1,1,1
whole_batch_multiget,1967,2048,2204,90760,24359788,5811,24018388,0,24102796,23804,9288992,872216,8330885,245861,1,2048,0,2048,1,1,1
whole_batch_multiget,1968,2048,2865,97443,24607813,9047,24235205,0,24326164,9998,9235562,866245,8299667,249177,1,2048,0,2048,1,1,1
whole_batch_multiget,1969,2048,2034,86002,24488459,6132,24152138,0,24236487,7343,9945062,937418,8905783,241262,1,2048,0,2048,1,1,1
whole_batch_multiget,1970,2048,2154,107852,24332516,9708,23960619,0,24049917,10720,10147792,876354,9162324,280626,1,2048,0,2048,1,1,1
whole_batch_multiget,1971,2048,2535,86553,24662305,8475,24310085,0,24401205,10449,9735409,865955,8784485,266831,1,2048,0,2048,1,1,1
whole_batch_multiget,1972,2048,2875,90329,24177787,8095,23815066,0,23904464,10299,9795752,868309,8839338,262352,1,2048,0,2048,1,1,1
whole_batch_multiget,1973,2048,2815,96290,24542020,6933,24157279,0,24261283,10860,9979076,969538,8909881,246933,1,2048,0,2048,1,1,1
whole_batch_multiget,1974,2048,2465,86803,24690128,5741,24362573,0,24445329,6201,9669295,880962,8725676,257613,1,2048,0,2048,1,1,1
whole_batch_multiget,1975,2048,2675,86713,24663317,8045,24301790,0,24390555,9768,9731262,884208,8764578,249378,1,2048,0,2048,1,1,1
whole_batch_multiget,1976,2048,2945,94387,24820061,8476,24468832,0,24559783,10871,9690726,866735,8737848,240862,1,2048,0,2048,1,1,1
whole_batch_multiget,1977,2048,2565,86452,24606630,7985,24265832,0,24355660,10910,10742788,885411,9770515,237556,1,2048,0,2048,1,1,1
whole_batch_multiget,1978,2048,2254,89007,24686250,6021,24348557,0,24434518,7023,9705633,879009,8759028,238979,1,2048,0,2048,1,1,1
whole_batch_multiget,1979,2048,2124,91532,25009647,6162,24667425,0,24756051,6802,9853029,884579,8895023,250299,1,2048,0,2048,1,1,1
whole_batch_multiget,1980,2048,2064,85200,24871067,5751,24538533,0,24626037,6553,9832452,887985,8872160,258164,1,2048,0,2048,1,1,1
whole_batch_multiget,1981,2048,2434,87033,24269618,7624,23933438,0,24019580,9699,9711203,882555,8750643,257714,1,2048,0,2048,1,1,1
whole_batch_multiget,1982,2048,3437,94847,24635936,8296,24278145,0,24375217,10600,9755728,873739,8793002,244739,1,2048,0,2048,1,1,1
whole_batch_multiget,1983,2048,2374,84809,25147415,8346,24816875,0,24902436,10079,9927279,886653,8971907,237686,1,2048,0,2048,1,1,1
whole_batch_multiget,1984,2048,2575,123091,24853173,7955,24421243,0,24540407,9097,10915061,925977,9887304,244880,1,2048,0,2048,1,1,1
whole_batch_multiget,1985,2048,2104,87985,25300442,8466,24969321,0,25055122,10820,10257619,888527,9267040,251862,1,2048,0,2048,1,1,1
whole_batch_multiget,1986,2048,2655,83908,25133499,7975,24802459,0,24888039,9878,10199920,876504,9218600,258205,1,2048,0,2048,1,1,1
whole_batch_multiget,1987,2048,2344,87103,25785112,8055,25425768,0,25536635,11000,10856361,1071159,9695515,245700,1,2048,0,2048,1,1,1
whole_batch_multiget,1988,2048,3146,127439,28887480,14137,28474946,0,28589090,12654,10766283,1128576,9540554,246712,1,2048,0,2048,1,1,1
whole_batch_multiget,1989,2048,2054,84819,30062563,10550,29675878,0,29820680,13065,11979388,1042716,10816687,276128,1,2048,0,2048,1,1,1
whole_batch_multiget,1990,2048,2745,95960,29379383,19026,28976366,0,29099006,13745,11173737,1090445,9970240,243316,1,2048,0,2048,1,1,1
whole_batch_multiget,1991,2048,2374,87124,28864867,12935,28528427,0,28628053,13456,11426962,949972,10353539,247505,1,2048,0,2048,1,1,1
whole_batch_multiget,1992,2048,2806,87354,29834396,12273,29477276,0,29587262,15188,11501571,1143515,10272326,249258,1,2048,0,2048,1,1,1
whole_batch_multiget,1993,2048,2395,91041,30018441,12734,29662013,0,29764455,12644,11837571,1062513,10661276,252123,1,2048,0,2048,1,1,1
whole_batch_multiget,1994,2048,2134,92042,30989442,14578,30621492,0,30726649,12884,11332104,1138045,10090264,247654,1,2048,0,2048,1,1,1
whole_batch_multiget,1995,2048,3196,89167,27498935,13646,27165481,0,27262642,11832,11081714,946746,10017518,251902,1,2048,0,2048,1,1,1
whole_batch_multiget,1996,2048,1924,77756,27098104,13315,26771141,0,26872401,12814,11054593,960602,9997520,280256,1,2048,0,2048,1,1,1
whole_batch_multiget,1997,2048,2394,91591,27187932,15589,26840231,0,26948583,12443,12217114,932449,11166904,236814,1,2048,0,2048,1,1,1
whole_batch_multiget,1998,2048,2265,77455,27363352,14497,27031970,0,27137237,13004,21653191,938991,20597431,235381,1,2048,0,2048,1,1,1
whole_batch_multiget,1999,2048,2214,77626,29131928,13926,28809283,0,28906916,11762,11176452,965671,10088661,253195,1,2048,0,2048,1,1,1
whole_batch_multiget,2000,2048,2395,88446,27266540,9006,26925440,0,27014967,8837,11300755,947818,10242681,246312,1,2048,0,2048,1,1,1
whole_batch_multiget,2001,2048,2264,85911,27622697,8706,27298319,0,27388458,10761,10971999,951254,9939432,247454,1,2048,0,2048,1,1,1
whole_batch_multiget,2002,2048,2806,83396,27236213,9238,26909670,0,27001894,10741,11111130,938420,10062162,271339,1,2048,0,2048,1,1,1
whole_batch_multiget,2003,2048,2194,77325,27797976,6462,27469490,0,27556804,7554,11302479,959650,10218605,304381,1,2048,0,2048,1,1,1
whole_batch_multiget,2004,2048,2615,98886,29281058,9568,28931282,0,29023475,11532,11099658,959039,10026435,241674,1,2048,0,2048,1,1,1
whole_batch_multiget,2005,2048,2545,77456,27141345,9247,26825242,0,26917765,8356,11082135,946134,10037245,249868,1,2048,0,2048,1,1,1
whole_batch_multiget,2006,2048,2554,78437,27600306,9488,27261580,0,27358572,8746,11005251,954310,9926898,291377,1,2048,0,2048,1,1,1
whole_batch_multiget,2007,2048,2154,76313,27476203,11111,27161864,0,27251251,8926,11421231,955933,10356424,256150,1,2048,0,2048,1,1,1
whole_batch_multiget,2008,2048,2445,78096,27519995,8055,27194104,0,27284784,9939,11003988,940664,9963196,258124,1,2048,0,2048,1,1,1
whole_batch_multiget,2009,2048,3617,95339,27541876,11932,27154759,0,27247854,11221,11000292,944371,9966072,252744,1,2048,0,2048,1,1,1
whole_batch_multiget,2010,2048,2004,75622,27045555,6533,26719033,0,26808791,8496,11037832,946756,10011166,236414,1,2048,0,2048,1,1,1
whole_batch_multiget,2011,2048,2435,82144,26781069,10600,26471699,0,26554084,10119,10737599,950442,9698399,247604,1,2048,0,2048,1,1,1
whole_batch_multiget,2012,2048,1934,79750,26787321,8275,26478662,0,26560094,10019,10888331,931497,9876153,246132,1,2048,0,2048,1,1,1
whole_batch_multiget,2013,2048,2024,77325,26473833,5871,26138134,0,26226539,6753,10699518,941676,9677541,264746,1,2048,0,2048,1,1,1
whole_batch_multiget,2014,2048,2034,81393,28332028,12493,27978054,0,28078091,10790,11300284,959559,10207265,256211,1,2048,0,2048,1,1,1
whole_batch_multiget,2015,2048,2404,81052,26709324,11292,26359168,0,26454597,10900,11188334,959259,10148013,251321,1,2048,0,2048,1,1,1
whole_batch_multiget,2016,2048,2224,117170,26955426,12022,26543374,0,26652338,10821,11170411,956965,10115993,252564,1,2048,0,2048,1,1,1
whole_batch_multiget,2017,2048,1994,80081,26582998,11611,26176315,0,26306779,10600,12309968,952326,11250712,249007,1,2048,0,2048,1,1,1
whole_batch_multiget,2018,2048,2405,81333,26931311,9427,26576044,0,26673126,11301,11243678,948549,10197446,250600,1,2048,0,2048,1,1,1
whole_batch_multiget,2019,2048,1903,82615,26849798,8556,26497006,0,26594269,10831,11782649,942708,10731778,258314,1,2048,0,2048,1,1,1
whole_batch_multiget,2020,2048,2254,84118,26910051,9388,26562379,0,26659231,11893,11370376,934873,10336136,297498,1,2048,0,2048,1,1,1
whole_batch_multiget,2021,2048,2364,84439,26851121,9388,26500222,0,26591073,12463,11474100,948529,10413150,282470,1,2048,0,2048,1,1,1
whole_batch_multiget,2022,2048,2605,97573,27510046,7073,27143689,0,27236924,6964,11455365,947938,10395577,259316,1,2048,0,2048,1,1,1
whole_batch_multiget,2023,2048,2395,91252,27765376,11391,27405731,0,27504045,11672,12149366,947907,11086483,257112,1,2048,0,2048,1,1,1
whole_batch_multiget,2024,2048,2695,88916,28225898,9247,27850796,0,27944361,11441,11451447,964890,10385609,245871,1,2048,0,2048,1,1,1
whole_batch_multiget,2025,2048,2454,87063,27490600,7153,27154138,0,27239939,8706,11699082,961023,10631299,248075,1,2048,0,2048,1,1,1
whole_batch_multiget,2026,2048,2124,82404,27175469,8205,26844889,0,26933835,11151,11323678,943159,10298746,278723,1,2048,0,2048,1,1,1
whole_batch_multiget,2027,2048,2175,76363,26858605,8506,26506434,0,26599007,11251,11480963,968196,10408111,247003,1,2048,0,2048,1,1,1
whole_batch_multiget,2028,2048,2424,85410,26794314,8316,26445129,0,26537482,11241,11869502,994094,10769999,280105,1,2048,0,2048,1,1,1
whole_batch_multiget,2029,2048,2675,92934,28552291,8767,28192777,0,28283367,7905,11671721,950593,10620199,233939,1,2048,0,2048,1,1,1
whole_batch_multiget,2030,2048,2024,79850,26892608,8826,26566847,0,26654040,10841,11426822,959029,10375880,253766,1,2048,0,2048,1,1,1
whole_batch_multiget,2031,2048,2545,83366,27097662,8606,26738900,0,26831734,11111,11376867,942287,10333361,238347,1,2048,0,2048,1,1,1
whole_batch_multiget,2032,2048,2585,87574,26848896,8185,26505502,0,26593568,10660,11713238,958718,10649353,249438,1,2048,0,2048,1,1,1
whole_batch_multiget,2033,2048,2144,81823,26789574,7675,26467260,0,26550457,9427,11764855,962435,10688416,292529,1,2048,0,2048,1,1,1
whole_batch_multiget,2034,2048,2594,85440,27008495,8696,26650554,0,26737427,10861,11539934,936516,10505935,253596,1,2048,0,2048,1,1,1
whole_batch_multiget,2035,2048,2515,97694,26617563,8536,26253830,0,26344430,10940,11609734,924594,10598568,268985,1,2048,0,2048,1,1,1
whole_batch_multiget,2036,2048,2284,97223,26619436,13355,26249171,0,26344530,10770,11565963,909145,10538956,253746,1,2048,0,2048,1,1,1
whole_batch_multiget,2037,2048,2785,96110,25882684,9057,25517890,0,25608159,12483,7841517,1022478,6738819,250580,1,2048,0,2048,1,1,1
whole_batch_multiget,2038,2048,2504,97262,26915361,8225,26532603,0,26620387,11061,6547169,945363,5532636,285085,1,2048,0,2048,1,1,1
whole_batch_multiget,2039,2048,2625,135975,27539842,10069,27121608,0,27207088,10409,6825812,891362,5866553,278362,1,2048,0,2048,1,1,1
whole_batch_multiget,2040,2048,2485,152496,26847214,6933,26371060,0,26457712,7053,6832915,876404,5897351,271690,1,2048,0,2048,1,1,1
whole_batch_multiget,2041,2048,2755,155522,27122579,9899,26640916,0,26731797,10028,7274072,891753,6307890,276588,1,2048,0,2048,1,1,1
whole_batch_multiget,2042,2048,3477,156363,27016550,8856,26561457,0,26646627,8356,7235520,886733,6285639,253616,1,2048,0,2048,1,1,1
whole_batch_multiget,2043,2048,2575,77355,27029545,8717,26569302,0,26657447,10289,7102712,876674,6167077,263364,1,2048,0,2048,1,1,1
whole_batch_multiget,2044,2048,2114,60925,28269190,9608,27381325,0,28041463,21411,7966120,1421546,6439387,251491,1,2048,0,2048,1,1,1
whole_batch_multiget,2045,2048,2534,112851,27539352,12483,27163697,0,27255849,11030,33486776,883747,32504975,255008,1,2048,0,2048,1,1,1
whole_batch_multiget,2046,2048,2565,94948,31200508,7333,30845302,0,30938496,7053,7930735,969649,6864805,246712,1,2048,0,2048,1,1,1
whole_batch_multiget,2047,2048,2314,79158,30522285,11151,30192999,0,30297043,12052,7629299,882766,6686050,232646,1,2048,0,2048,1,1,1
whole_batch_multiget,2048,2048,2484,90620,29742734,8346,29409008,0,29493877,10189,7483135,881854,6546368,243787,1,2048,0,2048,1,1,1
whole_batch_multiget,2049,2048,2004,90109,30446404,8446,30010245,0,30094284,10810,7635461,891572,6682965,255219,1,2048,0,2048,1,1,1
whole_batch_multiget,2050,2048,2164,84668,30398915,7945,30067272,0,30150869,10590,7445434,880060,6505451,250520,1,2048,0,2048,1,1,1
whole_batch_multiget,2051,2048,2064,85711,30262108,8306,29923152,0,30014554,9928,7526837,877365,6561367,245500,1,2048,0,2048,1,1,1
whole_batch_multiget,2052,2048,2214,92333,30412069,9227,30063205,0,30149386,11131,7611736,904557,6649611,258595,1,2048,0,2048,1,1,1
whole_batch_multiget,2053,2048,2013,84809,32130722,5941,31791907,0,31876426,6803,7853330,880812,6906554,239058,1,2048,0,2048,1,1,1
whole_batch_multiget,2054,2048,2976,134221,30623706,10180,30234356,0,30325638,10449,8407819,878388,7450313,242465,1,2048,0,2048,1,1,1
whole_batch_multiget,2055,2048,2325,91962,30299258,5801,29952737,0,30039801,7274,7905617,880682,6962268,268834,1,2048,0,2048,1,1,1
whole_batch_multiget,2056,2048,2124,94747,30903531,9749,30547112,0,30636250,9869,8801418,895960,7820408,247013,1,2048,0,2048,1,1,1
whole_batch_multiget,2057,2048,2224,88977,31047080,12243,30706251,0,30796751,9568,9128260,883337,8185282,260037,1,2048,0,2048,1,1,1
whole_batch_multiget,2058,2048,2395,89558,29729278,10700,29386756,0,29476013,10219,8740723,868098,7776605,239500,1,2048,0,2048,1,1,1
whole_batch_multiget,2059,2048,2254,87284,33907064,8305,33568229,0,33654390,10971,8239664,879119,7298909,265448,1,2048,0,2048,1,1,1
whole_batch_multiget,2060,2048,3196,106299,30783415,14928,30386351,0,30482231,10189,8495183,900860,7491340,243326,1,2048,0,2048,1,1,1
whole_batch_multiget,2061,2048,2444,89187,31393039,7805,31050376,0,31137680,10249,8387060,878007,7439122,256291,1,2048,0,2048,1,1,1
whole_batch_multiget,2062,2048,3797,107080,31340060,12694,30949387,0,31054834,7093,8866119,988494,7783217,243356,1,2048,0,2048,1,1,1
whole_batch_multiget,2063,2048,2144,87705,35163561,7644,34799027,0,34905978,13385,9628128,1095855,8413530,239499,1,2048,0,2048,1,1,1
whole_batch_multiget,2064,2048,2244,87114,35784776,13275,35414522,0,35533254,12504,9482806,1104812,8250594,265197,1,2048,0,2048,1,1,1
whole_batch_multiget,2065,2048,2906,71374,36460734,11261,36131757,0,36230121,10670,9759314,926428,8741605,262633,1,2048,0,2048,1,1,1
whole_batch_multiget,2066,2048,4849,111198,35866058,13455,35480285,0,35574381,11832,9320451,1075317,8175945,144040,1,2048,0,2048,1,1,1
whole_batch_multiget,2067,2048,4098,316724,31712598,10960,31117933,0,31211899,11542,8812207,896993,7809947,243387,1,2048,0,2048,1,1,1
whole_batch_multiget,2068,2048,2525,77044,32765002,6722,32471622,0,32555128,6662,8713873,886703,7722815,322745,1,2048,0,2048,1,1,1
whole_batch_multiget,2069,2048,3557,81663,34585767,7875,34233727,0,34363751,8857,31108916,1214528,29765827,276128,1,2048,0,2048,1,1,1
whole_batch_multiget,2070,2048,2285,77916,31463031,9017,31153470,0,31247757,9758,9906099,1087920,8751093,251652,1,2048,0,2048,1,1,1
whole_batch_multiget,2071,2048,2134,77215,35090895,6923,34770894,0,34874358,13896,9194605,1086838,8003782,241343,1,2048,0,2048,1,1,1
whole_batch_multiget,2072,2048,2344,78608,33698242,6863,33394332,0,33483991,6913,8977898,908725,7964708,252093,1,2048,0,2048,1,1,1
whole_batch_multiget,2073,2048,2374,93766,31359346,6422,31004991,0,31117172,12473,9377067,1194530,8109390,250239,1,2048,0,2048,1,1,1
whole_batch_multiget,2074,2048,2084,78066,36663514,10479,36270447,0,36377918,8546,9662021,1129989,8458214,253105,1,2048,0,2048,1,1,1
whole_batch_multiget,2075,2048,2494,80922,35746434,8777,35413910,0,35517986,13576,10777383,1138735,9541906,249137,1,2048,0,2048,1,1,1
whole_batch_multiget,2076,2048,2214,83206,36596097,6903,36285154,0,36370925,7224,9581912,1022067,8450590,262612,1,2048,0,2048,1,1,1
whole_batch_multiget,2077,2048,2675,69881,33494110,11511,33188687,0,33283284,8766,9789540,953058,8721237,239429,1,2048,0,2048,1,1,1
whole_batch_multiget,2078,2048,2474,72005,34160229,8596,33837574,0,33930588,12523,9146454,966773,8114068,240471,1,2048,0,2048,1,1,1
whole_batch_multiget,2079,2048,2695,72486,32851034,6842,32523480,0,32630690,8305,9586570,973646,8506003,246883,1,2048,0,2048,1,1,1
whole_batch_multiget,2080,2048,2264,71755,33549604,7985,33246596,0,33341023,11221,9560601,951003,8527123,272802,1,2048,0,2048,1,1,1
whole_batch_multiget,2081,2048,2124,72015,33161456,8596,32858597,0,32948135,10570,9382738,956484,8361222,280165,1,2048,0,2048,1,1,1
whole_batch_multiget,2082,2048,2224,80661,32801761,13245,32493623,0,32591106,11441,9305482,954420,8279939,239809,1,2048,0,2048,1,1,1
whole_batch_multiget,2083,2048,2144,78056,33374195,11161,33058843,0,33154222,10620,9592751,934773,8582838,244067,1,2048,0,2048,1,1,1
whole_batch_multiget,2084,2048,2274,72245,32981658,11512,32667830,0,32764411,11151,9390683,946315,8376911,251873,1,2048,0,2048,1,1,1
whole_batch_multiget,2085,2048,2385,73528,34321171,6131,34011650,0,34104133,7084,9544371,947267,8528065,249298,1,2048,0,2048,1,1,1
whole_batch_multiget,2086,2048,2555,72365,32588421,8486,32278099,0,32368368,11001,9779401,946795,8744310,262453,1,2048,0,2048,1,1,1
whole_batch_multiget,2087,2048,2254,76333,33059003,7975,32744053,0,32837528,11121,9753423,981131,8691030,233168,1,2048,0,2048,1,1,1
whole_batch_multiget,2088,2048,2124,78016,32809405,8115,32490638,0,32585956,11251,9700905,948780,8679529,249428,1,2048,0,2048,1,1,1
whole_batch_multiget,2089,2048,2164,73137,32532847,8636,32217585,0,32312824,10429,9986470,958789,8940939,262061,1,2048,0,2048,1,1,1
whole_batch_multiget,2090,2048,2705,95629,33288314,12894,32908871,0,33012316,7795,9705924,951935,8682644,246933,1,2048,0,2048,1,1,1
whole_batch_multiget,2091,2048,2665,73658,33317007,8406,32993080,0,33087257,11151,9929994,941235,8905753,234018,1,2048,0,2048,1,1,1
whole_batch_multiget,2092,2048,2205,73638,32853087,9328,32507489,0,32601506,11281,9867757,949942,8829770,248596,1,2048,0,2048,1,1,1
whole_batch_multiget,2093,2048,2134,74049,33072098,6292,32760714,0,32849521,6963,10806048,938120,9791264,246161,1,2048,0,2048,1,1,1
whole_batch_multiget,2094,2048,2625,72556,32496379,7023,32182670,0,32274422,7694,9963888,948238,8941760,256661,1,2048,0,2048,1,1,1
whole_batch_multiget,2095,2048,2484,75472,32893523,12273,32574024,0,32672999,11141,9973105,955583,8945608,243286,1,2048,0,2048,1,1,1
whole_batch_multiget,2096,2048,2134,78277,33032914,7945,32715820,0,32808273,11001,10269271,989015,9184787,248165,1,2048,0,2048,1,1,1
whole_batch_multiget,2097,2048,2494,75322,33028807,13745,32713346,0,32811429,13225,9904697,946686,8876278,239669,1,2048,0,2048,1,1,1
whole_batch_multiget,2098,2048,2695,73108,33147059,14026,32837107,0,32937225,13275,9850144,934052,8836753,236072,1,2048,0,2048,1,1,1
whole_batch_multiget,2099,2048,2465,108413,34470501,13365,34071563,0,34172542,11532,9814557,938120,8793692,246573,1,2048,0,2048,1,1,1
whole_batch_multiget,2100,2048,2244,73868,32831788,9027,32517648,0,32610212,11231,10085215,952126,9049322,243757,1,2048,0,2048,1,1,1
whole_batch_multiget,2101,2048,2194,72456,33749489,8536,33413298,0,33504429,11231,10059517,948849,9043101,245380,1,2048,0,2048,1,1,1
whole_batch_multiget,2102,2048,1983,71775,33522262,5921,33217070,0,33304915,7734,10370400,965060,9332103,241272,1,2048,0,2048,1,1,1
whole_batch_multiget,2103,2048,1864,72215,33235455,7914,32927276,0,33019028,10840,10139517,941957,9109486,243737,1,2048,0,2048,1,1,1
whole_batch_multiget,2104,2048,2334,73458,33128514,8696,32809355,0,32909462,11191,10232211,940443,9216195,237526,1,2048,0,2048,1,1,1
whole_batch_multiget,2105,2048,1984,71494,33369326,8256,33049416,0,33152659,11211,10342418,980439,9276729,281498,1,2048,0,2048,1,1,1
whole_batch_multiget,2106,2048,2284,73889,33273205,14807,32957743,0,33063522,12253,10084233,958848,9041647,250871,1,2048,0,2048,1,1,1
whole_batch_multiget,2107,2048,2614,74870,32993069,11221,32684732,0,32782014,12734,10350272,961954,9294652,266770,1,2048,0,2048,1,1,1
whole_batch_multiget,2108,2048,2394,76664,33372471,9678,33056919,0,33154933,9649,10171086,947216,9131225,248245,1,2048,0,2048,1,1,1
whole_batch_multiget,2109,2048,2835,76193,33299194,9267,32992078,0,33086725,10981,10381421,949030,9357871,240491,1,2048,0,2048,1,1,1
whole_batch_multiget,2110,2048,2104,73248,33039557,8185,32726740,0,32819053,11141,10453647,943790,9427011,248786,1,2048,0,2048,1,1,1
whole_batch_multiget,2111,2048,1984,76213,32960198,8196,32653994,0,32744524,10540,11488617,947127,10457393,250059,1,2048,0,2048,1,1,1
whole_batch_multiget,2112,2048,2084,74059,35318011,11241,35001176,0,35091786,12112,10488982,973436,9431018,237416,1,2048,0,2048,1,1,1
whole_batch_multiget,2113,2048,2575,78557,33089791,6321,32771695,0,32858417,9167,10486298,941125,9458590,243497,1,2048,0,2048,1,1,1
whole_batch_multiget,2114,2048,2074,73107,34307796,14127,33992905,0,34090138,11281,10616672,990919,9539391,247945,1,2048,0,2048,1,1,1
whole_batch_multiget,2115,2048,2485,72667,33274307,11081,32960328,0,33057821,11462,10407820,942297,9371927,247234,1,2048,0,2048,1,1,1
whole_batch_multiget,2116,2048,2214,72285,33668186,11913,33354097,0,33464424,12724,10775269,994065,9679133,251713,1,2048,0,2048,1,1,1
whole_batch_multiget,2117,2048,2364,74439,33343657,12473,33026012,0,33125418,10600,10542663,940334,9528852,247474,1,2048,0,2048,1,1,1
whole_batch_multiget,2118,2048,1933,72967,33065546,12183,32748602,0,32848689,11401,10983670,1022738,9866214,247043,1,2048,0,2048,1,1,1
whole_batch_multiget,2119,2048,1934,73488,32474998,8285,32150740,0,32245898,9899,10688907,949391,9652413,245149,1,2048,0,2048,1,1,1
whole_batch_multiget,2120,2048,2405,73618,33318149,5971,33007787,0,33100351,7194,10869506,944101,9835907,245100,1,2048,0,2048,1,1,1
whole_batch_multiget,2121,2048,2324,73438,33026423,8165,32714257,0,32808824,10940,10717020,955612,9681869,253996,1,2048,0,2048,1,1,1
whole_batch_multiget,2122,2048,2064,73208,32707625,7945,32392783,0,32488694,9738,10265804,944992,9229350,251442,1,2048,0,2048,1,1,1
whole_batch_multiget,2123,2048,2364,95910,33149123,6803,32791471,0,32890778,6963,10327379,949320,9293269,250680,1,2048,0,2048,1,1,1
whole_batch_multiget,2124,2048,2485,73608,33877097,6643,33569921,0,33659430,8306,10585564,953979,9526918,283081,1,2048,0,2048,1,1,1
whole_batch_multiget,2125,2048,3898,80641,36295062,11762,35970424,0,36071012,11171,10785880,951585,9731392,261050,1,2048,0,2048,1,1,1
whole_batch_multiget,2126,2048,3436,85741,34192800,10690,33883831,0,33973158,11101,10459067,946005,9433793,258865,1,2048,0,2048,1,1,1
whole_batch_multiget,2127,2048,2665,76263,34811790,11962,34500858,0,34599242,10099,10657618,1017078,9554921,248436,1,2048,0,2048,1,1,1
whole_batch_multiget,2128,2048,2725,75922,34220402,8195,33892647,0,33992504,11903,10756414,958057,9681979,239489,1,2048,0,2048,1,1,1
whole_batch_multiget,2129,2048,2074,73187,34253403,11161,33960725,0,34049221,11621,11860875,947036,10805766,231745,1,2048,0,2048,1,1,1
whole_batch_multiget,2130,2048,2394,77094,35014381,12794,34704390,0,34805089,12493,11097654,950472,10033599,243286,1,2048,0,2048,1,1,1
whole_batch_multiget,2131,2048,2455,73378,34737932,14076,34397123,0,34514954,14056,11094748,985378,9994215,240281,1,2048,0,2048,1,1,1
whole_batch_multiget,2132,2048,2435,72977,34790691,14207,34486291,0,34586138,13195,10986526,945864,9927670,245921,1,2048,0,2048,1,1,1
whole_batch_multiget,2133,2048,2274,73328,35364478,13024,35065556,0,35160204,11782,11045356,946625,9986861,235371,1,2048,0,2048,1,1,1
whole_batch_multiget,2134,2048,2335,73407,34608429,13586,34290563,0,34401943,14127,10960016,955522,9875722,263244,1,2048,0,2048,1,1,1
whole_batch_multiget,2135,2048,2424,75622,34135171,14918,33828136,0,33926030,12444,11063820,945022,9989777,265558,1,2048,0,2048,1,1,1
whole_batch_multiget,2136,2048,3206,80090,34041957,17683,33729241,0,33830080,12233,10741065,948569,9714671,233508,1,2048,0,2048,1,1,1
whole_batch_multiget,2137,2048,2675,78447,34287638,14958,33853143,0,33978708,14027,10840753,1002330,9750217,237014,1,2048,0,2048,1,1,1
whole_batch_multiget,2138,2048,3046,81783,35921352,14627,35599648,0,35701509,12513,10976236,1013460,9867036,241603,1,2048,0,2048,1,1,1
whole_batch_multiget,2139,2048,2274,71494,34017621,12994,33707560,0,33805734,13946,11143430,948079,10084153,239119,1,2048,0,2048,1,1,1
whole_batch_multiget,2140,2048,2014,73949,35166476,12443,34845384,0,34944600,13055,11101622,943479,10043707,247444,1,2048,0,2048,1,1,1
whole_batch_multiget,2141,2048,2514,82014,34584554,12884,34275916,0,34371695,12753,11251723,939202,10198367,247885,1,2048,0,2048,1,1,1
whole_batch_multiget,2142,2048,2595,71805,34988522,13204,34693528,0,34788426,11992,11060754,950943,9995076,247043,1,2048,0,2048,1,1,1
whole_batch_multiget,2143,2048,2114,72476,33912363,13746,33614004,0,33712359,13526,11229011,960031,10155838,239209,1,2048,0,2048,1,1,1
whole_batch_multiget,2144,2048,2575,70222,34698168,13335,34403756,0,34499756,12984,11064772,961213,9989837,238757,1,2048,0,2048,1,1,1
whole_batch_multiget,2145,2048,2374,72886,34174336,12604,33876517,0,33970843,12493,10662077,934262,9623780,242936,1,2048,0,2048,1,1,1
whole_batch_multiget,2146,2048,2475,71654,33419850,12674,33120358,0,33218172,12704,11700905,945654,10675342,232035,1,2048,0,2048,1,1,1
whole_batch_multiget,2147,2048,2505,80241,33316517,10189,33012797,0,33105831,10770,10726428,953729,9694292,258525,1,2048,0,2048,1,1,1
whole_batch_multiget,2148,2048,2214,70082,33622731,12674,33329000,0,33423467,12293,10933917,933812,9908664,241232,1,2048,0,2048,1,1,1
whole_batch_multiget,2149,2048,2875,71163,33135467,13495,32838339,0,32934890,12173,10940679,940885,9904476,237305,1,2048,0,2048,1,1,1
whole_batch_multiget,2150,2048,2735,74380,33778693,13305,32757167,0,33489500,18544,12327160,1787493,10427617,234139,1,2048,0,2048,1,1,1
whole_batch_multiget,2151,2048,2174,70192,32801781,13044,32502961,0,32597317,11141,10856392,928752,9833273,243597,1,2048,0,2048,1,1,1
whole_batch_multiget,2152,2048,2394,69380,31254518,12824,30946110,0,31049364,12383,11311344,894187,10296622,241002,1,2048,0,2048,1,1,1
whole_batch_multiget,2153,2048,2054,68188,31184006,12484,30891418,0,30986837,11812,10468163,888146,9486652,232336,1,2048,0,2048,1,1,1
whole_batch_multiget,2154,2048,2274,72637,32052967,11913,31763643,0,31853563,11872,10446392,866856,9493014,240380,1,2048,0,2048,1,1,1
whole_batch_multiget,2155,2048,2374,92373,31589297,10489,31278785,0,31366078,12143,10784627,883487,9808276,250670,1,2048,0,2048,1,1,1
whole_batch_multiget,2156,2048,2194,68678,31148030,12303,30862643,0,30952693,11100,10706019,870193,9743264,228489,1,2048,0,2048,1,1,1
whole_batch_multiget,2157,2048,2004,70151,31702279,12434,31414279,0,31504047,11572,10405186,869862,9455193,236293,1,2048,0,2048,1,1,1
whole_batch_multiget,2158,2048,2365,73988,30980585,9909,30674901,0,30766724,10890,10556449,869320,9599985,236694,1,2048,0,2048,1,1,1
whole_batch_multiget,2159,2048,2685,77646,34480630,13816,34143988,0,34258072,14226,11982463,1117135,10762555,247955,1,2048,0,2048,1,1,1
whole_batch_multiget,2160,2048,2235,71504,35356001,10419,35041071,0,35136469,11201,11599535,1032296,10476709,252674,1,2048,0,2048,1,1,1
whole_batch_multiget,2161,2048,1903,69911,34561652,10690,34246541,0,34341418,11391,11492454,1055459,10329132,254256,1,2048,0,2048,1,1,1
whole_batch_multiget,2162,2048,2575,89047,32205453,10049,31868661,0,31959431,10770,10433659,907061,9449453,239018,1,2048,0,2048,1,1,1
whole_batch_multiget,2163,2048,2645,91972,32433380,10409,32072573,0,32164015,10610,10297073,907713,9306805,238537,1,2048,0,2048,1,1,1
whole_batch_multiget,2164,2048,2395,92363,33699004,9988,33325833,0,33424128,10300,11974729,882596,11004970,246072,1,2048,0,2048,1,1,1
whole_batch_multiget,2165,2048,2515,88005,31581392,9237,31244641,0,31336252,10429,10306941,866505,9353423,255670,1,2048,0,2048,1,1,1
whole_batch_multiget,2166,2048,3667,148849,32661748,11231,32244586,0,32335076,12063,10285922,993694,9214803,210265,1,2048,0,2048,1,1,1
whole_batch_multiget,2167,2048,2124,73257,30501486,11532,30192557,0,30287866,11471,10231679,1016035,9135323,64000,1,2048,0,2048,1,1,1
whole_batch_multiget,2168,2048,3256,240671,35283515,7965,34769572,0,34868778,8356,11048171,968847,9998683,250360,1,2048,0,2048,1,1,1
whole_batch_multiget,2169,2048,2234,69941,34773188,8476,34464048,0,34557093,10771,11304141,1010756,10196534,262823,1,2048,0,2048,1,1,1
whole_batch_multiget,2170,2048,2204,74910,36461625,6913,36144360,0,36234038,7684,11712157,1059177,10572779,257383,1,2048,0,2048,1,1,1
whole_batch_multiget,2171,2048,2254,76383,32967992,8747,32658072,0,32748642,10841,10701081,951124,9643747,249067,1,2048,0,2048,1,1,1
whole_batch_multiget,2172,2048,2395,75291,33879302,6763,33562047,0,33649621,7123,10718072,940023,9680616,279635,1,2048,0,2048,1,1,1
whole_batch_multiget,2173,2048,3046,112872,33522673,8416,33145636,0,33240084,10089,10757196,942307,9728677,246833,1,2048,0,2048,1,1,1
whole_batch_multiget,2174,2048,2104,76864,33172967,8937,32856112,0,32951692,10098,11246853,939081,10214999,250159,1,2048,0,2048,1,1,1
whole_batch_multiget,2175,2048,2314,75572,33558470,8736,33222580,0,33323539,10350,10826336,954580,9776737,259547,1,2048,0,2048,1,1,1
whole_batch_multiget,2176,2048,2835,115045,33667265,10399,33261643,0,33359406,10349,10787823,953479,9743484,237676,1,2048,0,2048,1,1,1
whole_batch_multiget,2177,2048,3256,83356,35766932,11050,35425261,0,35520299,12123,6691209,940424,5684081,250870,1,2048,0,2048,1,1,1
whole_batch_multiget,2178,2048,2785,81132,35285950,9158,34968645,0,35060387,7995,6670931,947326,5663482,281979,1,2048,0,2048,1,1,1
whole_batch_multiget,2179,2048,2344,77335,35541940,9107,35200019,0,35301208,9027,6762823,956353,5741739,258635,1,2048,0,2048,1,1,1
whole_batch_multiget,2180,2048,2234,77586,35519588,9468,35186664,0,35278567,10650,7324607,960562,6303342,284554,1,2048,0,2048,1,1,1
whole_batch_multiget,2181,2048,2114,76092,35661193,8476,35316808,0,35416204,8035,7424735,967074,6396667,259346,1,2048,0,2048,1,1,1
whole_batch_multiget,2182,2048,2244,84208,35228973,10049,34894977,0,34996297,11021,8250644,955552,7228427,251442,1,2048,0,2048,1,1,1
whole_batch_multiget,2183,2048,3146,78487,35510110,8857,35124507,0,35237109,11843,30196595,1024051,29072446,257463,1,2048,0,2048,1,1,1
whole_batch_multiget,2184,2048,2926,85060,41382214,12273,41048468,0,41148045,13044,7752009,949030,6733419,233678,1,2048,0,2048,1,1,1
whole_batch_multiget,2185,2048,2414,76384,41600824,10169,41285944,0,41380190,11462,7951363,954400,6929787,247755,1,2048,0,2048,1,1,1
whole_batch_multiget,2186,2048,2505,78918,40871585,10459,40552858,0,40647004,11160,8015423,954560,6996913,236564,1,2048,0,2048,1,1,1
whole_batch_multiget,2187,2048,2404,77996,42334510,11120,41993170,0,42097535,11922,8326025,977584,7264535,241022,1,2048,0,2048,1,1,1
whole_batch_multiget,2188,2048,2705,80360,43170989,11211,42845939,0,42942029,11963,8282514,958297,7259716,243968,1,2048,0,2048,1,1,1
whole_batch_multiget,2189,2048,2424,76944,44344750,11141,44026062,0,44123064,9828,8143273,945153,7121046,272762,1,2048,0,2048,1,1,1
whole_batch_multiget,2190,2048,3627,108844,42519667,11722,42159852,0,42250703,10579,8453354,965841,7386604,122019,1,2048,0,2048,1,1,1
whole_batch_multiget,2191,2048,1833,74199,42666502,9798,42343266,0,42448132,9879,8494322,968317,7427170,125335,1,2048,0,2048,1,1,1
whole_batch_multiget,2192,2048,2024,78818,42324711,9878,41928609,0,42058752,13846,8452573,1120311,7261399,226364,1,2048,0,2048,1,1,1
whole_batch_multiget,2193,2048,3065,284213,43012852,11302,42424198,0,42519397,10580,8442885,957365,7423292,245210,1,2048,0,2048,1,1,1
whole_batch_multiget,2194,2048,2174,126707,43937636,9027,43427529,0,43516406,10640,8950718,950082,7880840,337333,1,2048,0,2048,1,1,1
whole_batch_multiget,2195,2048,3597,76784,42519767,9428,42221437,0,42305586,10801,8889813,942087,7824345,237916,1,2048,0,2048,1,1,1
whole_batch_multiget,2196,2048,2495,73628,42655372,9929,42305485,0,42420982,11552,8907016,1044098,7772137,272441,1,2048,0,2048,1,1,1
whole_batch_multiget,2197,2048,2224,73267,42433445,10250,42121721,0,42215978,11351,9647244,951494,8629184,276549,1,2048,0,2048,1,1,1
whole_batch_multiget,2198,2048,2405,81593,42493278,11982,42178658,0,42275168,11582,8512515,973606,7460082,274474,1,2048,0,2048,1,1,1
whole_batch_multiget,2199,2048,2635,93475,46281933,16131,45937237,0,46036042,10450,9386675,921198,8347155,249538,1,2048,0,2048,1,1,1
whole_batch_multiget,2200,2048,2485,87805,52139329,9578,51729800,0,51865615,10119,10761193,1576437,9045204,375454,1,2048,0,2048,1,1,1
whole_batch_multiget,2201,2048,5280,146114,48231971,14136,47788749,0,47889358,9798,9230442,1083643,8051781,265177,1,2048,0,2048,1,1,1
whole_batch_multiget,2202,2048,2925,86573,39979403,8285,39648642,0,39736457,8125,8379716,880651,7408474,301295,1,2048,0,2048,1,1,1
whole_batch_multiget,2203,2048,2555,86993,39676775,7263,39352958,0,39438868,8045,8549605,912972,7543167,243006,1,2048,0,2048,1,1,1
whole_batch_multiget,2204,2048,2094,100789,40460946,8276,40033273,0,40120447,7694,8485294,912982,7483927,252283,1,2048,0,2048,1,1,1
whole_batch_multiget,2205,2048,2495,85951,40168247,8957,39844119,0,39931492,9618,8764107,890810,7781946,238327,1,2048,0,2048,1,1,1
whole_batch_multiget,2206,2048,2946,89809,41004886,7915,40662664,0,40766228,9779,8472490,885991,7522098,245871,1,2048,0,2048,1,1,1
whole_batch_multiget,2207,2048,2275,83045,39658641,6242,39335785,0,39422238,11151,8689357,874681,7725519,316414,1,2048,0,2048,1,1,1
whole_batch_multiget,2208,2048,2605,82886,38801403,9327,38483277,0,38571331,9368,128356667,886492,127364527,244428,1,2048,0,2048,1,1,1
whole_batch_multiget,2209,2048,2225,86201,40050727,13466,39719244,0,39816718,9217,8656816,884579,7706364,247044,1,2048,0,2048,1,1,1
whole_batch_multiget,2210,2048,2365,82916,39431365,10941,39117335,0,39205050,10028,13049725,897083,12076921,240722,1,2048,0,2048,1,1,1
whole_batch_multiget,2211,2048,2334,81402,40985639,8426,40667413,0,40754005,9768,8647108,885651,7681497,268103,1,2048,0,2048,1,1,1
whole_batch_multiget,2212,2048,2535,70372,39151249,11141,38860614,0,38955382,11051,8436583,895811,7467956,235963,1,2048,0,2048,1,1,1
whole_batch_multiget,2213,2048,2665,66364,39807290,9638,39522575,0,39616261,11642,8785097,899617,7804367,237014,1,2048,0,2048,1,1,1
whole_batch_multiget,2214,2048,3636,102583,39165777,8005,38823805,0,38914866,7815,8616230,921027,7633246,82064,1,2048,0,2048,1,1,1
whole_batch_multiget,2215,2048,1764,74019,40573527,8997,40248036,0,40360187,10299,8713332,894878,7753702,69400,1,2048,0,2048,1,1,1
whole_batch_multiget,2216,2048,3797,220794,38666561,9739,38187972,0,38312286,9267,8727418,887164,7768060,237305,1,2048,0,2048,1,1,1
whole_batch_multiget,2217,2048,2464,65773,39419803,9849,39112917,0,39212575,11041,8623484,874360,7678311,236062,1,2048,0,2048,1,1,1
whole_batch_multiget,2218,2048,2144,65883,39248702,10069,38965511,0,39057063,11692,8820904,892313,7854702,237095,1,2048,0,2048,1,1,1
whole_batch_multiget,2219,2048,2425,66816,41299088,9117,41013843,0,41103341,11161,8649322,884409,7695944,224431,1,2048,0,2048,1,1,1
whole_batch_multiget,2220,2048,2655,67877,39182037,7223,38894288,0,38982553,9107,8985833,880171,8035581,232056,1,2048,0,2048,1,1,1
whole_batch_multiget,2221,2048,2305,66565,39693336,7574,39408442,0,39497629,8336,8937442,881423,7987621,235070,1,2048,0,2048,1,1,1
whole_batch_multiget,2222,2048,2314,66474,39524209,6913,39228504,0,39329424,7394,8862822,897012,7885800,229000,1,2048,0,2048,1,1,1
whole_batch_multiget,2223,2048,2144,70012,40024337,9999,39728772,0,39823460,11141,8942201,876865,7994724,231844,1,2048,0,2048,1,1,1
whole_batch_multiget,2224,2048,2275,66865,39805195,9798,39511154,0,39604309,11793,8962278,872046,8009021,236072,1,2048,0,2048,1,1,1
whole_batch_multiget,2225,2048,2154,106119,39986626,8736,39655094,0,39746195,7544,9126177,880892,8172487,243016,1,2048,0,2048,1,1,1
whole_batch_multiget,2226,2048,2815,69480,38941055,10630,38640612,0,38735370,11832,9869110,888376,8903980,250941,1,2048,0,2048,1,1,1
whole_batch_multiget,2227,2048,2325,69441,39540049,7043,39244323,0,39336557,7514,9238076,889509,8275190,238017,1,2048,0,2048,1,1,1
whole_batch_multiget,2228,2048,2023,70833,39573912,9778,39242690,0,39356704,11552,9277781,891342,8296841,234109,1,2048,0,2048,1,1,1
whole_batch_multiget,2229,2048,2214,71824,40160001,7764,39854809,0,39949436,7294,9477065,890640,8486056,260178,1,2048,0,2048,1,1,1
whole_batch_multiget,2230,2048,2354,73888,40215214,8526,39904682,0,39999239,9057,146251780,898516,145245381,234430,1,2048,0,2048,1,1,1
whole_batch_multiget,2231,2048,2134,76965,43863968,11241,43546533,0,43645117,13184,10342087,897012,9352210,273222,1,2048,0,2048,1,1,1
whole_batch_multiget,2232,2048,1923,74790,43193039,12223,42871657,0,42971394,11201,9219772,877816,8259030,253535,1,2048,0,2048,1,1,1
whole_batch_multiget,2233,2048,2144,74179,38874871,12072,38565851,0,38661039,11502,9188894,886863,8218825,235261,1,2048,0,2048,1,1,1
whole_batch_multiget,2234,2048,2495,72686,39956379,11692,39629847,0,39727119,10089,9275256,881663,8311889,234099,1,2048,0,2048,1,1,1
whole_batch_multiget,2235,2048,2405,74429,39188599,11671,38849754,0,38944331,11371,9351499,888636,8377512,238938,1,2048,0,2048,1,1,1
whole_batch_multiget,2236,2048,2355,73508,41174484,11672,40863821,0,40958219,11081,9794700,920947,8435381,260659,1,2048,0,2048,1,1,1
whole_batch_multiget,2237,2048,2335,73037,39929830,11441,39621121,0,39715988,11521,9069350,892363,8102327,228368,1,2048,0,2048,1,1,1
whole_batch_multiget,2238,2048,2355,73858,41073885,12694,40763683,0,40858471,11552,9436558,903575,8453074,242364,1,2048,0,2048,1,1,1
whole_batch_multiget,2239,2048,2545,74419,40783079,13084,40467929,0,40567024,11942,10617643,904266,9614182,283993,1,2048,0,2048,1,1,1
whole_batch_multiget,2240,2048,2425,73618,40250241,12985,39929859,0,40024988,11241,9735198,896121,8755491,234150,1,2048,0,2048,1,1,1
whole_batch_multiget,2241,2048,2284,71534,39660965,12845,39352707,0,39449429,11782,9705994,897463,8728401,250831,1,2048,0,2048,1,1,1
whole_batch_multiget,2242,2048,2345,72185,40742533,11862,40436019,0,40529995,12103,9741631,920376,8724554,234670,1,2048,0,2048,1,1,1
whole_batch_multiget,2243,2048,2615,74660,40492685,13135,40170371,0,40272462,11572,9584687,903534,8598667,240170,1,2048,0,2048,1,1,1
whole_batch_multiget,2244,2048,2295,76363,40810010,12183,40504067,0,40595488,11923,9706265,909055,8719033,231454,1,2048,0,2048,1,1,1
whole_batch_multiget,2245,2048,2254,72746,41015375,11752,40717076,0,40805562,10500,9655369,906841,8673056,236955,1,2048,0,2048,1,1,1
whole_batch_multiget,2246,2048,2965,80701,41275904,12083,40959370,0,41051724,10500,9605495,889368,8613765,263253,1,2048,0,2048,1,1,1
whole_batch_multiget,2247,2048,2475,82294,40551275,12494,40232107,0,40328097,10680,10352105,889939,9351479,261791,1,2048,0,2048,1,1,1
whole_batch_multiget,2248,2048,3106,120597,41301332,18765,40908014,0,41018050,18545,9847129,908054,8823178,242374,1,2048,0,2048,1,1,1
whole_batch_multiget,2249,2048,2504,72185,40531208,10600,40216246,0,40321334,13325,103593282,929403,102536981,303600,1,2048,0,2048,1,1,1
whole_batch_multiget,2250,2048,2925,76223,40126969,11362,39814443,0,39908891,11291,10874836,874700,9882395,273613,1,2048,0,2048,1,1,1
whole_batch_multiget,2251,2048,2705,117280,51231506,12724,50793424,0,50924841,11521,11785203,1143004,10525962,270989,1,2048,0,2048,1,1,1
whole_batch_multiget,2252,2048,2645,73247,44351452,7133,44040279,0,44134586,7805,9899547,887635,8937533,240241,1,2048,0,2048,1,1,1
whole_batch_multiget,2253,2048,2335,88196,42088328,9829,41731559,0,41827859,10439,11044434,878819,10055369,286768,1,2048,0,2048,1,1,1
whole_batch_multiget,2254,2048,2214,88326,40495992,7264,40164860,0,40251823,7744,9911599,896211,8916313,243586,1,2048,0,2048,1,1,1
whole_batch_multiget,2255,2048,2505,86713,41695361,6602,41373117,0,41457445,7804,10367915,887785,9371556,241263,1,2048,0,2048,1,1,1
whole_batch_multiget,2256,2048,2184,88737,41176738,8335,40826331,0,40920717,12403,10303725,987432,9230261,246642,1,2048,0,2048,1,1,1
whole_batch_multiget,2257,2048,3136,88977,39356524,9387,39020133,0,39108629,8937,9901301,890621,8933385,245540,1,2048,0,2048,1,1,1
whole_batch_multiget,2258,2048,2495,133250,39768588,16180,39358458,0,39453055,9358,9786264,877055,8832736,259727,1,2048,0,2048,1,1,1
whole_batch_multiget,2259,2048,2404,92994,39747407,6553,39404635,0,39496337,7634,9904386,876754,8939377,244458,1,2048,0,2048,1,1,1
whole_batch_multiget,2260,2048,2014,86442,39874596,6001,39541371,0,39627532,7544,9910327,888987,8937482,276909,1,2048,0,2048,1,1,1
whole_batch_multiget,2261,2048,2214,71394,40112602,9848,39802119,0,39898951,11853,9986270,897663,8992576,245380,1,2048,0,2048,1,1,1
whole_batch_multiget,2262,2048,2334,80471,40129494,9037,39807039,0,39901225,10860,10128646,895920,9130003,239058,1,2048,0,2048,1,1,1
whole_batch_multiget,2263,2048,3556,123061,39777514,10310,39406008,0,39494784,10019,10179602,941145,9161924,181400,1,2048,0,2048,1,1,1
whole_batch_multiget,2264,2048,1893,78507,40127981,8967,39795637,0,39910694,10380,10352547,901982,9351529,102111,1,2048,0,2048,1,1,1
whole_batch_multiget,2265,2048,1933,78587,41106756,8746,40746281,0,40840437,8776,10027757,901721,9039544,244389,1,2048,0,2048,1,1,1
whole_batch_multiget,2266,2048,2064,76333,39674491,8666,39341215,0,39433077,11051,10451241,897373,9456406,355146,1,2048,0,2048,1,1,1
whole_batch_multiget,2267,2048,2255,78818,40201499,10109,39865469,0,39955017,11862,143995196,901631,142968611,240681,1,2048,0,2048,1,1,1
whole_batch_multiget,2268,2048,2024,82515,48303114,11492,47924994,0,48038127,12183,11424607,1091678,10238702,221185,1,2048,0,2048,1,1,1
whole_batch_multiget,2269,2048,2244,75402,46160295,10069,45822341,0,45932207,12684,12640287,913613,11610586,212268,1,2048,0,2048,1,1,1
whole_batch_multiget,2270,2048,2144,79950,15902896,8296,15586323,0,15676482,9417,10661346,1116073,9469530,97342,1,2048,0,2048,1,1,1
whole_batch_multiget,2271,2048,1783,73698,13434166,9909,13126679,0,13211799,10951,9921248,973255,8844478,248306,1,2048,0,2048,1,1,1
whole_batch_multiget,2272,2048,2084,215153,13868761,9999,13435299,0,13502865,8506,10178731,866365,9240521,242815,1,2048,0,2048,1,1,1
whole_batch_multiget,2273,2048,1853,72065,14192028,5981,13687972,0,13804240,16381,11230403,1314004,9811011,258886,1,2048,0,2048,1,1,1
whole_batch_multiget,2274,2048,2475,72556,13747714,12173,13445798,0,13535627,11411,9992561,875251,9042460,231845,1,2048,0,2048,1,1,1
whole_batch_multiget,2275,2048,2034,70573,13587043,11582,13296899,0,13378312,11412,9824256,882325,8851711,236313,1,2048,0,2048,1,1,1
whole_batch_multiget,2276,2048,1964,71354,13421612,11291,13131278,0,13213713,12203,10072021,877826,9110077,244178,1,2048,0,2048,1,1,1
whole_batch_multiget,2277,2048,2385,70082,13561876,11522,13276350,0,13357162,11501,10079074,878238,9107601,231654,1,2048,0,2048,1,1,1
whole_batch_multiget,2278,2048,2725,71804,13496554,11422,13209975,0,13289225,10940,9969448,876243,9016070,235702,1,2048,0,2048,1,1,1
whole_batch_multiget,2279,2048,2184,71705,13688644,10860,13400082,0,13481785,11611,9994314,881633,9025538,233428,1,2048,0,2048,1,1,1
whole_batch_multiget,2280,2048,2324,72025,13407165,10640,13120097,0,13201700,10801,10031284,870753,9074570,238687,1,2048,0,2048,1,1,1
whole_batch_multiget,2281,2048,1984,72747,13785545,12463,13491223,0,13573307,11571,10179782,876484,9208891,241102,1,2048,0,2048,1,1,1
whole_batch_multiget,2282,2048,2164,71364,13522362,11932,13232708,0,13314381,11481,10159755,873699,9199795,257583,1,2048,0,2048,1,1,1
whole_batch_multiget,2283,2048,2394,73958,13573848,11732,13281360,0,13359767,11211,10061260,892494,9078427,238387,1,2048,0,2048,1,1,1
whole_batch_multiget,2284,2048,2274,74360,13424198,11542,13135596,0,13214334,10991,10158022,866064,9198212,248526,1,2048,0,2048,1,1,1
whole_batch_multiget,2285,2048,1994,73057,13648789,12042,13365327,0,13443984,11081,11073379,877025,10101235,231354,1,2048,0,2048,1,1,1
whole_batch_multiget,2286,2048,2074,71394,15010272,8806,14711131,0,14789668,9768,10734132,951044,9695785,247254,1,2048,0,2048,1,1,1
whole_batch_multiget,2287,2048,2284,71615,15623302,9888,15317298,0,15398149,10400,10569393,984687,9507933,266099,1,2048,0,2048,1,1,1
whole_batch_multiget,2288,2048,2765,75452,15383542,9608,15077408,0,15171555,19065,11593544,1096657,10400286,234339,1,2048,0,2048,1,1,1
whole_batch_multiget,2289,2048,2304,74299,15624404,9678,15313611,0,15396636,10990,10976587,1027136,9859452,247724,1,2048,0,2048,1,1,1
whole_batch_multiget,2290,2048,2585,76404,15540637,9137,15227189,0,15316727,16661,10529749,921468,9501310,234660,1,2048,0,2048,1,1,1
whole_batch_multiget,2291,2048,2024,75982,14161179,12884,13857631,0,13943401,11852,10738360,931437,9695864,234750,1,2048,0,2048,1,1,1
whole_batch_multiget,2292,2048,2384,76974,14408704,13184,14099694,0,14187649,11822,10667086,926928,9645090,233829,1,2048,0,2048,1,1,1
whole_batch_multiget,2293,2048,2545,76193,14145840,12444,13845728,0,13929135,11471,10334502,927720,9312596,251942,1,2048,0,2048,1,1,1
whole_batch_multiget,2294,2048,1923,75261,14344523,12173,14036486,0,14125573,11391,10521283,921448,9518192,237385,1,2048,0,2048,1,1,1
whole_batch_multiget,2295,2048,2064,76012,14100386,11261,13799231,0,13881916,11772,11337604,914185,10333901,231995,1,2048,0,2048,1,1,1
whole_batch_multiget,2296,2048,2715,77496,15093218,11050,14781193,0,14869147,10580,10605691,909325,9608331,246543,1,2048,0,2048,1,1,1
whole_batch_multiget,2297,2048,2184,79529,13852801,12944,13501242,0,13621136,10510,10571226,888076,9590287,237345,1,2048,0,2048,1,1,1
whole_batch_multiget,2298,2048,2164,81102,13802337,12063,13496713,0,13579148,12042,11341972,882215,10359570,234821,1,2048,0,2048,1,1,1
whole_batch_multiget,2299,2048,2074,73879,15177396,6372,14879947,0,14951231,6742,11497684,1003262,10413801,254978,1,2048,0,2048,1,1,1
whole_batch_multiget,2300,2048,2464,80922,15298433,11722,14987038,0,15072519,12554,11547037,1146991,10311059,257433,1,2048,0,2048,1,1,1
whole_batch_multiget,2301,2048,2114,76093,15516031,9698,15201491,0,15287672,11381,11418476,1043277,10274320,251271,1,2048,0,2048,1,1,1
whole_batch_multiget,2302,2048,2074,76904,15180631,6902,14882793,0,14960228,7444,10800026,936737,9775304,254758,1,2048,0,2048,1,1,1
whole_batch_multiget,2303,2048,2013,79480,15032524,6252,14729054,0,14808704,6381,10995261,961834,9953898,255118,1,2048,0,2048,1,1,1
whole_batch_multiget,2304,2048,2174,78096,14550781,6602,14248133,0,14320588,6813,10773907,951284,9736641,243066,1,2048,0,2048,1,1,1
whole_batch_multiget,2305,2048,2104,77666,14754523,7474,14445954,0,14521726,9398,10925842,932169,9904586,252974,1,2048,0,2048,1,1,1
whole_batch_multiget,2306,2048,2134,80031,14676627,8516,14382594,0,14456854,8987,10732289,930455,9726271,243256,1,2048,0,2048,1,1,1
whole_batch_multiget,2307,2048,2064,78848,14820817,6472,14521706,0,14597669,6773,10948364,971171,9888867,248406,1,2048,0,2048,1,1,1
whole_batch_multiget,2308,2048,2013,79358,14696934,6552,14387023,0,14459679,6412,10993499,942107,9963257,251111,1,2048,0,2048,1,1,1
whole_batch_multiget,2309,2048,1854,79348,14571790,6633,14282146,0,14355304,6312,11130546,946315,10101866,249889,1,2048,0,2048,1,1,1
whole_batch_multiget,2310,2048,2415,78938,14646550,5821,14345375,0,14422610,6993,11023215,951174,9978024,260949,1,2048,0,2048,1,1,1
whole_batch_multiget,2311,2048,2144,80981,14683710,13335,14371043,0,14456713,11963,10956930,947026,9910427,241133,1,2048,0,2048,1,1,1
whole_batch_multiget,2312,2048,2545,79790,14707494,9839,14379339,0,14478164,10940,11374092,956434,10304416,246983,1,2048,0,2048,1,1,1
whole_batch_multiget,2313,2048,2614,78999,15236717,11141,14922958,0,15010913,11933,11505219,960682,10427517,238497,1,2048,0,2048,1,1,1
whole_batch_multiget,2314,2048,2174,81242,15572066,10590,15249410,0,15341153,12343,11306716,951604,10236960,254267,1,2048,0,2048,1,1,1
whole_batch_multiget,2315,2048,2745,94317,14936223,12604,14561130,0,14664965,12854,11893256,966783,10829271,242104,1,2048,0,2048,1,1,1
whole_batch_multiget,2316,2048,2304,87514,15139484,12173,14798005,0,14896679,13225,11920307,959910,10816647,256461,1,2048,0,2048,1,1,1
whole_batch_multiget,2317,2048,2515,77806,15324892,8205,15010563,0,15097125,12123,6858904,932249,5740426,370435,1,2048,0,2048,1,1,1
whole_batch_multiget,2318,2048,6763,199665,17067571,110798,16428672,0,16620041,10820,6758526,955532,5741108,248997,1,2048,0,2048,1,1,1
whole_batch_multiget,2319,2048,1874,83366,16309669,6562,15977636,0,16057887,7354,6950516,957446,5890608,244729,1,2048,0,2048,1,1,1
whole_batch_multiget,2320,2048,2334,78587,16666318,7665,16344123,0,16432790,8806,7031097,949751,6021894,251041,1,2048,0,2048,1,1,1
whole_batch_multiget,2321,2048,2214,85330,16757399,15028,16424083,0,16513161,13566,7746640,1146631,6529647,239258,1,2048,0,2048,1,1,1
whole_batch_multiget,2322,2048,2224,78447,16742721,12674,16425416,0,16519643,13536,8277705,933370,7226143,237365,1,2048,0,2048,1,1,1
whole_batch_multiget,2323,2048,2304,79790,16722874,13636,16401531,0,16497572,13756,7747792,948899,6725584,241222,1,2048,0,2048,1,1,1
whole_batch_multiget,2324,2048,2415,87384,16578323,14988,16250027,0,16341368,20989,8648029,960391,7569396,240391,1,2048,0,2048,1,1,1
whole_batch_multiget,2325,2048,2555,81753,17034449,13385,16722844,0,16811821,14166,8218143,973616,7126245,235672,1,2048,0,2048,1,1,1
whole_batch_multiget,2326,2048,2315,79920,17079714,12374,16764933,0,16856585,13145,7972673,956113,6945607,237786,1,2048,0,2048,1,1,1
whole_batch_multiget,2327,2048,2675,98324,16928380,15630,16575858,0,16673522,14878,36763460,1003763,35640966,267642,1,2048,0,2048,1,1,1
whole_batch_multiget,2328,2048,2815,80450,20754626,9889,20442079,0,20523011,9919,8072761,947978,7016569,234380,1,2048,0,2048,1,1,1
whole_batch_multiget,2329,2048,2665,80491,20635933,14978,20320902,0,20410280,8446,8236368,953788,7212006,260829,1,2048,0,2048,1,1,1
whole_batch_multiget,2330,2048,2905,118372,18817513,7775,18315632,0,18391323,7334,7728806,947817,6721757,241643,1,2048,0,2048,1,1,1
whole_batch_multiget,2331,2048,2865,74810,19032577,8426,18750477,0,18830718,11040,7850614,944532,6844837,281347,1,2048,0,2048,1,1,1
whole_batch_multiget,2332,2048,2014,67967,18822321,6051,18550962,0,18628307,7213,8331997,959830,7266799,255228,1,2048,0,2048,1,1,1
whole_batch_multiget,2333,2048,2084,70402,18839053,8245,18553798,0,18634199,11261,8543935,949891,7482824,252273,1,2048,0,2048,1,1,1
whole_batch_multiget,2334,2048,2495,70061,19273979,6632,18983213,0,19071709,10760,8315946,990547,7253714,251722,1,2048,0,2048,1,1,1
whole_batch_multiget,2335,2048,4940,70262,18936276,8045,18629230,0,18713398,11612,8441662,941266,7432951,244248,1,2048,0,2048,1,1,1
whole_batch_multiget,2336,2048,2224,68849,19424611,9418,19144426,0,19232491,10710,8635386,956264,7617066,249919,1,2048,0,2048,1,1,1
whole_batch_multiget,2337,2048,1913,66945,19119339,6152,18835848,0,18928711,7394,8848816,971723,7772517,273643,1,2048,0,2048,1,1,1
whole_batch_multiget,2338,2048,4668,74099,19338921,13415,19021285,0,19115332,11722,9033402,956314,7971080,255589,1,2048,0,2048,1,1,1
whole_batch_multiget,2339,2048,2224,69400,19224316,6613,18927979,0,19020203,8215,9025768,988213,7931977,250951,1,2048,0,2048,1,1,1
whole_batch_multiget,2340,2048,2625,69551,19028038,9158,18721222,0,18812313,12112,8620357,942828,7569667,282800,1,2048,0,2048,1,1,1
whole_batch_multiget,2341,2048,2275,72336,19356724,8316,19055429,0,19148103,9969,8484793,946244,7478046,281197,1,2048,0,2048,1,1,1
whole_batch_multiget,2342,2048,2705,74830,19328541,16632,19009893,0,19107206,10159,8562990,950794,7552755,239228,1,2048,0,2048,1,1,1
whole_batch_multiget,2343,2048,11201,68939,19514860,6533,19212213,0,19318523,11441,8542251,972293,7500667,248636,1,2048,0,2048,1,1,1
whole_batch_multiget,2344,2048,2334,71364,19525120,6973,19217142,0,19309856,9528,8891957,989907,7792365,258996,1,2048,0,2048,1,1,1
whole_batch_multiget,2345,2048,2164,77114,19404363,8305,19083872,0,19177608,10580,9119183,937648,8073982,245551,1,2048,0,2048,1,1,1
whole_batch_multiget,2346,2048,2043,72886,19097898,8476,18779121,0,18871755,10540,8638612,946195,7626063,249879,1,2048,0,2048,1,1,1
whole_batch_multiget,2347,2048,2054,72816,18943248,9658,18629410,0,18719449,9517,8834529,945323,7823794,283222,1,2048,0,2048,1,1,1
whole_batch_multiget,2348,2048,2304,73739,18893986,9769,18574016,0,18663304,10911,8684588,939502,7682459,249598,1,2048,0,2048,1,1,1
whole_batch_multiget,2349,2048,1743,73358,19117956,9307,18802735,0,18888536,9568,8879203,939763,7873757,249268,1,2048,0,2048,1,1,1
whole_batch_multiget,2350,2048,2184,74600,19058495,9888,18726602,0,18823043,11411,10059086,937969,9051306,242335,1,2048,0,2048,1,1,1
whole_batch_multiget,2351,2048,1773,77134,19229294,8406,18895579,0,18986319,10539,8968089,950904,7952495,243757,1,2048,0,2048,1,1,1
whole_batch_multiget,2352,2048,2475,74259,19135669,10039,18826089,0,18910838,10430,8938725,942998,7930193,242415,1,2048,0,2048,1,1,1
whole_batch_multiget,2353,2048,2445,88406,18917190,8936,18583734,0,18666619,9388,9122389,942498,8117905,256972,1,2048,0,2048,1,1,1
whole_batch_multiget,2354,2048,1683,76504,19297012,9748,18948519,0,19049778,10841,9404779,1016116,8319794,248847,1,2048,0,2048,1,1,1
whole_batch_multiget,2355,2048,2284,114865,19221881,11381,18820488,0,18912341,9097,9567063,964659,8526221,249368,1,2048,0,2048,1,1,1
whole_batch_multiget,2356,2048,2074,78727,19376220,9859,19036764,0,19126112,10440,9344595,966252,8309385,252333,1,2048,0,2048,1,1,1
whole_batch_multiget,2357,2048,1883,80160,19046192,9638,18703148,0,18790913,10630,10403892,954781,9296395,458840,1,2048,0,2048,1,1,1
whole_batch_multiget,2358,2048,3557,109094,19305037,14567,18915466,0,19011256,10359,9407343,953468,8383393,296927,1,2048,0,2048,1,1,1
whole_batch_multiget,2359,2048,2164,80361,19337899,7935,18983775,0,19076398,10089,9660388,966794,8584610,248056,1,2048,0,2048,1,1,1
whole_batch_multiget,2360,2048,2284,109726,19547773,10018,19144166,0,19240055,11662,9644589,943259,8614998,242685,1,2048,0,2048,1,1,1
whole_batch_multiget,2361,2048,2615,83727,19788173,8546,19420684,0,19520180,10199,9719489,948358,8692022,265829,1,2048,0,2048,1,1,1
whole_batch_multiget,2362,2048,2575,94377,19526202,7013,19150948,0,19240266,6822,9989565,1024682,8892047,245110,1,2048,0,2048,1,1,1
whole_batch_multiget,2363,2048,2083,82865,19533165,9057,19174322,0,19265724,9918,9993373,979537,8938164,264907,1,2048,0,2048,1,1,1
whole_batch_multiget,2364,2048,2345,87905,19911765,7674,19558452,0,19647359,8526,9468218,942438,8447163,244198,1,2048,0,2048,1,1,1
whole_batch_multiget,2365,2048,2465,82475,19414552,9939,19066239,0,19154485,12524,9720311,1018490,8613064,253385,1,2048,0,2048,1,1,1
whole_batch_multiget,2366,2048,2084,83045,19313934,8566,18962104,0,19048336,10700,9797305,954781,8754760,246713,1,2048,0,2048,1,1,1
whole_batch_multiget,2367,2048,2194,81442,19611441,10480,19203777,0,19316509,15248,10013159,1067753,8858734,256881,1,2048,0,2048,1,1,1
whole_batch_multiget,2368,2048,2675,89909,19558843,9437,19204569,0,19292072,10350,9574287,941466,8556859,245972,1,2048,0,2048,1,1,1
whole_batch_multiget,2369,2048,2415,85530,19351203,10079,18999414,0,19088010,9157,9508253,948389,8489282,248295,1,2048,0,2048,1,1,1
whole_batch_multiget,2370,2048,2244,81813,19383244,8877,19021355,0,19114831,9879,9920757,967815,8855860,247504,1,2048,0,2048,1,1,1
whole_batch_multiget,2371,2048,3476,86762,19892579,11882,19535108,0,19625598,10220,9850074,957847,8788283,271228,1,2048,0,2048,1,1,1
whole_batch_multiget,2372,2048,2765,123211,19829200,11802,19415644,0,19506375,10740,9596599,950483,8564082,251451,1,2048,0,2048,1,1,1
whole_batch_multiget,2373,2048,2364,83847,19758377,10599,19388414,0,19483862,10931,9603191,949000,8577307,244688,1,2048,0,2048,1,1,1
whole_batch_multiget,2374,2048,2014,80742,20181130,11962,19818670,0,19910502,10951,9946295,946615,8918216,278933,1,2048,0,2048,1,1,1
whole_batch_multiget,2375,2048,2475,83857,19627972,11151,19263069,0,19353127,10409,10102938,944932,9083687,259196,1,2048,0,2048,1,1,1
whole_batch_multiget,2376,2048,2174,83967,19643111,11762,19277385,0,19367684,10570,11318388,949752,10290379,271429,1,2048,0,2048,1,1,1
whole_batch_multiget,2377,2048,2043,85009,21629256,8476,21257469,0,21350052,10971,9796123,941185,8781500,268474,1,2048,0,2048,1,1,1
whole_batch_multiget,2378,2048,2665,83526,19857643,6412,19503159,0,19586706,6663,9930575,951615,8914530,245541,1,2048,0,2048,1,1,1
whole_batch_multiget,2379,2048,2214,89388,19703314,10390,19326698,0,19421506,10951,9869370,939953,8859195,248836,1,2048,0,2048,1,1,1
whole_batch_multiget,2380,2048,2063,87374,20152757,15879,19765160,0,19868483,12003,9990517,951444,8967739,269876,1,2048,0,2048,1,1,1
whole_batch_multiget,2381,2048,2214,88236,19696601,7484,19341545,0,19432045,7764,9996408,953929,8979772,249779,1,2048,0,2048,1,1,1
whole_batch_multiget,2382,2048,2314,80441,19504771,6092,19148393,0,19235537,7474,9830267,977774,8775479,256130,1,2048,0,2048,1,1,1
whole_batch_multiget,2383,2048,3076,153257,19863895,8536,19459958,0,19545929,8015,9943910,969619,8898709,113012,1,2048,0,2048,1,1,1
whole_batch_multiget,2384,2048,1953,84158,19633703,6913,19284589,0,19401728,7494,10094473,970730,9045064,57518,1,2048,0,2048,1,1,1
whole_batch_multiget,2385,2048,1282,83426,19459517,8726,19109971,0,19226039,11090,10079324,969869,9015138,65613,1,2048,0,2048,1,1,1
whole_batch_multiget,2386,2048,1453,83125,19584452,8707,19251266,0,19363247,10620,10526613,965711,9464220,57968,1,2048,0,2048,1,1,1
whole_batch_multiget,2387,2048,1202,80211,19784977,11572,19440651,0,19562450,12013,10261797,964810,9212197,56446,1,2048,0,2048,1,1,1
whole_batch_multiget,2388,2048,1362,89287,19651126,11983,19294337,0,19416036,11241,10040180,961744,8991464,55955,1,2048,0,2048,1,1,1
whole_batch_multiget,2389,2048,1172,81924,19468333,11081,19133074,0,19251787,12173,10386790,967765,9307436,61195,1,2048,0,2048,1,1,1
whole_batch_multiget,2390,2048,1102,82745,19861961,12344,19524229,0,19644314,11060,10177748,964288,9139121,227206,1,2048,0,2048,1,1,1
whole_batch_multiget,2391,2048,3166,235422,19907307,14367,19359709,0,19494102,14046,10176015,1014102,9069370,245160,1,2048,0,2048,1,1,1
whole_batch_multiget,2392,2048,2414,88065,19437345,11501,19083812,0,19177908,12554,10169914,965260,9114004,247143,1,2048,0,2048,1,1,1
whole_batch_multiget,2393,2048,2595,103945,20045636,13746,19662758,0,19759309,12304,9987192,956264,8937713,238367,1,2048,0,2048,1,1,1
whole_batch_multiget,2394,2048,2295,80842,19365641,12073,19005605,0,19104050,12754,10141080,952536,9092524,245711,1,2048,0,2048,1,1,1
whole_batch_multiget,2395,2048,2675,84629,19609418,13015,19257568,0,19352807,12263,10198488,957376,9133730,263765,1,2048,0,2048,1,1,1
whole_batch_multiget,2396,2048,2514,83898,21429502,10210,21081298,0,21174714,10510,10193819,932839,9160581,249398,1,2048,0,2048,1,1,1
whole_batch_multiget,2397,2048,2315,89949,19701220,9979,19333941,0,19428539,11151,10319144,924374,9301024,252173,1,2048,0,2048,1,1,1
whole_batch_multiget,2398,2048,2826,84329,20013857,10590,19669150,0,19761804,12093,10368927,940293,9333275,237315,1,2048,0,2048,1,1,1
whole_batch_multiget,2399,2048,2655,81893,20074521,12985,19722309,0,19822748,12363,10369688,950523,9309650,240622,1,2048,0,2048,1,1,1
whole_batch_multiget,2400,2048,2124,86813,19584060,13054,19233643,0,19329272,12384,10330455,945673,9288381,249158,1,2048,0,2048,1,1,1
whole_batch_multiget,2401,2048,2515,82455,19786991,13115,19444558,0,19540058,13375,11100139,956724,10037867,254347,1,2048,0,2048,1,1,1
whole_batch_multiget,2402,2048,2365,82484,19982547,12343,19641828,0,19737207,12634,10081739,954661,9035787,237786,1,2048,0,2048,1,1,1
whole_batch_multiget,2403,2048,2524,82635,19769488,11913,19434600,0,19523637,12874,9973055,948129,8941550,248356,1,2048,0,2048,1,1,1
whole_batch_multiget,2404,2048,2305,81072,19659912,14026,19309375,0,19405455,11872,10098480,932709,9086412,242585,1,2048,0,2048,1,1,1
whole_batch_multiget,2405,2048,2405,86753,19701831,14186,19349721,0,19448816,12042,10411066,970370,9338806,242986,1,2048,0,2048,1,1,1
whole_batch_multiget,2406,2048,2655,82735,19595562,10640,19252849,0,19345884,12664,10079624,933851,9066495,240060,1,2048,0,2048,1,1,1
whole_batch_multiget,2407,2048,2715,83907,20126117,12794,19767334,0,19878002,9838,10213215,1052434,9082454,250660,1,2048,0,2048,1,1,1
whole_batch_multiget,2408,2048,2354,79600,19805796,8075,19431725,0,19531712,11332,10374467,962676,9314339,250941,1,2048,0,2048,1,1,1
whole_batch_multiget,2409,2048,2184,90129,20655289,7654,20261621,0,20356419,11742,10656436,1082760,9462397,241703,1,2048,0,2048,1,1,1
whole_batch_multiget,2410,2048,2204,95168,20385143,13035,20002906,0,20100790,13045,10424522,942838,9370916,250149,1,2048,0,2048,1,1,1
whole_batch_multiget,2411,2048,2244,82405,20067157,6412,19735695,0,19818560,7474,11718057,987331,10625778,245791,1,2048,0,2048,1,1,1
whole_batch_multiget,2412,2048,2234,81403,20454262,8466,20083487,0,20182032,9869,10401468,943320,9357219,248195,1,2048,0,2048,1,1,1
whole_batch_multiget,2413,2048,2204,89628,20364514,6101,19999970,0,20098655,13455,10482419,957777,9410840,242665,1,2048,0,2048,1,1,1
whole_batch_multiget,2414,2048,2024,83196,20337072,11251,19981526,0,20080371,12975,10957802,965090,9881472,245190,1,2048,0,2048,1,1,1
whole_batch_multiget,2415,2048,2254,83217,20326102,12313,19968061,0,20062508,12584,10696682,949571,9633628,237135,1,2048,0,2048,1,1,1
whole_batch_multiget,2416,2048,2104,84047,20280848,11702,19935068,0,20025328,10580,10648902,937519,9597380,258876,1,2048,0,2048,1,1,1
whole_batch_multiget,2417,2048,2275,83627,20865243,8476,20523122,0,20611448,10911,11398178,939612,10341847,269285,1,2048,0,2048,1,1,1
whole_batch_multiget,2418,2048,2394,83527,20452339,13365,20092333,0,20185869,12714,11057589,968195,9974607,243316,1,2048,0,2048,1,1,1
whole_batch_multiget,2419,2048,2414,83166,20356770,11983,20000120,0,20100850,12503,10981316,978335,9885651,240972,1,2048,0,2048,1,1,1
whole_batch_multiget,2420,2048,3186,83457,20230473,10960,19871770,0,19973671,13606,11126217,946045,10056862,277791,1,2048,0,2048,1,1,1
whole_batch_multiget,2421,2048,3066,85320,20497484,12453,20145673,0,20239710,12042,11081082,961203,10007419,248557,1,2048,0,2048,1,1,1
whole_batch_multiget,2422,2048,2454,84749,20682230,11932,20331112,0,20424717,11422,11000191,957365,9932098,251182,1,2048,0,2048,1,1,1
whole_batch_multiget,2423,2048,2695,83387,20937489,11100,20571392,0,20673633,12343,11547357,977253,10435252,288221,1,2048,0,2048,1,1,1
whole_batch_multiget,2424,2048,2254,87364,20826581,14046,20425329,0,20537969,12463,21208767,1040692,20051256,255379,1,2048,0,2048,1,1,1
whole_batch_multiget,2425,2048,2324,83667,21270353,12002,20862829,0,21009584,9078,12907718,1043598,11756710,248707,1,2048,0,2048,1,1,1
whole_batch_multiget,2426,2048,2044,84569,21169344,8556,20815930,0,20905919,10279,11550212,949831,10487750,253144,1,2048,0,2048,1,1,1
whole_batch_multiget,2427,2048,2775,84008,20792737,6202,20435657,0,20524484,12003,11264507,998312,10158914,244177,1,2048,0,2048,1,1,1
whole_batch_multiget,2428,2048,2244,83557,20444123,8205,20051898,0,20154520,13535,11000892,965501,9922170,238758,1,2048,0,2048,1,1,1
whole_batch_multiget,2429,2048,2254,83987,22477907,12825,22116781,0,22220285,13465,10931592,1159625,9668103,253456,1,2048,0,2048,1,1,1
whole_batch_multiget,2430,2048,2134,85030,20593173,12533,20229992,0,20331101,13345,11027853,1108358,9820498,244819,1,2048,0,2048,1,1,1
whole_batch_multiget,2431,2048,2485,84227,21042927,6893,20650300,0,20754085,14648,11299722,1216883,9971321,242054,1,2048,0,2048,1,1,1
whole_batch_multiget,2432,2048,2625,84829,22360517,10169,21921855,0,22013497,10991,10688116,949400,9664966,247284,1,2048,0,2048,1,1,1
whole_batch_multiget,2433,2048,3386,101550,20977765,15589,20577373,0,20681428,11091,10728211,958518,9674956,264366,1,2048,0,2048,1,1,1
whole_batch_multiget,2434,2048,2765,110046,21435783,17953,21014724,0,21124289,14367,10668038,972815,9586369,258345,1,2048,0,2048,1,1,1
whole_batch_multiget,2435,2048,3437,118502,20557947,11351,20166283,0,20263244,10139,10778115,958347,9699923,250069,1,2048,0,2048,1,1,1
whole_batch_multiget,2436,2048,3146,108764,20524684,10529,20124604,0,20223549,11502,11104536,942798,10043166,287460,1,2048,0,2048,1,1,1
whole_batch_multiget,2437,2048,2324,83607,20556985,11752,20195577,0,20288391,11051,11434125,945454,10366833,252264,1,2048,0,2048,1,1,1
whole_batch_multiget,2438,2048,2044,84088,20385002,11471,20006312,0,20100008,10830,11509977,1070437,10331516,239339,1,2048,0,2048,1,1,1
whole_batch_multiget,2439,2048,2114,83847,20875893,13175,20366558,0,20497624,12013,11232537,1151670,9987211,243006,1,2048,0,2048,1,1,1
whole_batch_multiget,2440,2048,2164,85410,20265980,13234,19909722,0,20005290,13104,11078808,983585,9998182,234459,1,2048,0,2048,1,1,1
whole_batch_multiget,2441,2048,2314,86111,20379812,13465,20020359,0,20116118,12273,10887649,954621,9842920,244909,1,2048,0,2048,1,1,1
whole_batch_multiget,2442,2048,2375,83436,19883371,12654,19542161,0,19637841,13455,11083186,947076,10037967,236493,1,2048,0,2048,1,1,1
whole_batch_multiget,2443,2048,2255,81843,19973190,12493,19619757,0,19717069,12343,11298651,945964,10251998,242394,1,2048,0,2048,1,1,1
whole_batch_multiget,2444,2048,2304,83827,20272301,19857,19906425,0,20027762,12674,11169759,950593,10118688,237626,1,2048,0,2048,1,1,1
whole_batch_multiget,2445,2048,2154,82605,19768005,13105,19430292,0,19525320,12463,11152978,989817,10062172,262172,1,2048,0,2048,1,1,1
whole_batch_multiget,2446,2048,2214,82635,20010500,12503,19674009,0,19770350,12835,10864917,954531,9800571,240902,1,2048,0,2048,1,1,1
whole_batch_multiget,2447,2048,2484,84118,22286168,12814,21939849,0,22033414,12063,10659602,942678,9628849,239399,1,2048,0,2048,1,1,1
whole_batch_multiget,2448,2048,2374,82755,20000241,12563,19671514,0,19763186,13495,10676253,940994,9643877,256130,1,2048,0,2048,1,1,1
whole_batch_multiget,2449,2048,2505,86692,19907186,12884,19571797,0,19664441,13015,11703320,945162,10634394,245200,1,2048,0,2048,1,1,1
whole_batch_multiget,2450,2048,2144,83116,20549020,13185,20213621,0,20309661,11892,11215124,967545,10129508,243858,1,2048,0,2048,1,1,1
whole_batch_multiget,2451,2048,2465,111348,21636420,14567,21256337,0,21350273,12273,10628715,962736,9567614,239799,1,2048,0,2048,1,1,1
whole_batch_multiget,2452,2048,2815,93876,20097413,9447,19755912,0,19844478,7885,11178075,942698,10121362,251582,1,2048,0,2048,1,1,1
whole_batch_multiget,2453,2048,2625,86482,20325401,10710,19992055,0,20084849,12424,11035658,939011,9984096,240281,1,2048,0,2048,1,1,1
whole_batch_multiget,2454,2048,2565,83376,20015370,8626,19660734,0,19749050,10189,10981736,944251,9888005,277260,1,2048,0,2048,1,1,1
whole_batch_multiget,2455,2048,2624,85461,19882681,8736,19586244,0,19668218,9017,11390483,1200883,10085055,245380,1,2048,0,2048,1,1,1
whole_batch_multiget,2456,2048,2615,84779,22263867,12623,21830303,0,21926103,9678,10728622,970941,9668604,237565,1,2048,0,2048,1,1,1
whole_batch_multiget,2457,2048,2244,81312,20632327,12233,20286879,0,20397465,11521,6550836,950322,5536344,240000,1,2048,0,2048,1,1,1
whole_batch_multiget,2458,2048,2766,88987,21526784,10971,21191766,0,21286223,11282,6519548,946125,5507479,246783,1,2048,0,2048,1,1,1
whole_batch_multiget,2459,2048,2165,82114,21787924,11301,21457363,0,21552802,12223,6693704,941987,5685033,243176,1,2048,0,2048,1,1,1
whole_batch_multiget,2460,2048,2855,80301,21282235,11832,20951745,0,21050100,12203,6870196,960321,5843580,237064,1,2048,0,2048,1,1,1
whole_batch_multiget,2461,2048,2194,85200,21561409,11882,21218376,0,21319675,12483,7183122,949762,6159141,242124,1,2048,0,2048,1,1,1
whole_batch_multiget,2462,2048,2214,82655,21845542,11502,21509902,0,21606885,12643,7209561,960902,6177396,240592,1,2048,0,2048,1,1,1
whole_batch_multiget,2463,2048,2845,82215,21523097,13215,21184612,0,21282876,12143,7292087,950272,6275209,250540,1,2048,0,2048,1,1,1
whole_batch_multiget,2464,2048,2404,99636,21665615,10489,21312702,0,21409283,12493,7399849,946375,6382821,242935,1,2048,0,2048,1,1,1
whole_batch_multiget,2465,2048,2334,81263,21836615,11792,21498932,0,21595884,11963,8248991,949471,7137577,351158,1,2048,0,2048,1,1,1
whole_batch_multiget,2466,2048,2565,88616,21809775,13846,21456262,0,21560667,11471,15728659,943690,14703186,254858,1,2048,0,2048,1,1,1
whole_batch_multiget,2467,2048,2194,105608,26509819,12975,26140326,0,26240365,11823,7670517,950303,6653909,244659,1,2048,0,2048,1,1,1
whole_batch_multiget,2468,2048,2114,80310,24836581,11662,24500501,0,24597894,12113,8044047,955973,7019496,254848,1,2048,0,2048,1,1,1
whole_batch_multiget,2469,2048,2074,80481,24811524,11642,24453543,0,24559432,12744,7959699,955001,6938684,241392,1,2048,0,2048,1,1,1
whole_batch_multiget,2470,2048,2034,80592,25311282,11371,24976564,0,25071051,12123,8170284,945483,7159307,249207,1,2048,0,2048,1,1,1
whole_batch_multiget,2471,2048,2344,80571,25344554,11231,25000950,0,25104404,11161,8117735,956584,7095989,239149,1,2048,0,2048,1,1,1
whole_batch_multiget,2472,2048,2074,79119,25119793,11231,24786477,0,24879802,11612,8234354,944431,7225902,245721,1,2048,0,2048,1,1,1
whole_batch_multiget,2473,2048,2434,80822,25102941,11141,24765398,0,24858423,11783,9256711,948339,8238642,255329,1,2048,0,2048,1,1,1
whole_batch_multiget,2474,2048,2415,82384,25597779,11662,25253614,0,25350224,11291,8716658,952276,7697387,236464,1,2048,0,2048,1,1,1
whole_batch_multiget,2475,2048,2284,88627,25414786,11892,25059720,0,25159387,13285,8697472,951214,7675716,237736,1,2048,0,2048,1,1,1
whole_batch_multiget,2476,2048,2174,80851,25563595,11321,25219079,0,25313967,12523,8802559,947838,7786784,236874,1,2048,0,2048,1,1,1
whole_batch_multiget,2477,2048,1794,83337,25669334,11291,25316402,0,25416489,12564,8871709,943059,7862878,250831,1,2048,0,2048,1,1,1
whole_batch_multiget,2478,2048,2044,82395,25391422,11442,25032639,0,25131275,11772,8832566,948479,7818173,259957,1,2048,0,2048,1,1,1
whole_batch_multiget,2479,2048,2144,81012,25462766,12263,25112359,0,25212116,12383,9192541,946455,8147490,234600,1,2048,0,2048,1,1,1
whole_batch_multiget,2480,2048,2355,83927,25596867,12453,25224429,0,25324967,12323,8595491,941305,7583923,240070,1,2048,0,2048,1,1,1
whole_batch_multiget,2481,2048,2054,83006,25404958,11481,25051485,0,25150720,12724,9060724,952045,8036242,253776,1,2048,0,2048,1,1,1
whole_batch_multiget,2482,2048,2074,99867,27910336,11201,27445214,0,27570910,19476,9718617,1255905,8339981,236734,1,2048,0,2048,1,1,1
whole_batch_multiget,2483,2048,2154,84147,25747430,12183,25259464,0,25397363,12082,9081853,1127605,7886732,260759,1,2048,0,2048,1,1,1
whole_batch_multiget,2484,2048,2235,88336,25461002,12033,25096879,0,25196196,12343,8666334,975329,7618228,242555,1,2048,0,2048,1,1,1
whole_batch_multiget,2485,2048,2274,84879,25728945,11401,25354372,0,25468556,11762,8795817,952416,7764723,243577,1,2048,0,2048,1,1,1
whole_batch_multiget,2486,2048,2364,84008,25544259,11381,25186758,0,25285623,13656,8879584,961133,7849141,239870,1,2048,0,2048,1,1,1
whole_batch_multiget,2487,2048,2575,82285,25503613,11511,25125694,0,25227043,10840,8875476,942858,7868087,280516,1,2048,0,2048,1,1,1
whole_batch_multiget,2488,2048,2224,83006,25769952,8476,25402142,0,25498313,11291,9085299,948589,8066779,306826,1,2048,0,2048,1,1,1
whole_batch_multiget,2489,2048,2205,85360,25639347,14567,25282468,0,25382275,12133,9009147,946475,7981831,243407,1,2048,0,2048,1,1,1
whole_batch_multiget,2490,2048,2565,84839,25597439,12042,25238285,0,25337300,13044,9093865,941616,8054897,305112,1,2048,0,2048,1,1,1
whole_batch_multiget,2491,2048,2104,85480,25733954,12484,25377306,0,25475680,12293,9245190,962215,8205209,234961,1,2048,0,2048,1,1,1
whole_batch_multiget,2492,2048,2064,89849,25631773,13685,25266257,0,25366685,12524,8961247,940705,7950531,237315,1,2048,0,2048,1,1,1
whole_batch_multiget,2493,2048,2154,81563,25473727,13455,25074277,0,25185766,13305,8902396,968586,7863999,246432,1,2048,0,2048,1,1,1
whole_batch_multiget,2494,2048,2445,85150,25128619,13395,24764948,0,24862680,12152,8793041,914465,7806882,241162,1,2048,0,2048,1,1,1
whole_batch_multiget,2495,2048,2215,79179,24818127,13095,24472719,0,24569991,12043,10147692,918353,9119283,236414,1,2048,0,2048,1,1,1
whole_batch_multiget,2496,2048,2194,79860,25984515,13636,25643215,0,25736068,11571,19181184,899086,18175408,240331,1,2048,0,2048,1,1,1
whole_batch_multiget,2497,2048,2855,114465,24758555,13626,24377500,0,24475544,11321,9253285,883977,8262666,236934,1,2048,0,2048,1,1,1
whole_batch_multiget,2498,2048,1874,83968,24599917,12484,24254589,0,24354467,11541,9247824,877676,8258769,338615,1,2048,0,2048,1,1,1
whole_batch_multiget,2499,2048,3907,114074,24957208,14087,24557678,0,24661133,10850,8919338,903184,7930714,232717,1,2048,0,2048,1,1,1
whole_batch_multiget,2500,2048,2324,80551,25072193,10891,24741022,0,24833847,11953,8929578,883356,7982310,235842,1,2048,0,2048,1,1,1
whole_batch_multiget,2501,2048,2465,77155,25039172,10700,24714332,0,24805443,12393,9023694,880161,8077159,237646,1,2048,0,2048,1,1,1
whole_batch_multiget,2502,2048,2285,92994,25176268,12714,24829087,0,24922343,9769,9070182,879961,8097046,241092,1,2048,0,2048,1,1,1
whole_batch_multiget,2503,2048,2695,102653,24842773,13295,24480103,0,24578698,11913,9288251,889278,8285229,249909,1,2048,0,2048,1,1,1
whole_batch_multiget,2504,2048,2064,79739,24969340,10640,24627128,0,24720584,12053,9563687,880231,8571125,237105,1,2048,0,2048,1,1,1
whole_batch_multiget,2505,2048,2365,81423,24842643,10790,24475544,0,24591061,11992,9241422,891823,8255974,244539,1,2048,0,2048,1,1,1
whole_batch_multiget,2506,2048,2495,79890,25110565,10029,24779384,0,24872459,11752,9229270,890811,8260012,235422,1,2048,0,2048,1,1,1
whole_batch_multiget,2507,2048,2294,78537,25527667,10800,25184464,0,25279101,11091,8947852,880211,7983804,255560,1,2048,0,2048,1,1,1
whole_batch_multiget,2508,2048,2264,92423,24971304,12053,24611048,0,24706788,10379,9273252,874641,8288545,273763,1,2048,0,2048,1,1,1
whole_batch_multiget,2509,2048,2534,79950,25128740,11752,24789453,0,24887497,11672,9542367,879099,8538464,229100,1,2048,0,2048,1,1,1
whole_batch_multiget,2510,2048,2194,79409,25115013,11201,24744478,0,24849325,13946,9505307,889589,8506214,236574,1,2048,0,2048,1,1,1
whole_batch_multiget,2511,2048,2404,85220,24873581,10690,24511121,0,24616579,10049,10628073,1134398,9413976,247404,1,2048,0,2048,1,1,1
whole_batch_multiget,2512,2048,2514,82074,28652949,13155,28298835,0,28394655,11281,11035868,948929,9972995,226906,1,2048,0,2048,1,1,1
whole_batch_multiget,2513,2048,2395,83456,28442233,11461,28070286,0,28193627,14156,10365500,1144857,9132508,248365,1,2048,0,2048,1,1,1
whole_batch_multiget,2514,2048,2405,85320,28061670,11702,27723446,0,27815488,12323,9282640,893035,8273597,233077,1,2048,0,2048,1,1,1
whole_batch_multiget,2515,2048,2304,99687,26281021,12994,25923259,0,26020722,12103,9541495,876353,8552110,229461,1,2048,0,2048,1,1,1
whole_batch_multiget,2516,2048,2124,78347,24690808,10730,24348236,0,24442111,11542,10600572,885581,9601949,239900,1,2048,0,2048,1,1,1
whole_batch_multiget,2517,2048,2215,78767,26518967,11561,26177086,0,26278075,10971,10670894,881884,9695264,268463,1,2048,0,2048,1,1,1
whole_batch_multiget,2518,2048,2344,134903,26674408,15850,26230716,0,26325043,11722,9564949,889538,8569512,235141,1,2048,0,2048,1,1,1
whole_batch_multiget,2519,2048,2004,76794,25104905,10720,24775286,0,24869884,10600,9745387,948629,8690869,233739,1,2048,0,2048,1,1,1
whole_batch_multiget,2520,2048,2144,91942,25120183,11591,24754858,0,24856929,13576,9717496,928051,8679027,246422,1,2048,0,2048,1,1,1
whole_batch_multiget,2521,2048,2635,78788,25469899,10951,25137956,0,25231422,11161,9469240,883607,8501906,235051,1,2048,0,2048,1,1,1
whole_batch_multiget,2522,2048,2515,87003,25314367,11612,24974450,0,25068176,11552,9424816,876514,8459666,234720,1,2048,0,2048,1,1,1
whole_batch_multiget,2523,2048,2004,79700,25378708,11051,25041055,0,25136565,11571,10413731,889238,9405971,248135,1,2048,0,2048,1,1,1
whole_batch_multiget,2524,2048,2074,78978,29948259,6823,29581250,0,29680336,10880,9805430,864421,8828228,254437,1,2048,0,2048,1,1,1
whole_batch_multiget,2525,2048,2255,140954,26113877,15429,25676216,0,25773769,11993,9719610,872997,8760361,234570,1,2048,0,2048,1,1,1
whole_batch_multiget,2526,2048,2034,77385,25333743,14156,25005288,0,25099143,13115,9688732,885471,8714584,234360,1,2048,0,2048,1,1,1
whole_batch_multiget,2527,2048,2394,84719,24789874,10660,24449265,0,24548301,12644,9800662,906080,8814341,233748,1,2048,0,2048,1,1,1
whole_batch_multiget,2528,2048,2014,78898,24649701,12774,24306958,0,24404371,11812,11356890,882355,10369438,233107,1,2048,0,2048,1,1,1
whole_batch_multiget,2529,2048,2114,77225,25050262,13495,24710635,0,24804982,12333,9784210,881012,8814592,241352,1,2048,0,2048,1,1,1
whole_batch_multiget,2530,2048,2394,83387,24725012,13025,24389773,0,24484151,11462,9844344,881783,8880435,233838,1,2048,0,2048,1,1,1
whole_batch_multiget,2531,2048,2204,80421,25114813,11422,24783562,0,24874062,10990,9570860,884999,8604117,249729,1,2048,0,2048,1,1,1
whole_batch_multiget,2532,2048,2174,78858,24477738,12614,24145345,0,24239883,11291,9656872,879650,8703904,254548,1,2048,0,2048,1,1,1
whole_batch_multiget,2533,2048,2335,79719,24762091,14467,24428075,0,24522011,11893,9778650,884780,8817547,233148,1,2048,0,2048,1,1,1
whole_batch_multiget,2534,2048,2425,78547,24953070,13996,24623231,0,24717698,10169,9781906,878498,8824120,233608,1,2048,0,2048,1,1,1
whole_batch_multiget,2535,2048,2054,87985,24900010,13956,24548821,0,24647166,11842,10181456,1026024,9055855,230021,1,2048,0,2048,1,1,1
whole_batch_multiget,2536,2048,1974,86973,24317838,11862,23975136,0,24069983,12924,9861375,884299,8882589,234660,1,2048,0,2048,1,1,1
whole_batch_multiget,2537,2048,2364,87644,24780867,13025,24420821,0,24525298,11191,9964529,876744,9008175,234409,1,2048,0,2048,1,1,1
whole_batch_multiget,2538,2048,2204,79379,24670239,12143,24343396,0,24432964,11160,9950121,884559,8984902,247525,1,2048,0,2048,1,1,1
whole_batch_multiget,2539,2048,2165,84087,24628160,11050,24287582,0,24381949,10680,11571833,875392,10605942,232776,1,2048,0,2048,1,1,1
whole_batch_multiget,2540,2048,2084,80511,24555164,11972,24229102,0,24324220,11462,9852428,894407,8874504,239328,1,2048,0,2048,1,1,1
whole_batch_multiget,2541,2048,2124,79710,24803580,11932,24483559,0,24573728,12363,9698179,885711,8729933,238688,1,2048,0,2048,1,1,1
whole_batch_multiget,2542,2048,2174,76263,24749528,11181,24423266,0,24519597,11231,9613801,883597,8658259,238608,1,2048,0,2048,1,1,1
whole_batch_multiget,2543,2048,2053,76323,24702380,12003,24382790,0,24474262,12443,9573124,877015,8624415,276258,1,2048,0,2048,1,1,1
whole_batch_multiget,2544,2048,2245,78698,24860086,12844,24528293,0,24622069,12453,9880982,914245,8873272,240671,1,2048,0,2048,1,1,1
whole_batch_multiget,2545,2048,1994,76724,27015628,12333,26693664,0,26787260,12563,9970730,886873,8978500,240842,1,2048,0,2048,1,1,1
whole_batch_multiget,2546,2048,1924,85721,24970232,12293,24641566,0,24733989,11521,10570946,893296,9580769,248777,1,2048,0,2048,1,1,1
whole_batch_multiget,2547,2048,1923,87514,25588471,7183,25268070,0,25353390,10179,10061391,887545,9087684,235281,1,2048,0,2048,1,1,1
whole_batch_multiget,2548,2048,2014,77616,25558486,10680,25234458,0,25323735,11581,9926527,865524,8966627,249187,1,2048,0,2048,1,1,1
whole_batch_multiget,2549,2048,1974,78147,25303808,15358,24972958,0,25076110,11782,9962735,889759,8987516,241333,1,2048,0,2048,1,1,1
whole_batch_multiget,2550,2048,2224,84078,25219560,10930,24891705,0,24986642,11692,9903053,873078,8951088,230813,1,2048,0,2048,1,1,1
whole_batch_multiget,2551,2048,2214,83487,25075049,11081,24736504,0,24828867,11221,9866344,867748,8920260,256961,1,2048,0,2048,1,1,1
whole_batch_multiget,2552,2048,3015,99486,25171479,9427,24813538,0,24898277,10029,10124619,876734,9164599,239259,1,2048,0,2048,1,1,1
whole_batch_multiget,2553,2048,2625,95659,25122387,6442,24767752,0,24854475,7184,10218726,887474,9242665,254026,1,2048,0,2048,1,1,1
whole_batch_multiget,2554,2048,2204,97192,24801526,6122,24439686,0,24527282,6733,10073583,878418,9117831,256180,1,2048,0,2048,1,1,1
whole_batch_multiget,2555,2048,2986,94337,25291766,8215,24931419,0,25036426,12553,10244734,886112,9278051,236654,1,2048,0,2048,1,1,1
whole_batch_multiget,2556,2048,2985,104747,25119031,11442,24747263,0,24839998,12003,10107717,875733,9143048,237225,1,2048,0,2048,1,1,1
whole_batch_multiget,2557,2048,2244,80211,24994247,10830,24675680,0,24766249,11131,10084183,880662,9121037,232366,1,2048,0,2048,1,1,1
whole_batch_multiget,2558,2048,2304,79830,24938442,11943,24612220,0,24710565,11972,10169633,899086,9168766,237956,1,2048,0,2048,1,1,1
whole_batch_multiget,2559,2048,2505,89698,24815592,10640,24484972,0,24577486,10710,9960060,877586,8999930,232356,1,2048,0,2048,1,1,1
whole_batch_multiget,2560,2048,2234,84629,24813308,9879,24493478,0,24579610,11942,10001378,880782,9026610,235311,1,2048,0,2048,1,1,1
whole_batch_multiget,2561,2048,2444,82495,27944811,9919,27618859,0,27710441,9738,12372314,1140870,11142929,238738,1,2048,0,2048,1,1,1
whole_batch_multiget,2562,2048,1964,78567,29170239,8236,28853595,0,28942182,10650,11298411,974017,10238703,249969,1,2048,0,2048,1,1,1
whole_batch_multiget,2563,2048,1984,76133,28176315,8556,27809507,0,27942286,11141,11147838,875913,10167920,246062,1,2048,0,2048,1,1,1
whole_batch_multiget,2564,2048,2134,76634,28026975,8636,27669144,0,27804317,12915,10706140,1115873,9507070,195196,1,2048,0,2048,1,1,1
whole_batch_multiget,2565,2048,1823,76173,26314663,10910,25987199,0,26074192,11341,10692714,1201113,9365475,230182,1,2048,0,2048,1,1,1
whole_batch_multiget,2566,2048,1844,91612,26846812,12053,26415633,0,26507295,11642,10167679,910157,9175479,245200,1,2048,0,2048,1,1,1
whole_batch_multiget,2567,2048,2484,82876,25323094,10139,24996922,0,25085298,11712,10049127,875552,9087263,247834,1,2048,0,2048,1,1,1
whole_batch_multiget,2568,2048,2064,75081,24918405,11572,24598024,0,24689636,12063,10191685,891161,9204844,228639,1,2048,0,2048,1,1,1
whole_batch_multiget,2569,2048,3046,99677,25348542,15399,24996200,0,25092431,11441,10291582,880752,9334507,250139,1,2048,0,2048,1,1,1
whole_batch_multiget,2570,2048,2314,84919,24878259,12804,24556626,0,24646555,11432,10305558,872417,9347942,235372,1,2048,0,2048,1,1,1
whole_batch_multiget,2571,2048,2314,83176,25097440,11963,24728980,0,24835519,12504,10371472,920577,9342712,240511,1,2048,0,2048,1,1,1
whole_batch_multiget,2572,2048,2134,80381,24973959,10931,24660191,0,24748947,11481,10366422,879109,9385332,234059,1,2048,0,2048,1,1,1
whole_batch_multiget,2573,2048,2154,77576,24941117,10920,24617391,0,24710294,11391,10224476,882274,9267131,232947,1,2048,0,2048,1,1,1
whole_batch_multiget,2574,2048,2305,77224,27502392,11411,27197349,0,27283050,11291,10581876,872817,9616145,246292,1,2048,0,2048,1,1,1
whole_batch_multiget,2575,2048,1924,78898,25535703,11121,25211054,0,25301313,11402,11390012,861305,10422308,235962,1,2048,0,2048,1,1,1
whole_batch_multiget,2576,2048,2004,87233,27867505,7995,27502381,0,27635330,10870,11057999,986571,9962805,259106,1,2048,0,2048,1,1,1
whole_batch_multiget,2577,2048,3226,94377,26116511,14047,25783878,0,25876782,12172,11270778,872126,10288827,236404,1,2048,0,2048,1,1,1
whole_batch_multiget,2578,2048,2294,76874,25822140,12894,25478786,0,25580456,13014,10870247,896120,9891882,229801,1,2048,0,2048,1,1,1
whole_batch_multiget,2579,2048,2335,76915,26168430,12504,25861905,0,25949759,10950,11167294,886583,10175604,239930,1,2048,0,2048,1,1,1
whole_batch_multiget,2580,2048,2074,76483,25888985,12172,25573574,0,25667439,12043,11234481,895068,10230738,242154,1,2048,0,2048,1,1,1
whole_batch_multiget,2581,2048,1943,76083,26122533,12133,25818262,0,25906047,11582,10985574,877005,10001728,242745,1,2048,0,2048,1,1,1
whole_batch_multiget,2582,2048,3136,118091,29410309,15179,29017573,0,29111389,10660,12240727,983224,11144121,231875,1,2048,0,2048,1,1,1
whole_batch_multiget,2583,2048,2044,76133,26496254,12063,26183007,0,26275000,11562,11011993,898585,10028688,232135,1,2048,0,2048,1,1,1
whole_batch_multiget,2584,2048,2485,86151,27051004,15328,26706297,0,26804652,10380,12142283,1032286,11000732,232716,1,2048,0,2048,1,1,1
whole_batch_multiget,2585,2048,1974,76984,25523229,11471,25200945,0,25295071,22272,12657269,964540,11566673,250550,1,2048,0,2048,1,1,1
whole_batch_multiget,2586,2048,2284,77135,31087926,12654,30766693,0,30868685,12403,12137654,1061110,10966478,248406,1,2048,0,2048,1,1,1
whole_batch_multiget,2587,2048,2495,77516,26970804,11802,26658399,0,26751272,12063,11035266,881704,10067422,235040,1,2048,0,2048,1,1,1
whole_batch_multiget,2588,2048,2404,85310,25894676,11562,25572021,0,25664514,11672,11139502,882755,10152942,230352,1,2048,0,2048,1,1,1
whole_batch_multiget,2589,2048,1984,78157,27101028,10730,26774626,0,26872359,12634,11389321,896090,10374768,231774,1,2048,0,2048,1,1,1
whole_batch_multiget,2590,2048,1924,93646,26380166,10179,26044667,0,26140026,11832,11016371,888226,10020734,243767,1,2048,0,2048,1,1,1
whole_batch_multiget,2591,2048,3447,118542,25824494,10991,25458478,0,25556311,12383,11729800,878798,10728141,233067,1,2048,0,2048,1,1,1
whole_batch_multiget,2592,2048,2194,81854,26286260,12774,25945021,0,26054535,11893,11075532,913373,10071389,233798,1,2048,0,2048,1,1,1
whole_batch_multiget,2593,2048,2214,77576,26409882,11271,26087096,0,26180542,11382,10983640,892454,9973986,255819,1,2048,0,2048,1,1,1
whole_batch_multiget,2594,2048,3607,91631,26098068,13666,25758681,0,25851355,10750,12401349,883587,11408137,247674,1,2048,0,2048,1,1,1
whole_batch_multiget,2595,2048,1983,79369,26594739,12313,26264680,0,26360700,12223,11113423,887414,10141410,244709,1,2048,0,2048,1,1,1
whole_batch_multiget,2596,2048,2385,87364,29367479,13425,29002284,0,29108964,10399,11871325,1071199,10691112,231875,1,2048,0,2048,1,1,1
whole_batch_multiget,2597,2048,2043,86473,26321737,12434,25986528,0,26078591,12424,6361501,888476,5410938,234330,1,2048,0,2048,1,1,1
whole_batch_multiget,2598,2048,2104,75491,27403806,11542,27076994,0,27173645,18565,6616058,884038,5663742,236654,1,2048,0,2048,1,1,1
whole_batch_multiget,2599,2048,2204,79168,27286295,12333,26958731,0,27055743,12373,6619965,882726,5675805,230291,1,2048,0,2048,1,1,1
whole_batch_multiget,2600,2048,2715,82455,27321662,12474,26975933,0,27076032,11111,7702747,886112,6746263,254718,1,2048,0,2048,1,1,1
whole_batch_multiget,2601,2048,2244,78026,26664049,6643,26335863,0,26431222,11542,7017883,880572,6072018,241042,1,2048,0,2048,1,1,1
whole_batch_multiget,2602,2048,2204,81533,26540237,11922,26200119,0,26299575,11221,6949674,890921,5994673,239830,1,2048,0,2048,1,1,1
whole_batch_multiget,2603,2048,2134,77666,26683956,12063,26356552,0,26451260,10780,21360442,893446,20398007,232316,1,2048,0,2048,1,1,1
whole_batch_multiget,2604,2048,2345,79879,27031207,11562,26699916,0,26791688,11872,7494376,889198,6533153,287599,1,2048,0,2048,1,1,1
whole_batch_multiget,2605,2048,3095,85310,27284302,15900,26925128,0,27025437,12464,28460397,886693,27471033,241153,1,2048,0,2048,1,1,1
whole_batch_multiget,2606,2048,2424,82966,30148293,12374,29802104,0,29903354,11783,7445073,900139,6483470,239629,1,2048,0,2048,1,1,1
whole_batch_multiget,2607,2048,2816,78056,29707216,12884,29375694,0,29469660,11482,7706764,888877,6758436,234560,1,2048,0,2048,1,1,1
whole_batch_multiget,2608,2048,2315,74690,29578324,10309,29257002,0,29351849,10950,7519292,870192,6588257,231495,1,2048,0,2048,1,1,1
whole_batch_multiget,2609,2048,2114,76573,29857578,10339,29530705,0,29627577,12955,7519213,881092,6576374,230312,1,2048,0,2048,1,1,1
whole_batch_multiget,2610,2048,1974,75261,29596419,10670,29265849,0,29354234,9097,7714228,901211,6745721,234490,1,2048,0,2048,1,1,1
whole_batch_multiget,2611,2048,2144,87805,30137223,13154,29794800,0,29895068,11652,7706313,876154,6767252,233739,1,2048,0,2048,1,1,1
whole_batch_multiget,2612,2048,2445,75201,30585443,11732,30258590,0,30350683,12053,7798496,868829,6866689,237665,1,2048,0,2048,1,1,1
whole_batch_multiget,2613,2048,1944,74630,30094102,11542,29768842,0,29867487,11311,7914694,869120,6982005,257874,1,2048,0,2048,1,1,1
whole_batch_multiget,2614,2048,2204,78948,30147973,10820,29821981,0,29914374,11502,7936005,885110,6988307,247193,1,2048,0,2048,1,1,1
whole_batch_multiget,2615,2048,2374,77606,30099843,11171,29776616,0,29867286,11511,7996948,876023,7058138,247054,1,2048,0,2048,1,1,1
whole_batch_multiget,2616,2048,2665,86312,30238583,13124,29898635,0,29997180,11051,8189359,875432,7253765,236163,1,2048,0,2048,1,1,1
whole_batch_multiget,2617,2048,2334,74790,30820273,11351,30493250,0,30587737,12193,8179591,872015,7246581,230592,1,2048,0,2048,1,1,1
whole_batch_multiget,2618,2048,2305,75552,30339953,11181,30018430,0,30110452,11021,8420794,878388,7476052,242585,1,2048,0,2048,1,1,1
whole_batch_multiget,2619,2048,2214,75842,31687991,11392,31353233,0,31450165,12003,8278266,888907,7320670,235252,1,2048,0,2048,1,1,1
whole_batch_multiget,2620,2048,2294,80521,30518397,11541,30194270,0,30285961,10760,8280691,868288,7336570,233478,1,2048,0,2048,1,1,1
whole_batch_multiget,2621,2048,2204,81082,30850711,12093,30531702,0,30622052,11552,8493018,891341,7539831,243948,1,2048,0,2048,1,1,1
whole_batch_multiget,2622,2048,2124,76142,30924018,11732,30605971,0,30698345,11141,8531110,877455,7584155,228990,1,2048,0,2048,1,1,1
whole_batch_multiget,2623,2048,2265,74319,30703685,11983,30384868,0,30478633,11742,9610825,878698,8666043,228709,1,2048,0,2048,1,1,1
whole_batch_multiget,2624,2048,2224,76904,31019858,8776,30702513,0,30793533,11942,8697593,884068,7741139,236483,1,2048,0,2048,1,1,1
whole_batch_multiget,2625,2048,2495,76604,31256331,11912,30938255,0,31028885,12072,8804843,895058,7835436,237326,1,2048,0,2048,1,1,1
whole_batch_multiget,2626,2048,2254,76573,30358507,10740,30034520,0,30128546,10770,8847303,890861,7852267,283602,1,2048,0,2048,1,1,1
whole_batch_multiget,2627,2048,2484,83366,30498279,12033,30166617,0,30262317,11432,8782993,888457,7826078,232747,1,2048,0,2048,1,1,1
whole_batch_multiget,2628,2048,2084,76283,30525691,10831,30208035,0,30300700,11482,8945678,887164,7981029,238678,1,2048,0,2048,1,1,1
whole_batch_multiget,2629,2048,2255,84228,30763256,10670,30437776,0,30529158,11562,8798431,870813,7865282,227818,1,2048,0,2048,1,1,1
whole_batch_multiget,2630,2048,1673,76033,30869225,10710,30546180,0,30640707,11362,9089016,872236,8143854,236133,1,2048,0,2048,1,1,1
whole_batch_multiget,2631,2048,2104,77425,30787923,11191,30464557,0,30554726,11782,9909626,878618,8927674,248586,1,2048,0,2048,1,1,1
whole_batch_multiget,2632,2048,2495,79719,30725456,11582,30399615,0,30493110,12323,8871879,881283,7919503,230833,1,2048,0,2048,1,1,1
whole_batch_multiget,2633,2048,2655,77175,32025915,12233,31707849,0,31799841,12664,9087804,896681,8125931,229120,1,2048,0,2048,1,1,1
whole_batch_multiget,2634,2048,2334,88035,32297424,13164,31952498,0,32052835,12032,9345457,894367,8356352,248886,1,2048,0,2048,1,1,1
whole_batch_multiget,2635,2048,2555,86141,30886998,13285,30550087,0,30644084,12333,8982657,866395,8031643,230562,1,2048,0,2048,1,1,1
whole_batch_multiget,2636,2048,2074,77085,31871425,11782,31558448,0,31646463,12303,9072996,881894,8125880,232286,1,2048,0,2048,1,1,1
whole_batch_multiget,2637,2048,2214,76012,31002656,11682,30673809,0,30769208,11772,9146324,883937,8183367,231103,1,2048,0,2048,1,1,1
whole_batch_multiget,2638,2048,2104,81914,30601223,14016,30280151,0,30373987,11912,9170529,881042,8217852,232025,1,2048,0,2048,1,1,1
whole_batch_multiget,2639,2048,2545,76644,30777634,12443,30468904,0,30559294,12283,9308438,886032,8350822,233768,1,2048,0,2048,1,1,1
whole_batch_multiget,2640,2048,2635,78578,30950358,12173,30633533,0,30726037,12153,9096541,882936,8144956,233358,1,2048,0,2048,1,1,1
whole_batch_multiget,2641,2048,1914,83076,31341992,12714,31020429,0,31113734,12092,9313026,884990,8341244,238528,1,2048,0,2048,1,1,1
whole_batch_multiget,2642,2048,2214,76744,31500870,12123,31181902,0,31274025,11501,10378254,865333,9434344,234740,1,2048,0,2048,1,1,1
whole_batch_multiget,2643,2048,2405,72987,31924014,11361,31616337,0,31708930,11952,9422792,879640,8462261,240101,1,2048,0,2048,1,1,1
whole_batch_multiget,2644,2048,3016,78738,31624703,11923,31306546,0,31402446,12493,9707647,893486,8733299,242124,1,2048,0,2048,1,1,1
whole_batch_multiget,2645,2048,2214,77826,31270328,11662,30943625,0,31038473,12173,9730329,896642,8763276,242895,1,2048,0,2048,1,1,1
whole_batch_multiget,2646,2048,2285,75201,31083658,12373,30772775,0,30864387,11822,9587211,886563,8626840,234330,1,2048,0,2048,1,1,1
whole_batch_multiget,2647,2048,2314,74029,31263515,12343,30952982,0,31045716,11482,9448982,874640,8504229,244929,1,2048,0,2048,1,1,1
whole_batch_multiget,2648,2048,2595,79019,33311546,16311,32966168,0,33081745,13846,9766838,912802,8746555,245751,1,2048,0,2048,1,1,1
whole_batch_multiget,2649,2048,2244,77495,32729554,11702,32413712,0,32508680,11040,10000205,882325,9010549,231033,1,2048,0,2048,1,1,1
whole_batch_multiget,2650,2048,2625,76513,32205842,13104,31890702,0,31983455,11381,9806592,889829,8851642,232716,1,2048,0,2048,1,1,1
whole_batch_multiget,2651,2048,2405,82104,32309517,11712,31970731,0,32072272,12613,10216721,900589,9201758,243176,1,2048,0,2048,1,1,1
whole_batch_multiget,2652,2048,1954,76724,32244435,13816,31914566,0,32009985,11852,10216300,872907,9236172,233427,1,2048,0,2048,1,1,1
whole_batch_multiget,2653,2048,2184,75181,32532675,13064,32219929,0,32312592,11702,9644157,884850,8691060,231435,1,2048,0,2048,1,1,1
whole_batch_multiget,2654,2048,2324,79048,32365492,11351,32046433,0,32140059,11882,9749736,891321,8750602,236533,1,2048,0,2048,1,1,1
whole_batch_multiget,2655,2048,2044,77375,32549437,12593,32235208,0,32326578,11692,9445896,881935,8424230,270968,1,2048,0,2048,1,1,1
whole_batch_multiget,2656,2048,3085,108574,32086549,13054,31678633,0,31784071,10790,9348183,899717,8385307,249598,1,2048,0,2048,1,1,1
whole_batch_multiget,2657,2048,2554,82034,32501076,11101,32161529,0,32259823,11792,10025312,893385,9017231,237064,1,2048,0,2048,1,1,1
whole_batch_multiget,2658,2048,2134,80000,31749576,14056,31420990,0,31519725,12082,9304400,882265,8326787,247194,1,2048,0,2048,1,1,1
whole_batch_multiget,2659,2048,2445,107011,32428420,15179,32043989,0,32150799,12914,9734698,1154846,8501585,239078,1,2048,0,2048,1,1,1
whole_batch_multiget,2660,2048,2685,80301,32351405,12935,32027718,0,32122797,11863,9851216,879018,8862803,243586,1,2048,0,2048,1,1,1
whole_batch_multiget,2661,2048,2225,78547,31825148,12614,31496993,0,31594687,11482,10560817,890109,9580298,251011,1,2048,0,2048,1,1,1
whole_batch_multiget,2662,2048,3447,108694,33226607,20188,32806058,0,32921084,14337,9530094,954370,8496816,251301,1,2048,0,2048,1,1,1
whole_batch_multiget,2663,2048,2174,82495,32232983,12634,31885992,0,31984808,12373,9911228,869652,8926231,237105,1,2048,0,2048,1,1,1
whole_batch_multiget,2664,2048,2525,81924,32322050,12153,31991169,0,32085477,12053,9462067,886963,8495563,252884,1,2048,0,2048,1,1,1
whole_batch_multiget,2665,2048,2725,87033,31949341,13155,31600126,0,31701917,13014,9682239,910608,8666243,232747,1,2048,0,2048,1,1,1
whole_batch_multiget,2666,2048,1984,82665,32800347,11461,32470558,0,32563653,12233,9891782,889769,8894281,240331,1,2048,0,2048,1,1,1
whole_batch_multiget,2667,2048,2083,75612,32911555,11742,32588570,0,32682036,12493,9515536,879009,8567127,250069,1,2048,0,2048,1,1,1
whole_batch_multiget,2668,2048,2074,87173,32240768,13325,31891313,0,31991150,13476,10221691,908964,9204292,243206,1,2048,0,2048,1,1,1
whole_batch_multiget,2669,2048,2064,76934,32362336,19206,32022298,0,32127304,11111,10118908,879459,9133430,234340,1,2048,0,2048,1,1,1
whole_batch_multiget,2670,2048,2084,76914,32646749,12604,32321850,0,32415255,12193,9708699,900419,8738509,240351,1,2048,0,2048,1,1,1
whole_batch_multiget,2671,2048,2615,91832,31714531,14107,31379923,0,31474421,12082,9917971,876134,8941049,241874,1,2048,0,2048,1,1,1
whole_batch_multiget,2672,2048,2004,79338,31765235,14317,31418085,0,31528632,11772,9570950,880862,8607915,234079,1,2048,0,2048,1,1,1
whole_batch_multiget,2673,2048,2084,78768,31300585,12334,30984301,0,31075272,12052,9567444,885661,8609156,237545,1,2048,0,2048,1,1,1
whole_batch_multiget,2674,2048,2174,86092,31142999,11391,30801629,0,30895415,12263,21817790,867888,20851207,244248,1,2048,0,2048,1,1,1
whole_batch_multiget,2675,2048,2074,79369,32542794,11662,32224066,0,32317542,12233,9735639,879520,8770209,237044,1,2048,0,2048,1,1,1
whole_batch_multiget,2676,2048,2144,79910,30901215,12323,30577799,0,30674179,12554,10058124,878007,9086342,244448,1,2048,0,2048,1,1,1
whole_batch_multiget,2677,2048,2024,76113,31930526,12844,31616096,0,31707919,12073,10285531,877215,9315471,232927,1,2048,0,2048,1,1,1
whole_batch_multiget,2678,2048,1983,75742,30792592,12283,30459587,0,30549456,11993,9989836,883207,9030427,232226,1,2048,0,2048,1,1,1
whole_batch_multiget,2679,2048,2665,80140,31330691,12033,31011863,0,31105539,12965,11136677,878728,10165786,234670,1,2048,0,2048,1,1,1
whole_batch_multiget,2680,2048,2314,98365,31998634,11833,31665358,0,31754526,12413,10064125,879660,9107581,243818,1,2048,0,2048,1,1,1
whole_batch_multiget,2681,2048,2294,91332,31034505,11211,30699547,0,30794566,11130,10267887,884098,9306284,272822,1,2048,0,2048,1,1,1
whole_batch_multiget,2682,2048,2786,94577,31659999,10460,31307708,0,31409960,14497,10367645,925636,9352661,258495,1,2048,0,2048,1,1,1
whole_batch_multiget,2683,2048,2054,78717,31160622,13645,30828259,0,30926513,11281,10283056,900529,9302086,243317,1,2048,0,2048,1,1,1
whole_batch_multiget,2684,2048,2244,82775,31192261,11972,30870157,0,30961789,12113,10293666,898855,9310592,241242,1,2048,0,2048,1,1,1
whole_batch_multiget,2685,2048,2244,84749,31208491,11631,30886107,0,30979031,11502,10104201,880261,9142717,254698,1,2048,0,2048,1,1,1
whole_batch_multiget,2686,2048,1964,81283,31311475,11883,30997336,0,31086844,12634,10158783,884799,9184246,245851,1,2048,0,2048,1,1,1
whole_batch_multiget,2687,2048,2244,85491,31749757,12364,31427373,0,31524294,12985,10111254,880230,9148819,227517,1,2048,0,2048,1,1,1
whole_batch_multiget,2688,2048,2184,79499,31196279,12023,30880887,0,30973141,19707,10296030,866355,9339206,233839,1,2048,0,2048,1,1,1
whole_batch_multiget,2689,2048,2695,78317,31288262,12363,30955577,0,31058300,12353,10237160,877726,9274014,231865,1,2048,0,2048,1,1,1
whole_batch_multiget,2690,2048,2064,78367,31194827,11421,30874024,0,30968952,11952,10144646,869250,9194044,229551,1,2048,0,2048,1,1,1
whole_batch_multiget,2691,2048,2284,76494,31846358,11431,31538601,0,31630843,12965,10130439,871795,9171782,291226,1,2048,0,2048,1,1,1
whole_batch_multiget,2692,2048,2274,76494,31222508,12193,30904972,0,31001283,12384,10249233,871394,9289753,242605,1,2048,0,2048,1,1,1
whole_batch_multiget,2693,2048,2224,78227,31589537,10970,31283713,0,31374703,11642,10311078,868368,9358311,286508,1,2048,0,2048,1,1,1
whole_batch_multiget,2694,2048,2314,87133,31566723,11612,31242956,0,31336442,11161,10043437,871054,9098785,228749,1,2048,0,2048,1,1,1
whole_batch_multiget,2695,2048,2024,76854,31231445,13184,30907367,0,31017022,11070,10052864,866876,9102632,232736,1,2048,0,2048,1,1,1
whole_batch_multiget,2696,2048,2154,76263,31470944,12013,31155733,0,31249158,11381,10317891,872827,9366988,241273,1,2048,0,2048,1,1,1
whole_batch_multiget,2697,2048,2234,75502,31473789,11722,31166704,0,31258776,12673,10319724,881183,9359023,247804,1,2048,0,2048,1,1,1
whole_batch_multiget,2698,2048,2535,80220,31589306,11301,31278924,0,31370856,11692,11701236,875773,10739342,230482,1,2048,0,2048,1,1,1
whole_batch_multiget,2699,2048,2124,79249,31299723,11001,30987577,0,31078408,12263,10558984,888076,9586850,233728,1,2048,0,2048,1,1,1
whole_batch_multiget,2700,2048,2255,87144,31276840,11231,30952171,0,31047650,11813,11478238,892054,10476999,231444,1,2048,0,2048,1,1,1
whole_batch_multiget,2701,2048,2325,78407,31106831,10530,30796689,0,30887590,12463,10344912,869761,9381895,228268,1,2048,0,2048,1,1,1
whole_batch_multiget,2702,2048,2204,84308,31157667,10570,30831845,0,30922415,11882,10254212,880621,9290785,236614,1,2048,0,2048,1,1,1
whole_batch_multiget,2703,2048,2104,82475,32365752,12443,32038348,0,32134538,12693,10605580,889348,9619923,238787,1,2048,0,2048,1,1,1
whole_batch_multiget,2704,2048,1973,85510,32258862,13906,31931338,0,32027779,12213,10488792,897283,9493305,245410,1,2048,0,2048,1,1,1
whole_batch_multiget,2705,2048,2113,75472,31696868,11882,31386175,0,31479339,12103,10587026,897393,9600315,246733,1,2048,0,2048,1,1,1
whole_batch_multiget,2706,2048,2404,74229,31295996,11993,30979241,0,31073168,11923,10403492,884048,9440837,230913,1,2048,0,2048,1,1,1
whole_batch_multiget,2707,2048,1984,78197,31195798,11962,30878172,0,30969834,12243,10511014,884439,9529542,231143,1,2048,0,2048,1,1,1
whole_batch_multiget,2708,2048,2355,75451,31142988,11842,30834460,0,30924900,11742,10446672,877606,9493756,237466,1,2048,0,2048,1,1,1
whole_batch_multiget,2709,2048,2454,83827,31693090,11872,31371047,0,31465313,12213,10641989,899237,9658855,235743,1,2048,0,2048,1,1,1
whole_batch_multiget,2710,2048,2344,96591,31435958,11842,31094628,0,31191139,11902,10672647,879219,9673603,233678,1,2048,0,2048,1,1,1
whole_batch_multiget,2711,2048,2164,73448,31347182,11843,31035959,0,31128903,11361,10456000,878578,9494968,245320,1,2048,0,2048,1,1,1
whole_batch_multiget,2712,2048,2184,78737,32494613,12673,32169895,0,32265383,11491,10750111,900729,9773000,230442,1,2048,0,2048,1,1,1
whole_batch_multiget,2713,2048,2324,81763,31646613,11602,31316343,0,31412334,11742,10736106,871274,9769643,239279,1,2048,0,2048,1,1,1
whole_batch_multiget,2714,2048,2405,78958,32347297,11862,32016247,0,32112347,11892,10985243,892644,9991479,239719,1,2048,0,2048,1,1,1
whole_batch_multiget,2715,2048,1964,75903,31974649,12033,31660750,0,31754646,11341,10718873,867146,9773881,234540,1,2048,0,2048,1,1,1
whole_batch_multiget,2716,2048,2004,73808,32588650,11621,32281675,0,32370831,11491,12452294,888677,11450485,234500,1,2048,0,2048,1,1,1
whole_batch_multiget,2717,2048,2204,76383,32326819,13245,32008232,0,32099713,11201,10675953,887194,9690985,233007,1,2048,0,2048,1,1,1
whole_batch_multiget,2718,2048,2315,74720,32652329,12554,32344121,0,32434010,11151,10627652,878748,9642194,256631,1,2048,0,2048,1,1,1
whole_batch_multiget,2719,2048,2605,103715,32388435,15709,32029141,0,32127104,13355,10484384,890851,9507341,233508,1,2048,0,2048,1,1,1
whole_batch_multiget,2720,2048,2364,80791,32546020,12713,32229356,0,32322020,10690,10763707,885000,9777418,234329,1,2048,0,2048,1,1,1
whole_batch_multiget,2721,2048,2645,115546,32835343,9197,32380259,0,32474045,10360,10788254,877846,9803667,246713,1,2048,0,2048,1,1,1
whole_batch_multiget,2722,2048,1934,63689,32701431,10680,32423049,0,32514511,11963,10819753,882575,9835256,242625,1,2048,0,2048,1,1,1
whole_batch_multiget,2723,2048,2184,64942,32406308,10049,32108990,0,32208006,12393,10869896,894187,9878747,235702,1,2048,0,2048,1,1,1
whole_batch_multiget,2724,2048,2485,64041,32270784,10179,31987152,0,32078173,11652,10964565,882666,9975318,238086,1,2048,0,2048,1,1,1
whole_batch_multiget,2725,2048,2225,66946,33476656,11000,33147288,0,33254739,13906,11162265,936105,10102968,238467,1,2048,0,2048,1,1,1
whole_batch_multiget,2726,2048,2435,67988,32841324,7394,32554786,0,32640628,7815,11307007,886643,10318262,251632,1,2048,0,2048,1,1,1
whole_batch_multiget,2727,2048,2364,70512,32038759,10489,31745189,0,31838172,12824,11263124,908143,10261255,233107,1,2048,0,2048,1,1,1
whole_batch_multiget,2728,2048,2465,68499,32187167,9888,31897073,0,31991520,11211,10690711,880611,9709330,239559,1,2048,0,2048,1,1,1
whole_batch_multiget,2729,2048,2585,68719,32337860,7484,32049609,0,32135721,8316,10918548,876214,9935624,236233,1,2048,0,2048,1,1,1
whole_batch_multiget,2730,2048,3086,77946,32524239,11933,32191676,0,32290632,13345,10893110,942287,9866484,243397,1,2048,0,2048,1,1,1
whole_batch_multiget,2731,2048,3326,90660,32617474,8747,32297454,0,32378466,11311,10902147,1036323,9765335,100889,1,2048,0,2048,1,1,1
whole_batch_multiget,2732,2048,1994,73929,32719676,9357,32427538,0,32513178,12483,11073839,1016176,9957475,139391,1,2048,0,2048,1,1,1
whole_batch_multiget,2733,2048,2375,76013,32910103,9007,32610251,0,32704277,10620,10713183,1022628,9591779,62197,1,2048,0,2048,1,1,1
whole_batch_multiget,2734,2048,1183,77766,32660444,10670,32340785,0,32445922,11621,11744436,1028449,10629266,121547,1,2048,0,2048,1,1,1
whole_batch_multiget,2735,2048,3757,245119,33130416,12193,32599049,0,32713544,11361,11340098,868789,10359099,241823,1,2048,0,2048,1,1,1
whole_batch_multiget,2736,2048,2304,84378,37278275,13475,36925464,0,37039107,14558,12057154,1191024,10752296,250049,1,2048,0,2048,1,1,1
whole_batch_multiget,2737,2048,2204,82795,36852758,15098,36498102,0,36613047,16140,6965273,1131963,5752419,246983,1,2048,0,2048,1,1,1
whole_batch_multiget,2738,2048,2154,82795,41074495,14297,40667431,0,40803096,15379,8138364,1396259,6655542,249368,1,2048,0,2048,1,1,1
whole_batch_multiget,2739,2048,2184,84639,40244479,11712,39898449,0,39999449,12634,7864209,1095064,6699245,253446,1,2048,0,2048,1,1,1
whole_batch_multiget,2740,2048,2014,89338,40640712,10990,40263304,0,40385363,12203,8076798,1079254,6926761,244177,1,2048,0,2048,1,1,1
whole_batch_multiget,2741,2048,2475,84628,39941831,11983,39604118,0,39699827,12193,8025071,1070127,6885423,246923,1,2048,0,2048,1,1,1
whole_batch_multiget,2742,2048,1984,84839,39582477,11972,39211611,0,39319514,13695,24862008,1100033,23648332,250741,1,2048,0,2048,1,1,1
whole_batch_multiget,2743,2048,2625,96351,46603334,14417,46220306,0,46330192,12042,8037815,1068373,6879753,257553,1,2048,0,2048,1,1,1
whole_batch_multiget,2744,2048,2234,87374,46411916,13525,46040549,0,46160895,13576,8503709,1076408,7352609,247825,1,2048,0,2048,1,1,1
whole_batch_multiget,2745,2048,2184,85450,47124452,14016,46779335,0,46882879,12924,8323882,1080346,7169226,273152,1,2048,0,2048,1,1,1
whole_batch_multiget,2746,2048,2535,92684,47506669,14327,47150481,0,47254516,13055,17695458,1086868,16520835,258716,1,2048,0,2048,1,1,1
whole_batch_multiget,2747,2048,2174,85952,47479939,14838,47130584,0,47234067,14177,8573410,1080827,7417842,243286,1,2048,0,2048,1,1,1
whole_batch_multiget,2748,2048,2225,84238,46787560,13926,46444928,0,46550826,13645,8614366,1079305,7448279,256381,1,2048,0,2048,1,1,1
whole_batch_multiget,2749,2048,2394,91983,48163551,13335,47800560,0,47908052,13265,9729929,1068053,8584370,251912,1,2048,0,2048,1,1,1
whole_batch_multiget,2750,2048,2244,91642,46465747,13575,46112955,0,46219134,13425,8715366,1071099,7565359,243937,1,2048,0,2048,1,1,1
whole_batch_multiget,2751,2048,2395,84949,46402257,13826,46063072,0,46162488,12845,8821244,1078152,7663503,248867,1,2048,0,2048,1,1,1
whole_batch_multiget,2752,2048,2254,84258,47319688,14497,46984880,0,47082263,12834,8866088,1058264,7734977,274625,1,2048,0,2048,1,1,1
whole_batch_multiget,2753,2048,3506,94798,46688344,12644,46338177,0,46438796,13546,9038642,1058705,7896100,241743,1,2048,0,2048,1,1,1
whole_batch_multiget,2754,2048,2375,86442,46507234,15690,46169801,0,46267716,14026,9049973,1049348,7921907,241673,1,2048,0,2048,1,1,1
whole_batch_multiget,2755,2048,2755,86262,46337235,11661,46002467,0,46099369,12834,9431849,1072913,8277284,245511,1,2048,0,2048,1,1,1
whole_batch_multiget,2756,2048,2534,85270,46605088,13275,46261533,0,46359337,13195,9481974,1063224,8341144,243246,1,2048,0,2048,1,1,1
whole_batch_multiget,2757,2048,2554,86853,46400584,12313,46051820,0,46149914,12844,9479689,1081698,8307009,238677,1,2048,0,2048,1,1,1
whole_batch_multiget,2758,2048,2064,86252,46948291,14618,46601271,0,46705026,14768,9540914,1067052,8392810,245210,1,2048,0,2048,1,1,1
whole_batch_multiget,2759,2048,2204,86892,47046817,14247,46611550,0,46739590,15529,10296311,1364239,8810925,244779,1,2048,0,2048,1,1,1
whole_batch_multiget,2760,2048,2304,90249,47215893,14818,46852552,0,46958120,13245,148851220,1102959,147629970,251823,1,2048,0,2048,1,1,1
whole_batch_multiget,2761,2048,2194,90380,46208014,14678,45858919,0,45956512,12844,9016410,979898,7969226,236564,1,2048,0,2048,1,1,1
whole_batch_multiget,2762,2048,2124,70503,23234497,8727,22931849,0,23012841,10499,9285515,984797,8240074,244128,1,2048,0,2048,1,1,1
whole_batch_multiget,2763,2048,2765,73418,22876686,11522,22566123,0,22653276,8426,9305783,1196214,8049046,249177,1,2048,0,2048,1,1,1
whole_batch_multiget,2764,2048,1904,79839,22578445,9187,22281358,0,22366969,11261,9270156,1129318,8065497,265598,1,2048,0,2048,1,1,1
whole_batch_multiget,2765,2048,2434,72876,22881454,9127,22580930,0,22663666,10229,9393858,1036894,8274218,299752,1,2048,0,2048,1,1,1
whole_batch_multiget,2766,2048,2485,73728,21911966,6653,21595843,0,21675994,7083,8874945,953037,7855964,258004,1,2048,0,2048,1,1,1
whole_batch_multiget,2767,2048,2325,75201,22057539,6392,21750523,0,21833599,7214,8837705,951555,7814847,294863,1,2048,0,2048,1,1,1
whole_batch_multiget,2768,2048,2355,77275,22303561,7384,21985504,0,22067698,7294,9083446,954379,8066109,246462,1,2048,0,2048,1,1,1
whole_batch_multiget,2769,2048,2956,77936,22286057,10430,21971848,0,22057419,10500,9200216,959811,8160194,258124,1,2048,0,2048,1,1,1
whole_batch_multiget,2770,2048,1924,76593,22199806,10760,21892910,0,21975004,10610,9228639,965491,8189730,254647,1,2048,0,2048,1,1,1
whole_batch_multiget,2771,2048,2194,88877,22278464,10920,21947383,0,22035137,10820,9197109,955201,8173440,243316,1,2048,0,2048,1,1,1
whole_batch_multiget,2772,2048,3987,193804,23981407,860263,22537299,0,23526484,10800,9128441,972574,8089763,253325,1,2048,0,2048,1,1,1
whole_batch_multiget,2773,2048,2244,123291,22194896,8376,21716339,0,21805036,10038,9344766,958838,8313652,251401,1,2048,0,2048,1,1,1
whole_batch_multiget,2774,2048,1863,67437,22165442,7614,21884875,0,21964775,9678,9439894,960191,8412257,252394,1,2048,0,2048,1,1,1
whole_batch_multiget,2775,2048,3506,68398,22258646,9137,21964584,0,22045446,10941,9777277,946005,8719673,248676,1,2048,0,2048,1,1,1
whole_batch_multiget,2776,2048,2374,80000,22690325,8246,22398569,0,22479330,11031,10110863,951885,9050514,260057,1,2048,0,2048,1,1,1
whole_batch_multiget,2777,2048,2204,72566,22779403,8726,22472597,0,22560933,11482,9911189,950743,8837174,290565,1,2048,0,2048,1,1,1
whole_batch_multiget,2778,2048,3096,72766,22838243,8436,22527731,0,22610717,10680,10120842,962876,9056065,239890,1,2048,0,2048,1,1,1
whole_batch_multiget,2779,2048,2284,73878,22995128,7945,22691678,0,22778752,10971,9771466,963857,8697963,255879,1,2048,0,2048,1,1,1
whole_batch_multiget,2780,2048,2574,81633,22815550,8025,22485281,0,22573096,7535,10081378,973586,9029806,256411,1,2048,0,2048,1,1,1
whole_batch_multiget,2781,2048,2244,74449,23139819,8686,22836309,0,22925857,11021,9479509,958739,8457572,242996,1,2048,0,2048,1,1,1
whole_batch_multiget,2782,2048,1944,72957,23161359,8165,22861016,0,22951766,10520,9661601,943239,8655393,252704,1,2048,0,2048,1,1,1
whole_batch_multiget,2783,2048,1954,76384,23147694,11091,22838945,0,22930646,12513,9784771,952346,8759258,239550,1,2048,0,2048,1,1,1
whole_batch_multiget,2784,2048,2605,90550,23341918,10970,23014254,0,23108249,12172,10943334,951424,9887284,265157,1,2048,0,2048,1,1,1
whole_batch_multiget,2785,2048,3266,86172,23028290,12905,22702157,0,22793930,12403,10170705,959479,9103814,235572,1,2048,0,2048,1,1,1
whole_batch_multiget,2786,2048,2114,77295,23230569,7223,22915298,0,23001348,9457,10439269,956054,9371937,244909,1,2048,0,2048,1,1,1
whole_batch_multiget,2787,2048,2395,77094,23070158,10670,22748996,0,22842341,11742,10234224,953298,9163636,259807,1,2048,0,2048,1,1,1
whole_batch_multiget,2788,2048,2915,83116,23173081,8476,22840227,0,22932971,9869,10186214,988313,9085941,257152,1,2048,0,2048,1,1,1
whole_batch_multiget,2789,2048,2584,80972,24409220,9829,24064683,0,24167206,9277,24430880,962545,23360202,255740,1,2048,0,2048,1,1,1
whole_batch_multiget,2790,2048,2625,79429,24561906,10129,24235544,0,24329490,13084,9979837,955352,8949295,239329,1,2048,0,2048,1,1,1
whole_batch_multiget,2791,2048,2264,81273,23087400,11312,22763714,0,22853612,12112,9737382,968176,8697793,243607,1,2048,0,2048,1,1,1
whole_batch_multiget,2792,2048,2625,87414,23200432,10429,22868140,0,22959129,8947,9778049,967504,8720526,261280,1,2048,0,2048,1,1,1
whole_batch_multiget,2793,2048,3196,90129,22899618,13355,22542819,0,22649980,12754,10009823,966853,8927654,288691,1,2048,0,2048,1,1,1
whole_batch_multiget,2794,2048,2595,75532,22952958,10971,22636955,0,22727495,11732,10138495,965781,9064020,238457,1,2048,0,2048,1,1,1
whole_batch_multiget,2795,2048,2164,76274,23020475,11251,22708801,0,22795503,12173,9636504,968717,8555436,242945,1,2048,0,2048,1,1,1
whole_batch_multiget,2796,2048,2745,79109,22878499,10479,22559280,0,22646423,12824,10113388,960081,9041888,250660,1,2048,0,2048,1,1,1
whole_batch_multiget,2797,2048,2424,77846,23907098,12193,23529900,0,23652290,14818,10410545,1029661,9260879,241613,1,2048,0,2048,1,1,1
whole_batch_multiget,2798,2048,2274,86031,22931207,8787,22602180,0,22693803,9328,10072100,993634,8999719,250169,1,2048,0,2048,1,1,1
whole_batch_multiget,2799,2048,2295,87534,23280222,11381,22945825,0,23041504,11942,10155677,947838,9136886,241843,1,2048,0,2048,1,1,1
whole_batch_multiget,2800,2048,2114,76865,23675494,8807,23342799,0,23435213,9197,10269390,953859,9245099,249598,1,2048,0,2048,1,1,1
whole_batch_multiget,2801,2048,3507,110267,23363448,11020,22983075,0,23079686,11571,10551639,945824,9493285,246643,1,2048,0,2048,1,1,1
whole_batch_multiget,2802,2048,2365,91161,22681930,8676,22320963,0,22409589,10460,10225578,941015,9177352,244118,1,2048,0,2048,1,1,1
whole_batch_multiget,2803,2048,2335,92784,23153584,9087,22807906,0,22895660,10911,10171687,930845,9133439,247915,1,2048,0,2048,1,1,1
whole_batch_multiget,2804,2048,3486,91031,21666265,6402,21323723,0,21407821,6742,9581119,915567,8585232,244980,1,2048,0,2048,1,1,1
whole_batch_multiget,2805,2048,2605,88837,21539187,6513,21203057,0,21290240,7374,9570310,899998,8591704,241984,1,2048,0,2048,1,1,1
whole_batch_multiget,2806,2048,2394,87214,24215947,8576,23883674,0,23971198,10961,9769623,893256,8799223,239419,1,2048,0,2048,1,1,1
whole_batch_multiget,2807,2048,2444,85640,21275351,6131,20949060,0,21032917,6351,10757766,884589,9806783,238708,1,2048,0,2048,1,1,1
whole_batch_multiget,2808,2048,2624,86061,21273578,7844,20936947,0,21029360,9037,9616696,906400,8636077,243487,1,2048,0,2048,1,1,1
whole_batch_multiget,2809,2048,2665,86723,21367836,7724,21021596,0,21113729,10269,9703699,890209,8742467,241904,1,2048,0,2048,1,1,1
whole_batch_multiget,2810,2048,2685,86823,21257979,8616,20900258,0,20987452,11472,9818154,918403,8826724,240722,1,2048,0,2048,1,1,1
whole_batch_multiget,2811,2048,2134,88025,21367976,6332,21020484,0,21109121,7384,9881492,921308,8896245,251162,1,2048,0,2048,1,1,1
whole_batch_multiget,2812,2048,2344,85660,21558533,7725,21209509,0,21297073,10089,9851266,903725,8871859,251962,1,2048,0,2048,1,1,1
whole_batch_multiget,2813,2048,2635,86703,21392852,8255,21047224,0,21137733,10740,9772609,901200,8803762,244018,1,2048,0,2048,1,1,1
whole_batch_multiget,2814,2048,2374,90339,21236419,8005,20899247,0,20984857,10139,9775884,898355,8803731,241984,1,2048,0,2048,1,1,1
whole_batch_multiget,2815,2048,1854,89238,21383986,7775,21050280,0,21135169,9728,9910197,914375,8925400,242304,1,2048,0,2048,1,1,1
whole_batch_multiget,2816,2048,1823,86512,21761283,8175,21430723,0,21514350,9999,9742893,892824,8778885,237085,1,2048,0,2048,1,1,1
whole_batch_multiget,2817,2048,2224,87284,21308514,8446,20973105,0,21060690,10649,9796082,895018,8828648,240201,1,2048,0,2048,1,1,1
whole_batch_multiget,2818,2048,2474,90179,21606092,6432,21249544,0,21338581,8707,10144245,889429,9183313,243848,1,2048,0,2048,1,1,1
whole_batch_multiget,2819,2048,2445,88727,21293235,8345,20935705,0,21021285,9488,9868659,889869,8908778,239880,1,2048,0,2048,1,1,1
whole_batch_multiget,2820,2048,2434,70853,23534759,10419,23197667,0,23295400,11972,10987988,970651,9933640,248106,1,2048,0,2048,1,1,1
whole_batch_multiget,2821,2048,2234,82254,24110479,6703,23777434,0,23872664,9748,11177704,1066350,10016837,249388,1,2048,0,2048,1,1,1
whole_batch_multiget,2822,2048,2504,87344,23620209,9267,23276004,0,23370381,8786,11415560,941907,10388483,247795,1,2048,0,2048,1,1,1
whole_batch_multiget,2823,2048,2003,90039,23263991,7384,22918474,0,23006198,7384,11376226,1054067,10228403,263494,1,2048,0,2048,1,1,1
whole_batch_multiget,2824,2048,3656,104065,25891399,13435,25500335,0,25597959,8476,11180479,1067502,10037826,255299,1,2048,0,2048,1,1,1
whole_batch_multiget,2825,2048,2204,77124,24077617,9938,23725758,0,23822118,10610,11108304,947337,10066730,240531,1,2048,0,2048,1,1,1
whole_batch_multiget,2826,2048,2244,77325,23576427,8366,23248292,0,23339123,10069,11565871,1006478,10453225,237134,1,2048,0,2048,1,1,1
whole_batch_multiget,2827,2048,2635,78287,24158049,6463,23830494,0,23931414,6692,11093746,1006999,9992701,237355,1,2048,0,2048,1,1,1
whole_batch_multiget,2828,2048,2725,80171,23140991,10059,22823555,0,22913474,10861,10965486,953419,9927849,239950,1,2048,0,2048,1,1,1
whole_batch_multiget,2829,2048,2815,77456,23162191,10139,22836940,0,22935336,12253,10716549,941355,9686668,238277,1,2048,0,2048,1,1,1
whole_batch_multiget,2830,2048,2595,79208,22843663,11552,22521689,0,22616798,10620,11630884,944792,10595411,243326,1,2048,0,2048,1,1,1
whole_batch_multiget,2831,2048,2094,78968,23866352,11792,23484805,0,23617755,13224,11308369,1082650,10117585,251281,1,2048,0,2048,1,1,1
whole_batch_multiget,2832,2048,1934,80501,24175201,11371,23708876,0,23828791,12874,11139152,1328362,9706795,237726,1,2048,0,2048,1,1,1
whole_batch_multiget,2833,2048,2094,84609,23371713,11101,23025624,0,23129600,13034,10860459,984477,9772678,237495,1,2048,0,2048,1,1,1
whole_batch_multiget,2834,2048,2465,79760,22848442,11521,22511961,0,22614854,13335,10700048,958688,9656320,241804,1,2048,0,2048,1,1,1
whole_batch_multiget,2835,2048,1954,79119,23260415,12413,22930466,0,23025985,12604,10714135,958357,9673643,235662,1,2048,0,2048,1,1,1
whole_batch_multiget,2836,2048,2164,83887,22939783,12563,22608713,0,22704692,11843,10909370,953990,9863058,240692,1,2048,0,2048,1,1,1
whole_batch_multiget,2837,2048,8195,77265,23022959,12424,22704152,0,22796455,12113,12393064,981000,11219983,255188,1,2048,0,2048,1,1,1
whole_batch_multiget,2838,2048,2434,84678,23109301,14267,22777048,0,22872167,12263,11365306,949450,10302172,245661,1,2048,0,2048,1,1,1
whole_batch_multiget,2839,2048,1963,81333,22996480,12043,22641584,0,22742363,11482,11411763,947006,10372604,235852,1,2048,0,2048,1,1,1
whole_batch_multiget,2840,2048,2144,78497,23232883,11812,22873019,0,22978616,16271,11182262,1001398,10089764,252233,1,2048,0,2048,1,1,1
whole_batch_multiget,2841,2048,2225,80140,22985138,11873,22661492,0,22754276,11231,10902959,957586,9859542,252103,1,2048,0,2048,1,1,1
whole_batch_multiget,2842,2048,2265,83847,22592332,12965,22256401,0,22356400,11772,10812939,924864,9790723,244810,1,2048,0,2048,1,1,1
whole_batch_multiget,2843,2048,2374,92604,22709782,10970,22373722,0,22466285,11962,10921072,912371,9911950,231725,1,2048,0,2048,1,1,1
whole_batch_multiget,2844,2048,1994,94547,22564439,11221,22196610,0,22287961,11572,10625619,901581,9628088,231825,1,2048,0,2048,1,1,1
whole_batch_multiget,2845,2048,2435,75892,21942623,13305,21622553,0,21715909,13336,10527614,890110,9541535,235392,1,2048,0,2048,1,1,1
whole_batch_multiget,2846,2048,2084,79209,22050045,13415,21721579,0,21813551,12123,10701841,873157,9735840,232886,1,2048,0,2048,1,1,1
whole_batch_multiget,2847,2048,1893,78527,21528406,12594,21207324,0,21301972,11041,10430703,865333,9481983,240261,1,2048,0,2048,1,1,1
whole_batch_multiget,2848,2048,2244,74850,21378936,12654,21065468,0,21158283,11482,10539107,873528,9581230,232987,1,2048,0,2048,1,1,1
whole_batch_multiget,2849,2048,2634,76023,21792993,10960,21480637,0,21571146,11061,10591465,888887,9622888,255759,1,2048,0,2048,1,1,1
whole_batch_multiget,2850,2048,2545,76373,21484274,10239,21170495,0,21263810,11141,10533205,870984,9583183,247594,1,2048,0,2048,1,1,1
whole_batch_multiget,2851,2048,2214,74339,21518457,10509,21210480,0,21300358,11501,10612323,872617,9654547,243988,1,2048,0,2048,1,1,1
whole_batch_multiget,2852,2048,2364,73197,22055395,10480,21741776,0,21830663,11181,10515512,875191,9559619,237055,1,2048,0,2048,1,1,1
whole_batch_multiget,2853,2048,2094,73307,21456030,11702,21148654,0,21238904,11642,11359584,877576,10404965,227798,1,2048,0,2048,1,1,1
whole_batch_multiget,2854,2048,2224,78136,21604570,11301,21281052,0,21373636,10780,10398702,861956,9449212,230772,1,2048,0,2048,1,1,1
whole_batch_multiget,2855,2048,2094,76033,23748550,11892,23432337,0,23526524,10840,10366963,883226,9397134,231534,1,2048,0,2048,1,1,1
whole_batch_multiget,2856,2048,2013,72766,21647239,11201,21334553,0,21422588,11351,10312280,859572,9367769,234851,1,2048,0,2048,1,1,1
whole_batch_multiget,2857,2048,1974,72125,21565306,10770,21263159,0,21350893,11141,10370770,878167,9400281,230252,1,2048,0,2048,1,1,1
whole_batch_multiget,2858,2048,2134,79089,22001194,10870,21691693,0,21779628,11802,10423749,878438,9454922,225754,1,2048,0,2048,1,1,1
whole_batch_multiget,2859,2048,2184,73027,21699197,10630,21394837,0,21482590,10479,10547221,866726,9592661,233217,1,2048,0,2048,1,1,1
whole_batch_multiget,2860,2048,2205,73538,21752356,10840,21429751,0,21518127,11251,10860579,869741,9883746,241133,1,2048,0,2048,1,1,1
whole_batch_multiget,2861,2048,2574,74519,22590889,15769,22273644,0,22371447,10950,11045997,860604,10071408,237455,1,2048,0,2048,1,1,1
whole_batch_multiget,2862,2048,2284,73427,22199134,11371,21893090,0,21979773,11291,11183805,887966,10186204,233488,1,2048,0,2048,1,1,1
whole_batch_multiget,2863,2048,2515,73218,22075182,10580,21758108,0,21852414,11732,10842596,879259,9854412,272871,1,2048,0,2048,1,1,1
whole_batch_multiget,2864,2048,2735,89718,22114215,12644,21731938,0,21841744,11592,10621871,909986,9629741,232396,1,2048,0,2048,1,1,1
whole_batch_multiget,2865,2048,2204,74520,22365356,11272,22061777,0,22147929,11622,10432847,866224,9479578,226725,1,2048,0,2048,1,1,1
whole_batch_multiget,2866,2048,2394,94437,22318378,10930,21994671,0,22080572,11692,11211867,864952,10238212,251492,1,2048,0,2048,1,1,1
whole_batch_multiget,2867,2048,2785,88787,23255936,14547,22930777,0,23021016,10910,11071915,878948,10037025,272090,1,2048,0,2048,1,1,1
whole_batch_multiget,2868,2048,2325,73769,22148880,13115,21831705,0,21923528,20268,10911714,866565,9926527,247014,1,2048,0,2048,1,1,1
whole_batch_multiget,2869,2048,2054,73408,22078788,12403,21774417,0,21862953,11602,11772329,860664,10802310,231083,1,2048,0,2048,1,1,1
whole_batch_multiget,2870,2048,2245,76473,22861206,7254,22556335,0,22638168,7725,11071525,876334,10090124,232696,1,2048,0,2048,1,1,1
whole_batch_multiget,2871,2048,1924,73958,22484690,8807,22166283,0,22259438,9978,10965776,885351,9972022,244859,1,2048,0,2048,1,1,1
whole_batch_multiget,2872,2048,2505,77095,25942154,7484,25555239,0,25687196,20548,12771362,1172479,11449974,248396,1,2048,0,2048,1,1,1
whole_batch_multiget,2873,2048,2375,88336,25025776,10079,24676500,0,24770777,11001,12478053,951314,11408356,242925,1,2048,0,2048,1,1,1
whole_batch_multiget,2874,2048,2114,72987,25637082,9498,25266597,0,25376955,13154,11803126,1072632,10646297,252664,1,2048,0,2048,1,1,1
whole_batch_multiget,2875,2048,2184,98665,25993861,10951,25615592,0,25712935,9669,12306772,932850,11257473,237205,1,2048,0,2048,1,1,1
whole_batch_multiget,2876,2048,2304,73107,26020351,10951,25705802,0,25799727,12694,12155748,1058706,10984912,244498,1,2048,0,2048,1,1,1
whole_batch_multiget,2877,2048,2335,74750,22852180,10579,22486955,0,22600517,12022,6560734,903405,5593641,275657,1,2048,0,2048,1,1,1
whole_batch_multiget,2878,2048,2625,133190,23473455,8596,23028360,0,23121114,8446,6641145,918843,5653784,271900,1,2048,0,2048,1,1,1
whole_batch_multiget,2879,2048,2826,93185,23627393,6282,23255556,0,23362286,8156,6651545,904967,5659654,250640,1,2048,0,2048,1,1,1
whole_batch_multiget,2880,2048,2425,92564,23675724,20669,23305469,0,23408423,8175,7170568,883597,6180712,255309,1,2048,0,2048,1,1,1
whole_batch_multiget,2881,2048,2064,77786,23672908,9498,23347829,0,23440883,12273,7114884,901321,6106713,234480,1,2048,0,2048,1,1,1
whole_batch_multiget,2882,2048,3848,148268,23967310,10549,23585334,0,23670584,12634,7394278,983214,6311096,82995,1,2048,0,2048,1,1,1
whole_batch_multiget,2883,2048,1793,78257,26675740,28884,26269028,0,26416865,12373,7779541,1156359,6511232,251151,1,2048,0,2048,1,1,1
whole_batch_multiget,2884,2048,1923,83036,24110920,9858,23802081,0,23884876,11842,7371084,973025,6333489,116428,1,2048,0,2048,1,1,1
whole_batch_multiget,2885,2048,1783,79820,24341011,9628,24027854,0,24108936,10961,7618108,969177,6585161,56025,1,2048,0,2048,1,1,1
whole_batch_multiget,2886,2048,1072,77575,24620766,8606,24314672,0,24393369,11451,33945204,999194,32833479,254247,1,2048,0,2048,1,1,1
whole_batch_multiget,2887,2048,3356,129803,27793857,10780,27385371,0,27484988,12273,7867115,936526,6870826,240952,1,2048,0,2048,1,1,1
whole_batch_multiget,2888,2048,2245,89307,26079191,9257,25747820,0,25835614,10500,7754153,885550,6780307,243667,1,2048,0,2048,1,1,1
whole_batch_multiget,2889,2048,2695,90910,25706382,9808,25370031,0,25456513,10279,7660076,884208,6717759,238066,1,2048,0,2048,1,1,1
whole_batch_multiget,2890,2048,2615,92213,25813563,8926,25482051,0,25564976,8927,7740868,861286,6818277,242505,1,2048,0,2048,1,1,1
whole_batch_multiget,2891,2048,2415,85841,26100631,9027,25749363,0,25854230,10369,7817241,871204,6881326,245761,1,2048,0,2048,1,1,1
whole_batch_multiget,2892,2048,2896,86802,25833431,9197,25492411,0,25602538,18615,7643375,891572,6680158,246292,1,2048,0,2048,1,1,1
whole_batch_multiget,2893,2048,2134,71625,25802262,10680,25511897,0,25594863,12474,7941324,880691,6997012,236504,1,2048,0,2048,1,1,1
whole_batch_multiget,2894,2048,2284,71534,26413028,9307,26125759,0,26207582,11913,7893825,887375,6944805,232306,1,2048,0,2048,1,1,1
whole_batch_multiget,2895,2048,2404,160922,26120479,9026,25680894,0,25755173,12012,7839994,957436,6821573,68799,1,2048,0,2048,1,1,1
whole_batch_multiget,2896,2048,912,75161,26246205,8886,25944559,0,26019700,9909,7999102,970240,6963961,85611,1,2048,0,2048,1,1,1
whole_batch_multiget,2897,2048,1352,73438,26559983,8956,26249521,0,26324391,11311,8085905,982473,7038421,56185,1,2048,0,2048,1,1,1
whole_batch_multiget,2898,2048,1042,79960,25927056,8917,25593461,0,25667559,11311,9727875,997821,8668228,55324,1,2048,0,2048,1,1,1
whole_batch_multiget,2899,2048,1042,77214,26178879,8226,25836797,0,25911597,7324,8366271,971462,7292287,57798,1,2048,0,2048,1,1,1
whole_batch_multiget,2900,2048,1052,77856,26268707,12634,25976379,0,26056690,11121,8100653,982492,7050833,59221,1,2048,0,2048,1,1,1
whole_batch_multiget,2901,2048,982,71464,26134605,6913,25824484,0,25895897,7674,8233171,977393,7189003,54482,1,2048,0,2048,1,1,1
whole_batch_multiget,2902,2048,852,78928,27391151,7384,26996161,0,27089747,487023,9948087,1594159,7781965,229521,1,2048,0,2048,1,1,1
whole_batch_multiget,2903,2048,3216,133901,26503297,8686,26120559,0,26198906,10089,8379456,883447,7436668,260809,1,2048,0,2048,1,1,1
whole_batch_multiget,2904,2048,2325,85350,26248770,10771,25937506,0,26014220,10610,8529707,875472,7582390,247956,1,2048,0,2048,1,1,1
whole_batch_multiget,2905,2048,2345,89498,26421774,5811,26105691,0,26182054,6853,8526291,884609,7578313,243517,1,2048,0,2048,1,1,1
whole_batch_multiget,2906,2048,2084,89397,26413419,8035,26091895,0,26173999,10049,8550085,889728,7601656,249689,1,2048,0,2048,1,1,1
whole_batch_multiget,2907,2048,2094,86382,26275880,7945,25957372,0,26038405,10058,8487298,872326,7556763,249778,1,2048,0,2048,1,1,1
whole_batch_multiget,2908,2048,1943,98134,27023732,6161,26701248,0,26774485,6452,8660723,875132,7724146,260368,1,2048,0,2048,1,1,1
whole_batch_multiget,2909,2048,2214,86883,26548431,6943,26222771,0,26306147,8166,8833377,866986,7899977,252885,1,2048,0,2048,1,1,1
whole_batch_multiget,2910,2048,2234,92974,26757855,7724,26417987,0,26495692,9708,9077174,914054,8079253,299121,1,2048,0,2048,1,1,1
whole_batch_multiget,2911,2048,2124,91592,26708762,8686,26367793,0,26448624,9899,8679048,883917,7735709,239179,1,2048,0,2048,1,1,1
whole_batch_multiget,2912,2048,2545,87264,26647377,6192,26317478,0,26400093,7334,8803010,879991,7845805,239138,1,2048,0,2048,1,1,1
whole_batch_multiget,2913,2048,2364,89458,27052486,5962,26711057,0,26797769,7183,9188082,874800,8243099,256170,1,2048,0,2048,1,1,1
whole_batch_multiget,2914,2048,2114,90199,26901494,8346,26560524,0,26643780,9588,9037570,904366,8073682,252333,1,2048,0,2048,1,1,1
whole_batch_multiget,2915,2048,2114,89688,26707340,7865,26368955,0,26453384,9838,8634644,879048,7696394,245621,1,2048,0,2048,1,1,1
whole_batch_multiget,2916,2048,1894,88355,26945607,8345,26605468,0,26684777,10860,8782892,872116,7843912,264986,1,2048,0,2048,1,1,1
whole_batch_multiget,2917,2048,2335,87554,26636777,13005,26296439,0,26383051,7053,9104044,879740,8153402,242986,1,2048,0,2048,1,1,1
whole_batch_multiget,2918,2048,2334,91481,26737095,8215,26398670,0,26479843,10940,10120952,889819,9095799,314790,1,2048,0,2048,1,1,1
whole_batch_multiget,2919,2048,2314,97052,26771730,5881,26432414,0,26509649,7173,8480716,879099,7546143,264907,1,2048,0,2048,1,1,1
whole_batch_multiget,2920,2048,2615,94517,26629163,6091,26293163,0,26370628,6974,9688131,877857,8741986,244488,1,2048,0,2048,1,1,1
whole_batch_multiget,2921,2048,2204,88736,27001952,5700,26632529,0,26723840,7243,8650013,887134,7704840,257964,1,2048,0,2048,1,1,1
whole_batch_multiget,2922,2048,2073,88676,27475611,5680,27107620,0,27193361,7294,8886847,885381,7933619,242986,1,2048,0,2048,1,1,1
whole_batch_multiget,2923,2048,1863,88155,26814641,8035,26460336,0,26543412,12263,8849406,881042,7889787,260698,1,2048,0,2048,1,1,1
whole_batch_multiget,2924,2048,2644,89628,26986413,8055,26638811,0,26721566,10440,8891266,872546,7937367,241373,1,2048,0,2048,1,1,1
whole_batch_multiget,2925,2048,2124,89819,26743658,8065,26395675,0,26481165,11241,8743869,879038,7800149,248596,1,2048,0,2048,1,1,1
whole_batch_multiget,2926,2048,2024,91742,27334396,6493,26991042,0,27070261,6993,9202499,878167,8242939,292489,1,2048,0,2048,1,1,1
whole_batch_multiget,2927,2048,4088,96441,26770598,8326,26416474,0,26496835,6733,8990462,873178,8040330,251632,1,2048,0,2048,1,1,1
whole_batch_multiget,2928,2048,2355,88436,26837142,8065,26484701,0,26573368,10109,9122860,894909,8157720,243857,1,2048,0,2048,1,1,1
whole_batch_multiget,2929,2048,1984,90871,27120805,8165,26766821,0,26853924,10991,9137728,881814,8194398,249859,1,2048,0,2048,1,1,1
whole_batch_multiget,2930,2048,1994,90720,26883881,7504,26530698,0,26611139,10340,9306805,887094,8343258,246913,1,2048,0,2048,1,1,1
whole_batch_multiget,2931,2048,2384,90369,26671622,8676,26319442,0,26401376,10129,9053741,883296,8098710,250079,1,2048,0,2048,1,1,1
whole_batch_multiget,2932,2048,2014,93144,27525715,5971,27067976,0,27256970,6893,9288150,876955,8352795,249608,1,2048,0,2048,1,1,1
whole_batch_multiget,2933,2048,2084,87004,27046566,7585,26700347,0,26779836,10480,9282199,877877,8339220,255779,1,2048,0,2048,1,1,1
whole_batch_multiget,2934,2048,2455,93426,27020487,8095,26654159,0,26735722,9458,10648612,879048,9659075,245811,1,2048,0,2048,1,1,1
whole_batch_multiget,2935,2048,2184,94467,26835850,6021,26451008,0,26544804,8085,9157405,891732,8203896,245310,1,2048,0,2048,1,1,1
whole_batch_multiget,2936,2048,2154,88866,29837561,5360,29471875,0,29559499,11832,10123376,1004694,9045365,242124,1,2048,0,2048,1,1,1
whole_batch_multiget,2937,2048,1994,93375,27230110,9477,26866017,0,26956737,10339,9262421,886262,8294115,245290,1,2048,0,2048,1,1,1
whole_batch_multiget,2938,2048,2294,95118,27109854,7854,26744429,0,26833105,9538,9151844,881573,8204548,240521,1,2048,0,2048,1,1,1
whole_batch_multiget,2939,2048,8867,89087,26932051,7544,26580061,0,26662645,10289,9183633,878087,8231608,245460,1,2048,0,2048,1,1,1
whole_batch_multiget,2940,2048,2455,88306,27423292,8406,27068206,0,27153426,10129,9489597,880972,8528515,238678,1,2048,0,2048,1,1,1
whole_batch_multiget,2941,2048,2354,92283,27605463,8035,27223838,0,27314508,13516,10452243,865824,9491371,239890,1,2048,0,2048,1,1,1
whole_batch_multiget,2942,2048,2194,94187,28322228,5951,27965930,0,28049246,7664,9743864,887976,8758136,252444,1,2048,0,2048,1,1,1
whole_batch_multiget,2943,2048,3377,110838,27557083,7765,27182510,0,27263893,7003,9836559,895539,8837565,239810,1,2048,0,2048,1,1,1
whole_batch_multiget,2944,2048,1923,92394,27917870,8186,27560499,0,27645309,11111,9464090,881623,8516413,244038,1,2048,0,2048,1,1,1
whole_batch_multiget,2945,2048,2285,90139,28539997,6412,28188167,0,28268969,7173,9912741,888897,8922824,253977,1,2048,0,2048,1,1,1
whole_batch_multiget,2946,2048,1994,90800,27898364,6052,27488304,0,27578273,7594,9692167,886443,8710015,246493,1,2048,0,2048,1,1,1
whole_batch_multiget,2947,2048,2445,93726,28289046,6272,27875049,0,27975177,8436,11057188,928101,10022797,283031,1,2048,0,2048,1,1,1
whole_batch_multiget,2948,2048,2735,111419,27596337,8086,27214351,0,27299671,6823,9928641,873749,8951979,260930,1,2048,0,2048,1,1,1
whole_batch_multiget,2949,2048,2234,96311,28280279,6112,27909485,0,27997309,7113,9468958,865062,8535408,271640,1,2048,0,2048,1,1,1
whole_batch_multiget,2950,2048,2815,108393,27942906,12083,27562142,0,27648294,9368,9678411,866805,8713783,244238,1,2048,0,2048,1,1,1
whole_batch_multiget,2951,2048,1993,90520,31031279,7745,30680250,0,30760652,9117,10310688,875171,9332864,252193,1,2048,0,2048,1,1,1
whole_batch_multiget,2952,2048,3036,90219,38302456,6743,37909138,0,38012102,13866,11312116,1226370,9962605,241423,1,2048,0,2048,1,1,1
whole_batch_multiget,2953,2048,2705,121678,30718312,15289,30218705,0,30392972,9688,9896060,971472,8821735,243928,1,2048,0,2048,1,1,1
whole_batch_multiget,2954,2048,2154,91312,29304110,8216,28946709,0,29031589,10530,9793818,885661,8824541,251312,1,2048,0,2048,1,1,1
whole_batch_multiget,2955,2048,3556,123231,31578605,11872,31093676,0,31267452,12223,10716208,1126433,9486782,246602,1,2048,0,2048,1,1,1
whole_batch_multiget,2956,2048,2685,93115,32990263,9738,32616071,0,32713273,11812,11014308,992171,9912160,257913,1,2048,0,2048,1,1,1
whole_batch_multiget,2957,2048,2174,78037,32151660,12864,31815831,0,31914145,11111,10279249,1098971,9081672,267502,1,2048,0,2048,1,1,1
whole_batch_multiget,2958,2048,2204,85280,27863778,12363,27528540,0,27618658,12383,9682679,897974,8690730,230443,1,2048,0,2048,1,1,1
whole_batch_multiget,2959,2048,2024,79038,27685814,12083,27364722,0,27455142,10991,9471454,871074,8525820,264696,1,2048,0,2048,1,1,1
whole_batch_multiget,2960,2048,2074,82755,29146474,12193,28726576,0,28887628,12393,9931606,1082761,8755070,236092,1,2048,0,2048,1,1,1
whole_batch_multiget,2961,2048,1984,75651,28255523,11241,27923420,0,28008549,12824,14130713,897894,13145133,261410,1,2048,0,2048,1,1,1
whole_batch_multiget,2962,2048,2735,92353,28197534,16020,27839413,0,27942897,12203,9661561,904407,8664861,242094,1,2048,0,2048,1,1,1
whole_batch_multiget,2963,2048,2064,75712,29980659,11591,29633418,0,29764372,11852,9660218,898184,8679578,245440,1,2048,0,2048,1,1,1
whole_batch_multiget,2964,2048,2354,88887,27931866,11972,27609751,0,27698368,11592,9846667,888767,8866419,235001,1,2048,0,2048,1,1,1
whole_batch_multiget,2965,2048,2494,74260,27368560,11251,27067455,0,27152925,11071,9843812,872777,8895874,229530,1,2048,0,2048,1,1,1
whole_batch_multiget,2966,2048,1924,77155,27048008,11051,26738327,0,26828436,11932,9776135,890120,8800315,236564,1,2048,0,2048,1,1,1
whole_batch_multiget,2967,2048,2855,88847,27377807,12303,27047247,0,27134731,12243,9926517,885991,8958863,234049,1,2048,0,2048,1,1,1
whole_batch_multiget,2968,2048,2063,75682,27083424,10650,26778473,0,26863442,12023,9636404,876824,8686883,236704,1,2048,0,2048,1,1,1
whole_batch_multiget,2969,2048,2424,77395,27519202,12514,27208068,0,27296024,12483,9802755,879590,8841051,234790,1,2048,0,2048,1,1,1
whole_batch_multiget,2970,2048,2044,76082,27030926,11671,26722558,0,26811184,12413,9612508,892284,8638622,227456,1,2048,0,2048,1,1,1
whole_batch_multiget,2971,2048,2114,73177,27293840,11141,26996421,0,27080469,12133,9819236,901841,8841011,233658,1,2048,0,2048,1,1,1
whole_batch_multiget,2972,2048,1944,78958,27792034,11492,27479778,0,27566912,12063,9955291,886432,8974863,247374,1,2048,0,2048,1,1,1
whole_batch_multiget,2973,2048,1904,79098,27261338,10940,26924357,0,27014225,11983,9875271,876023,8918727,252033,1,2048,0,2048,1,1,1
whole_batch_multiget,2974,2048,2194,84539,27094716,11131,26776198,0,26860116,13014,10814041,885671,9815439,257934,1,2048,0,2048,1,1,1
whole_batch_multiget,2975,2048,2264,75071,30181085,11822,29854712,0,29942677,11021,11138170,965771,10051973,276639,1,2048,0,2048,1,1,1
whole_batch_multiget,2976,2048,1924,82905,30227631,9488,29869811,0,29957325,12063,10606722,972213,9542107,247435,1,2048,0,2048,1,1,1
whole_batch_multiget,2977,2048,2184,77706,31673894,11311,31350036,0,31434434,10640,10799765,996549,9725069,231054,1,2048,0,2048,1,1,1
whole_batch_multiget,2978,2048,1774,75512,30888160,11932,30561307,0,30648250,12123,10819080,1101436,9637465,274975,1,2048,0,2048,1,1,1
whole_batch_multiget,2979,2048,2255,82565,30611001,13555,30274049,0,30362845,11191,10408521,986280,9328465,272902,1,2048,0,2048,1,1,1
whole_batch_multiget,2980,2048,2204,82665,29106048,12293,28770559,0,28856610,10791,10315026,967705,9253836,243778,1,2048,0,2048,1,1,1
whole_batch_multiget,2981,2048,2214,84048,29206085,10690,28882729,0,28963921,11852,19228473,961063,18161582,247203,1,2048,0,2048,1,1,1
whole_batch_multiget,2982,2048,2064,80591,29834715,10269,29496480,0,29583924,10960,10718252,955552,9660448,237886,1,2048,0,2048,1,1,1
whole_batch_multiget,2983,2048,2164,81743,29330880,11842,28982256,0,29067676,12233,10444248,967665,9393938,249899,1,2048,0,2048,1,1,1
whole_batch_multiget,2984,2048,2054,85149,29660307,10149,29308287,0,29398326,10310,10379046,960742,9324809,249969,1,2048,0,2048,1,1,1
whole_batch_multiget,2985,2048,1944,85651,29420738,10790,29052458,0,29143037,10329,10418560,973886,9364273,241693,1,2048,0,2048,1,1,1
whole_batch_multiget,2986,2048,2014,83487,30134607,10349,29790252,0,29876323,11332,10497438,954991,9452047,267442,1,2048,0,2048,1,1,1
whole_batch_multiget,2987,2048,2475,80881,29712877,11041,29363361,0,29453310,11010,10475176,961263,9434995,245370,1,2048,0,2048,1,1,1
whole_batch_multiget,2988,2048,2104,83887,29611717,10790,29263613,0,29350637,11031,10927795,963888,9858289,239860,1,2048,0,2048,1,1,1
whole_batch_multiget,2989,2048,2134,84478,29581870,9498,29213269,0,29301885,10790,10798052,961293,9754735,256160,1,2048,0,2048,1,1,1
whole_batch_multiget,2990,2048,2385,83196,29311393,10289,28949795,0,29034644,11472,10859407,953990,9812533,260419,1,2048,0,2048,1,1,1
whole_batch_multiget,2991,2048,2034,91652,31164038,11191,30792491,0,30885365,10620,10771121,956374,9710562,271510,1,2048,0,2048,1,1,1
whole_batch_multiget,2992,2048,2745,94207,29331421,10600,28945467,0,29030887,13175,10719054,945353,9686547,255709,1,2048,0,2048,1,1,1
whole_batch_multiget,2993,2048,2174,84157,29848321,10500,29488155,0,29592872,9929,10940539,956845,9895328,250580,1,2048,0,2048,1,1,1
whole_batch_multiget,2994,2048,2535,82435,29602469,10279,29245249,0,29341279,11061,10744071,963948,9689362,237255,1,2048,0,2048,1,1,1
whole_batch_multiget,2995,2048,2044,83507,29542587,10560,29198802,0,29287038,10529,10599188,951966,9554028,250580,1,2048,0,2048,1,1,1
whole_batch_multiget,2996,2048,2305,82615,29782527,11431,29443672,0,29531877,11261,10848356,966432,9791604,247464,1,2048,0,2048,1,1,1
whole_batch_multiget,2997,2048,2455,84919,30090594,10600,29730038,0,29824626,10310,10920191,954500,9876614,242866,1,2048,0,2048,1,1,1
whole_batch_multiget,2998,2048,1983,88917,29938740,11432,29587761,0,29678632,10440,10708183,950673,9675677,249108,1,2048,0,2048,1,1,1
whole_batch_multiget,2999,2048,2655,83757,30693616,8526,30330996,0,30418079,11000,10800777,949291,9761016,256812,1,2048,0,2048,1,1,1
whole_batch_multiget,3000,2048,3417,154991,29657062,13535,29232655,0,29333024,11311,11076864,1051412,9885310,69170,1,2048,0,2048,1,1,1
whole_batch_multiget,3001,2048,1623,80982,29585237,11932,29264976,0,29361978,11812,10937824,1045631,9793387,57327,1,2048,0,2048,1,1,1
whole_batch_multiget,3002,2048,3346,295024,29762890,11040,29190716,0,29276517,11482,10917697,974758,9856626,250930,1,2048,0,2048,1,1,1
whole_batch_multiget,3003,2048,2515,83496,29837890,8456,29461314,0,29557916,11692,10765842,958137,9724127,251632,1,2048,0,2048,1,1,1
whole_batch_multiget,3004,2048,1864,89398,29442079,8637,29082935,0,29170429,10720,10800867,957295,9754335,249468,1,2048,0,2048,1,1,1
whole_batch_multiget,3005,2048,1934,81633,32086037,8736,31736542,0,31821461,11151,10921413,967835,9870653,244639,1,2048,0,2048,1,1,1
whole_batch_multiget,3006,2048,2104,81624,29834264,11932,29472696,0,29560971,12053,10782813,961273,9724257,257062,1,2048,0,2048,1,1,1
whole_batch_multiget,3007,2048,1984,82474,29526937,8616,29180558,0,29267271,10841,11195046,959589,10138945,243516,1,2048,0,2048,1,1,1
whole_batch_multiget,3008,2048,2154,81142,29937919,8596,29602780,0,29686707,11591,11085561,975299,10012548,244989,1,2048,0,2048,1,1,1
whole_batch_multiget,3009,2048,2245,83556,29440635,8466,29088725,0,29176190,11311,10961798,963016,9901180,246493,1,2048,0,2048,1,1,1
whole_batch_multiget,3010,2048,2364,82165,29931286,8225,29600465,0,29682299,10410,10752867,942197,9733525,253015,1,2048,0,2048,1,1,1
whole_batch_multiget,3011,2048,1843,77685,29399618,6492,29059131,0,29143869,7625,10746686,959620,9690965,248796,1,2048,0,2048,1,1,1
whole_batch_multiget,3012,2048,2215,82875,29786133,8335,29436338,0,29529141,11622,11031269,1008721,9932468,254266,1,2048,0,2048,1,1,1
whole_batch_multiget,3013,2048,3276,148909,30482149,10740,30079704,0,30176285,12663,11308038,1047985,10141110,70742,1,2048,0,2048,1,1,1
whole_batch_multiget,3014,2048,1543,77626,30602735,7724,30297132,0,30388844,12444,11496252,1061741,10319424,152175,1,2048,0,2048,1,1,1
whole_batch_multiget,3015,2048,3977,212729,30276644,9368,29785181,0,29874469,12724,11522400,980950,10428589,248026,1,2048,0,2048,1,1,1
whole_batch_multiget,3016,2048,2515,86732,30691251,10670,30330445,0,30422678,10169,11745649,960601,10670683,243878,1,2048,0,2048,1,1,1
whole_batch_multiget,3017,2048,2785,82886,31698360,24947,31271088,0,31433113,12093,6632920,980750,5587189,284203,1,2048,0,2048,1,1,1
whole_batch_multiget,3018,2048,2935,87725,31912481,11030,31529443,0,31634400,10259,6707830,945163,5651289,274375,1,2048,0,2048,1,1,1
whole_batch_multiget,3019,2048,2725,83276,33867578,9147,33439605,0,33554661,11472,7108401,954310,6075295,268002,1,2048,0,2048,1,1,1
whole_batch_multiget,3020,2048,3045,147337,32382864,9077,31922240,0,32017638,7604,7324357,968547,6253558,255138,1,2048,0,2048,1,1,1
whole_batch_multiget,3021,2048,2244,84668,32126764,7745,31764364,0,31852369,7945,7228617,928973,6242568,237055,1,2048,0,2048,1,1,1
whole_batch_multiget,3022,2048,2054,81623,33201178,13185,32837226,0,32941762,11541,7527046,992121,6428156,250900,1,2048,0,2048,1,1,1
whole_batch_multiget,3023,2048,2375,88747,32504442,10059,32132875,0,32228795,11542,7672770,945884,6650432,254137,1,2048,0,2048,1,1,1
whole_batch_multiget,3024,2048,2595,99576,32326498,10239,31947276,0,32047164,9598,7893343,967805,6809772,238037,1,2048,0,2048,1,1,1
whole_batch_multiget,3025,2048,2555,88015,36393245,9027,36043409,0,36134590,8156,8436493,972674,7355595,248556,1,2048,0,2048,1,1,1
whole_batch_multiget,3026,2048,2825,99206,37558921,8897,37187184,0,37276672,10820,8077499,954821,7019024,237555,1,2048,0,2048,1,1,1
whole_batch_multiget,3027,2048,2274,82625,35518845,9618,35164079,0,35255531,10450,7902241,952917,6856800,225433,1,2048,0,2048,1,1,1
whole_batch_multiget,3028,2048,3136,97674,35290537,9157,34847726,0,34950519,13486,7703188,967705,6664239,270788,1,2048,0,2048,1,1,1
whole_batch_multiget,3029,2048,2124,87674,35317387,8937,34930381,0,35021713,12584,8144405,924474,7112289,244559,1,2048,0,2048,1,1,1
whole_batch_multiget,3030,2048,2364,85791,35584769,9328,35230745,0,35319612,11091,8033757,917651,7016069,266139,1,2048,0,2048,1,1,1
whole_batch_multiget,3031,2048,2615,119194,35613593,7604,35226336,0,35312678,7043,8050869,907392,7085939,249898,1,2048,0,2048,1,1,1
whole_batch_multiget,3032,2048,2154,102522,34295651,11682,33916821,0,34013051,7975,8057161,908253,7062025,252424,1,2048,0,2048,1,1,1
whole_batch_multiget,3033,2048,2054,96230,34347538,7524,33988204,0,34073675,11422,7903213,860915,6938523,250590,1,2048,0,2048,1,1,1
whole_batch_multiget,3034,2048,2134,93956,33187723,6101,32831655,0,32915803,6973,7734115,858851,6823027,239580,1,2048,0,2048,1,1,1
whole_batch_multiget,3035,2048,1894,94067,38236613,16831,37866218,0,37968710,9498,8821334,1044138,7708898,237826,1,2048,0,2048,1,1,1
whole_batch_multiget,3036,2048,2004,92182,36420877,9017,36042217,0,36138117,13806,8482989,1066661,7351487,241483,1,2048,0,2048,1,1,1
whole_batch_multiget,3037,2048,2034,91181,33500560,8096,33098666,0,33210206,11551,9299781,897183,8330984,248275,1,2048,0,2048,1,1,1
whole_batch_multiget,3038,2048,2534,97573,33002455,6062,32644514,0,32731868,6722,8147190,857799,7233977,263504,1,2048,0,2048,1,1,1
whole_batch_multiget,3039,2048,2625,90660,32321469,6482,31976732,0,32060128,7264,8014361,853120,7107249,267822,1,2048,0,2048,1,1,1
whole_batch_multiget,3040,2048,2214,88246,32774077,6382,32429091,0,32513539,7073,8234313,874880,7281797,242876,1,2048,0,2048,1,1,1
whole_batch_multiget,3041,2048,2484,91852,32569023,7854,32220729,0,32306891,10329,8291320,861445,7362078,244939,1,2048,0,2048,1,1,1
whole_batch_multiget,3042,2048,2214,93025,33586561,8406,33238829,0,33323177,10170,8510121,868038,7574356,244278,1,2048,0,2048,1,1,1
whole_batch_multiget,3043,2048,2836,91903,32853847,7875,32507438,0,32589451,10069,8477470,864732,7554068,241383,1,2048,0,2048,1,1,1
whole_batch_multiget,3044,2048,2164,79649,33501381,14767,32867743,0,32982438,11772,9020317,1044238,7874589,236734,1,2048,0,2048,1,1,1
whole_batch_multiget,3045,2048,2344,78006,32925171,7914,32596585,0,32683237,11391,8558942,864141,7628447,256561,1,2048,0,2048,1,1,1
whole_batch_multiget,3046,2048,2124,78607,32588209,8226,32288477,0,32372805,9678,8407659,863720,7485188,244268,1,2048,0,2048,1,1,1
whole_batch_multiget,3047,2048,2265,77485,33121219,8415,32818330,0,32903650,10970,8534045,877245,7588973,241283,1,2048,0,2048,1,1,1
whole_batch_multiget,3048,2048,2445,79389,32635828,7424,32321549,0,32406999,9969,8397349,845836,7484927,241754,1,2048,0,2048,1,1,1
whole_batch_multiget,3049,2048,2564,78798,33031951,5991,32729052,0,32812058,7074,8475226,874120,7543358,256080,1,2048,0,2048,1,1,1
whole_batch_multiget,3050,2048,2295,77305,33309061,6111,32992858,0,33090340,7073,8446191,866616,7510125,242104,1,2048,0,2048,1,1,1
whole_batch_multiget,3051,2048,2244,79158,33058340,6162,32649553,0,32752637,7504,8483321,889107,7530964,238177,1,2048,0,2048,1,1,1
whole_batch_multiget,3052,2048,2184,79308,32590854,11912,32258060,0,32352867,11271,36350785,856817,35411313,245680,1,2048,0,2048,1,1,1
whole_batch_multiget,3053,2048,2074,90350,32598348,8095,32279159,0,32365962,9898,8776440,854573,7859099,245441,1,2048,0,2048,1,1,1
whole_batch_multiget,3054,2048,2665,79028,32388634,5811,32074004,0,32163422,7033,8765640,855425,7840585,244248,1,2048,0,2048,1,1,1
whole_batch_multiget,3055,2048,2144,79619,33078057,5951,32747898,0,32849188,6532,9824496,883066,8849097,286798,1,2048,0,2048,1,1,1
whole_batch_multiget,3056,2048,2404,80441,32786891,6563,32473865,0,32561950,6783,8778344,873478,7843741,270828,1,2048,0,2048,1,1,1
whole_batch_multiget,3057,2048,2555,85710,32696010,7715,32383836,0,32467803,10339,8832325,862547,7899285,240561,1,2048,0,2048,1,1,1
whole_batch_multiget,3058,2048,2054,81533,33222098,8186,32910764,0,32996715,11622,8778093,885521,7832299,237916,1,2048,0,2048,1,1,1
whole_batch_multiget,3059,2048,2265,81272,32811117,5951,32495966,0,32581185,7284,8584561,853561,7664194,257673,1,2048,0,2048,1,1,1
whole_batch_multiget,3060,2048,2395,85030,33126509,8385,32802140,0,32888041,9407,9016871,869370,8069374,247093,1,2048,0,2048,1,1,1
whole_batch_multiget,3061,2048,2585,94076,34618556,8977,34288317,0,34375301,10559,8699295,864331,7773619,248295,1,2048,0,2048,1,1,1
whole_batch_multiget,3062,2048,2224,82274,35127902,9478,34807461,0,34895056,10790,8757214,868599,7826849,244519,1,2048,0,2048,1,1,1
whole_batch_multiget,3063,2048,1763,82735,32887580,8897,32563462,0,32650345,10339,9423153,861626,8480325,244328,1,2048,0,2048,1,1,1
whole_batch_multiget,3064,2048,1984,69460,36926104,9678,36609311,0,36706743,10700,9629280,948579,8582867,249788,1,2048,0,2048,1,1,1
whole_batch_multiget,3065,2048,2054,91832,32639715,9769,32301682,0,32392412,10029,8826294,876173,7891260,241643,1,2048,0,2048,1,1,1
whole_batch_multiget,3066,2048,2044,84348,32689889,7795,32357807,0,32447325,10560,8967619,870883,8025131,246502,1,2048,0,2048,1,1,1
whole_batch_multiget,3067,2048,3046,88587,33644119,9849,33303611,0,33397376,9869,9016931,863921,8081957,244348,1,2048,0,2048,1,1,1
whole_batch_multiget,3068,2048,2275,85300,33138321,9889,32808011,0,32897750,9618,8934917,871234,8003130,240441,1,2048,0,2048,1,1,1
whole_batch_multiget,3069,2048,1874,84850,35257375,9979,34924130,0,35016052,10239,9025417,889308,8070596,244158,1,2048,0,2048,1,1,1
whole_batch_multiget,3070,2048,2254,85881,32798903,10309,32460639,0,32552993,9928,9060162,868640,8116191,242835,1,2048,0,2048,1,1,1
whole_batch_multiget,3071,2048,2344,83075,33073149,10069,32698515,0,32805296,10970,9593332,912131,8569672,252283,1,2048,0,2048,1,1,1
whole_batch_multiget,3072,2048,2104,95479,33808207,9598,33468710,0,33557867,11131,9272991,875021,8319122,233929,1,2048,0,2048,1,1,1
whole_batch_multiget,3073,2048,2284,95188,33268996,10360,32931943,0,33020470,10420,10247619,908564,9264155,238477,1,2048,0,2048,1,1,1
whole_batch_multiget,3074,2048,2835,103975,33413297,12713,33046469,0,33143380,9457,9290073,873939,8352726,240431,1,2048,0,2048,1,1,1
whole_batch_multiget,3075,2048,2405,86292,33153940,10039,32824001,0,32913809,8826,9367499,870943,8436763,255709,1,2048,0,2048,1,1,1
whole_batch_multiget,3076,2048,2475,90470,33488667,10550,33153249,0,33246363,9959,9125153,859492,8172778,250710,1,2048,0,2048,1,1,1
whole_batch_multiget,3077,2048,2244,85350,33801845,11362,33467357,0,33563468,11001,9365425,875642,8389214,270568,1,2048,0,2048,1,1,1
whole_batch_multiget,3078,2048,2124,84959,34611733,11251,34272187,0,34367957,10750,9312495,880492,8362844,240591,1,2048,0,2048,1,1,1
whole_batch_multiget,3079,2048,2164,84919,33327314,10389,32990664,0,33080321,9978,9723396,863820,8756212,248336,1,2048,0,2048,1,1,1
whole_batch_multiget,3080,2048,2174,85490,36371264,11211,35263516,0,36111266,13405,10826846,937248,9774162,250580,1,2048,0,2048,1,1,1
whole_batch_multiget,3081,2048,2695,108053,34900726,12764,34545440,0,34637001,9799,9403617,858951,8429249,251542,1,2048,0,2048,1,1,1
whole_batch_multiget,3082,2048,3296,96741,33958568,9298,33626687,0,33726403,11491,9542557,949621,8510792,113563,1,2048,0,2048,1,1,1
whole_batch_multiget,3083,2048,2014,75381,34290531,9388,33971923,0,34073174,12033,9595927,979016,8516793,56416,1,2048,0,2048,1,1,1
whole_batch_multiget,3084,2048,3597,267722,34346476,6673,33834657,0,33921940,8176,9746900,882144,8764628,272090,1,2048,0,2048,1,1,1
whole_batch_multiget,3085,2048,2194,93305,39520921,16271,39149734,0,39261835,13125,10102718,1002199,8993387,236343,1,2048,0,2048,1,1,1
whole_batch_multiget,3086,2048,1983,68959,34220620,11561,33918584,0,34016156,11671,9665617,863540,8707421,246613,1,2048,0,2048,1,1,1
whole_batch_multiget,3087,2048,2495,68719,34029972,12033,33738435,0,33831370,12063,9617909,869941,8657777,240601,1,2048,0,2048,1,1,1
whole_batch_multiget,3088,2048,2454,71434,35937380,12013,35622700,0,35737475,11121,9748303,964799,8682845,252323,1,2048,0,2048,1,1,1
whole_batch_multiget,3089,2048,2905,88617,34382825,9017,34071320,0,34159295,11181,9449793,872536,8508908,249207,1,2048,0,2048,1,1,1
whole_batch_multiget,3090,2048,2285,71774,33616116,11823,33273915,0,33374384,11151,10490375,859422,9514605,235902,1,2048,0,2048,1,1,1
whole_batch_multiget,3091,2048,1984,75412,36213889,6813,35920298,0,36010878,12644,10963562,871765,9981660,234770,1,2048,0,2048,1,1,1
whole_batch_multiget,3092,2048,2204,69571,34182789,11922,33886393,0,33984647,11362,10091467,865924,9115596,239219,1,2048,0,2048,1,1,1
whole_batch_multiget,3093,2048,1903,70152,35998144,11231,35697290,0,35792257,12233,10537333,895490,9532047,232426,1,2048,0,2048,1,1,1
whole_batch_multiget,3094,2048,1913,70182,36249415,12153,35918715,0,36022831,12443,10396088,1062964,9251692,278563,1,2048,0,2048,1,1,1
whole_batch_multiget,3095,2048,2384,72536,38744434,11150,38374861,0,38515124,10690,11323887,1108889,10103479,246772,1,2048,0,2048,1,1,1
whole_batch_multiget,3096,2048,2214,70382,35783601,11812,35460726,0,35559401,10510,11004018,1033578,9848441,245982,1,2048,0,2048,1,1,1
whole_batch_multiget,3097,2048,2154,69781,42030097,10019,41562269,0,41689518,10890,11241163,1233243,9896431,260799,1,2048,0,2048,1,1,1
whole_batch_multiget,3098,2048,2484,71785,39198737,6523,38872485,0,38974837,7564,10693946,1092870,9491381,244449,1,2048,0,2048,1,1,1
whole_batch_multiget,3099,2048,2505,91301,39750601,9999,39399563,0,39504049,12593,11244729,1466941,9674093,251913,1,2048,0,2048,1,1,1
whole_batch_multiget,3100,2048,2124,77034,37812857,9467,37509548,0,37599126,7895,10290189,1099692,9121628,242776,1,2048,0,2048,1,1,1
whole_batch_multiget,3101,2048,2214,85611,38084166,10590,37709925,0,37844306,10570,10319474,1061151,9180898,238777,1,2048,0,2048,1,1,1
whole_batch_multiget,3102,2048,2254,88666,37474863,12143,37150846,0,37251364,12103,10263710,946836,9235120,237165,1,2048,0,2048,1,1,1
whole_batch_multiget,3103,2048,2795,80010,36010667,12463,35699213,0,35797207,13045,10222913,933040,9209502,238728,1,2048,0,2048,1,1,1
whole_batch_multiget,3104,2048,2344,75611,35739488,12053,35431471,0,35529475,12052,10308052,929864,9294883,246803,1,2048,0,2048,1,1,1
whole_batch_multiget,3105,2048,2174,74780,36887832,10008,36585205,0,36676856,11983,10393633,942628,9371596,254848,1,2048,0,2048,1,1,1
whole_batch_multiget,3106,2048,2184,74059,35757973,11392,35443885,0,35541368,11933,10499792,941415,9459251,242044,1,2048,0,2048,1,1,1
whole_batch_multiget,3107,2048,2174,84208,35912052,12453,35589177,0,35689685,12443,11701355,938871,10671344,233338,1,2048,0,2048,1,1,1
whole_batch_multiget,3108,2048,2535,75742,35792899,11462,35478549,0,35578447,12162,10670963,943049,9635361,270828,1,2048,0,2048,1,1,1
whole_batch_multiget,3109,2048,2555,92894,36326038,11843,35982023,0,36082873,13476,10462452,945393,9420548,241132,1,2048,0,2048,1,1,1
whole_batch_multiget,3110,2048,1993,76353,35999777,11262,35681730,0,35778983,11882,10320135,933351,9293389,241493,1,2048,0,2048,1,1,1
whole_batch_multiget,3111,2048,2124,75752,35689395,12674,35366890,0,35468711,12314,11432021,934222,10380649,249849,1,2048,0,2048,1,1,1
whole_batch_multiget,3112,2048,2324,81923,38070120,9288,37695347,0,37830811,12333,11216316,1169995,9942056,238918,1,2048,0,2048,1,1,1
whole_batch_multiget,3113,2048,2053,75642,38304189,11952,36986848,0,37944504,12153,10930720,1165997,9661510,253555,1,2048,0,2048,1,1,1
whole_batch_multiget,3114,2048,2364,83857,35746522,11812,35419188,0,35517482,14327,10721899,933601,9686687,236112,1,2048,0,2048,1,1,1
whole_batch_multiget,3115,2048,2074,77836,35231596,11782,34912739,0,35010561,11612,10627231,920787,9608751,237114,1,2048,0,2048,1,1,1
whole_batch_multiget,3116,2048,2515,76373,35039135,11271,34724635,0,34819082,11943,10378855,891001,9404789,263595,1,2048,0,2048,1,1,1
whole_batch_multiget,3117,2048,2104,73338,34257559,11883,33934904,0,34039050,11211,10366753,870463,9330760,453952,1,2048,0,2048,1,1,1
whole_batch_multiget,3118,2048,3086,98955,34039871,18535,33683573,0,33786005,11041,11028093,878558,10055599,255690,1,2048,0,2048,1,1,1
whole_batch_multiget,3119,2048,2525,73948,33228480,10540,32886117,0,32980835,20799,10057232,854303,9106509,240682,1,2048,0,2048,1,1,1
whole_batch_multiget,3120,2048,2224,67326,33705383,10219,33410852,0,33502713,11833,9967514,859121,9026729,231114,1,2048,0,2048,1,1,1
whole_batch_multiget,3121,2048,2094,68077,33303229,9919,33007365,0,33102193,11572,9931186,869030,8984099,230172,1,2048,0,2048,1,1,1
whole_batch_multiget,3122,2048,2304,66825,33434535,10530,33144061,0,33238077,10920,10299847,865834,9344756,231464,1,2048,0,2048,1,1,1
whole_batch_multiget,3123,2048,2194,67978,33422553,10179,33128602,0,33223941,11321,10385397,862027,9425147,243287,1,2048,0,2048,1,1,1
whole_batch_multiget,3124,2048,2184,67817,33361438,11201,33064492,0,33163428,12394,11900900,866556,10910703,249488,1,2048,0,2048,1,1,1
whole_batch_multiget,3125,2048,2064,72045,36375191,12434,36055352,0,36160990,12945,12500204,881553,11505769,246382,1,2048,0,2048,1,1,1
whole_batch_multiget,3126,2048,2996,83506,34509211,9748,34180946,0,34290080,9919,10469045,888436,9490780,244178,1,2048,0,2048,1,1,1
whole_batch_multiget,3127,2048,2205,70663,36650417,11061,36313055,0,36444040,11431,11823665,995898,10722680,230492,1,2048,0,2048,1,1,1
whole_batch_multiget,3128,2048,2314,71333,39298754,9438,38873176,0,39006175,13575,12317922,1383144,10807108,260138,1,2048,0,2048,1,1,1
whole_batch_multiget,3129,2048,2264,71714,38877323,9287,38535623,0,38643064,11010,10703624,1094533,9530705,235782,1,2048,0,2048,1,1,1
whole_batch_multiget,3130,2048,2495,70082,36166319,9868,35847141,0,35945144,10920,11816351,1061551,10647088,244679,1,2048,0,2048,1,1,1
whole_batch_multiget,3131,2048,2175,87965,39052713,11772,38696895,0,38799157,13275,12329263,1081117,11130876,248896,1,2048,0,2048,1,1,1
whole_batch_multiget,3132,2048,2916,94438,39351523,10300,38982962,0,39098709,10460,12350163,1172689,11073348,250059,1,2048,0,2048,1,1,1
whole_batch_multiget,3133,2048,2334,70913,39300718,11421,38990115,0,39091084,10780,11765826,1091868,10581635,288410,1,2048,0,2048,1,1,1
whole_batch_multiget,3134,2048,2214,74299,40611726,14376,40297327,0,40397114,10440,10940579,939391,9922098,241904,1,2048,0,2048,1,1,1
whole_batch_multiget,3135,2048,2194,74800,36179123,10710,35856238,0,35950956,11341,11323647,934002,10308513,250309,1,2048,0,2048,1,1,1
whole_batch_multiget,3136,2048,1954,74300,36623237,9979,36302515,0,36399247,10269,11329448,946345,10299877,228328,1,2048,0,2048,1,1,1
whole_batch_multiget,3137,2048,2294,73748,35943722,11011,35625846,0,35717608,10600,11235903,968517,10181595,238527,1,2048,0,2048,1,1,1
whole_batch_multiget,3138,2048,2294,74691,36460461,10550,36136734,0,36233445,10730,11106851,927039,10085946,268844,1,2048,0,2048,1,1,1
whole_batch_multiget,3139,2048,2004,75081,36233805,11010,35920899,0,36017320,23814,11425137,1109962,10206733,243477,1,2048,0,2048,1,1,1
whole_batch_multiget,3140,2048,2215,75762,37848885,11171,37523644,0,37617952,10831,12627303,930936,11575981,315622,1,2048,0,2048,1,1,1
whole_batch_multiget,3141,2048,2124,75511,38043610,10771,37676140,0,37782200,12413,12107247,943039,11055454,247784,1,2048,0,2048,1,1,1
whole_batch_multiget,3142,2048,2594,75452,38397294,10911,38067285,0,38163665,11281,11808256,932178,10766302,260168,1,2048,0,2048,1,1,1
whole_batch_multiget,3143,2048,2295,86302,37348055,11972,37020250,0,37112593,10590,11804999,929734,10754479,251531,1,2048,0,2048,1,1,1
whole_batch_multiget,3144,2048,2194,91251,37417776,11041,37071827,0,37165463,10850,11761338,930755,10718232,248787,1,2048,0,2048,1,1,1
whole_batch_multiget,3145,2048,2355,77967,38133779,9628,37786447,0,37883279,12614,12200521,1186015,10897298,254036,1,2048,0,2048,1,1,1
whole_batch_multiget,3146,2048,2565,79309,37557889,9137,37213594,0,37306417,20348,11532710,987302,10430112,239018,1,2048,0,2048,1,1,1
whole_batch_multiget,3147,2048,2345,77996,37338076,13335,37005874,0,37108717,12303,11504155,988244,10423519,236132,1,2048,0,2048,1,1,1
whole_batch_multiget,3148,2048,2214,76554,37522483,12123,37167267,0,37268998,14106,11481103,974698,10408220,236383,1,2048,0,2048,1,1,1
whole_batch_multiget,3149,2048,2144,79479,37898909,12162,37573118,0,37672183,12373,11399289,948959,10356324,239058,1,2048,0,2048,1,1,1
whole_batch_multiget,3150,2048,2515,80521,37730453,13996,37402758,0,37501834,13034,11211306,938711,10178920,248155,1,2048,0,2048,1,1,1
whole_batch_multiget,3151,2048,2605,85941,37278655,14838,36942185,0,37040088,12213,11213621,937208,10173470,254076,1,2048,0,2048,1,1,1
whole_batch_multiget,3152,2048,2154,125786,39821024,16862,39442684,0,39543293,12363,11318197,924945,10262858,236023,1,2048,0,2048,1,1,1
whole_batch_multiget,3153,2048,2445,76644,37086625,12504,36749603,0,36862806,11922,11633549,1000917,10519749,232676,1,2048,0,2048,1,1,1
whole_batch_multiget,3154,2048,2244,75762,39143744,11661,38793456,0,38920624,12273,11659838,1030403,10512446,244368,1,2048,0,2048,1,1,1
whole_batch_multiget,3155,2048,2614,77124,38294320,14036,37968520,0,38068046,12914,11822323,930916,10773706,242555,1,2048,0,2048,1,1,1
whole_batch_multiget,3156,2048,2164,76724,37861278,12193,37539896,0,37639051,13034,12571157,977894,11476194,265187,1,2048,0,2048,1,1,1
whole_batch_multiget,3157,2048,2244,77245,37508276,11151,37178929,0,37274658,13866,7181719,1012529,6060106,277200,1,2048,0,2048,1,1,1
whole_batch_multiget,3158,2048,2835,91221,40481312,12233,40092793,0,40238807,10299,7111567,1176105,5831627,239028,1,2048,0,2048,1,1,1
whole_batch_multiget,3159,2048,2385,78738,40403856,12103,40072715,0,40174456,12723,7288990,945043,6235805,258495,1,2048,0,2048,1,1,1
whole_batch_multiget,3160,2048,2354,88145,39560935,7615,39230937,0,39326536,11923,7088966,973716,6042713,236022,1,2048,0,2048,1,1,1
whole_batch_multiget,3161,2048,2294,77776,38062956,11692,37746112,0,37843505,12043,7386624,941305,6366791,246883,1,2048,0,2048,1,1,1
whole_batch_multiget,3162,2048,2274,76424,39045119,12864,38727834,0,38827680,12142,7360224,927710,6358034,238587,1,2048,0,2048,1,1,1
whole_batch_multiget,3163,2048,3055,79870,37613444,13275,37281591,0,37379725,12593,11917311,929724,10894873,254808,1,2048,0,2048,1,1,1
whole_batch_multiget,3164,2048,2695,82745,42352311,11482,42021751,0,42113473,11201,7578012,943549,6569621,289163,1,2048,0,2048,1,1,1
whole_batch_multiget,3165,2048,2164,74960,42645381,15759,42312095,0,42426319,14207,7922418,947827,6905371,237194,1,2048,0,2048,1,1,1
whole_batch_multiget,3166,2048,2134,83707,43329955,11942,43016847,0,43113569,12143,7737612,929393,6738227,235431,1,2048,0,2048,1,1,1
whole_batch_multiget,3167,2048,2114,77005,42657043,12985,42351209,0,42445656,12052,7816730,927609,6824759,243777,1,2048,0,2048,1,1,1
whole_batch_multiget,3168,2048,2254,75111,42849203,11903,42516208,0,42637296,12493,7672049,908083,6694365,247424,1,2048,0,2048,1,1,1
whole_batch_multiget,3169,2048,1963,79218,40938299,11882,40631503,0,40725219,12163,7555290,880401,6607582,232987,1,2048,0,2048,1,1,1
whole_batch_multiget,3170,2048,2395,74370,41173150,12052,40877615,0,40969968,11311,7550150,857057,6631627,244659,1,2048,0,2048,1,1,1
whole_batch_multiget,3171,2048,2064,71193,39993627,19036,39691651,0,39791468,11752,7615803,874320,6678536,231825,1,2048,0,2048,1,1,1
whole_batch_multiget,3172,2048,2554,72226,40475722,10881,40185888,0,40274985,11541,8624735,875963,7683450,236774,1,2048,0,2048,1,1,1
whole_batch_multiget,3173,2048,2524,73127,43472141,11001,43185173,0,43270834,11922,7803856,870653,6867560,232486,1,2048,0,2048,1,1,1
whole_batch_multiget,3174,2048,1924,69180,42548058,11552,42246672,0,42337433,11642,8366732,1042615,7259245,231524,1,2048,0,2048,1,1,1
whole_batch_multiget,3175,2048,2064,73207,42273352,11632,41980253,0,42072205,10350,8816235,957296,7797163,246593,1,2048,0,2048,1,1,1
whole_batch_multiget,3176,2048,1884,69200,45399165,8877,45101858,0,45187869,13396,9239850,1090766,8073672,243947,1,2048,0,2048,1,1,1
whole_batch_multiget,3177,2048,2154,74270,45322572,6553,45009815,0,45102309,6983,9429775,994215,8370819,245250,1,2048,0,2048,1,1,1
whole_batch_multiget,3178,2048,1923,76824,45411227,6672,45102970,0,45187979,7174,8526621,956103,7513071,243306,1,2048,0,2048,1,1,1
whole_batch_multiget,3179,2048,2624,74580,43493772,8426,43178701,0,43270793,11932,8809382,935975,7804167,238637,1,2048,0,2048,1,1,1
whole_batch_multiget,3180,2048,1964,76223,43696522,8526,43374979,0,43470077,10570,8761462,940333,7751889,261941,1,2048,0,2048,1,1,1
whole_batch_multiget,3181,2048,1884,75291,43760341,5691,43445020,0,43532995,7293,8859295,944932,7854110,250891,1,2048,0,2048,1,1,1
whole_batch_multiget,3182,2048,2054,76463,44026070,8396,43708073,0,43799485,10379,8418619,931798,7424965,265057,1,2048,0,2048,1,1,1
whole_batch_multiget,3183,2048,1934,74851,44152187,6041,43837105,0,43926433,7203,8702071,930976,7701484,246933,1,2048,0,2048,1,1,1
whole_batch_multiget,3184,2048,2324,80321,43883002,6512,43580264,0,43660684,7003,8734872,947167,7723565,234259,1,2048,0,2048,1,1,1
whole_batch_multiget,3185,2048,2294,76324,45617535,6011,45292765,0,45392913,7805,8695959,950122,7685794,248957,1,2048,0,2048,1,1,1
whole_batch_multiget,3186,2048,2284,75993,43448808,7905,43128446,0,43217203,10710,8973710,946805,7954999,254187,1,2048,0,2048,1,1,1
whole_batch_multiget,3187,2048,2314,74600,44197431,13165,43885957,0,43983029,12904,9765815,941306,8748648,244479,1,2048,0,2048,1,1,1
whole_batch_multiget,3188,2048,2304,80060,43808932,12403,43508519,0,43593588,9408,9246452,944301,8230877,298099,1,2048,0,2048,1,1,1
whole_batch_multiget,3189,2048,2304,81292,43815375,12454,43489223,0,43576698,11071,9057608,943660,8044016,260248,1,2048,0,2048,1,1,1
whole_batch_multiget,3190,2048,2144,74569,43801589,9839,43442856,0,43525792,10890,9237144,980469,8187475,245951,1,2048,0,2048,1,1,1
whole_batch_multiget,3191,2048,2144,70722,44195788,10359,43914160,0,43996705,8756,9163165,931196,8172468,256521,1,2048,0,2048,1,1,1
whole_batch_multiget,3192,2048,2224,70362,44111741,10570,43818981,0,43908339,10890,9080039,946285,8064635,244618,1,2048,0,2048,1,1,1
whole_batch_multiget,3193,2048,2134,72877,44000813,14217,43686864,0,43794476,10449,9120115,950523,8093188,242915,1,2048,0,2048,1,1,1
whole_batch_multiget,3194,2048,1773,71905,44121328,8976,43817880,0,43906595,8125,9181088,957946,8160846,248395,1,2048,0,2048,1,1,1
whole_batch_multiget,3195,2048,2405,71784,43673157,6252,43365531,0,43446132,7844,9077584,938009,8078761,250560,1,2048,0,2048,1,1,1
whole_batch_multiget,3196,2048,1864,70963,46001895,6562,45701062,0,45792753,7584,9370624,950612,8343268,253135,1,2048,0,2048,1,1,1
whole_batch_multiget,3197,2048,2575,72126,43651497,8586,43272296,0,43364960,11020,9932157,1352687,8459054,239009,1,2048,0,2048,1,1,1
whole_batch_multiget,3198,2048,2395,75641,45748431,7704,45437517,0,45526564,7594,9406391,961403,8372472,252694,1,2048,0,2048,1,1,1
whole_batch_multiget,3199,2048,2735,79749,45455210,10380,45131303,0,45222624,10189,9937057,945053,8882008,237786,1,2048,0,2048,1,1,1
whole_batch_multiget,3200,2048,2194,75231,46119136,8506,45805657,0,45895887,9377,9265357,946555,8250674,257463,1,2048,0,2048,1,1,1
whole_batch_multiget,3201,2048,3437,120997,45789186,7624,45395789,0,45484475,7564,9803586,940785,8749850,250089,1,2048,0,2048,1,1,1
whole_batch_multiget,3202,2048,2265,74279,45165446,8496,44820530,0,44931468,14578,10518808,1053255,9394790,245781,1,2048,0,2048,1,1,1
whole_batch_multiget,3203,2048,1994,75021,46941187,11913,46622289,0,46721185,13515,9717265,952617,8653860,251481,1,2048,0,2048,1,1,1
whole_batch_multiget,3204,2048,2154,74179,45419313,8626,45100545,0,45192588,8696,9543619,973907,8499060,250640,1,2048,0,2048,1,1,1
whole_batch_multiget,3205,2048,2375,76163,46561485,10400,46249910,0,46341373,13045,9832110,941495,8777021,237085,1,2048,0,2048,1,1,1
whole_batch_multiget,3206,2048,2605,74510,44697419,10711,44382748,0,44475383,11792,10640556,951635,9423895,392186,1,2048,0,2048,1,1,1
whole_batch_multiget,3207,2048,2795,78437,44261051,10700,43932444,0,44024326,12102,9466143,902653,8471288,252173,1,2048,0,2048,1,1,1
whole_batch_multiget,3208,2048,2886,94888,43463915,11752,43115452,0,43210891,9849,9744887,909336,8727678,245410,1,2048,0,2048,1,1,1
whole_batch_multiget,3209,2048,2244,71073,43285401,8596,42986751,0,43068915,12484,9377297,927990,8358887,237085,1,2048,0,2048,1,1,1
whole_batch_multiget,3210,2048,2325,70933,42858169,8195,42559499,0,42645430,7965,9220473,901240,8251385,235031,1,2048,0,2048,1,1,1
whole_batch_multiget,3211,2048,3036,87725,42690385,8465,42355967,0,42442930,11692,9324408,895209,8332818,266209,1,2048,0,2048,1,1,1
whole_batch_multiget,3212,2048,3486,94077,42776637,7464,42440446,0,42521838,7224,9558517,874620,8584640,241914,1,2048,0,2048,1,1,1
whole_batch_multiget,3213,2048,2154,87715,44139733,5961,43729022,0,43893851,7925,10391339,1160737,9162614,247595,1,2048,0,2048,1,1,1
whole_batch_multiget,3214,2048,2555,88957,48416574,13375,48077308,0,48161505,9729,10411116,879880,9423133,241323,1,2048,0,2048,1,1,1
whole_batch_multiget,3215,2048,2194,85481,47733583,13095,47332510,0,47487331,11391,9995837,1097048,8799063,258444,1,2048,0,2048,1,1,1
whole_batch_multiget,3216,2048,2564,88115,41209577,6863,40870732,0,40948017,6823,9174517,878198,8229203,269235,1,2048,0,2048,1,1,1
whole_batch_multiget,3217,2048,2254,107922,40911969,8737,40564648,0,40645480,10880,12037195,879810,11049984,260759,1,2048,0,2048,1,1,1
whole_batch_multiget,3218,2048,2334,124854,41035170,13255,40660758,0,40749155,9127,9201717,887855,8252518,241473,1,2048,0,2048,1,1,1
whole_batch_multiget,3219,2048,2595,84569,41504621,5971,41183639,0,41265452,7144,9421680,883708,8478140,237996,1,2048,0,2048,1,1,1
whole_batch_multiget,3220,2048,2955,114284,41247879,8366,40908673,0,40988173,7755,9643376,1002190,8554804,71314,1,2048,0,2048,1,1,1
whole_batch_multiget,3221,2048,1473,72356,41868834,7864,41573250,0,41657798,9799,9566362,954851,8538303,58400,1,2048,0,2048,1,1,1
whole_batch_multiget,3222,2048,1092,75521,41090344,7634,40779411,0,40871263,7565,9783759,960742,8751383,60103,1,2048,0,2048,1,1,1
whole_batch_multiget,3223,2048,3527,246973,42880632,8305,42355287,0,42460443,11832,10585473,1069786,9440966,247263,1,2048,0,2048,1,1,1
whole_batch_multiget,3224,2048,2355,72156,41035401,8826,40730679,0,40824265,7544,9613049,889258,8652327,236674,1,2048,0,2048,1,1,1
whole_batch_multiget,3225,2048,2454,69811,41243411,7073,40947366,0,41035110,7043,9588824,885400,8629334,237455,1,2048,0,2048,1,1,1
whole_batch_multiget,3226,2048,2695,106459,43752757,8927,43356334,0,43483803,10339,9971712,1135880,8742066,236233,1,2048,0,2048,1,1,1
whole_batch_multiget,3227,2048,2124,73859,43876189,11071,43563352,0,43648151,11121,9806562,1000035,8741264,163287,1,2048,0,2048,1,1,1
whole_batch_multiget,3228,2048,2465,85430,41022105,9868,40678321,0,40760835,11823,9492683,1000797,8396948,70412,1,2048,0,2048,1,1,1
whole_batch_multiget,3229,2048,1823,71915,42883006,10991,42527249,0,42644188,13445,9527198,983504,8441392,241583,1,2048,0,2048,1,1,1
whole_batch_multiget,3230,2048,2024,73218,42698049,9948,42339626,0,42433913,11461,11637095,1076880,10447795,248496,1,2048,0,2048,1,1,1
whole_batch_multiget,3231,2048,2695,76944,49839613,10920,49486761,0,49613569,7504,25585585,1001789,24496383,250319,1,2048,0,2048,1,1,1
whole_batch_multiget,3232,2048,2144,71565,47005798,10159,46693413,0,46782990,9888,11793408,1085165,10616321,236313,1,2048,0,2048,1,1,1
whole_batch_multiget,3233,2048,2695,88025,45950489,6693,45592527,0,45672889,8245,10913558,1055239,9784000,241303,1,2048,0,2048,1,1,1
whole_batch_multiget,3234,2048,2995,89177,44283863,9017,43941531,0,44028134,11561,10227731,952146,9194574,279283,1,2048,0,2048,1,1,1
whole_batch_multiget,3235,2048,2195,74880,44677711,8737,44321293,0,44424687,11592,10276503,1010085,9174907,249718,1,2048,0,2048,1,1,1
whole_batch_multiget,3236,2048,2285,73307,44465514,8867,44151685,0,44237597,10540,10078793,956033,9050324,255249,1,2048,0,2048,1,1,1
whole_batch_multiget,3237,2048,2074,76864,44856287,7695,44538401,0,44625905,10770,10290700,1038197,9168886,260889,1,2048,0,2048,1,1,1
whole_batch_multiget,3238,2048,2134,74069,44850406,5881,44521730,0,44607190,7103,10260513,944341,9244347,246913,1,2048,0,2048,1,1,1
whole_batch_multiget,3239,2048,2474,73778,46375015,9117,46054464,0,46146236,11151,10420614,955672,9378920,258495,1,2048,0,2048,1,1,1
whole_batch_multiget,3240,2048,2345,72806,45041134,8546,44707428,0,44792567,10129,10430733,960140,9396763,245410,1,2048,0,2048,1,1,1
whole_batch_multiget,3241,2048,2144,73007,44667392,7975,44359275,0,44443924,11241,10465748,952146,9432130,249498,1,2048,0,2048,1,1,1
whole_batch_multiget,3242,2048,2846,75682,44468510,10299,44153920,0,44247305,10610,10448526,949010,9421119,250009,1,2048,0,2048,1,1,1
whole_batch_multiget,3243,2048,2315,74029,44484690,6582,44175721,0,44262253,7103,10281813,955622,9254967,275046,1,2048,0,2048,1,1,1
whole_batch_multiget,3244,2048,2746,74099,45153855,9648,44831040,0,44935906,9858,10858835,1052523,9696425,270156,1,2048,0,2048,1,1,1
whole_batch_multiget,3245,2048,2054,73428,44599284,8516,44279946,0,44370896,11181,10442634,948840,9414326,257312,1,2048,0,2048,1,1,1
whole_batch_multiget,3246,2048,1934,72877,44972044,5811,44657755,0,44744687,7103,10321057,951695,9276989,250360,1,2048,0,2048,1,1,1
whole_batch_multiget,3247,2048,2074,87184,44512672,6211,44163548,0,44253025,7214,10532884,967785,9480651,250079,1,2048,0,2048,1,1,1
whole_batch_multiget,3248,2048,2084,98715,44487365,5971,44143229,0,44234530,7204,10435091,955522,9409698,299552,1,2048,0,2048,1,1,1
whole_batch_multiget,3249,2048,2434,74620,44462198,8826,44135966,0,44231054,11011,12150308,946505,11091051,238066,1,2048,0,2048,1,1,1
whole_batch_multiget,3250,2048,2033,75612,45006649,6282,44684985,0,44773041,6973,10446292,963306,9415639,284333,1,2048,0,2048,1,1,1
whole_batch_multiget,3251,2048,3527,89808,46143431,13816,45775571,0,45869667,11301,10953563,954370,9888385,263504,1,2048,0,2048,1,1,1
whole_batch_multiget,3252,2048,1883,77224,46184577,8456,45823511,0,45913209,11712,10595171,966523,9531817,249598,1,2048,0,2048,1,1,1
whole_batch_multiget,3253,2048,2364,97052,45440963,14888,45087591,0,45188710,12003,10942592,959740,9866084,241884,1,2048,0,2048,1,1,1
whole_batch_multiget,3254,2048,2364,76914,46023956,11110,45693157,0,45787583,12723,10570634,958838,9515475,242735,1,2048,0,2048,1,1,1
whole_batch_multiget,3255,2048,3206,97563,45981928,11802,45635308,0,45725547,9167,11084559,948269,10022527,255379,1,2048,0,2048,1,1,1
whole_batch_multiget,3256,2048,2375,81413,46449936,9778,46088498,0,46192713,10269,11142638,1018881,9998812,290926,1,2048,0,2048,1,1,1
whole_batch_multiget,3257,2048,2275,78868,45034010,12353,44688462,0,44789671,12313,11104616,954741,10039759,236623,1,2048,0,2048,1,1,1
whole_batch_multiget,3258,2048,2265,78457,44710673,10629,44391234,0,44481854,11422,10304967,896942,9309139,258285,1,2048,0,2048,1,1,1
whole_batch_multiget,3259,2048,3056,90359,42948879,10870,42618510,0,42709350,9558,10676434,879229,9691497,237084,1,2048,0,2048,1,1,1
whole_batch_multiget,3260,2048,2615,73718,44517511,13596,44208061,0,44297419,11742,11423655,882766,10465718,231504,1,2048,0,2048,1,1,1
whole_batch_multiget,3261,2048,2465,77375,42349686,13295,42033583,0,42127038,11982,10406397,871325,9422652,290936,1,2048,0,2048,1,1,1
whole_batch_multiget,3262,2048,2314,80892,43807570,12985,43484383,0,43575926,12504,10751264,868609,9772087,237616,1,2048,0,2048,1,1,1
whole_batch_multiget,3263,2048,2394,74700,43209909,12694,42902833,0,42989215,11341,10491226,868689,9537608,271028,1,2048,0,2048,1,1,1
whole_batch_multiget,3264,2048,3256,76724,42856476,13185,42532579,0,42628659,11311,10708624,871444,9729587,248376,1,2048,0,2048,1,1,1
whole_batch_multiget,3265,2048,2315,72616,42758943,12644,42397445,0,42502202,13485,10703123,927780,9660037,232706,1,2048,0,2048,1,1,1
whole_batch_multiget,3266,2048,2104,73037,42803747,12804,42490980,0,42581110,11501,10595451,878187,9632305,232717,1,2048,0,2048,1,1,1
whole_batch_multiget,3267,2048,2525,77705,43043097,13115,42728757,0,42817543,11682,10958743,872817,9980508,236032,1,2048,0,2048,1,1,1
whole_batch_multiget,3268,2048,2514,71564,41980463,11922,41665112,0,41757254,11481,10345843,869591,9382997,233879,1,2048,0,2048,1,1,1
whole_batch_multiget,3269,2048,2325,74059,42573445,11171,42262211,0,42348674,11922,10214166,861696,9273552,237746,1,2048,0,2048,1,1,1
whole_batch_multiget,3270,2048,2004,73578,41495654,10880,41190943,0,41278036,12293,10385077,872015,9417553,233327,1,2048,0,2048,1,1,1
whole_batch_multiget,3271,2048,2064,96902,43319886,11431,42987552,0,43076428,11341,10413921,868579,9456616,238347,1,2048,0,2048,1,1,1
whole_batch_multiget,3272,2048,1974,73608,41800856,11922,41474544,0,41568761,13244,10525530,874400,9564879,256241,1,2048,0,2048,1,1,1
whole_batch_multiget,3273,2048,2385,73458,42124433,11332,41812970,0,41902527,11502,10567229,870984,9615233,236373,1,2048,0,2048,1,1,1
whole_batch_multiget,3274,2048,2605,73849,41438798,12122,41128225,0,41217692,11361,10618635,876735,9647243,237736,1,2048,0,2048,1,1,1
whole_batch_multiget,3275,2048,2044,73387,41704425,11121,41383524,0,41472280,12023,11522109,854452,10568110,270096,1,2048,0,2048,1,1,1
whole_batch_multiget,3276,2048,2405,79359,41931101,10089,41617393,0,41701821,11682,10692664,865994,9743894,240140,1,2048,0,2048,1,1,1
whole_batch_multiget,3277,2048,1984,72155,41421966,9819,41116192,0,41206011,11972,10155536,880482,9191228,237436,1,2048,0,2048,1,1,1
whole_batch_multiget,3278,2048,2204,79920,41696320,8516,41342266,0,41444287,9187,10478382,917491,9462777,260819,1,2048,0,2048,1,1,1
whole_batch_multiget,3279,2048,2575,74039,41573249,9829,41265322,0,41355361,11401,10300758,869762,9339506,241573,1,2048,0,2048,1,1,1
whole_batch_multiget,3280,2048,2685,74720,42790482,8426,42480671,0,42568255,8897,10143404,873909,9190457,235331,1,2048,0,2048,1,1,1
whole_batch_multiget,3281,2048,3677,149601,41906885,9698,41439949,0,41520941,9618,10206322,866865,9264846,259146,1,2048,0,2048,1,1,1
whole_batch_multiget,3282,2048,2685,94377,43627362,8727,43276624,0,43360772,10840,10370089,871204,9407895,248386,1,2048,0,2048,1,1,1
whole_batch_multiget,3283,2048,2355,89277,41415604,7654,41080575,0,41162479,10730,10294898,865373,9343894,253596,1,2048,0,2048,1,1,1
whole_batch_multiget,3284,2048,2515,93376,42067316,8897,41722900,0,41809733,9578,10216651,865713,9277730,242305,1,2048,0,2048,1,1,1
whole_batch_multiget,3285,2048,2505,89818,41441012,7905,41107516,0,41185573,10169,10376090,863359,9427401,251662,1,2048,0,2048,1,1,1
whole_batch_multiget,3286,2048,2144,90289,41599899,6002,41266564,0,41345683,6523,10377082,867908,9428763,247755,1,2048,0,2048,1,1,1
whole_batch_multiget,3287,2048,2895,87834,41857413,6202,41514379,0,41601743,6873,10464676,865343,9519563,237906,1,2048,0,2048,1,1,1
whole_batch_multiget,3288,2048,2194,88386,41970424,6231,41640506,0,41720235,7013,10484563,875021,9536335,243767,1,2048,0,2048,1,1,1
whole_batch_multiget,3289,2048,2214,87334,41385908,6432,41057031,0,41135759,6573,10706981,871024,9737392,273062,1,2048,0,2048,1,1,1
whole_batch_multiget,3290,2048,2314,88646,41583800,7965,41252468,0,41331496,9698,11761999,863680,10811908,254688,1,2048,0,2048,1,1,1
whole_batch_multiget,3291,2048,2324,88916,41525048,7705,41165004,0,41253139,12824,10874845,930696,9847579,239940,1,2048,0,2048,1,1,1
whole_batch_multiget,3292,2048,2144,89839,41898089,8847,41561437,0,41645134,9658,10600110,860624,9663775,252684,1,2048,0,2048,1,1,1
whole_batch_multiget,3293,2048,2845,120967,43557200,8937,43182367,0,43265393,10539,10901044,869851,9923982,250569,1,2048,0,2048,1,1,1
whole_batch_multiget,3294,2048,2545,89208,43147021,5781,42817372,0,42895128,6402,10545107,876714,9593202,248086,1,2048,0,2048,1,1,1
whole_batch_multiget,3295,2048,2175,88406,41720495,7674,41388213,0,41467801,9598,10556168,870252,9608931,247263,1,2048,0,2048,1,1,1
whole_batch_multiget,3296,2048,2274,94447,41647769,8526,41276132,0,41360320,9929,10693907,864571,9742372,257412,1,2048,0,2048,1,1,1
whole_batch_multiget,3297,2048,2414,86883,42098024,8176,41765690,0,41846021,10940,6215727,874039,5273430,276689,1,2048,0,2048,1,1,1
whole_batch_multiget,3298,2048,2565,128722,43862243,6703,43410405,0,43496486,8556,6363044,882826,5420937,272040,1,2048,0,2048,1,1,1
whole_batch_multiget,3299,2048,2064,85750,43594219,8817,43214076,0,43302683,10460,6513246,885531,5563484,271309,1,2048,0,2048,1,1,1
whole_batch_multiget,3300,2048,2695,148378,43930179,7955,43457944,0,43544546,11582,6574190,876694,5636441,272612,1,2048,0,2048,1,1,1
whole_batch_multiget,3301,2048,2174,85490,43569313,6071,43209939,0,43292704,6963,6744178,876925,5809846,272681,1,2048,0,2048,1,1,1
whole_batch_multiget,3302,2048,2565,150493,43617424,6361,43158352,0,43243732,6943,6995960,883196,6054585,283301,1,2048,0,2048,1,1,1
whole_batch_multiget,3303,2048,2735,139492,43583770,8856,43146851,0,43230747,10420,16438300,869621,15484040,292970,1,2048,0,2048,1,1,1
whole_batch_multiget,3304,2048,2735,156434,48828627,11161,48237558,0,48372891,9878,8190541,957937,7118340,275266,1,2048,0,2048,1,1,1
whole_batch_multiget,3305,2048,3025,150553,48609375,6763,48140376,0,48223983,8245,8498218,887164,7548126,277370,1,2048,0,2048,1,1,1
whole_batch_multiget,3306,2048,2375,87254,49062305,6251,48690197,0,48775927,7043,7607347,882785,6619004,276909,1,2048,0,2048,1,1,1
whole_batch_multiget,3307,2048,2445,146023,50400305,9267,49964707,0,50049787,10039,7550971,887665,6607673,238908,1,2048,0,2048,1,1,1
whole_batch_multiget,3308,2048,2053,92303,49791953,9999,49401220,0,49497421,10559,7976720,949390,6934325,276368,1,2048,0,2048,1,1,1
whole_batch_multiget,3309,2048,2705,153357,49541955,7554,49048199,0,49148286,8776,7963045,894668,6965073,397535,1,2048,0,2048,1,1,1
whole_batch_multiget,3310,2048,2384,103534,48874152,9869,48453823,0,48559442,8385,7466453,913463,6487828,267171,1,2048,0,2048,1,1,1
whole_batch_multiget,3311,2048,2174,105107,50505401,8125,50118676,0,50210358,11382,7960691,893306,6960424,238868,1,2048,0,2048,1,1,1
whole_batch_multiget,3312,2048,2174,114214,49450453,12774,49016780,0,49107320,7223,7850283,880752,6910000,282229,1,2048,0,2048,1,1,1
whole_batch_multiget,3313,2048,2895,148819,49768730,9317,49279292,0,49375181,10299,8649261,894067,7653073,274846,1,2048,0,2048,1,1,1
whole_batch_multiget,3314,2048,2675,88977,57805973,10640,57432703,0,57531719,12684,8990121,1191745,7682879,268163,1,2048,0,2048,1,1,1
whole_batch_multiget,3315,2048,2174,93505,50119187,6231,49728454,0,49816589,7935,8573409,892434,7569236,271710,1,2048,0,2048,1,1,1
whole_batch_multiget,3316,2048,3086,146926,49768069,8836,49292667,0,49377275,10880,8069073,861506,7142866,276328,1,2048,0,2048,1,1,1
whole_batch_multiget,3317,2048,3106,152455,50116091,10650,49628066,0,49725458,11302,8220879,955793,7161631,283852,1,2048,0,2048,1,1,1
whole_batch_multiget,3318,2048,2575,92152,49183102,7444,48781578,0,48867239,8486,8193136,867307,7254987,285505,1,2048,0,2048,1,1,1
whole_batch_multiget,3319,2048,3606,151504,47904724,9669,47423271,0,47510906,9307,9370134,890901,8406146,322985,1,2048,0,2048,1,1,1
whole_batch_multiget,3320,2048,3226,111309,48359967,9328,47934780,0,48018978,9077,8299726,887654,7344093,241704,1,2048,0,2048,1,1,1
whole_batch_multiget,3321,2048,2245,61656,48557699,7955,48283294,0,48361992,9007,8273116,880011,7335698,246021,1,2048,0,2048,1,1,1
whole_batch_multiget,3322,2048,2425,77154,47944528,10249,47652901,0,47732841,9358,8499310,886282,7536945,244780,1,2048,0,2048,1,1,1
whole_batch_multiget,3323,2048,2495,78518,49176309,10409,48875545,0,48959361,9147,8614366,880682,7669835,324318,1,2048,0,2048,1,1,1
whole_batch_multiget,3324,2048,2394,86592,50705366,14738,50388492,0,50477239,8927,8547691,897413,7586148,247094,1,2048,0,2048,1,1,1
whole_batch_multiget,3325,2048,2534,79079,48482237,29234,48157678,0,48264759,9939,8874384,875432,7852146,301405,1,2048,0,2048,1,1,1
whole_batch_multiget,3326,2048,2805,79960,49608760,23855,49279522,0,49380221,8346,8666794,880100,7712625,243927,1,2048,0,2048,1,1,1
whole_batch_multiget,3327,2048,2525,83446,48374535,6492,48057480,0,48147780,9268,8444096,875491,7503532,243096,1,2048,0,2048,1,1,1
whole_batch_multiget,3328,2048,2635,67046,49909003,13355,49594242,0,49683239,8355,106480060,867267,105507786,242936,1,2048,0,2048,1,1,1
whole_batch_multiget,3329,2048,2405,83216,48310745,9317,47997729,0,48085733,9829,8835039,877515,7883716,242986,1,2048,0,2048,1,1,1
whole_batch_multiget,3330,2048,2355,80852,48375457,11031,48066257,0,48148811,9468,9249207,876905,8270491,227106,1,2048,0,2048,1,1,1
whole_batch_multiget,3331,2048,2284,80040,49138217,6532,48761911,0,48875153,8907,9927920,981511,8872430,239379,1,2048,0,2048,1,1,1
whole_batch_multiget,3332,2048,2475,81864,48025120,6222,47714096,0,47793906,6652,8822316,878928,7870331,239009,1,2048,0,2048,1,1,1
whole_batch_multiget,3333,2048,2525,80802,48011123,6222,47709828,0,47790429,7274,8782351,881544,7839723,244890,1,2048,0,2048,1,1,1
whole_batch_multiget,3334,2048,2405,80320,48648188,12674,48336073,0,48424709,9297,9032470,875782,8086807,241954,1,2048,0,2048,1,1,1
whole_batch_multiget,3335,2048,2855,81403,48448684,6412,48140907,0,48226568,7835,9089427,872406,8146308,242765,1,2048,0,2048,1,1,1
whole_batch_multiget,3336,2048,2305,66845,51247162,14717,50936069,0,51038270,9277,9088295,906410,8117094,237766,1,2048,0,2048,1,1,1
whole_batch_multiget,3337,2048,3367,81603,47886831,10429,47577009,0,47665464,9548,9217246,872637,8268127,247634,1,2048,0,2048,1,1,1
whole_batch_multiget,3338,2048,2385,81423,47919632,10350,47608749,0,47693869,9428,9189184,875462,8240074,244789,1,2048,0,2048,1,1,1
whole_batch_multiget,3339,2048,2375,81372,48260020,11241,47954247,0,48039146,9858,9059541,882986,8100523,247053,1,2048,0,2048,1,1,1
whole_batch_multiget,3340,2048,2034,81363,48237468,10329,47923629,0,48016403,10299,9298068,875021,8342406,245902,1,2048,0,2048,1,1,1
whole_batch_multiget,3341,2048,2355,82164,48334640,11321,48017695,0,48110118,9377,10167609,882305,9208510,244188,1,2048,0,2048,1,1,1
whole_batch_multiget,3342,2048,2575,91722,54587978,10429,54219287,0,54353578,9649,9417673,965370,8383603,258936,1,2048,0,2048,1,1,1
whole_batch_multiget,3343,2048,2615,69149,54999980,15108,54694537,0,54795807,7764,8966136,882946,8020532,246201,1,2048,0,2048,1,1,1
whole_batch_multiget,3344,2048,2525,83587,48400253,9959,48062761,0,48166004,9708,8918877,899597,7936715,282720,1,2048,0,2048,1,1,1
whole_batch_multiget,3345,2048,3326,86963,48863442,11131,48530888,0,48626047,9017,10485295,940634,9448451,268714,1,2048,0,2048,1,1,1
whole_batch_multiget,3346,2048,2124,66965,48320503,10890,48027043,0,48119567,11121,96368045,876353,95372929,237265,1,2048,0,2048,1,1,1
whole_batch_multiget,3347,2048,2255,82254,56695861,7504,56387943,0,56480817,10219,9695644,1065709,8526461,252063,1,2048,0,2048,1,1,1
whole_batch_multiget,3348,2048,2325,81653,23608297,7113,23244354,0,23344081,12914,10529217,1109942,9333024,243106,1,2048,0,2048,1,1,1
whole_batch_multiget,3349,2048,2424,82184,21489703,9307,21181936,0,21261976,9337,9367137,872266,8430241,238677,1,2048,0,2048,1,1,1
whole_batch_multiget,3350,2048,1704,80111,21521433,9678,21223454,0,21298635,9007,9985097,879329,9045905,248977,1,2048,0,2048,1,1,1
whole_batch_multiget,3351,2048,1944,79058,21541841,10259,21232962,0,21313112,9778,10845510,999645,9742251,239089,1,2048,0,2048,1,1,1
whole_batch_multiget,3352,2048,2364,82305,21539887,8957,21230387,0,21309395,9988,9236833,886743,8278506,240631,1,2048,0,2048,1,1,1
whole_batch_multiget,3353,2048,2044,87244,21581716,9248,21267928,0,21344872,9898,9534722,884659,8548012,250209,1,2048,0,2048,1,1,1
whole_batch_multiget,3354,2048,2435,84288,22358994,9748,22038874,0,22119986,11010,9758331,877646,8778153,241724,1,2048,0,2048,1,1,1
whole_batch_multiget,3355,2048,2284,82214,22308208,9849,21988178,0,22070853,10570,9709089,876604,8723631,239059,1,2048,0,2048,1,1,1
whole_batch_multiget,3356,2048,2655,82865,22116478,9879,21793043,0,21876178,10580,9878807,888446,8885405,239910,1,2048,0,2048,1,1,1
whole_batch_multiget,3357,2048,2144,87714,22442049,9889,22119484,0,22198623,9698,10813370,916929,9793016,242074,1,2048,0,2048,1,1,1
whole_batch_multiget,3358,2048,2375,86192,22279735,8486,21940058,0,22028463,11712,9781716,911589,8765218,248536,1,2048,0,2048,1,1,1
whole_batch_multiget,3359,2048,2575,88536,22403908,9287,22076233,0,22158097,10139,9573886,894307,8588327,243917,1,2048,0,2048,1,1,1
whole_batch_multiget,3360,2048,3938,133160,22797325,11622,22400381,0,22498625,15308,9973765,1310528,8586824,179337,1,2048,0,2048,1,1,1
whole_batch_multiget,3361,2048,2455,81112,22630683,10951,22329709,0,22410430,10690,9732283,978114,8688816,111940,1,2048,0,2048,1,1,1
whole_batch_multiget,3362,2048,2334,76744,22735159,10540,22425568,0,22504757,11672,9670236,978646,8624244,66094,1,2048,0,2048,1,1,1
whole_batch_multiget,3363,2048,1663,76704,23411838,10590,23102869,0,23186286,11962,10072972,986660,8996864,125666,1,2048,0,2048,1,1,1
whole_batch_multiget,3364,2048,3777,227517,25315699,11923,24816613,0,24906021,11021,12467232,1086508,11270738,248586,1,2048,0,2048,1,1,1
whole_batch_multiget,3365,2048,2655,72085,25722121,11923,25391702,0,25491990,12033,11261821,1117386,10031293,245690,1,2048,0,2048,1,1,1
whole_batch_multiget,3366,2048,2816,112972,26555875,8917,26184898,0,26270650,11672,10722179,957035,9645079,291627,1,2048,0,2048,1,1,1
whole_batch_multiget,3367,2048,2515,87645,25454089,13466,25105435,0,25194241,12022,11184927,954661,10117745,251211,1,2048,0,2048,1,1,1
whole_batch_multiget,3368,2048,2424,73447,26000093,12333,25603128,0,25744142,17042,12061321,1435742,10504841,244709,1,2048,0,2048,1,1,1
whole_batch_multiget,3369,2048,2505,89799,25713686,8636,25374199,0,25468846,10139,11722244,1121133,10480666,247925,1,2048,0,2048,1,1,1
whole_batch_multiget,3370,2048,1924,77776,25466472,7194,25137575,0,25219609,7494,10678617,974578,9595806,250270,1,2048,0,2048,1,1,1
whole_batch_multiget,3371,2048,2104,80611,24037050,6292,23670483,0,23771132,7725,11186179,1003883,10081988,278252,1,2048,0,2048,1,1,1
whole_batch_multiget,3372,2048,2916,87985,24887345,10890,24544091,0,24628329,10400,10585012,952186,9537377,263334,1,2048,0,2048,1,1,1
whole_batch_multiget,3373,2048,3206,109024,24561864,14718,24155342,0,24254218,11171,10873973,945824,9820458,240631,1,2048,0,2048,1,1,1
whole_batch_multiget,3374,2048,2455,85280,25431356,9277,25091648,0,25175045,10890,10750973,979838,9659246,250039,1,2048,0,2048,1,1,1
whole_batch_multiget,3375,2048,2585,82074,27084616,9027,26708240,0,26828997,10059,10338249,972714,9290875,288161,1,2048,0,2048,1,1,1
whole_batch_multiget,3376,2048,3457,124153,24924404,12824,24511390,0,24617449,10620,10736906,975900,9612788,247384,1,2048,0,2048,1,1,1
whole_batch_multiget,3377,2048,2485,84138,24949602,12043,24590428,0,24684495,11011,11022502,945543,9965610,255158,1,2048,0,2048,1,1,1
whole_batch_multiget,3378,2048,2455,84218,24437321,10329,24079199,0,24176191,10540,10558713,947457,9517660,250390,1,2048,0,2048,1,1,1
whole_batch_multiget,3379,2048,2345,84178,24866386,13044,24527520,0,24617729,10610,10580624,964849,9523892,257553,1,2048,0,2048,1,1,1
whole_batch_multiget,3380,2048,2946,95349,24415981,10920,24072327,0,24158258,11441,10723331,955923,9660558,242134,1,2048,0,2048,1,1,1
whole_batch_multiget,3381,2048,2134,86873,23945008,6492,23600482,0,23682656,7645,10496256,945092,9471283,245020,1,2048,0,2048,1,1,1
whole_batch_multiget,3382,2048,2184,82464,23928508,8256,23585414,0,23670744,11331,10540208,963106,9500147,252473,1,2048,0,2048,1,1,1
whole_batch_multiget,3383,2048,2134,81463,24061166,8496,23733632,0,23817378,8526,10548944,944351,9532447,265007,1,2048,0,2048,1,1,1
whole_batch_multiget,3384,2048,2315,85090,23873013,9137,23526132,0,23614639,11341,12381772,941415,11302067,239048,1,2048,0,2048,1,1,1
whole_batch_multiget,3385,2048,2645,91021,23729163,10810,23374077,0,23461000,11532,11914405,952426,10851682,241373,1,2048,0,2048,1,1,1
whole_batch_multiget,3386,2048,2034,82004,24280788,6332,23955607,0,24035337,7073,10792741,948569,9751940,257293,1,2048,0,2048,1,1,1
whole_batch_multiget,3387,2048,2524,84959,24162496,8246,23819162,0,23907307,10480,10741224,1015665,9640471,250620,1,2048,0,2048,1,1,1
whole_batch_multiget,3388,2048,2204,85190,24178767,8276,23842896,0,23925882,7584,10654221,950072,9629059,259727,1,2048,0,2048,1,1,1
whole_batch_multiget,3389,2048,2254,79429,23857223,9749,23493141,0,23594481,10610,11171051,969458,10097507,236213,1,2048,0,2048,1,1,1
whole_batch_multiget,3390,2048,2434,93956,24604595,10219,24241864,0,24329078,10801,22388389,948830,21343048,260659,1,2048,0,2048,1,1,1
whole_batch_multiget,3391,2048,2886,93005,23986967,7013,23639996,0,23725506,12995,11279334,943399,10222672,235792,1,2048,0,2048,1,1,1
whole_batch_multiget,3392,2048,2716,96481,23662678,12053,23274861,0,23373857,13596,11494739,1124058,10252779,249347,1,2048,0,2048,1,1,1
whole_batch_multiget,3393,2048,2344,87104,25070329,12313,24612370,0,24697690,10600,11086693,1280421,9732753,232436,1,2048,0,2048,1,1,1
whole_batch_multiget,3394,2048,2364,88606,24676540,6843,24325191,0,24406664,7524,10928456,986179,9851587,244288,1,2048,0,2048,1,1,1
whole_batch_multiget,3395,2048,2234,83406,25417940,6312,25070568,0,25150018,7314,10918949,970200,9864521,235511,1,2048,0,2048,1,1,1
whole_batch_multiget,3396,2048,2374,84068,24675468,12393,24330150,0,24420430,12313,10832416,951595,9793437,236163,1,2048,0,2048,1,1,1
whole_batch_multiget,3397,2048,2374,91833,24252385,11361,23886568,0,23978951,9758,11029916,946285,9994955,289123,1,2048,0,2048,1,1,1
whole_batch_multiget,3398,2048,3386,127840,24858331,12073,24450056,0,24539443,10199,10961858,956594,9920806,249097,1,2048,0,2048,1,1,1
whole_batch_multiget,3399,2048,2495,84408,24092174,6572,23738080,0,23824943,7745,10720706,946616,9690694,269966,1,2048,0,2048,1,1,1
whole_batch_multiget,3400,2048,2034,89458,24138410,8506,23761684,0,23844259,11341,12102838,1081639,10907898,240631,1,2048,0,2048,1,1,1
whole_batch_multiget,3401,2048,1984,87064,24036920,12023,23672266,0,23772384,11812,10859717,954030,9819546,264366,1,2048,0,2048,1,1,1
whole_batch_multiget,3402,2048,2776,87204,23584502,11812,23227803,0,23317431,10981,10583760,948519,9540583,237305,1,2048,0,2048,1,1,1
whole_batch_multiget,3403,2048,2474,83978,24017534,10980,23646087,0,23736757,14037,10762074,951425,9719669,238778,1,2048,0,2048,1,1,1
whole_batch_multiget,3404,2048,2314,86072,23607666,11712,23249223,0,23348921,12203,10892188,949050,9851556,237405,1,2048,0,2048,1,1,1
whole_batch_multiget,3405,2048,2655,85912,23607816,11161,23260214,0,23348158,12103,11031499,955873,9987020,236663,1,2048,0,2048,1,1,1
whole_batch_multiget,3406,2048,2294,85701,24021441,11612,23671475,0,23761194,12294,10889152,948759,9855494,240651,1,2048,0,2048,1,1,1
whole_batch_multiget,3407,2048,2114,87454,23961159,11882,23611903,0,23700650,11281,11817253,947617,10786199,249368,1,2048,0,2048,1,1,1
whole_batch_multiget,3408,2048,2355,85189,23999840,6352,23655895,0,23743300,11782,10730975,937919,9707196,249178,1,2048,0,2048,1,1,1
whole_batch_multiget,3409,2048,2725,111138,23851182,15499,23453576,0,23553734,13084,10924989,953147,9881222,235191,1,2048,0,2048,1,1,1
whole_batch_multiget,3410,2048,2073,93215,23638493,12724,23285562,0,23376232,12143,11009007,938951,9982633,237195,1,2048,0,2048,1,1,1
whole_batch_multiget,3411,2048,2385,85861,23572099,12654,23223495,0,23314997,12123,11491362,940084,10441412,237024,1,2048,0,2048,1,1,1
whole_batch_multiget,3412,2048,2114,83878,23652540,12744,23277316,0,23384497,11822,10991213,938190,9969227,265889,1,2048,0,2048,1,1,1
whole_batch_multiget,3413,2048,2284,84127,24117571,9688,23775130,0,23861170,12484,10876579,939963,9835726,256281,1,2048,0,2048,1,1,1
whole_batch_multiget,3414,2048,2034,83757,26606720,12654,26262875,0,26352814,12684,10848406,953989,9810900,236544,1,2048,0,2048,1,1,1
whole_batch_multiget,3415,2048,2134,85100,23938847,11682,23579171,0,23677667,14316,11115566,941646,10073503,236924,1,2048,0,2048,1,1,1
whole_batch_multiget,3416,2048,2164,84108,23902027,10920,23546701,0,23635147,11923,11149300,929754,10127153,233408,1,2048,0,2048,1,1,1
whole_batch_multiget,3417,2048,2084,87895,24345850,11682,23981326,0,24068670,9468,11090760,955532,10048856,249518,1,2048,0,2048,1,1,1
whole_batch_multiget,3418,2048,1964,87995,24139342,8216,23798023,0,23877381,9308,11376156,947447,10320004,246943,1,2048,0,2048,1,1,1
whole_batch_multiget,3419,2048,2615,89949,24100980,8045,23741767,0,23823039,10710,11671139,959148,10601462,239178,1,2048,0,2048,1,1,1
whole_batch_multiget,3420,2048,2254,86522,23781311,8255,23439199,0,23521904,11491,11550563,947497,10504461,237736,1,2048,0,2048,1,1,1
whole_batch_multiget,3421,2048,2565,87334,23921504,6633,23567870,0,23650566,7024,11238837,952576,10188438,244708,1,2048,0,2048,1,1,1
whole_batch_multiget,3422,2048,2134,87925,24396404,8656,24018726,0,24109517,10921,11087104,987963,10017948,248746,1,2048,0,2048,1,1,1
whole_batch_multiget,3423,2048,2825,160872,24139453,9658,23752296,0,23831144,11712,11119804,1081317,9943699,64170,1,2048,0,2048,1,1,1
whole_batch_multiget,3424,2048,1213,79940,24148059,10330,23837737,0,23917236,11371,11435447,1084093,10255914,58359,1,2048,0,2048,1,1,1
whole_batch_multiget,3425,2048,3246,265368,25423852,8015,24902073,0,24981812,9598,11249017,950042,10210379,240131,1,2048,0,2048,1,1,1
whole_batch_multiget,3426,2048,2755,90379,23975425,16892,23613165,0,23705709,11010,11188914,952075,10145508,238788,1,2048,0,2048,1,1,1
whole_batch_multiget,3427,2048,2494,96521,24181402,10379,23796981,0,23882340,11812,13311856,1040982,12148314,283462,1,2048,0,2048,1,1,1
whole_batch_multiget,3428,2048,2254,84098,24427393,11120,24089920,0,24177023,11101,11400692,1009193,10290479,245611,1,2048,0,2048,1,1,1
whole_batch_multiget,3429,2048,2194,84829,24131658,9568,23797972,0,23880417,10410,12127695,948999,11083136,238918,1,2048,0,2048,1,1,1
whole_batch_multiget,3430,2048,2154,85540,24628399,10059,24286799,0,24377169,9919,11457198,945684,10419852,234249,1,2048,0,2048,1,1,1
whole_batch_multiget,3431,2048,2024,83957,24019527,6733,23678117,0,23759911,10249,11155361,949130,10117535,246151,1,2048,0,2048,1,1,1
whole_batch_multiget,3432,2048,2134,82905,24223550,11632,23860509,0,23950438,10269,11599064,941305,10554585,246823,1,2048,0,2048,1,1,1
whole_batch_multiget,3433,2048,2164,91422,24400162,6712,24060815,0,24141226,7674,11505087,949551,10460348,246452,1,2048,0,2048,1,1,1
whole_batch_multiget,3434,2048,2415,89959,24854684,10199,24510258,0,24597131,8927,11792327,965571,10725806,238166,1,2048,0,2048,1,1,1
whole_batch_multiget,3435,2048,2124,83246,25456924,9789,25114661,0,25206745,12804,14630639,960702,13516530,308138,1,2048,0,2048,1,1,1
whole_batch_multiget,3436,2048,2896,129153,26367852,9748,25951481,0,26037592,9388,11869110,964018,10785388,293781,1,2048,0,2048,1,1,1
whole_batch_multiget,3437,2048,2595,92644,25299819,12554,24942980,0,25031566,7684,6747755,947506,5684681,301475,1,2048,0,2048,1,1,1
whole_batch_multiget,3438,2048,2515,125255,26828416,7253,26385715,0,26476024,11341,7163264,957787,6091584,239098,1,2048,0,2048,1,1,1
whole_batch_multiget,3439,2048,2034,94107,25663962,11662,25303717,0,25393876,10700,7212126,1075457,6037914,257493,1,2048,0,2048,1,1,1
whole_batch_multiget,3440,2048,1984,107091,26184758,9959,25797072,0,25899564,12574,7258263,1109651,6073200,239199,1,2048,0,2048,1,1,1
whole_batch_multiget,3441,2048,2665,90069,26814870,9177,26468330,0,26556996,9768,7312885,952366,6294856,240942,1,2048,0,2048,1,1,1
whole_batch_multiget,3442,2048,2485,85040,26413678,11081,26045497,0,26134575,11672,7410949,948799,6393771,240331,1,2048,0,2048,1,1,1
whole_batch_multiget,3443,2048,2324,91571,27220350,10219,26816724,0,26955714,12153,8215238,977884,7125835,303219,1,2048,0,2048,1,1,1
whole_batch_multiget,3444,2048,3427,102622,28055197,16240,27643074,0,27759652,13295,7961231,968717,6879483,248085,1,2048,0,2048,1,1,1
whole_batch_multiget,3445,2048,2194,89809,27010527,8465,26604496,0,26705976,12202,10087418,965200,9043531,273493,1,2048,0,2048,1,1,1
whole_batch_multiget,3446,2048,2245,83066,31023423,8777,30688916,0,30774386,11803,8443897,952747,7385782,249458,1,2048,0,2048,1,1,1
whole_batch_multiget,3447,2048,2364,84177,28871187,10149,28488279,0,28579760,12333,8410574,1011146,7326892,240421,1,2048,0,2048,1,1,1
whole_batch_multiget,3448,2048,2003,85791,29598371,8206,29244026,0,29328084,17773,8553522,1092148,7367007,248817,1,2048,0,2048,1,1,1
whole_batch_multiget,3449,2048,3396,131556,29740197,17783,29307556,0,29403896,11742,8251375,1028630,7120384,241463,1,2048,0,2048,1,1,1
whole_batch_multiget,3450,2048,1984,85210,29554829,7955,29203610,0,29290323,11592,8842444,944802,7833292,257994,1,2048,0,2048,1,1,1
whole_batch_multiget,3451,2048,2144,128051,30807368,14086,30395235,0,30489071,10179,8383313,953899,7299720,243086,1,2048,0,2048,1,1,1
whole_batch_multiget,3452,2048,2435,86863,29736800,11241,29393787,0,29479338,8626,7944981,947797,6937241,266740,1,2048,0,2048,1,1,1
whole_batch_multiget,3453,2048,2194,79409,30992345,5871,30646977,0,30738259,12744,8514318,953057,7450553,231795,1,2048,0,2048,1,1,1
whole_batch_multiget,3454,2048,2094,84819,29871663,12563,29459841,0,29580026,12914,8517845,955652,7490718,244218,1,2048,0,2048,1,1,1
whole_batch_multiget,3455,2048,2114,85911,29847548,10219,29494256,0,29584214,10971,8451721,947857,7415789,261581,1,2048,0,2048,1,1,1
whole_batch_multiget,3456,2048,3577,117791,29476091,11401,29029764,0,29137446,13525,8504991,974838,7418333,248246,1,2048,0,2048,1,1,1
whole_batch_multiget,3457,2048,2946,88896,29660928,10269,29300462,0,29387825,11632,8355150,962555,7322193,248156,1,2048,0,2048,1,1,1
whole_batch_multiget,3458,2048,2325,86623,29811541,14648,29458237,0,29547886,11792,8736264,947507,7681847,265087,1,2048,0,2048,1,1,1
whole_batch_multiget,3459,2048,2024,86512,31237384,10610,30889452,0,30977387,13015,8323801,942628,7312324,237255,1,2048,0,2048,1,1,1
whole_batch_multiget,3460,2048,2425,103133,30562749,10670,30158692,0,30254461,12023,20714950,958227,19650394,250320,1,2048,0,2048,1,1,1
whole_batch_multiget,3461,2048,2645,105699,29783709,8977,29405109,0,29490799,10479,8734661,959580,7707054,250089,1,2048,0,2048,1,1,1
whole_batch_multiget,3462,2048,2204,90790,29803976,8857,29460301,0,29543518,12374,8629966,954921,7608810,257062,1,2048,0,2048,1,1,1
whole_batch_multiget,3463,2048,2765,105858,29192409,12634,28810443,0,28912163,11111,9083015,973856,8011546,237706,1,2048,0,2048,1,1,1
whole_batch_multiget,3464,2048,2635,100298,28714132,10670,28348998,0,28440469,12985,8792010,953007,7763431,232256,1,2048,0,2048,1,1,1
whole_batch_multiget,3465,2048,3476,92013,29125053,13496,28732868,0,28825501,10439,8657426,982542,7603440,254627,1,2048,0,2048,1,1,1
whole_batch_multiget,3466,2048,2214,89247,29191207,10069,28821484,0,28910080,10369,8611300,958988,7580507,250590,1,2048,0,2048,1,1,1
whole_batch_multiget,3467,2048,2044,83376,28987645,10680,28639432,0,28723269,10730,8877569,958267,7855914,249769,1,2048,0,2048,1,1,1
whole_batch_multiget,3468,2048,1874,88776,29020837,10510,28660362,0,28747745,11882,9110326,948499,8088880,246332,1,2048,0,2048,1,1,1
whole_batch_multiget,3469,2048,1853,84819,28840980,11802,28493077,0,28580982,10610,9264125,944491,8209918,257833,1,2048,0,2048,1,1,1
whole_batch_multiget,3470,2048,2454,86602,30831173,6843,30465187,0,30566266,10489,10401487,957465,9363191,250460,1,2048,0,2048,1,1,1
whole_batch_multiget,3471,2048,2515,91852,30197063,6632,29827570,0,29920885,7534,9347010,954711,8309454,239339,1,2048,0,2048,1,1,1
whole_batch_multiget,3472,2048,2364,93896,29568214,6272,29207948,0,29287398,9298,9176580,945403,8153942,250339,1,2048,0,2048,1,1,1
whole_batch_multiget,3473,2048,2445,113272,29398555,12684,28978819,0,29079768,11551,10456260,1035863,9311183,237886,1,2048,0,2048,1,1,1
whole_batch_multiget,3474,2048,2545,89809,29006491,10159,28636316,0,28720153,10660,9109435,953849,8078942,251782,1,2048,0,2048,1,1,1
whole_batch_multiget,3475,2048,2595,85671,29510155,8556,29148787,0,29237644,8877,9229440,959219,8205309,243737,1,2048,0,2048,1,1,1
whole_batch_multiget,3476,2048,2525,86061,29459881,10981,29093233,0,29182170,10990,9157404,938310,8147130,241784,1,2048,0,2048,1,1,1
whole_batch_multiget,3477,2048,2104,85501,29258904,10770,28893518,0,28981533,10600,9402655,965801,8356442,252243,1,2048,0,2048,1,1,1
whole_batch_multiget,3478,2048,2736,87534,29386483,11762,28988997,0,29095688,12754,9746840,1020835,8649171,247103,1,2048,0,2048,1,1,1
whole_batch_multiget,3479,2048,3236,161723,29174977,13155,28780096,0,28866748,11181,9488936,1088622,8327488,65483,1,2048,0,2048,1,1,1
whole_batch_multiget,3480,2048,3196,266750,29617556,11983,29059180,0,29152324,12294,9412362,951194,8388553,241393,1,2048,0,2048,1,1,1
whole_batch_multiget,3481,2048,2194,123150,29539220,14487,29061373,0,29152905,12554,9727524,958067,8676032,255289,1,2048,0,2048,1,1,1
whole_batch_multiget,3482,2048,2435,68228,29147695,12544,28856930,0,28942551,12364,9763631,993754,8692072,251372,1,2048,0,2048,1,1,1
whole_batch_multiget,3483,2048,2304,68970,29446386,12734,29157163,0,29244938,13134,9726622,952426,8694025,243567,1,2048,0,2048,1,1,1
whole_batch_multiget,3484,2048,2655,75702,29358751,12904,29066683,0,29157834,11662,9567523,974648,8520640,247835,1,2048,0,2048,1,1,1
whole_batch_multiget,3485,2048,2955,69791,29468117,9468,29181688,0,29270766,12283,9443400,946375,8408439,254507,1,2048,0,2048,1,1,1
whole_batch_multiget,3486,2048,2074,71414,31020007,12844,30724012,0,30817647,12794,9762800,954249,8720785,244579,1,2048,0,2048,1,1,1
whole_batch_multiget,3487,2048,2174,70953,29603720,15128,29303468,0,29400269,12083,9839613,948369,8789404,238748,1,2048,0,2048,1,1,1
whole_batch_multiget,3488,2048,2374,72416,29971540,13516,29677248,0,29767839,12223,9591509,946214,8572237,237966,1,2048,0,2048,1,1,1
whole_batch_multiget,3489,2048,2795,73298,29603270,11131,29307625,0,29398415,11993,9759894,953739,8713512,257232,1,2048,0,2048,1,1,1
whole_batch_multiget,3490,2048,2234,73739,29172212,11973,28874653,0,28964402,12553,11047128,948629,10007769,295334,1,2048,0,2048,1,1,1
whole_batch_multiget,3491,2048,2325,78598,29563986,12303,29253684,0,29345566,12624,9906930,947818,8872791,251773,1,2048,0,2048,1,1,1
whole_batch_multiget,3492,2048,2204,72796,29409837,13396,29116317,0,29206336,12022,9635501,938640,8625246,236433,1,2048,0,2048,1,1,1
whole_batch_multiget,3493,2048,2615,73027,29678952,12654,29382816,0,29472845,12193,9566441,956003,8518296,236334,1,2048,0,2048,1,1,1
whole_batch_multiget,3494,2048,2735,74479,30196954,12083,29889437,0,29979746,12353,9725209,961513,8681372,242876,1,2048,0,2048,1,1,1
whole_batch_multiget,3495,2048,2194,72887,29475931,12113,29176188,0,29268542,11712,10029720,948409,8977647,235722,1,2048,0,2048,1,1,1
whole_batch_multiget,3496,2048,2555,72336,29566460,13385,29260367,0,29355676,13074,9953768,946846,8928144,246813,1,2048,0,2048,1,1,1
whole_batch_multiget,3497,2048,2034,74710,29227084,13014,28910821,0,29010658,12333,9841167,949010,8803571,292338,1,2048,0,2048,1,1,1
whole_batch_multiget,3498,2048,2285,76202,29518621,12624,29214471,0,29309449,12172,9839974,945914,8814742,241383,1,2048,0,2048,1,1,1
whole_batch_multiget,3499,2048,2504,71314,28397479,12734,28102916,0,28192615,12313,9585216,913583,8565525,254367,1,2048,0,2048,1,1,1
whole_batch_multiget,3500,2048,2715,69621,28220386,13355,27928118,0,28018788,12394,11022261,903975,10004534,238177,1,2048,0,2048,1,1,1
whole_batch_multiget,3501,2048,2224,68689,27872103,13586,27583071,0,27672259,11652,9094547,880361,8135838,231654,1,2048,0,2048,1,1,1
whole_batch_multiget,3502,2048,2244,65934,27316571,11502,27033580,0,27122447,11131,9211225,875683,8247958,242144,1,2048,0,2048,1,1,1
whole_batch_multiget,3503,2048,2114,65473,27670435,11692,27391632,0,27480328,11852,9270256,869921,8319823,235462,1,2048,0,2048,1,1,1
whole_batch_multiget,3504,2048,2204,66615,27409115,10801,27127758,0,27213849,11772,9293990,879179,8345171,231645,1,2048,0,2048,1,1,1
whole_batch_multiget,3505,2048,2194,72045,27530272,11782,27244546,0,27331369,11562,9158076,878077,8202253,233047,1,2048,0,2048,1,1,1
whole_batch_multiget,3506,2048,2124,67457,27747710,12323,27459469,0,27549187,11792,9161753,884780,8195039,233558,1,2048,0,2048,1,1,1
whole_batch_multiget,3507,2048,2284,67116,28304785,11611,28021163,0,28107785,12343,9609292,882405,8653038,227186,1,2048,0,2048,1,1,1
whole_batch_multiget,3508,2048,2544,70933,28352764,11722,28058693,0,28147369,11993,9715030,878117,8727458,277801,1,2048,0,2048,1,1,1
whole_batch_multiget,3509,2048,2796,73669,27933699,12413,27637323,0,27726820,11591,9783278,912541,8761141,263174,1,2048,0,2048,1,1,1
whole_batch_multiget,3510,2048,2094,66955,28796156,17984,28501584,0,28599106,11682,10242579,867827,9302497,259847,1,2048,0,2048,1,1,1
whole_batch_multiget,3511,2048,2795,78908,28995239,12414,28691249,0,28780557,10720,9995345,873288,9017542,242175,1,2048,0,2048,1,1,1
whole_batch_multiget,3512,2048,2034,69410,28477599,11822,28183366,0,28272944,11762,9711052,890750,8741044,233528,1,2048,0,2048,1,1,1
whole_batch_multiget,3513,2048,2344,69100,28857310,11031,28560694,0,28648770,11863,9903354,890400,8906994,233798,1,2048,0,2048,1,1,1
whole_batch_multiget,3514,2048,2154,69350,28193476,12213,27893823,0,27985385,12043,9885240,904516,8879654,242064,1,2048,0,2048,1,1,1
whole_batch_multiget,3515,2048,2094,68428,28675620,12263,28382740,0,28473160,11662,9903794,902402,8901795,247364,1,2048,0,2048,1,1,1
whole_batch_multiget,3516,2048,4148,78948,30346483,12253,30034128,0,30129286,12203,9633797,904186,8621589,231835,1,2048,0,2048,1,1,1
whole_batch_multiget,3517,2048,1924,68739,28613944,11722,28321826,0,28412627,12263,9600566,891041,8625728,238116,1,2048,0,2048,1,1,1
whole_batch_multiget,3518,2048,2855,81112,28611209,17152,28285859,0,28381147,11422,10128937,888967,9114284,234049,1,2048,0,2048,1,1,1
whole_batch_multiget,3519,2048,2725,76975,29051284,13005,28749258,0,28840930,11571,9596558,884950,8643160,245861,1,2048,0,2048,1,1,1
whole_batch_multiget,3520,2048,2746,87664,28395014,11211,28086856,0,28173528,11923,9884719,891612,8878902,233989,1,2048,0,2048,1,1,1
whole_batch_multiget,3521,2048,2545,72736,28911402,12093,28580411,0,28689005,13686,9969969,883978,8995010,244117,1,2048,0,2048,1,1,1
whole_batch_multiget,3522,2048,2014,67456,28892186,10900,28604557,0,28696769,12604,10245856,886904,9246732,234410,1,2048,0,2048,1,1,1
whole_batch_multiget,3523,2048,2545,67557,28685638,12564,28393300,0,28485965,12673,9938449,921388,8923185,234179,1,2048,0,2048,1,1,1
whole_batch_multiget,3524,2048,2144,68960,28745291,11351,28455147,0,28546608,12263,10281542,878437,9293159,269485,1,2048,0,2048,1,1,1
whole_batch_multiget,3525,2048,2264,70392,28265270,12924,27961340,0,28061248,12603,10116723,885030,9116207,232536,1,2048,0,2048,1,1,1
whole_batch_multiget,3526,2048,2194,74770,29061132,11942,28748436,0,28844436,11722,9887705,874730,8923216,245360,1,2048,0,2048,1,1,1
whole_batch_multiget,3527,2048,3617,124133,28557809,10950,28184940,0,28280108,10730,10648751,894277,9641361,244027,1,2048,0,2048,1,1,1
whole_batch_multiget,3528,2048,2595,86492,29308617,10510,28976434,0,29071382,10850,10511153,891482,9517359,301555,1,2048,0,2048,1,1,1
whole_batch_multiget,3529,2048,3957,110607,28801656,16892,28438635,0,28535397,10680,10946660,888547,9952064,242024,1,2048,0,2048,1,1,1
whole_batch_multiget,3530,2048,2705,88456,28607061,8356,28280448,0,28368314,9828,13005271,878868,12003653,381826,1,2048,0,2048,1,1,1
whole_batch_multiget,3531,2048,3356,95559,28149534,11442,27795399,0,27896178,10199,10249502,908153,9237745,257783,1,2048,0,2048,1,1,1
whole_batch_multiget,3532,2048,2345,81353,28861879,10640,28561536,0,28650533,11591,10126181,892604,9134852,235271,1,2048,0,2048,1,1,1
whole_batch_multiget,3533,2048,4047,80481,28480984,12063,28168549,0,28265832,12613,10296781,884779,9324919,241873,1,2048,0,2048,1,1,1
whole_batch_multiget,3534,2048,2535,97423,27841806,6923,27508812,0,27595093,7474,9918892,871394,8968159,241533,1,2048,0,2048,1,1,1
whole_batch_multiget,3535,2048,2535,87093,27799116,9268,27473335,0,27562492,10570,10453545,877937,9466444,244468,1,2048,0,2048,1,1,1
whole_batch_multiget,3536,2048,2716,87664,28012917,5811,27678039,0,27763259,8586,9788989,870472,8848105,252874,1,2048,0,2048,1,1,1
whole_batch_multiget,3537,2048,2054,84488,27866523,8646,27548486,0,27632213,10900,9691256,879821,8721557,247093,1,2048,0,2048,1,1,1
whole_batch_multiget,3538,2048,2204,84849,28162578,8766,27822349,0,27922137,10389,9817322,889168,8840430,244859,1,2048,0,2048,1,1,1
whole_batch_multiget,3539,2048,2505,86392,27849911,8435,27519782,0,27611173,10160,9888535,880801,8930298,244408,1,2048,0,2048,1,1,1
whole_batch_multiget,3540,2048,2325,93044,27588031,8987,27255556,0,27343462,10019,10447834,890761,9445875,245731,1,2048,0,2048,1,1,1
whole_batch_multiget,3541,2048,2354,87784,28229683,6151,27899003,0,27984092,7043,10068734,876062,9117710,241282,1,2048,0,2048,1,1,1
whole_batch_multiget,3542,2048,2615,86973,27719056,6182,27387073,0,27477223,6633,9902823,871896,8948703,244067,1,2048,0,2048,1,1,1
whole_batch_multiget,3543,2048,2825,87724,28852712,7935,28522162,0,28607402,10249,10088500,886142,9113151,240631,1,2048,0,2048,1,1,1
whole_batch_multiget,3544,2048,2174,94087,27901308,6172,27562523,0,27649465,7364,10040751,882235,9085720,251452,1,2048,0,2048,1,1,1
whole_batch_multiget,3545,2048,2545,103825,30086766,8286,29667841,0,29804076,13936,13182082,1227462,11817423,252303,1,2048,0,2048,1,1,1
whole_batch_multiget,3546,2048,2514,87604,32096436,10900,31744746,0,31842329,11571,10997715,982132,9924634,254266,1,2048,0,2048,1,1,1
whole_batch_multiget,3547,2048,2265,90711,31317124,12804,30967068,0,31062807,10109,10903990,1015144,9799980,240632,1,2048,0,2048,1,1,1
whole_batch_multiget,3548,2048,2024,86993,31936735,13145,31590837,0,31687709,10239,10081747,887093,9103363,248135,1,2048,0,2048,1,1,1
whole_batch_multiget,3549,2048,2976,128331,32849137,13055,32411516,0,32554816,13876,10566738,1043778,9434103,247764,1,2048,0,2048,1,1,1
whole_batch_multiget,3550,2048,3526,233307,30755530,15038,30247398,0,30385938,10680,11593393,967574,10545017,188103,1,2048,0,2048,1,1,1
whole_batch_multiget,3551,2048,2364,73868,28514036,10640,28139795,0,28249120,13275,10091085,893065,9121187,64340,1,2048,0,2048,1,1,1
whole_batch_multiget,3552,2048,3747,254828,28334200,10149,27780050,0,27903572,9758,11762681,903074,10761893,243146,1,2048,0,2048,1,1,1
whole_batch_multiget,3553,2048,2475,92293,27808504,9908,27465851,0,27554006,9718,10203015,882445,9235822,241373,1,2048,0,2048,1,1,1
whole_batch_multiget,3554,2048,2124,87023,28171074,8826,27842617,0,27925963,10349,9957705,882766,8984710,245370,1,2048,0,2048,1,1,1
whole_batch_multiget,3555,2048,2505,99677,28275599,10800,27923439,0,28013818,9909,9935093,877506,8976786,257874,1,2048,0,2048,1,1,1
whole_batch_multiget,3556,2048,2094,88486,27909593,9828,27574274,0,27659404,9298,10025543,877376,9067566,248065,1,2048,0,2048,1,1,1
whole_batch_multiget,3557,2048,2314,87024,27888083,9919,27551471,0,27640178,10720,11356559,871815,10370850,259286,1,2048,0,2048,1,1,1
whole_batch_multiget,3558,2048,2344,88526,34031745,11521,33678513,0,33776536,12423,11498284,1067321,10316248,246953,1,2048,0,2048,1,1,1
whole_batch_multiget,3559,2048,2425,87785,33463119,11782,33109705,0,33210805,11642,12944136,937749,11835678,348343,1,2048,0,2048,1,1,1
whole_batch_multiget,3560,2048,3496,81392,34953894,12754,34596674,0,34712141,11993,11649989,1107427,10441843,275808,1,2048,0,2048,1,1,1
whole_batch_multiget,3561,2048,2896,80340,33512722,8275,33130665,0,33245290,13786,11240612,1149887,9972353,234790,1,2048,0,2048,1,1,1
whole_batch_multiget,3562,2048,3998,86392,30177847,10339,29761266,0,29845504,11803,10672486,933381,9644768,213660,1,2048,0,2048,1,1,1
whole_batch_multiget,3563,2048,2205,70563,29309599,10660,29008113,0,29106007,12183,10642259,921288,9637345,71864,1,2048,0,2048,1,1,1
whole_batch_multiget,3564,2048,1773,67917,29084697,7253,28787530,0,28879702,8376,10514199,902192,9528971,156043,1,2048,0,2048,1,1,1
whole_batch_multiget,3565,2048,2104,70011,28814701,9979,28499901,0,28613103,11071,10641338,907311,9656000,62747,1,2048,0,2048,1,1,1
whole_batch_multiget,3566,2048,1623,69119,28745681,7995,28430780,0,28544645,9528,10645405,903664,9651911,148289,1,2048,0,2048,1,1,1
whole_batch_multiget,3567,2048,2124,70091,28238099,9067,27928679,0,28025331,10410,10349971,899838,9369913,75903,1,2048,0,2048,1,1,1
whole_batch_multiget,3568,2048,1603,70111,28190269,8546,27863587,0,27976118,9928,10341484,870292,9384540,60613,1,2048,0,2048,1,1,1
whole_batch_multiget,3569,2048,3286,227226,28254580,7864,27775722,0,27880648,10089,11466215,872095,10517836,243046,1,2048,0,2048,1,1,1
whole_batch_multiget,3570,2048,2164,80471,27777866,6482,27475940,0,27559096,6593,10335424,881142,9374582,242415,1,2048,0,2048,1,1,1
whole_batch_multiget,3571,2048,2685,80751,28106071,8887,27785330,0,27879056,11932,10788593,955392,9726481,240161,1,2048,0,2048,1,1,1
whole_batch_multiget,3572,2048,2515,81332,28502104,8196,28194358,0,28280519,9949,10294688,883637,9331371,239148,1,2048,0,2048,1,1,1
whole_batch_multiget,3573,2048,2364,79820,27963314,8466,27655025,0,27740506,9679,10455599,894798,9476713,248056,1,2048,0,2048,1,1,1
whole_batch_multiget,3574,2048,2424,85741,29881251,8146,29563796,0,29653965,10279,10474394,880271,9511688,244789,1,2048,0,2048,1,1,1
whole_batch_multiget,3575,2048,2234,82435,27932386,7985,27620161,0,27701723,10670,10670142,885942,9694402,242174,1,2048,0,2048,1,1,1
whole_batch_multiget,3576,2048,1804,82194,28438656,7524,28037192,0,28148851,9788,10587156,896902,9604653,237595,1,2048,0,2048,1,1,1
whole_batch_multiget,3577,2048,2244,85180,28020512,9307,27702414,0,27786602,9848,6186392,886012,5240588,248917,1,2048,0,2048,1,1,1
whole_batch_multiget,3578,2048,2324,84728,29490979,8135,29138919,0,29252571,13395,6149583,929433,5157593,246682,1,2048,0,2048,1,1,1
whole_batch_multiget,3579,2048,2184,83326,29943868,8546,29625261,0,29714599,10039,6373924,893285,5424243,243748,1,2048,0,2048,1,1,1
whole_batch_multiget,3580,2048,2204,83326,29871051,6021,29513351,0,29608539,7334,6704954,885350,5749533,263263,1,2048,0,2048,1,1,1
whole_batch_multiget,3581,2048,2505,88526,31886592,16501,31491972,0,31600996,12263,18123510,978335,17035049,254708,1,2048,0,2048,1,1,1
whole_batch_multiget,3582,2048,3206,90119,30575453,9568,30182025,0,30284537,975119,18601877,1430223,15493828,345849,1,2048,0,2048,1,1,1
whole_batch_multiget,3583,2048,3927,94106,35466295,12213,35109025,0,35212740,9308,7240900,889899,6291078,242485,1,2048,0,2048,1,1,1
whole_batch_multiget,3584,2048,3507,125866,30972418,11602,30570543,0,30660552,10610,23938025,893015,22923603,249738,1,2048,0,2048,1,1,1
whole_batch_multiget,3585,2048,2234,84789,39967727,14827,39632750,0,39731825,10440,8067741,879289,7085919,239399,1,2048,0,2048,1,1,1
whole_batch_multiget,3586,2048,2365,85069,34182678,6632,33852809,0,33942177,7083,7873666,885541,6929205,265758,1,2048,0,2048,1,1,1
whole_batch_multiget,3587,2048,3096,88175,34298114,14137,33926618,0,34025834,13686,8006075,1001338,6937261,241362,1,2048,0,2048,1,1,1
whole_batch_multiget,3588,2048,2164,85390,34049498,6101,33722775,0,33810950,7093,11571592,888396,10580763,250349,1,2048,0,2048,1,1,1
whole_batch_multiget,3589,2048,2755,84779,37205427,7965,36837397,0,36929610,9999,8188257,872036,7217626,243356,1,2048,0,2048,1,1,1
whole_batch_multiget,3590,2048,2725,86552,34088331,7374,33745358,0,33834996,7263,8567848,890550,7564086,238207,1,2048,0,2048,1,1,1
whole_batch_multiget,3591,2048,2705,99266,37252435,14628,36885447,0,36983260,10620,7677940,887334,6731555,240822,1,2048,0,2048,1,1,1
whole_batch_multiget,3592,2048,2625,89268,34130070,9938,33754956,0,33854132,10870,7732933,887344,6749168,246983,1,2048,0,2048,1,1,1
whole_batch_multiget,3593,2048,2314,86002,33927750,6442,33593263,0,33679945,7795,7909224,887775,6903858,277460,1,2048,0,2048,1,1,1
whole_batch_multiget,3594,2048,2454,102562,34139267,10239,33776516,0,33872286,10580,8045078,880481,7066333,246492,1,2048,0,2048,1,1,1
whole_batch_multiget,3595,2048,2404,91631,34042876,6963,33694342,0,33787908,6483,8122844,914285,7115435,242935,1,2048,0,2048,1,1,1
whole_batch_multiget,3596,2048,2415,87064,34094914,9728,33750227,0,33841328,10309,8111503,896642,7127598,261370,1,2048,0,2048,1,1,1
whole_batch_multiget,3597,2048,3397,101891,34246939,7805,33869611,0,33959440,8085,8178708,875261,7246170,240271,1,2048,0,2048,1,1,1
whole_batch_multiget,3598,2048,2766,84458,34006718,9648,33652033,0,33753463,11100,8300437,905398,7290994,241583,1,2048,0,2048,1,1,1
whole_batch_multiget,3599,2048,2575,90269,38683970,6602,38316411,0,38425004,12042,8655964,1069976,7483344,247865,1,2048,0,2048,1,1,1
whole_batch_multiget,3600,2048,2715,87174,34462122,9348,34124429,0,34213145,9258,8322519,890870,7341700,251732,1,2048,0,2048,1,1,1
whole_batch_multiget,3601,2048,3146,101961,34449919,12022,34084624,0,34186545,10069,8409762,894778,7454571,269847,1,2048,0,2048,1,1,1
whole_batch_multiget,3602,2048,3597,101911,34768336,15289,34386831,0,34488091,10199,9407814,1078172,8235275,253035,1,2048,0,2048,1,1,1
whole_batch_multiget,3603,2048,2605,85921,33578896,6943,33247564,0,33335359,10870,9478827,887284,8502747,262072,1,2048,0,2048,1,1,1
whole_batch_multiget,3604,2048,2164,74871,37470154,11973,37136337,0,37237688,11221,9469780,1000296,8395425,238458,1,2048,0,2048,1,1,1
whole_batch_multiget,3605,2048,2044,69671,37680318,11462,37371027,0,37469432,11622,9851326,1081819,8695568,244749,1,2048,0,2048,1,1,1
whole_batch_multiget,3606,2048,2204,71204,37044035,11582,36706261,0,36816057,11531,10509139,991249,9442169,248536,1,2048,0,2048,1,1,1
whole_batch_multiget,3607,2048,2064,74099,36256418,11662,35939954,0,36037066,12152,9125544,926528,8114047,236644,1,2048,0,2048,1,1,1
whole_batch_multiget,3608,2048,2144,75552,34780269,12523,34465458,0,34561097,13124,9322694,915808,8333188,236945,1,2048,0,2048,1,1,1
whole_batch_multiget,3609,2048,2675,74941,34796069,11882,34425083,0,34562180,11582,11327414,1141932,10067882,312115,1,2048,0,2048,1,1,1
whole_batch_multiget,3610,2048,3266,77947,37169430,13205,36812250,0,36943906,12433,9042789,994545,7973414,238257,1,2048,0,2048,1,1,1
whole_batch_multiget,3611,2048,2465,74791,38782575,10970,38423862,0,38559937,12404,10443697,1204379,9139090,232025,1,2048,0,2048,1,1,1
whole_batch_multiget,3612,2048,2114,78387,39099550,12082,38773819,0,38868426,10369,9070591,948158,8055488,265768,1,2048,0,2048,1,1,1
whole_batch_multiget,3613,2048,2104,77295,35742263,9558,35415680,0,35507132,11782,9384470,981110,8312771,305593,1,2048,0,2048,1,1,1
whole_batch_multiget,3614,2048,3437,89017,36131202,10810,35775866,0,35874341,10720,9298810,954821,8267395,246953,1,2048,0,2048,1,1,1
whole_batch_multiget,3615,2048,2215,79008,35592502,9177,35248717,0,35350428,10059,9176120,961964,8135518,234319,1,2048,0,2048,1,1,1
whole_batch_multiget,3616,2048,2425,79629,36675563,6792,36345935,0,36433970,14016,9405469,930646,8395946,234800,1,2048,0,2048,1,1,1
whole_batch_multiget,3617,2048,2365,78417,35903856,9888,35570260,0,35664226,10279,9438321,947307,8418909,247324,1,2048,0,2048,1,1,1
whole_batch_multiget,3618,2048,2916,89638,36561219,7334,36222403,0,36318784,7554,9328465,993042,8265120,248666,1,2048,0,2048,1,1,1
whole_batch_multiget,3619,2048,2114,79149,36011708,7894,35639019,0,35769914,12694,9384090,1084444,8207713,252153,1,2048,0,2048,1,1,1
whole_batch_multiget,3620,2048,2014,74479,37451849,10700,36980105,0,37136878,13675,9633327,1127505,8430150,240471,1,2048,0,2048,1,1,1
whole_batch_multiget,3621,2048,2695,85210,35749476,11211,35367971,0,35466105,12473,9465802,974197,8409722,241413,1,2048,0,2048,1,1,1
whole_batch_multiget,3622,2048,2545,80421,37602882,10900,37253757,0,37359706,13355,9531276,949801,8492968,237706,1,2048,0,2048,1,1,1
whole_batch_multiget,3623,2048,2334,81984,36171198,12804,35832181,0,35923473,11331,10678908,951575,9641762,245871,1,2048,0,2048,1,1,1
whole_batch_multiget,3624,2048,2545,87124,36838780,11862,36481930,0,36584101,11391,9409948,952406,8377903,245340,1,2048,0,2048,1,1,1
whole_batch_multiget,3625,2048,2194,78457,36067844,11672,35723417,0,35823806,11502,9460132,942959,8432244,249879,1,2048,0,2048,1,1,1
whole_batch_multiget,3626,2048,2265,81232,36184532,10550,35846298,0,35945003,11912,9487924,945944,8469655,251802,1,2048,0,2048,1,1,1
whole_batch_multiget,3627,2048,2295,81613,36234967,11642,35907112,0,35997442,10790,10130830,946245,9064480,239119,1,2048,0,2048,1,1,1
whole_batch_multiget,3628,2048,2495,85391,37158379,9027,36677267,0,36808833,11211,9472225,1008862,8375007,242415,1,2048,0,2048,1,1,1
whole_batch_multiget,3629,2048,2415,85009,36004846,11561,35640582,0,35736381,10971,9587221,974808,8535849,247173,1,2048,0,2048,1,1,1
whole_batch_multiget,3630,2048,2154,81904,36521605,10579,36181768,0,36282666,11261,10311389,957185,9247854,250871,1,2048,0,2048,1,1,1
whole_batch_multiget,3631,2048,2715,84799,35693782,11001,35339828,0,35434796,10629,9708047,953970,8671162,285726,1,2048,0,2048,1,1,1
whole_batch_multiget,3632,2048,2515,88636,36716580,10670,36362225,0,36457354,10540,9839564,945974,8800595,313978,1,2048,0,2048,1,1,1
whole_batch_multiget,3633,2048,3176,91431,36088432,8937,35734228,0,35825198,10400,9710221,959449,8671493,288521,1,2048,0,2048,1,1,1
whole_batch_multiget,3634,2048,2705,80782,36158123,6662,35822093,0,35909527,7484,9526627,944671,8510871,278182,1,2048,0,2048,1,1,1
whole_batch_multiget,3635,2048,2234,82124,37761540,12243,37418377,0,37514677,11983,9627386,952747,8573770,260158,1,2048,0,2048,1,1,1
whole_batch_multiget,3636,2048,3096,86121,35971843,12133,35628089,0,35720903,11462,9910126,953217,8849507,240762,1,2048,0,2048,1,1,1
whole_batch_multiget,3637,2048,2916,91642,36423791,11802,36067222,0,36164355,12102,9737903,949651,8714263,247684,1,2048,0,2048,1,1,1
whole_batch_multiget,3638,2048,2485,84168,35654989,10891,35326623,0,35416612,10821,9636072,957957,8610669,248807,1,2048,0,2048,1,1,1
whole_batch_multiget,3639,2048,2104,79278,36660344,8586,36329694,0,36427448,11151,9784100,948990,8744329,251351,1,2048,0,2048,1,1,1
whole_batch_multiget,3640,2048,2504,112400,36265634,14407,35893136,0,35992052,12493,10963952,948308,9933300,235452,1,2048,0,2048,1,1,1
whole_batch_multiget,3641,2048,2806,82404,36847485,8716,36509742,0,36600122,10891,9914393,955832,8880615,260519,1,2048,0,2048,1,1,1
whole_batch_multiget,3642,2048,2404,88776,36368687,10169,36039871,0,36128117,10860,9762589,946585,8737787,249758,1,2048,0,2048,1,1,1
whole_batch_multiget,3643,2048,2675,79890,36360061,9438,36025614,0,36114261,11351,10178900,959599,9107882,248496,1,2048,0,2048,1,1,1
whole_batch_multiget,3644,2048,2254,80411,36892841,9818,36551320,0,36642661,10630,10192025,947948,9133941,264125,1,2048,0,2048,1,1,1
whole_batch_multiget,3645,2048,2545,92253,37408788,19687,37022584,0,37122752,11362,10224826,949971,9167363,252814,1,2048,0,2048,1,1,1
whole_batch_multiget,3646,2048,2114,82435,36954436,10450,36617604,0,36711861,10971,10438086,949802,9379440,255879,1,2048,0,2048,1,1,1
whole_batch_multiget,3647,2048,2344,89729,38544819,10099,38193690,0,38287326,10350,10362455,952937,9296986,250700,1,2048,0,2048,1,1,1
whole_batch_multiget,3648,2048,2525,82976,37233239,10189,36864448,0,36966740,12344,10565836,984977,9466454,245911,1,2048,0,2048,1,1,1
whole_batch_multiget,3649,2048,2375,83467,38163664,10098,37814920,0,37910379,12043,10727930,944521,9669164,239179,1,2048,0,2048,1,1,1
whole_batch_multiget,3650,2048,2525,85370,37268695,11271,36932265,0,37025289,11081,38581398,951655,37511541,246723,1,2048,0,2048,1,1,1
whole_batch_multiget,3651,2048,4368,114214,37128091,13866,36751635,0,36848658,10549,10836062,969047,9755876,253516,1,2048,0,2048,1,1,1
whole_batch_multiget,3652,2048,3587,113403,37753876,15730,37377309,0,37472168,10980,11074269,953217,10023238,283642,1,2048,0,2048,1,1,1
whole_batch_multiget,3653,2048,3667,106099,37938051,12323,37580490,0,37672112,9568,10660053,939602,9612178,286407,1,2048,0,2048,1,1,1
whole_batch_multiget,3654,2048,2725,96440,37771739,11823,37424337,0,37517102,9338,11316965,978065,10236077,240732,1,2048,0,2048,1,1,1
whole_batch_multiget,3655,2048,2365,80261,37585990,9679,37235293,0,37334730,10750,10801427,944451,9749705,243466,1,2048,0,2048,1,1,1
whole_batch_multiget,3656,2048,2324,80891,38020155,11732,37675598,0,37771318,10420,13868791,943048,12813692,247745,1,2048,0,2048,1,1,1
whole_batch_multiget,3657,2048,2405,85811,37582404,11231,37218392,0,37312427,11141,11109906,944872,10055939,251472,1,2048,0,2048,1,1,1
whole_batch_multiget,3658,2048,2555,88877,38299519,12223,37944813,0,38038679,11321,12012950,975940,10923556,248236,1,2048,0,2048,1,1,1
whole_batch_multiget,3659,2048,2365,82685,37474422,11261,37107453,0,37206730,15469,11266309,1003812,10150747,238598,1,2048,0,2048,1,1,1
whole_batch_multiget,3660,2048,2315,85881,37203282,10700,36847175,0,36944667,10139,11068257,1004954,9968825,252082,1,2048,0,2048,1,1,1
whole_batch_multiget,3661,2048,3557,152425,37395213,12614,36990323,0,37084340,13015,10921021,962365,9862377,175029,1,2048,0,2048,1,1,1
whole_batch_multiget,3662,2048,1853,81212,37553991,12724,37186312,0,37326494,10149,10642860,1004664,9564458,166573,1,2048,0,2048,1,1,1
whole_batch_multiget,3663,2048,1834,80922,37280057,9818,36947563,0,37044515,11432,10666704,956274,9630050,93526,1,2048,0,2048,1,1,1
whole_batch_multiget,3664,2048,1834,80992,36304898,12303,35950534,0,36072963,12333,10779076,949421,9755426,153868,1,2048,0,2048,1,1,1
whole_batch_multiget,3665,2048,3476,217928,36784087,11141,36276625,0,36383706,10250,10663609,960141,9619391,246292,1,2048,0,2048,1,1,1
whole_batch_multiget,3666,2048,2394,85821,36671134,8816,36312522,0,36410235,11812,10489432,945924,9472084,250650,1,2048,0,2048,1,1,1
whole_batch_multiget,3667,2048,2304,82435,36546020,11271,36206563,0,36300149,9958,10731566,1089363,9530854,251843,1,2048,0,2048,1,1,1
whole_batch_multiget,3668,2048,2274,87053,37781928,9899,37436390,0,37530106,10630,10786890,940594,9678441,522100,1,2048,0,2048,1,1,1
whole_batch_multiget,3669,2048,3997,117690,39166044,12824,38777024,0,38877353,10340,11000311,946836,9912350,265889,1,2048,0,2048,1,1,1
whole_batch_multiget,3670,2048,2364,96161,37380585,10790,37012095,0,37106502,10790,10672235,951594,9631323,269185,1,2048,0,2048,1,1,1
whole_batch_multiget,3671,2048,2074,88656,37445316,8877,37090200,0,37179468,11691,10778574,950343,9730950,251561,1,2048,0,2048,1,1,1
whole_batch_multiget,3672,2048,2274,83656,36659142,7765,36316119,0,36400087,9999,11970490,957987,10925269,240892,1,2048,0,2048,1,1,1
whole_batch_multiget,3673,2048,2314,87244,36544117,8436,36189982,0,36278919,10660,10656987,1002380,9576159,242394,1,2048,0,2048,1,1,1
whole_batch_multiget,3674,2048,2314,95579,36668400,6933,36298586,0,36398233,6903,10971316,940193,9936375,240121,1,2048,0,2048,1,1,1
whole_batch_multiget,3675,2048,2184,85711,36291143,8917,35937179,0,36025504,11231,10626990,953608,9589785,246663,1,2048,0,2048,1,1,1
whole_batch_multiget,3676,2048,2565,87624,36399616,9829,36047355,0,36138566,10770,10797661,944903,9742411,298850,1,2048,0,2048,1,1,1
whole_batch_multiget,3677,2048,3076,90450,36324134,10820,35957927,0,36050871,11321,10953903,950914,9919704,282861,1,2048,0,2048,1,1,1
whole_batch_multiget,3678,2048,2255,90800,36627803,8335,36270203,0,36359109,7975,10685390,951845,9661009,243397,1,2048,0,2048,1,1,1
whole_batch_multiget,3679,2048,2515,88306,36853587,10269,36483813,0,36576167,10790,11013766,974327,9966692,243677,1,2048,0,2048,1,1,1
whole_batch_multiget,3680,2048,3416,192130,37095340,13014,36654103,0,36744733,11923,10785097,951284,9741460,251512,1,2048,0,2048,1,1,1
whole_batch_multiget,3681,2048,2575,254568,38616634,39313,38021507,0,38146091,10971,10603126,953308,9575077,247454,1,2048,0,2048,1,1,1
whole_batch_multiget,3682,2048,2685,86463,36391962,9147,36045141,0,36139949,10810,10517194,934723,9511078,251802,1,2048,0,2048,1,1,1
whole_batch_multiget,3683,2048,2315,94336,36682717,10439,36312552,0,36402110,10520,10585883,956183,9559858,258445,1,2048,0,2048,1,1,1
whole_batch_multiget,3684,2048,2775,80311,36589202,10360,36250175,0,36341567,11762,10905222,940685,9884728,321753,1,2048,0,2048,1,1,1
whole_batch_multiget,3685,2048,2485,92764,36849580,13285,36480467,0,36580154,12363,10881487,963948,9838301,236023,1,2048,0,2048,1,1,1
whole_batch_multiget,3686,2048,2205,90680,36220790,11392,35844044,0,35937219,14267,10964143,1001098,9884477,236083,1,2048,0,2048,1,1,1
whole_batch_multiget,3687,2048,2254,84328,36449509,10750,36033700,0,36135019,12153,10922675,990187,9849422,249037,1,2048,0,2048,1,1,1
whole_batch_multiget,3688,2048,1974,99287,36545109,12193,36160137,0,36255396,11131,11314119,962775,10248651,252864,1,2048,0,2048,1,1,1
whole_batch_multiget,3689,2048,3066,111680,38469698,14277,38090356,0,38185334,10751,12471669,1008822,11351589,241502,1,2048,0,2048,1,1,1
whole_batch_multiget,3690,2048,2485,84338,37262644,7063,36929820,0,37014889,7013,11135084,955913,10092799,247564,1,2048,0,2048,1,1,1
whole_batch_multiget,3691,2048,3066,82485,39194537,7214,38860231,0,38952514,10008,11064190,946044,10021094,238257,1,2048,0,2048,1,1,1
whole_batch_multiget,3692,2048,2524,82585,36646058,6512,36311891,0,36397552,9378,11215344,935375,10188939,250530,1,2048,0,2048,1,1,1
whole_batch_multiget,3693,2048,3286,107852,36800708,10069,36414524,0,36507218,11492,11263905,956674,10209888,243026,1,2048,0,2048,1,1,1
whole_batch_multiget,3694,2048,2124,85290,36560186,7384,36226892,0,36313804,8917,10967799,945013,9933249,247595,1,2048,0,2048,1,1,1
whole_batch_multiget,3695,2048,2806,105317,36737258,7233,36369649,0,36462152,7273,10970534,944532,9939781,250019,1,2048,0,2048,1,1,1
whole_batch_multiget,3696,2048,2054,94187,36545159,10059,36185684,0,36281254,11562,11079208,970681,9998261,367640,1,2048,0,2048,1,1,1
whole_batch_multiget,3697,2048,3146,97603,36910103,11261,36550579,0,36646298,14026,10973560,967895,9912210,241824,1,2048,0,2048,1,1,1
whole_batch_multiget,3698,2048,2505,84909,36862714,10159,36531372,0,36620980,12213,10994931,948759,9951694,291887,1,2048,0,2048,1,1,1
whole_batch_multiget,3699,2048,2435,96811,36490576,11521,36146491,0,36235708,12894,10971016,954240,9929382,238397,1,2048,0,2048,1,1,1
whole_batch_multiget,3700,2048,2635,83056,36649254,8896,36326388,0,36409995,11171,11422232,943540,10389685,282700,1,2048,0,2048,1,1,1
whole_batch_multiget,3701,2048,1864,83947,36451923,7955,36110904,0,36200021,10901,11215825,952316,10182658,247314,1,2048,0,2048,1,1,1
whole_batch_multiget,3702,2048,2304,83587,36964756,8576,36612805,0,36707433,11572,11353142,1142102,10122744,369744,1,2048,0,2048,1,1,1
whole_batch_multiget,3703,2048,4248,135724,38364029,8727,37968928,0,38059429,7584,10960525,955943,9922910,265207,1,2048,0,2048,1,1,1
whole_batch_multiget,3704,2048,3206,98875,37927851,10129,37570461,0,37662214,11521,11666480,953719,10593788,259216,1,2048,0,2048,1,1,1
whole_batch_multiget,3705,2048,2585,110548,37936498,11011,37562546,0,37654990,11512,12534056,954450,11475552,252233,1,2048,0,2048,1,1,1
whole_batch_multiget,3706,2048,2134,79379,37721455,6082,37379844,0,37472748,7574,11716163,947768,10660693,248837,1,2048,0,2048,1,1,1
whole_batch_multiget,3707,2048,3316,135013,37985049,11361,37612821,0,37700074,13265,11556764,943269,10508418,92904,1,2048,0,2048,1,1,1
whole_batch_multiget,3708,2048,1663,78217,38050301,7444,37729118,0,37841259,8176,12101676,946826,11046077,209603,1,2048,0,2048,1,1,1
whole_batch_multiget,3709,2048,2184,80471,37719701,10099,37410010,0,37503987,10690,11231143,953518,10174001,68348,1,2048,0,2048,1,1,1
whole_batch_multiget,3710,2048,1443,78527,36451603,11552,36111545,0,36232683,12694,11742202,928411,10711609,70783,1,2048,0,2048,1,1,1
whole_batch_multiget,3711,2048,1703,79589,35727345,11161,35400202,0,35521288,10350,11001533,913803,9989534,117330,1,2048,0,2048,1,1,1
whole_batch_multiget,3712,2048,1603,77956,35541105,12864,35222057,0,35319189,11261,11450696,897062,10448346,264416,1,2048,0,2048,1,1,1
whole_batch_multiget,3713,2048,2385,129383,40327943,12454,39948792,0,40045434,11382,11825298,1079274,10654272,265188,1,2048,0,2048,1,1,1
whole_batch_multiget,3714,2048,2946,96461,41616228,11321,41243901,0,41356342,11752,12579602,1095775,11374342,248797,1,2048,0,2048,1,1,1
whole_batch_multiget,3715,2048,2324,77264,40786332,12083,40434914,0,40541604,15209,12304366,1088070,11098776,245500,1,2048,0,2048,1,1,1
whole_batch_multiget,3716,2048,2705,88206,40360364,10309,40009706,0,40104183,10710,11479890,967324,10423148,255850,1,2048,0,2048,1,1,1
whole_batch_multiget,3717,2048,3126,115376,38236310,12073,37861357,0,37960974,11001,6849035,940163,5843068,244519,1,2048,0,2048,1,1,1
whole_batch_multiget,3718,2048,1934,94918,40484977,9298,40139940,0,40233826,10900,6921401,956494,5898853,239689,1,2048,0,2048,1,1,1
whole_batch_multiget,3719,2048,2615,87775,40902791,9628,40549298,0,40642553,11662,7046786,1005466,5978693,246453,1,2048,0,2048,1,1,1
whole_batch_multiget,3720,2048,1994,80972,40505286,10270,40159456,0,40252943,10650,7408284,947718,6398951,239770,1,2048,0,2048,1,1,1
whole_batch_multiget,3721,2048,2355,82765,40091820,10209,39740642,0,39835670,11241,8704916,953057,7686526,269856,1,2048,0,2048,1,1,1
whole_batch_multiget,3722,2048,2685,89849,39598475,12023,39170071,0,39268677,11391,7613479,947537,6591432,274896,1,2048,0,2048,1,1,1
whole_batch_multiget,3723,2048,3105,97272,43210168,11832,42843972,0,42941545,10690,8265923,1206353,6966816,245420,1,2048,0,2048,1,1,1
whole_batch_multiget,3724,2048,2695,94277,44019386,8446,43666264,0,43757525,9668,7517299,966553,6488058,248786,1,2048,0,2048,1,1,1
whole_batch_multiget,3725,2048,2114,85971,42876994,9699,42518201,0,42611356,12443,7403625,951514,6386648,250831,1,2048,0,2048,1,1,1
whole_batch_multiget,3726,2048,2374,149089,42331470,10089,41897376,0,41993947,10650,7413854,950853,6398250,251972,1,2048,0,2048,1,1,1
whole_batch_multiget,3727,2048,2294,95960,42265647,9397,41881967,0,41981534,9869,7692497,908844,6723530,262022,1,2048,0,2048,1,1,1
whole_batch_multiget,3728,2048,2705,100488,41873151,9257,41506744,0,41595871,10399,7563635,890290,6616739,244058,1,2048,0,2048,1,1,1
whole_batch_multiget,3729,2048,2204,92333,40604962,9297,40227935,0,40319417,9538,7452878,867157,6528794,240250,1,2048,0,2048,1,1,1
whole_batch_multiget,3730,2048,2464,90229,41411185,9087,41051550,0,41141048,9979,7510526,881744,6573318,241843,1,2048,0,2048,1,1,1
whole_batch_multiget,3731,2048,2324,90841,40409526,9067,40053879,0,40144088,10240,7372347,881904,6430971,248736,1,2048,0,2048,1,1,1
whole_batch_multiget,3732,2048,2054,90369,40518971,9578,40164236,0,40253343,9748,7687307,873368,6756461,244338,1,2048,0,2048,1,1,1
whole_batch_multiget,3733,2048,2204,76002,41532743,9948,41175753,0,41265621,10339,7522699,867307,6598065,244198,1,2048,0,2048,1,1,1
whole_batch_multiget,3734,2048,2455,91762,41215357,9849,40854811,0,40943758,9738,7646932,867517,6720113,240290,1,2048,0,2048,1,1,1
whole_batch_multiget,3735,2048,2685,95769,40536143,9177,40150169,0,40254405,11742,7740286,881232,6793982,287970,1,2048,0,2048,1,1,1
whole_batch_multiget,3736,2048,2315,87785,45314645,12233,44959259,0,45052113,10350,7725648,877145,6784624,240370,1,2048,0,2048,1,1,1
whole_batch_multiget,3737,2048,2615,91582,40965669,9598,40560388,0,40653453,12243,10416315,1080196,9243055,232526,1,2048,0,2048,1,1,1
whole_batch_multiget,3738,2048,2255,85310,46593454,11111,46212558,0,46313448,9508,9022722,1020173,7927878,233147,1,2048,0,2048,1,1,1
whole_batch_multiget,3739,2048,2816,84058,46225323,11291,45857403,0,45956208,10189,9430977,1050771,8307159,236013,1,2048,0,2048,1,1,1
whole_batch_multiget,3740,2048,2454,83897,47247239,6973,46875282,0,46969809,7324,8461349,932590,7471272,249117,1,2048,0,2048,1,1,1
whole_batch_multiget,3741,2048,2374,86722,43988678,9037,43608134,0,43706849,11452,8353527,960762,7316512,253315,1,2048,0,2048,1,1,1
whole_batch_multiget,3742,2048,2164,86943,44312004,9618,43896395,0,43997104,11562,8620597,941967,7603821,258675,1,2048,0,2048,1,1,1
whole_batch_multiget,3743,2048,2264,84698,45152811,9719,44784340,0,44889739,9678,8810734,985508,7758491,251672,1,2048,0,2048,1,1,1
whole_batch_multiget,3744,2048,2054,84779,45352455,9578,44978334,0,45072691,12022,9017822,1036534,7909534,251282,1,2048,0,2048,1,1,1
whole_batch_multiget,3745,2048,2315,85851,45361634,12143,44944080,0,45050630,10499,8619515,951435,7603179,276108,1,2048,0,2048,1,1,1
whole_batch_multiget,3746,2048,2645,90169,44356789,9608,43946980,0,44063920,11632,8818388,961874,7783117,254767,1,2048,0,2048,1,1,1
whole_batch_multiget,3747,2048,2144,84829,44614192,9798,44256050,0,44349815,10851,9003386,1017388,7909754,238828,1,2048,0,2048,1,1,1
whole_batch_multiget,3748,2048,2425,88115,44878357,10600,44515727,0,44611657,10500,8994689,988603,7940842,244358,1,2048,0,2048,1,1,1
whole_batch_multiget,3749,2048,2134,89818,44554559,10610,44146594,0,44240821,10891,8816876,957065,7793165,258876,1,2048,0,2048,1,1,1
whole_batch_multiget,3750,2048,2204,91611,44226966,9287,43788283,0,43895333,10780,9376425,951384,8346373,245871,1,2048,0,2048,1,1,1
whole_batch_multiget,3751,2048,2434,89708,44481583,7404,44083526,0,44184686,7454,8951578,969298,7914604,257613,1,2048,0,2048,1,1,1
whole_batch_multiget,3752,2048,2415,97233,44406783,7404,44020789,0,44114254,7304,9944811,946805,8935648,250400,1,2048,0,2048,1,1,1
whole_batch_multiget,3753,2048,2184,87885,44623128,11201,44241352,0,44339987,9168,9314990,932960,8313341,235552,1,2048,0,2048,1,1,1
whole_batch_multiget,3754,2048,2394,86412,44847008,6081,44469490,0,44562354,9387,9403155,950021,8379475,251442,1,2048,0,2048,1,1,1
whole_batch_multiget,3755,2048,2275,86803,44734728,6552,44357580,0,44451677,6833,9670116,949441,8627060,256151,1,2048,0,2048,1,1,1
whole_batch_multiget,3756,2048,2274,89017,44600105,11802,44206436,0,44307706,13395,9232906,949100,8208695,231835,1,2048,0,2048,1,1,1
whole_batch_multiget,3757,2048,2595,90319,44309450,10910,43929357,0,44033412,17012,9326452,933241,8317589,236072,1,2048,0,2048,1,1,1
whole_batch_multiget,3758,2048,2064,87955,44799559,11742,44430147,0,44526387,11862,9298098,951975,8265352,265808,1,2048,0,2048,1,1,1
whole_batch_multiget,3759,2048,3256,134201,45434480,14077,45005866,0,45111304,13284,9515696,941255,8450919,276038,1,2048,0,2048,1,1,1
whole_batch_multiget,3760,2048,2425,91622,45313863,13195,44926768,0,45029240,11823,9358071,954330,8331395,242996,1,2048,0,2048,1,1,1
whole_batch_multiget,3761,2048,2315,87685,45629756,11391,45256606,0,45359689,13305,9638597,951806,8569101,240531,1,2048,0,2048,1,1,1
whole_batch_multiget,3762,2048,2445,89799,45408351,13295,45006707,0,45118787,13475,9994173,1122996,8763235,234810,1,2048,0,2048,1,1,1
whole_batch_multiget,3763,2048,2334,92173,49309897,11371,48911771,0,49014323,11442,10169943,1006157,9051516,262011,1,2048,0,2048,1,1,1
whole_batch_multiget,3764,2048,2334,114024,46287099,12884,45874555,0,45981595,12153,9805820,957366,8764717,237586,1,2048,0,2048,1,1,1
whole_batch_multiget,3765,2048,2304,95419,45293936,10530,44913292,0,45011086,13235,9964208,954009,8898289,241753,1,2048,0,2048,1,1,1
whole_batch_multiget,3766,2048,2154,93355,45941942,12173,45562380,0,45662026,11922,11047018,943499,9983213,456697,1,2048,0,2048,1,1,1
whole_batch_multiget,3767,2048,3797,165099,46477336,14157,45975054,0,46077406,11522,10155917,956674,9089286,252063,1,2048,0,2048,1,1,1
whole_batch_multiget,3768,2048,2184,90379,46243828,11612,45865738,0,45961438,10270,10011476,974457,8962318,256020,1,2048,0,2048,1,1,1
whole_batch_multiget,3769,2048,2284,107502,45761143,10920,45357976,0,45453656,10149,10497327,941335,9448931,236694,1,2048,0,2048,1,1,1
whole_batch_multiget,3770,2048,2435,93024,46629801,13215,46250600,0,46349405,12534,9803185,945754,8784625,236193,1,2048,0,2048,1,1,1
whole_batch_multiget,3771,2048,3126,141756,46373120,12864,45903299,0,46003417,10290,10224556,937308,9180948,245120,1,2048,0,2048,1,1,1
whole_batch_multiget,3772,2048,2264,89247,46135945,11141,45747527,0,45845300,10890,9811150,955381,8786087,251161,1,2048,0,2048,1,1,1
whole_batch_multiget,3773,2048,3056,142788,45520060,11722,45048496,0,45148764,10851,10460529,958247,9392395,247073,1,2048,0,2048,1,1,1
whole_batch_multiget,3774,2048,2334,90499,45751574,9448,45366633,0,45460098,10790,9806331,952226,8788954,272081,1,2048,0,2048,1,1,1
whole_batch_multiget,3775,2048,2345,85931,46529563,9759,46150162,0,46246152,11011,10134517,962886,9060302,248506,1,2048,0,2048,1,1,1
whole_batch_multiget,3776,2048,2344,89758,45397751,10089,45010564,0,45106695,10439,9952084,955633,8928044,272732,1,2048,0,2048,1,1,1
whole_batch_multiget,3777,2048,2124,84558,45104010,10710,44728375,0,44821901,11241,10038015,953248,9005169,253315,1,2048,0,2048,1,1,1
whole_batch_multiget,3778,2048,2084,86913,44856316,10349,44482855,0,44581940,11181,10122153,968406,9076783,252513,1,2048,0,2048,1,1,1
whole_batch_multiget,3779,2048,2294,85711,45079013,10370,44699872,0,44795652,11141,10162169,946405,9138970,253035,1,2048,0,2048,1,1,1
whole_batch_multiget,3780,2048,2214,86021,45378174,11201,44945503,0,45064266,13716,11581300,1002100,10460608,262352,1,2048,0,2048,1,1,1
whole_batch_multiget,3781,2048,2094,93345,45191294,11892,44802004,0,44898925,10940,10169011,953068,9141414,238177,1,2048,0,2048,1,1,1
whole_batch_multiget,3782,2048,2485,86943,45213345,12063,44821841,0,44924383,10650,9878006,935986,8860547,253435,1,2048,0,2048,1,1,1
whole_batch_multiget,3783,2048,2074,88817,45553563,10249,45168160,0,45266094,20358,9762409,977794,8704294,248606,1,2048,0,2048,1,1,1
whole_batch_multiget,3784,2048,2985,95439,44731471,9808,44341180,0,44437530,11722,9980348,944922,8952529,249578,1,2048,0,2048,1,1,1
whole_batch_multiget,3785,2048,2364,93005,44844243,9658,44451957,0,44551955,11882,9848310,943389,8836022,245170,1,2048,0,2048,1,1,1
whole_batch_multiget,3786,2048,2325,89237,45055188,8385,44670557,0,44765274,10790,10126322,954671,9057357,231394,1,2048,0,2048,1,1,1
whole_batch_multiget,3787,2048,2535,106801,44921909,9257,44507602,0,44616395,13545,10263068,947267,9229890,261009,1,2048,0,2048,1,1,1
whole_batch_multiget,3788,2048,12904,112271,44636723,10950,44233026,0,44335028,23074,9799569,940103,8773885,252694,1,2048,0,2048,1,1,1
whole_batch_multiget,3789,2048,2375,98224,44871604,12604,44481833,0,44583964,13105,10125610,949421,9089827,241874,1,2048,0,2048,1,1,1
whole_batch_multiget,3790,2048,2174,92042,44986810,11582,44610644,0,44708448,12112,10340202,1006457,9219099,242074,1,2048,0,2048,1,1,1
whole_batch_multiget,3791,2048,2063,105107,46075031,11391,45661115,0,45763657,12553,10066429,936587,9032560,241333,1,2048,0,2048,1,1,1
whole_batch_multiget,3792,2048,2404,90700,45132914,12203,44757179,0,44853620,11171,10092728,939562,9065542,246142,1,2048,0,2048,1,1,1
whole_batch_multiget,3793,2048,1903,92904,46510878,11702,46116198,0,46215063,11151,10188318,952997,9145722,263304,1,2048,0,2048,1,1,1
whole_batch_multiget,3794,2048,2385,89548,45438327,10620,45058865,0,45154044,11020,11496671,988704,10432676,256762,1,2048,0,2048,1,1,1
whole_batch_multiget,3795,2048,2054,89438,45277846,10049,44871523,0,44971271,10509,10040871,949090,8992745,244859,1,2048,0,2048,1,1,1
whole_batch_multiget,3796,2048,2084,90961,45200661,10510,44822201,0,44918562,11081,10017458,935154,9000330,250680,1,2048,0,2048,1,1,1
whole_batch_multiget,3797,2048,2114,92173,44812783,10389,44404417,0,44504255,10990,10028437,947978,8996412,234570,1,2048,0,2048,1,1,1
whole_batch_multiget,3798,2048,2404,95950,47570375,10980,47188900,0,47289869,10961,10207263,950132,9178794,235491,1,2048,0,2048,1,1,1
whole_batch_multiget,3799,2048,1993,90259,45002029,10941,44610905,0,44710492,11021,10210770,955021,9156964,254197,1,2048,0,2048,1,1,1
whole_batch_multiget,3800,2048,2274,92082,45354429,10600,44938750,0,45041213,11031,10263649,955011,9198722,282069,1,2048,0,2048,1,1,1
whole_batch_multiget,3801,2048,2334,124764,46127670,12644,45697463,0,45798182,11422,10321267,948659,9291245,245972,1,2048,0,2048,1,1,1
whole_batch_multiget,3802,2048,2244,90139,45441392,7704,45062632,0,45152741,11352,10348679,945292,9314038,245540,1,2048,0,2048,1,1,1
whole_batch_multiget,3803,2048,2114,87384,45474044,8456,45087599,0,45183809,10620,10503709,953678,9452678,238678,1,2048,0,2048,1,1,1
whole_batch_multiget,3804,2048,2134,88386,45903539,8856,45536592,0,45626409,8766,10537502,945152,9497462,243877,1,2048,0,2048,1,1,1
whole_batch_multiget,3805,2048,2514,96531,45933405,6703,45546370,0,45640506,7765,10558211,942989,9527408,235692,1,2048,0,2048,1,1,1
whole_batch_multiget,3806,2048,2675,117580,46274114,21290,45789355,0,45931221,13175,10744531,1048096,9615954,242685,1,2048,0,2048,1,1,1
whole_batch_multiget,3807,2048,2706,81232,47173842,11351,46770896,0,46874951,12323,10942121,968517,9872385,220975,1,2048,0,2048,1,1,1
whole_batch_multiget,3808,2048,2254,91201,47319003,10870,46753212,0,46873518,15739,12292894,1047314,11131416,252915,1,2048,0,2048,1,1,1
whole_batch_multiget,3809,2048,2705,126818,46157065,12925,45726156,0,45824952,9719,10431694,946235,9391163,249968,1,2048,0,2048,1,1,1
whole_batch_multiget,3810,2048,2214,96200,46838924,10871,46416140,0,46524815,13035,10695529,1120382,9478165,235832,1,2048,0,2048,1,1,1
whole_batch_multiget,3811,2048,3016,150131,49339524,16000,48723188,0,48832513,11982,10834990,1102949,9628998,246693,1,2048,0,2048,1,1,1
whole_batch_multiget,3812,2048,2124,93385,47292464,9287,46899176,0,46994635,11281,11126367,985829,10032846,240081,1,2048,0,2048,1,1,1
whole_batch_multiget,3813,2048,2134,97864,46953378,9027,46565621,0,46660509,11292,10561919,971482,9504735,252754,1,2048,0,2048,1,1,1
whole_batch_multiget,3814,2048,2504,109004,46161382,12434,45760701,0,45861641,12974,10739411,953579,9669013,254387,1,2048,0,2048,1,1,1
whole_batch_multiget,3815,2048,1984,94277,47526653,11722,47143185,0,47238874,8075,10402469,953028,9360956,340939,1,2048,0,2048,1,1,1
whole_batch_multiget,3816,2048,3477,130334,46366457,10760,45902477,0,46000100,11782,10853515,971623,9771576,249728,1,2048,0,2048,1,1,1
whole_batch_multiget,3817,2048,2274,90630,47273038,11221,46850515,0,46949020,14608,11645390,1332990,10199448,264596,1,2048,0,2048,1,1,1
whole_batch_multiget,3818,2048,2665,87113,46489718,10440,46026661,0,46133561,12233,11686999,1035091,10543734,250109,1,2048,0,2048,1,1,1
whole_batch_multiget,3819,2048,2555,107582,46837762,10680,46424125,0,46526628,11081,10948323,957746,9879558,246832,1,2048,0,2048,1,1,1
whole_batch_multiget,3820,2048,2374,92162,46943039,11562,46545073,0,46661521,11312,10752686,1010284,9654507,263465,1,2048,0,2048,1,1,1
whole_batch_multiget,3821,2048,2846,137448,46037701,13977,45605330,0,45703464,12123,10822036,959370,9750697,246262,1,2048,0,2048,1,1,1
whole_batch_multiget,3822,2048,2295,95489,49112357,13656,48682451,0,48803779,11101,12599029,996609,11486552,245511,1,2048,0,2048,1,1,1
whole_batch_multiget,3823,2048,2475,95179,47228124,9488,46844795,0,46939352,11431,11052077,965120,9988583,253365,1,2048,0,2048,1,1,1
whole_batch_multiget,3824,2048,3607,175008,47434079,13205,46932248,0,47034971,8156,10923556,981401,9838020,248256,1,2048,0,2048,1,1,1
whole_batch_multiget,3825,2048,2905,109224,47429261,10379,46994866,0,47094633,11521,11208590,946946,10149054,247614,1,2048,0,2048,1,1,1
whole_batch_multiget,3826,2048,2364,89088,48408538,10580,48035257,0,48130997,10239,10609327,958438,9576400,244318,1,2048,0,2048,1,1,1
whole_batch_multiget,3827,2048,3176,170369,46922731,14758,46442781,0,46541586,13275,10754941,954911,9711504,188874,1,2048,0,2048,1,1,1
whole_batch_multiget,3828,2048,2034,82465,45130610,13706,44776195,0,44897412,12033,11620153,949912,10495834,307167,1,2048,0,2048,1,1,1
whole_batch_multiget,3829,2048,2966,132428,46072406,13525,45686452,0,45784015,11912,11027221,964198,9958767,152195,1,2048,0,2048,1,1,1
whole_batch_multiget,3830,2048,2154,86572,46858280,12894,46459853,0,46561834,13515,11243236,967134,10170975,269726,1,2048,0,2048,1,1,1
whole_batch_multiget,3831,2048,2615,87604,46233347,14888,45882389,0,45980363,12423,10937142,956433,9903043,137357,1,2048,0,2048,1,1,1
whole_batch_multiget,3832,2048,2124,85581,45614046,12964,45238663,0,45342597,12493,11051205,953608,10007799,188824,1,2048,0,2048,1,1,1
whole_batch_multiget,3833,2048,1823,83997,44807654,12213,44466704,0,44585437,11431,10969222,947076,9933580,59562,1,2048,0,2048,1,1,1
whole_batch_multiget,3834,2048,4018,285947,46350177,13906,45751073,0,45854838,11051,10861300,939722,9830627,291517,1,2048,0,2048,1,1,1
whole_batch_multiget,3835,2048,2715,91091,45341294,10760,44940643,0,45042935,10920,10835050,950021,9799498,250520,1,2048,0,2048,1,1,1
whole_batch_multiget,3836,2048,2584,103724,44891881,9337,44498905,0,44590306,10009,11822953,945935,10788192,255560,1,2048,0,2048,1,1,1
whole_batch_multiget,3837,2048,2084,94748,45344410,10589,44957145,0,45052402,11241,10689769,956484,9642875,310682,1,2048,0,2048,1,1,1
whole_batch_multiget,3838,2048,2355,90941,44857918,9268,44470902,0,44565981,10870,11086221,960311,10030782,261811,1,2048,0,2048,1,1,1
whole_batch_multiget,3839,2048,2475,89808,46913844,10850,46545633,0,46642445,13325,10861580,932228,9836708,250379,1,2048,0,2048,1,1,1
whole_batch_multiget,3840,2048,2655,117741,45707101,8777,45307682,0,45403241,11301,11233658,945774,10180393,258906,1,2048,0,2048,1,1,1
whole_batch_multiget,3841,2048,2194,110958,46151895,8145,45754389,0,45844188,11111,10726637,949050,9684963,281699,1,2048,0,2048,1,1,1
whole_batch_multiget,3842,2048,2274,90299,45508779,9988,45096516,0,45192265,12894,19844908,963276,18790872,242044,1,2048,0,2048,1,1,1
whole_batch_multiget,3843,2048,2154,89108,45395056,6592,45019552,0,45111093,8656,10965395,955673,9931265,244749,1,2048,0,2048,1,1,1
whole_batch_multiget,3844,2048,2094,91692,45707251,6282,45334762,0,45420123,7535,10947431,941004,9918371,245130,1,2048,0,2048,1,1,1
whole_batch_multiget,3845,2048,1983,87985,45063564,6472,44649447,0,44770524,9007,11384411,963006,10316208,233178,1,2048,0,2048,1,1,1
whole_batch_multiget,3846,2048,1884,90870,45310677,8496,44943299,0,45031794,11091,10924218,940083,9895097,257844,1,2048,0,2048,1,1,1
whole_batch_multiget,3847,2048,2174,134963,45164343,7664,44719549,0,44809538,8225,10749490,939071,9737953,253746,1,2048,0,2048,1,1,1
whole_batch_multiget,3848,2048,2625,105698,44286947,8656,43889181,0,43978909,10540,10641037,912762,9632886,252564,1,2048,0,2048,1,1,1
whole_batch_multiget,3849,2048,2896,171232,45637711,10610,45159544,0,45257117,12554,10593468,903104,9605104,244939,1,2048,0,2048,1,1,1
whole_batch_multiget,3850,2048,2054,80751,42680604,8156,42348632,0,42460402,9938,11574066,874991,10609728,57749,1,2048,0,2048,1,1,1
whole_batch_multiget,3851,2048,1623,83076,43875947,7274,43493660,0,43585051,9377,10541119,897323,9553567,240000,1,2048,0,2048,1,1,1
whole_batch_multiget,3852,2048,2054,89117,43866890,10409,43469154,0,43565043,13485,11252874,906440,10239955,276318,1,2048,0,2048,1,1,1
whole_batch_multiget,3853,2048,2324,85220,50977716,16781,50569640,0,50682652,15649,10912075,908715,9888174,240531,1,2048,0,2048,1,1,1
whole_batch_multiget,3854,2048,2355,101290,45294136,9979,44930374,0,45025673,11752,10819061,904627,9813815,174247,1,2048,0,2048,1,1,1
whole_batch_multiget,3855,2048,1833,85661,42802664,6993,42461564,0,42577521,7894,10761632,887945,9793427,63078,1,2048,0,2048,1,1,1
whole_batch_multiget,3856,2048,3347,276809,43651856,8406,43046551,0,43162909,10630,10592275,905298,9608029,280967,1,2048,0,2048,1,1,1
whole_batch_multiget,3857,2048,2414,98905,42442749,6342,42057406,0,42148687,10300,6150365,870632,5215781,247154,1,2048,0,2048,1,1,1
whole_batch_multiget,3858,2048,2594,103044,45453145,6713,45066048,0,45154705,6662,6247797,904566,5286755,235612,1,2048,0,2048,1,1,1
whole_batch_multiget,3859,2048,2655,100759,43859075,5911,43473272,0,43557740,7995,6465205,883907,5526365,238307,1,2048,0,2048,1,1,1
whole_batch_multiget,3860,2048,2315,108333,46263965,8456,45871649,0,45960406,10349,6696288,885751,5753611,248897,1,2048,0,2048,1,1,1
whole_batch_multiget,3861,2048,2254,98164,44415428,8146,44031158,0,44124343,9457,6694284,881493,5745436,336771,1,2048,0,2048,1,1,1
whole_batch_multiget,3862,2048,5179,149681,45569092,16972,45089332,0,45191043,7885,7345636,877436,6359126,248126,1,2048,0,2048,1,1,1
whole_batch_multiget,3863,2048,2225,108564,47921654,6583,47525992,0,47613597,8486,7319737,908764,6355830,245931,1,2048,0,2048,1,1,1
whole_batch_multiget,3864,2048,2595,97573,49534759,5671,49139268,0,49232513,9288,8370469,882084,7381904,254978,1,2048,0,2048,1,1,1
whole_batch_multiget,3865,2048,2204,102432,50471406,14818,50052901,0,50149132,16921,8726536,871134,7762759,267973,1,2048,0,2048,1,1,1
whole_batch_multiget,3866,2048,2975,156183,50446839,14307,49965387,0,50074111,10840,7406460,941686,6404231,233688,1,2048,0,2048,1,1,1
whole_batch_multiget,3867,2048,2104,83888,50260861,9928,49918228,0,50005091,16500,7995404,890710,6996361,237365,1,2048,0,2048,1,1,1
whole_batch_multiget,3868,2048,2715,88716,49592608,10169,49202165,0,49304517,12584,7730308,939191,6726926,235231,1,2048,0,2048,1,1,1
whole_batch_multiget,3869,2048,2354,86271,49749292,9538,49391891,0,49481870,12313,8198476,943059,7150651,231404,1,2048,0,2048,1,1,1
whole_batch_multiget,3870,2048,2354,100598,50495111,8375,50123283,0,50213081,7885,8318250,913664,7306873,267110,1,2048,0,2048,1,1,1
whole_batch_multiget,3871,2048,3095,131126,49233894,11151,48774614,0,48879911,10018,8062390,980058,7019695,250179,1,2048,0,2048,1,1,1
whole_batch_multiget,3872,2048,1974,102913,49800869,9267,49411047,0,49501066,10048,8461629,902042,7453419,246532,1,2048,0,2048,1,1,1
whole_batch_multiget,3873,2048,2405,101520,50313750,8365,49889935,0,49990874,10469,8114959,975439,7081291,237726,1,2048,0,2048,1,1,1
whole_batch_multiget,3874,2048,2374,113132,50201660,6973,49802161,0,49895806,8185,8284457,937658,7249245,240010,1,2048,0,2048,1,1,1
whole_batch_multiget,3875,2048,2575,98735,50509698,7965,50142609,0,50232428,8566,8540868,912691,7526315,232686,1,2048,0,2048,1,1,1
whole_batch_multiget,3876,2048,3787,183384,50355579,8586,49919701,0,50013698,8496,8303122,907642,7330368,91131,1,2048,0,2048,1,1,1
whole_batch_multiget,3877,2048,1923,83146,49630308,8607,49247290,0,49341136,13004,8403761,918714,7380451,217137,1,2048,0,2048,1,1,1
whole_batch_multiget,3878,2048,1914,83286,49199250,9097,48845637,0,48946235,11832,8634002,988043,7546323,163076,1,2048,0,2048,1,1,1
whole_batch_multiget,3879,2048,1533,85009,48328938,7524,48002115,0,48110718,8857,9182401,907843,8210929,66675,1,2048,0,2048,1,1,1
whole_batch_multiget,3880,2048,1292,84569,48880633,9197,48477757,0,48574739,12072,8414781,902733,7441055,241413,1,2048,0,2048,1,1,1
whole_batch_multiget,3881,2048,2154,81353,47938666,9748,47586214,0,47714425,10440,8779435,903053,7807202,76404,1,2048,0,2048,1,1,1
whole_batch_multiget,3882,2048,1492,82104,47915252,7614,47546971,0,47646367,9177,8863223,896511,7890528,172183,1,2048,0,2048,1,1,1
whole_batch_multiget,3883,2048,1984,84178,48256843,9598,47910323,0,48013817,10670,8998837,892073,8037193,176070,1,2048,0,2048,1,1,1
whole_batch_multiget,3884,2048,1723,86292,47953013,10159,47621240,0,47719254,10861,8527964,919765,7543507,87895,1,2048,0,2048,1,1,1
whole_batch_multiget,3885,2048,1533,83617,48053351,9137,47644844,0,47746525,11842,8469835,925115,7475470,237656,1,2048,0,2048,1,1,1
whole_batch_multiget,3886,2048,1964,84549,48126388,7985,47804434,0,47888863,10791,8632239,908944,7651581,72536,1,2048,0,2048,1,1,1
whole_batch_multiget,3887,2048,2164,82805,47747657,8657,47397932,0,47482381,10429,8788873,910397,7805238,183344,1,2048,0,2048,1,1,1
whole_batch_multiget,3888,2048,1883,89348,48268484,10429,47794015,0,47900304,12975,8720756,909386,7744845,244558,1,2048,0,2048,1,1,1
whole_batch_multiget,3889,2048,2164,181430,49836726,9789,49354591,0,49478013,11401,13970250,926738,12964825,232556,1,2048,0,2048,1,1,1
whole_batch_multiget,3890,2048,2255,89969,50052049,11080,49694659,0,49788314,10980,8788432,957967,7763880,242154,1,2048,0,2048,1,1,1
whole_batch_multiget,3891,2048,2325,89368,48846719,9658,48495520,0,48582974,10981,8765890,929303,7757048,228308,1,2048,0,2048,1,1,1
whole_batch_multiget,3892,2048,2505,112702,49505845,6994,49112517,0,49197417,7344,8979991,919304,7996146,242435,1,2048,0,2048,1,1,1
whole_batch_multiget,3893,2048,2244,96762,48710814,7925,48332274,0,48421231,10319,10328130,909236,9341559,245110,1,2048,0,2048,1,1,1
whole_batch_multiget,3894,2048,2244,102162,47994491,7434,47611683,0,47696512,9057,9035545,923091,8041120,254347,1,2048,0,2048,1,1,1
whole_batch_multiget,3895,2048,2084,99767,48361178,8426,47972920,0,48064702,9418,9114814,900458,8145938,251411,1,2048,0,2048,1,1,1
whole_batch_multiget,3896,2048,2285,97373,48071024,5921,47702974,0,47782032,7113,9005780,897744,8039658,252373,1,2048,0,2048,1,1,1
whole_batch_multiget,3897,2048,2395,92764,48335640,7514,47961569,0,48051447,10430,207825483,893997,206821389,242775,1,2048,0,2048,1,1,1
whole_batch_multiget,3898,2048,2345,103244,49832958,7184,49441364,0,49531513,7134,9278532,913393,8289667,291336,1,2048,0,2048,1,1,1
whole_batch_multiget,3899,2048,2685,102623,48961344,8045,48582764,0,48665038,9678,9274433,901500,8295829,247484,1,2048,0,2048,1,1,1
whole_batch_multiget,3900,2048,2324,98976,48291317,6823,47911676,0,47998328,6913,9113501,894578,8157830,238567,1,2048,0,2048,1,1,1
whole_batch_multiget,3901,2048,2434,83216,47896907,11842,47539066,0,47640406,10760,8970333,898816,7992078,234089,1,2048,0,2048,1,1,1
whole_batch_multiget,3902,2048,2354,84468,48441319,11351,48083798,0,48173716,11411,8986844,880672,8035741,230633,1,2048,0,2048,1,1,1
whole_batch_multiget,3903,2048,2053,95559,48141646,11481,47753598,0,47858866,13936,9952334,909676,8958501,273062,1,2048,0,2048,1,1,1
whole_batch_multiget,3904,2048,2615,118422,48539703,13225,48149642,0,48240362,12062,11586209,892103,10586154,251392,1,2048,0,2048,1,1,1
whole_batch_multiget,3905,2048,2594,108784,49196936,9067,48798178,0,48888897,10560,9105517,890850,8131920,240391,1,2048,0,2048,1,1,1
whole_batch_multiget,3906,2048,2154,101050,48203172,8766,47821676,0,47905153,9969,9167172,894508,8196592,243636,1,2048,0,2048,1,1,1
whole_batch_multiget,3907,2048,2274,103244,49638985,8536,49246379,0,49339352,8977,9200425,891261,8240183,243917,1,2048,0,2048,1,1,1
whole_batch_multiget,3908,2048,2455,106950,49057955,8425,48677892,0,48759865,10229,10339561,898645,9347711,241293,1,2048,0,2048,1,1,1
whole_batch_multiget,3909,2048,2896,116448,48459923,8526,48027111,0,48116479,10600,9291386,955431,8263037,254047,1,2048,0,2048,1,1,1
whole_batch_multiget,3910,2048,2565,112411,48705534,8075,48316435,0,48401353,10630,97636750,890620,96638518,245621,1,2048,0,2048,1,1,1
whole_batch_multiget,3911,2048,2204,93826,49369529,10169,49012890,0,49098701,11401,9553837,886983,8570634,238246,1,2048,0,2048,1,1,1
whole_batch_multiget,3912,2048,2234,89398,49409685,9428,49050761,0,49146171,10550,9455072,899516,8464114,243728,1,2048,0,2048,1,1,1
whole_batch_multiget,3913,2048,2926,118442,51119582,11982,50736843,0,50827593,11852,9577502,887695,8613664,234770,1,2048,0,2048,1,1,1
whole_batch_multiget,3914,2048,3497,150091,49809565,15919,49373427,0,49468985,10009,9731391,888897,8745902,238968,1,2048,0,2048,1,1,1
whole_batch_multiget,3915,2048,2285,89228,50930657,11972,50568889,0,50666562,10940,10859616,890931,9864991,233708,1,2048,0,2048,1,1,1
whole_batch_multiget,3916,2048,2655,100068,49860189,11622,49495966,0,49586737,9718,9618218,882385,8639343,233107,1,2048,0,2048,1,1,1
whole_batch_multiget,3917,2048,2194,127169,49956200,11462,49561218,0,49654484,10820,9498654,899707,8508928,241643,1,2048,0,2048,1,1,1
whole_batch_multiget,3918,2048,2494,112571,49268700,13696,48869923,0,48972535,12483,10239994,887023,9245029,235943,1,2048,0,2048,1,1,1
whole_batch_multiget,3919,2048,2284,101029,49393805,12032,49030954,0,49120472,9498,9670206,878888,8688064,239859,1,2048,0,2048,1,1,1
whole_batch_multiget,3920,2048,2384,127038,49738641,11231,49338901,0,49424702,10290,9512190,863951,8556567,242184,1,2048,0,2048,1,1,1
whole_batch_multiget,3921,2048,3577,136847,49865649,14457,49346135,0,49455570,15229,9723606,937197,8701399,232446,1,2048,0,2048,1,1,1
whole_batch_multiget,3922,2048,2275,90269,49649244,10520,49299668,0,49389507,11311,87458783,898205,86449440,230933,1,2048,0,2048,1,1,1
whole_batch_multiget,3923,2048,2374,88175,48356539,11862,48004379,0,48095981,10941,9582442,881783,8619365,235221,1,2048,0,2048,1,1,1
whole_batch_multiget,3924,2048,2344,84759,49320297,11782,48967915,0,49061942,12153,9226955,870112,8284427,246723,1,2048,0,2048,1,1,1
whole_batch_multiget,3925,2048,2154,82164,21767974,11080,21430231,0,21516582,12704,9391544,875873,8439708,259747,1,2048,0,2048,1,1,1
whole_batch_multiget,3926,2048,2054,87985,22054021,11061,21674319,0,21767764,21801,9597880,897232,8600720,230002,1,2048,0,2048,1,1,1
whole_batch_multiget,3927,2048,2524,88325,22019085,11401,21668087,0,21756633,11882,9366586,878277,8396668,247033,1,2048,0,2048,1,1,1
whole_batch_multiget,3928,2048,2424,93335,21913978,12814,21557940,0,21644573,11662,9624760,881363,8638000,227637,1,2048,0,2048,1,1,1
whole_batch_multiget,3929,2048,2044,89628,22155451,11592,21747436,0,21852383,13065,11087134,947387,10044908,242685,1,2048,0,2048,1,1,1
whole_batch_multiget,3930,2048,2154,91522,21883852,10960,21531791,0,21615608,12052,9800380,887194,8837784,230683,1,2048,0,2048,1,1,1
whole_batch_multiget,3931,2048,1843,90500,22035837,10840,21678877,0,21769627,11401,9548978,885411,8589319,235612,1,2048,0,2048,1,1,1
whole_batch_multiget,3932,2048,2234,83066,22051586,11181,21710226,0,21794444,12132,9758040,881924,8798802,243617,1,2048,0,2048,1,1,1
whole_batch_multiget,3933,2048,2034,89477,22400009,10339,22047709,0,22134241,11342,9584115,885390,8614827,252624,1,2048,0,2048,1,1,1
whole_batch_multiget,3934,2048,1954,81193,21997285,10670,21640374,0,21731596,10890,9652973,885701,8684758,240120,1,2048,0,2048,1,1,1
whole_batch_multiget,3935,2048,2204,89398,22703850,11612,22353433,0,22438712,11001,9848731,878537,8884943,236433,1,2048,0,2048,1,1,1
whole_batch_multiget,3936,2048,2074,85991,22414026,11150,22055082,0,22143077,11612,9945442,900309,8947881,239560,1,2048,0,2048,1,1,1
whole_batch_multiget,3937,2048,2465,112992,22303869,13235,21921031,0,22009568,11402,9736460,894067,8759017,240110,1,2048,0,2048,1,1,1
whole_batch_multiget,3938,2048,2455,83877,22509084,10129,22149580,0,22236573,20839,9643185,875962,8682974,240782,1,2048,0,2048,1,1,1
whole_batch_multiget,3939,2048,2304,86523,22092213,10690,21736556,0,21826124,11822,9646692,888156,8678055,234910,1,2048,0,2048,1,1,1
whole_batch_multiget,3940,2048,1934,84549,23345393,10249,22949480,0,23055639,11171,9801001,874570,8851871,235902,1,2048,0,2048,1,1,1
whole_batch_multiget,3941,2048,2194,85721,23175614,11361,22819987,0,22911258,11872,10722198,878187,9754885,242455,1,2048,0,2048,1,1,1
whole_batch_multiget,3942,2048,2034,91422,25014153,9377,24632386,0,24723106,11191,10832646,954510,9791874,282961,1,2048,0,2048,1,1,1
whole_batch_multiget,3943,2048,2415,96912,24845366,10259,24440647,0,24526828,10700,10947862,1040882,9817111,248055,1,2048,0,2048,1,1,1
whole_batch_multiget,3944,2048,2094,86222,24427692,7143,24072707,0,24161453,7915,10320466,1056781,9179635,244007,1,2048,0,2048,1,1,1
whole_batch_multiget,3945,2048,2094,87254,22035677,11521,21679298,0,21766652,11471,9774371,876654,8813008,234209,1,2048,0,2048,1,1,1
whole_batch_multiget,3946,2048,1763,89638,23433849,12163,23075997,0,23162259,10760,9883656,876534,8923275,246963,1,2048,0,2048,1,1,1
whole_batch_multiget,3947,2048,2325,87755,22205455,11071,21851872,0,21935819,12945,10064315,849663,9126446,238618,1,2048,0,2048,1,1,1
whole_batch_multiget,3948,2048,2334,87073,21843365,11301,21479443,0,21573048,12133,9929613,877566,8970193,252954,1,2048,0,2048,1,1,1
whole_batch_multiget,3949,2048,2264,97663,22157515,12383,21776571,0,21871509,11071,9875621,865444,8930749,289833,1,2048,0,2048,1,1,1
whole_batch_multiget,3950,2048,2495,96992,21911654,11401,21534937,0,21622912,10841,9635771,868589,8689387,234359,1,2048,0,2048,1,1,1
whole_batch_multiget,3951,2048,2054,95259,21960545,9568,21594639,0,21681753,11631,9553567,861125,8616589,249848,1,2048,0,2048,1,1,1
whole_batch_multiget,3952,2048,2034,83437,21871138,10990,21516512,0,21605920,11933,9682499,854673,8752094,248937,1,2048,0,2048,1,1,1
whole_batch_multiget,3953,2048,3246,86272,22469099,11923,22104736,0,22194695,12323,10557079,864111,9615553,238587,1,2048,0,2048,1,1,1
whole_batch_multiget,3954,2048,2424,84368,21895854,11341,21538013,0,21627972,11512,9677450,865404,8724482,235752,1,2048,0,2048,1,1,1
whole_batch_multiget,3955,2048,2525,83637,21924928,11491,21555546,0,21646827,10990,9708287,873297,8753337,285646,1,2048,0,2048,1,1,1
whole_batch_multiget,3956,2048,2405,113493,22113232,12584,21718972,0,21810855,10830,9826859,870372,8878812,245009,1,2048,0,2048,1,1,1
whole_batch_multiget,3957,2048,2124,84228,22021730,10831,21660963,0,21751073,11802,9876433,874280,8925990,238727,1,2048,0,2048,1,1,1
whole_batch_multiget,3958,2048,2054,83607,22091180,11391,21732979,0,21823829,12013,10852373,866976,9853540,365005,1,2048,0,2048,1,1,1
whole_batch_multiget,3959,2048,3446,161724,22335799,14557,21881878,0,21978018,11611,10084102,879950,9123170,237425,1,2048,0,2048,1,1,1
whole_batch_multiget,3960,2048,2134,81763,22714960,11972,22348783,0,22447428,12724,10124017,867667,9173334,236824,1,2048,0,2048,1,1,1
whole_batch_multiget,3961,2048,1914,84508,21935178,11001,21575173,0,21667536,11521,10191593,862728,9230351,229891,1,2048,0,2048,1,1,1
whole_batch_multiget,3962,2048,1964,89247,22609874,11010,22246011,0,22334857,11151,9932538,870712,8979630,236543,1,2048,0,2048,1,1,1
whole_batch_multiget,3963,2048,2024,85901,22031228,11051,21663718,0,21762965,11712,11076053,878207,10091316,235892,1,2048,0,2048,1,1,1
whole_batch_multiget,3964,2048,2094,86271,22830497,8776,22459892,0,22546574,10680,10025412,872406,9075911,239208,1,2048,0,2048,1,1,1
whole_batch_multiget,3965,2048,2024,86031,22111889,10129,21747626,0,21833968,10911,9909976,873137,8952359,237546,1,2048,0,2048,1,1,1
whole_batch_multiget,3966,2048,2655,102542,22155692,10069,21771141,0,21856050,10530,9966452,870312,9018393,235462,1,2048,0,2048,1,1,1
whole_batch_multiget,3967,2048,2204,93536,22202920,11612,21836513,0,21927654,11522,10178018,898545,9199412,238247,1,2048,0,2048,1,1,1
whole_batch_multiget,3968,2048,2184,88135,22002414,11602,21646336,0,21730714,10971,9918271,868188,8969411,233368,1,2048,0,2048,1,1,1
whole_batch_multiget,3969,2048,2074,84017,22135203,11371,21779857,0,21866539,10990,9959538,877656,8996542,231915,1,2048,0,2048,1,1,1
whole_batch_multiget,3970,2048,2094,86632,22273712,11272,21877629,0,21974061,12112,10289928,920987,9279443,243797,1,2048,0,2048,1,1,1
whole_batch_multiget,3971,2048,2505,85170,22213940,11422,21861540,0,21946610,11471,10032655,884408,9063408,248927,1,2048,0,2048,1,1,1
whole_batch_multiget,3972,2048,2284,109887,22349034,11412,21961817,0,22048621,11803,10087117,896502,9105367,239349,1,2048,0,2048,1,1,1
whole_batch_multiget,3973,2048,2114,89538,22504966,10510,22114274,0,22208781,11621,11263854,887234,10269549,235973,1,2048,0,2048,1,1,1
whole_batch_multiget,3974,2048,2294,87344,24936447,6853,24561464,0,24648466,8726,11327624,1050390,10200571,246943,1,2048,0,2048,1,1,1
whole_batch_multiget,3975,2048,2014,84959,25607154,8786,25238693,0,25325626,10921,11317125,1014693,10212362,248917,1,2048,0,2048,1,1,1
whole_batch_multiget,3976,2048,2014,83818,27060360,6472,26648066,0,26731914,8406,12848146,1045761,11687889,250650,1,2048,0,2048,1,1,1
whole_batch_multiget,3977,2048,2185,86673,26880793,6903,26511381,0,26595608,7003,11357179,1008230,10237800,254177,1,2048,0,2048,1,1,1
whole_batch_multiget,3978,2048,11502,124994,26173256,11782,25754751,0,25843608,8576,12728872,1122034,11495129,250600,1,2048,0,2048,1,1,1
whole_batch_multiget,3979,2048,2064,90470,26431260,7113,26053672,0,26153469,8196,12131462,1119179,10929187,258265,1,2048,0,2048,1,1,1
whole_batch_multiget,3980,2048,2063,136235,27557622,13225,27127796,0,27215741,8025,11441478,957445,10377452,260619,1,2048,0,2048,1,1,1
whole_batch_multiget,3981,2048,2244,111940,24855886,10550,24449723,0,24540444,11812,11619301,1062242,10442123,244248,1,2048,0,2048,1,1,1
whole_batch_multiget,3982,2048,2244,92533,24794981,11471,24419247,0,24508293,12343,10990041,948058,9952586,251492,1,2048,0,2048,1,1,1
whole_batch_multiget,3983,2048,3296,131036,24454763,12754,24036959,0,24129703,11382,11538440,950563,10477790,231985,1,2048,0,2048,1,1,1
whole_batch_multiget,3984,2048,2585,90730,24421150,10490,24045675,0,24135073,12083,11614783,940504,10560305,235241,1,2048,0,2048,1,1,1
whole_batch_multiget,3985,2048,2074,94176,24798848,11040,24406363,0,24504516,11742,11188794,1028469,10066109,240992,1,2048,0,2048,1,1,1
whole_batch_multiget,3986,2048,2094,101931,25130550,10289,24746290,0,24832000,10550,11310982,949912,10246647,299401,1,2048,0,2048,1,1,1
whole_batch_multiget,3987,2048,2364,127960,24716574,9257,24308799,0,24391995,11041,11499807,949902,10441241,250880,1,2048,0,2048,1,1,1
whole_batch_multiget,3988,2048,2194,97213,24793359,10800,24376085,0,24474590,13395,11310482,1045812,10156578,243867,1,2048,0,2048,1,1,1
whole_batch_multiget,3989,2048,2515,92583,25283357,11843,24907893,0,24999575,11471,11325420,954621,10263919,250901,1,2048,0,2048,1,1,1
whole_batch_multiget,3990,2048,3386,149861,24570871,19056,24107853,0,24208091,12915,11398256,949911,10333890,243086,1,2048,0,2048,1,1,1
whole_batch_multiget,3991,2048,1974,91011,24532218,12243,24151214,0,24241794,12494,12647290,960060,11569457,250700,1,2048,0,2048,1,1,1
whole_batch_multiget,3992,2048,2505,95148,24909707,12063,24524794,0,24615104,10610,11143889,940874,10129758,292418,1,2048,0,2048,1,1,1
whole_batch_multiget,3993,2048,3096,152466,24860223,11952,24377769,0,24473719,7585,11364063,939943,10315877,251001,1,2048,0,2048,1,1,1
whole_batch_multiget,3994,2048,2875,118322,25006057,12663,24582934,0,24677310,10921,11594675,951464,10527744,249377,1,2048,0,2048,1,1,1
whole_batch_multiget,3995,2048,2154,92394,24958568,12123,24544982,0,24648186,10921,11235953,962445,10196523,246582,1,2048,0,2048,1,1,1
whole_batch_multiget,3996,2048,2084,108573,24797506,9678,24387807,0,24477266,9858,11263734,959369,10170483,263735,1,2048,0,2048,1,1,1
whole_batch_multiget,3997,2048,4007,145152,25238723,10530,24708970,0,24880271,12493,7925173,1145869,6702650,260218,1,2048,0,2048,1,1,1
whole_batch_multiget,3998,2048,2254,118613,26650732,9809,26093527,0,26238318,12313,6741743,991850,5647421,252273,1,2048,0,2048,1,1,1
whole_batch_multiget,3999,2048,2124,99727,25722872,7904,25315408,0,25403672,11281,7177761,969208,6130387,263735,1,2048,0,2048,1,1,1
whole_batch_multiget,4000,2048,2745,101590,26353834,8967,25961198,0,26049153,10960,7090988,954681,6075414,236604,1,2048,0,2048,1,1,1
whole_batch_multiget,4001,2048,2254,90169,26301566,8506,25919320,0,26008978,18795,7106998,949561,6087347,251041,1,2048,0,2048,1,1,1
whole_batch_multiget,4002,2048,2235,91912,26405121,8576,26033193,0,26118464,10109,7383166,945804,6374585,260759,1,2048,0,2048,1,1,1
whole_batch_multiget,4003,2048,2234,114394,25967450,10560,25523116,0,25613216,12664,7622245,981941,6571034,237445,1,2048,0,2048,1,1,1
whole_batch_multiget,4004,2048,2174,93346,25956390,11251,25518347,0,25611683,10800,7658653,942758,6641014,278483,1,2048,0,2048,1,1,1
whole_batch_multiget,4005,2048,2454,97103,25954486,11502,25572499,0,25662308,10951,22145322,937047,21112806,244989,1,2048,0,2048,1,1,1
whole_batch_multiget,4006,2048,2144,103494,29892561,11221,29501558,0,29589603,9668,8244893,949892,7233085,248516,1,2048,0,2048,1,1,1
whole_batch_multiget,4007,2048,2014,86542,28371338,10770,27959225,0,28057339,13184,9249306,1430964,7722894,237946,1,2048,0,2048,1,1,1
whole_batch_multiget,4008,2048,2214,96281,28575221,10570,28173457,0,28267103,11401,7982009,956443,6956346,258985,1,2048,0,2048,1,1,1
whole_batch_multiget,4009,2048,1904,88896,28309733,10319,27926164,0,28018978,10460,8056780,941606,7053609,236965,1,2048,0,2048,1,1,1
whole_batch_multiget,4010,2048,2404,82335,29091910,10380,28697230,0,28799933,11291,8338668,948349,7311432,242965,1,2048,0,2048,1,1,1
whole_batch_multiget,4011,2048,1964,89047,28580050,11091,28189337,0,28277182,9839,8391017,919304,7407011,239890,1,2048,0,2048,1,1,1
whole_batch_multiget,4012,2048,2244,86132,28758455,10329,28336102,0,28425901,10580,8542020,937929,7519362,301926,1,2048,0,2048,1,1,1
whole_batch_multiget,4013,2048,2134,91111,28704864,11331,28328709,0,28416042,10509,8243770,950433,7230009,233548,1,2048,0,2048,1,1,1
whole_batch_multiget,4014,2048,2034,85931,28632217,10590,28222389,0,28310985,10861,8318000,938890,7312464,248006,1,2048,0,2048,1,1,1
whole_batch_multiget,4015,2048,2103,87293,29211564,10219,28834587,0,28922231,10990,8534025,936265,7531715,246152,1,2048,0,2048,1,1,1
whole_batch_multiget,4016,2048,2063,96902,28683103,10270,28296879,0,28382029,10650,8595260,954280,7570928,252784,1,2048,0,2048,1,1,1
whole_batch_multiget,4017,2048,2285,89057,28708401,10791,28328828,0,28414099,11221,8677163,961894,7646510,251271,1,2048,0,2048,1,1,1
whole_batch_multiget,4018,2048,1933,97533,29095646,11632,28703782,0,28793781,10269,9692768,935965,8696951,252553,1,2048,0,2048,1,1,1
whole_batch_multiget,4019,2048,2404,97173,28873410,10379,28483549,0,28572355,10831,8705026,939101,7696624,259928,1,2048,0,2048,1,1,1
whole_batch_multiget,4020,2048,1944,121608,29322773,10980,28894439,0,28992373,10901,8920200,942026,7913722,252834,1,2048,0,2048,1,1,1
whole_batch_multiget,4021,2048,1893,87344,28838865,10009,28459403,0,28549443,10931,9114734,944491,8095392,247044,1,2048,0,2048,1,1,1
whole_batch_multiget,4022,2048,2585,89168,29092902,10480,28711476,0,28800533,10470,8750801,942799,7725979,236633,1,2048,0,2048,1,1,1
whole_batch_multiget,4023,2048,2204,96962,32055468,9898,31638997,0,31739655,12052,8684096,961283,7651269,233188,1,2048,0,2048,1,1,1
whole_batch_multiget,4024,2048,2185,96060,28900761,9527,28500341,0,28594697,10610,8768805,954109,7745035,264196,1,2048,0,2048,1,1,1
whole_batch_multiget,4025,2048,2053,92303,29414484,10520,29025134,0,29115524,11030,8908227,953308,7891961,248967,1,2048,0,2048,1,1,1
whole_batch_multiget,4026,2048,2174,91432,28896463,10861,28475333,0,28565613,10460,8883781,939352,7876211,268203,1,2048,0,2048,1,1,1
whole_batch_multiget,4027,2048,2325,109275,28580470,10620,28165743,0,28255591,10649,8920790,933902,7919362,241122,1,2048,0,2048,1,1,1
whole_batch_multiget,4028,2048,2384,107762,29114351,10159,28708551,0,28794893,9497,8779575,916128,7803104,275096,1,2048,0,2048,1,1,1
whole_batch_multiget,4029,2048,2094,113433,27801680,10069,27385890,0,27469847,9949,8734761,908434,7759332,237485,1,2048,0,2048,1,1,1
whole_batch_multiget,4030,2048,2455,107903,28039376,10610,27502549,0,27604821,10900,8698564,918102,7713697,238247,1,2048,0,2048,1,1,1
whole_batch_multiget,4031,2048,2535,101270,27207706,8987,26823956,0,26903546,9798,9211716,882395,8263868,254929,1,2048,0,2048,1,1,1
whole_batch_multiget,4032,2048,2264,96100,30207662,10480,29835884,0,29917969,10390,9694011,1051642,8572377,264356,1,2048,0,2048,1,1,1
whole_batch_multiget,4033,2048,2716,102663,31256820,11141,30858393,0,30945827,11321,9606246,960501,8562449,251562,1,2048,0,2048,1,1,1
whole_batch_multiget,4034,2048,2244,125776,30715013,12173,30290207,0,30374135,12032,9678571,1123557,8490994,251221,1,2048,0,2048,1,1,1
whole_batch_multiget,4035,2048,2134,110928,30608694,12464,30178106,0,30266904,11030,9309389,954601,8280980,239719,1,2048,0,2048,1,1,1
whole_batch_multiget,4036,2048,2244,92353,29157082,10670,28770577,0,28857039,11050,9297206,960572,8268617,253385,1,2048,0,2048,1,1,1
whole_batch_multiget,4037,2048,2385,96692,29332692,11391,28937520,0,29026827,10610,9369401,954280,8343497,263164,1,2048,0,2048,1,1,1
whole_batch_multiget,4038,2048,1914,91391,32034588,9808,31669023,0,31750636,11662,10552500,970169,9509164,246722,1,2048,0,2048,1,1,1
whole_batch_multiget,4039,2048,2545,91181,29654254,10720,29268331,0,29353570,11071,9102882,964189,8067179,271970,1,2048,0,2048,1,1,1
whole_batch_multiget,4040,2048,2124,94296,29997689,12573,29610683,0,29702304,13285,9061544,951595,8039056,251021,1,2048,0,2048,1,1,1
whole_batch_multiget,4041,2048,2014,99246,28959752,12523,28574910,0,28664588,13044,9220542,959359,8181163,235001,1,2048,0,2048,1,1,1
whole_batch_multiget,4042,2048,1934,94016,28859223,11972,28476575,0,28566584,13345,9273151,953118,8242809,239850,1,2048,0,2048,1,1,1
whole_batch_multiget,4043,2048,2294,98755,29360443,13596,28948140,0,29050402,12023,9011330,953528,7988201,238768,1,2048,0,2048,1,1,1
whole_batch_multiget,4044,2048,2525,90931,29138317,12674,28752223,0,28851108,12874,9173193,952627,8141028,236464,1,2048,0,2048,1,1,1
whole_batch_multiget,4045,2048,1913,92454,29521816,11842,29128448,0,29229818,11651,9392204,938740,8384766,234901,1,2048,0,2048,1,1,1
whole_batch_multiget,4046,2048,2595,89537,29140942,11893,28761460,0,28858873,12424,9224199,947758,8194358,245199,1,2048,0,2048,1,1,1
whole_batch_multiget,4047,2048,2315,96361,29074757,11352,28686580,0,28773373,13866,9383868,953959,8354488,235873,1,2048,0,2048,1,1,1
whole_batch_multiget,4048,2048,3236,113694,30167968,10850,29770142,0,29851003,10430,9384921,941646,8367232,266400,1,2048,0,2048,1,1,1
whole_batch_multiget,4049,2048,2254,104456,29128699,13255,28732996,0,28817355,10971,9550511,928280,8547891,255449,1,2048,0,2048,1,1,1
whole_batch_multiget,4050,2048,2274,97122,31889146,10891,31499515,0,31588722,11461,9539069,939832,8526350,241553,1,2048,0,2048,1,1,1
whole_batch_multiget,4051,2048,2014,93525,29232213,10559,28845748,0,28931138,10399,9687257,973045,8641486,258504,1,2048,0,2048,1,1,1
whole_batch_multiget,4052,2048,2044,97353,29783367,10810,29394818,0,29480899,10660,9879508,939051,8851771,256762,1,2048,0,2048,1,1,1
whole_batch_multiget,4053,2048,3216,153006,29915885,15990,29468125,0,29557933,10530,10217712,950883,9155721,258445,1,2048,0,2048,1,1,1
whole_batch_multiget,4054,2048,2033,125074,30288104,11292,29853858,0,29952244,10680,9887313,939171,8848876,245230,1,2048,0,2048,1,1,1
whole_batch_multiget,4055,2048,3026,154019,30680780,11591,30210237,0,30309322,12353,9772968,939321,8736755,245120,1,2048,0,2048,1,1,1
whole_batch_multiget,4056,2048,2235,97883,30377050,10590,29966039,0,30058342,10871,9706785,940784,8641787,269906,1,2048,0,2048,1,1,1
whole_batch_multiget,4057,2048,2274,87985,30255382,11421,29775922,0,29885267,12193,9607969,1004764,8519598,249718,1,2048,0,2048,1,1,1
whole_batch_multiget,4058,2048,1964,99236,30204797,10560,29803094,0,29896289,11141,10614196,932249,9576430,243868,1,2048,0,2048,1,1,1
whole_batch_multiget,4059,2048,2525,93816,30250322,12393,29862575,0,29958866,10811,9758441,949390,8730834,248376,1,2048,0,2048,1,1,1
whole_batch_multiget,4060,2048,2224,90280,30875876,9898,30486205,0,30576534,11111,10124638,932399,9085629,239900,1,2048,0,2048,1,1,1
whole_batch_multiget,4061,2048,2194,97844,30303582,11492,29892051,0,29988311,10981,9794158,929022,8800204,259306,1,2048,0,2048,1,1,1
whole_batch_multiget,4062,2048,2445,115647,30852081,11773,30431713,0,30525429,11421,10074494,943339,9020146,259577,1,2048,0,2048,1,1,1
whole_batch_multiget,4063,2048,2104,104797,30521691,11271,30114327,0,30208123,10861,9701545,935214,8686621,266029,1,2048,0,2048,1,1,1
whole_batch_multiget,4064,2048,3015,129823,30368824,15800,29924010,0,30025210,11762,12004574,942067,10950677,252153,1,2048,0,2048,1,1,1
whole_batch_multiget,4065,2048,2154,100138,30406134,6582,30007717,0,30097155,7284,10157269,947026,9097502,244418,1,2048,0,2048,1,1,1
whole_batch_multiget,4066,2048,2154,101951,30222730,9758,29808624,0,29902510,11412,10140258,978855,9086060,243016,1,2048,0,2048,1,1,1
whole_batch_multiget,4067,2048,2315,102482,30508296,8967,30106803,0,30197313,10560,10260283,957806,9198441,248396,1,2048,0,2048,1,1,1
whole_batch_multiget,4068,2048,2103,99968,30921010,14287,30515139,0,30618663,10881,10144696,944051,9129501,243717,1,2048,0,2048,1,1,1
whole_batch_multiget,4069,2048,2876,134221,31776644,11462,31340227,0,31435265,11031,10443817,968757,9370915,248396,1,2048,0,2048,1,1,1
whole_batch_multiget,4070,2048,2515,101701,30862159,11111,30453092,0,30552519,10640,10555316,957385,9491581,259827,1,2048,0,2048,1,1,1
whole_batch_multiget,4071,2048,2234,94667,31209872,11892,30789814,0,30878460,10940,11794670,949861,10734612,281748,1,2048,0,2048,1,1,1
whole_batch_multiget,4072,2048,3166,180258,32972648,16441,32477950,0,32579861,10640,10616330,997881,9513572,254407,1,2048,0,2048,1,1,1
whole_batch_multiget,4073,2048,2244,105378,30928504,10309,30526961,0,30617641,11591,10467010,935044,9423142,253986,1,2048,0,2048,1,1,1
whole_batch_multiget,4074,2048,2524,101300,31205734,11431,30755409,0,30853483,11471,10532352,944672,9492973,242264,1,2048,0,2048,1,1,1
whole_batch_multiget,4075,2048,2715,141145,32034228,16911,31580156,0,31678300,12534,11067396,963868,9987631,245531,1,2048,0,2048,1,1,1
whole_batch_multiget,4076,2048,2545,113173,31121967,6412,30730513,0,30813017,6933,11186269,943270,10152590,268623,1,2048,0,2048,1,1,1
whole_batch_multiget,4077,2048,2164,124323,30027975,12614,29599221,0,29694911,12133,11603271,932609,10595742,253566,1,2048,0,2048,1,1,1
whole_batch_multiget,4078,2048,2785,105368,32268256,9638,31835686,0,31947385,11632,10386509,948739,9365183,250199,1,2048,0,2048,1,1,1
whole_batch_multiget,4079,2048,2325,94467,29822330,11772,29431366,0,29529951,13195,9998591,933501,8973259,230994,1,2048,0,2048,1,1,1
whole_batch_multiget,4080,2048,2585,123551,29827078,13044,29360473,0,29473736,11973,9831418,948859,8808810,244589,1,2048,0,2048,1,1,1
whole_batch_multiget,4081,2048,2374,80962,29791362,14327,29440163,0,29541774,13646,9969918,927489,8960085,243477,1,2048,0,2048,1,1,1
whole_batch_multiget,4082,2048,2335,77876,29817149,13065,29479937,0,29573984,13947,9996188,945433,8963591,248486,1,2048,0,2048,1,1,1
whole_batch_multiget,4083,2048,2094,88306,29958806,12533,29607787,0,29704669,13054,10034258,916259,9033501,246502,1,2048,0,2048,1,1,1
whole_batch_multiget,4084,2048,2255,80981,29019715,12654,28678935,0,28774284,12193,9900878,914786,8912244,243066,1,2048,0,2048,1,1,1
whole_batch_multiget,4085,2048,2054,75912,28695797,12534,28340651,0,28446269,13436,10235366,920306,9220733,238467,1,2048,0,2048,1,1,1
whole_batch_multiget,4086,2048,2244,80771,28204505,12653,27865320,0,27959435,11982,9555881,875993,8605509,240651,1,2048,0,2048,1,1,1
whole_batch_multiget,4087,2048,2625,74219,27882972,11972,27550619,0,27645587,11411,9756437,870482,8802628,234460,1,2048,0,2048,1,1,1
whole_batch_multiget,4088,2048,2425,74770,27706041,12734,27362706,0,27462253,12703,9644167,858630,8709774,239890,1,2048,0,2048,1,1,1
whole_batch_multiget,4089,2048,2224,74269,27505274,12263,27175475,0,27268991,11381,9683631,863309,8750872,228348,1,2048,0,2048,1,1,1
whole_batch_multiget,4090,2048,2344,83227,27504413,11482,27169594,0,27263290,11942,9970629,859451,9030296,236724,1,2048,0,2048,1,1,1
whole_batch_multiget,4091,2048,2214,75501,27734534,11742,27396239,0,27497770,12153,9725269,874571,8773945,241673,1,2048,0,2048,1,1,1
whole_batch_multiget,4092,2048,2715,75642,27665284,11191,27334624,0,27429192,11331,9893765,870883,8948723,267622,1,2048,0,2048,1,1,1
whole_batch_multiget,4093,2048,2444,93285,29757498,8997,29383938,0,29481230,9909,9984265,874130,9024725,242505,1,2048,0,2048,1,1,1
whole_batch_multiget,4094,2048,2294,90410,27864558,8716,27508821,0,27595844,10650,9917229,868238,8982326,242565,1,2048,0,2048,1,1,1
whole_batch_multiget,4095,2048,2585,100568,28144843,6412,27773296,0,27862234,7554,10055549,864842,9115465,241413,1,2048,0,2048,1,1,1
whole_batch_multiget,4096,2048,2855,119314,27980014,10790,27566800,0,27655776,10220,9803826,869661,8866549,246542,1,2048,0,2048,1,1,1
whole_batch_multiget,4097,2048,2555,92875,27775601,7825,27411759,0,27500755,9568,11142637,871484,10196593,243897,1,2048,0,2048,1,1,1
whole_batch_multiget,4098,2048,2775,91923,28084801,6282,27713565,0,27805918,6643,9935934,881824,8984049,253054,1,2048,0,2048,1,1,1
whole_batch_multiget,4099,2048,2575,91932,27743421,8716,27378156,0,27464939,10089,10098580,933831,9098273,244709,1,2048,0,2048,1,1,1
whole_batch_multiget,4100,2048,2665,106449,27700640,6332,27322942,0,27405136,6552,9990997,864842,9052557,239950,1,2048,0,2048,1,1,1
whole_batch_multiget,4101,2048,4208,104596,28254559,8817,27839902,0,27930311,10970,9924232,853050,9002904,254688,1,2048,0,2048,1,1,1
whole_batch_multiget,4102,2048,2064,105768,27721098,7985,27339543,0,27426597,9658,10186715,876293,9227526,249548,1,2048,0,2048,1,1,1
whole_batch_multiget,4103,2048,2315,93204,28228180,7734,27830343,0,27931082,10049,29490327,854242,28542259,244078,1,2048,0,2048,1,1,1
whole_batch_multiget,4104,2048,2525,94357,27707182,5962,27344893,0,27426727,6472,10346003,865784,9404888,243076,1,2048,0,2048,1,1,1
whole_batch_multiget,4105,2048,2725,89759,29369711,8045,29000157,0,29088203,10339,10349960,866846,9406290,244849,1,2048,0,2048,1,1,1
whole_batch_multiget,4106,2048,1884,96861,28154912,8355,27778867,0,27870899,10239,10280581,868739,9318707,250640,1,2048,0,2048,1,1,1
whole_batch_multiget,4107,2048,2144,92173,27751295,7794,27377224,0,27466601,9999,10236478,861325,9291917,253335,1,2048,0,2048,1,1,1
whole_batch_multiget,4108,2048,2184,95499,28110428,6061,27743390,0,27824893,6903,9976480,854262,9062456,257222,1,2048,0,2048,1,1,1
whole_batch_multiget,4109,2048,3005,107061,27885998,9167,27498561,0,27585013,10901,10145267,869320,9191488,255679,1,2048,0,2048,1,1,1
whole_batch_multiget,4110,2048,2595,103113,28539283,6422,28153019,0,28237057,7104,10045148,878999,9102631,244718,1,2048,0,2048,1,1,1
whole_batch_multiget,4111,2048,2234,95950,27973161,9127,27595663,0,27687396,10911,10273147,860765,9321472,250871,1,2048,0,2048,1,1,1
whole_batch_multiget,4112,2048,2134,98144,28027643,6112,27644395,0,27736798,7484,10133474,902863,9151833,251702,1,2048,0,2048,1,1,1
whole_batch_multiget,4113,2048,1954,103284,28480072,7354,28092826,0,28179549,10380,10100223,875441,9141403,294903,1,2048,0,2048,1,1,1
whole_batch_multiget,4114,2048,1943,94247,27760813,8385,27363859,0,27456643,9688,9926106,871745,8968439,241242,1,2048,0,2048,1,1,1
whole_batch_multiget,4115,2048,2304,100028,28126759,8356,27740275,0,27830774,10990,10107786,877566,9161872,251422,1,2048,0,2048,1,1,1
whole_batch_multiget,4116,2048,2074,98514,27911535,8776,27525883,0,27613817,9668,10190671,867206,9243115,246332,1,2048,0,2048,1,1,1
whole_batch_multiget,4117,2048,2655,98084,27971328,13596,27579113,0,27674752,10630,10969572,854593,10044487,259266,1,2048,0,2048,1,1,1
whole_batch_multiget,4118,2048,2225,98665,28415641,10640,28020259,0,28108305,10069,10195701,869991,9240330,250099,1,2048,0,2048,1,1,1
whole_batch_multiget,4119,2048,2474,99496,27784828,10089,27396210,0,27484154,9869,10502827,887444,9509374,241412,1,2048,0,2048,1,1,1
whole_batch_multiget,4120,2048,2454,120386,30181332,13565,29761896,0,29854219,14206,10381920,878838,9410168,235863,1,2048,0,2048,1,1,1
whole_batch_multiget,4121,2048,2314,89789,27892751,12434,27529129,0,27624558,12273,10417247,871284,9456855,246953,1,2048,0,2048,1,1,1
whole_batch_multiget,4122,2048,2484,83907,28394592,13475,28038704,0,28132851,12704,10317520,871714,9359923,294392,1,2048,0,2048,1,1,1
whole_batch_multiget,4123,2048,2555,83657,28089390,9899,27734063,0,27826907,11902,10289767,869080,9333244,251351,1,2048,0,2048,1,1,1
whole_batch_multiget,4124,2048,2986,98635,29223596,6412,28840768,0,28929345,6742,10334271,866014,9376084,291356,1,2048,0,2048,1,1,1
whole_batch_multiget,4125,2048,4037,141315,28931820,10540,28478239,0,28567607,10750,10922514,871694,9942347,276398,1,2048,0,2048,1,1,1
whole_batch_multiget,4126,2048,2324,100719,29569916,7724,29178432,0,29273610,10119,11293159,871104,10300467,291016,1,2048,0,2048,1,1,1
whole_batch_multiget,4127,2048,2485,109556,32834599,13986,32405884,0,32506564,10309,10473733,892574,9497101,240421,1,2048,0,2048,1,1,1
whole_batch_multiget,4128,2048,2625,143900,29208438,13716,28750579,0,28848202,10690,10680280,875262,9699911,240161,1,2048,0,2048,1,1,1
whole_batch_multiget,4129,2048,2885,98394,29363760,6152,28982345,0,29071832,6773,10279258,870482,9340478,239279,1,2048,0,2048,1,1,1
whole_batch_multiget,4130,2048,2875,108353,29159126,9838,28763413,0,28853382,6983,10970274,856807,10004513,248055,1,2048,0,2048,1,1,1
whole_batch_multiget,4131,2048,2755,99837,29189002,8095,28804261,0,28892054,9838,10302010,868799,9359532,264135,1,2048,0,2048,1,1,1
whole_batch_multiget,4132,2048,3015,140043,30457711,10189,30008318,0,30105300,11251,10993157,877817,10009442,259938,1,2048,0,2048,1,1,1
whole_batch_multiget,4133,2048,2364,100037,29301061,8656,28915539,0,29005337,10369,10629284,872145,9652142,305443,1,2048,0,2048,1,1,1
whole_batch_multiget,4134,2048,3055,141495,29092961,10118,28637598,0,28738697,13556,10968200,1049478,9787536,283832,1,2048,0,2048,1,1,1
whole_batch_multiget,4135,2048,3156,128151,29071091,6843,28652125,0,28745410,7113,10864686,878408,9881893,245270,1,2048,0,2048,1,1,1
whole_batch_multiget,4136,2048,2715,103514,28642207,6282,28245472,0,28342414,7323,11177352,875261,10196623,247164,1,2048,0,2048,1,1,1
whole_batch_multiget,4137,2048,2354,98545,29900486,8766,29520093,0,29607396,10109,6715615,870132,5781002,250640,1,2048,0,2048,1,1,1
whole_batch_multiget,4138,2048,3096,148849,29777085,10330,29312944,0,29401851,10650,6381128,880812,5397603,240711,1,2048,0,2048,1,1,1
whole_batch_multiget,4139,2048,2425,87494,30181353,10570,29817951,0,29912208,11872,6308080,873989,5369610,252152,1,2048,0,2048,1,1,1
whole_batch_multiget,4140,2048,2064,99146,30770728,10640,30392188,0,30484741,8906,6696038,868198,5767096,256040,1,2048,0,2048,1,1,1
whole_batch_multiget,4141,2048,3516,107552,30606009,13476,30200057,0,30305305,12173,7103041,880822,6118756,235903,1,2048,0,2048,1,1,1
whole_batch_multiget,4142,2048,2475,85921,31063537,9989,30693894,0,30793501,11922,6746562,877205,5808824,237706,1,2048,0,2048,1,1,1
whole_batch_multiget,4143,2048,2755,91632,30895903,8906,30512744,0,30601961,11331,7101408,866725,6118935,264656,1,2048,0,2048,1,1,1
whole_batch_multiget,4144,2048,3036,160371,31528579,10008,31065962,0,31163975,8406,7283249,877445,6351432,248015,1,2048,0,2048,1,1,1
whole_batch_multiget,4145,2048,2224,94618,33126787,9147,32754769,0,32839648,9959,7377756,903435,6374284,239780,1,2048,0,2048,1,1,1
whole_batch_multiget,4146,2048,3647,130445,34220538,7974,33786033,0,33869359,9809,7280204,893896,6330843,253325,1,2048,0,2048,1,1,1
whole_batch_multiget,4147,2048,2355,93906,40299989,8416,39907644,0,40004345,13345,8757053,901261,7736028,252213,1,2048,0,2048,1,1,1
whole_batch_multiget,4148,2048,2605,98785,36650315,10339,36270913,0,36367645,12714,8318320,1057333,7191146,236915,1,2048,0,2048,1,1,1
whole_batch_multiget,4149,2048,1853,77956,36292404,10740,35950823,0,36045631,10990,8347996,1068764,7217196,247814,1,2048,0,2048,1,1,1
whole_batch_multiget,4150,2048,2434,77165,36316058,10690,35961413,0,36051091,10840,8894341,1044890,7782856,251642,1,2048,0,2048,1,1,1
whole_batch_multiget,4151,2048,2305,81272,38257058,6432,37911370,0,38001448,11812,8215087,1106235,7039672,257834,1,2048,0,2048,1,1,1
whole_batch_multiget,4152,2048,2445,106560,33369132,9388,32977326,0,33062517,11431,7850142,900579,6888449,246032,1,2048,0,2048,1,1,1
whole_batch_multiget,4153,2048,2435,106890,32969311,11532,32574932,0,32663168,10269,7960079,948599,6947269,276578,1,2048,0,2048,1,1,1
whole_batch_multiget,4154,2048,2735,98275,32934987,8095,32558140,0,32640805,10240,7956752,868800,7024313,236143,1,2048,0,2048,1,1,1
whole_batch_multiget,4155,2048,2645,97213,32591563,6032,32204698,0,32296650,6873,9352731,881593,8415964,243076,1,2048,0,2048,1,1,1
whole_batch_multiget,4156,2048,2194,95069,32866829,7865,32485804,0,32570283,10039,8082278,877526,7140221,245510,1,2048,0,2048,1,1,1
whole_batch_multiget,4157,2048,3376,181230,35285014,9698,34774246,0,34892819,11511,8775598,951505,7704920,253335,1,2048,0,2048,1,1,1
whole_batch_multiget,4158,2048,2084,88105,33675255,11130,33362479,0,33441066,10680,8470205,1080567,7328013,106189,1,2048,0,2048,1,1,1
whole_batch_multiget,4159,2048,1833,88256,33016149,10038,32666694,0,32742055,15139,8351432,1000867,7285524,56967,1,2048,0,2048,1,1,1
whole_batch_multiget,4160,2048,1583,85040,32851290,11562,32523505,0,32599027,10720,11528241,998422,10407909,279584,1,2048,0,2048,1,1,1
whole_batch_multiget,4161,2048,2425,91201,37561714,11221,37233108,0,37314430,11802,24645300,1112567,23463103,55644,1,2048,0,2048,1,1,1
whole_batch_multiget,4162,2048,4037,275316,37770876,11662,37187091,0,37276039,11452,9354213,1063395,8217050,292058,1,2048,0,2048,1,1,1
whole_batch_multiget,4163,2048,2204,89678,36762045,13345,36381690,0,36472591,10730,8947791,939562,7946543,250590,1,2048,0,2048,1,1,1
whole_batch_multiget,4164,2048,1943,207790,35529022,11462,35052317,0,35136325,11191,8984460,1086828,7832339,73197,1,2048,0,2048,1,1,1
whole_batch_multiget,4165,2048,902,81703,35850044,12033,35494767,0,35579286,12804,9616054,1094433,8446180,137007,1,2048,0,2048,1,1,1
whole_batch_multiget,4166,2048,1543,83206,35573936,11682,35250339,0,35329808,11391,9354634,1088461,8171145,56426,1,2048,0,2048,1,1,1
whole_batch_multiget,4167,2048,1202,82314,35540112,9618,35220723,0,35306214,11151,9308889,1074666,8163390,61665,1,2048,0,2048,1,1,1
whole_batch_multiget,4168,2048,1323,88426,35083566,9087,34750261,0,34827967,11141,9195476,1079204,8047813,56265,1,2048,0,2048,1,1,1
whole_batch_multiget,4169,2048,1162,80161,35684383,10279,35378931,0,35459291,11151,9125765,1081328,7979866,56286,1,2048,0,2048,1,1,1
whole_batch_multiget,4170,2048,3838,261831,35742332,7664,35216095,0,35294061,6713,10269550,942427,9268342,247334,1,2048,0,2048,1,1,1
whole_batch_multiget,4171,2048,1643,82635,37618781,7484,37267021,0,37350458,11562,9152535,935764,8154994,248426,1,2048,0,2048,1,1,1
whole_batch_multiget,4172,2048,2575,88746,35487884,6562,35104716,0,35190817,7985,9140824,954180,8118465,248896,1,2048,0,2048,1,1,1
whole_batch_multiget,4173,2048,2074,85240,35869440,9107,35488456,0,35578515,10539,8827364,943459,7809155,255439,1,2048,0,2048,1,1,1
whole_batch_multiget,4174,2048,2224,89548,35533440,10008,35175779,0,35260027,11211,8954825,944010,7933759,255739,1,2048,0,2048,1,1,1
whole_batch_multiget,4175,2048,2285,103955,36505373,11592,36113548,0,36205310,10760,9257401,950863,8230025,250540,1,2048,0,2048,1,1,1
whole_batch_multiget,4176,2048,2094,88385,35846227,9097,35473648,0,35561934,11312,9151694,952666,8130168,245290,1,2048,0,2048,1,1,1
whole_batch_multiget,4177,2048,2404,89378,36499943,10971,36130710,0,36216502,10409,9161712,970801,8126861,246984,1,2048,0,2048,1,1,1
whole_batch_multiget,4178,2048,2104,90450,36441082,11001,36060909,0,36152812,11211,9263893,998072,8195760,259987,1,2048,0,2048,1,1,1
whole_batch_multiget,4179,2048,2625,85861,36298756,12633,35932018,0,36021996,12203,9426859,951405,8399392,245581,1,2048,0,2048,1,1,1
whole_batch_multiget,4180,2048,2364,86943,35747271,11662,35373631,0,35463810,12053,9542757,944051,8522603,242245,1,2048,0,2048,1,1,1
whole_batch_multiget,4181,2048,1954,86613,37094378,10350,36211892,0,36391059,37791,10494742,1804635,8569531,240832,1,2048,0,2048,1,1,1
whole_batch_multiget,4182,2048,2154,90650,36778886,11261,36387111,0,36478883,10039,9352429,937088,8345030,232356,1,2048,0,2048,1,1,1
whole_batch_multiget,4183,2048,1913,85320,36478252,11962,36116764,0,36205991,11792,9712214,973275,8642979,237254,1,2048,0,2048,1,1,1
whole_batch_multiget,4184,2048,2625,106119,35629430,12854,35229810,0,35327934,13866,9391754,931587,8385867,238117,1,2048,0,2048,1,1,1
whole_batch_multiget,4185,2048,2294,87254,35742372,11983,35375664,0,35465433,12383,10922554,944932,9860413,244308,1,2048,0,2048,1,1,1
whole_batch_multiget,4186,2048,2555,93185,36584661,12584,36207264,0,36296451,12754,9467695,933210,8462881,235271,1,2048,0,2048,1,1,1
whole_batch_multiget,4187,2048,2545,85961,35570851,11241,35201027,0,35295153,12403,9566311,959058,8528825,240210,1,2048,0,2048,1,1,1
whole_batch_multiget,4188,2048,9278,89047,36151038,10910,35778590,0,35869740,12423,9753592,951204,8723310,253075,1,2048,0,2048,1,1,1
whole_batch_multiget,4189,2048,2154,89328,35843171,10840,35447719,0,35533820,10961,9579776,953819,8552790,249067,1,2048,0,2048,1,1,1
whole_batch_multiget,4190,2048,2455,86001,38270273,11271,37889950,0,37980249,11552,9815308,945763,8758135,296216,1,2048,0,2048,1,1,1
whole_batch_multiget,4191,2048,2154,88085,36949786,11853,36550898,0,36642100,11582,10034159,941225,9007934,267271,1,2048,0,2048,1,1,1
whole_batch_multiget,4192,2048,3236,115557,37266450,12353,36854457,0,36953212,12143,9874619,942288,8835250,238737,1,2048,0,2048,1,1,1
whole_batch_multiget,4193,2048,2896,144451,36927935,11702,36489964,0,36579051,11392,9944841,946815,8902276,253526,1,2048,0,2048,1,1,1
whole_batch_multiget,4194,2048,4238,152777,39709993,11121,39252555,0,39361309,11462,9993933,959659,8923175,251371,1,2048,0,2048,1,1,1
whole_batch_multiget,4195,2048,2204,93004,37588394,12343,37201168,0,37291207,10169,9963436,941826,8902717,293801,1,2048,0,2048,1,1,1
whole_batch_multiget,4196,2048,2264,87474,37854664,11471,37447109,0,37541626,10920,10449577,948498,9391823,240241,1,2048,0,2048,1,1,1
whole_batch_multiget,4197,2048,2024,88686,37122830,11552,36724995,0,36820745,11551,10153371,962976,9074769,286818,1,2048,0,2048,1,1,1
whole_batch_multiget,4198,2048,2846,103614,39048422,11412,38603959,0,38717381,13485,10346905,1061050,9174436,237916,1,2048,0,2048,1,1,1
whole_batch_multiget,4199,2048,2275,92283,37027412,11752,36618656,0,36717761,13074,9694501,938510,8649371,277049,1,2048,0,2048,1,1,1
whole_batch_multiget,4200,2048,2565,104566,38000938,10540,37568667,0,37665779,11311,14147392,948518,13088927,251352,1,2048,0,2048,1,1,1
whole_batch_multiget,4201,2048,2615,98164,37093876,9348,36683537,0,36776541,10781,10150297,946205,9096540,245580,1,2048,0,2048,1,1,1
whole_batch_multiget,4202,2048,2134,93465,37936537,10570,37526517,0,37625012,10820,10292573,954380,9230411,276198,1,2048,0,2048,1,1,1
whole_batch_multiget,4203,2048,2344,92985,37378069,9267,36950558,0,37051166,12613,10444808,958217,9373359,246232,1,2048,0,2048,1,1,1
whole_batch_multiget,4204,2048,2024,94687,38728762,8596,38330475,0,38427437,11241,10272646,945563,9217236,254527,1,2048,0,2048,1,1,1
whole_batch_multiget,4205,2048,2275,103965,37149200,10911,36699897,0,36798723,11601,10165605,930305,9124543,241072,1,2048,0,2048,1,1,1
whole_batch_multiget,4206,2048,2595,94387,40095295,12453,39675679,0,39786636,10469,10307771,985538,9212598,238868,1,2048,0,2048,1,1,1
whole_batch_multiget,4207,2048,2214,95790,37896291,11792,37493946,0,37594765,12403,10358216,958628,9286887,252573,1,2048,0,2048,1,1,1
whole_batch_multiget,4208,2048,2334,96962,37725431,13556,37319951,0,37422713,11231,10131381,970650,9049031,245460,1,2048,0,2048,1,1,1
whole_batch_multiget,4209,2048,2244,99586,37277091,12484,36867101,0,36971217,13595,10431794,978384,9347640,255088,1,2048,0,2048,1,1,1
whole_batch_multiget,4210,2048,2655,94958,37415039,7945,37010400,0,37115126,12082,10252538,1139497,9029103,236603,1,2048,0,2048,1,1,1
whole_batch_multiget,4211,2048,2585,93996,36614818,12182,36186165,0,36287845,10971,10842034,938460,9778599,270507,1,2048,0,2048,1,1,1
whole_batch_multiget,4212,2048,2234,126277,37007274,10039,36536691,0,36636148,9638,10006717,938380,8981313,253676,1,2048,0,2048,1,1,1
whole_batch_multiget,4213,2048,1994,93485,36252830,10930,35854111,0,35953537,10509,9996437,939432,8977357,247515,1,2048,0,2048,1,1,1
whole_batch_multiget,4214,2048,2534,92323,36769118,11321,36356764,0,36459006,11541,10036182,923041,9027280,250019,1,2048,0,2048,1,1,1
whole_batch_multiget,4215,2048,2084,97333,36305919,10971,35891832,0,35991770,10991,11224651,937328,10194089,253596,1,2048,0,2048,1,1,1
whole_batch_multiget,4216,2048,2104,94958,37023986,11242,36608276,0,36710197,11712,10589740,934813,9565459,248807,1,2048,0,2048,1,1,1
whole_batch_multiget,4217,2048,2134,93155,36324333,11272,35916758,0,36013892,10780,10279078,938019,9256199,246192,1,2048,0,2048,1,1,1
whole_batch_multiget,4218,2048,2064,90249,38381631,10981,37866395,0,37973957,12383,10489532,976722,9404237,233518,1,2048,0,2048,1,1,1
whole_batch_multiget,4219,2048,2254,101690,36354931,9558,35932228,0,36029440,9779,10011796,942407,8992094,250930,1,2048,0,2048,1,1,1
whole_batch_multiget,4220,2048,2184,93556,36727870,10460,36307962,0,36414162,11612,10329341,955782,9291856,263685,1,2048,0,2048,1,1,1
whole_batch_multiget,4221,2048,2034,88846,36698254,6723,36283877,0,36382393,7444,10170885,937919,9162784,247184,1,2048,0,2048,1,1,1
whole_batch_multiget,4222,2048,1864,111890,36391860,8827,35967344,0,36060138,10560,10112675,946996,9090859,250219,1,2048,0,2048,1,1,1
whole_batch_multiget,4223,2048,2034,103173,36372163,9898,35956063,0,36051211,9367,10474283,937248,9451575,248606,1,2048,0,2048,1,1,1
whole_batch_multiget,4224,2048,2414,98074,36399655,8756,35989044,0,36088601,10409,10744590,942568,9692948,242896,1,2048,0,2048,1,1,1
whole_batch_multiget,4225,2048,1964,102873,36246828,8867,35738164,0,35848190,11171,10194308,933942,9187490,253065,1,2048,0,2048,1,1,1
whole_batch_multiget,4226,2048,2024,90450,36296471,8106,35889548,0,35979537,10700,11115827,951364,10046190,254848,1,2048,0,2048,1,1,1
whole_batch_multiget,4227,2048,2254,97062,36281934,6402,35829596,0,35930204,8325,10193327,939552,9177762,248386,1,2048,0,2048,1,1,1
whole_batch_multiget,4228,2048,2154,93997,36411297,8506,35995486,0,36090645,11371,10356452,929413,9342401,243327,1,2048,0,2048,1,1,1
whole_batch_multiget,4229,2048,2554,99898,36359820,7163,35939551,0,36028909,8817,10375669,935975,9359082,261210,1,2048,0,2048,1,1,1
whole_batch_multiget,4230,2048,1924,103394,36174072,8806,35744195,0,35836298,10559,11417412,936055,10397400,250410,1,2048,0,2048,1,1,1
whole_batch_multiget,4231,2048,2325,95690,38968272,6021,38550829,0,38646197,7574,10385537,950763,9353482,260529,1,2048,0,2048,1,1,1
whole_batch_multiget,4232,2048,2395,119414,36476408,6252,36037615,0,36128366,7313,10389274,938510,9371155,254868,1,2048,0,2048,1,1,1
whole_batch_multiget,4233,2048,1824,98385,36495545,8596,36068974,0,36171346,9908,10357705,928211,9351017,249939,1,2048,0,2048,1,1,1
whole_batch_multiget,4234,2048,2565,113543,36247790,6642,35819697,0,35907391,6973,10351333,913703,9358692,245911,1,2048,0,2048,1,1,1
whole_batch_multiget,4235,2048,2425,109095,36923387,12243,36495494,0,36588799,10570,10584470,906601,9595766,247825,1,2048,0,2048,1,1,1
whole_batch_multiget,4236,2048,2094,106109,35392876,9006,34970785,0,35061164,10039,10413038,883607,9446286,254397,1,2048,0,2048,1,1,1
whole_batch_multiget,4237,2048,2074,107101,36138425,6482,35668693,0,35769492,10920,10273467,881673,9309228,237586,1,2048,0,2048,1,1,1
whole_batch_multiget,4238,2048,2805,123892,34121993,8726,33677389,0,33770413,10199,10102075,973766,9062456,246022,1,2048,0,2048,1,1,1
whole_batch_multiget,4239,2048,2144,101080,34729653,9077,34312531,0,34404293,10750,9912710,882535,8959974,241733,1,2048,0,2048,1,1,1
whole_batch_multiget,4240,2048,2374,103464,33890159,8686,33465692,0,33552926,10129,10228312,871144,9276176,243767,1,2048,0,2048,1,1,1
whole_batch_multiget,4241,2048,1894,101971,37105829,5811,36701831,0,36784326,7073,10220047,866145,9263913,247454,1,2048,0,2048,1,1,1
whole_batch_multiget,4242,2048,2234,103163,41040288,7895,40617545,0,40717082,12584,11245601,1001238,10136009,243356,1,2048,0,2048,1,1,1
whole_batch_multiget,4243,2048,2424,108604,38861632,13505,38418702,0,38518949,12183,10978249,1040491,9847478,242034,1,2048,0,2048,1,1,1
whole_batch_multiget,4244,2048,2394,107682,38743450,12814,38304657,0,38410615,14537,11113612,1100163,9926335,250550,1,2048,0,2048,1,1,1
whole_batch_multiget,4245,2048,1913,113353,39223520,12844,38789156,0,38887229,13245,11680626,931146,10651867,237957,1,2048,0,2048,1,1,1
whole_batch_multiget,4246,2048,2455,116168,36880676,12343,36441653,0,36538054,12904,10537211,926879,9524452,237164,1,2048,0,2048,1,1,1
whole_batch_multiget,4247,2048,2414,115376,37507181,12183,37049834,0,37151073,10570,10593477,940123,9577542,252643,1,2048,0,2048,1,1,1
whole_batch_multiget,4248,2048,2364,113753,36861501,8486,36417498,0,36514170,11802,10786920,941185,9773560,245811,1,2048,0,2048,1,1,1
whole_batch_multiget,4249,2048,2474,109625,37377328,7424,36938926,0,37029766,9016,10673347,931797,9661840,252273,1,2048,0,2048,1,1,1
whole_batch_multiget,4250,2048,2144,109796,36811987,6402,36403402,0,36490605,7143,10865587,950002,9830717,244679,1,2048,0,2048,1,1,1
whole_batch_multiget,4251,2048,3566,161252,39124535,13285,38608327,0,38723222,11572,11508874,1131142,10263939,231564,1,2048,0,2048,1,1,1
whole_batch_multiget,4252,2048,2865,145263,38030914,12584,37503123,0,37625463,11391,11412213,1057804,10238271,237525,1,2048,0,2048,1,1,1
whole_batch_multiget,4253,2048,2024,92563,39999155,6453,39589727,0,39680578,11281,11157405,937899,10114228,260238,1,2048,0,2048,1,1,1
whole_batch_multiget,4254,2048,2064,94597,37726042,6482,37313799,0,37404108,11311,11256751,947077,10199889,252704,1,2048,0,2048,1,1,1
whole_batch_multiget,4255,2048,2014,98335,38010556,7454,37592462,0,37686739,7935,11617067,1306000,10202133,250359,1,2048,0,2048,1,1,1
whole_batch_multiget,4256,2048,2104,99727,37175660,8897,36759629,0,36850210,12433,11448050,950924,10387060,260709,1,2048,0,2048,1,1,1
whole_batch_multiget,4257,2048,2445,107381,37840056,8235,37416552,0,37517230,9938,11275215,943990,10236808,248606,1,2048,0,2048,1,1,1
whole_batch_multiget,4258,2048,2014,96802,37481934,6822,37070803,0,37168025,7284,11529703,977443,10444297,235512,1,2048,0,2048,1,1,1
whole_batch_multiget,4259,2048,2295,98485,38003433,6472,37482866,0,37600797,9057,12146750,956293,11115186,247073,1,2048,0,2048,1,1,1
whole_batch_multiget,4260,2048,4218,168776,37669807,9668,37091592,0,37187111,10550,11411912,1073333,10244152,276649,1,2048,0,2048,1,1,1
whole_batch_multiget,4261,2048,2645,109706,37683081,10009,37327725,0,37416692,11140,11333284,1058835,10164813,56046,1,2048,0,2048,1,1,1
whole_batch_multiget,4262,2048,1503,85710,37186490,8967,36699317,0,36795667,11031,11246041,1042836,10088690,277581,1,2048,0,2048,1,1,1
whole_batch_multiget,4263,2048,2424,216446,37039425,8677,36495053,0,36593689,10810,11150341,894978,10141119,245720,1,2048,0,2048,1,1,1
whole_batch_multiget,4264,2048,2084,92674,39421863,8896,39005862,0,39102132,11311,11647023,965501,10566557,243767,1,2048,0,2048,1,1,1
whole_batch_multiget,4265,2048,2455,112450,38239465,6252,37809358,0,37900990,7244,11383399,896211,10373695,242505,1,2048,0,2048,1,1,1
whole_batch_multiget,4266,2048,2114,115006,41333678,8636,40886940,0,40986366,15319,12366843,1322090,10937572,253756,1,2048,0,2048,1,1,1
whole_batch_multiget,4267,2048,2445,145603,40206444,12123,39737614,0,39842271,11652,12070637,1108178,10831925,257153,1,2048,0,2048,1,1,1
whole_batch_multiget,4268,2048,2645,152606,39593925,14517,39109025,0,39211127,13105,12035021,941396,10974632,246071,1,2048,0,2048,1,1,1
whole_batch_multiget,4269,2048,2374,105107,37684444,12203,37262582,0,37368391,12183,11299041,938140,10248991,239709,1,2048,0,2048,1,1,1
whole_batch_multiget,4270,2048,2415,99917,36568010,12904,36135278,0,36238041,11612,11651852,1056933,10483531,250971,1,2048,0,2048,1,1,1
whole_batch_multiget,4271,2048,1973,89909,38670994,13165,38227111,0,38373126,13646,11122139,1074575,9955972,236113,1,2048,0,2048,1,1,1
whole_batch_multiget,4272,2048,2084,101841,38114721,12033,37699101,0,37800462,12393,11261510,969418,10187035,242925,1,2048,0,2048,1,1,1
whole_batch_multiget,4273,2048,2415,104225,36573060,11522,36146380,0,36246387,13906,11093054,955502,10048675,250420,1,2048,0,2048,1,1,1
whole_batch_multiget,4274,2048,2404,100568,36680000,11772,36250725,0,36352175,13836,11374251,963947,10316528,247714,1,2048,0,2048,1,1,1
whole_batch_multiget,4275,2048,2054,105377,36549315,11201,36111123,0,36216231,13145,12144647,944150,11109124,238577,1,2048,0,2048,1,1,1
whole_batch_multiget,4276,2048,2755,119274,36734031,11391,36289749,0,36392611,14316,13009227,945703,11950583,247154,1,2048,0,2048,1,1,1
whole_batch_multiget,4277,2048,2474,114535,36522455,12544,36084494,0,36180774,12153,6785566,934192,5786342,243797,1,2048,0,2048,1,1,1
whole_batch_multiget,4278,2048,2204,83898,38211102,11211,37810511,0,37909927,12433,6971725,997651,5902340,238317,1,2048,0,2048,1,1,1
whole_batch_multiget,4279,2048,2344,102042,38421797,11762,38007389,0,38103340,12343,7357869,985208,6265871,266079,1,2048,0,2048,1,1,1
whole_batch_multiget,4280,2048,2244,126547,38400967,13776,37947317,0,38054248,12844,39067127,941605,38015956,257903,1,2048,0,2048,1,1,1
whole_batch_multiget,4281,2048,2295,111490,38289810,13125,37856617,0,37955643,12313,7625671,942798,6613974,238858,1,2048,0,2048,1,1,1
whole_batch_multiget,4282,2048,2384,100810,38503280,12514,38093721,0,38189181,12263,16667238,938179,15648027,242806,1,2048,0,2048,1,1,1
whole_batch_multiget,4283,2048,2575,102973,42433390,12744,41981102,0,42075700,12273,7901930,971702,6863763,247093,1,2048,0,2048,1,1,1
whole_batch_multiget,4284,2048,2104,89849,43531820,11531,43137941,0,43227218,13605,7863096,959810,6812928,397185,1,2048,0,2048,1,1,1
whole_batch_multiget,4285,2048,2214,145413,44247602,13655,43799963,0,43890913,11030,7847367,952577,6831422,237826,1,2048,0,2048,1,1,1
whole_batch_multiget,4286,2048,2074,98385,43222510,11521,42806891,0,42898542,11612,7846145,950102,6831512,252514,1,2048,0,2048,1,1,1
whole_batch_multiget,4287,2048,2455,87043,43294796,11392,42886760,0,42988171,13095,7870611,943178,6853924,241954,1,2048,0,2048,1,1,1
whole_batch_multiget,4288,2048,2074,91662,45919868,11652,45518856,0,45614195,12243,7636501,947667,6622510,236624,1,2048,0,2048,1,1,1
whole_batch_multiget,4289,2048,1903,87424,43620877,11622,43230786,0,43323459,11742,7880479,951815,6821995,243276,1,2048,0,2048,1,1,1
whole_batch_multiget,4290,2048,3477,199113,46453850,14798,45933194,0,46026469,12664,8897516,944952,7884837,239349,1,2048,0,2048,1,1,1
whole_batch_multiget,4291,2048,2315,92784,43597844,12112,43124987,0,43234923,12744,8174701,1009733,7100917,244799,1,2048,0,2048,1,1,1
whole_batch_multiget,4292,2048,2204,95118,44372016,11802,43946688,0,44038621,11402,8143262,945052,7136785,250549,1,2048,0,2048,1,1,1
whole_batch_multiget,4293,2048,2766,92143,44001721,8486,43594458,0,43684116,11341,8123425,972043,7086500,237706,1,2048,0,2048,1,1,1
whole_batch_multiget,4294,2048,2585,94087,43737436,9037,43343547,0,43428246,11371,8637759,944421,7624549,234911,1,2048,0,2048,1,1,1
whole_batch_multiget,4295,2048,2725,93365,43637499,8305,43234913,0,43318560,11221,8186834,948830,7177881,242775,1,2048,0,2048,1,1,1
whole_batch_multiget,4296,2048,2264,90880,43871046,5811,43467720,0,43547800,8286,8266263,943148,7265044,248035,1,2048,0,2048,1,1,1
whole_batch_multiget,4297,2048,1894,89818,44148818,8245,43749889,0,43833395,11000,8549854,951093,7534681,241593,1,2048,0,2048,1,1,1
whole_batch_multiget,4298,2048,2154,96451,44038791,6211,43616278,0,43703462,8967,8422636,946265,7411129,250099,1,2048,0,2048,1,1,1
whole_batch_multiget,4299,2048,2184,100459,44848870,5761,44436085,0,44519302,7514,8638080,937428,7641470,257593,1,2048,0,2048,1,1,1
whole_batch_multiget,4300,2048,2004,96931,43492295,8025,43083319,0,43167086,11020,8567227,946485,7560308,257523,1,2048,0,2048,1,1,1
whole_batch_multiget,4301,2048,1934,102733,44154127,8036,43729221,0,43819300,12142,8805924,953648,7785291,252944,1,2048,0,2048,1,1,1
whole_batch_multiget,4302,2048,2255,89508,43334409,10991,42921365,0,43019128,13165,8685940,941506,7651009,289312,1,2048,0,2048,1,1,1
whole_batch_multiget,4303,2048,2524,114996,43437563,11631,43002046,0,43095031,12563,9122037,948870,8067159,226806,1,2048,0,2048,1,1,1
whole_batch_multiget,4304,2048,2364,100809,43618753,12193,43137180,0,43247186,12974,8862210,990056,7792574,234560,1,2048,0,2048,1,1,1
whole_batch_multiget,4305,2048,2294,104005,43651935,12163,43225335,0,43320524,13475,9776425,946475,8759678,239349,1,2048,0,2048,1,1,1
whole_batch_multiget,4306,2048,2384,96461,44067715,11251,43661894,0,43754918,12022,8717339,938750,7712585,237114,1,2048,0,2048,1,1,1
whole_batch_multiget,4307,2048,1944,93506,47069375,11852,46628447,0,46751147,11061,8921551,958939,7889115,247604,1,2048,0,2048,1,1,1
whole_batch_multiget,4308,2048,2585,119685,45545477,7263,45109288,0,45193766,7704,8922533,938330,7878836,244529,1,2048,0,2048,1,1,1
whole_batch_multiget,4309,2048,2084,100989,45189018,6793,44779770,0,44868898,13455,8803250,956213,7776875,243497,1,2048,0,2048,1,1,1
whole_batch_multiget,4310,2048,2195,119394,48000711,15599,47545267,0,47644112,9508,9428904,940775,8381489,250459,1,2048,0,2048,1,1,1
whole_batch_multiget,4311,2048,2204,102192,45983868,6613,45521482,0,45628002,13825,9894626,1092529,8683405,247003,1,2048,0,2048,1,1,1
whole_batch_multiget,4312,2048,2835,99316,45632229,12393,45196923,0,45285419,11843,9323696,998552,8210007,243447,1,2048,0,2048,1,1,1
whole_batch_multiget,4313,2048,2164,94437,45630236,8706,45199387,0,45301709,11281,9344545,991850,8282222,248566,1,2048,0,2048,1,1,1
whole_batch_multiget,4314,2048,2334,101430,47117635,6773,46637545,0,46794970,12924,9504766,962084,8435200,243556,1,2048,0,2048,1,1,1
whole_batch_multiget,4315,2048,2315,98154,49443126,11802,49008240,0,49124318,11452,9501209,966973,8429559,236193,1,2048,0,2048,1,1,1
whole_batch_multiget,4316,2048,3277,157445,47275380,13715,46785422,0,46887092,11291,9717824,959770,8651776,256060,1,2048,0,2048,1,1,1
whole_batch_multiget,4317,2048,2374,110648,46683060,12453,46264535,0,46350326,8446,9281196,946445,8268486,243818,1,2048,0,2048,1,1,1
whole_batch_multiget,4318,2048,3446,151404,45914719,12193,45403981,0,45490774,11001,11602810,940063,10550426,243186,1,2048,0,2048,1,1,1
whole_batch_multiget,4319,2048,2294,97193,47304095,8616,46888655,0,46985718,12594,10873162,972273,9792606,254457,1,2048,0,2048,1,1,1
whole_batch_multiget,4320,2048,4108,190387,45778624,9718,45211581,0,45299606,12564,9648555,976852,8568559,235702,1,2048,0,2048,1,1,1
whole_batch_multiget,4321,2048,2615,105468,46279684,9177,45856830,0,45939666,10269,9300632,946024,8283305,269635,1,2048,0,2048,1,1,1
whole_batch_multiget,4322,2048,3146,171201,45723731,12804,45228612,0,45318621,8756,9802664,952727,8743347,249508,1,2048,0,2048,1,1,1
whole_batch_multiget,4323,2048,2996,104977,45872369,10089,45451871,0,45537571,11322,9375253,955102,8355720,258044,1,2048,0,2048,1,1,1
whole_batch_multiget,4324,2048,2615,122129,45879102,11561,45455528,0,45537872,10981,9371806,945924,8350340,246202,1,2048,0,2048,1,1,1
whole_batch_multiget,4325,2048,2264,101851,44551642,10359,44148407,0,44230460,10670,9921026,940494,8889031,263304,1,2048,0,2048,1,1,1
whole_batch_multiget,4326,2048,2735,101270,44295732,10319,43858833,0,43943853,10881,9490840,956775,8457872,247835,1,2048,0,2048,1,1,1
whole_batch_multiget,4327,2048,2114,95659,44745446,10830,44324797,0,44417972,10760,9545652,949180,8522643,265488,1,2048,0,2048,1,1,1
whole_batch_multiget,4328,2048,2154,102412,44798265,10960,44392614,0,44476261,11061,9436097,948118,8422085,235902,1,2048,0,2048,1,1,1
whole_batch_multiget,4329,2048,2053,126147,46604292,11181,46127257,0,46215693,11141,9738283,976342,8680820,247323,1,2048,0,2048,1,1,1
whole_batch_multiget,4330,2048,2144,100228,44910155,10740,44492372,0,44580076,10880,9681196,943600,8671823,269907,1,2048,0,2048,1,1,1
whole_batch_multiget,4331,2048,2394,97553,45125439,10068,44667340,0,44759242,10780,9948718,1000116,8849607,234049,1,2048,0,2048,1,1,1
whole_batch_multiget,4332,2048,2234,100078,44651189,10961,44228687,0,44315199,10750,9815739,956915,8789163,247384,1,2048,0,2048,1,1,1
whole_batch_multiget,4333,2048,2334,104356,45235706,10370,44810268,0,44897802,11070,11013795,942238,9996497,249287,1,2048,0,2048,1,1,1
whole_batch_multiget,4334,2048,2555,98274,44987330,10639,44494446,0,44593861,11712,9998431,998813,8918075,267151,1,2048,0,2048,1,1,1
whole_batch_multiget,4335,2048,2645,100910,44692357,10540,44277870,0,44365063,9979,9801882,940714,8794634,251111,1,2048,0,2048,1,1,1
whole_batch_multiget,4336,2048,2254,111439,44920574,11382,44484076,0,44575287,10630,9829856,941205,8811596,248796,1,2048,0,2048,1,1,1
whole_batch_multiget,4337,2048,2174,99838,45478982,10169,45064805,0,45155395,10951,9867626,937539,8860056,246503,1,2048,0,2048,1,1,1
whole_batch_multiget,4338,2048,2474,96370,47161056,8626,46763441,0,46847218,10570,10369617,942066,9344876,236203,1,2048,0,2048,1,1,1
whole_batch_multiget,4339,2048,2445,108985,44691906,12464,44269924,0,44356287,8586,10066779,949321,9050022,237185,1,2048,0,2048,1,1,1
whole_batch_multiget,4340,2048,2385,95990,45192465,11942,44780232,0,44872214,12644,10183247,944040,9159748,242125,1,2048,0,2048,1,1,1
whole_batch_multiget,4341,2048,2264,101441,44920605,12102,44455442,0,44556632,12223,10496275,955352,9440825,246562,1,2048,0,2048,1,1,1
whole_batch_multiget,4342,2048,2184,101450,44738784,12042,44318586,0,44414815,12975,10141890,933580,9128679,242115,1,2048,0,2048,1,1,1
whole_batch_multiget,4343,2048,2224,97513,45024560,11151,44611084,0,44706663,13104,10032515,941696,9013403,235011,1,2048,0,2048,1,1,1
whole_batch_multiget,4344,2048,2374,97913,44677809,11371,44257681,0,44350756,9287,10026724,960752,8994368,229030,1,2048,0,2048,1,1,1
whole_batch_multiget,4345,2048,2394,98194,44879949,11191,44464589,0,44560459,12062,10467801,941616,9443751,241012,1,2048,0,2048,1,1,1
whole_batch_multiget,4346,2048,2585,99737,44882743,11151,44450202,0,44561271,12353,10273897,929433,9270025,236404,1,2048,0,2048,1,1,1
whole_batch_multiget,4347,2048,2765,98545,45086876,11712,44669533,0,44767497,12524,11584065,969398,10527674,236594,1,2048,0,2048,1,1,1
whole_batch_multiget,4348,2048,2265,99116,44642923,11491,44211505,0,44316461,13626,12415474,937118,11288981,315271,1,2048,0,2048,1,1,1
whole_batch_multiget,4349,2048,2935,166813,46007173,12834,45511562,0,45609467,11792,10343498,940093,9332703,262883,1,2048,0,2048,1,1,1
whole_batch_multiget,4350,2048,2194,97373,46340508,11011,45920810,0,46011000,10990,10353877,954190,9327964,245670,1,2048,0,2048,1,1,1
whole_batch_multiget,4351,2048,2595,104026,44571099,11021,44138498,0,44233145,11481,20844201,928812,19817877,257042,1,2048,0,2048,1,1,1
whole_batch_multiget,4352,2048,2214,102603,46910386,10540,46403225,0,46503443,10891,10387161,945022,9337381,253715,1,2048,0,2048,1,1,1
whole_batch_multiget,4353,2048,2495,101801,47236017,11281,46821790,0,46911668,10179,10777923,961172,9713968,260148,1,2048,0,2048,1,1,1
whole_batch_multiget,4354,2048,2314,107642,44731240,11602,44295602,0,44386453,11131,10332578,943179,9315731,240431,1,2048,0,2048,1,1,1
whole_batch_multiget,4355,2048,2154,99477,45094100,10931,44665155,0,44757810,10640,10683907,939351,9639518,242295,1,2048,0,2048,1,1,1
whole_batch_multiget,4356,2048,2545,147887,45082798,9358,44596937,0,44687387,10821,10483211,929974,9475681,248817,1,2048,0,2048,1,1,1
whole_batch_multiget,4357,2048,2174,100228,45781369,10370,45353326,0,45455037,12323,10339100,937238,9326140,236483,1,2048,0,2048,1,1,1
whole_batch_multiget,4358,2048,2495,98525,44955370,11813,44537005,0,44634198,12674,10915070,945904,9878717,250610,1,2048,0,2048,1,1,1
whole_batch_multiget,4359,2048,2514,108553,47591503,11692,47154784,0,47256986,10950,11107711,954881,10039248,241643,1,2048,0,2048,1,1,1
whole_batch_multiget,4360,2048,3005,174848,47741385,12944,47226769,0,47332898,12624,11527900,953848,10454567,238547,1,2048,0,2048,1,1,1
whole_batch_multiget,4361,2048,3066,145593,47628503,14928,47150246,0,47248160,10991,11285164,943029,10224776,252584,1,2048,0,2048,1,1,1
whole_batch_multiget,4362,2048,2344,101110,47245354,11852,46818814,0,46920976,10410,10597394,958087,9553617,233989,1,2048,0,2048,1,1,1
whole_batch_multiget,4363,2048,2084,105518,47540177,11461,47090263,0,47188598,11221,10772152,1091728,9589755,261991,1,2048,0,2048,1,1,1
whole_batch_multiget,4364,2048,2134,106559,49160025,12884,48656241,0,48800069,12844,10979892,1000627,9857817,239008,1,2048,0,2048,1,1,1
whole_batch_multiget,4365,2048,2614,96911,46346459,12373,45879563,0,45984279,12043,11429235,1018070,10298103,249568,1,2048,0,2048,1,1,1
whole_batch_multiget,4366,2048,2204,98285,46324047,17623,45873492,0,45981715,12203,11052869,944030,9995476,235872,1,2048,0,2048,1,1,1
whole_batch_multiget,4367,2048,2114,106369,47507606,11421,47078341,0,47174491,13545,10439999,940454,9421519,242695,1,2048,0,2048,1,1,1
whole_batch_multiget,4368,2048,3206,158848,46336380,10590,45845760,0,45947901,9728,10785878,952316,9720440,238948,1,2048,0,2048,1,1,1
whole_batch_multiget,4369,2048,2415,113162,46053539,9387,45613153,0,45713752,9909,10406637,957936,9359934,250780,1,2048,0,2048,1,1,1
whole_batch_multiget,4370,2048,3386,235081,45922073,13024,45349599,0,45452061,12784,10684027,953358,9603771,286157,1,2048,0,2048,1,1,1
whole_batch_multiget,4371,2048,3056,107421,46565229,12594,46121667,0,46226865,12443,10662987,941777,9602639,266159,1,2048,0,2048,1,1,1
whole_batch_multiget,4372,2048,2685,104136,46312235,15960,45843155,0,45956608,14938,10652157,967415,9583172,246322,1,2048,0,2048,1,1,1
whole_batch_multiget,4373,2048,2525,103685,46581950,6442,46136775,0,46228808,7895,10933896,936997,9883335,245070,1,2048,0,2048,1,1,1
whole_batch_multiget,4374,2048,2775,101630,46547024,7915,46094385,0,46206707,14428,11947546,1038558,10818299,241423,1,2048,0,2048,1,1,1
whole_batch_multiget,4375,2048,3266,146605,46950341,8977,46478887,0,46575768,13134,10580532,946245,9544921,238938,1,2048,0,2048,1,1,1
whole_batch_multiget,4376,2048,2605,104155,44885208,12493,44427720,0,44522438,13154,10404803,938860,9384580,247334,1,2048,0,2048,1,1,1
whole_batch_multiget,4377,2048,2685,123281,45053594,10710,44615823,0,44703317,11351,12038617,943269,10982096,250620,1,2048,0,2048,1,1,1
whole_batch_multiget,4378,2048,2385,110918,44888524,11812,44448319,0,44540311,10860,10618805,938821,9605374,248526,1,2048,0,2048,1,1,1
whole_batch_multiget,4379,2048,2935,120306,45105621,12032,44637594,0,44744624,11170,10703233,948319,9667280,263524,1,2048,0,2048,1,1,1
whole_batch_multiget,4380,2048,2275,99417,44930423,11902,44489235,0,44583272,9738,10802600,941336,9786704,245410,1,2048,0,2048,1,1,1
whole_batch_multiget,4381,2048,2284,111189,45533284,12594,45078510,0,45183137,11401,11007684,953448,9957023,237485,1,2048,0,2048,1,1,1
whole_batch_multiget,4382,2048,2635,99105,45009872,11492,44582861,0,44676537,10430,12088251,1049528,10915461,285886,1,2048,0,2048,1,1,1
whole_batch_multiget,4383,2048,2585,105088,44614811,11832,44174786,0,44272719,11592,10653039,940414,9626644,246331,1,2048,0,2048,1,1,1
whole_batch_multiget,4384,2048,2394,104786,45770899,9899,45348888,0,45442443,10460,10767924,940674,9747411,238617,1,2048,0,2048,1,1,1
whole_batch_multiget,4385,2048,2455,96821,45143283,8857,44719236,0,44811730,11020,10649632,937237,9623468,251532,1,2048,0,2048,1,1,1
whole_batch_multiget,4386,2048,2534,99817,45557499,8797,45132442,0,45224965,10610,10463433,942317,9437730,304602,1,2048,0,2048,1,1,1
whole_batch_multiget,4387,2048,2475,102923,44929712,8867,44493353,0,44586638,10089,10664670,942688,9629589,248806,1,2048,0,2048,1,1,1
whole_batch_multiget,4388,2048,2825,97653,47476818,6241,47068171,0,47158571,7584,11877786,934483,10850068,247204,1,2048,0,2048,1,1,1
whole_batch_multiget,4389,2048,2625,104516,45453694,8506,45018909,0,45112334,10490,11089698,952787,10052943,252233,1,2048,0,2048,1,1,1
whole_batch_multiget,4390,2048,2855,106079,44936204,8356,44502741,0,44594042,10219,10804933,939762,9780723,242374,1,2048,0,2048,1,1,1
whole_batch_multiget,4391,2048,2845,99546,45400865,6111,44971360,0,45065005,7013,10716989,954059,9682829,241994,1,2048,0,2048,1,1,1
whole_batch_multiget,4392,2048,2234,102773,45241927,6362,44811250,0,44904945,7444,10803771,939001,9773159,235551,1,2048,0,2048,1,1,1
whole_batch_multiget,4393,2048,2916,110387,45134035,9047,44700061,0,44790901,10820,10941620,940013,9911819,245150,1,2048,0,2048,1,1,1
whole_batch_multiget,4394,2048,3346,108233,45088830,8456,44667519,0,44759272,10590,10944255,952366,9905667,238818,1,2048,0,2048,1,1,1
whole_batch_multiget,4395,2048,2485,98174,45458463,9037,45009441,0,45107024,10770,10998166,928712,9970539,245450,1,2048,0,2048,1,1,1
whole_batch_multiget,4396,2048,2465,110227,44403184,7313,43968679,0,44061172,7784,10974772,928191,9946654,281939,1,2048,0,2048,1,1,1
whole_batch_multiget,4397,2048,2585,132448,44107880,6572,43638350,0,43733387,6963,10663869,919875,9657412,246452,1,2048,0,2048,1,1,1
whole_batch_multiget,4398,2048,2344,113483,44052867,7605,43618653,0,43703883,10340,10800295,882235,9845865,242786,1,2048,0,2048,1,1,1
whole_batch_multiget,4399,2048,2034,113392,41772190,8426,41341022,0,41424969,10049,10581525,869852,9616124,265268,1,2048,0,2048,1,1,1
whole_batch_multiget,4400,2048,2414,134182,42116616,6392,41625735,0,41720473,8906,10448595,851798,9509634,246152,1,2048,0,2048,1,1,1
whole_batch_multiget,4401,2048,2805,106750,42219619,6231,41685427,0,41782559,7414,10558141,872326,9609972,243737,1,2048,0,2048,1,1,1
whole_batch_multiget,4402,2048,2184,108493,42387644,6061,41954151,0,42045172,7213,11739686,861956,10779095,262232,1,2048,0,2048,1,1,1
whole_batch_multiget,4403,2048,2505,118673,41961415,8186,41511581,0,41607531,9989,10563982,861726,9616435,241372,1,2048,0,2048,1,1,1
whole_batch_multiget,4404,2048,2445,138260,42141212,10069,41599305,0,41688312,11802,10506614,868799,9559318,253025,1,2048,0,2048,1,1,1
whole_batch_multiget,4405,2048,2595,132108,42314737,8085,41855877,0,41947899,10160,10151969,865483,9210083,244899,1,2048,0,2048,1,1,1
whole_batch_multiget,4406,2048,2415,108383,42336859,8326,41901092,0,41987654,10099,10367964,861546,9420186,248566,1,2048,0,2048,1,1,1
whole_batch_multiget,4407,2048,2344,106199,42474347,7905,42041915,0,42133227,10199,11646782,879139,10553573,304010,1,2048,0,2048,1,1,1
whole_batch_multiget,4408,2048,2675,140454,41881615,7003,41416803,0,41502584,6573,10038006,860123,9105647,241112,1,2048,0,2048,1,1,1
whole_batch_multiget,4409,2048,2064,103183,42324095,7965,41651955,0,41767671,12153,10326527,899697,9329737,244378,1,2048,0,2048,1,1,1
whole_batch_multiget,4410,2048,2825,117180,42733582,10891,42266056,0,42360253,11632,10762814,857839,9802404,255199,1,2048,0,2048,1,1,1
whole_batch_multiget,4411,2048,2435,142567,43603033,8065,43032152,0,43140706,11231,10479594,930956,9464410,243516,1,2048,0,2048,1,1,1
whole_batch_multiget,4412,2048,2705,112170,43432003,7835,42991256,0,43080353,10109,10671363,858701,9706564,282400,1,2048,0,2048,1,1,1
whole_batch_multiget,4413,2048,2634,102422,43633370,7754,43144854,0,43239181,11742,10890814,863730,9919664,256541,1,2048,0,2048,1,1,1
whole_batch_multiget,4414,2048,2786,110618,43902014,6382,43466718,0,43553239,7705,10554314,870332,9611295,241393,1,2048,0,2048,1,1,1
whole_batch_multiget,4415,2048,3397,151604,43635634,9237,43116691,0,43208383,7384,10734532,864462,9767037,244499,1,2048,0,2048,1,1,1
whole_batch_multiget,4416,2048,2915,111880,47379376,8386,46930493,0,47029129,16100,11660648,1050450,10503679,263505,1,2048,0,2048,1,1,1
whole_batch_multiget,4417,2048,2885,197991,50883116,14537,50297808,0,50411712,12924,8664148,1086748,7475660,253615,1,2048,0,2048,1,1,1
whole_batch_multiget,4418,2048,2425,137859,54080022,16641,53556250,0,53677237,14567,7584594,1210110,6282392,265348,1,2048,0,2048,1,1,1
whole_batch_multiget,4419,2048,2565,120305,54418346,14938,53941021,0,54048082,15049,8034989,1059577,6859134,241433,1,2048,0,2048,1,1,1
whole_batch_multiget,4420,2048,2625,113953,54902254,15950,54442491,0,54549492,14046,8246445,1062974,7066543,246693,1,2048,0,2048,1,1,1
whole_batch_multiget,4421,2048,2525,129042,54083989,16050,53607866,0,53708145,12103,24101740,1032646,22922069,308118,1,2048,0,2048,1,1,1
whole_batch_multiget,4422,2048,2775,132118,59702696,12343,59223509,0,59323686,14737,8682743,1079314,7483575,251632,1,2048,0,2048,1,1,1
whole_batch_multiget,4423,2048,2305,119454,59534100,14808,59044211,0,59145792,13435,17858693,1112637,16621953,304120,1,2048,0,2048,1,1,1
whole_batch_multiget,4424,2048,2354,107883,57510115,15930,57066713,0,57162082,10740,9179025,1060599,8010764,248756,1,2048,0,2048,1,1,1
whole_batch_multiget,4425,2048,2514,107161,57230971,14047,56796236,0,56893328,11502,8410383,985689,7321932,246582,1,2048,0,2048,1,1,1
whole_batch_multiget,4426,2048,2695,113863,54790784,13005,54300225,0,54427233,25417,7623076,966442,6578488,286277,1,2048,0,2048,1,1,1
whole_batch_multiget,4427,2048,2585,95980,48875612,13736,48455133,0,48553177,9638,7552304,879901,6614454,254858,1,2048,0,2048,1,1,1
whole_batch_multiget,4428,2048,2575,112521,47182967,10149,46742151,0,46833672,9248,7571990,887264,6621217,279514,1,2048,0,2048,1,1,1
whole_batch_multiget,4429,2048,11521,102533,47437274,10760,47016866,0,47104600,10881,9550020,872175,8595220,296025,1,2048,0,2048,1,1,1
whole_batch_multiget,4430,2048,2234,111689,56902004,12553,56427775,0,56523544,17513,9001421,1059167,7852597,239159,1,2048,0,2048,1,1,1
whole_batch_multiget,4431,2048,2514,103033,57321801,14418,56868942,0,56973839,13906,9145832,1057743,8007898,254637,1,2048,0,2048,1,1,1
whole_batch_multiget,4432,2048,1954,108624,57740126,14697,57300903,0,57401190,14447,9258203,1071089,8106423,250590,1,2048,0,2048,1,1,1
whole_batch_multiget,4433,2048,2395,109836,55892351,12363,55449851,0,55548786,10991,10403811,1123427,9191187,246822,1,2048,0,2048,1,1,1
whole_batch_multiget,4434,2048,2134,110948,56826041,15038,56377872,0,56474583,14697,9152955,1070197,8004572,318217,1,2048,0,2048,1,1,1
whole_batch_multiget,4435,2048,5080,289393,57399978,16321,56683434,0,56789563,12844,9466053,1066000,8326736,228318,1,2048,0,2048,1,1,1
whole_batch_multiget,4436,2048,1673,83887,56697861,8266,56269348,0,56384594,18805,9534110,1061140,8380176,250991,1,2048,0,2048,1,1,1
whole_batch_multiget,4437,2048,2354,264326,57022741,11702,56407357,0,56546277,12683,9722764,1068444,8570473,246763,1,2048,0,2048,1,1,1
whole_batch_multiget,4438,2048,2605,104646,57035545,8045,56598826,0,56704504,9958,9745416,1062002,8598095,248607,1,2048,0,2048,1,1,1
whole_batch_multiget,4439,2048,2544,110928,57390681,8867,56954592,0,57054360,13335,9744835,1069636,8596202,257392,1,2048,0,2048,1,1,1
whole_batch_multiget,4440,2048,2144,109796,57152504,11662,56737696,0,56837734,12344,9869720,1096035,8694245,247575,1,2048,0,2048,1,1,1
whole_batch_multiget,4441,2048,2405,100608,57123119,10219,56715504,0,56817656,10380,10808000,1066831,9665858,245901,1,2048,0,2048,1,1,1
whole_batch_multiget,4442,2048,2355,104626,57330617,9147,56917974,0,57017530,11632,9988642,1083743,8826723,264286,1,2048,0,2048,1,1,1
whole_batch_multiget,4443,2048,2334,109585,52405913,13686,51778807,0,51954837,13756,9258514,1127013,8044076,231454,1,2048,0,2048,1,1,1
whole_batch_multiget,4444,2048,2124,91772,48177101,9207,47805745,0,47897106,8686,8476076,915837,7484437,236634,1,2048,0,2048,1,1,1
whole_batch_multiget,4445,2048,2705,90700,48267531,10309,47884021,0,47984340,10289,8668287,912401,7691464,235241,1,2048,0,2048,1,1,1
whole_batch_multiget,4446,2048,2785,101571,48387256,11011,48004928,0,48098063,11201,9642483,900919,8665781,242155,1,2048,0,2048,1,1,1
whole_batch_multiget,4447,2048,2364,95129,51028630,9928,50626956,0,50726122,12233,8893128,938851,7871021,233688,1,2048,0,2048,1,1,1
whole_batch_multiget,4448,2048,2464,93595,48094015,10129,47719373,0,47811966,10740,9069169,885841,8119798,238727,1,2048,0,2048,1,1,1
whole_batch_multiget,4449,2048,2354,88917,47778193,10961,47400976,0,47499401,13235,8989539,892043,8020652,236334,1,2048,0,2048,1,1,1
whole_batch_multiget,4450,2048,2815,88115,48286146,9918,47916944,0,48008786,11962,8791087,896782,7830536,235992,1,2048,0,2048,1,1,1
whole_batch_multiget,4451,2048,2275,85620,48125014,11141,47750181,0,47847072,11973,8975243,884078,8012476,235321,1,2048,0,2048,1,1,1
whole_batch_multiget,4452,2048,2495,88807,48381324,10429,47986464,0,48084527,12063,9053027,891101,8077558,251782,1,2048,0,2048,1,1,1
whole_batch_multiget,4453,2048,2284,88566,47940447,11101,47557840,0,47656806,10721,9001271,918092,8011444,236603,1,2048,0,2048,1,1,1
whole_batch_multiget,4454,2048,2024,93315,49478562,11251,49094722,0,49191223,10790,9045634,899627,8069844,232927,1,2048,0,2048,1,1,1
whole_batch_multiget,4455,2048,2144,91070,48813715,14928,48412512,0,48516177,11632,9957324,906500,8979720,249768,1,2048,0,2048,1,1,1
whole_batch_multiget,4456,2048,2385,91722,47974651,10690,47587306,0,47685088,12563,9109454,896671,8128214,233999,1,2048,0,2048,1,1,1
whole_batch_multiget,4457,2048,2314,93966,49462993,11061,49074043,0,49169914,11622,230523273,905508,229500145,277601,1,2048,0,2048,1,1,1
whole_batch_multiget,4458,2048,2204,105768,55595834,14407,55179323,0,55280163,10219,10080806,935624,9038331,252594,1,2048,0,2048,1,1,1
whole_batch_multiget,4459,2048,2755,97843,56276551,11652,55864358,0,55968313,12263,10173860,920316,9139139,231675,1,2048,0,2048,1,1,1
whole_batch_multiget,4460,2048,2264,95058,51958282,10460,51548684,0,51645106,9639,9780462,922179,8752876,240581,1,2048,0,2048,1,1,1
whole_batch_multiget,4461,2048,2294,90149,49528776,8576,49144836,0,49234695,8235,9546653,906700,8567818,233037,1,2048,0,2048,1,1,1
whole_batch_multiget,4462,2048,3066,135524,52593333,9698,52106471,0,52220675,11091,11697006,914495,10682834,265168,1,2048,0,2048,1,1,1
whole_batch_multiget,4463,2048,2795,148429,52662223,11272,52194095,0,52299243,11973,9646661,1081729,8489341,232896,1,2048,0,2048,1,1,1
whole_batch_multiget,4464,2048,1883,93526,51079314,11792,50673062,0,50770805,11913,9600845,978174,8514007,231023,1,2048,0,2048,1,1,1
whole_batch_multiget,4465,2048,3376,153238,50738976,13846,50256211,0,50354926,13185,10756724,910257,9740217,240220,1,2048,0,2048,1,1,1
whole_batch_multiget,4466,2048,2555,117650,49884925,12002,49467191,0,49563902,10730,12222452,904807,11200816,233578,1,2048,0,2048,1,1,1
whole_batch_multiget,4467,2048,1994,91191,49409573,13755,49016055,0,49111403,12403,9148106,909747,8166976,235332,1,2048,0,2048,1,1,1
whole_batch_multiget,4468,2048,2264,114926,51040651,11221,50608561,0,50715822,10970,9425326,924184,8407196,233809,1,2048,0,2048,1,1,1
whole_batch_multiget,4469,2048,2234,98264,49582457,12192,49183258,0,49277434,11561,9543969,908724,8555535,234930,1,2048,0,2048,1,1,1
whole_batch_multiget,4470,2048,2385,102172,48763261,13565,48362229,0,48459000,22632,9108382,907411,8115851,236954,1,2048,0,2048,1,1,1
whole_batch_multiget,4471,2048,2264,109606,48202449,9568,47795275,0,47888160,11000,9188832,900088,8216148,233648,1,2048,0,2048,1,1,1
whole_batch_multiget,4472,2048,2795,103194,48315491,11732,47910892,0,48007012,12113,9284162,894017,8308552,232576,1,2048,0,2048,1,1,1
whole_batch_multiget,4473,2048,2655,94036,52797516,11832,52392287,0,52486403,10089,9381624,900148,8409512,228198,1,2048,0,2048,1,1,1
whole_batch_multiget,4474,2048,2224,115607,48390201,9447,47910000,0,48010448,8556,10036753,909826,9019215,248396,1,2048,0,2048,1,1,1
whole_batch_multiget,4475,2048,2334,106580,50041798,10510,49616601,0,49714114,11882,154225595,898685,153217494,244118,1,2048,0,2048,1,1,1
whole_batch_multiget,4476,2048,2124,123211,59887863,14307,59331069,0,59480039,10239,12956408,1173150,11690975,240772,1,2048,0,2048,1,1,1
whole_batch_multiget,4477,2048,2374,115016,49752125,9658,49326046,0,49411386,9508,9428032,898425,8436030,245811,1,2048,0,2048,1,1,1
whole_batch_multiget,4478,2048,2004,100548,49548503,13736,49143294,0,49241828,12163,9826659,886693,8840460,235051,1,2048,0,2048,1,1,1
whole_batch_multiget,4479,2048,2124,94387,48247212,10570,47857311,0,47947951,10259,9373679,885731,8402518,252744,1,2048,0,2048,1,1,1
whole_batch_multiget,4480,2048,2595,106550,49075586,11802,48668924,0,48759333,11311,9416089,900299,8430951,235101,1,2048,0,2048,1,1,1
whole_batch_multiget,4481,2048,2154,92934,49625037,12133,49230507,0,49328331,11281,9404077,894027,8432774,233959,1,2048,0,2048,1,1,1
whole_batch_multiget,4482,2048,2485,91101,48690504,11421,48304901,0,48393968,11682,9628697,903354,8642819,244879,1,2048,0,2048,1,1,1
whole_batch_multiget,4483,2048,1944,97393,48495849,12153,48100648,0,48191649,11331,9929211,889028,8940787,234800,1,2048,0,2048,1,1,1
whole_batch_multiget,4484,2048,2564,122881,48638918,12824,48200926,0,48302096,11511,9657150,908303,8669449,237054,1,2048,0,2048,1,1,1
whole_batch_multiget,4485,2048,2424,97433,50036268,11792,49645164,0,49734242,11411,10618854,910938,9614942,270858,1,2048,0,2048,1,1,1
whole_batch_multiget,4486,2048,3156,208891,48530555,12033,48084136,0,48165620,11120,9891390,1001929,8814220,72676,1,2048,0,2048,1,1,1
whole_batch_multiget,4487,2048,1032,300894,50461866,11281,49792772,0,49887609,8907,9897552,916358,8911121,256581,1,2048,0,2048,1,1,1
whole_batch_multiget,4488,2048,2384,110908,49271845,11451,48835446,0,48928179,11041,10077329,911820,9059641,247023,1,2048,0,2048,1,1,1
whole_batch_multiget,4489,2048,2054,115467,48545482,10711,48107671,0,48197670,9337,10020442,895620,9030155,238157,1,2048,0,2048,1,1,1
whole_batch_multiget,4490,2048,2435,98685,50647845,17072,50186079,0,50287459,9829,10986133,896261,10014000,242926,1,2048,0,2048,1,1,1
whole_batch_multiget,4491,2048,2996,128030,48663694,10380,48214842,0,48303589,12894,146511878,939031,145456539,272572,1,2048,0,2048,1,1,1
whole_batch_multiget,4492,2048,2264,122008,49596854,14617,49154053,0,49248561,9759,18181779,892384,17193365,262662,1,2048,0,2048,1,1,1
whole_batch_multiget,4493,2048,1974,115627,51344101,9178,50913824,0,51005997,9457,22199703,897433,21195360,247144,1,2048,0,2048,1,1,1
whole_batch_multiget,4494,2048,2324,130234,22690163,9688,22230461,0,22320851,14517,10387951,942708,9341799,237645,1,2048,0,2048,1,1,1
whole_batch_multiget,4495,2048,1974,114715,22445124,8746,22021369,0,22116848,26880,9590726,885601,8616208,243357,1,2048,0,2048,1,1,1
whole_batch_multiget,4496,2048,2124,114856,22398085,9168,21972206,0,22061084,10250,9623819,895480,8643901,232566,1,2048,0,2048,1,1,1
whole_batch_multiget,4497,2048,1683,91862,23410764,9428,23025452,0,23109550,10129,9809838,913854,8808489,263754,1,2048,0,2048,1,1,1
whole_batch_multiget,4498,2048,2305,110477,22355736,10230,21953762,0,22037820,11131,9618769,890139,8650353,231564,1,2048,0,2048,1,1,1
whole_batch_multiget,4499,2048,2685,115727,22842328,13475,22418663,0,22508272,10550,9721372,884218,8755800,254708,1,2048,0,2048,1,1,1
whole_batch_multiget,4500,2048,2786,140714,23250754,12183,22762879,0,22862015,11392,10027315,923883,8999568,241933,1,2048,0,2048,1,1,1
whole_batch_multiget,4501,2048,2795,139031,22925254,12724,22493465,0,22581750,11552,10068703,899727,9061514,240160,1,2048,0,2048,1,1,1
whole_batch_multiget,4502,2048,1964,90790,22721502,14106,22325329,0,22415798,12003,10128344,886673,9133889,234630,1,2048,0,2048,1,1,1
whole_batch_multiget,4503,2048,2245,90460,24251782,11752,23862331,0,23952160,11952,10312390,900609,9304721,239429,1,2048,0,2048,1,1,1
whole_batch_multiget,4504,2048,2023,94236,22974667,12464,22567974,0,22660037,12173,10183548,896101,9187260,237345,1,2048,0,2048,1,1,1
whole_batch_multiget,4505,2048,2224,104496,23052703,12263,22625431,0,22723405,13205,10046652,893316,9052136,240852,1,2048,0,2048,1,1,1
whole_batch_multiget,4506,2048,2545,97092,23555206,11692,23165825,0,23253650,12003,11218018,892864,10242409,242956,1,2048,0,2048,1,1,1
whole_batch_multiget,4507,2048,2124,140453,23135297,13936,22695183,0,22785562,11461,10186543,893305,9199302,242094,1,2048,0,2048,1,1,1
whole_batch_multiget,4508,2048,2926,217268,24355166,15219,23810544,0,23899371,10921,10711248,890710,9712435,234911,1,2048,0,2048,1,1,1
whole_batch_multiget,4509,2048,2034,92623,24089968,11943,23702081,0,23788954,11762,10628102,887474,9631904,235332,1,2048,0,2048,1,1,1
whole_batch_multiget,4510,2048,2044,102111,22909744,11842,22490749,0,22579546,11191,10820733,901400,9813744,234239,1,2048,0,2048,1,1,1
whole_batch_multiget,4511,2048,2405,98364,23495052,12093,23035030,0,23136501,11251,11038662,927259,10003360,285796,1,2048,0,2048,1,1,1
whole_batch_multiget,4512,2048,2144,114455,23131240,13836,22705171,0,22800029,10851,10473883,872336,9513522,234189,1,2048,0,2048,1,1,1
whole_batch_multiget,4513,2048,2726,129953,23201262,13646,22766787,0,22858038,10179,10927964,866735,9954238,311455,1,2048,0,2048,1,1,1
whole_batch_multiget,4514,2048,2504,104627,25306640,15930,24851005,0,24960331,10870,11464991,910848,10444788,237836,1,2048,0,2048,1,1,1
whole_batch_multiget,4515,2048,1764,97793,23790387,12193,23335273,0,23441212,13736,10310326,917080,9281887,230893,1,2048,0,2048,1,1,1
whole_batch_multiget,4516,2048,2084,102061,23399294,13465,23001126,0,23091305,21119,9877283,860905,8917333,240451,1,2048,0,2048,1,1,1
whole_batch_multiget,4517,2048,2395,100519,23575884,12323,23172317,0,23262746,12454,9896811,856496,8951889,253936,1,2048,0,2048,1,1,1
whole_batch_multiget,4518,2048,3236,146805,23517043,17122,23052342,0,23147050,11261,10036121,870613,9055222,240571,1,2048,0,2048,1,1,1
whole_batch_multiget,4519,2048,2404,95610,22708658,11572,22296435,0,22387105,10540,10071548,866855,9104425,233228,1,2048,0,2048,1,1,1
whole_batch_multiget,4520,2048,2154,97423,22986569,11151,22592129,0,22682879,11271,10120039,863019,9152975,236885,1,2048,0,2048,1,1,1
whole_batch_multiget,4521,2048,2485,109365,22742391,11952,22324587,0,22422591,11211,10237289,876504,9255658,232847,1,2048,0,2048,1,1,1
whole_batch_multiget,4522,2048,2635,98485,23228894,12874,22825397,0,22918421,13255,127359910,899337,126345538,250340,1,2048,0,2048,1,1,1
whole_batch_multiget,4523,2048,1934,96481,24460072,13074,24066695,0,24156132,10780,10212473,886682,9243936,242585,1,2048,0,2048,1,1,1
whole_batch_multiget,4524,2048,2345,111409,23097056,12243,22679713,0,22768600,9628,9960700,866455,9014717,253055,1,2048,0,2048,1,1,1
whole_batch_multiget,4525,2048,2124,101120,22746008,12083,22335498,0,22428162,11321,11152445,879029,10180292,237586,1,2048,0,2048,1,1,1
whole_batch_multiget,4526,2048,2324,96461,22487192,12283,22098794,0,22187230,11782,10195129,863780,9244337,229630,1,2048,0,2048,1,1,1
whole_batch_multiget,4527,2048,2654,93606,22550882,13725,22168746,0,22250588,10780,10383203,887564,9399188,233828,1,2048,0,2048,1,1,1
whole_batch_multiget,4528,2048,2304,99847,22772728,13886,22379290,0,22463959,11572,18282948,892965,17287972,242906,1,2048,0,2048,1,1,1
whole_batch_multiget,4529,2048,2164,126076,22596176,10750,22179616,0,22261379,10961,10201172,892473,9217908,237325,1,2048,0,2048,1,1,1
whole_batch_multiget,4530,2048,2053,93536,22548808,13235,22164337,0,22247563,11602,10150156,881333,9179926,238998,1,2048,0,2048,1,1,1
whole_batch_multiget,4531,2048,1983,101390,22873276,12864,22475811,0,22561332,11422,10243611,888737,9257542,237675,1,2048,0,2048,1,1,1
whole_batch_multiget,4532,2048,2675,108664,22652773,10820,22254756,0,22335828,10670,10319172,882986,9340497,237576,1,2048,0,2048,1,1,1
whole_batch_multiget,4533,2048,2285,100639,22602940,12293,22206326,0,22291936,11692,10379305,880431,9386874,273984,1,2048,0,2048,1,1,1
whole_batch_multiget,4534,2048,2144,101691,22924432,12934,22534461,0,22617346,11572,10387311,888637,9405960,236804,1,2048,0,2048,1,1,1
whole_batch_multiget,4535,2048,2244,98996,22734126,11722,22318957,0,22403155,10920,10285439,890150,9301364,259898,1,2048,0,2048,1,1,1
whole_batch_multiget,4536,2048,2274,155301,22853730,14367,22385321,0,22472435,9197,10797219,885410,9804628,237435,1,2048,0,2048,1,1,1
whole_batch_multiget,4537,2048,2846,101450,22614381,7544,22198401,0,22284081,7765,10024460,878878,9064910,244167,1,2048,0,2048,1,1,1
whole_batch_multiget,4538,2048,2345,128591,22883606,11181,22457817,0,22539600,11071,10268177,867828,9295643,255239,1,2048,0,2048,1,1,1
whole_batch_multiget,4539,2048,2905,115778,22968335,9047,22486091,0,22590817,11442,12494312,1310358,11072916,230182,1,2048,0,2048,1,1,1
whole_batch_multiget,4540,2048,2334,100018,22649988,9789,22254786,0,22337442,12353,10571495,877936,9597209,232686,1,2048,0,2048,1,1,1
whole_batch_multiget,4541,2048,2234,105788,22732622,10119,22315891,0,22403465,12413,10352615,872146,9378989,241182,1,2048,0,2048,1,1,1
whole_batch_multiget,4542,2048,2545,97904,22873507,7374,22463187,0,22547065,10279,10668287,997961,9567704,308619,1,2048,0,2048,1,1,1
whole_batch_multiget,4543,2048,2956,166071,26291778,14727,25782713,0,25875617,11411,10503849,898706,9509093,255800,1,2048,0,2048,1,1,1
whole_batch_multiget,4544,2048,2634,114805,22673151,13265,22254586,0,22342732,12062,10541309,883097,9563214,239750,1,2048,0,2048,1,1,1
whole_batch_multiget,4545,2048,2345,103233,23014882,13385,22604663,0,22692407,11321,10497286,893606,9498544,235422,1,2048,0,2048,1,1,1
whole_batch_multiget,4546,2048,2023,98995,22701213,11933,22298198,0,22384750,11581,10570553,878738,9600885,237094,1,2048,0,2048,1,1,1
whole_batch_multiget,4547,2048,2114,101150,22700102,12443,22280885,0,22373168,12674,10683937,879660,9703137,239529,1,2048,0,2048,1,1,1
whole_batch_multiget,4548,2048,2064,117721,22878867,12152,22452237,0,22543377,11621,11529302,899627,10538874,234550,1,2048,0,2048,1,1,1
whole_batch_multiget,4549,2048,2084,108784,22878426,12384,22455222,0,22551754,11953,133220822,882606,132224944,249488,1,2048,0,2048,1,1,1
whole_batch_multiget,4550,2048,2094,115217,19850007,13436,19420732,0,19513666,11882,10637359,903424,9639158,237917,1,2048,0,2048,1,1,1
whole_batch_multiget,4551,2048,2074,99557,19238580,12764,18828822,0,18922447,12143,10692573,884890,9714729,235321,1,2048,0,2048,1,1,1
whole_batch_multiget,4552,2048,2455,94798,19031191,12814,18627073,0,18720247,11351,10357535,873067,9402624,231654,1,2048,0,2048,1,1,1
whole_batch_multiget,4553,2048,2365,115016,20011800,11802,19481205,0,19590009,11502,10638181,973816,9580848,235281,1,2048,0,2048,1,1,1
whole_batch_multiget,4554,2048,2545,113493,18946722,12754,18524981,0,18617906,12304,10636427,870001,9684413,251462,1,2048,0,2048,1,1,1
whole_batch_multiget,4555,2048,1984,91271,19012186,12273,18585616,0,18680754,12313,10797990,877836,9832930,236935,1,2048,0,2048,1,1,1
whole_batch_multiget,4556,2048,2504,93195,18785961,12794,18385560,0,18477302,11782,11612618,876654,10640746,250319,1,2048,0,2048,1,1,1
whole_batch_multiget,4557,2048,1874,94998,20879167,8727,20501338,0,20584735,11101,8378112,1229707,7071341,264146,1,2048,0,2048,1,1,1
whole_batch_multiget,4558,2048,1893,91983,21927503,11191,21534967,0,21625877,11331,6461107,882916,5513681,232736,1,2048,0,2048,1,1,1
whole_batch_multiget,4559,2048,2455,82685,20000660,11953,19615196,0,19708111,10981,7676827,866866,6733909,260648,1,2048,0,2048,1,1,1
whole_batch_multiget,4560,2048,2545,93615,20326360,11902,19924487,0,20020016,11040,6866537,858961,5946782,234911,1,2048,0,2048,1,1,1
whole_batch_multiget,4561,2048,1914,92403,19794272,12474,19372912,0,19467279,12093,6943692,866274,6010402,260108,1,2048,0,2048,1,1,1
whole_batch_multiget,4562,2048,2094,119665,20335187,10009,19906322,0,19998265,11542,7010778,864942,6080974,239459,1,2048,0,2048,1,1,1
whole_batch_multiget,4563,2048,1933,93355,20500076,11702,20079968,0,20176038,11051,7103893,858279,6181223,236133,1,2048,0,2048,1,1,1
whole_batch_multiget,4564,2048,1953,85130,20213899,11692,19828747,0,19919527,12053,7212326,876985,6266872,245481,1,2048,0,2048,1,1,1
whole_batch_multiget,4565,2048,1983,102432,20592599,11251,20176429,0,20276797,11792,7381854,873418,6441440,239369,1,2048,0,2048,1,1,1
whole_batch_multiget,4566,2048,2515,97774,22480710,15659,22057967,0,22156061,10721,48851406,866925,47893769,248937,1,2048,0,2048,1,1,1
whole_batch_multiget,4567,2048,2144,111649,23862732,12714,23431333,0,23526401,11121,7681275,877475,6742705,224652,1,2048,0,2048,1,1,1
whole_batch_multiget,4568,2048,2274,89317,23203996,11481,22760906,0,22863989,12934,8386387,903144,7406931,245351,1,2048,0,2048,1,1,1
whole_batch_multiget,4569,2048,2083,89238,24583644,8245,24205144,0,24286416,11512,8598265,894077,7642162,230242,1,2048,0,2048,1,1,1
whole_batch_multiget,4570,2048,2014,85891,22525304,11471,22145832,0,22231583,12364,7577371,873057,6641596,250179,1,2048,0,2048,1,1,1
whole_batch_multiget,4571,2048,1934,87183,22833582,10559,22452558,0,22536755,11010,7699740,872046,6762803,233358,1,2048,0,2048,1,1,1
whole_batch_multiget,4572,2048,2094,89268,25944957,10049,25558592,0,25641789,9448,8658829,1065137,7531935,245981,1,2048,0,2048,1,1,1
whole_batch_multiget,4573,2048,2204,90760,26369453,11732,25967099,0,26061255,11101,8323400,975519,7286625,248867,1,2048,0,2048,1,1,1
whole_batch_multiget,4574,2048,1854,87794,26961212,13054,26564078,0,26658174,11973,8952881,1113388,7773057,230402,1,2048,0,2048,1,1,1
whole_batch_multiget,4575,2048,2204,90800,23997174,12083,23589830,0,23679439,12083,8186613,927139,7190415,231014,1,2048,0,2048,1,1,1
whole_batch_multiget,4576,2048,2054,90199,23990291,11121,23600320,0,23686001,12173,7998641,918161,7014074,233397,1,2048,0,2048,1,1,1
whole_batch_multiget,4577,2048,1824,93756,23951739,10991,23546690,0,23642639,12644,8334210,903304,7318335,244549,1,2048,0,2048,1,1,1
whole_batch_multiget,4578,2048,2304,95830,24800621,12293,24402695,0,24490971,12023,8466699,899677,7454149,253004,1,2048,0,2048,1,1,1
whole_batch_multiget,4579,2048,2374,103475,24344015,11442,23938594,0,24022993,12524,8477309,898675,7465090,234439,1,2048,0,2048,1,1,1
whole_batch_multiget,4580,2048,2224,100749,24313677,12173,23855659,0,23955627,11211,8335742,906780,7329696,230131,1,2048,0,2048,1,1,1
whole_batch_multiget,4581,2048,2305,98745,24091260,11632,23654972,0,23755341,12103,8593647,927009,7587239,235151,1,2048,0,2048,1,1,1
whole_batch_multiget,4582,2048,2074,103364,26006623,12023,25594871,0,25686603,11852,8589599,896601,7631853,248186,1,2048,0,2048,1,1,1
whole_batch_multiget,4583,2048,3016,94878,24140843,12463,23739120,0,23832225,11953,8178167,864952,7252381,235952,1,2048,0,2048,1,1,1
whole_batch_multiget,4584,2048,3035,146174,23692893,13776,23229355,0,23324864,11262,8025861,868769,7095126,249929,1,2048,0,2048,1,1,1
whole_batch_multiget,4585,2048,2976,180489,23572287,14648,23072870,0,23169883,11241,8421483,864511,7451354,392146,1,2048,0,2048,1,1,1
whole_batch_multiget,4586,2048,2405,215594,23865528,14177,23305347,0,23401888,9528,8414520,870472,7437308,235391,1,2048,0,2048,1,1,1
whole_batch_multiget,4587,2048,2194,92433,25070156,10770,24637264,0,24744846,14037,8876117,1092449,7706132,236243,1,2048,0,2048,1,1,1
whole_batch_multiget,4588,2048,2424,87564,25972819,11571,25390527,0,25553883,12493,9021038,1076419,7857406,239469,1,2048,0,2048,1,1,1
whole_batch_multiget,4589,2048,2124,92834,23905452,9378,23563711,0,23661104,11101,8819129,1048777,7692306,50725,1,2048,0,2048,1,1,1
whole_batch_multiget,4590,2048,1232,90670,24614432,10941,24279113,0,24369012,11060,8577195,998202,7518911,55263,1,2048,0,2048,1,1,1
whole_batch_multiget,4591,2048,1183,90740,24304230,9547,23928405,0,24023223,12013,8829790,1060649,7702997,76293,1,2048,0,2048,1,1,1
whole_batch_multiget,4592,2048,1082,89628,23997756,12202,23669810,0,23759959,10369,9926295,994335,8848113,56285,1,2048,0,2048,1,1,1
whole_batch_multiget,4593,2048,3937,292929,24223709,20689,23590522,0,23693815,8596,8982926,866455,8010613,241112,1,2048,0,2048,1,1,1
whole_batch_multiget,4594,2048,2655,106720,24376235,10229,23945307,0,24033472,9999,9506969,866776,8537781,239749,1,2048,0,2048,1,1,1
whole_batch_multiget,4595,2048,2805,116218,23645645,7584,23187195,0,23275130,9939,8764767,868679,7796702,256671,1,2048,0,2048,1,1,1
whole_batch_multiget,4596,2048,2344,117721,24128050,7714,23676343,0,23771982,12714,8830000,890891,7858257,240030,1,2048,0,2048,1,1,1
whole_batch_multiget,4597,2048,1924,102232,24283631,11091,23868473,0,23965545,10781,8761431,872517,7827530,237244,1,2048,0,2048,1,1,1
whole_batch_multiget,4598,2048,2224,86512,24401292,10600,24007413,0,24101891,12684,8758636,863970,7830426,235893,1,2048,0,2048,1,1,1
whole_batch_multiget,4599,2048,2134,88907,25221951,10229,24777959,0,24895870,12974,9777216,1106435,8566045,264506,1,2048,0,2048,1,1,1
whole_batch_multiget,4600,2048,1914,165781,25467000,12614,24922900,0,25022597,11832,9078166,855555,8113085,252123,1,2048,0,2048,1,1,1
whole_batch_multiget,4601,2048,2565,92153,24357791,9868,23958181,0,24047037,11882,9066623,858440,8102806,235712,1,2048,0,2048,1,1,1
whole_batch_multiget,4602,2048,2354,102722,25467592,9989,24913583,0,25030462,11021,10404131,984336,9305101,291817,1,2048,0,2048,1,1,1
whole_batch_multiget,4603,2048,2435,120466,24835787,9978,24380082,0,24482143,11191,9203681,940975,8187404,265829,1,2048,0,2048,1,1,1
whole_batch_multiget,4604,2048,2014,127759,24672590,12133,24209512,0,24304480,9878,9188562,871474,8237068,269445,1,2048,0,2048,1,1,1
whole_batch_multiget,4605,2048,3076,228939,24434464,16471,23846562,0,23951889,10419,9634318,859041,8658438,306906,1,2048,0,2048,1,1,1
whole_batch_multiget,4606,2048,2365,96100,27574343,11382,27162921,0,27261096,10830,10184219,1089864,8990832,250600,1,2048,0,2048,1,1,1
whole_batch_multiget,4607,2048,2214,102042,27731467,11311,27297634,0,27393644,11000,9804316,928321,8810142,261821,1,2048,0,2048,1,1,1
whole_batch_multiget,4608,2048,2174,102833,27446603,12694,26990467,0,27091668,11502,10414582,968056,9357739,250650,1,2048,0,2048,1,1,1
whole_batch_multiget,4609,2048,2134,94958,26924945,12173,26501170,0,26601518,12523,10668057,1095394,9476673,243907,1,2048,0,2048,1,1,1
whole_batch_multiget,4610,2048,2394,104216,25270161,8947,24837350,0,24927519,11923,9492673,901020,8505641,279704,1,2048,0,2048,1,1,1
whole_batch_multiget,4611,2048,2775,130975,24649658,12163,24183804,0,24275837,10290,9379260,898956,8395615,243677,1,2048,0,2048,1,1,1
whole_batch_multiget,4612,2048,2535,120335,24934773,10790,24479819,0,24571420,10530,9388477,900979,8407287,245741,1,2048,0,2048,1,1,1
whole_batch_multiget,4613,2048,2305,116498,24571010,10860,24120546,0,24212378,10780,9492743,910037,8508086,246783,1,2048,0,2048,1,1,1
whole_batch_multiget,4614,2048,2104,112581,24605134,10820,24156463,0,24249417,10499,10503668,888616,9523240,244058,1,2048,0,2048,1,1,1
whole_batch_multiget,4615,2048,2765,136476,24761969,12454,24292347,0,24384070,10069,9679062,878407,8733249,243407,1,2048,0,2048,1,1,1
whole_batch_multiget,4616,2048,2315,131737,24884588,11682,24406692,0,24500558,10710,9633987,850085,8702631,230182,1,2048,0,2048,1,1,1
whole_batch_multiget,4617,2048,2765,97583,27524439,11321,27077371,0,27183570,11111,10817287,1002059,9717233,260889,1,2048,0,2048,1,1,1
whole_batch_multiget,4618,2048,2304,128200,27138144,11011,26675437,0,26778290,11562,10981696,1085656,9810629,259336,1,2048,0,2048,1,1,1
whole_batch_multiget,4619,2048,2354,118903,27662659,15309,27194440,0,27298305,10740,11036698,1032486,9914283,238598,1,2048,0,2048,1,1,1
whole_batch_multiget,4620,2048,2415,104446,26417653,12414,25969924,0,26070122,10740,9683551,939933,8672434,249578,1,2048,0,2048,1,1,1
whole_batch_multiget,4621,2048,2284,100718,26402425,10840,25975695,0,26067506,11382,9686857,931778,8679988,243186,1,2048,0,2048,1,1,1
whole_batch_multiget,4622,2048,2545,113483,26321102,12353,25860098,0,25959535,10851,9765725,935374,8744659,241243,1,2048,0,2048,1,1,1
whole_batch_multiget,4623,2048,2434,103514,26123903,11562,25669912,0,25772103,11251,9888655,943970,8837995,244388,1,2048,0,2048,1,1,1
whole_batch_multiget,4624,2048,2575,132668,26030247,10109,25453947,0,25553112,11100,9799317,933431,8780948,247735,1,2048,0,2048,1,1,1
whole_batch_multiget,4625,2048,2184,108684,25710978,9127,25245014,0,25341605,10429,9715280,939472,8686771,249408,1,2048,0,2048,1,1,1
whole_batch_multiget,4626,2048,2414,108584,25729563,10019,25280762,0,25375599,9879,9707204,950863,8671443,287809,1,2048,0,2048,1,1,1
whole_batch_multiget,4627,2048,2415,105918,25928366,10891,25482930,0,25580153,9959,9846737,931557,8845349,242866,1,2048,0,2048,1,1,1
whole_batch_multiget,4628,2048,1973,95329,25934518,10840,25481157,0,25577107,9177,9942346,928021,8936189,242775,1,2048,0,2048,1,1,1
whole_batch_multiget,4629,2048,2164,122239,26409217,10269,25843206,0,25950367,11492,10040150,927830,9009376,239639,1,2048,0,2048,1,1,1
whole_batch_multiget,4630,2048,2344,124644,25960737,10710,25500934,0,25597575,9938,10004512,927229,8990151,239790,1,2048,0,2048,1,1,1
whole_batch_multiget,4631,2048,2505,112671,25806998,11151,25360070,0,25455970,10820,10033197,928721,9015287,244318,1,2048,0,2048,1,1,1
whole_batch_multiget,4632,2048,2995,185899,26575900,12293,25981295,0,26080752,10901,9994604,938330,8952700,239940,1,2048,0,2048,1,1,1
whole_batch_multiget,4633,2048,2014,111339,25768285,10760,25329072,0,25421405,10741,9884918,929684,8868772,252553,1,2048,0,2048,1,1,1
whole_batch_multiget,4634,2048,2134,99787,25950818,10810,25523566,0,25616190,11221,9966841,942338,8949844,277731,1,2048,0,2048,1,1,1
whole_batch_multiget,4635,2048,2635,110778,25774768,9698,25301310,0,25397219,11462,10744551,930766,9745126,252473,1,2048,0,2048,1,1,1
whole_batch_multiget,4636,2048,2545,120046,26197000,11341,25721798,0,25823780,11181,10184490,928090,9163375,283952,1,2048,0,2048,1,1,1
whole_batch_multiget,4637,2048,2424,105898,25859968,8966,25393402,0,25492348,10951,10559433,948579,9518121,263054,1,2048,0,2048,1,1,1
whole_batch_multiget,4638,2048,2414,107532,25978890,8987,25536841,0,25633182,10399,10067480,939622,9040545,239620,1,2048,0,2048,1,1,1
whole_batch_multiget,4639,2048,2014,116208,26239709,9248,25751764,0,25853055,11411,10095984,947937,9059992,271549,1,2048,0,2048,1,1,1
whole_batch_multiget,4640,2048,2524,123692,26019847,6422,25525901,0,25620248,7504,10183869,942678,9155991,246232,1,2048,0,2048,1,1,1
whole_batch_multiget,4641,2048,2645,109175,26114174,6292,25677065,0,25765801,7094,10311838,925886,9313476,240000,1,2048,0,2048,1,1,1
whole_batch_multiget,4642,2048,2114,102723,26306525,7955,25848225,0,25940359,11091,10785146,933341,9745827,245931,1,2048,0,2048,1,1,1
whole_batch_multiget,4643,2048,2485,117720,26004699,8346,25549104,0,25639915,11141,10273727,937909,9254987,242505,1,2048,0,2048,1,1,1
whole_batch_multiget,4644,2048,3467,233829,25790177,10570,25292734,0,25382162,11973,10239724,1018831,9138388,67176,1,2048,0,2048,1,1,1
whole_batch_multiget,4645,2048,3246,311043,27359950,11962,26645791,0,26746721,11011,10259119,918743,9252252,238337,1,2048,0,2048,1,1,1
whole_batch_multiget,4646,2048,2414,106019,26471965,11342,26015619,0,26114796,11962,10270191,943229,9238456,253125,1,2048,0,2048,1,1,1
whole_batch_multiget,4647,2048,2114,103885,26389871,10981,25947431,0,26041929,10851,10106334,960942,9069970,250189,1,2048,0,2048,1,1,1
whole_batch_multiget,4648,2048,1964,106410,26314160,11181,25859527,0,25959925,11291,10097497,937238,9073587,239639,1,2048,0,2048,1,1,1
whole_batch_multiget,4649,2048,2174,110898,26128802,10930,25650435,0,25749159,10820,10077098,936446,9051525,236304,1,2048,0,2048,1,1,1
whole_batch_multiget,4650,2048,2053,101761,25889232,11372,25445861,0,25543384,11682,10740022,954240,9687788,237285,1,2048,0,2048,1,1,1
whole_batch_multiget,4651,2048,2605,108002,25998607,10760,25556729,0,25646978,10539,10501685,930896,9488625,251682,1,2048,0,2048,1,1,1
whole_batch_multiget,4652,2048,2444,133249,26076815,11581,25594710,0,25687854,10920,10583017,938710,9556292,254939,1,2048,0,2048,1,1,1
whole_batch_multiget,4653,2048,2475,106861,26182623,11131,25727549,0,25820964,10930,10574481,963387,9527097,251322,1,2048,0,2048,1,1,1
whole_batch_multiget,4654,2048,2545,109536,26049824,11051,25567469,0,25664772,13185,10281452,936827,9267982,235722,1,2048,0,2048,1,1,1
whole_batch_multiget,4655,2048,2495,126728,26137057,8907,25661365,0,25757796,8707,10494401,938049,9461774,273653,1,2048,0,2048,1,1,1
whole_batch_multiget,4656,2048,2885,255839,26522821,9979,25776611,0,25867201,10349,11467356,943539,10439438,253505,1,2048,0,2048,1,1,1
whole_batch_multiget,4657,2048,2204,110748,25874084,9337,25418690,0,25507687,10369,10663908,943540,9645489,262121,1,2048,0,2048,1,1,1
whole_batch_multiget,4658,2048,3276,182632,27281052,12684,26735970,0,26836830,7875,10999098,941055,9948037,242946,1,2048,0,2048,1,1,1
whole_batch_multiget,4659,2048,2284,110267,26740939,10109,26255339,0,26356258,9507,22737982,967335,21662205,239610,1,2048,0,2048,1,1,1
whole_batch_multiget,4660,2048,2284,115206,26713588,11281,26178144,0,26287088,14738,11721052,989055,10613835,253496,1,2048,0,2048,1,1,1
whole_batch_multiget,4661,2048,2955,190647,26959349,10730,26424927,0,26517150,9748,10714594,938710,9680925,238818,1,2048,0,2048,1,1,1
whole_batch_multiget,4662,2048,2345,108935,26241463,11161,25759529,0,25857763,12534,10591644,950913,9559739,246212,1,2048,0,2048,1,1,1
whole_batch_multiget,4663,2048,2776,112070,26934442,8777,26483647,0,26575850,11402,10667596,931647,9638777,243156,1,2048,0,2048,1,1,1
whole_batch_multiget,4664,2048,3086,147436,26328867,12152,25826635,0,25925460,12403,10846131,927980,9812563,259637,1,2048,0,2048,1,1,1
whole_batch_multiget,4665,2048,2955,109295,26144671,10250,25603978,0,25719464,13265,10893209,940263,9870271,247454,1,2048,0,2048,1,1,1
whole_batch_multiget,4666,2048,2765,115286,26383690,10490,25922815,0,26019998,12033,10651145,938650,9608279,270357,1,2048,0,2048,1,1,1
whole_batch_multiget,4667,2048,2605,116368,26318607,11171,25853946,0,25951449,12233,10624234,929934,9596897,237375,1,2048,0,2048,1,1,1
whole_batch_multiget,4668,2048,3026,112982,26591439,9838,26103505,0,26202960,11882,10566286,965580,9512930,246382,1,2048,0,2048,1,1,1
whole_batch_multiget,4669,2048,2564,103174,27321729,9127,26698650,0,26834665,12494,11387947,1262888,10015463,250721,1,2048,0,2048,1,1,1
whole_batch_multiget,4670,2048,2204,102141,28248267,15499,27765902,0,27884865,12063,11217938,984126,10143333,252904,1,2048,0,2048,1,1,1
whole_batch_multiget,4671,2048,2515,117740,26952327,12023,26493465,0,26586640,12082,10673978,936136,9634248,257362,1,2048,0,2048,1,1,1
whole_batch_multiget,4672,2048,2304,111539,26557986,11541,26098205,0,26196067,12293,10664199,927499,9639417,245240,1,2048,0,2048,1,1,1
whole_batch_multiget,4673,2048,2044,114254,26724729,12774,26218460,0,26335199,14087,10678637,956774,9638686,247905,1,2048,0,2048,1,1,1
whole_batch_multiget,4674,2048,2264,127379,26494778,12203,26006412,0,26104035,11431,10979952,924534,9949179,239760,1,2048,0,2048,1,1,1
whole_batch_multiget,4675,2048,2184,109876,26043431,11722,25582026,0,25684308,12744,11015669,966843,9945622,234169,1,2048,0,2048,1,1,1
whole_batch_multiget,4676,2048,3507,187372,27289438,14848,26740939,0,26838283,12473,11705963,928221,10675300,257112,1,2048,0,2048,1,1,1
whole_batch_multiget,4677,2048,2194,108183,26372920,13365,25870467,0,25966738,12063,10634123,909716,9623368,244138,1,2048,0,2048,1,1,1
whole_batch_multiget,4678,2048,2164,115196,28222367,12013,27757235,0,27856642,11742,10558371,926969,9546112,246462,1,2048,0,2048,1,1,1
whole_batch_multiget,4679,2048,2655,163687,25971617,11893,25455328,0,25548844,11942,10566807,911169,9550852,235121,1,2048,0,2048,1,1,1
whole_batch_multiget,4680,2048,2305,106811,25422788,34054,24945954,0,25066961,10149,10522875,919735,9499475,249648,1,2048,0,2048,1,1,1
whole_batch_multiget,4681,2048,2054,106519,25670722,10079,25185052,0,25293926,11211,10592205,899267,9612908,231484,1,2048,0,2048,1,1,1
whole_batch_multiget,4682,2048,1964,106550,25113708,8956,24671730,0,24763771,9227,10389945,881163,9412151,256652,1,2048,0,2048,1,1,1
whole_batch_multiget,4683,2048,2235,147266,24186249,12042,23685770,0,23779065,9948,10534396,850374,9598100,237636,1,2048,0,2048,1,1,1
whole_batch_multiget,4684,2048,2665,102182,24425798,10720,23975073,0,24066785,10781,10511744,854823,9571089,242114,1,2048,0,2048,1,1,1
whole_batch_multiget,4685,2048,2444,108363,24560991,10570,24116037,0,24208400,12413,10250433,867757,9298188,230132,1,2048,0,2048,1,1,1
whole_batch_multiget,4686,2048,2184,102883,25016406,10921,24571962,0,24669084,11171,10359869,864722,9397894,237385,1,2048,0,2048,1,1,1
whole_batch_multiget,4687,2048,2584,121969,24672039,11612,24211676,0,24305442,11753,10375107,858920,9424003,232847,1,2048,0,2048,1,1,1
whole_batch_multiget,4688,2048,2094,122630,24686968,11161,24227206,0,24315421,11712,11148257,863439,10189059,232797,1,2048,0,2048,1,1,1
whole_batch_multiget,4689,2048,2084,101370,27619467,10260,27165315,0,27258020,11041,11385693,1042826,10265712,248526,1,2048,0,2048,1,1,1
whole_batch_multiget,4690,2048,2354,113072,27734302,7304,27253521,0,27345523,9067,11263644,945323,10221670,229410,1,2048,0,2048,1,1,1
whole_batch_multiget,4691,2048,2314,103324,29520562,9849,29000817,0,29135070,14147,12221760,1431996,10685640,248426,1,2048,0,2048,1,1,1
whole_batch_multiget,4692,2048,2345,126958,25380428,10990,24892944,0,24983213,10540,10956056,904496,9946945,270958,1,2048,0,2048,1,1,1
whole_batch_multiget,4693,2048,2014,108724,25052944,12784,24584095,0,24677931,12423,10678186,897293,9691054,251571,1,2048,0,2048,1,1,1
whole_batch_multiget,4694,2048,3206,197561,25864987,16551,25328040,0,25421706,11331,10580513,889007,9606275,260027,1,2048,0,2048,1,1,1
whole_batch_multiget,4695,2048,2244,95820,25058144,12373,24625813,0,24716122,12223,10534987,862888,9577031,235332,1,2048,0,2048,1,1,1
whole_batch_multiget,4696,2048,2375,106199,24663474,12643,24215002,0,24310912,12373,10793883,862067,9843861,233458,1,2048,0,2048,1,1,1
whole_batch_multiget,4697,2048,2194,101150,25075646,11251,24625843,0,24723205,11601,8003519,879039,7027710,275336,1,2048,0,2048,1,1,1
whole_batch_multiget,4698,2048,2485,198021,32143431,10680,31526605,0,31649555,12905,7346698,1077821,6170793,246152,1,2048,0,2048,1,1,1
whole_batch_multiget,4699,2048,2195,139111,31589763,12894,31080969,0,31183070,12774,7513290,1072822,6366459,254798,1,2048,0,2048,1,1,1
whole_batch_multiget,4700,2048,2134,115426,31633505,10529,30997723,0,31138326,11772,7967121,1197796,6692621,275958,1,2048,0,2048,1,1,1
whole_batch_multiget,4701,2048,2755,138459,32136158,9227,31564014,0,31659594,17943,8024970,1043948,6904469,265197,1,2048,0,2048,1,1,1
whole_batch_multiget,4702,2048,2234,108663,31132716,8916,30661753,0,30757843,11942,8061739,1047054,6934184,243967,1,2048,0,2048,1,1,1
whole_batch_multiget,4703,2048,2384,127239,30872749,7574,30394872,0,30483088,7183,29134529,1036394,28008367,259246,1,2048,0,2048,1,1,1
whole_batch_multiget,4704,2048,2985,142016,34146768,10520,33631733,0,33732011,10821,7670215,1076309,6533824,254758,1,2048,0,2048,1,1,1
whole_batch_multiget,4705,2048,2013,104376,32305866,7935,31835514,0,31936643,12724,8177386,1095655,7009536,256892,1,2048,0,2048,1,1,1
whole_batch_multiget,4706,2048,2064,97523,35071532,9658,34606551,0,34700176,8896,8074793,934342,7080118,247354,1,2048,0,2048,1,1,1
whole_batch_multiget,4707,2048,2144,106741,31070159,12553,30614534,0,30709622,12363,7574766,942888,6565051,242124,1,2048,0,2048,1,1,1
whole_batch_multiget,4708,2048,2014,94457,30957457,14077,30495201,0,30596921,13356,7930963,935094,6922953,238668,1,2048,0,2048,1,1,1
whole_batch_multiget,4709,2048,2214,95589,30679325,12945,30224242,0,30326614,13154,7868376,930806,6868111,233348,1,2048,0,2048,1,1,1
whole_batch_multiget,4710,2048,2164,98244,30395594,13285,29933407,0,30031601,12183,8023998,923321,7034742,253806,1,2048,0,2048,1,1,1
whole_batch_multiget,4711,2048,1904,92664,30082587,12543,29636109,0,29737529,12724,7761947,924033,6764967,238507,1,2048,0,2048,1,1,1
whole_batch_multiget,4712,2048,2104,91832,30687070,14407,30219613,0,30323628,12914,7993231,938299,6990249,241623,1,2048,0,2048,1,1,1
whole_batch_multiget,4713,2048,2395,93366,29789157,13986,29351736,0,29446453,12493,8056449,905297,7086510,233858,1,2048,0,2048,1,1,1
whole_batch_multiget,4714,2048,2274,108754,29478093,14006,29001639,0,29103610,12273,8212672,893525,7250398,233849,1,2048,0,2048,1,1,1
whole_batch_multiget,4715,2048,2505,96471,29665364,12964,29225559,0,29320787,11391,8175202,889629,7213909,303920,1,2048,0,2048,1,1,1
whole_batch_multiget,4716,2048,2685,143599,29304798,13335,28812524,0,28906440,11792,8986053,879600,8041431,235742,1,2048,0,2048,1,1,1
whole_batch_multiget,4717,2048,2465,96371,28733817,11531,28280377,0,28377559,12494,8043716,896110,7082833,236754,1,2048,0,2048,1,1,1
whole_batch_multiget,4718,2048,2154,92704,31063687,11401,30634682,0,30727325,12383,7934871,881373,6990570,239860,1,2048,0,2048,1,1,1
whole_batch_multiget,4719,2048,3085,126076,29013862,13656,28530596,0,28629041,12934,8142651,872898,7199451,246031,1,2048,0,2048,1,1,1
whole_batch_multiget,4720,2048,2084,100759,29569484,11912,29119620,0,29215169,11983,8257125,886122,7308386,269004,1,2048,0,2048,1,1,1
whole_batch_multiget,4721,2048,2275,106460,29366844,12764,28910489,0,29007510,12083,8195450,872787,7256599,240010,1,2048,0,2048,1,1,1
whole_batch_multiget,4722,2048,2245,95299,28936337,11892,28489358,0,28582222,11862,8079372,867537,7148366,233558,1,2048,0,2048,1,1,1
whole_batch_multiget,4723,2048,1894,90349,29648462,12113,29216763,0,29310098,12593,8132591,883136,7186167,230822,1,2048,0,2048,1,1,1
whole_batch_multiget,4724,2048,2605,95379,29098862,13245,28664998,0,28756280,11612,8354939,875151,7409296,246672,1,2048,0,2048,1,1,1
whole_batch_multiget,4725,2048,2044,105277,29601875,12123,29153093,0,29246870,11902,8382580,879579,7440634,246291,1,2048,0,2048,1,1,1
whole_batch_multiget,4726,2048,2004,92233,29748530,11051,29307363,0,29401540,12063,8393191,874159,7455142,231624,1,2048,0,2048,1,1,1
whole_batch_multiget,4727,2048,2555,111860,29121404,12173,28652665,0,28746922,11612,8460056,896481,7498182,229140,1,2048,0,2048,1,1,1
whole_batch_multiget,4728,2048,2084,98806,30020680,11611,29582188,0,29675583,12724,8368133,891723,7411579,244990,1,2048,0,2048,1,1,1
whole_batch_multiget,4729,2048,2475,107421,29455400,13215,29001119,0,29099342,11852,8518215,878377,7569656,244709,1,2048,0,2048,1,1,1
whole_batch_multiget,4730,2048,2134,105037,29379869,11893,28932189,0,29023240,12253,17932220,868950,16982518,285165,1,2048,0,2048,1,1,1
whole_batch_multiget,4731,2048,2495,154470,29539598,13886,29033118,0,29126283,11712,8631547,872988,7695171,240331,1,2048,0,2048,1,1,1
whole_batch_multiget,4732,2048,2084,92653,30191952,11602,29762186,0,29854138,10730,8779165,876484,7822661,260679,1,2048,0,2048,1,1,1
whole_batch_multiget,4733,2048,2405,126467,31581247,12033,31080047,0,31178272,12794,8801546,878467,7826187,233608,1,2048,0,2048,1,1,1
whole_batch_multiget,4734,2048,2194,113252,30734358,11592,30266181,0,30361971,12414,8991914,873729,8017957,234940,1,2048,0,2048,1,1,1
whole_batch_multiget,4735,2048,2565,221977,30208543,11472,29605211,0,29707233,9288,9918792,910056,8896494,235111,1,2048,0,2048,1,1,1
whole_batch_multiget,4736,2048,2235,115807,31624037,12554,31139769,0,31233856,9659,10693605,873899,9715300,247304,1,2048,0,2048,1,1,1
whole_batch_multiget,4737,2048,2184,120245,30494058,9598,30013206,0,30101011,9919,8822676,877656,7887823,244278,1,2048,0,2048,1,1,1
whole_batch_multiget,4738,2048,2124,112872,30049294,8816,29580806,0,29665724,9889,8979671,887334,7990165,292959,1,2048,0,2048,1,1,1
whole_batch_multiget,4739,2048,2434,122900,30917462,10149,30354716,0,30462208,10239,9264575,876283,8320204,252824,1,2048,0,2048,1,1,1
whole_batch_multiget,4740,2048,2495,118212,30938762,9006,30436050,0,30522381,17262,9423322,878037,8428337,230693,1,2048,0,2048,1,1,1
whole_batch_multiget,4741,2048,3106,102913,30654439,7484,30195158,0,30290657,9598,9115235,884338,8169271,236303,1,2048,0,2048,1,1,1
whole_batch_multiget,4742,2048,2395,94928,31079045,10119,30639802,0,30732075,11422,9508983,887284,8503608,264426,1,2048,0,2048,1,1,1
whole_batch_multiget,4743,2048,2365,141926,31547463,11331,31060370,0,31153054,12243,9094545,874711,8150625,255319,1,2048,0,2048,1,1,1
whole_batch_multiget,4744,2048,2805,175258,31042386,12243,30495311,0,30590630,12995,9730118,893215,8732136,234951,1,2048,0,2048,1,1,1
whole_batch_multiget,4745,2048,2354,111108,33422911,10640,32959603,0,33057707,12323,9712595,883758,8723399,251011,1,2048,0,2048,1,1,1
whole_batch_multiget,4746,2048,2494,103655,31089936,8546,30634992,0,30721314,10380,9337071,896281,8374405,240631,1,2048,0,2048,1,1,1
whole_batch_multiget,4747,2048,3196,110848,31376544,11682,30851829,0,30959862,13345,9657291,925716,8618373,236444,1,2048,0,2048,1,1,1
whole_batch_multiget,4748,2048,2545,112391,34112765,10479,33602438,0,33707043,13575,9375623,926849,8314463,283792,1,2048,0,2048,1,1,1
whole_batch_multiget,4749,2048,3026,146665,30979960,9378,30388600,0,30499508,13916,9400580,1008341,8310045,253616,1,2048,0,2048,1,1,1
whole_batch_multiget,4750,2048,4128,301205,31351827,8997,30756801,0,30838134,8236,9949599,985899,8867810,145092,1,2048,0,2048,1,1,1
whole_batch_multiget,4751,2048,1893,113132,30907283,9778,30533292,0,30624803,11581,9371926,969268,8332777,91201,1,2048,0,2048,1,1,1
whole_batch_multiget,4752,2048,2054,95409,30931950,9828,30453652,0,30550323,13305,9788888,998853,8684276,273202,1,2048,0,2048,1,1,1
whole_batch_multiget,4753,2048,2785,105007,36493209,16050,36011555,0,36113757,13195,10615238,1093641,9406661,235251,1,2048,0,2048,1,1,1
whole_batch_multiget,4754,2048,2214,102172,34777351,13405,34323290,0,34417486,13034,10759408,1113087,9536375,211747,1,2048,0,2048,1,1,1
whole_batch_multiget,4755,2048,2444,93565,34261924,13646,33843970,0,33946593,13466,11633017,1153684,10381940,162956,1,2048,0,2048,1,1,1
whole_batch_multiget,4756,2048,2184,97423,33182029,12443,32761831,0,32859284,12253,10111403,1037536,8989879,157877,1,2048,0,2048,1,1,1
whole_batch_multiget,4757,2048,1833,97122,33568794,12944,33179424,0,33286175,11943,10224365,1076068,9075079,200967,1,2048,0,2048,1,1,1
whole_batch_multiget,4758,2048,2865,262612,33949469,11281,33236371,0,33357007,16471,11786073,2170220,9499355,248956,1,2048,0,2048,1,1,1
whole_batch_multiget,4759,2048,2826,128050,32470946,14989,31975286,0,32073952,11211,9798897,977713,8753195,245420,1,2048,0,2048,1,1,1
whole_batch_multiget,4760,2048,2374,114535,31899935,10269,31417270,0,31511787,10510,9969276,941756,8941909,235090,1,2048,0,2048,1,1,1
whole_batch_multiget,4761,2048,2354,113463,32632208,11903,32166655,0,32257275,11973,9822762,947146,8808840,247233,1,2048,0,2048,1,1,1
whole_batch_multiget,4762,2048,2434,109736,31940511,11171,31419864,0,31522948,11311,10124478,942829,9108101,231845,1,2048,0,2048,1,1,1
whole_batch_multiget,4763,2048,2305,129813,32142850,12133,31627614,0,31727611,11141,10263137,942608,9231493,248936,1,2048,0,2048,1,1,1
whole_batch_multiget,4764,2048,2144,118743,32534144,11000,32050277,0,32144844,10389,10261694,949881,9231693,239880,1,2048,0,2048,1,1,1
whole_batch_multiget,4765,2048,3326,279665,32511502,12554,31945379,0,32030900,11602,10327408,1033508,9216846,125566,1,2048,0,2048,1,1,1
whole_batch_multiget,4766,2048,2295,90339,31850542,10840,31515474,0,31607486,11662,10729402,1060289,9589915,57518,1,2048,0,2048,1,1,1
whole_batch_multiget,4767,2048,1282,88766,32605838,11502,32248629,0,32341764,11291,10426794,1058014,9289862,93204,1,2048,0,2048,1,1,1
whole_batch_multiget,4768,2048,1543,89568,32419459,11793,32080484,0,32173308,12003,10615088,1031584,9489577,50745,1,2048,0,2048,1,1,1
whole_batch_multiget,4769,2048,1183,90700,32269658,11311,31929630,0,32025029,11021,10781510,1066240,9640199,97763,1,2048,0,2048,1,1,1
whole_batch_multiget,4770,2048,1914,89398,32293423,12303,31936994,0,32028505,11992,10835591,1036965,9719047,56075,1,2048,0,2048,1,1,1
whole_batch_multiget,4771,2048,1333,90079,32293072,13225,31956641,0,32052311,10309,10277144,1030683,9158736,50524,1,2048,0,2048,1,1,1
whole_batch_multiget,4772,2048,1072,90510,34113305,12223,33645959,0,33745876,13214,10255413,1045160,9130924,240401,1,2048,0,2048,1,1,1
whole_batch_multiget,4773,2048,1813,92875,32293303,12033,31934419,0,32035690,11832,11482033,1034680,10370990,58109,1,2048,0,2048,1,1,1
whole_batch_multiget,4774,2048,3025,313848,33346408,9477,32668055,0,32766179,11041,10275560,995117,9204622,258995,1,2048,0,2048,1,1,1
whole_batch_multiget,4775,2048,2515,105268,32440839,8627,31982780,0,32068351,12083,10235745,952156,9203530,245500,1,2048,0,2048,1,1,1
whole_batch_multiget,4776,2048,2034,121698,32339259,6883,31825104,0,31914672,7524,10727638,951836,9671858,225063,1,2048,0,2048,1,1,1
whole_batch_multiget,4777,2048,2304,105849,32394482,6482,31933898,0,32019870,7404,10236147,941275,9229540,247213,1,2048,0,2048,1,1,1
whole_batch_multiget,4778,2048,2284,101200,32350520,10740,31796771,0,31914963,13115,10446551,1006217,9345587,243507,1,2048,0,2048,1,1,1
whole_batch_multiget,4779,2048,2865,110647,31953515,8816,31488423,0,31578902,9508,10089622,947977,9052146,254858,1,2048,0,2048,1,1,1
whole_batch_multiget,4780,2048,2544,109966,32144934,6632,31695291,0,31775632,6993,10200590,950532,9163285,306244,1,2048,0,2048,1,1,1
whole_batch_multiget,4781,2048,2905,164168,32382931,9948,31730878,0,31828150,13926,10294767,981260,9226353,246041,1,2048,0,2048,1,1,1
whole_batch_multiget,4782,2048,2775,112441,32151636,6753,31657119,0,31744583,7474,10608044,949431,9560930,271809,1,2048,0,2048,1,1,1
whole_batch_multiget,4783,2048,2695,153368,35024585,10800,34472399,0,34562879,12434,10630256,938269,9584174,239990,1,2048,0,2048,1,1,1
whole_batch_multiget,4784,2048,2635,140133,32304363,11631,31802773,0,31899303,11121,10737387,953488,9699260,247524,1,2048,0,2048,1,1,1
whole_batch_multiget,4785,2048,2775,149701,33087001,11862,32552228,0,32659149,10971,10665783,941375,9651541,253996,1,2048,0,2048,1,1,1
whole_batch_multiget,4786,2048,2254,108974,32697791,10770,32206449,0,32308300,10770,10575092,995777,9493614,237214,1,2048,0,2048,1,1,1
whole_batch_multiget,4787,2048,2104,119023,32366520,10189,31860150,0,31960288,11662,10484413,936185,9451735,242535,1,2048,0,2048,1,1,1
whole_batch_multiget,4788,2048,2515,113613,32729851,10901,32226827,0,32332496,10860,10439929,956874,9413003,245781,1,2048,0,2048,1,1,1
whole_batch_multiget,4789,2048,2284,107191,32768523,10850,32279286,0,32382400,10971,10945387,941275,9892553,248325,1,2048,0,2048,1,1,1
whole_batch_multiget,4790,2048,3246,156774,32036201,11000,31491399,0,31585214,10539,10349679,953228,9313557,271169,1,2048,0,2048,1,1,1
whole_batch_multiget,4791,2048,2124,117961,32434767,10350,31944468,0,32038745,10389,14220208,961272,13176611,253005,1,2048,0,2048,1,1,1
whole_batch_multiget,4792,2048,2495,121147,32678004,9428,32174069,0,32274697,12774,10685279,950943,9642554,256160,1,2048,0,2048,1,1,1
whole_batch_multiget,4793,2048,2004,113874,32553421,11611,32065365,0,32160813,11151,10718491,956183,9684753,241182,1,2048,0,2048,1,1,1
whole_batch_multiget,4794,2048,2394,113332,32968468,10239,32472899,0,32571955,11372,10561367,951475,9526085,250430,1,2048,0,2048,1,1,1
whole_batch_multiget,4795,2048,2023,139611,32458002,10901,31939188,0,32034828,10199,10718121,943199,9671388,238607,1,2048,0,2048,1,1,1
whole_batch_multiget,4796,2048,1964,108022,33456904,10369,32962527,0,33065610,11111,10340643,947927,9316112,261651,1,2048,0,2048,1,1,1
whole_batch_multiget,4797,2048,2244,117250,32300135,11181,31787363,0,31895055,10950,10608265,949851,9568385,266109,1,2048,0,2048,1,1,1
whole_batch_multiget,4798,2048,2184,149220,32701548,9528,32182605,0,32277874,9227,12061600,974407,10976055,239279,1,2048,0,2048,1,1,1
whole_batch_multiget,4799,2048,2204,125275,33200233,12333,32687211,0,32786006,11411,11368490,940614,10308613,264206,1,2048,0,2048,1,1,1
whole_batch_multiget,4800,2048,3256,179948,33519202,10089,32958720,0,33058357,10730,11526847,956304,10466619,275327,1,2048,0,2048,1,1,1
whole_batch_multiget,4801,2048,2876,197680,32769245,14317,32185490,0,32292922,12934,10804973,955762,9760935,252954,1,2048,0,2048,1,1,1
whole_batch_multiget,4802,2048,2004,120616,32802767,11802,32306187,0,32411905,12383,10832214,949771,9777897,235592,1,2048,0,2048,1,1,1
whole_batch_multiget,4803,2048,2294,129182,33746046,12293,33229618,0,33332701,10940,10820913,961954,9759603,235641,1,2048,0,2048,1,1,1
whole_batch_multiget,4804,2048,2384,117871,32856939,11451,32357663,0,32463441,10079,10706188,958197,9679152,272000,1,2048,0,2048,1,1,1
whole_batch_multiget,4805,2048,2054,148659,33335226,11211,32798510,0,32902515,12343,11060603,989867,9979906,242655,1,2048,0,2048,1,1,1
whole_batch_multiget,4806,2048,1953,118352,34497556,11572,33978102,0,34081115,12684,11491091,978104,10397589,247183,1,2048,0,2048,1,1,1
whole_batch_multiget,4807,2048,3166,124253,35168345,9237,34642778,0,34742766,12323,11169286,961022,10110150,274204,1,2048,0,2048,1,1,1
whole_batch_multiget,4808,2048,2795,194434,33890587,16932,33296403,0,33400228,11281,11491130,1065708,10317349,261931,1,2048,0,2048,1,1,1
whole_batch_multiget,4809,2048,2535,167464,33990636,13826,33418823,0,33523910,10830,11817773,941356,10772923,244408,1,2048,0,2048,1,1,1
whole_batch_multiget,4810,2048,2464,114043,33276557,8105,32779785,0,32875454,10850,10853074,953568,9799999,244779,1,2048,0,2048,1,1,1
whole_batch_multiget,4811,2048,3246,162585,33101077,11171,32349027,0,32502274,12183,11105157,1021416,10005384,251401,1,2048,0,2048,1,1,1
whole_batch_multiget,4812,2048,2645,124945,33652952,15129,33097150,0,33231873,13585,11467426,1293916,10090122,260619,1,2048,0,2048,1,1,1
whole_batch_multiget,4813,2048,2074,114665,33373739,8185,32844115,0,32941979,10690,11899767,949480,10838677,253646,1,2048,0,2048,1,1,1
whole_batch_multiget,4814,2048,2054,122200,33539229,10971,33020836,0,33122097,11030,11689502,951654,10622732,253055,1,2048,0,2048,1,1,1
whole_batch_multiget,4815,2048,2084,120697,33539820,10610,33021708,0,33131344,11382,11395871,951614,10329843,273112,1,2048,0,2048,1,1,1
whole_batch_multiget,4816,2048,2384,206227,34149604,8546,33540992,0,33640349,11491,11215894,953859,10150426,239509,1,2048,0,2048,1,1,1
whole_batch_multiget,4817,2048,2044,111319,33734335,8756,33229488,0,33333142,10780,11149068,954941,10105061,254637,1,2048,0,2048,1,1,1
whole_batch_multiget,4818,2048,3126,273723,35006311,13475,34340772,0,34442473,9718,11362439,993884,10269499,273894,1,2048,0,2048,1,1,1
whole_batch_multiget,4819,2048,2494,235011,33439983,12974,32801215,0,32904919,12463,11335769,969598,10263368,242795,1,2048,0,2048,1,1,1
whole_batch_multiget,4820,2048,3196,231724,34947009,12323,34306418,0,34408599,15108,11151303,995858,10061689,246633,1,2048,0,2048,1,1,1
whole_batch_multiget,4821,2048,2595,112151,33267269,10480,32767782,0,32863231,12303,11202259,953338,10157249,253726,1,2048,0,2048,1,1,1
whole_batch_multiget,4822,2048,2475,115607,32967767,10259,32447922,0,32549312,11592,11403527,925075,10380738,239719,1,2048,0,2048,1,1,1
whole_batch_multiget,4823,2048,2394,132809,33238716,10279,32668917,0,32770197,10069,11394349,963777,10332578,251010,1,2048,0,2048,1,1,1
whole_batch_multiget,4824,2048,2815,126567,32963139,11672,32442923,0,32545406,11491,10970383,947557,9937697,253475,1,2048,0,2048,1,1,1
whole_batch_multiget,4825,2048,2274,122520,32429217,11061,31917768,0,32016252,11492,11430046,945663,10388914,254627,1,2048,0,2048,1,1,1
whole_batch_multiget,4826,2048,3226,122410,32890653,11081,32318770,0,32430240,12493,12768987,964589,11700593,258785,1,2048,0,2048,1,1,1
whole_batch_multiget,4827,2048,2034,149841,32979018,9869,32432704,0,32533883,9297,11413765,945964,10366230,249949,1,2048,0,2048,1,1,1
whole_batch_multiget,4828,2048,2304,121127,32725253,11462,32213022,0,32315434,11301,11675616,947086,10614837,242746,1,2048,0,2048,1,1,1
whole_batch_multiget,4829,2048,2745,125144,32975381,12373,32474152,0,32569821,10350,11518682,953839,10452653,236784,1,2048,0,2048,1,1,1
whole_batch_multiget,4830,2048,2165,124003,33406059,10780,32886114,0,32983266,10980,11683901,947016,10645284,251581,1,2048,0,2048,1,1,1
whole_batch_multiget,4831,2048,2445,200496,33207156,13366,32602723,0,32706939,11401,11640901,938200,10605780,239359,1,2048,0,2048,1,1,1
whole_batch_multiget,4832,2048,2565,115226,32656303,11151,32154843,0,32252165,11222,11573404,940614,10536891,234661,1,2048,0,2048,1,1,1
whole_batch_multiget,4833,2048,2104,125526,34629053,8316,34129946,0,34226398,10760,11624450,953698,10584269,275096,1,2048,0,2048,1,1,1
whole_batch_multiget,4834,2048,2455,114354,33133288,10459,32627359,0,32718690,10900,11836578,969708,10761943,250790,1,2048,0,2048,1,1,1
whole_batch_multiget,4835,2048,2415,150112,34366080,12353,33838811,0,33936103,10350,11780002,944171,10753256,254317,1,2048,0,2048,1,1,1
whole_batch_multiget,4836,2048,2354,149911,32805824,10530,32283995,0,32376669,10950,11601908,946865,10555486,247915,1,2048,0,2048,1,1,1
whole_batch_multiget,4837,2048,2134,113893,33524772,13685,33018783,0,33120944,10079,6875805,960200,5842337,248186,1,2048,0,2048,1,1,1
whole_batch_multiget,4838,2048,2234,111669,34547129,10820,34044546,0,34138683,11421,7154176,936506,6152378,231965,1,2048,0,2048,1,1,1
whole_batch_multiget,4839,2048,2144,140533,34420201,13986,33831447,0,33943697,13355,7337330,983875,6285007,266991,1,2048,0,2048,1,1,1
whole_batch_multiget,4840,2048,2545,116349,34686200,11912,34187695,0,34282683,10730,7388867,954580,6364044,249578,1,2048,0,2048,1,1,1
whole_batch_multiget,4841,2048,2454,111189,35208109,11993,34680048,0,34775758,10139,7636160,1057593,6512323,264236,1,2048,0,2048,1,1,1
whole_batch_multiget,4842,2048,2815,149330,35375613,11482,34766159,0,34867370,11321,7594252,952396,6557798,270618,1,2048,0,2048,1,1,1
whole_batch_multiget,4843,2048,2214,121608,35009025,12142,34509228,0,34606630,11341,35302676,930525,34274819,248707,1,2048,0,2048,1,1,1
whole_batch_multiget,4844,2048,2415,139121,38728821,11982,38171205,0,38268327,18655,8226448,1088972,7066402,232907,1,2048,0,2048,1,1,1
whole_batch_multiget,4845,2048,2725,112742,40108539,10440,39540423,0,39669175,13225,8230275,1018541,7136263,255239,1,2048,0,2048,1,1,1
whole_batch_multiget,4846,2048,2474,108183,38248771,10509,37771376,0,37862286,10901,7963575,937538,6965724,277400,1,2048,0,2048,1,1,1
whole_batch_multiget,4847,2048,2505,119424,38943664,12574,38410173,0,38519339,14096,7853118,1058204,6726114,240731,1,2048,0,2048,1,1,1
whole_batch_multiget,4848,2048,2324,108965,38940799,11763,38446252,0,38545408,11492,7968344,944461,6958991,233739,1,2048,0,2048,1,1,1
whole_batch_multiget,4849,2048,2033,93395,38078291,12724,37605114,0,37711354,13476,8635195,928040,7576700,257363,1,2048,0,2048,1,1,1
whole_batch_multiget,4850,2048,2715,112922,38839098,12343,38352165,0,38448185,10530,7892632,935925,6895472,247895,1,2048,0,2048,1,1,1
whole_batch_multiget,4851,2048,1994,93545,38646487,10109,38156949,0,38259782,11050,8390375,931236,7359823,281067,1,2048,0,2048,1,1,1
whole_batch_multiget,4852,2048,2264,123922,38777633,11151,38217152,0,38324713,19447,8098348,1056692,6969681,238177,1,2048,0,2048,1,1,1
whole_batch_multiget,4853,2048,2505,99306,38622552,8355,38144005,0,38241868,17593,8046220,945213,7020206,248686,1,2048,0,2048,1,1,1
whole_batch_multiget,4854,2048,3316,215475,39018134,11281,38414201,0,38508378,10560,8070245,922470,7084125,247605,1,2048,0,2048,1,1,1
whole_batch_multiget,4855,2048,2234,106870,38675421,8185,38154324,0,38249642,11241,8140637,933170,7137175,237145,1,2048,0,2048,1,1,1
whole_batch_multiget,4856,2048,3125,281929,39525185,8226,38930620,0,39028814,8967,8523084,1025724,7431797,81583,1,2048,0,2048,1,1,1
whole_batch_multiget,4857,2048,1493,94357,38596784,9498,38173460,0,38302632,12083,8521561,1015484,7430215,57739,1,2048,0,2048,1,1,1
whole_batch_multiget,4858,2048,3186,316965,40534177,8506,39737643,0,39903284,11101,8376559,935525,7374340,248696,1,2048,0,2048,1,1,1
whole_batch_multiget,4859,2048,2434,150833,39745258,9027,39083266,0,39283321,6883,8401386,936526,7386883,242705,1,2048,0,2048,1,1,1
whole_batch_multiget,4860,2048,2535,183144,38982156,13655,38292323,0,38479163,11040,9587289,953679,8563440,246332,1,2048,0,2048,1,1,1
whole_batch_multiget,4861,2048,3587,220103,40180383,14737,39303779,0,39598452,11672,8707801,962475,7663492,239189,1,2048,0,2048,1,1,1
whole_batch_multiget,4862,2048,2705,251121,41121919,20338,40315607,0,40529658,13556,8594969,949310,7575728,232797,1,2048,0,2048,1,1,1
whole_batch_multiget,4863,2048,2936,274975,40330135,24295,39421671,0,39614191,13145,8839808,931518,7815066,264065,1,2048,0,2048,1,1,1
whole_batch_multiget,4864,2048,3056,238448,41058881,16361,40230076,0,40503559,13385,8951087,940233,7902500,245681,1,2048,0,2048,1,1,1
whole_batch_multiget,4865,2048,7814,189185,40725075,17363,39925115,0,40163312,13926,9276928,948609,8214556,232446,1,2048,0,2048,1,1,1
whole_batch_multiget,4866,2048,2354,168296,41408887,16571,40614367,0,40890425,10921,9227825,1214869,7927857,277962,1,2048,0,2048,1,1,1
whole_batch_multiget,4867,2048,4950,158007,42676986,9127,42008401,0,42212324,11191,9083084,1051251,7956291,256962,1,2048,0,2048,1,1,1
whole_batch_multiget,4868,2048,3717,208591,40821466,13195,40087599,0,40269691,12694,9717133,1079714,8518485,249759,1,2048,0,2048,1,1,1
whole_batch_multiget,4869,2048,2575,169999,43172836,15750,42312833,0,42575466,11261,9162763,944251,8152449,243015,1,2048,0,2048,1,1,1
whole_batch_multiget,4870,2048,2555,145222,38971526,13154,38285801,0,38465657,13496,9123680,920767,8134695,336531,1,2048,0,2048,1,1,1
whole_batch_multiget,4871,2048,4058,235662,39176591,14848,38481587,0,38652758,12714,8934205,881543,7987670,231524,1,2048,0,2048,1,1,1
whole_batch_multiget,4872,2048,3656,177423,40823229,26550,40153894,0,40346194,11071,9617998,922149,8589258,322515,1,2048,0,2048,1,1,1
whole_batch_multiget,4873,2048,2675,150141,38349229,11442,37763501,0,37914915,10951,9198601,860053,8237018,248376,1,2048,0,2048,1,1,1
whole_batch_multiget,4874,2048,2595,132268,40885075,11803,40314785,0,40475317,11843,9621264,1064607,8444346,234249,1,2048,0,2048,1,1,1
whole_batch_multiget,4875,2048,2905,149390,38291070,12163,37601517,0,37766526,11121,10297302,965661,9264835,243276,1,2048,0,2048,1,1,1
whole_batch_multiget,4876,2048,3577,155101,39194414,13255,38545337,0,38710827,13456,10037124,1075196,8881567,249438,1,2048,0,2048,1,1,1
whole_batch_multiget,4877,2048,3546,169228,40059266,12413,39418014,0,39575178,11372,10365971,1100214,9157433,230322,1,2048,0,2048,1,1,1
whole_batch_multiget,4878,2048,2705,120887,42301111,12153,41691648,0,41862508,12633,10143683,1112266,8947280,243587,1,2048,0,2048,1,1,1
whole_batch_multiget,4879,2048,3366,147296,43879431,14507,43316314,0,43477737,13085,10184820,1049989,9010548,256010,1,2048,0,2048,1,1,1
whole_batch_multiget,4880,2048,3026,193002,39324999,14287,38711048,0,38871559,13746,9177752,1004374,8103056,308228,1,2048,0,2048,1,1,1
whole_batch_multiget,4881,2048,2515,107682,38908799,12162,38422096,0,38552530,13376,9922959,1147762,8706017,251482,1,2048,0,2048,1,1,1
whole_batch_multiget,4882,1664,16451,90610,29462443,10880,29075157,0,29180975,10019,8215246,716484,7439341,216196,1,1664,0,1664,1,1,1
