phase,batch_index,item_count,batch_total_ns,build_or_prep_ns,dispatch_to_worker_start_ns,worker_setup_ns,native_call_ns,decode_validate_ns,worker_post_call_ns,worker_finish_to_await_resume_ns,await_resume_to_ack_ns,component_sum_ns,residual_ns,worker_thread_id,worker_cpu_id,rocksdb_write_wal_time_ns,rocksdb_write_memtable_time_ns,rocksdb_write_delay_time_ns,rocksdb_write_pre_post_process_time_ns,rocksdb_block_cache_hit_count,rocksdb_block_read_count,rocksdb_block_read_bytes,rocksdb_block_read_time_ns,rocksdb_block_checksum_time_ns,rocksdb_block_decompress_time_ns,rocksdb_multiget_read_bytes,rocksdb_read_index_block_ns,rocksdb_read_filter_block_ns,rocksdb_get_from_memtable_time_ns,rocksdb_get_from_memtable_count,rocksdb_get_from_output_files_time_ns,rocksdb_bloom_memtable_hit_count,rocksdb_bloom_memtable_miss_count,rocksdb_bloom_sst_hit_count,rocksdb_bloom_sst_miss_count
write,1,4096,4754076,1036909,16010,2725,3671271,0,751,24186,2224,4754076,0,36129,8,2198822,1458591,0,6893,0,0,0,0,0,0,0,0,0,0,0,0,0,0,0,0
write,2,4096,4602019,999047,9899,661,3580640,0,331,9408,2033,4602019,0,36129,8,2140854,1436360,0,1401,0,0,0,0,0,0,0,0,0,0,0,0,0,0,0,0
write,3,4096,4196377,945367,9247,761,3227577,0,321,11191,1913,4196377,0,36129,8,1788271,1436210,0,1253,0,0,0,0,0,0,0,0,0,0,0,0,0,0,0,0
write,4,4096,4265107,944295,8576,721,3300544,0,321,8756,1894,4265107,0,36129,8,1860257,1437091,0,1213,0,0,0,0,0,0,0,0,0,0,0,0,0,0,0,0
write,5,4096,4233256,950707,9327,561,3245280,0,371,8325,18685,4233256,0,36129,8,1817656,1424528,0,1142,0,0,0,0,0,0,0,0,0,0,0,0,0,0,0,0
write,6,4096,4215713,952660,9067,952,3219491,0,341,9608,23594,4215713,0,36129,8,1780026,1435839,0,1432,0,0,0,0,0,0,0,0,0,0,0,0,0,0,0,0
write,7,4096,4344867,964814,9798,942,3339837,0,331,9518,19627,4344867,0,36129,8,1874904,1461297,0,1352,0,0,0,0,0,0,0,0,0,0,0,0,0,0,0,0
write,8,4096,4272179,974000,10079,1002,3258304,0,301,8356,20137,4272179,0,36129,8,1834588,1420149,0,1262,0,0,0,0,0,0,0,0,0,0,0,0,0,0,0,0
write,9,4096,4506190,1001903,11542,1052,3436860,0,471,26630,27732,4506190,0,36129,8,1974581,1457970,0,1604,0,0,0,0,0,0,0,0,0,0,0,0,0,0,0,0
write,10,4096,4427272,1155071,11171,922,3202018,0,281,7033,50776,4427272,0,36129,8,1777571,1420791,0,1342,0,0,0,0,0,0,0,0,0,0,0,0,0,0,0,0
write,11,4096,4432612,1061716,9868,962,3307507,0,300,26270,25989,4432612,0,36129,8,1886546,1417203,0,1361,0,0,0,0,0,0,0,0,0,0,0,0,0,0,0,0
write,12,4096,4407514,1085190,10690,962,3257012,0,280,26760,26620,4407514,0,36129,8,1826032,1427353,0,1362,0,0,0,0,0,0,0,0,0,0,0,0,0,0,0,0
write,13,4096,4349786,1091872,10420,901,3197621,0,290,9328,39354,4349786,0,36129,8,1770348,1423235,0,1532,0,0,0,0,0,0,0,0,0,0,0,0,0,0,0,0
write,14,4096,4395031,1013205,11682,1012,3327744,0,652,12112,28624,4395031,0,36129,8,1892207,1430729,0,1992,0,0,0,0,0,0,0,0,0,0,0,0,0,0,0,0
write,15,4096,4255298,1006571,10620,862,3207068,0,391,7604,22182,4255298,0,36129,8,1787549,1415791,0,1453,0,0,0,0,0,0,0,0,0,0,0,0,0,0,0,0
write,16,4096,4301214,883761,10219,972,3375414,0,541,8556,21751,4301214,0,36129,8,1942341,1429066,0,1552,0,0,0,0,0,0,0,0,0,0,0,0,0,0,0,0
write,17,4096,4193232,889923,10199,851,3260930,0,350,7565,23414,4193232,0,36129,8,1851560,1405652,0,1402,0,0,0,0,0,0,0,0,0,0,0,0,0,0,0,0
write,18,4096,4297077,906454,8065,932,3333004,0,331,8296,39995,4297077,0,36129,8,1907706,1421913,0,1292,0,0,0,0,0,0,0,0,0,0,0,0,0,0,0,0
write,19,4096,4436789,1074199,7454,811,3326944,0,350,6693,20338,4436789,0,36129,8,1886035,1437502,0,1263,0,0,0,0,0,0,0,0,0,0,0,0,0,0,0,0
write,20,4096,4108452,879513,7233,762,3193843,0,321,6321,20459,4108452,0,36129,8,1770107,1420340,0,1342,0,0,0,0,0,0,0,0,0,0,0,0,0,0,0,0
write,21,4096,4199874,886766,7254,761,3276970,0,350,7354,20419,4199874,0,36129,8,1861549,1412185,0,1182,0,0,0,0,0,0,0,0,0,0,0,0,0,0,0,0
write,22,4096,4311193,1055644,7494,792,3212007,0,381,9347,25528,4311193,0,36129,8,1779244,1429447,0,1232,0,0,0,0,0,0,0,0,0,0,0,0,0,0,0,0
write,23,4096,4319549,884142,7764,732,3399850,0,331,6692,20038,4319549,0,36129,8,1962559,1434035,0,1171,0,0,0,0,0,0,0,0,0,0,0,0,0,0,0,0
write,24,4096,4183503,885775,7273,722,3262772,0,491,6282,20188,4183503,0,36129,8,1841270,1417765,0,1333,0,0,0,0,0,0,0,0,0,0,0,0,0,0,0,0
write,25,4096,5176118,884332,8596,891,4255349,0,400,8346,18204,5176118,0,36129,8,1879482,2371677,0,1815,0,0,0,0,0,0,0,0,0,0,0,0,0,0,0,0
write,26,4096,5816172,890143,9468,902,4903386,0,401,9588,2284,5816172,0,36129,8,1854466,3045154,0,1461,0,0,0,0,0,0,0,0,0,0,0,0,0,0,0,0
write,27,4096,5750409,878732,8987,1102,4850036,0,371,9347,1834,5750409,0,36129,8,1787730,3058779,0,1334,0,0,0,0,0,0,0,0,0,0,0,0,0,0,0,0
write,28,4096,5664287,877189,9237,832,4766489,0,401,7784,2355,5664287,0,36129,8,1900001,2863022,0,1362,0,0,0,0,0,0,0,0,0,0,0,0,0,0,0,0
write,29,4096,5635151,875986,9849,791,4737344,0,401,8546,2234,5635151,0,36129,8,1784154,2949574,0,1442,0,0,0,0,0,0,0,0,0,0,0,0,0,0,0,0
write,30,4096,5778792,881768,9628,902,4874502,0,501,9568,1923,5778792,0,36129,8,1823989,3046687,0,1403,0,0,0,0,0,0,0,0,0,0,0,0,0,0,0,0
write,31,4096,5780855,868162,9518,721,4891935,0,320,7865,2334,5780855,0,36129,8,1827385,3061194,0,1312,0,0,0,0,0,0,0,0,0,0,0,0,0,0,0,0
write,32,4096,5860756,874153,9308,691,4965393,0,371,8486,2354,5860756,0,36129,8,1884041,3077986,0,1362,0,0,0,0,0,0,0,0,0,0,0,0,0,0,0,0
write,33,4096,6026597,881717,9939,761,5122538,0,361,8857,2424,6026597,0,36129,8,1865547,3253715,0,1352,0,0,0,0,0,0,0,0,0,0,0,0,0,0,0,0
write,34,4096,5999286,879964,9918,752,5097601,0,391,8325,2335,5999286,0,36129,8,1760209,3334317,0,1302,0,0,0,0,0,0,0,0,0,0,0,0,0,0,0,0
write,35,4096,6197689,880475,9307,772,5296986,0,370,7464,2315,6197689,0,36129,8,1995460,3298269,0,1434,0,0,0,0,0,0,0,0,0,0,0,0,0,0,0,0
write,36,4096,6265526,889381,11352,851,5354094,0,371,7263,2214,6265526,0,36129,8,1785626,3564861,0,1523,0,0,0,0,0,0,0,0,0,0,0,0,0,0,0,0
write,37,4096,6133899,880886,9398,701,5232545,0,371,7955,2043,6133899,0,36129,8,1794633,3434736,0,1302,0,0,0,0,0,0,0,0,0,0,0,0,0,0,0,0
write,38,4096,6064439,885785,8937,731,5158967,0,691,7113,2215,6064439,0,36129,8,1824229,3331542,0,1222,0,0,0,0,0,0,0,0,0,0,0,0,0,0,0,0
write,39,4096,6258723,879823,9318,711,5357480,0,351,8826,2214,6258723,0,36129,8,1850097,3504197,0,1292,0,0,0,0,0,0,0,0,0,0,0,0,0,0,0,0
write,40,4096,6012521,889312,9297,762,5102360,0,361,8395,2034,6012521,0,36129,8,1862390,3236594,0,1423,0,0,0,0,0,0,0,0,0,0,0,0,0,0,0,0
write,41,4096,5959501,878040,8276,751,5061604,0,361,8285,2184,5959501,0,36129,8,1769276,3288902,0,1413,0,0,0,0,0,0,0,0,0,0,0,0,0,0,0,0
write,42,4096,5773863,890294,9488,761,4862379,0,311,8295,2335,5773863,0,36129,8,1952910,2905832,0,1292,0,0,0,0,0,0,0,0,0,0,0,0,0,0,0,0
write,43,4096,5770155,876707,9047,752,4871666,0,411,9288,2284,5770155,0,36129,8,1778443,3089948,0,1353,0,0,0,0,0,0,0,0,0,0,0,0,0,0,0,0
write,44,4096,6060792,875636,9648,822,5162413,0,350,9949,1974,6060792,0,36129,8,1868071,3290695,0,1424,0,0,0,0,0,0,0,0,0,0,0,0,0,0,0,0
write,45,4096,6286375,875926,9087,741,5388659,0,331,9507,2124,6286375,0,36129,8,1814571,3570782,0,1332,0,0,0,0,0,0,0,0,0,0,0,0,0,0,0,0
write,46,4096,5995830,882980,9929,731,5089817,0,390,9719,2264,5995830,0,36129,8,1765929,3320261,0,1402,0,0,0,0,0,0,0,0,0,0,0,0,0,0,0,0
write,47,4096,6107299,883170,9537,722,5201977,0,311,9327,2255,6107299,0,36129,8,1863623,3335179,0,1232,0,0,0,0,0,0,0,0,0,0,0,0,0,0,0,0
write,48,4096,5861818,893430,10259,791,4946207,0,341,8566,2224,5861818,0,36129,8,1754408,3188703,0,1282,0,0,0,0,0,0,0,0,0,0,0,0,0,0,0,0
write,49,4096,6337351,873432,9037,701,5442549,0,381,9147,2104,6337351,0,36129,8,1894040,3545143,0,1444,0,0,0,0,0,0,0,0,0,0,0,0,0,0,0,0
write,50,4096,5772410,877159,9277,792,4874251,0,331,8315,2285,5772410,0,36129,8,1769336,3101690,0,1313,0,0,0,0,0,0,0,0,0,0,0,0,0,0,0,0
write,51,4096,5836730,876677,9118,771,4938953,0,431,8346,2434,5836730,0,36129,8,1891094,3044703,0,1232,0,0,0,0,0,0,0,0,0,0,0,0,0,0,0,0
write,52,4096,5684745,879463,8937,761,4784433,0,431,8736,1984,5684745,0,36129,8,1839909,2940868,0,1433,0,0,0,0,0,0,0,0,0,0,0,0,0,0,0,0
write,53,4096,5671149,871738,8987,681,4779023,0,321,8025,2374,5671149,0,36129,8,1778573,2996993,0,1353,0,0,0,0,0,0,0,0,0,0,0,0,0,0,0,0
write,54,4096,5758173,880335,9127,671,4857079,0,351,8316,2294,5758173,0,36129,8,1879362,2974421,0,1312,0,0,0,0,0,0,0,0,0,0,0,0,0,0,0,0
write,55,4096,5788470,878261,9638,831,4888408,0,331,8827,2174,5788470,0,36129,8,1794944,3090218,0,1212,0,0,0,0,0,0,0,0,0,0,0,0,0,0,0,0
write,56,4096,6248786,894692,9798,752,5332042,0,391,8886,2225,6248786,0,36129,8,1903728,3425018,0,1352,0,0,0,0,0,0,0,0,0,0,0,0,0,0,0,0
write,57,4096,5927452,876327,9278,691,5029914,0,341,8767,2134,5927452,0,36129,8,1798781,3227947,0,1301,0,0,0,0,0,0,0,0,0,0,0,0,0,0,0,0
write,58,4096,6260738,889001,9288,791,5349425,0,371,10029,1833,6260738,0,36129,8,1859295,3487014,0,1312,0,0,0,0,0,0,0,0,0,0,0,0,0,0,0,0
write,59,4096,6047005,881296,9809,671,5144079,0,370,8747,2033,6047005,0,36129,8,1825942,3314970,0,1273,0,0,0,0,0,0,0,0,0,0,0,0,0,0,0,0
write,60,4096,6220292,883992,8947,781,5315942,0,381,7794,2455,6220292,0,36129,8,1764827,3547729,0,1422,0,0,0,0,0,0,0,0,0,0,0,0,0,0,0,0
write,61,4096,6208339,876237,9498,741,5312004,0,371,7234,2254,6208339,0,36129,8,1875095,3433373,0,1471,0,0,0,0,0,0,0,0,0,0,0,0,0,0,0,0
write,62,4096,55274262,877659,9077,712,54375283,0,400,8827,2304,55274262,0,36129,8,50607712,3763945,0,1303,0,0,0,0,0,0,0,0,0,0,0,0,0,0,0,0
write,63,4096,10952346,873442,9157,681,10058436,0,321,8105,2204,10952346,0,36129,8,6314549,3740491,0,1272,0,0,0,0,0,0,0,0,0,0,0,0,0,0,0,0
write,64,4096,6517640,878892,8987,751,5616998,0,350,9228,2434,6517640,0,36129,8,2015177,3598573,0,1233,0,0,0,0,0,0,0,0,0,0,0,0,0,0,0,0
write,65,4096,6109143,882098,10500,751,5204402,0,381,8225,2786,6109143,0,36129,8,1836662,3364484,0,1312,0,0,0,0,0,0,0,0,0,0,0,0,0,0,0,0
write,66,4096,5797076,873903,9267,671,4902635,0,381,7955,2264,5797076,0,36129,8,1765609,3133780,0,1302,0,0,0,0,0,0,0,0,0,0,0,0,0,0,0,0
write,67,4096,5828626,875085,8937,711,4933032,0,381,8255,2225,5828626,0,36129,8,1963931,2966005,0,1242,0,0,0,0,0,0,0,0,0,0,0,0,0,0,0,0
write,68,4096,5996360,890644,9578,801,5084367,0,360,8336,2274,5996360,0,36129,8,1751442,3329709,0,1322,0,0,0,0,0,0,0,0,0,0,0,0,0,0,0,0
write,69,4096,6325159,873492,9297,732,5431108,0,381,8345,1804,6325159,0,36129,8,1897777,3530015,0,1392,0,0,0,0,0,0,0,0,0,0,0,0,0,0,0,0
write,70,4096,6994287,873252,8456,731,5637626,0,1002,449766,23454,6994287,0,36129,8,1812416,3818196,0,2794,0,0,0,0,0,0,0,0,0,0,0,0,0,0,0,0
write,71,4096,6441837,934556,13405,8787,5469320,0,882,10599,4288,6441837,0,36129,8,2081242,3370735,0,7855,0,0,0,0,0,0,0,0,0,0,0,0,0,0,0,0
write,72,4096,6173614,892718,9928,1012,5259306,0,360,8015,2275,6173614,0,36129,8,1903128,3349927,0,2824,0,0,0,0,0,0,0,0,0,0,0,0,0,0,0,0
write,73,4096,6219019,880705,9287,712,5317705,0,420,7795,2395,6219019,0,36129,8,1789444,3524775,0,1353,0,0,0,0,0,0,0,0,0,0,0,0,0,0,0,0
write,74,4096,5974730,873441,9528,872,5079267,0,381,8796,2445,5974730,0,36129,8,1901935,3173836,0,1402,0,0,0,0,0,0,0,0,0,0,0,0,0,0,0,0
write,75,4096,5835388,879083,9357,762,4935096,0,340,8476,2274,5835388,0,36129,8,1815612,3116006,0,1512,0,0,0,0,0,0,0,0,0,0,0,0,0,0,0,0
write,76,4096,6090568,883621,9568,651,5185437,0,350,8747,2194,6090568,0,36129,8,1985742,3196488,0,1293,0,0,0,0,0,0,0,0,0,0,0,0,0,0,0,0
write,77,4096,5740900,876788,9107,671,4843414,0,381,8275,2264,5740900,0,36129,8,1796206,3043792,0,1293,0,0,0,0,0,0,0,0,0,0,0,0,0,0,0,0
write,78,4096,5888939,887068,9407,651,4979991,0,330,9508,1984,5888939,0,36129,8,1892958,3083776,0,1314,0,0,0,0,0,0,0,0,0,0,0,0,0,0,0,0
write,79,4096,5753314,875946,9167,872,4855546,0,361,9207,2215,5753314,0,36129,8,1836552,3015848,0,1292,0,0,0,0,0,0,0,0,0,0,0,0,0,0,0,0
write,80,4096,6225762,885395,9628,651,5318957,0,351,8486,2294,6225762,0,36129,8,1781248,3534263,0,1372,0,0,0,0,0,0,0,0,0,0,0,0,0,0,0,0
write,81,4096,6090247,881086,9378,611,5188422,0,361,8075,2314,6090247,0,36129,8,1887818,3297428,0,1252,0,0,0,0,0,0,0,0,0,0,0,0,0,0,0,0
write,82,4096,6301234,878491,9448,651,5401493,0,340,8506,2305,6301234,0,36129,8,1832224,3566103,0,1262,0,0,0,0,0,0,0,0,0,0,0,0,0,0,0,0
write,83,4096,6396413,884523,9187,692,5491481,0,371,7895,2264,6396413,0,36129,8,1972548,3515758,0,1323,0,0,0,0,0,0,0,0,0,0,0,0,0,0,0,0
write,84,4096,6135252,875846,9648,722,5237945,0,501,7534,3056,6135252,0,36129,8,1851260,3383299,0,1243,0,0,0,0,0,0,0,0,0,0,0,0,0,0,0,0
write,85,4096,6538650,889342,8626,812,5628790,0,340,8306,2434,6538650,0,36129,8,1897526,3727336,0,1803,0,0,0,0,0,0,0,0,0,0,0,0,0,0,0,0
write,86,4096,6877527,898589,9568,802,5957598,0,390,8436,2144,6877527,0,36129,8,1889541,4064539,0,1352,0,0,0,0,0,0,0,0,0,0,0,0,0,0,0,0
write,87,4096,6530695,885154,9387,702,5624762,0,371,8165,2154,6530695,0,36129,8,1779976,3841481,0,1433,0,0,0,0,0,0,0,0,0,0,0,0,0,0,0,0
write,88,4096,6964841,885735,9367,662,6056774,0,360,9679,2264,6964841,0,36129,8,1894090,4159257,0,1263,0,0,0,0,0,0,0,0,0,0,0,0,0,0,0,0
write,89,4096,6089115,883921,9328,751,5183343,0,340,9318,2114,6089115,0,36129,8,1819249,3360746,0,1243,0,0,0,0,0,0,0,0,0,0,0,0,0,0,0,0
write,90,4096,6300623,883721,9168,731,5394890,0,361,9738,2014,6300623,0,36129,8,1979190,3412434,0,1322,0,0,0,0,0,0,0,0,0,0,0,0,0,0,0,0
write,91,4096,5732284,877850,9177,681,4832904,0,381,9197,2094,5732284,0,36129,8,1844567,2984880,0,1512,0,0,0,0,0,0,0,0,0,0,0,0,0,0,0,0
write,92,4096,6089265,882799,9378,711,5184735,0,391,9307,1944,6089265,0,36129,8,1883480,3297849,0,1411,0,0,0,0,0,0,0,0,0,0,0,0,0,0,0,0
write,93,4096,6305361,879823,9288,731,5404007,0,381,9087,2044,6305361,0,36129,8,1872499,3528401,0,1252,0,0,0,0,0,0,0,0,0,0,0,0,0,0,0,0
write,94,4096,6544952,894922,9197,651,5629762,0,361,8015,2044,6544952,0,36129,8,1798370,3828176,0,1322,0,0,0,0,0,0,0,0,0,0,0,0,0,0,0,0
write,95,4096,6250068,882178,8747,761,5347682,0,330,8076,2294,6250068,0,36129,8,1929347,3415069,0,1313,0,0,0,0,0,0,0,0,0,0,0,0,0,0,0,0
write,96,4096,6232544,874403,9098,711,5336380,0,300,9338,2314,6232544,0,36129,8,1807567,3525426,0,1413,0,0,0,0,0,0,0,0,0,0,0,0,0,0,0,0
write,97,4096,6272260,880535,9659,761,5367669,0,741,8617,4278,6272260,0,36129,8,1830020,3532359,0,2043,0,0,0,0,0,0,0,0,0,0,0,0,0,0,0,0
write,98,4096,6117057,873051,9568,791,5222727,0,340,8416,2164,6117057,0,36129,8,1859785,3358583,0,1792,0,0,0,0,0,0,0,0,0,0,0,0,0,0,0,0
write,99,4096,5956836,882438,8777,721,5052968,0,340,9719,1873,5956836,0,36129,8,1895032,3154599,0,1433,0,0,0,0,0,0,0,0,0,0,0,0,0,0,0,0
write,100,4096,6175708,884142,8967,651,5271097,0,411,8516,1924,6175708,0,36129,8,1927663,3340138,0,1242,0,0,0,0,0,0,0,0,0,0,0,0,0,0,0,0
write,101,4096,5823445,891756,7574,601,4912143,0,300,8817,2254,5823445,0,36129,8,1742224,3166822,0,1202,0,0,0,0,0,0,0,0,0,0,0,0,0,0,0,0
write,102,4096,6017721,991073,8025,761,5006140,0,340,9037,2345,6017721,0,36129,8,1873632,3129022,0,1362,0,0,0,0,0,0,0,0,0,0,0,0,0,0,0,0
write,103,4096,5672672,884482,8997,822,4765787,0,401,10089,2094,5672672,0,36129,8,1730283,3032009,0,1353,0,0,0,0,0,0,0,0,0,0,0,0,0,0,0,0
write,104,4096,6032258,875425,9448,791,5134842,0,410,9118,2224,6032258,0,36129,8,1849066,3282309,0,1263,0,0,0,0,0,0,0,0,0,0,0,0,0,0,0,0
write,105,4096,6199773,874022,9288,721,5306634,0,391,6753,1964,6199773,0,36129,8,1815853,3487305,0,1352,0,0,0,0,0,0,0,0,0,0,0,0,0,0,0,0
write,106,4096,5938572,882028,7194,611,5038400,0,321,7824,2194,5938572,0,36129,8,1836562,3198812,0,1042,0,0,0,0,0,0,0,0,0,0,0,0,0,0,0,0
write,107,4096,6661441,908548,9227,822,5731703,0,421,8586,2134,6661441,0,36129,8,1836592,3891324,0,1575,0,0,0,0,0,0,0,0,0,0,0,0,0,0,0,0
write,108,4096,6042277,877439,8556,842,5143587,0,411,9067,2375,6042277,0,36129,8,1753686,3386094,0,1653,0,0,0,0,0,0,0,0,0,0,0,0,0,0,0,0
write,109,4096,6545834,882229,9407,882,5641874,0,401,8687,2354,6545834,0,36129,8,1933003,3705304,0,1432,0,0,0,0,0,0,0,0,0,0,0,0,0,0,0,0
write,110,4096,6278150,876527,9478,722,5379340,0,371,9568,2144,6278150,0,36129,8,1760109,3615676,0,1333,0,0,0,0,0,0,0,0,0,0,0,0,0,0,0,0
write,111,4096,6724399,882599,9508,871,5818537,0,381,10129,2374,6724399,0,36129,8,1840490,3974520,0,1383,0,0,0,0,0,0,0,0,0,0,0,0,0,0,0,0
write,112,4096,6566071,882479,9307,782,5658776,0,430,12003,2294,6566071,0,36129,8,1775747,3879291,0,1383,0,0,0,0,0,0,0,0,0,0,0,0,0,0,0,0
write,113,4096,6480571,877409,9508,812,5581110,0,411,8897,2424,6480571,0,36129,8,1766490,3810923,0,1523,0,0,0,0,0,0,0,0,0,0,0,0,0,0,0,0
write,114,4096,6282849,876547,9659,731,5384531,0,410,8637,2334,6282849,0,36129,8,1837374,3543540,0,1373,0,0,0,0,0,0,0,0,0,0,0,0,0,0,0,0
write,115,4096,6224390,885224,9277,712,5319639,0,410,7214,1914,6224390,0,36129,8,1747534,3568657,0,1333,0,0,0,0,0,0,0,0,0,0,0,0,0,0,0,0
write,116,4096,6367018,1058119,8326,811,5290053,0,381,7093,2235,6367018,0,36129,8,1890564,3396093,0,1322,0,0,0,0,0,0,0,0,0,0,0,0,0,0,0,0
write,117,4096,6486692,881336,7404,661,5587683,0,381,7353,1874,6486692,0,36129,8,1761180,3823226,0,1332,0,0,0,0,0,0,0,0,0,0,0,0,0,0,0,0
write,118,4096,6855265,888941,7373,632,5949202,0,350,6953,1814,6855265,0,36129,8,1852512,4093504,0,1193,0,0,0,0,0,0,0,0,0,0,0,0,0,0,0,0
write,119,4096,6449393,880495,7244,681,5548098,0,421,9528,2926,6449393,0,36129,8,1809992,3734239,0,1433,0,0,0,0,0,0,0,0,0,0,0,0,0,0,0,0
write,120,4096,6829917,889261,7585,721,5923123,0,381,6722,2124,6829917,0,36129,8,1751152,4167704,0,1883,0,0,0,0,0,0,0,0,0,0,0,0,0,0,0,0
write,121,4096,6691617,879714,7103,661,5793730,0,411,7544,2454,6691617,0,36129,8,1868391,3922082,0,1252,0,0,0,0,0,0,0,0,0,0,0,0,0,0,0,0
write,122,4096,6872287,953222,7133,601,5901713,0,361,7394,1863,6872287,0,36129,8,1784584,4114063,0,1132,0,0,0,0,0,0,0,0,0,0,0,0,0,0,0,0
write,123,4096,6226202,910491,6933,1303,5297466,0,311,7584,2114,6226202,0,36129,8,1882218,3410340,0,1754,0,0,0,0,0,0,0,0,0,0,0,0,0,0,0,0
write,124,4096,6214661,883280,6994,831,5313107,0,350,8266,1833,6214661,0,36129,8,1770288,3539303,0,1373,0,0,0,0,0,0,0,0,0,0,0,0,0,0,0,0
write,125,4096,6445625,888089,7083,591,5539743,0,351,7524,2244,6445625,0,36129,8,1852051,3684556,0,1243,0,0,0,0,0,0,0,0,0,0,0,0,0,0,0,0
write,126,4096,6209441,1012312,7074,621,5179185,0,380,7705,2164,6209441,0,36129,8,1814481,3361448,0,1263,0,0,0,0,0,0,0,0,0,0,0,0,0,0,0,0
write,127,4096,5907343,881496,7615,611,5005678,0,491,8827,2625,5907343,0,36129,8,3066924,1815563,0,1994,0,0,0,0,0,0,0,0,0,0,0,0,0,0,0,0
write,128,4096,4435026,876227,9979,891,3535756,0,411,9307,2455,4435026,0,36129,8,1883360,1648388,0,1584,0,0,0,0,0,0,0,0,0,0,0,0,0,0,0,0
write,129,4096,4382207,881437,10560,781,3477707,0,410,8707,2605,4382207,0,36129,8,1815843,1657906,0,1453,0,0,0,0,0,0,0,0,0,0,0,0,0,0,0,0
write,130,4096,4395982,879713,9258,681,3493005,0,421,10720,2184,4395982,0,36129,8,1830691,1658778,0,1402,0,0,0,0,0,0,0,0,0,0,0,0,0,0,0,0
write,131,4096,4398497,873311,9428,671,3502433,0,401,9518,2735,4398497,0,36129,8,1843105,1655762,0,1372,0,0,0,0,0,0,0,0,0,0,0,0,0,0,0,0
write,132,4096,4320100,874613,9478,702,3424476,0,341,8165,2325,4320100,0,36129,8,1762914,1658127,0,1373,0,0,0,0,0,0,0,0,0,0,0,0,0,0,0,0
write,133,4096,4432892,874193,9097,871,3536848,0,411,8947,2525,4432892,0,36129,8,1870756,1662645,0,1333,0,0,0,0,0,0,0,0,0,0,0,0,0,0,0,0
write,134,4096,4328646,876538,9318,691,3430267,0,411,9007,2414,4328646,0,36129,8,1753676,1673085,0,1412,0,0,0,0,0,0,0,0,0,0,0,0,0,0,0,0
write,135,4096,4291526,869404,9779,791,3400712,0,331,8185,2324,4291526,0,36129,8,1739169,1658047,0,1372,0,0,0,0,0,0,0,0,0,0,0,0,0,0,0,0
write,136,4096,4539362,872871,9237,782,3644199,0,391,9267,2615,4539362,0,36129,8,1793782,1846541,0,1552,0,0,0,0,0,0,0,0,0,0,0,0,0,0,0,0
write,137,4096,4430628,873672,10079,782,3534884,0,351,8546,2314,4430628,0,36129,8,1850608,1680639,0,1503,0,0,0,0,0,0,0,0,0,0,0,0,0,0,0,0
write,138,4096,4580369,886446,9238,791,3672934,0,430,8346,2184,4580369,0,36129,8,1865476,1802509,0,1811,0,0,0,0,0,0,0,0,0,0,0,0,0,0,0,0
write,139,4096,4314339,882759,8807,781,3413527,0,380,6302,1783,4314339,0,36129,8,1747906,1662144,0,1303,0,0,0,0,0,0,0,0,0,0,0,0,0,0,0,0
write,140,4096,4453390,880134,6853,651,3556114,0,301,7384,1953,4453390,0,36129,8,1881376,1671582,0,1252,0,0,0,0,0,0,0,0,0,0,0,0,0,0,0,0
write,141,4096,4303559,883931,6933,682,3401543,0,301,8105,2064,4303559,0,36129,8,1752795,1645523,0,1223,0,0,0,0,0,0,0,0,0,0,0,0,0,0,0,0
write,142,4096,4617118,1082324,6873,632,3513924,0,361,9828,3176,4617118,0,36129,8,1845599,1664419,0,1503,0,0,0,0,0,0,0,0,0,0,0,0,0,0,0,0
write,143,4096,4367599,881677,7133,671,3462148,0,331,13024,2615,4367599,0,36129,8,1803530,1655382,0,1172,0,0,0,0,0,0,0,0,0,0,0,0,0,0,0,0
write,144,4096,4396163,875936,7214,701,3503806,0,350,6282,1874,4396163,0,36129,8,1840680,1659980,0,1262,0,0,0,0,0,0,0,0,0,0,0,0,0,0,0,0
write,145,4096,4402395,883190,7384,1122,3500660,0,381,7774,1884,4402395,0,36129,8,1829329,1667144,0,1552,0,0,0,0,0,0,0,0,0,0,0,0,0,0,0,0
write,146,4096,4319359,892939,9718,772,3406522,0,391,6823,2194,4319359,0,36129,8,1746593,1656263,0,1394,0,0,0,0,0,0,0,0,0,0,0,0,0,0,0,0
write,147,4096,4500369,862412,7063,561,3621787,0,391,6252,1903,4500369,0,36129,8,1958632,1660000,0,1172,0,0,0,0,0,0,0,0,0,0,0,0,0,0,0,0
write,148,4096,4324538,887388,7083,661,3417955,0,340,7344,3767,4324538,0,36129,8,1750029,1664799,0,1162,0,0,0,0,0,0,0,0,0,0,0,0,0,0,0,0
write,149,4096,4401032,888610,7314,631,3494798,0,311,7344,2024,4401032,0,36129,8,1845188,1646464,0,1254,0,0,0,0,0,0,0,0,0,0,0,0,0,0,0,0
write,150,4096,4349766,891236,7263,702,3440797,0,320,7565,1883,4349766,0,36129,8,1783021,1654259,0,1454,0,0,0,0,0,0,0,0,0,0,0,0,0,0,0,0
write,151,4096,5582382,894671,5901,582,4669967,0,361,8395,2505,5582382,0,36129,8,1763895,2902927,0,1223,0,0,0,0,0,0,0,0,0,0,0,0,0,0,0,0
write,152,4096,6250719,1063880,7313,702,5170308,0,340,6352,1824,6250719,0,36129,8,1823608,3343585,0,1243,0,0,0,0,0,0,0,0,0,0,0,0,0,0,0,0
write,153,4096,6002182,883972,7454,661,5100847,0,351,6953,1944,6002182,0,36129,8,1763444,3334166,0,1232,0,0,0,0,0,0,0,0,0,0,0,0,0,0,0,0
write,154,4096,6104514,884753,6873,631,5203020,0,370,7094,1773,6104514,0,36129,8,1851420,3348474,0,1233,0,0,0,0,0,0,0,0,0,0,0,0,0,0,0,0
write,155,4096,6005658,920840,7354,662,5067073,0,371,7264,2094,6005658,0,36129,8,1731635,3332113,0,1312,0,0,0,0,0,0,0,0,0,0,0,0,0,0,0,0
write,156,4096,6096349,888040,7644,651,5187921,0,351,9167,2575,6096349,0,36129,8,1847062,3337523,0,1432,0,0,0,0,0,0,0,0,0,0,0,0,0,0,0,0
write,157,4096,6463729,983789,7474,641,5461175,0,301,7754,2595,6463729,0,36129,8,1798701,3659068,0,1252,0,0,0,0,0,0,0,0,0,0,0,0,0,0,0,0
write,158,4096,5881364,880585,7384,691,4977375,0,582,10670,4077,5881364,0,36129,8,1751001,3221706,0,1833,0,0,0,0,0,0,0,0,0,0,0,0,0,0,0,0
write,159,4096,6460503,885985,10119,822,5550793,0,431,8756,3597,6460503,0,36129,8,1955305,3589757,0,2335,0,0,0,0,0,0,0,0,0,0,0,0,0,0,0,0
write,160,4096,6155449,881617,9788,731,5251421,0,411,8556,2925,6155449,0,36129,8,1817135,3430458,0,1704,0,0,0,0,0,0,0,0,0,0,0,0,0,0,0,0
write,161,4096,6238787,877119,9728,692,5340828,0,371,7544,2505,6238787,0,36129,8,1960595,3376787,0,1343,0,0,0,0,0,0,0,0,0,0,0,0,0,0,0,0
write,162,4096,6192579,881977,9899,802,5289952,0,401,7464,2084,6192579,0,36129,8,1768063,3518383,0,1343,0,0,0,0,0,0,0,0,0,0,0,0,0,0,0,0
write,163,4096,6026898,869775,8345,902,5136224,0,331,9528,1793,6026898,0,36129,8,1815502,3317195,0,1322,0,0,0,0,0,0,0,0,0,0,0,0,0,0,0,0
write,164,4096,6301163,876908,8846,712,5402314,0,370,9909,2104,6301163,0,36129,8,1836923,3561884,0,1434,0,0,0,0,0,0,0,0,0,0,0,0,0,0,0,0
write,165,4096,34179803,876387,9638,732,33279922,0,420,10470,2234,34179803,0,36129,8,29715893,3559010,0,1593,0,0,0,0,0,0,0,0,0,0,0,0,0,0,0,0
write,166,4096,6226413,883481,10259,822,5319448,0,361,10229,1813,6226413,0,36129,8,1904369,3410120,0,1504,0,0,0,0,0,0,0,0,0,0,0,0,0,0,0,0
write,167,4096,6519384,882479,9718,721,5616207,0,400,7575,2284,6519384,0,36129,8,1998617,3614353,0,1272,0,0,0,0,0,0,0,0,0,0,0,0,0,0,0,0
write,168,4096,6093433,878601,9708,762,5192710,0,320,9348,1984,6093433,0,36129,8,1851229,3338255,0,1241,0,0,0,0,0,0,0,0,0,0,0,0,0,0,0,0
write,169,4096,6153957,878351,9799,731,5253575,0,380,8667,2454,6153957,0,36129,8,1846410,3403768,0,1322,0,0,0,0,0,0,0,0,0,0,0,0,0,0,0,0
write,170,4096,6125484,901785,24336,1843,5175659,0,1001,13636,7224,6125484,0,36129,8,1963250,3193483,0,5691,0,0,0,0,0,0,0,0,0,0,0,0,0,0,0,0
write,171,4096,6083594,916002,10750,1573,5143918,0,341,8726,2284,6083594,0,36129,8,2007763,3126697,0,3657,0,0,0,0,0,0,0,0,0,0,0,0,0,0,0,0
write,172,4096,5679756,900082,9358,651,4759155,0,351,7884,2275,5679756,0,36129,8,1757192,2998536,0,1342,0,0,0,0,0,0,0,0,0,0,0,0,0,0,0,0
write,173,4096,5974770,879553,9397,782,5073887,0,360,8557,2234,5974770,0,36129,8,1863693,3206628,0,1472,0,0,0,0,0,0,0,0,0,0,0,0,0,0,0,0
write,174,4096,5859403,890894,9368,771,4947128,0,401,8606,2235,5859403,0,36129,8,1799523,3144209,0,1402,0,0,0,0,0,0,0,0,0,0,0,0,0,0,0,0
write,175,4096,5703830,885604,9919,651,4796055,0,340,8967,2294,5703830,0,36129,8,1763505,3029073,0,1284,0,0,0,0,0,0,0,0,0,0,0,0,0,0,0,0
write,176,4096,5900921,870827,9097,711,5009125,0,371,8406,2384,5900921,0,36129,8,1859155,3146564,0,1423,0,0,0,0,0,0,0,0,0,0,0,0,0,0,0,0
write,177,4096,5816873,877981,9026,712,4918354,0,331,8255,2214,5816873,0,36129,8,1743707,3171431,0,1283,0,0,0,0,0,0,0,0,0,0,0,0,0,0,0,0
write,178,4096,5993415,886466,9218,641,5085789,0,371,8666,2264,5993415,0,36129,8,1874202,3208350,0,1281,0,0,0,0,0,0,0,0,0,0,0,0,0,0,0,0
write,179,4096,5899589,880695,11592,832,4993626,0,401,10429,2014,5899589,0,36129,8,1774265,3216125,0,1262,0,0,0,0,0,0,0,0,0,0,0,0,0,0,0,0
write,180,4096,6028010,882058,10469,912,5123019,0,361,8776,2415,6028010,0,36129,8,1926581,3192932,0,1491,0,0,0,0,0,0,0,0,0,0,0,0,0,0,0,0
write,181,4096,6097971,881987,10450,691,5194804,0,391,7354,2294,6097971,0,36129,8,1804091,3387116,0,1443,0,0,0,0,0,0,0,0,0,0,0,0,0,0,0,0
write,182,4096,5795403,892788,9518,912,4880132,0,441,9007,2605,5795403,0,36129,8,1749559,3127098,0,1443,0,0,0,0,0,0,0,0,0,0,0,0,0,0,0,0
write,183,4096,6015487,878972,8987,651,5115195,0,370,9037,2275,6015487,0,36129,8,1862500,3249587,0,1262,0,0,0,0,0,0,0,0,0,0,0,0,0,0,0,0
write,184,4096,6134661,877840,9298,751,5234399,0,390,10099,1884,6134661,0,36129,8,1779565,3450976,0,1512,0,0,0,0,0,0,0,0,0,0,0,0,0,0,0,0
write,185,4096,6396903,877689,9238,831,5498706,0,320,7705,2414,6396903,0,36129,8,2152886,3342202,0,1434,0,0,0,0,0,0,0,0,0,0,0,0,0,0,0,0
write,186,4096,5915809,875395,16181,661,5012401,0,341,8736,2094,5915809,0,36129,8,1761531,3247904,0,1172,0,0,0,0,0,0,0,0,0,0,0,0,0,0,0,0
write,187,4096,6163475,870937,9167,702,5270927,0,390,7354,3998,6163475,0,36129,8,1872790,3394100,0,1704,0,0,0,0,0,0,0,0,0,0,0,0,0,0,0,0
write,188,4096,6417983,901183,8747,1202,5494608,0,340,9458,2445,6417983,0,36129,8,1853174,3635904,0,2284,0,0,0,0,0,0,0,0,0,0,0,0,0,0,0,0
write,189,4096,6441187,881357,9267,852,5538019,0,381,9087,2224,6441187,0,36129,8,1745701,3788901,0,1282,0,0,0,0,0,0,0,0,0,0,0,0,0,0,0,0
write,190,4096,6820500,870626,9047,691,5927622,0,391,7985,4138,6820500,0,36129,8,1842573,4081852,0,1242,0,0,0,0,0,0,0,0,0,0,0,0,0,0,0,0
write,191,4096,6062215,884202,9318,681,5157213,0,351,8035,2415,6062215,0,36129,8,1779504,3374462,0,1352,0,0,0,0,0,0,0,0,0,0,0,0,0,0,0,0
write,192,4096,6413765,878080,9328,761,5515657,0,371,7303,2265,6413765,0,36129,8,1957198,3555263,0,1292,0,0,0,0,0,0,0,0,0,0,0,0,0,0,0,0
write,193,4096,6057055,876288,9207,731,5159298,0,350,8897,2284,6057055,0,36129,8,1809822,3346329,0,1243,0,0,0,0,0,0,0,0,0,0,0,0,0,0,0,0
write,194,4096,6023772,884092,9177,671,5118531,0,360,8717,2224,6023772,0,36129,8,1850659,3264646,0,1302,0,0,0,0,0,0,0,0,0,0,0,0,0,0,0,0
write,195,4096,6051484,886055,9017,712,5143858,0,340,9438,2064,6051484,0,36129,8,1833225,3307237,0,1433,0,0,0,0,0,0,0,0,0,0,0,0,0,0,0,0
write,196,4096,5696857,877930,9378,661,4797808,0,330,8937,1813,5696857,0,36129,8,1744930,3049733,0,1242,0,0,0,0,0,0,0,0,0,0,0,0,0,0,0,0
write,197,4096,5934534,888350,8636,721,5025236,0,340,9268,1983,5934534,0,36129,8,1840780,3181170,0,1273,0,0,0,0,0,0,0,0,0,0,0,0,0,0,0,0
write,198,4096,5802847,897357,8786,662,4884520,0,351,8897,2274,5802847,0,36129,8,1766300,3115055,0,1243,0,0,0,0,0,0,0,0,0,0,0,0,0,0,0,0
write,199,4096,6089556,876016,9288,801,5180217,0,421,20899,1914,6089556,0,36129,8,1951728,3224781,0,1604,0,0,0,0,0,0,0,0,0,0,0,0,0,0,0,0
write,200,4096,5941868,889912,10820,812,5028982,0,371,8526,2445,5941868,0,36129,8,1820522,3204843,0,1441,0,0,0,0,0,0,0,0,0,0,0,0,0,0,0,0
write,201,4096,6076892,874443,9067,762,5181689,0,331,8486,2114,6076892,0,36129,8,1855277,3323186,0,1303,0,0,0,0,0,0,0,0,0,0,0,0,0,0,0,0
write,202,4096,6087242,870537,9407,621,5195336,0,370,8707,2264,6087242,0,36129,8,1836983,3355016,0,1303,0,0,0,0,0,0,0,0,0,0,0,0,0,0,0,0
write,203,4096,6019934,870265,12173,731,5123751,0,351,10009,2654,6019934,0,36129,8,1752374,3367370,0,1834,0,0,0,0,0,0,0,0,0,0,0,0,0,0,0,0
write,204,4096,6173404,890654,9228,811,5243957,0,360,25839,2555,6173404,0,36129,8,1900042,3339878,0,1393,0,0,0,0,0,0,0,0,0,0,0,0,0,0,0,0
write,205,4096,5970121,980523,8045,651,4954332,0,331,23885,2354,5970121,0,36129,8,1766300,3184496,0,1413,0,0,0,0,0,0,0,0,0,0,0,0,0,0,0,0
write,206,4096,6308708,1000260,7394,661,5288962,0,340,8847,2244,6308708,0,36129,8,1802218,3483337,0,1223,0,0,0,0,0,0,0,0,0,0,0,0,0,0,0,0
write,207,4096,6136995,982537,9838,782,5131174,0,401,9618,2645,6136995,0,36129,8,1815091,3312435,0,1443,0,0,0,0,0,0,0,0,0,0,0,0,0,0,0,0
write,208,4096,6421389,889512,10670,761,5509576,0,350,8156,2364,6421389,0,36129,8,1860938,3645131,0,1472,0,0,0,0,0,0,0,0,0,0,0,0,0,0,0,0
write,209,4096,6299941,882348,9188,781,5396704,0,400,8216,2304,6299941,0,36129,8,1849256,3543941,0,1372,0,0,0,0,0,0,0,0,0,0,0,0,0,0,0,0
write,210,4096,6096850,883641,9167,701,5192480,0,311,8145,2405,6096850,0,36129,8,1755009,3434275,0,1293,0,0,0,0,0,0,0,0,0,0,0,0,0,0,0,0
write,211,4096,6365625,878541,9068,661,5466184,0,371,8425,2375,6365625,0,36129,8,1936530,3526438,0,1292,0,0,0,0,0,0,0,0,0,0,0,0,0,0,0,0
write,212,4096,6204952,887107,9518,782,5297236,0,361,7344,2604,6204952,0,36129,8,1789644,3504327,0,1303,0,0,0,0,0,0,0,0,0,0,0,0,0,0,0,0
write,213,4096,6426159,880635,8917,712,5523942,0,361,9658,1934,6426159,0,36129,8,1863373,3657334,0,1273,0,0,0,0,0,0,0,0,0,0,0,0,0,0,0,0
write,214,4096,6452268,875746,9298,781,5548018,0,391,16181,1853,6452268,0,36129,8,1807908,3736904,0,1242,0,0,0,0,0,0,0,0,0,0,0,0,0,0,0,0
write,215,4096,6563907,871989,9007,841,5670859,0,401,8335,2475,6563907,0,36129,8,1863873,3803750,0,1312,0,0,0,0,0,0,0,0,0,0,0,0,0,0,0,0
write,216,4096,6324357,898920,9367,1353,5402885,0,441,9197,2194,6324357,0,36129,8,1836652,3562005,0,1532,0,0,0,0,0,0,0,0,0,0,0,0,0,0,0,0
write,217,4096,6172762,880685,9678,642,5277389,0,380,1633,2355,6172762,0,36129,8,1750410,3523713,0,1313,0,0,0,0,0,0,0,0,0,0,0,0,0,0,0,0
write,218,4096,6430997,873562,8796,652,5536766,0,361,8666,2194,6430997,0,36129,8,1939736,3593885,0,1292,0,0,0,0,0,0,0,0,0,0,0,0,0,0,0,0
write,219,4096,6083525,884202,9047,691,5177773,0,480,8697,2635,6083525,0,36129,8,1755289,3417875,0,1904,0,0,0,0,0,0,0,0,0,0,0,0,0,0,0,0
write,220,4096,6076552,867832,9027,691,5187260,0,430,8577,2735,6076552,0,36129,8,1957719,3225523,0,1533,0,0,0,0,0,0,0,0,0,0,0,0,0,0,0,0
write,221,4096,5872397,884753,9027,691,4966344,0,431,8657,2494,5872397,0,36129,8,1810913,3151664,0,1492,0,0,0,0,0,0,0,0,0,0,0,0,0,0,0,0
write,222,4096,5903316,874654,9378,801,5005549,0,340,10400,2194,5903316,0,36129,8,1730883,3270887,0,1353,0,0,0,0,0,0,0,0,0,0,0,0,0,0,0,0
write,223,4096,5732865,884132,9407,842,4826712,0,411,8907,2454,5732865,0,36129,8,1862470,2960755,0,1482,0,0,0,0,0,0,0,0,0,0,0,0,0,0,0,0
write,224,4096,5799431,895012,9418,711,4882067,0,390,9799,2034,5799431,0,36129,8,1762904,3115806,0,1272,0,0,0,0,0,0,0,0,0,0,0,0,0,0,0,0
write,225,4096,6256079,879313,8887,641,5352100,0,1603,11672,1863,6256079,0,36129,8,1940667,3402535,0,4929,0,0,0,0,0,0,0,0,0,0,0,0,0,0,0,0
write,226,4096,6115865,940027,9327,1323,5152003,0,622,10660,1903,6115865,0,36129,4,1825781,3317746,0,3456,0,0,0,0,0,0,0,0,0,0,0,0,0,0,0,0
write,227,4096,6298328,945988,9328,511,5329968,0,240,10350,1943,6298328,0,36129,4,1832674,3494448,0,1104,0,0,0,0,0,0,0,0,0,0,0,0,0,0,0,0
write,228,4096,6226534,1006863,9327,451,5197720,0,491,9738,1944,6226534,0,36129,4,1804952,3389420,0,1153,0,0,0,0,0,0,0,0,0,0,0,0,0,0,0,0
write,229,4096,6187349,1038021,9648,691,5125955,0,360,10480,2194,6187349,0,36129,4,1750690,3372008,0,1382,0,0,0,0,0,0,0,0,0,0,0,0,0,0,0,0
write,230,4096,6571853,959774,9739,491,5588223,0,441,11221,1964,6571853,0,36129,4,1845409,3739138,0,1492,0,0,0,0,0,0,0,0,0,0,0,0,0,0,0,0
write,231,4096,6178994,994750,11141,702,5161190,0,271,9027,1913,6178994,0,36129,4,1807287,3350727,0,1212,0,0,0,0,0,0,0,0,0,0,0,0,0,0,0,0
write,232,4096,6567494,943483,9538,531,5603633,0,230,8196,1883,6567494,0,36129,4,1880355,3720753,0,931,0,0,0,0,0,0,0,0,0,0,0,0,0,0,0,0
write,233,4096,6225040,948302,9127,441,5255769,0,250,9298,1853,6225040,0,36129,4,1743357,3509937,0,892,0,0,0,0,0,0,0,0,0,0,0,0,0,0,0,0
write,234,4096,6043529,952730,9097,371,5071332,0,591,7434,1974,6043529,0,36129,4,1869173,3198252,0,2042,0,0,0,0,0,0,0,0,0,0,0,0,0,0,0,0
write,235,4096,6012972,950556,7394,862,5045293,0,260,6763,1844,6012972,0,36129,0,1825331,3216175,0,1633,0,0,0,0,0,0,0,0,0,0,0,0,0,0,0,0
write,236,4096,6112620,902246,9508,1252,5187932,0,711,7524,3447,6112620,0,36129,3,1860808,3321383,0,2716,0,0,0,0,0,0,0,0,0,0,0,0,0,0,0,0
write,237,4096,6037268,897337,7674,722,5121947,0,240,7244,2104,6037268,0,36129,3,1868192,3250289,0,1652,0,0,0,0,0,0,0,0,0,0,0,0,0,0,0,0
write,238,4096,6168274,902777,8526,881,5245159,0,381,8155,2395,6168274,0,36129,0,1783202,3457469,0,1974,0,0,0,0,0,0,0,0,0,0,0,0,0,0,0,0
write,239,4096,6809580,1122871,7394,431,5669145,0,221,7634,1884,6809580,0,36129,0,1942010,3724811,0,923,0,0,0,0,0,0,0,0,0,0,0,0,0,0,0,0
write,240,4096,6163535,902737,7274,551,5243555,0,321,7133,1964,6163535,0,36129,0,1818358,3422262,0,1111,0,0,0,0,0,0,0,0,0,0,0,0,0,0,0,0
write,241,4096,6227304,881356,6462,501,5329487,0,271,7003,2224,6227304,0,36129,0,1848304,3478829,0,942,0,0,0,0,0,0,0,0,0,0,0,0,0,0,0,0
write,242,4096,6466644,1103414,6402,451,5345737,0,251,8135,2254,6466644,0,36129,0,1858693,3484500,0,932,0,0,0,0,0,0,0,0,0,0,0,0,0,0,0,0
write,243,4096,6001410,1016030,6342,470,4966135,0,240,9798,2395,6001410,0,36129,0,1735642,3228178,0,931,0,0,0,0,0,0,0,0,0,0,0,0,0,0,0,0
write,244,4096,6194293,1020769,6852,401,5155320,0,391,8115,2445,6194293,0,36129,0,1844787,3307577,0,1131,0,0,0,0,0,0,0,0,0,0,0,0,0,0,0,0
write,245,4096,5937139,960234,7545,611,4959592,0,390,6743,2024,5937139,0,36129,3,1776870,3178825,0,1513,0,0,0,0,0,0,0,0,0,0,0,0,0,0,0,0
write,246,4096,6286946,889191,7384,681,5380944,0,381,6242,2123,6286946,0,36129,3,1959082,3418395,0,1291,0,0,0,0,0,0,0,0,0,0,0,0,0,0,0,0
write,247,4096,5797748,880275,6772,541,4900752,0,220,6983,2205,5797748,0,36129,3,1824199,3073927,0,992,0,0,0,0,0,0,0,0,0,0,0,0,0,0,0,0
write,248,4096,5995028,981365,6722,481,4998064,0,351,6262,1783,5995028,0,36129,3,1855327,3139891,0,1042,0,0,0,0,0,0,0,0,0,0,0,0,0,0,0,0
write,249,4096,6090587,875696,6081,721,5197960,0,351,7684,2094,6090587,0,36129,3,1841832,3352832,0,1263,0,0,0,0,0,0,0,0,0,0,0,0,0,0,0,0
write,250,4096,6052927,879944,7614,501,5150451,0,261,12353,1803,6052927,0,36129,3,1765539,3382508,0,951,0,0,0,0,0,0,0,0,0,0,0,0,0,0,0,0
write,251,4096,6514083,874864,6903,491,5622989,0,290,6743,1803,6514083,0,36129,3,1880104,3740300,0,1102,0,0,0,0,0,0,0,0,0,0,0,0,0,0,0,0
write,252,4096,6192098,884903,7114,531,5289371,0,331,7384,2464,6192098,0,36129,3,1766430,3520006,0,1093,0,0,0,0,0,0,0,0,0,0,0,0,0,0,0,0
write,253,4096,5144129,887188,6812,772,4230712,0,1543,10720,6382,5144129,0,36129,3,2161914,1909830,0,4358,0,0,0,0,0,0,0,0,0,0,0,0,0,0,0,0
write,254,4096,4302537,913948,9909,1733,3367790,0,361,6843,1953,4302537,0,36129,0,1916512,1442802,0,3446,0,0,0,0,0,0,0,0,0,0,0,0,0,0,0,0
write,255,4096,4114824,935889,7103,521,3161873,0,231,7424,1783,4114824,0,36129,0,1756271,1402927,0,1002,0,0,0,0,0,0,0,0,0,0,0,0,0,0,0,0
write,256,4096,4204082,892408,7374,521,3293600,0,211,7724,2244,4204082,0,36129,0,1853934,1437282,0,913,0,0,0,0,0,0,0,0,0,0,0,0,0,0,0,0
write,257,4096,4240350,1062467,8115,481,3160911,0,301,6031,2044,4240350,0,36129,0,1743467,1414819,0,1020,0,0,0,0,0,0,0,0,0,0,0,0,0,0,0,0
write,258,4096,4150201,881237,7344,531,3252834,0,320,6132,1803,4150201,0,36129,0,1839848,1410041,0,1083,0,0,0,0,0,0,0,0,0,0,0,0,0,0,0,0
write,259,4096,4082203,888790,7304,561,3177513,0,230,6041,1764,4082203,0,36129,0,1782070,1392838,0,1032,0,0,0,0,0,0,0,0,0,0,0,0,0,0,0,0
write,260,4096,4041687,878902,6703,481,3142837,0,230,6583,5951,4041687,0,36129,0,1727547,1412935,0,883,0,0,0,0,0,0,0,0,0,0,0,0,0,0,0,0
write,261,4096,4135694,883631,6693,481,3236944,0,270,5861,1814,4135694,0,36129,0,1823528,1410992,0,933,0,0,0,0,0,0,0,0,0,0,0,0,0,0,0,0
write,262,4096,6184725,894361,972048,420,4307316,0,431,7955,2194,6184725,0,36129,0,2855667,1448202,0,1321,0,0,0,0,0,0,0,0,0,0,0,0,0,0,0,0
write,263,4096,4464281,1016190,9097,1012,3422904,0,501,11732,2845,4464281,0,36129,9,1915420,1502113,0,2666,0,0,0,0,0,0,0,0,0,0,0,0,0,0,0,0
write,264,4096,4313427,1075211,9358,671,3213590,0,401,9107,5089,4313427,0,36129,9,1762824,1445307,0,2024,0,0,0,0,0,0,0,0,0,0,0,0,0,0,0,0
write,265,4096,4212297,913246,8326,851,3281208,0,380,6433,1853,4212297,0,36129,9,1845449,1431130,0,1904,0,0,0,0,0,0,0,0,0,0,0,0,0,0,0,0
write,266,4096,4314038,1074499,7284,591,3221856,0,280,7304,2224,4314038,0,36129,9,1778503,1440398,0,1161,0,0,0,0,0,0,0,0,0,0,0,0,0,0,0,0
write,267,4096,4265297,1057978,7254,601,3191218,0,331,6171,1744,4265297,0,36129,9,1773423,1414899,0,1061,0,0,0,0,0,0,0,0,0,0,0,0,0,0,0,0
write,268,4096,4172683,878281,6883,521,3277981,0,451,6673,1893,4172683,0,36129,9,1832775,1441359,0,2064,0,0,0,0,0,0,0,0,0,0,0,0,0,0,0,0
write,269,4096,4099986,873963,6482,761,3210084,0,250,6423,2023,4099986,0,36129,3,1789794,1416792,0,1352,0,0,0,0,0,0,0,0,0,0,0,0,0,0,0,0
write,270,4096,4273653,894051,6171,611,3363602,0,271,7013,1934,4273653,0,36129,3,1938393,1422043,0,1142,0,0,0,0,0,0,0,0,0,0,0,0,0,0,0,0
write,271,4096,4425428,1235663,11411,572,3158486,0,271,11331,7694,4425428,0,36129,3,1749348,1406223,0,1102,0,0,0,0,0,0,0,0,0,0,0,0,0,0,0,0
write,272,4096,4263995,1010940,9448,541,3231344,0,230,9187,2305,4263995,0,36129,3,1815803,1412936,0,971,0,0,0,0,0,0,0,0,0,0,0,0,0,0,0,0
write,273,4096,4274203,1072756,9177,501,3179577,0,220,10119,1853,4274203,0,36129,3,1778643,1398539,0,872,0,0,0,0,0,0,0,0,0,0,0,0,0,0,0,0
write,274,4096,4224591,1040446,8586,421,3161623,0,280,11241,1994,4224591,0,36129,3,1746342,1412756,0,902,0,0,0,0,0,0,0,0,0,0,0,0,0,0,0,0
write,275,4096,4302096,1045505,8305,692,3237104,0,280,8436,1774,4302096,0,36129,3,1814240,1419088,0,1252,0,0,0,0,0,0,0,0,0,0,0,0,0,0,0,0
write,276,4096,4187802,977538,9478,561,3190136,0,250,7825,2014,4187802,0,36129,3,1787079,1400352,0,992,0,0,0,0,0,0,0,0,0,0,0,0,0,0,0,0
write,277,4096,5310051,951990,8636,431,4336971,0,441,9728,1854,5310051,0,36129,3,1949143,2384421,0,1124,0,0,0,0,0,0,0,0,0,0,0,0,0,0,0,0
write,278,4096,5893206,946248,9318,731,4924786,0,251,9618,2254,5893206,0,36129,3,1791397,3130374,0,1182,0,0,0,0,0,0,0,0,0,0,0,0,0,0,0,0
write,279,4096,6150260,1034104,8596,621,5093985,0,220,10480,2254,6150260,0,36129,3,1843525,3247534,0,1152,0,0,0,0,0,0,0,0,0,0,0,0,0,0,0,0
write,280,4096,6202367,1137668,9227,602,5041545,0,331,10951,2043,6202367,0,36129,3,1809651,3228689,0,1302,0,0,0,0,0,0,0,0,0,0,0,0,0,0,0,0
write,281,4096,5794441,953072,9467,571,4820661,0,261,8626,1783,5794441,0,36129,3,1735011,3082564,0,1233,0,0,0,0,0,0,0,0,0,0,0,0,0,0,0,0
write,282,4096,5890391,1028292,7695,451,4841350,0,260,10329,2014,5890391,0,36129,3,1826573,3011491,0,951,0,0,0,0,0,0,0,0,0,0,0,0,0,0,0,0
write,283,4096,5888007,971857,8235,501,4895582,0,310,9688,1834,5888007,0,36129,3,1747695,3144680,0,1153,0,0,0,0,0,0,0,0,0,0,0,0,0,0,0,0
write,284,4096,6106898,948663,9237,601,5130974,0,221,15329,1873,6106898,0,36129,3,1930268,3197830,0,1051,0,0,0,0,0,0,0,0,0,0,0,0,0,0,0,0
write,285,4096,14315207,952550,8577,450,13340445,0,411,10760,2014,14315207,0,36129,3,9857458,3479630,0,1232,0,0,0,0,0,0,0,0,0,0,0,0,0,0,0,0
write,286,4096,6365796,1057378,8957,661,5287869,0,250,8446,2235,6365796,0,36129,3,2023393,3261530,0,1162,0,0,0,0,0,0,0,0,0,0,0,0,0,0,0,0
write,287,4096,6022169,962890,8526,460,5036186,0,331,11802,1974,6022169,0,36129,3,1902936,3130074,0,1231,0,0,0,0,0,0,0,0,0,0,0,0,0,0,0,0
write,288,4096,6258353,1027661,9358,631,5208840,0,241,9798,1824,6258353,0,36129,3,1819219,3386546,0,1201,0,0,0,0,0,0,0,0,0,0,0,0,0,0,0,0
write,289,4096,5999717,968912,9197,541,5008925,0,250,10099,1793,5999717,0,36129,3,1791758,3214442,0,1172,0,0,0,0,0,0,0,0,0,0,0,0,0,0,0,0
write,290,4096,26516479,981835,9148,480,25504267,0,922,9508,10319,26516479,0,36129,3,22023394,3475683,0,1632,0,0,0,0,0,0,0,0,0,0,0,0,0,0,0,0
write,291,4096,6434354,1030126,9558,1493,5381726,0,561,7985,2905,6434354,0,36129,9,1850629,3523312,0,3817,0,0,0,0,0,0,0,0,0,0,0,0,0,0,0,0
write,292,4096,6506059,993808,7314,611,5494568,0,260,7715,1783,6506059,0,36129,0,1993157,3498055,0,1392,0,0,0,0,0,0,0,0,0,0,0,0,0,0,0,0
write,293,4096,6263252,1097001,6192,461,5149258,0,231,7794,2315,6263252,0,36129,0,1792128,3354636,0,892,0,0,0,0,0,0,0,0,0,0,0,0,0,0,0,0
write,294,4096,5845237,1039274,7444,841,4783742,0,380,11452,2104,5845237,0,36129,0,1759657,3020166,0,1554,0,0,0,0,0,0,0,0,0,0,0,0,0,0,0,0
write,295,4096,5872177,894501,7955,561,4959812,0,291,7244,1813,5872177,0,36129,0,1843064,3114143,0,1002,0,0,0,0,0,0,0,0,0,0,0,0,0,0,0,0
write,296,4096,5895230,878080,7714,712,4998294,0,341,7875,2214,5895230,0,36129,0,1730814,3264596,0,1143,0,0,0,0,0,0,0,0,0,0,0,0,0,0,0,0
write,297,4096,6328154,1099957,6663,450,5211576,0,270,7434,1804,6328154,0,36129,0,1849747,3359284,0,911,0,0,0,0,0,0,0,0,0,0,0,0,0,0,0,0
write,298,4096,6219200,890454,7805,631,5310842,0,250,6883,2335,6219200,0,36129,0,1757554,3550753,0,1002,0,0,0,0,0,0,0,0,0,0,0,0,0,0,0,0
write,299,4096,6410550,1013385,6412,421,5379782,0,300,7905,2345,6410550,0,36129,0,1834448,3543029,0,872,0,0,0,0,0,0,0,0,0,0,0,0,0,0,0,0
write,300,4096,6568266,1101420,6472,441,5451567,0,310,6102,1954,6568266,0,36129,0,1771340,3677902,0,901,0,0,0,0,0,0,0,0,0,0,0,0,0,0,0,0
write,301,4096,5649789,882208,6563,431,4750749,0,220,7604,2014,5649789,0,36129,0,1756963,2991643,0,821,0,0,0,0,0,0,0,0,0,0,0,0,0,0,0,0
write,302,4096,5813447,883821,6552,481,4912894,0,281,7113,2305,5813447,0,36129,0,1836873,3073878,0,822,0,0,0,0,0,0,0,0,0,0,0,0,0,0,0,0
write,303,4096,5992353,933405,6542,451,5041896,0,281,7404,2374,5992353,0,36129,0,1783221,3256381,0,913,0,0,0,0,0,0,0,0,0,0,0,0,0,0,0,0
write,304,4096,6132276,945387,6482,441,5170398,0,240,7464,1864,6132276,0,36129,0,1870466,3297658,0,901,0,0,0,0,0,0,0,0,0,0,0,0,0,0,0,0
write,305,4096,5845858,883281,7283,571,4945305,0,281,7254,1883,5845858,0,36129,0,1764747,3177723,0,1102,0,0,0,0,0,0,0,0,0,0,0,0,0,0,0,0
write,306,4096,5833184,907315,6853,431,4908225,0,261,7895,2204,5833184,0,36129,0,1844286,3061655,0,893,0,0,0,0,0,0,0,0,0,0,0,0,0,0,0,0
write,307,4096,5828796,989350,6192,440,4822535,0,250,7805,2224,5828796,0,36129,0,1789374,3030696,0,971,0,0,0,0,0,0,0,0,0,0,0,0,0,0,0,0
write,308,4096,6116847,1029945,6182,451,5070510,0,291,7684,1784,6116847,0,36129,0,1739319,3328747,0,872,0,0,0,0,0,0,0,0,0,0,0,0,0,0,0,0
write,309,4096,6086230,889232,6612,521,5173814,0,271,13465,2315,6086230,0,36129,0,1827605,3343164,0,1341,0,0,0,0,0,0,0,0,0,0,0,0,0,0,0,0
write,310,4096,6116706,879483,8496,491,5217747,0,701,7584,2204,6116706,0,36129,0,1754046,3459803,0,1191,0,0,0,0,0,0,0,0,0,0,0,0,0,0,0,0
write,311,4096,6096619,884473,7304,651,5193611,0,411,8316,1853,6096619,0,36129,3,1898619,3290815,0,1794,0,0,0,0,0,0,0,0,0,0,0,0,0,0,0,0
write,312,4096,6085568,887528,6633,711,5180998,0,371,7444,1883,6085568,0,36129,0,1801376,3376266,0,1372,0,0,0,0,0,0,0,0,0,0,0,0,0,0,0,0
write,313,4096,6225421,888019,9037,952,5318006,0,511,7093,1803,6225421,0,36129,1,1864855,3448392,0,2314,0,0,0,0,0,0,0,0,0,0,0,0,0,0,0,0
write,314,4096,6401101,1093004,6423,591,5290734,0,260,7815,2274,6401101,0,36129,1,1840069,3447900,0,1202,0,0,0,0,0,0,0,0,0,0,0,0,0,0,0,0
write,315,4096,6450124,1003056,6442,591,5430577,0,261,7363,1834,6450124,0,36129,0,1735742,3691950,0,1101,0,0,0,0,0,0,0,0,0,0,0,0,0,0,0,0
write,316,4096,6305983,876408,6091,451,5414767,0,241,6201,1824,6305983,0,36129,0,1814280,3598283,0,843,0,0,0,0,0,0,0,0,0,0,0,0,0,0,0,0
write,317,4096,6351198,884914,6783,460,5448161,0,260,8366,2254,6351198,0,36129,0,1751302,3694574,0,821,0,0,0,0,0,0,0,0,0,0,0,0,0,0,0,0
write,318,4096,6144388,993517,7133,481,5133319,0,260,7464,2214,6144388,0,36129,0,1865947,3265147,0,852,0,0,0,0,0,0,0,0,0,0,0,0,0,0,0,0
write,319,4096,5982725,965495,6662,441,5000048,0,230,7615,2234,5982725,0,36129,0,1797789,3199924,0,863,0,0,0,0,0,0,0,0,0,0,0,0,0,0,0,0
write,320,4096,6174916,989199,6532,411,5169035,0,231,7314,2194,6174916,0,36129,0,1833095,3333826,0,753,0,0,0,0,0,0,0,0,0,0,0,0,0,0,0,0
write,321,4096,6382857,955546,6452,431,5409097,0,411,7364,3556,6382857,0,36129,0,1847994,3558238,0,1212,0,0,0,0,0,0,0,0,0,0,0,0,0,0,0,0
write,322,4096,6433522,890634,7484,501,5525916,0,291,6923,1773,6433522,0,36129,0,1770057,3752353,0,1613,0,0,0,0,0,0,0,0,0,0,0,0,0,0,0,0
write,323,4096,6567544,917324,6372,481,5633268,0,230,7524,2345,6567544,0,36129,0,1851710,3779313,0,901,0,0,0,0,0,0,0,0,0,0,0,0,0,0,0,0
write,324,4096,6872628,1087885,6582,471,5767030,0,310,8587,1763,6872628,0,36129,0,1753656,4010758,0,971,0,0,0,0,0,0,0,0,0,0,0,0,0,0,0,0
write,325,4096,6480771,1088265,6673,541,5374932,0,251,7844,2265,6480771,0,36129,0,1788191,3584287,0,932,0,0,0,0,0,0,0,0,0,0,0,0,0,0,0,0
write,326,4096,5968258,1022091,6412,461,4929596,0,220,7654,1824,5968258,0,36129,0,1780297,3146725,0,941,0,0,0,0,0,0,0,0,0,0,0,0,0,0,0,0
write,327,4096,6166681,881277,6402,451,5268753,0,270,7244,2284,6166681,0,36129,0,1839808,3426630,0,853,0,0,0,0,0,0,0,0,0,0,0,0,0,0,0,0
write,328,4096,9827191,991153,6712,501,8819758,0,380,6803,1884,9827191,0,36129,0,5342482,3474090,0,1042,0,0,0,0,0,0,0,0,0,0,0,0,0,0,0,0
write,329,4096,6151963,882028,6943,591,5251661,0,321,8155,2264,6151963,0,36129,0,1741112,3508004,0,1031,0,0,0,0,0,0,0,0,0,0,0,0,0,0,0,0
write,330,4096,5940966,989921,6372,460,4934144,0,191,7684,2194,5940966,0,36129,0,1781529,3150131,0,920,0,0,0,0,0,0,0,0,0,0,0,0,0,0,0,0
write,331,4096,5939494,1000401,6452,501,4921500,0,241,8195,2204,5939494,0,36129,0,1773824,3145372,0,852,0,0,0,0,0,0,0,0,0,0,0,0,0,0,0,0
write,332,4096,6358771,1039343,7534,421,5301915,0,221,7163,2174,6358771,0,36129,0,1825221,3474190,0,982,0,0,0,0,0,0,0,0,0,0,0,0,0,0,0,0
write,333,4096,6258543,949104,6322,491,5288901,0,220,6091,7414,6258543,0,36129,0,1847131,3439475,0,913,0,0,0,0,0,0,0,0,0,0,0,0,0,0,0,0
write,334,4096,6617378,1082064,6803,420,5519134,0,250,6933,1774,6617378,0,36129,0,1738618,3778271,0,911,0,0,0,0,0,0,0,0,0,0,0,0,0,0,0,0
write,335,4096,6236202,885565,6332,531,5334326,0,240,6993,2215,6236202,0,36129,0,1860607,3471424,0,913,0,0,0,0,0,0,0,0,0,0,0,0,0,0,0,0
write,336,4096,6105145,927303,6412,471,5162012,0,231,6933,1783,6105145,0,36129,0,1761631,3397987,0,1071,0,0,0,0,0,0,0,0,0,0,0,0,0,0,0,0
write,337,4096,6034602,883230,8376,551,5131846,0,601,7684,2314,6034602,0,36129,0,1839868,3287749,0,1592,0,0,0,0,0,0,0,0,0,0,0,0,0,0,0,0
write,338,4096,6508713,1074950,6703,601,5417252,0,240,7064,1903,6508713,0,36129,0,1798861,3615185,0,1172,0,0,0,0,0,0,0,0,0,0,0,0,0,0,0,0
write,339,4096,6549590,887308,6331,411,5645571,0,311,7334,2324,6549590,0,36129,0,1824850,3818146,0,1083,0,0,0,0,0,0,0,0,0,0,0,0,0,0,0,0
write,340,4096,6686267,1110607,7364,521,5557406,0,280,7915,2174,6686267,0,36129,0,1831171,3723388,0,1081,0,0,0,0,0,0,0,0,0,0,0,0,0,0,0,0
write,341,4096,6641893,967849,6452,461,5656752,0,220,7915,2244,6641893,0,36129,0,1755820,3898537,0,943,0,0,0,0,0,0,0,0,0,0,0,0,0,0,0,0
write,342,4096,6570079,1041448,6562,461,5513313,0,230,6242,1823,6570079,0,36129,0,1858403,3652525,0,883,0,0,0,0,0,0,0,0,0,0,0,0,0,0,0,0
write,343,4096,6036806,1047548,6623,411,4971083,0,501,8737,1903,6036806,0,36129,0,1733499,3234249,0,1532,0,0,0,0,0,0,0,0,0,0,0,0,0,0,0,0
write,344,4096,5903917,883571,6291,662,5004115,0,321,7143,1814,5903917,0,36129,1,1854516,3145873,0,1644,0,0,0,0,0,0,0,0,0,0,0,0,0,0,0,0
write,345,4096,5952909,876958,6974,571,5058267,0,251,7604,2284,5952909,0,36129,0,1799202,3256211,0,1162,0,0,0,0,0,0,0,0,0,0,0,0,0,0,0,0
write,346,4096,6279312,979200,6382,431,5282529,0,251,8285,2234,6279312,0,36129,0,1743477,3536668,0,921,0,0,0,0,0,0,0,0,0,0,0,0,0,0,0,0
write,347,4096,6483276,1107441,6683,481,5358191,0,251,8055,2174,6483276,0,36129,0,1823087,3532730,0,892,0,0,0,0,0,0,0,0,0,0,0,0,0,0,0,0
write,348,4096,6545824,1022903,6692,441,5507312,0,240,6372,1864,6545824,0,36129,0,1733579,3771368,0,931,0,0,0,0,0,0,0,0,0,0,0,0,0,0,0,0
write,349,4096,6676549,886516,6292,431,5772860,0,261,7885,2304,6676549,0,36129,0,1881837,3888779,0,912,0,0,0,0,0,0,0,0,0,0,0,0,0,0,0,0
write,350,4096,5814879,964833,6603,430,4833125,0,280,7364,2244,5814879,0,36129,0,1762002,3068768,0,911,0,0,0,0,0,0,0,0,0,0,0,0,0,0,0,0
write,351,4096,6095477,1014327,6512,431,5065711,0,220,6412,1864,6095477,0,36129,0,1835651,3227937,0,830,0,0,0,0,0,0,0,0,0,0,0,0,0,0,0,0
write,352,4096,7160058,888611,6722,641,5333966,0,661,904921,24536,7160058,0,36129,0,1784525,3542728,0,4026,0,0,0,0,0,0,0,0,0,0,0,0,0,0,0,0
write,353,4096,6612048,1169699,10209,2124,5409548,0,1122,11121,8225,6612048,0,36129,0,1868492,3525927,0,6462,0,0,0,0,0,0,0,0,0,0,0,0,0,0,0,0
write,354,4096,6248214,960786,9207,1022,5272169,0,441,2285,2304,6248214,0,36129,0,1864325,3402445,0,2144,0,0,0,0,0,0,0,0,0,0,0,0,0,0,0,0
write,355,4096,6040543,1019837,6873,461,5004436,0,290,6833,1813,6040543,0,36129,0,1770557,3231193,0,1002,0,0,0,0,0,0,0,0,0,0,0,0,0,0,0,0
write,356,4096,6057055,883491,6682,582,5157824,0,260,6312,1904,6057055,0,36129,0,1866778,3288581,0,992,0,0,0,0,0,0,0,0,0,0,0,0,0,0,0,0
write,357,4096,6176510,882088,6372,421,5278922,0,241,6612,1854,6176510,0,36129,0,1748316,3528322,0,861,0,0,0,0,0,0,0,0,0,0,0,0,0,0,0,0
write,358,4096,6537027,880525,5991,401,5639350,0,260,8175,2325,6537027,0,36129,0,1824760,3812275,0,902,0,0,0,0,0,0,0,0,0,0,0,0,0,0,0,0
write,359,4096,6840568,1043342,6442,380,5780275,0,360,7605,2164,6840568,0,36129,0,1780577,3996762,0,1171,0,0,0,0,0,0,0,0,0,0,0,0,0,0,0,0
write,360,4096,6664767,1091181,6462,591,5558238,0,320,6182,1793,6664767,0,36129,0,1741183,3813969,0,1303,0,0,0,0,0,0,0,0,0,0,0,0,0,0,0,0
write,361,4096,6528761,886606,7444,571,5623881,0,280,7735,2244,6528761,0,36129,0,1812988,3808358,0,1042,0,0,0,0,0,0,0,0,0,0,0,0,0,0,0,0
write,362,4096,6629802,1045746,6532,481,5567284,0,311,7193,2255,6629802,0,36129,0,1761862,3802567,0,1232,0,0,0,0,0,0,0,0,0,0,0,0,0,0,0,0
write,363,4096,6876164,924538,6572,541,5933583,0,270,8246,2414,6876164,0,36129,0,1861669,4069218,0,1101,0,0,0,0,0,0,0,0,0,0,0,0,0,0,0,0
write,364,4096,6992673,947832,6502,511,6027399,0,250,8216,1963,6992673,0,36129,0,1784925,4239899,0,1003,0,0,0,0,0,0,0,0,0,0,0,0,0,0,0,0
write,365,4096,7050342,883671,6733,451,6148897,0,270,8095,2225,7050342,0,36129,0,1873511,4272741,0,1132,0,0,0,0,0,0,0,0,0,0,0,0,0,0,0,0
write,366,4096,7206235,954975,6582,461,6235641,0,280,6532,1764,7206235,0,36129,0,1853665,4379351,0,1071,0,0,0,0,0,0,0,0,0,0,0,0,0,0,0,0
write,367,4096,6296324,1065954,6863,460,5213810,0,251,7153,1833,6296324,0,36129,0,1736264,3475141,0,1011,0,0,0,0,0,0,0,0,0,0,0,0,0,0,0,0
write,368,4096,6233436,899020,9688,1312,5314690,0,390,6302,2034,6233436,0,36129,1,1874493,3434135,0,2826,0,0,0,0,0,0,0,0,0,0,0,0,0,0,0,0
write,369,4096,6113581,884022,6893,591,5213419,0,240,6592,1824,6113581,0,36129,0,1741464,3468920,0,1143,0,0,0,0,0,0,0,0,0,0,0,0,0,0,0,0
write,370,4096,6568957,883291,6482,521,5668043,0,341,8075,2204,6568957,0,36129,0,1868842,3796216,0,1273,0,0,0,0,0,0,0,0,0,0,0,0,0,0,0,0
write,371,4096,16045278,1087283,7885,742,14937586,0,380,9588,1814,16045278,0,36129,0,10826960,4107551,0,1293,0,0,0,0,0,0,0,0,0,0,0,0,0,0,0,0
write,372,4096,6914246,895193,8065,631,5999737,0,331,7945,2344,6914246,0,36129,0,1965715,4030836,0,1334,0,0,0,0,0,0,0,0,0,0,0,0,0,0,0,0
write,373,4096,6969079,907405,7645,571,6044661,0,321,6592,1884,6969079,0,36129,0,1740932,4300613,0,1193,0,0,0,0,0,0,0,0,0,0,0,0,0,0,0,0
write,374,4096,6313827,1082725,7705,631,5211615,0,331,8556,2264,6313827,0,36129,0,1826282,3382367,0,1232,0,0,0,0,0,0,0,0,0,0,0,0,0,0,0,0
write,375,4096,6382106,1042159,6452,441,5322764,0,281,7824,2185,6382106,0,36129,0,1772531,3547709,0,993,0,0,0,0,0,0,0,0,0,0,0,0,0,0,0,0
write,376,4096,6380603,964784,6171,531,5396884,0,371,9467,2395,6380603,0,36129,0,1880745,3513063,0,1293,0,0,0,0,0,0,0,0,0,0,0,0,0,0,0,0
write,377,4096,6374882,895543,8105,922,5460243,0,290,7244,2535,6374882,0,36129,0,1746102,3709833,0,1663,0,0,0,0,0,0,0,0,0,0,0,0,0,0,0,0
write,378,4096,6777268,1028403,6833,521,5726102,0,391,7094,7924,6777268,0,36129,0,1838025,3885062,0,1092,0,0,0,0,0,0,0,0,0,0,0,0,0,0,0,0
write,379,4096,4650371,880665,6733,581,3749277,0,371,9678,3066,4650371,0,36129,0,1940608,1688523,0,1623,0,0,0,0,0,0,0,0,0,0,0,0,0,0,0,0
write,380,4096,4377508,971876,7264,581,3386455,0,241,8746,2345,4377508,0,36129,0,1739720,1644101,0,1081,0,0,0,0,0,0,0,0,0,0,0,0,0,0,0,0
write,381,4096,4598954,1073477,6503,470,3510168,0,280,6182,1874,4598954,0,36129,0,1869043,1638509,0,1012,0,0,0,0,0,0,0,0,0,0,0,0,0,0,0,0
write,382,4096,4377638,877930,8246,751,3479240,0,541,8706,2224,4377638,0,36129,1,1788782,1685949,0,1865,0,0,0,0,0,0,0,0,0,0,0,0,0,0,0,0
write,383,4096,4436809,877860,6181,511,3542990,0,240,6482,2545,4436809,0,36129,1,1848644,1691650,0,1111,0,0,0,0,0,0,0,0,0,0,0,0,0,0,0,0
write,384,4096,4358111,882298,6853,551,3458972,0,280,7384,1773,4358111,0,36129,1,1807969,1648358,0,1061,0,0,0,0,0,0,0,0,0,0,0,0,0,0,0,0
write,385,4096,4374973,881186,6833,491,3467096,0,652,16841,1874,4374973,0,36129,1,1736154,1726925,0,2274,0,0,0,0,0,0,0,0,0,0,0,0,0,0,0,0
write,386,4096,4414838,881306,7504,3597,3511911,0,301,7704,2515,4414838,0,36129,3,1853523,1654469,0,1784,0,0,0,0,0,0,0,0,0,0,0,0,0,0,0,0
write,387,4096,4376246,970364,6763,471,3388960,0,240,7614,1834,4376246,0,36129,3,1741864,1644501,0,993,0,0,0,0,0,0,0,0,0,0,0,0,0,0,0,0
write,388,4096,4247794,889993,6653,451,3340949,0,301,7173,2274,4247794,0,36129,3,1682512,1655923,0,1062,0,0,0,0,0,0,0,0,0,0,0,0,0,0,0,0
write,389,4096,4499136,1053260,6572,461,3429025,0,270,7675,1873,4499136,0,36129,3,1779835,1646765,0,991,0,0,0,0,0,0,0,0,0,0,0,0,0,0,0,0
write,390,4096,4445486,895623,8376,982,3530105,0,561,7815,2024,4445486,0,36129,9,1848765,1676040,0,2726,0,0,0,0,0,0,0,0,0,0,0,0,0,0,0,0
write,391,4096,5480841,865577,8225,551,4597571,0,261,6692,1964,5480841,0,36129,9,2936369,1658287,0,1343,0,0,0,0,0,0,0,0,0,0,0,0,0,0,0,0
write,392,4096,4303569,893119,6752,572,3393728,0,291,7274,1833,4303569,0,36129,3,1735382,1655391,0,1192,0,0,0,0,0,0,0,0,0,0,0,0,0,0,0,0
write,393,4096,4514395,885555,6432,501,3612750,0,261,6963,1933,4514395,0,36129,3,1949905,1659800,0,1212,0,0,0,0,0,0,0,0,0,0,0,0,0,0,0,0
write,394,4096,4331672,893159,7294,571,3420168,0,271,8325,1884,4331672,0,36129,3,1746773,1670751,0,1032,0,0,0,0,0,0,0,0,0,0,0,0,0,0,0,0
write,395,4096,4414787,887959,7263,461,3509867,0,351,6993,1893,4414787,0,36129,3,1836001,1671131,0,1092,0,0,0,0,0,0,0,0,0,0,0,0,0,0,0,0
write,396,4096,4412374,890364,6462,601,3505559,0,311,7213,1864,4412374,0,36129,3,1804212,1698372,0,1252,0,0,0,0,0,0,0,0,0,0,0,0,0,0,0,0
write,397,4096,4389721,893009,6793,511,3480281,0,260,7034,1833,4389721,0,36129,3,1805954,1671622,0,1063,0,0,0,0,0,0,0,0,0,0,0,0,0,0,0,0
write,398,4096,4359193,891075,6933,531,3451778,0,270,6633,1973,4359193,0,36129,3,1792309,1656924,0,963,0,0,0,0,0,0,0,0,0,0,0,0,0,0,0,0
write,399,4096,4292809,889021,6933,481,3387206,0,291,6943,1934,4292809,0,36129,3,1741493,1643349,0,972,0,0,0,0,0,0,0,0,0,0,0,0,0,0,0,0
write,400,4096,4555261,886496,7193,501,3650482,0,320,8155,2114,4555261,0,36129,3,1899190,1748757,0,1071,0,0,0,0,0,0,0,0,0,0,0,0,0,0,0,0
write,401,4096,4350567,896555,8265,872,3435708,0,220,6873,2074,4350567,0,36129,9,1749989,1680208,0,2676,0,0,0,0,0,0,0,0,0,0,0,0,0,0,0,0
write,402,4096,4454893,894621,6873,551,3543420,0,291,7233,1904,4454893,0,36129,3,1890423,1650352,0,1082,0,0,0,0,0,0,0,0,0,0,0,0,0,0,0,0
write,403,4096,5714140,893850,7424,721,4802827,0,551,6933,1834,5714140,0,36129,9,1882508,2916372,0,1773,0,0,0,0,0,0,0,0,0,0,0,0,0,0,0,0
write,404,4096,6579556,891385,6753,611,5671860,0,331,6582,2034,6579556,0,36129,9,1762914,3905871,0,1363,0,0,0,0,0,0,0,0,0,0,0,0,0,0,0,0
write,405,4096,6051765,878612,6291,582,5149609,0,340,8536,7795,6051765,0,36129,3,1878701,3267131,0,1363,0,0,0,0,0,0,0,0,0,0,0,0,0,0,0,0
write,406,4096,6204552,1031539,8065,761,5153998,0,421,7383,2385,6204552,0,36129,9,1731114,3418695,0,1854,0,0,0,0,0,0,0,0,0,0,0,0,0,0,0,0
write,407,4096,6469329,902085,7003,591,5547888,0,391,8977,2394,6469329,0,36129,9,1933915,3610677,0,1242,0,0,0,0,0,0,0,0,0,0,0,0,0,0,0,0
write,408,4096,6099805,914148,7193,1083,5168404,0,330,6873,1774,6099805,0,36129,9,1756201,3408938,0,1373,0,0,0,0,0,0,0,0,0,0,0,0,0,0,0,0
write,409,4096,6284733,1092233,6903,601,5175528,0,421,7153,1894,6284733,0,36129,9,1842893,3328917,0,1823,0,0,0,0,0,0,0,0,0,0,0,0,0,0,0,0
write,410,4096,5978196,886035,7013,582,5072854,0,291,9077,2344,5978196,0,36129,3,1811394,3258054,0,1423,0,0,0,0,0,0,0,0,0,0,0,0,0,0,0,0
write,411,4096,6077574,1046828,7244,511,5011208,0,281,9328,2174,6077574,0,36129,3,1779835,3228799,0,1043,0,0,0,0,0,0,0,0,0,0,0,0,0,0,0,0
write,412,4096,6237283,885364,7794,902,5332022,0,461,8626,2114,6237283,0,36129,9,1935848,3391304,0,2345,0,0,0,0,0,0,0,0,0,0,0,0,0,0,0,0
write,413,4096,6051244,885404,8266,9558,5138888,0,361,6823,1944,6051244,0,36129,3,1799372,3335549,0,1712,0,0,0,0,0,0,0,0,0,0,0,0,0,0,0,0
write,414,4096,6761329,884803,7064,551,5859463,0,300,6793,2355,6761329,0,36129,3,1901714,3954814,0,1143,0,0,0,0,0,0,0,0,0,0,0,0,0,0,0,0
write,415,4096,6309179,894892,7094,671,5395551,0,381,8225,2365,6309179,0,36129,9,1775537,3616207,0,1731,0,0,0,0,0,0,0,0,0,0,0,0,0,0,0,0
write,416,4096,26387637,870055,7113,622,25495460,0,551,11612,2224,26387637,0,36129,9,22091813,3399349,0,1724,0,0,0,0,0,0,0,0,0,0,0,0,0,0,0,0
write,417,4096,6302265,894731,8897,872,5388247,0,401,7133,1984,6302265,0,36129,8,2013114,3370545,0,2164,0,0,0,0,0,0,0,0,0,0,0,0,0,0,0,0
write,418,4096,6166570,889522,8035,591,5249096,0,301,7133,11892,6166570,0,36129,8,1931541,3314580,0,1182,0,0,0,0,0,0,0,0,0,0,0,0,0,0,0,0
write,419,4096,6072313,885734,8737,641,5166270,0,401,8276,2254,6072313,0,36129,3,1905832,3256882,0,1522,0,0,0,0,0,0,0,0,0,0,0,0,0,0,0,0
write,420,4096,6063197,999619,6132,501,5048178,0,231,6732,1804,6063197,0,36129,3,1710254,3335530,0,902,0,0,0,0,0,0,0,0,0,0,0,0,0,0,0,0
write,421,4096,6323356,890274,7333,551,5396263,0,241,26399,2295,6323356,0,36129,3,1843835,3550033,0,891,0,0,0,0,0,0,0,0,0,0,0,0,0,0,0,0
write,422,4096,6349624,939856,7344,511,5390682,0,311,8225,2695,6349624,0,36129,3,1809311,3578816,0,1003,0,0,0,0,0,0,0,0,0,0,0,0,0,0,0,0
write,423,4096,6467286,1066986,6963,491,5383478,0,241,6913,2214,6467286,0,36129,3,1727336,3653708,0,953,0,0,0,0,0,0,0,0,0,0,0,0,0,0,0,0
write,424,4096,7228376,981344,7424,461,6222375,0,671,10881,5220,7228376,0,36129,3,1837413,4378509,0,3107,0,0,0,0,0,0,0,0,0,0,0,0,0,0,0,0
write,425,4096,6597030,898229,9287,1413,5676739,0,371,8727,2264,6597030,0,36129,0,1807187,3863061,0,2805,0,0,0,0,0,0,0,0,0,0,0,0,0,0,0,0
write,426,4096,6025144,884082,9417,872,5119933,0,421,8446,1973,6025144,0,36129,0,1862591,3253876,0,1362,0,0,0,0,0,0,0,0,0,0,0,0,0,0,0,0
write,427,4096,5967777,890374,9037,651,5049791,0,1673,14057,2194,5967777,0,36129,0,1797077,3243516,0,4699,0,0,0,0,0,0,0,0,0,0,0,0,0,0,0,0
write,428,4096,6130583,888400,10279,1613,5224761,0,501,2765,2264,6130583,0,36129,5,1980753,3235462,0,4017,0,0,0,0,0,0,0,0,0,0,0,0,0,0,0,0
write,429,4096,6061944,943083,8946,972,5097652,0,440,8607,2244,6061944,0,36129,0,1873651,3220233,0,1563,0,0,0,0,0,0,0,0,0,0,0,0,0,0,0,0
write,430,4096,5790203,882629,9247,741,4886655,0,391,8315,2225,5790203,0,36129,0,1745030,3138319,0,1302,0,0,0,0,0,0,0,0,0,0,0,0,0,0,0,0
write,431,4096,5874391,886155,9067,802,4967597,0,360,8186,2224,5874391,0,36129,0,1862090,3102141,0,1343,0,0,0,0,0,0,0,0,0,0,0,0,0,0,0,0
write,432,4096,6111196,884202,9017,691,5203240,0,551,11622,1873,6111196,0,36129,0,1739319,3459423,0,2163,0,0,0,0,0,0,0,0,0,0,0,0,0,0,0,0
write,433,4096,5936508,950046,10119,731,4963750,0,291,9477,2094,5936508,0,36129,4,1968660,2990270,0,1704,0,0,0,0,0,0,0,0,0,0,0,0,0,0,0,0
write,434,4096,6041686,1051386,10470,912,4966444,0,541,10049,1884,6041686,0,36129,4,1798380,3162895,0,2043,0,0,0,0,0,0,0,0,0,0,0,0,0,0,0,0
write,435,4096,5957297,965044,11001,1152,4968408,0,381,9358,1953,5957297,0,36129,4,1874804,3087564,0,2245,0,0,0,0,0,0,0,0,0,0,0,0,0,0,0,0
write,436,4096,6132056,1036318,8626,571,5074538,0,581,9137,2285,6132056,0,36129,4,1816334,3254347,0,1823,0,0,0,0,0,0,0,0,0,0,0,0,0,0,0,0
write,437,4096,5955915,955737,9748,1072,4978678,0,331,8325,2024,5955915,0,36129,0,1771490,3202500,0,2024,0,0,0,0,0,0,0,0,0,0,0,0,0,0,0,0
write,438,4096,6247212,875716,8776,671,5351379,0,381,8005,2284,6247212,0,36129,0,1839788,3508435,0,1312,0,0,0,0,0,0,0,0,0,0,0,0,0,0,0,0
write,439,4096,6769193,889000,9158,661,5860054,0,361,7644,2315,6769193,0,36129,0,1757303,4099505,0,1291,0,0,0,0,0,0,0,0,0,0,0,0,0,0,0,0
write,440,4096,5633037,868893,8846,792,4743275,0,381,8336,2514,5633037,0,36129,0,1722828,3017261,0,1232,0,0,0,0,0,0,0,0,0,0,0,0,0,0,0,0
write,441,4096,5784452,886026,9447,772,4876656,0,390,8917,2244,5784452,0,36129,0,1776930,3096340,0,1402,0,0,0,0,0,0,0,0,0,0,0,0,0,0,0,0
write,442,4096,6044702,890614,8697,741,5132868,0,360,9448,1974,6044702,0,36129,0,1823708,3305813,0,1302,0,0,0,0,0,0,0,0,0,0,0,0,0,0,0,0
write,443,4096,5976844,894291,8316,631,5062025,0,380,9057,2144,5976844,0,36129,0,1841251,3217487,0,1393,0,0,0,0,0,0,0,0,0,0,0,0,0,0,0,0
write,444,4096,6023962,882228,7755,741,5119663,0,341,11181,2053,6023962,0,36129,0,1737777,3378390,0,1403,0,0,0,0,0,0,0,0,0,0,0,0,0,0,0,0
write,445,4096,6032108,885124,8706,702,5125463,0,311,9568,2234,6032108,0,36129,0,1869424,3252774,0,1253,0,0,0,0,0,0,0,0,0,0,0,0,0,0,0,0
write,446,4096,6266628,880324,9478,652,5364182,0,350,9679,1963,6266628,0,36129,0,1734931,3626156,0,1262,0,0,0,0,0,0,0,0,0,0,0,0,0,0,0,0
write,447,4096,6181338,885555,8776,812,5274293,0,361,9307,2234,6181338,0,36129,0,1825491,3445326,0,1444,0,0,0,0,0,0,0,0,0,0,0,0,0,0,0,0
write,448,4096,6842381,896425,9167,772,5924776,0,430,8516,2295,6842381,0,36129,0,1786327,4135022,0,1475,0,0,0,0,0,0,0,0,0,0,0,0,0,0,0,0
write,449,4096,6646943,878932,9157,781,5746411,0,361,9477,1824,6646943,0,36129,0,1824369,3918786,0,1222,0,0,0,0,0,0,0,0,0,0,0,0,0,0,0,0
write,450,4096,6493905,892327,7544,731,5577444,0,450,12394,3015,6493905,0,36129,0,1819330,3754176,0,1493,0,0,0,0,0,0,0,0,0,0,0,0,0,0,0,0
write,451,4096,6301114,1023244,16180,1543,5241752,0,1393,11552,5450,6301114,0,36129,2,1896905,3332784,0,5391,0,0,0,0,0,0,0,0,0,0,0,0,0,0,0,0
write,452,4096,6568726,910031,7333,992,5630062,0,521,7274,12513,6568726,0,36129,2,1970965,3649880,0,3887,0,0,0,0,0,0,0,0,0,0,0,0,0,0,0,0
write,453,4096,6348112,893670,10349,1273,5430336,0,501,9689,2294,6348112,0,36129,0,1754228,3670459,0,2164,0,0,0,0,0,0,0,0,0,0,0,0,0,0,0,0
write,454,4096,6146543,886857,9057,721,5238616,0,361,8696,2235,6146543,0,36129,0,1837564,3397346,0,1442,0,0,0,0,0,0,0,0,0,0,0,0,0,0,0,0
write,455,4096,5990229,878030,9177,812,5090708,0,421,8917,2164,5990229,0,36129,0,1843224,3243697,0,1532,0,0,0,0,0,0,0,0,0,0,0,0,0,0,0,0
write,456,4096,5907162,884121,9007,722,5002492,0,391,8205,2224,5907162,0,36129,0,1743346,3255739,0,1323,0,0,0,0,0,0,0,0,0,0,0,0,0,0,0,0
write,457,4096,5922071,885655,9117,742,5015977,0,341,7995,2244,5922071,0,36129,0,1825010,3187541,0,1394,0,0,0,0,0,0,0,0,0,0,0,0,0,0,0,0
write,458,4096,5631144,879313,8997,781,4731233,0,310,8276,2234,5631144,0,36129,0,1742275,2985422,0,1373,0,0,0,0,0,0,0,0,0,0,0,0,0,0,0,0
write,459,4096,5895561,891596,9157,762,4981823,0,401,9508,2314,5895561,0,36129,0,1870917,3107240,0,1362,0,0,0,0,0,0,0,0,0,0,0,0,0,0,0,0
write,460,4096,5846679,879924,9037,762,4945315,0,320,9067,2254,5846679,0,36129,0,1733067,3208520,0,1503,0,0,0,0,0,0,0,0,0,0,0,0,0,0,0,0
write,461,4096,6121415,886496,9828,742,5212146,0,401,9508,2294,6121415,0,36129,0,1831283,3377348,0,1393,0,0,0,0,0,0,0,0,0,0,0,0,0,0,0,0
write,462,4096,6114793,895603,9708,782,5196627,0,471,9498,2104,6114793,0,36129,0,1804822,3387747,0,1543,0,0,0,0,0,0,0,0,0,0,0,0,0,0,0,0
write,463,4096,6645120,878661,9749,841,5743505,0,401,9749,2214,6645120,0,36129,0,1745681,3994167,0,1463,0,0,0,0,0,0,0,0,0,0,0,0,0,0,0,0
write,464,4096,6118150,879203,8927,781,5217457,0,370,9368,2044,6118150,0,36129,0,1842062,3371857,0,1273,0,0,0,0,0,0,0,0,0,0,0,0,0,0,0,0
write,465,4096,14802191,884081,8967,1202,13895047,0,441,10349,2104,14802191,0,36129,0,10817672,3073416,0,1494,0,0,0,0,0,0,0,0,0,0,0,0,0,0,0,0
write,466,4096,6046274,870586,9528,691,5154078,0,351,8646,2394,6046274,0,36129,0,1920620,3229821,0,1273,0,0,0,0,0,0,0,0,0,0,0,0,0,0,0,0
write,467,4096,6440204,1035917,6973,691,5387125,0,341,7384,1773,6440204,0,36129,0,1965744,3418335,0,1082,0,0,0,0,0,0,0,0,0,0,0,0,0,0,0,0
write,468,4096,6115915,882719,7003,631,5214651,0,381,8266,2264,6115915,0,36129,0,1756702,3454964,0,1060,0,0,0,0,0,0,0,0,0,0,0,0,0,0,0,0
write,469,4096,6419717,1109366,7474,671,5291105,0,411,8075,2615,6419717,0,36129,0,1815002,3473198,0,1062,0,0,0,0,0,0,0,0,0,0,0,0,0,0,0,0
write,470,4096,6421619,1051566,6533,591,5353532,0,370,7234,1793,6421619,0,36129,0,1805283,3545434,0,1033,0,0,0,0,0,0,0,0,0,0,0,0,0,0,0,0
write,471,4096,6191377,884152,6903,561,5288310,0,340,8877,2234,6191377,0,36129,0,1741594,3543781,0,1113,0,0,0,0,0,0,0,0,0,0,0,0,0,0,0,0
write,472,4096,6948219,1118893,6822,582,5811773,0,271,7644,2234,6948219,0,36129,0,1858703,3950044,0,1123,0,0,0,0,0,0,0,0,0,0,0,0,0,0,0,0
write,473,4096,7092040,957479,6994,581,6116616,0,341,7744,2285,7092040,0,36129,0,1740581,4373249,0,1022,0,0,0,0,0,0,0,0,0,0,0,0,0,0,0,0
write,474,4096,7253934,1101320,6803,561,6133659,0,300,8987,2304,7253934,0,36129,0,2067646,4062956,0,1060,0,0,0,0,0,0,0,0,0,0,0,0,0,0,0,0
write,475,4096,6373410,888190,6732,602,5467256,0,320,8055,2255,6373410,0,36129,0,1989209,3475091,0,1033,0,0,0,0,0,0,0,0,0,0,0,0,0,0,0,0
write,476,4096,6561102,1006242,6913,561,5536396,0,350,8406,2234,6561102,0,36129,0,1935197,3598333,0,1032,0,0,0,0,0,0,0,0,0,0,0,0,0,0,0,0
write,477,4096,6636393,1099967,6443,621,5518412,0,340,8356,2254,6636393,0,36129,0,1813298,3702178,0,1033,0,0,0,0,0,0,0,0,0,0,0,0,0,0,0,0
write,478,4096,6351658,972037,6532,541,5362670,0,361,7173,2344,6351658,0,36129,0,1740772,3619062,0,1023,0,0,0,0,0,0,0,0,0,0,0,0,0,0,0,0
write,479,4096,6523251,1104296,6402,591,5402354,0,360,7344,1904,6523251,0,36129,0,1860437,3538842,0,1102,0,0,0,0,0,0,0,0,0,0,0,0,0,0,0,0
write,480,4096,5835128,890694,6633,581,4927371,0,341,7314,2194,5835128,0,36129,0,1747515,3176931,0,1031,0,0,0,0,0,0,0,0,0,0,0,0,0,0,0,0
write,481,4096,6208238,885564,6703,601,5305682,0,351,7133,2204,6208238,0,36129,0,1866228,3436609,0,1053,0,0,0,0,0,0,0,0,0,0,0,0,0,0,0,0
write,482,4096,5895921,1008766,6672,571,4868882,0,290,8496,2244,5895921,0,36129,0,1821052,3044823,0,1081,0,0,0,0,0,0,0,0,0,0,0,0,0,0,0,0
write,483,4096,6101198,1034585,6622,601,5049732,0,380,7084,2194,6101198,0,36129,0,1779434,3267412,0,1101,0,0,0,0,0,0,0,0,0,0,0,0,0,0,0,0
write,484,4096,6097721,902677,6692,572,5177050,0,361,8035,2334,6097721,0,36129,0,1837413,3336651,0,1133,0,0,0,0,0,0,0,0,0,0,0,0,0,0,0,0
write,485,4096,6284191,992084,6673,621,5275756,0,431,6622,2004,6284191,0,36129,0,1779415,3492945,0,1303,0,0,0,0,0,0,0,0,0,0,0,0,0,0,0,0
write,486,4096,6463799,1060393,7614,721,5386394,0,371,6552,1754,6463799,0,36129,0,1888690,3493797,0,1452,0,0,0,0,0,0,0,0,0,0,0,0,0,0,0,0
write,487,4096,6467326,894481,7164,751,5555252,0,400,7314,1964,6467326,0,36129,0,1751863,3800202,0,1222,0,0,0,0,0,0,0,0,0,0,0,0,0,0,0,0
write,488,4096,6750598,891155,7224,1262,5842061,0,431,6692,1773,6750598,0,36129,0,1865306,3972617,0,1541,0,0,0,0,0,0,0,0,0,0,0,0,0,0,0,0
write,489,4096,5804139,882849,6563,621,4904989,0,301,7023,1793,5804139,0,36129,0,1821003,3081081,0,1102,0,0,0,0,0,0,0,0,0,0,0,0,0,0,0,0
write,490,4096,5973507,892487,6763,591,5063998,0,471,7414,1783,5973507,0,36129,0,1772602,3288100,0,1313,0,0,0,0,0,0,0,0,0,0,0,0,0,0,0,0
write,491,4096,6210914,890664,8045,791,5302266,0,351,6993,1804,6210914,0,36129,0,1861038,3437981,0,1251,0,0,0,0,0,0,0,0,0,0,0,0,0,0,0,0
write,492,4096,6248394,910151,8475,912,5317515,0,390,8536,2415,6248394,0,36129,0,1809041,3504176,0,1551,0,0,0,0,0,0,0,0,0,0,0,0,0,0,0,0
write,493,4096,6295422,963040,6552,611,5315321,0,370,7334,2194,6295422,0,36129,0,1911082,3401273,0,1062,0,0,0,0,0,0,0,0,0,0,0,0,0,0,0,0
write,494,4096,6197669,1105067,6813,571,5074368,0,340,8256,2254,6197669,0,36129,0,1799513,3271970,0,1112,0,0,0,0,0,0,0,0,0,0,0,0,0,0,0,0
write,495,4096,6447429,1071264,7534,791,5358171,0,441,7444,1784,6447429,0,36129,0,1844607,3509947,0,1393,0,0,0,0,0,0,0,0,0,0,0,0,0,0,0,0
write,496,4096,6253183,896495,6603,631,5340067,0,320,6803,2264,6253183,0,36129,0,1857261,3479821,0,1043,0,0,0,0,0,0,0,0,0,0,0,0,0,0,0,0
write,497,4096,6547897,887107,6633,601,5645191,0,340,6252,1773,6547897,0,36129,0,1741514,3900752,0,1102,0,0,0,0,0,0,0,0,0,0,0,0,0,0,0,0
write,498,4096,6622167,885274,6612,591,5718729,0,391,8345,2225,6622167,0,36129,0,1837964,3877889,0,1101,0,0,0,0,0,0,0,0,0,0,0,0,0,0,0,0
write,499,4096,6524653,1106440,6512,591,5400160,0,351,8345,2254,6524653,0,36129,0,1782961,3614293,0,1061,0,0,0,0,0,0,0,0,0,0,0,0,0,0,0,0
write,500,4096,6235169,1010790,6512,611,5206907,0,321,7814,2214,6235169,0,36129,0,1871638,3332443,0,992,0,0,0,0,0,0,0,0,0,0,0,0,0,0,0,0
write,501,4096,6368450,954735,6642,591,5396353,0,371,7554,2204,6368450,0,36129,0,1834778,3558679,0,1051,0,0,0,0,0,0,0,0,0,0,0,0,0,0,0,0
write,502,4096,6649197,1095849,6973,632,5534672,0,361,8486,2224,6649197,0,36129,0,1868792,3662494,0,1123,0,0,0,0,0,0,0,0,0,0,0,0,0,0,0,0
write,503,4096,6486541,963651,6963,631,5496862,0,1442,13285,3707,6486541,0,36129,0,1876016,3611057,0,5029,0,0,0,0,0,0,0,0,0,0,0,0,0,0,0,0
write,504,4096,6302086,1124724,9368,1803,5161842,0,341,1613,2395,6302086,0,36129,5,1911323,3240711,0,4048,0,0,0,0,0,0,0,0,0,0,0,0,0,0,0,0
write,505,4096,4691808,958131,10179,571,3701788,0,641,10840,9658,4691808,0,36129,5,2114044,1450797,0,3125,0,0,0,0,0,0,0,0,0,0,0,0,0,0,0,0
write,506,4096,4458289,1145343,9908,702,3289482,0,251,10760,1843,4458289,0,36129,4,1874012,1412114,0,1323,0,0,0,0,0,0,0,0,0,0,0,0,0,0,0,0
write,507,4096,4146684,966777,9758,481,3153878,0,210,13726,1854,4146684,0,36129,4,1749989,1401484,0,962,0,0,0,0,0,0,0,0,0,0,0,0,0,0,0,0
write,508,4096,4266108,963320,9228,481,3282389,0,501,8355,1834,4266108,0,36129,4,1856118,1422804,0,1272,0,0,0,0,0,0,0,0,0,0,0,0,0,0,0,0
write,509,4096,4219220,951579,9077,611,3247654,0,200,8276,1823,4219220,0,36129,4,1832684,1411944,0,1134,0,0,0,0,0,0,0,0,0,0,0,0,0,0,0,0
write,510,4096,4157484,958181,9037,461,3179135,0,230,8577,1863,4157484,0,36129,4,1773774,1403107,0,831,0,0,0,0,0,0,0,0,0,0,0,0,0,0,0,0
write,511,4096,4227576,953281,8476,451,3254066,0,241,8726,2335,4227576,0,36129,4,1845248,1406524,0,791,0,0,0,0,0,0,0,0,0,0,0,0,0,0,0,0
write,512,4096,4327163,1050775,7625,470,3255670,0,1272,8797,2554,4327163,0,36129,4,1815954,1432392,0,2413,0,0,0,0,0,0,0,0,0,0,0,0,0,0,0,0
write,513,4096,4229500,889673,9638,1222,3316674,0,361,9548,2384,4229500,0,36129,0,1906443,1404570,0,2454,0,0,0,0,0,0,0,0,0,0,0,0,0,0,0,0
write,514,4096,4115565,883260,8886,732,3210294,0,461,9848,2084,4115565,0,36129,0,1786157,1420530,0,1434,0,0,0,0,0,0,0,0,0,0,0,0,0,0,0,0
write,515,4096,4193752,879673,10721,781,3290475,0,380,9628,2094,4193752,0,36129,0,1872219,1414890,0,1343,0,0,0,0,0,0,0,0,0,0,0,0,0,0,0,0
write,516,4096,4236292,909269,8837,951,3304982,0,521,9809,1923,4236292,0,36129,0,1832554,1467559,0,2163,0,0,0,0,0,0,0,0,0,0,0,0,0,0,0,0
write,517,4096,5004937,942642,9988,822,4036256,0,591,12814,1824,5004937,0,36129,5,1757794,2273292,0,2234,0,0,0,0,0,0,0,0,0,0,0,0,0,0,0,0
write,518,4096,4239618,947831,9378,1162,3271228,0,271,7965,1783,4239618,0,36129,5,1881466,1386406,0,1210,0,0,0,0,0,0,0,0,0,0,0,0,0,0,0,0
write,519,4096,4411662,1146715,9939,871,3241904,0,421,9958,1854,4411662,0,36129,5,1796687,1441459,0,1773,0,0,0,0,0,0,0,0,0,0,0,0,0,0,0,0
write,520,4096,4323556,961066,9368,951,3332143,0,812,7203,12013,4323556,0,36129,4,1863693,1463510,0,2463,0,0,0,0,0,0,0,0,0,0,0,0,0,0,0,0
write,521,4096,4240660,946990,7534,9007,3261650,0,281,6141,9057,4240660,0,36129,9,1839157,1418195,0,1893,0,0,0,0,0,0,0,0,0,0,0,0,0,0,0,0
write,522,4096,4282399,908528,9247,621,3354064,0,391,7705,1843,4282399,0,36129,9,1892807,1448031,0,1772,0,0,0,0,0,0,0,0,0,0,0,0,0,0,0,0
write,523,4096,4908596,886907,7304,631,3995259,0,251,7524,10720,4908596,0,36129,8,2601500,1390955,0,1031,0,0,0,0,0,0,0,0,0,0,0,0,0,0,0,0
write,524,4096,4117248,898028,8626,521,3198912,0,281,9047,1833,4117248,0,36129,9,1758305,1436791,0,2004,0,0,0,0,0,0,0,0,0,0,0,0,0,0,0,0
write,525,4096,4199013,878922,7084,521,3294622,0,200,6823,10841,4199013,0,36129,8,1880034,1411833,0,1102,0,0,0,0,0,0,0,0,0,0,0,0,0,0,0,0
write,526,4096,4099104,886165,7103,692,3188663,0,321,5911,10249,4099104,0,36129,9,1744088,1432773,0,9908,0,0,0,0,0,0,0,0,0,0,0,0,0,0,0,0
write,527,4096,4054170,878080,7584,762,3161191,0,331,4388,1834,4054170,0,36129,9,1720534,1429607,0,1541,0,0,0,0,0,0,0,0,0,0,0,0,0,0,0,0
write,528,4096,4164568,900403,6773,430,3246272,0,471,7935,2284,4164568,0,36129,9,1788712,1447340,0,9017,0,0,0,0,0,0,0,0,0,0,0,0,0,0,0,0
write,529,4096,5324287,975834,5901,401,4332393,0,361,7093,2304,5324287,0,36129,9,1857321,2472538,0,1172,0,0,0,0,0,0,0,0,0,0,0,0,0,0,0,0
write,530,4096,6165068,877159,7404,681,5270486,0,281,7123,1934,6165068,0,36129,8,1828256,3439104,0,1181,0,0,0,0,0,0,0,0,0,0,0,0,0,0,0,0
write,531,4096,6471333,877930,6793,501,5575669,0,311,7865,2264,6471333,0,36129,8,1733208,3839777,0,1092,0,0,0,0,0,0,0,0,0,0,0,0,0,0,0,0
write,532,4096,6324717,985993,7524,551,5321823,0,270,6783,1773,6324717,0,36129,8,1855688,3463389,0,1152,0,0,0,0,0,0,0,0,0,0,0,0,0,0,0,0
write,533,4096,6383148,897547,9077,1092,5463870,0,391,8816,2355,6383148,0,36129,9,1810814,3647636,0,2344,0,0,0,0,0,0,0,0,0,0,0,0,0,0,0,0
write,534,4096,6793789,1058239,6492,541,5719681,0,320,6332,2184,6793789,0,36129,9,1831052,3885934,0,1131,0,0,0,0,0,0,0,0,0,0,0,0,0,0,0,0
write,535,4096,6980160,1087464,8026,751,5873469,0,321,7634,2495,6980160,0,36129,8,1797969,4072214,0,1362,0,0,0,0,0,0,0,0,0,0,0,0,0,0,0,0
write,536,4096,6751920,1096130,7865,711,5636394,0,401,7734,2685,6751920,0,36129,8,1823417,3808679,0,1553,0,0,0,0,0,0,0,0,0,0,0,0,0,0,0,0
write,537,4096,5873309,964563,6662,531,4880213,0,220,8025,13095,5873309,0,36129,8,1854015,3023362,0,1101,0,0,0,0,0,0,0,0,0,0,0,0,0,0,0,0
write,538,4096,5619332,877389,7545,851,4716144,0,341,7133,9929,5619332,0,36129,9,1742154,2961356,0,9849,0,0,0,0,0,0,0,0,0,0,0,0,0,0,0,0
write,539,4096,5829868,888350,7113,691,4924917,0,321,6512,1964,5829868,0,36129,9,1946729,2974741,0,1354,0,0,0,0,0,0,0,0,0,0,0,0,0,0,0,0
write,540,4096,6230510,945988,8736,671,5265026,0,321,7464,2304,6230510,0,36129,9,1803260,3458290,0,1561,0,0,0,0,0,0,0,0,0,0,0,0,0,0,0,0
write,541,4096,5853161,1047880,7354,661,4788811,0,300,6192,1963,5853161,0,36129,8,1828647,2956828,0,1334,0,0,0,0,0,0,0,0,0,0,0,0,0,0,0,0
write,542,4096,5932200,882048,6753,521,5032509,0,320,7815,2234,5932200,0,36129,8,1803510,3226334,0,1003,0,0,0,0,0,0,0,0,0,0,0,0,0,0,0,0
write,543,4096,25623270,884953,7845,671,24710324,0,451,15129,3897,25623270,0,36129,8,21516982,3189134,0,1883,0,0,0,0,0,0,0,0,0,0,0,0,0,0,0,0
write,544,4096,9665036,1442562,8185,972,8202096,0,551,8356,2314,9665036,0,36129,8,1953391,6243525,0,2135,0,0,0,0,0,0,0,0,0,0,0,0,0,0,0,0
write,545,4096,6287959,887448,13656,942,5377307,0,380,6443,1783,6287959,0,36129,8,2082244,3290735,0,1844,0,0,0,0,0,0,0,0,0,0,0,0,0,0,0,0
write,546,4096,5858942,882318,7194,661,4957588,0,260,8727,2194,5858942,0,36129,8,1765799,3188974,0,1103,0,0,0,0,0,0,0,0,0,0,0,0,0,0,0,0
write,547,4096,6108241,1024696,6613,521,5066473,0,420,7625,1893,6108241,0,36129,8,1820963,3242434,0,1073,0,0,0,0,0,0,0,0,0,0,0,0,0,0,0,0
write,548,4096,5872177,888380,8726,952,4962778,0,551,8977,1813,5872177,0,36129,10,1760780,3197350,0,2154,0,0,0,0,0,0,0,0,0,0,0,0,0,0,0,0
write,549,4096,6004275,874443,7064,661,5112649,0,261,7264,1933,6004275,0,36129,0,1875185,3234069,0,1372,0,0,0,0,0,0,0,0,0,0,0,0,0,0,0,0
write,550,4096,6257822,880625,6793,521,5344185,0,801,8486,16411,6257822,0,36129,0,1791848,3545825,0,1764,0,0,0,0,0,0,0,0,0,0,0,0,0,0,0,0
write,551,4096,6162483,904891,11862,1443,5232975,0,491,8526,2295,6162483,0,36129,0,1868332,3358573,0,2583,0,0,0,0,0,0,0,0,0,0,0,0,0,0,0,0
write,552,4096,6160178,889431,8817,761,5249717,0,351,8666,2435,6160178,0,36129,0,1803890,3442320,0,1392,0,0,0,0,0,0,0,0,0,0,0,0,0,0,0,0
write,553,4096,5907123,877570,9247,751,5007893,0,331,9497,1834,5907123,0,36129,0,1745311,3259236,0,1372,0,0,0,0,0,0,0,0,0,0,0,0,0,0,0,0
write,554,4096,6167872,878861,8537,741,5267641,0,380,9749,1963,6167872,0,36129,0,1816514,3447740,0,1433,0,0,0,0,0,0,0,0,0,0,0,0,0,0,0,0
write,555,4096,6379421,889282,9317,772,5469620,0,351,7784,2295,6379421,0,36129,0,1790766,3675458,0,1383,0,0,0,0,0,0,0,0,0,0,0,0,0,0,0,0
write,556,4096,6363310,875155,9287,782,5466855,0,371,8506,2354,6363310,0,36129,0,1909970,3553539,0,1332,0,0,0,0,0,0,0,0,0,0,0,0,0,0,0,0
write,557,4096,6317354,886105,8707,801,5410820,0,341,8115,2465,6317354,0,36129,0,1783562,3624042,0,1272,0,0,0,0,0,0,0,0,0,0,0,0,0,0,0,0
write,558,4096,6695735,891545,8757,761,5784021,0,361,8085,2205,6695735,0,36129,0,1854967,3925528,0,1422,0,0,0,0,0,0,0,0,0,0,0,0,0,0,0,0
write,559,4096,15735837,877520,8826,651,14837799,0,371,7904,2766,15735837,0,36129,0,10799097,4035415,0,1293,0,0,0,0,0,0,0,0,0,0,0,0,0,0,0,0
write,560,4096,7176057,894130,8706,752,6260988,0,350,8957,2174,7176057,0,36129,0,2041878,4215524,0,1412,0,0,0,0,0,0,0,0,0,0,0,0,0,0,0,0
write,561,4096,6140983,884813,8787,781,5234499,0,421,9527,2155,6140983,0,36129,0,1912605,3318026,0,1552,0,0,0,0,0,0,0,0,0,0,0,0,0,0,0,0
write,562,4096,5816543,870156,9788,792,4922562,0,401,10529,2315,5816543,0,36129,0,1930428,2988317,0,1613,0,0,0,0,0,0,0,0,0,0,0,0,0,0,0,0
write,563,4096,5621836,879252,10640,671,4719000,0,351,9658,2264,5621836,0,36129,0,1754097,2961496,0,1363,0,0,0,0,0,0,0,0,0,0,0,0,0,0,0,0
write,564,4096,6052676,895854,8816,772,5134731,0,380,9709,2414,6052676,0,36129,0,1866508,3264737,0,1422,0,0,0,0,0,0,0,0,0,0,0,0,0,0,0,0
write,565,4096,6054731,888601,9347,772,5137736,0,752,15318,2205,6054731,0,36129,0,1835651,3297307,0,2025,0,0,0,0,0,0,0,0,0,0,0,0,0,0,0,0
write,566,4096,5729750,870797,9478,751,4836831,0,361,9618,1914,5729750,0,36129,0,1793160,3040004,0,1483,0,0,0,0,0,0,0,0,0,0,0,0,0,0,0,0
write,567,4096,5711555,885945,8606,741,4805613,0,380,8005,2265,5711555,0,36129,0,1834929,2967508,0,1243,0,0,0,0,0,0,0,0,0,0,0,0,0,0,0,0
write,568,4096,5972375,888139,8917,661,5062846,0,350,9428,2034,5972375,0,36129,0,1758215,3301456,0,1233,0,0,0,0,0,0,0,0,0,0,0,0,0,0,0,0
write,569,4096,5925156,877830,8626,731,5026618,0,361,8796,2194,5925156,0,36129,0,1873010,3150531,0,1212,0,0,0,0,0,0,0,0,0,0,0,0,0,0,0,0
write,570,4096,6107129,898188,8687,721,5187009,0,471,9107,2946,6107129,0,36129,0,1745721,3437841,0,1432,0,0,0,0,0,0,0,0,0,0,0,0,0,0,0,0
write,571,4096,6272279,885424,9367,702,5365134,0,360,9148,2144,6272279,0,36129,0,1840469,3521219,0,1402,0,0,0,0,0,0,0,0,0,0,0,0,0,0,0,0
write,572,4096,6310241,888360,8857,721,5401793,0,401,8125,1984,6310241,0,36129,0,1813258,3584998,0,1353,0,0,0,0,0,0,0,0,0,0,0,0,0,0,0,0
write,573,4096,6203009,870016,8235,741,5312456,0,380,8637,2544,6203009,0,36129,0,1761661,3547467,0,1314,0,0,0,0,0,0,0,0,0,0,0,0,0,0,0,0
write,574,4096,6410860,893500,9417,842,5495870,0,350,8637,2244,6410860,0,36129,0,1863412,3629071,0,1312,0,0,0,0,0,0,0,0,0,0,0,0,0,0,0,0
write,575,4096,6285674,876728,8826,712,5388487,0,391,7965,2565,6285674,0,36129,0,1740361,3645011,0,1182,0,0,0,0,0,0,0,0,0,0,0,0,0,0,0,0
write,576,4096,6431819,885925,8866,822,5526007,0,350,7735,2114,6431819,0,36129,0,1902145,3620474,0,1293,0,0,0,0,0,0,0,0,0,0,0,0,0,0,0,0
write,577,4096,6323917,880686,8886,892,5421771,0,320,9177,2185,6323917,0,36129,0,1799533,3618721,0,1421,0,0,0,0,0,0,0,0,0,0,0,0,0,0,0,0
write,578,4096,6258824,884423,9067,701,5354224,0,410,7364,2635,6258824,0,36129,0,1841130,3509847,0,1282,0,0,0,0,0,0,0,0,0,0,0,0,0,0,0,0
write,579,4096,6629661,887107,9007,651,5723107,0,391,7434,1964,6629661,0,36129,0,1823297,3896504,0,1332,0,0,0,0,0,0,0,0,0,0,0,0,0,0,0,0
write,580,4096,6419717,889633,8706,731,5509856,0,331,8115,2345,6419717,0,36129,0,1774816,3731674,0,1363,0,0,0,0,0,0,0,0,0,0,0,0,0,0,0,0
write,581,4096,6507841,876718,9107,691,5609523,0,371,8666,2765,6507841,0,36129,0,1841822,3764305,0,1332,0,0,0,0,0,0,0,0,0,0,0,0,0,0,0,0
write,582,4096,6740790,887508,8927,751,5831561,0,331,9648,2064,6740790,0,36129,0,1751812,4076221,0,1473,0,0,0,0,0,0,0,0,0,0,0,0,0,0,0,0
write,583,4096,6999415,887107,8746,702,6091619,0,371,8706,2164,6999415,0,36129,0,1904089,4184214,0,1322,0,0,0,0,0,0,0,0,0,0,0,0,0,0,0,0
write,584,4096,7311312,885845,8556,752,6405599,0,451,7715,2394,7311312,0,36129,0,1832795,4568907,0,1364,0,0,0,0,0,0,0,0,0,0,0,0,0,0,0,0
write,585,4096,6999316,887408,8837,751,6084466,0,782,11752,5320,6999316,0,36129,0,1871448,4207959,0,2154,0,0,0,0,0,0,0,0,0,0,0,0,0,0,0,0
write,586,4096,5901853,906604,8186,841,4975452,0,271,8305,2194,5901853,0,36129,0,1883670,3085750,0,2164,0,0,0,0,0,0,0,0,0,0,0,0,0,0,0,0
write,587,4096,5728988,1033713,6101,461,4678374,0,360,7745,2234,5728988,0,36129,0,1724622,2950957,0,892,0,0,0,0,0,0,0,0,0,0,0,0,0,0,0,0
write,588,4096,6012871,900322,13475,1072,5085849,0,511,9218,2424,6012871,0,36129,8,1890935,3189926,0,2164,0,0,0,0,0,0,0,0,0,0,0,0,0,0,0,0
write,589,4096,5930827,889302,9257,701,5020276,0,391,8396,2504,5930827,0,36129,8,1740161,3276939,0,1293,0,0,0,0,0,0,0,0,0,0,0,0,0,0,0,0
write,590,4096,5666641,876317,9177,662,4768292,0,311,9397,2485,5666641,0,36129,8,1797519,2967548,0,1263,0,0,0,0,0,0,0,0,0,0,0,0,0,0,0,0
write,591,4096,5790734,881857,9247,782,4887376,0,531,8276,2665,5790734,0,36129,8,1801015,3082664,0,1392,0,0,0,0,0,0,0,0,0,0,0,0,0,0,0,0
write,592,4096,5999726,881296,10189,792,5096389,0,330,8406,2324,5999726,0,36129,0,1851831,3240621,0,1551,0,0,0,0,0,0,0,0,0,0,0,0,0,0,0,0
write,593,4096,5966495,890604,8817,761,5055412,0,311,8265,2325,5966495,0,36129,0,1839057,3212829,0,1463,0,0,0,0,0,0,0,0,0,0,0,0,0,0,0,0
write,594,4096,6062525,891236,8666,781,5150170,0,371,9438,1863,6062525,0,36129,0,1739960,3406573,0,1513,0,0,0,0,0,0,0,0,0,0,0,0,0,0,0,0
write,595,4096,6468738,913297,12523,1303,5530394,0,521,8396,2304,6468738,0,36129,1,1889471,3635553,0,2686,0,0,0,0,0,0,0,0,0,0,0,0,0,0,0,0
write,596,4096,6517130,885344,8607,871,5610796,0,541,8576,2395,6517130,0,36129,8,1783512,3823085,0,1765,0,0,0,0,0,0,0,0,0,0,0,0,0,0,0,0
write,597,4096,6302106,893269,9508,822,5387827,0,330,7825,2525,6302106,0,36129,0,1865306,3518703,0,1452,0,0,0,0,0,0,0,0,0,0,0,0,0,0,0,0
write,598,4096,6417171,882799,8726,742,5514394,0,521,7705,2284,6417171,0,36129,0,1845679,3664738,0,1694,0,0,0,0,0,0,0,0,0,0,0,0,0,0,0,0
write,599,4096,6334496,874253,9187,902,5438322,0,350,9168,2314,6334496,0,36129,8,1838535,3596009,0,1584,0,0,0,0,0,0,0,0,0,0,0,0,0,0,0,0
write,600,4096,6346118,877229,9087,781,5448000,0,381,7935,2705,6346118,0,36129,8,1814400,3630314,0,1343,0,0,0,0,0,0,0,0,0,0,0,0,0,0,0,0
write,601,4096,6733706,869143,9448,721,5843574,0,370,8015,2435,6733706,0,36129,8,1798020,4042177,0,1284,0,0,0,0,0,0,0,0,0,0,0,0,0,0,0,0
write,602,4096,6504205,882208,9448,791,5595167,0,621,13275,2695,6504205,0,36129,8,1873551,3717127,0,1914,0,0,0,0,0,0,0,0,0,0,0,0,0,0,0,0
write,603,4096,6529573,911464,8646,841,5596078,0,341,9628,2575,6529573,0,36129,0,1785055,3806875,0,1713,0,0,0,0,0,0,0,0,0,0,0,0,0,0,0,0
write,604,4096,6597029,890734,8857,781,5685877,0,441,7895,2444,6597029,0,36129,0,1896004,3786497,0,1242,0,0,0,0,0,0,0,0,0,0,0,0,0,0,0,0
write,605,4096,6640852,889833,9327,852,5729659,0,411,8666,2104,6640852,0,36129,0,1789614,3936119,0,1573,0,0,0,0,0,0,0,0,0,0,0,0,0,0,0,0
write,606,4096,6797747,878672,9147,701,5898356,0,431,7945,2495,6797747,0,36129,0,1769766,4125023,0,1372,0,0,0,0,0,0,0,0,0,0,0,0,0,0,0,0
write,607,4096,7200433,896545,8987,781,6287398,0,481,3857,2384,7200433,0,36129,0,1822927,4460594,0,1603,0,0,0,0,0,0,0,0,0,0,0,0,0,0,0,0
write,608,4096,7290934,877560,9397,812,6391363,0,421,9407,1974,7290934,0,36129,0,1758375,4629441,0,1392,0,0,0,0,0,0,0,0,0,0,0,0,0,0,0,0
write,609,4096,7492072,884332,8787,851,6586159,0,431,8646,2866,7492072,0,36129,0,1874794,4707739,0,1492,0,0,0,0,0,0,0,0,0,0,0,0,0,0,0,0
write,610,4096,6006920,889562,9548,801,5095377,0,421,8806,2405,6006920,0,36129,0,1758274,3333105,0,1573,0,0,0,0,0,0,0,0,0,0,0,0,0,0,0,0
write,611,4096,5814118,864795,9278,902,4927902,0,391,8566,2284,5814118,0,36129,0,1852142,3071934,0,1404,0,0,0,0,0,0,0,0,0,0,0,0,0,0,0,0
write,612,4096,5951927,885013,9318,942,5044671,0,471,8897,2615,5951927,0,36129,0,1847994,3192982,0,1303,0,0,0,0,0,0,0,0,0,0,0,0,0,0,0,0
write,613,4096,6123700,885635,9077,881,5216004,0,361,9467,2275,6123700,0,36129,0,1741493,3470664,0,1524,0,0,0,0,0,0,0,0,0,0,0,0,0,0,0,0
write,614,4096,5871515,891205,8536,781,4957578,0,371,10099,2945,5871515,0,36129,0,1861469,3092623,0,1312,0,0,0,0,0,0,0,0,0,0,0,0,0,0,0,0
write,615,4096,6134460,876357,9167,852,5236231,0,441,8576,2836,6134460,0,36129,0,1792720,3439375,0,1704,0,0,0,0,0,0,0,0,0,0,0,0,0,0,0,0
write,616,4096,6424435,950256,11021,1442,5449703,0,421,8526,3066,6424435,0,36129,8,1966576,3478077,0,2245,0,0,0,0,0,0,0,0,0,0,0,0,0,0,0,0
write,617,4096,6296985,880004,8987,851,5395341,0,361,9007,2434,6296985,0,36129,0,1788902,3602591,0,1563,0,0,0,0,0,0,0,0,0,0,0,0,0,0,0,0
write,618,4096,6365985,886025,9308,731,5457568,0,311,9658,2384,6365985,0,36129,0,1878892,3575190,0,1312,0,0,0,0,0,0,0,0,0,0,0,0,0,0,0,0
write,619,4096,6735800,888761,10409,902,5824207,0,411,8485,2625,6735800,0,36129,0,1847502,3973077,0,1363,0,0,0,0,0,0,0,0,0,0,0,0,0,0,0,0
write,620,4096,7328414,882208,9238,912,6422391,0,561,10029,3075,7328414,0,36129,0,1749879,4668174,0,1724,0,0,0,0,0,0,0,0,0,0,0,0,0,0,0,0
write,621,4096,6861747,1198182,7825,821,5639189,0,311,12223,3196,6861747,0,36129,8,1870555,3764636,0,1703,0,0,0,0,0,0,0,0,0,0,0,0,0,0,0,0
write,622,4096,8134790,1203232,8295,772,6909326,0,651,8597,3917,8134790,0,36129,8,1794583,5109413,0,1863,0,0,0,0,0,0,0,0,0,0,0,0,0,0,0,0
write,623,4096,6708820,901184,8135,912,5789181,0,281,7163,1964,6708820,0,36129,0,1924667,3859474,0,1824,0,0,0,0,0,0,0,0,0,0,0,0,0,0,0,0
write,624,4096,6771528,893630,11181,972,5853392,0,451,8966,2936,6771528,0,36129,0,1804001,4045524,0,1673,0,0,0,0,0,0,0,0,0,0,0,0,0,0,0,0
write,625,4096,7038719,886696,9157,762,6128899,0,391,10209,2605,7038719,0,36129,0,1876296,4248946,0,1452,0,0,0,0,0,0,0,0,0,0,0,0,0,0,0,0
write,626,4096,6853832,882950,9027,841,5948170,0,391,9939,2514,6853832,0,36129,0,1860768,4083906,0,1413,0,0,0,0,0,0,0,0,0,0,0,0,0,0,0,0
write,627,4096,6880352,889753,8976,742,5968388,0,380,9709,2404,6880352,0,36129,0,1785606,4179085,0,1422,0,0,0,0,0,0,0,0,0,0,0,0,0,0,0,0
write,628,4096,7039100,884913,8556,712,6132466,0,401,9488,2564,7039100,0,36129,0,1844006,4284683,0,1642,0,0,0,0,0,0,0,0,0,0,0,0,0,0,0,0
write,629,4096,6329286,888911,9288,831,5418394,0,341,9558,1963,6329286,0,36129,0,1733027,3681921,0,1372,0,0,0,0,0,0,0,0,0,0,0,0,0,0,0,0
write,630,4096,6496791,881978,9428,771,5591670,0,401,10049,2494,6496791,0,36129,0,1890043,3697910,0,1443,0,0,0,0,0,0,0,0,0,0,0,0,0,0,0,0
write,631,4096,4822604,876978,9408,862,3922703,0,641,8947,3065,4822604,0,36129,0,2093985,1686891,0,2202,0,0,0,0,0,0,0,0,0,0,0,0,0,0,0,0
write,632,4096,5189705,881988,8256,801,4288470,0,592,7534,2064,5189705,0,36129,1,1754107,2529554,0,2035,0,0,0,0,0,0,0,0,0,0,0,0,0,0,0,0
write,633,4096,5376646,872059,10009,842,4477335,0,1613,12093,2695,5376646,0,36129,0,1974702,2491473,0,5348,0,0,0,0,0,0,0,0,0,0,0,0,0,0,0,0
write,634,4096,4485531,938343,13235,2134,3517872,0,531,11422,1994,4485531,0,36129,5,1828146,1677994,0,5391,0,0,0,0,0,0,0,0,0,0,0,0,0,0,0,0
write,635,4096,4596519,949043,9108,701,3621517,0,511,12744,2895,4596519,0,36129,5,1872169,1744680,0,2243,0,0,0,0,0,0,0,0,0,0,0,0,0,0,0,0
write,636,4096,4875634,1268053,9838,692,3582163,0,441,10660,3787,4875634,0,36129,4,1854436,1723390,0,1902,0,0,0,0,0,0,0,0,0,0,0,0,0,0,0,0
write,637,4096,4559269,968781,9688,912,3561293,0,531,10270,7794,4559269,0,36129,4,1865175,1690948,0,1824,0,0,0,0,0,0,0,0,0,0,0,0,0,0,0,0
write,638,4096,4520547,950447,10089,781,3546335,0,291,10029,2575,4520547,0,36129,5,1861729,1680679,0,1793,0,0,0,0,0,0,0,0,0,0,0,0,0,0,0,0
write,639,4096,4458229,960575,10620,742,3470182,0,321,11902,3887,4458229,0,36129,5,1775107,1691790,0,1342,0,0,0,0,0,0,0,0,0,0,0,0,0,0,0,0
write,640,4096,4663305,972248,11431,1283,3666000,0,581,9408,2354,4663305,0,36129,5,1955445,1704514,0,2575,0,0,0,0,0,0,0,0,0,0,0,0,0,0,0,0
write,641,4096,4463639,949454,8286,711,3493987,0,281,9117,1803,4463639,0,36129,4,1826984,1663657,0,1442,0,0,0,0,0,0,0,0,0,0,0,0,0,0,0,0
write,642,4096,4536577,967729,7354,481,3549992,0,321,8586,2114,4536577,0,36129,4,1858233,1688744,0,1222,0,0,0,0,0,0,0,0,0,0,0,0,0,0,0,0
write,643,4096,4379321,952691,8916,521,3405331,0,230,9799,1833,4379321,0,36129,4,1774114,1628281,0,1022,0,0,0,0,0,0,0,0,0,0,0,0,0,0,0,0
write,644,4096,4457398,963371,8225,411,3474481,0,290,8646,1974,4457398,0,36129,4,1763555,1708031,0,1111,0,0,0,0,0,0,0,0,0,0,0,0,0,0,0,0
write,645,4096,4464972,946740,7844,712,3498926,0,220,8667,1863,4464972,0,36129,4,1860838,1635193,0,1142,0,0,0,0,0,0,0,0,0,0,0,0,0,0,0,0
write,646,4096,4560051,1148499,7805,621,3392667,0,270,8386,1803,4560051,0,36129,4,1738437,1651434,0,1083,0,0,0,0,0,0,0,0,0,0,0,0,0,0,0,0
write,647,4096,5250529,945698,7834,561,3949053,0,1052,327655,18676,5250529,0,36129,4,1862680,2080229,0,3274,0,0,0,0,0,0,0,0,0,0,0,0,0,0,0,0
write,648,4096,4872818,1065833,18274,3677,3769485,0,1623,11833,2093,4872818,0,36129,12,2044934,1703422,0,8454,0,0,0,0,0,0,0,0,0,0,0,0,0,0,0,0
write,649,4096,4527360,974763,9648,1002,3530135,0,220,9768,1824,4527360,0,36129,12,1875906,1648088,0,2785,0,0,0,0,0,0,0,0,0,0,0,0,0,0,0,0
write,650,4096,4455103,957460,9277,451,3477276,0,260,8526,1853,4455103,0,36129,12,1813619,1660882,0,1051,0,0,0,0,0,0,0,0,0,0,0,0,0,0,0,0
write,651,4096,5663455,978790,9698,481,4664146,0,251,8255,1834,5663455,0,36129,12,2977076,1684095,0,1152,0,0,0,0,0,0,0,0,0,0,0,0,0,0,0,0
write,652,4096,4540103,953051,9348,811,3563869,0,1472,9228,2324,4540103,0,36129,12,1816003,1741824,0,3236,0,0,0,0,0,0,0,0,0,0,0,0,0,0,0,0
write,653,4096,4492213,987927,7063,1703,3486554,0,280,6903,1783,4492213,0,36129,1,1825782,1653208,0,2825,0,0,0,0,0,0,0,0,0,0,0,0,0,0,0,0
write,654,4096,4449994,886246,7574,862,3545243,0,341,7774,1954,4449994,0,36129,1,1873632,1667735,0,1582,0,0,0,0,0,0,0,0,0,0,0,0,0,0,0,0
write,655,4096,5326301,894791,7154,471,4413355,0,270,8136,2124,5326301,0,36129,1,1774505,2636055,0,1163,0,0,0,0,0,0,0,0,0,0,0,0,0,0,0,0
write,656,4096,6213558,900372,10600,1172,5290233,0,541,8156,2484,6213558,0,36129,2,1900011,3385192,0,2404,0,0,0,0,0,0,0,0,0,0,0,0,0,0,0,0
write,657,4096,6295423,1043612,6893,571,5232074,0,351,9077,2845,6295423,0,36129,2,1837483,3391194,0,1372,0,0,0,0,0,0,0,0,0,0,0,0,0,0,0,0
write,658,4096,5945955,988167,8516,611,4939644,0,361,6502,2154,5945955,0,36129,2,1745000,3191288,0,1322,0,0,0,0,0,0,0,0,0,0,0,0,0,0,0,0
write,659,4096,6141182,886265,6503,951,5233267,0,471,11641,2084,6141182,0,36129,2,1833336,3395011,0,2095,0,0,0,0,0,0,0,0,0,0,0,0,0,0,0,0
write,660,4096,5818136,873041,7785,851,4926700,0,341,7023,2395,5818136,0,36129,1,1809000,3113502,0,1914,0,0,0,0,0,0,0,0,0,0,0,0,0,0,0,0
write,661,4096,6288280,892648,6573,561,5375423,0,431,9808,2836,6288280,0,36129,1,1975213,3396524,0,1412,0,0,0,0,0,0,0,0,0,0,0,0,0,0,0,0
write,662,4096,5998594,958231,7594,651,5019444,0,401,9668,2605,5998594,0,36129,1,1804752,3211076,0,1592,0,0,0,0,0,0,0,0,0,0,0,0,0,0,0,0
write,663,4096,5939373,884772,8336,701,5036156,0,301,6913,2194,5939373,0,36129,1,1844748,3188122,0,1312,0,0,0,0,0,0,0,0,0,0,0,0,0,0,0,0
write,664,4096,6309810,900122,10660,1082,5388468,0,491,6903,2084,6309810,0,36129,2,1907185,3476334,0,2164,0,0,0,0,0,0,0,0,0,0,0,0,0,0,0,0
write,665,4096,6208759,1081282,6442,611,5110065,0,321,7914,2124,6208759,0,36129,2,1785666,3321273,0,1152,0,0,0,0,0,0,0,0,0,0,0,0,0,0,0,0
write,666,4096,6119051,886436,7113,652,5211795,0,371,10530,2154,6119051,0,36129,2,1855808,3352822,0,1213,0,0,0,0,0,0,0,0,0,0,0,0,0,0,0,0
write,667,4096,36587668,878722,11511,822,35683268,0,711,8406,4228,36587668,0,36129,2,31815860,3861869,0,1654,0,0,0,0,0,0,0,0,0,0,0,0,0,0,0,0
write,668,4096,6717095,892026,8356,661,5805542,0,481,7223,2806,6717095,0,36129,8,1868181,3932421,0,2084,0,0,0,0,0,0,0,0,0,0,0,0,0,0,0,0
write,669,4096,6976242,884693,8345,722,6071862,0,371,7965,2284,6976242,0,36129,8,1966436,4101589,0,1474,0,0,0,0,0,0,0,0,0,0,0,0,0,0,0,0
write,670,4096,7196556,1011281,7023,711,6168725,0,350,6603,1863,7196556,0,36129,8,1867039,4298670,0,1162,0,0,0,0,0,0,0,0,0,0,0,0,0,0,0,0
write,671,4096,5811493,883050,6802,541,4912443,0,291,6422,1944,5811493,0,36129,8,1759807,3149821,0,1082,0,0,0,0,0,0,0,0,0,0,0,0,0,0,0,0
write,672,4096,5912884,876919,6722,591,5019394,0,281,7214,1763,5912884,0,36129,8,1837093,3179506,0,1091,0,0,0,0,0,0,0,0,0,0,0,0,0,0,0,0
write,673,4096,5851599,880265,6983,541,4952799,0,261,8395,2355,5851599,0,36129,8,1790736,3159148,0,1092,0,0,0,0,0,0,0,0,0,0,0,0,0,0,0,0
write,674,4096,5720391,882649,7454,571,4820520,0,291,7133,1773,5720391,0,36129,8,1736344,3081431,0,1062,0,0,0,0,0,0,0,0,0,0,0,0,0,0,0,0
write,675,4096,5793439,871388,7815,661,4904408,0,401,6792,1974,5793439,0,36129,8,1836562,3064530,0,1213,0,0,0,0,0,0,0,0,0,0,0,0,0,0,0,0
write,676,4096,5728667,900382,7594,1323,4810662,0,260,6392,2054,5728667,0,36129,1,1768844,3036788,0,2354,0,0,0,0,0,0,0,0,0,0,0,0,0,0,0,0
write,677,4096,6114432,880034,7173,682,5216264,0,260,8125,1894,6114432,0,36129,8,1939055,3274214,0,1142,0,0,0,0,0,0,0,0,0,0,0,0,0,0,0,0
write,678,4096,5628659,880605,6833,601,4728778,0,330,8827,2685,5628659,0,36129,8,1802247,2923796,0,1022,0,0,0,0,0,0,0,0,0,0,0,0,0,0,0,0
write,679,4096,5923013,1037280,9457,772,4863561,0,371,8947,2625,5923013,0,36129,8,1848093,3012102,0,1423,0,0,0,0,0,0,0,0,0,0,0,0,0,0,0,0
write,680,4096,6145020,886295,9428,772,5237945,0,451,7985,2144,6145020,0,36129,8,1835289,3399289,0,1333,0,0,0,0,0,0,0,0,0,0,0,0,0,0,0,0
write,681,4096,5949523,874664,9087,712,5051685,0,440,10871,2064,5949523,0,36129,8,1757633,3290505,0,1353,0,0,0,0,0,0,0,0,0,0,0,0,0,0,0,0
write,682,4096,5735931,878041,8926,742,4835899,0,321,9989,2013,5735931,0,36129,8,1839968,2992615,0,1332,0,0,0,0,0,0,0,0,0,0,0,0,0,0,0,0
write,683,4096,5773291,883511,8886,642,4869763,0,531,8055,1903,5773291,0,36129,8,1756041,3109705,0,1532,0,0,0,0,0,0,0,0,0,0,0,0,0,0,0,0
write,684,4096,5850436,868162,8346,731,4961976,0,531,8777,1913,5850436,0,36129,9,1888409,3069609,0,1864,0,0,0,0,0,0,0,0,0,0,0,0,0,0,0,0
write,685,4096,5842311,885264,9618,832,4935366,0,371,8826,2034,5842311,0,36129,0,1836732,3094346,0,1782,0,0,0,0,0,0,0,0,0,0,0,0,0,0,0,0
write,686,4096,5885883,894742,9427,802,4969380,0,381,8917,2234,5885883,0,36129,0,1824730,3141214,0,1392,0,0,0,0,0,0,0,0,0,0,0,0,0,0,0,0
write,687,4096,5883579,885555,8636,732,4977074,0,311,8956,2315,5883579,0,36129,0,1819529,3154208,0,1343,0,0,0,0,0,0,0,0,0,0,0,0,0,0,0,0
write,688,4096,5915087,891575,9448,762,5001330,0,341,9217,2414,5915087,0,36129,0,1759997,3238016,0,1343,0,0,0,0,0,0,0,0,0,0,0,0,0,0,0,0
write,689,4096,5975141,881216,8977,702,5072103,0,341,9888,1914,5975141,0,36129,0,1885173,3183354,0,1372,0,0,0,0,0,0,0,0,0,0,0,0,0,0,0,0
write,690,4096,5929414,876747,8897,681,5031457,0,401,8887,2344,5929414,0,36129,0,1750961,3277320,0,1293,0,0,0,0,0,0,0,0,0,0,0,0,0,0,0,0
write,691,4096,6049450,883881,8687,631,5144189,0,320,9708,2034,6049450,0,36129,0,1803230,3337813,0,1223,0,0,0,0,0,0,0,0,0,0,0,0,0,0,0,0
write,692,4096,6370133,896294,9007,962,5452659,0,431,8836,1944,6370133,0,36129,0,1820070,3628259,0,1904,0,0,0,0,0,0,0,0,0,0,0,0,0,0,0,0
write,693,4096,6432790,878651,8937,771,5532629,0,331,9297,2174,6432790,0,36129,0,1839548,3689945,0,1233,0,0,0,0,0,0,0,0,0,0,0,0,0,0,0,0
write,694,4096,6346969,880234,9017,682,5446847,0,311,7364,2514,6346969,0,36129,0,1832975,3610336,0,1332,0,0,0,0,0,0,0,0,0,0,0,0,0,0,0,0
write,695,4096,93875544,880936,9698,812,92967887,0,501,11211,4499,93875544,0,36129,0,89484100,3477586,0,1702,0,0,0,0,0,0,0,0,0,0,0,0,0,0,0,0
write,696,4096,6320159,910461,9277,1022,5385883,0,391,10279,2846,6320159,0,36129,0,1957178,3423013,0,2303,0,0,0,0,0,0,0,0,0,0,0,0,0,0,0,0
write,697,4096,6213979,895924,8987,741,5298118,0,371,7584,2254,6213979,0,36129,0,2007774,3287208,0,1192,0,0,0,0,0,0,0,0,0,0,0,0,0,0,0,0
write,698,4096,6232134,879203,10519,712,5331230,0,351,7844,2275,6232134,0,36129,0,1873020,3454774,0,1403,0,0,0,0,0,0,0,0,0,0,0,0,0,0,0,0
write,699,4096,6056022,882358,9378,721,5152875,0,361,8205,2124,6056022,0,36129,0,1792018,3357671,0,1212,0,0,0,0,0,0,0,0,0,0,0,0,0,0,0,0
write,700,4096,6170979,879293,8987,651,5271107,0,351,8335,2255,6170979,0,36129,0,1839387,3428604,0,1201,0,0,0,0,0,0,0,0,0,0,0,0,0,0,0,0
write,701,4096,6432891,895353,9338,761,5516188,0,391,9007,1853,6432891,0,36129,0,1816474,3696568,0,1252,0,0,0,0,0,0,0,0,0,0,0,0,0,0,0,0
write,702,4096,6251179,884002,9067,691,5347361,0,330,7454,2274,6251179,0,36129,0,1744528,3599615,0,1262,0,0,0,0,0,0,0,0,0,0,0,0,0,0,0,0
write,703,4096,6106918,898538,9839,902,5186528,0,351,8506,2254,6106918,0,36129,0,1946769,3236533,0,1333,0,0,0,0,0,0,0,0,0,0,0,0,0,0,0,0
write,704,4096,6024503,877189,8986,712,5126445,0,381,8536,2254,6024503,0,36129,0,1729491,3393739,0,1273,0,0,0,0,0,0,0,0,0,0,0,0,0,0,0,0
write,705,4096,6147415,871719,8836,762,5253714,0,351,10209,1824,6147415,0,36129,0,1831973,3418465,0,1352,0,0,0,0,0,0,0,0,0,0,0,0,0,0,0,0
write,706,4096,6040033,883441,8165,772,5136093,0,351,8937,2274,6040033,0,36129,0,1811045,3321823,0,1343,0,0,0,0,0,0,0,0,0,0,0,0,0,0,0,0
write,707,4096,5797046,880304,9057,662,4895631,0,341,9217,1834,5797046,0,36129,0,1742284,3149970,0,1304,0,0,0,0,0,0,0,0,0,0,0,0,0,0,0,0
write,708,4096,6115775,872560,7785,781,5223568,0,371,8416,2294,6115775,0,36129,0,1837413,3382978,0,1243,0,0,0,0,0,0,0,0,0,0,0,0,0,0,0,0
write,709,4096,5638568,891626,8255,752,4725381,0,391,10219,1944,5638568,0,36129,0,1731985,2990130,0,1352,0,0,0,0,0,0,0,0,0,0,0,0,0,0,0,0
write,710,4096,6107138,881156,8406,781,5205153,0,642,8796,2204,6107138,0,36129,0,1874533,3326783,0,1532,0,0,0,0,0,0,0,0,0,0,0,0,0,0,0,0
write,711,4096,5959371,882819,8887,732,5055281,0,431,8466,2755,5959371,0,36129,0,1783863,3267250,0,1853,0,0,0,0,0,0,0,0,0,0,0,0,0,0,0,0
write,712,4096,6093113,881738,9778,731,5188663,0,330,8617,3256,6093113,0,36129,0,1845338,3340007,0,1272,0,0,0,0,0,0,0,0,0,0,0,0,0,0,0,0
write,713,4096,6155690,877870,9518,661,5257793,0,410,7174,2264,6155690,0,36129,0,1823227,3431009,0,1534,0,0,0,0,0,0,0,0,0,0,0,0,0,0,0,0
write,714,4096,5664066,887859,8586,982,4755658,0,341,8366,2274,5664066,0,36129,0,1751682,3000499,0,1372,0,0,0,0,0,0,0,0,0,0,0,0,0,0,0,0
write,715,4096,6003273,886797,9127,711,5095066,0,431,8967,2174,6003273,0,36129,0,1837373,3254356,0,1322,0,0,0,0,0,0,0,0,0,0,0,0,0,0,0,0
write,716,4096,6426489,879323,9778,712,5526447,0,371,7674,2184,6426489,0,36129,0,1794684,3728578,0,1263,0,0,0,0,0,0,0,0,0,0,0,0,0,0,0,0
write,717,4096,6352079,883711,8606,821,5445977,0,410,10650,1904,6352079,0,36129,0,1854947,3587773,0,1313,0,0,0,0,0,0,0,0,0,0,0,0,0,0,0,0
write,718,4096,6209771,884803,9307,721,5303509,0,320,9047,2064,6209771,0,36129,0,1770378,3529895,0,1373,0,0,0,0,0,0,0,0,0,0,0,0,0,0,0,0
write,719,4096,6173814,879974,9217,681,5279554,0,390,1744,2254,6173814,0,36129,0,1859956,3416281,0,1304,0,0,0,0,0,0,0,0,0,0,0,0,0,0,0,0
write,720,4096,5859252,880925,8266,731,4956446,0,371,10319,2194,5859252,0,36129,0,1799222,3151423,0,1352,0,0,0,0,0,0,0,0,0,0,0,0,0,0,0,0
write,721,4096,5841119,883912,9257,761,4935828,0,390,8767,2204,5841119,0,36129,0,1753987,3178474,0,1333,0,0,0,0,0,0,0,0,0,0,0,0,0,0,0,0
write,722,4096,6060501,882730,8786,792,5156171,0,360,9899,1763,6060501,0,36129,0,1820312,3332774,0,1183,0,0,0,0,0,0,0,0,0,0,0,0,0,0,0,0
write,723,4096,5987424,891766,9017,772,5073916,0,371,9267,2315,5987424,0,36129,0,1750130,3320571,0,1363,0,0,0,0,0,0,0,0,0,0,0,0,0,0,0,0
write,724,4096,6246170,881987,10490,711,5342141,0,411,8115,2315,6246170,0,36129,0,1879252,3459853,0,1233,0,0,0,0,0,0,0,0,0,0,0,0,0,0,0,0
write,725,4096,6390341,884793,9528,682,5485079,0,361,7584,2314,6390341,0,36129,0,1794533,3687211,0,1423,0,0,0,0,0,0,0,0,0,0,0,0,0,0,0,0
write,726,4096,6390772,877519,8857,772,5491311,0,370,9398,2545,6390772,0,36129,0,1828487,3659549,0,1353,0,0,0,0,0,0,0,0,0,0,0,0,0,0,0,0
write,727,4096,6068746,881206,9087,762,5165749,0,380,9238,2324,6068746,0,36129,0,1830280,3332143,0,1393,0,0,0,0,0,0,0,0,0,0,0,0,0,0,0,0
write,728,4096,5863952,881908,8926,782,4961084,0,391,8576,2285,5863952,0,36129,0,1748908,3208971,0,1203,0,0,0,0,0,0,0,0,0,0,0,0,0,0,0,0
write,729,4096,7362639,883240,9108,761,6447308,0,1453,12583,8186,7362639,0,36129,0,1825030,4612680,0,5120,0,0,0,0,0,0,0,0,0,0,0,0,0,0,0,0
write,730,4096,6325018,907406,11691,1383,5393578,0,320,8396,2244,6325018,0,36129,0,1897987,3486473,0,3147,0,0,0,0,0,0,0,0,0,0,0,0,0,0,0,0
write,731,4096,6029833,882799,8737,691,5125854,0,371,9498,1883,6029833,0,36129,0,1869173,3253395,0,1252,0,0,0,0,0,0,0,0,0,0,0,0,0,0,0,0
write,732,4096,6426008,890794,8767,731,5512531,0,461,9117,3607,6426008,0,36129,0,1792639,3715835,0,1593,0,0,0,0,0,0,0,0,0,0,0,0,0,0,0,0
write,733,4096,6155800,895954,11481,1513,5233567,0,511,9467,3307,6155800,0,36129,8,1893769,3331772,0,3637,0,0,0,0,0,0,0,0,0,0,0,0,0,0,0,0
write,734,4096,6108521,878992,10870,742,5206416,0,320,8787,2394,6108521,0,36129,8,1824490,3378690,0,1293,0,0,0,0,0,0,0,0,0,0,0,0,0,0,0,0
write,735,4096,5975401,877359,9738,712,5076331,0,371,8586,2304,5975401,0,36129,8,1763274,3309631,0,1271,0,0,0,0,0,0,0,0,0,0,0,0,0,0,0,0
write,736,4096,6257321,876227,9378,751,5359744,0,341,8576,2304,6257321,0,36129,8,1877188,3479150,0,1392,0,0,0,0,0,0,0,0,0,0,0,0,0,0,0,0
write,737,4096,5784833,877409,11041,701,4883609,0,351,9487,2235,5784833,0,36129,8,1757714,3122659,0,1212,0,0,0,0,0,0,0,0,0,0,0,0,0,0,0,0
write,738,4096,5738275,874934,8927,7254,4836350,0,361,8225,2224,5738275,0,36129,8,1737546,3095358,0,1483,0,0,0,0,0,0,0,0,0,0,0,0,0,0,0,0
write,739,4096,6092751,882458,9428,671,5188623,0,410,8817,2344,6092751,0,36129,8,1800905,3384562,0,1222,0,0,0,0,0,0,0,0,0,0,0,0,0,0,0,0
write,740,4096,6445505,880646,10069,691,5542918,0,381,8726,2074,6445505,0,36129,8,1854867,3684856,0,1242,0,0,0,0,0,0,0,0,0,0,0,0,0,0,0,0
write,741,4096,6691387,873902,9669,821,5795423,0,350,9188,2034,6691387,0,36129,8,1836712,3955515,0,1253,0,0,0,0,0,0,0,0,0,0,0,0,0,0,0,0
write,742,4096,5878589,874865,9017,661,4982976,0,380,8376,2314,5878589,0,36129,8,1747385,3232476,0,1222,0,0,0,0,0,0,0,0,0,0,0,0,0,0,0,0
write,743,4096,6015597,879433,9248,821,5114884,0,511,8696,2004,6015597,0,36129,8,1952009,3159278,0,1463,0,0,0,0,0,0,0,0,0,0,0,0,0,0,0,0
write,744,4096,5915979,879653,9638,862,5014375,0,390,8727,2334,5915979,0,36129,0,1793831,3216345,0,1633,0,0,0,0,0,0,0,0,0,0,0,0,0,0,0,0
write,745,4096,6089716,893008,9458,882,5174455,0,391,9228,2294,6089716,0,36129,0,1859365,3311494,0,1402,0,0,0,0,0,0,0,0,0,0,0,0,0,0,0,0
write,746,4096,5958810,883220,8776,852,5054730,0,521,8466,2245,5958810,0,36129,0,1843144,3207589,0,1733,0,0,0,0,0,0,0,0,0,0,0,0,0,0,0,0
write,747,4096,6213638,882298,8676,912,5311553,0,391,7514,2294,6213638,0,36129,8,1862380,3445065,0,1773,0,0,0,0,0,0,0,0,0,0,0,0,0,0,0,0
write,748,4096,6291545,875606,8706,862,5395471,0,391,8355,2154,6291545,0,36129,8,1839317,3552447,0,1352,0,0,0,0,0,0,0,0,0,0,0,0,0,0,0,0
write,749,4096,6313086,875125,9037,751,5416992,0,371,8526,2284,6313086,0,36129,8,1740101,3673745,0,1212,0,0,0,0,0,0,0,0,0,0,0,0,0,0,0,0
write,750,4096,6415338,875455,9148,741,5519324,0,360,8096,2214,6415338,0,36129,8,1865466,3650672,0,1312,0,0,0,0,0,0,0,0,0,0,0,0,0,0,0,0
write,751,4096,6099995,880485,9027,691,5197128,0,351,10520,1793,6099995,0,36129,8,1751883,3442140,0,1132,0,0,0,0,0,0,0,0,0,0,0,0,0,0,0,0
write,752,4096,6107609,876287,9117,671,5210814,0,351,7834,2535,6107609,0,36129,8,1843425,3364263,0,1242,0,0,0,0,0,0,0,0,0,0,0,0,0,0,0,0
write,753,4096,6222826,878832,9267,622,5323285,0,391,8175,2254,6222826,0,36129,8,1781148,3539042,0,1212,0,0,0,0,0,0,0,0,0,0,0,0,0,0,0,0
write,754,4096,6277749,876277,9077,652,5381614,0,331,7504,2294,6277749,0,36129,8,1750400,3628150,0,1202,0,0,0,0,0,0,0,0,0,0,0,0,0,0,0,0
write,755,4096,6292127,892819,9758,681,5378720,0,381,7444,2324,6292127,0,36129,8,1834027,3541497,0,1302,0,0,0,0,0,0,0,0,0,0,0,0,0,0,0,0
write,756,4096,5997021,875886,8907,621,5100567,0,370,8636,2034,5997021,0,36129,8,1755450,3341891,0,1313,0,0,0,0,0,0,0,0,0,0,0,0,0,0,0,0
write,757,4096,4392095,874824,8456,672,3497433,0,571,8166,1973,4392095,0,36129,8,1946438,1428384,0,2305,0,0,0,0,0,0,0,0,0,0,0,0,0,0,0,0
write,758,4096,4137196,882669,6973,651,3238227,0,240,6542,1894,4137196,0,36129,10,1808760,1426621,0,1212,0,0,0,0,0,0,0,0,0,0,0,0,0,0,0,0
write,759,4096,4085309,894131,6001,471,3176450,0,241,6151,1864,4085309,0,36129,10,1754087,1419779,0,972,0,0,0,0,0,0,0,0,0,0,0,0,0,0,0,0
write,760,4096,4147826,888460,6763,491,3244077,0,251,5981,1803,4147826,0,36129,10,1826263,1415420,0,922,0,0,0,0,0,0,0,0,0,0,0,0,0,0,0,0
write,761,4096,4076863,884272,6743,481,3177312,0,220,6071,1764,4076863,0,36129,10,1767542,1407445,0,863,0,0,0,0,0,0,0,0,0,0,0,0,0,0,0,0
write,762,4096,4276658,945167,7584,421,3315041,0,300,6222,1923,4276658,0,36129,10,1939295,1373662,0,721,0,0,0,0,0,0,0,0,0,0,0,0,0,0,0,0
write,763,4096,4362760,1061425,9017,832,3275556,0,581,13425,1924,4362760,0,36129,10,1798490,1473009,0,1843,0,0,0,0,0,0,0,0,0,0,0,0,0,0,0,0
write,764,4096,4195756,893149,8957,902,3280165,0,360,10150,2073,4195756,0,36129,0,1851790,1424037,0,1742,0,0,0,0,0,0,0,0,0,0,0,0,0,0,0,0
write,765,4096,4216335,883310,9789,711,3311875,0,401,7875,2374,4216335,0,36129,0,1876517,1432052,0,1292,0,0,0,0,0,0,0,0,0,0,0,0,0,0,0,0
write,766,4096,4865264,874684,9007,801,3969822,0,411,8235,2304,4865264,0,36129,0,2516640,1449504,0,1392,0,0,0,0,0,0,0,0,0,0,0,0,0,0,0,0
write,767,4096,4365986,880034,9017,702,3466615,0,531,7214,1873,4365986,0,36129,0,1871127,1591251,0,1784,0,0,0,0,0,0,0,0,0,0,0,0,0,0,0,0
write,768,4096,4276298,1056205,8857,821,3200937,0,270,7364,1844,4276298,0,36129,3,1766099,1431250,0,1484,0,0,0,0,0,0,0,0,0,0,0,0,0,0,0,0
write,769,4096,4205334,889272,6512,561,3298780,0,281,7814,2114,4205334,0,36129,3,1871768,1424146,0,1022,0,0,0,0,0,0,0,0,0,0,0,0,0,0,0,0
write,770,4096,4192079,895623,8236,861,3278202,0,511,6732,1914,4192079,0,36129,9,1817606,1456217,0,2134,0,0,0,0,0,0,0,0,0,0,0,0,0,0,0,0
write,771,4096,4155951,890323,7033,491,3249839,0,270,6232,1763,4155951,0,36129,9,1847042,1400632,0,822,0,0,0,0,0,0,0,0,0,0,0,0,0,0,0,0
write,772,4096,4127518,893429,6552,551,3218560,0,240,6412,1774,4127518,0,36129,9,1825962,1390464,0,800,0,0,0,0,0,0,0,0,0,0,0,0,0,0,0,0
write,773,4096,4068357,888601,6642,441,3163856,0,221,6702,1894,4068357,0,36129,9,1757774,1403968,0,823,0,0,0,0,0,0,0,0,0,0,0,0,0,0,0,0
write,774,4096,4351609,1059701,6763,441,3274054,0,230,8175,2245,4351609,0,36129,9,1864404,1407536,0,801,0,0,0,0,0,0,0,0,0,0,0,0,0,0,0,0
write,775,4096,4299742,1062598,6582,441,3221064,0,441,6502,2114,4299742,0,36129,9,1750279,1467589,0,1644,0,0,0,0,0,0,0,0,0,0,0,0,0,0,0,0
write,776,4096,4067445,885464,7184,631,3165319,0,371,6242,2234,4067445,0,36129,3,1725793,1435458,0,1754,0,0,0,0,0,0,0,0,0,0,0,0,0,0,0,0
write,777,4096,4150611,876998,7203,622,3257492,0,271,6111,1914,4150611,0,36129,3,1820402,1433995,0,1143,0,0,0,0,0,0,0,0,0,0,0,0,0,0,0,0
write,778,4096,4158857,883741,6873,571,3258585,0,351,6933,1803,4158857,0,36129,3,1845298,1410251,0,1091,0,0,0,0,0,0,0,0,0,0,0,0,0,0,0,0
write,779,4096,4363201,1053951,6984,611,3291426,0,281,7704,2244,4363201,0,36129,3,1847292,1441189,0,1072,0,0,0,0,0,0,0,0,0,0,0,0,0,0,0,0
write,780,4096,4268332,1059802,6502,621,3192851,0,281,6422,1853,4268332,0,36129,3,1739380,1450586,0,1030,0,0,0,0,0,0,0,0,0,0,0,0,0,0,0,0
write,781,4096,5184945,878070,6823,631,4289663,0,330,7104,2324,5184945,0,36129,3,1901525,2385083,0,1091,0,0,0,0,0,0,0,0,0,0,0,0,0,0,0,0
write,782,4096,5623930,961797,7003,662,4643497,0,311,8205,2455,5623930,0,36129,3,1746002,2894490,0,1093,0,0,0,0,0,0,0,0,0,0,0,0,0,0,0,0
write,783,4096,6081510,1065572,7524,602,4996811,0,401,7674,2926,6081510,0,36129,3,1859265,3134411,0,1342,0,0,0,0,0,0,0,0,0,0,0,0,0,0,0,0
write,784,4096,6155549,1033352,7314,591,5103803,0,370,7835,2284,6155549,0,36129,3,1787851,3312957,0,1172,0,0,0,0,0,0,0,0,0,0,0,0,0,0,0,0
write,785,4096,6270195,1022171,8356,711,5227476,0,440,8506,2535,6270195,0,36129,9,1835670,3387316,0,2235,0,0,0,0,0,0,0,0,0,0,0,0,0,0,0,0
write,786,4096,6064329,948874,7053,501,5095287,0,331,9067,3216,6064329,0,36129,9,1823738,3268824,0,1192,0,0,0,0,0,0,0,0,0,0,0,0,0,0,0,0
write,787,4096,5916831,895674,7344,420,5002022,0,491,8456,2424,5916831,0,36129,9,1755349,3240901,0,2576,0,0,0,0,0,0,0,0,0,0,0,0,0,0,0,0
write,788,4096,6249837,968210,7945,931,5263503,0,361,7023,1864,6249837,0,36129,3,1938463,3320641,0,1653,0,0,0,0,0,0,0,0,0,0,0,0,0,0,0,0
write,789,4096,6078104,885645,8776,471,5172712,0,341,7735,2424,6078104,0,36129,9,1760990,3408747,0,1352,0,0,0,0,0,0,0,0,0,0,0,0,0,0,0,0
write,790,4096,13777776,1088365,8737,701,12669032,0,331,7794,2816,13777776,0,36129,9,9765525,2899950,0,1443,0,0,0,0,0,0,0,0,0,0,0,0,0,0,0,0
write,791,4096,6092451,886576,6532,401,5189294,0,390,7304,1954,6092451,0,36129,9,1877539,3308348,0,1784,0,0,0,0,0,0,0,0,0,0,0,0,0,0,0,0
write,792,4096,6200795,933345,7664,661,5247644,0,320,8757,2404,6200795,0,36129,3,1985472,3257863,0,1472,0,0,0,0,0,0,0,0,0,0,0,0,0,0,0,0
write,793,4096,6122588,900072,8015,781,5202519,0,400,8496,2305,6122588,0,36129,9,1769876,3428844,0,1795,0,0,0,0,0,0,0,0,0,0,0,0,0,0,0,0
write,794,4096,25736332,1081071,6964,490,24636476,0,521,8095,2715,25736332,0,36129,9,21649110,2983878,0,1341,0,0,0,0,0,0,0,0,0,0,0,0,0,0,0,0
write,795,4096,5809499,884963,7504,662,4904678,0,271,8826,2595,5809499,0,36129,8,1832524,3068066,0,1925,0,0,0,0,0,0,0,0,0,0,0,0,0,0,0,0
write,796,4096,6195535,970274,7173,581,5204963,0,311,9598,2635,6195535,0,36129,8,2063408,3138770,0,1142,0,0,0,0,0,0,0,0,0,0,0,0,0,0,0,0
write,797,4096,5873249,944535,7093,511,4910209,0,291,8295,2315,5873249,0,36129,8,1835880,3071643,0,1121,0,0,0,0,0,0,0,0,0,0,0,0,0,0,0,0
write,798,4096,6040653,969251,6803,511,5054029,0,251,7945,1863,6040653,0,36129,8,1733168,3318337,0,1062,0,0,0,0,0,0,0,0,0,0,0,0,0,0,0,0
write,799,4096,5825559,878020,7144,511,4931178,0,361,6482,1863,5825559,0,36129,8,1867770,3060823,0,1093,0,0,0,0,0,0,0,0,0,0,0,0,0,0,0,0
write,800,4096,5752452,901394,7284,591,4831912,0,270,8747,2254,5752452,0,36129,8,1728309,3101038,0,1002,0,0,0,0,0,0,0,0,0,0,0,0,0,0,0,0
write,801,4096,6045102,1044303,6692,491,4983507,0,260,7594,2255,6045102,0,36129,8,1712449,3268753,0,891,0,0,0,0,0,0,0,0,0,0,0,0,0,0,0,0
write,802,4096,6192089,1034104,7194,531,5140181,0,270,7925,1884,6192089,0,36129,8,1771319,3366387,0,1011,0,0,0,0,0,0,0,0,0,0,0,0,0,0,0,0
write,803,4096,6133107,876838,6522,501,5240289,0,281,6843,1833,6133107,0,36129,8,1835630,3402285,0,923,0,0,0,0,0,0,0,0,0,0,0,0,0,0,0,0
write,804,4096,6292296,889562,7564,501,5384150,0,240,7995,2284,6292296,0,36129,8,1819930,3562005,0,853,0,0,0,0,0,0,0,0,0,0,0,0,0,0,0,0
write,805,4096,6140021,1101781,6833,461,5020987,0,260,7414,2285,6140021,0,36129,8,1737766,3280786,0,963,0,0,0,0,0,0,0,0,0,0,0,0,0,0,0,0
write,806,4096,6087993,1092233,6863,441,4977736,0,280,7775,2665,6087993,0,36129,8,1882629,3092652,0,1012,0,0,0,0,0,0,0,0,0,0,0,0,0,0,0,0
write,807,4096,5972396,1090981,6863,481,4861747,0,441,9648,2235,5972396,0,36129,8,1759627,3099756,0,972,0,0,0,0,0,0,0,0,0,0,0,0,0,0,0,0
write,808,4096,6705524,910061,6732,501,5777630,0,290,8035,2275,6705524,0,36129,8,1843144,3932100,0,971,0,0,0,0,0,0,0,0,0,0,0,0,0,0,0,0
write,809,4096,6004416,951499,7414,531,5034442,0,281,7995,2254,6004416,0,36129,8,1796286,3235632,0,1012,0,0,0,0,0,0,0,0,0,0,0,0,0,0,0,0
write,810,4096,6219099,949054,6993,501,5252792,0,261,7274,2224,6219099,0,36129,8,1839878,3410260,0,1052,0,0,0,0,0,0,0,0,0,0,0,0,0,0,0,0
write,811,4096,6297997,1104346,6953,481,5175767,0,271,7945,2234,6297997,0,36129,8,1831072,3342322,0,911,0,0,0,0,0,0,0,0,0,0,0,0,0,0,0,0
write,812,4096,6380372,1075461,8667,1002,5285183,0,331,7915,1813,6380372,0,36129,8,1752463,3527941,0,1553,0,0,0,0,0,0,0,0,0,0,0,0,0,0,0,0
write,813,4096,5813487,884723,7424,511,4908986,0,291,9317,2235,5813487,0,36129,8,1931580,2974972,0,1033,0,0,0,0,0,0,0,0,0,0,0,0,0,0,0,0
write,814,4096,5733246,1033383,7023,481,4681449,0,260,8366,2284,5733246,0,36129,8,1740291,2938793,0,953,0,0,0,0,0,0,0,0,0,0,0,0,0,0,0,0
write,815,4096,6340347,1085400,7955,711,5234960,0,270,8256,2795,6340347,0,36129,8,1969392,3261841,0,1733,0,0,0,0,0,0,0,0,0,0,0,0,0,0,0,0
write,816,4096,5928984,1030648,7203,541,4879141,0,320,8877,2254,5928984,0,36129,8,1790124,3086421,0,1162,0,0,0,0,0,0,0,0,0,0,0,0,0,0,0,0
write,817,4096,6175417,1022302,6682,471,5133849,0,271,9618,2224,6175417,0,36129,8,1747715,3383670,0,932,0,0,0,0,0,0,0,0,0,0,0,0,0,0,0,0
write,818,4096,5914948,1004729,6832,421,4893688,0,261,6862,2155,5914948,0,36129,8,1837233,3053950,0,1012,0,0,0,0,0,0,0,0,0,0,0,0,0,0,0,0
write,819,4096,5994487,895373,8686,752,5077854,0,411,9097,2314,5994487,0,36129,8,1758626,3315712,0,1362,0,0,0,0,0,0,0,0,0,0,0,0,0,0,0,0
write,820,4096,6241511,1029505,10189,1333,5189434,0,440,8376,2234,6241511,0,36129,9,1951208,3232987,0,2294,0,0,0,0,0,0,0,0,0,0,0,0,0,0,0,0
write,821,4096,6047747,962229,6842,672,5069027,0,301,6692,1984,6047747,0,36129,8,1749569,3316673,0,1102,0,0,0,0,0,0,0,0,0,0,0,0,0,0,0,0
write,822,4096,6387726,880375,7233,491,5491031,0,250,6413,1933,6387726,0,36129,8,1846450,3641915,0,1051,0,0,0,0,0,0,0,0,0,0,0,0,0,0,0,0
write,823,4096,6380903,1082785,6682,511,5281978,0,241,6782,1924,6380903,0,36129,8,1817827,3461737,0,1041,0,0,0,0,0,0,0,0,0,0,0,0,0,0,0,0
write,824,4096,6005818,885915,6692,461,5101559,0,400,8476,2315,6005818,0,36129,8,1734260,3364253,0,1132,0,0,0,0,0,0,0,0,0,0,0,0,0,0,0,0
write,825,4096,6617999,1004999,7124,641,5594645,0,231,8095,2264,6617999,0,36129,8,1834858,3756922,0,1192,0,0,0,0,0,0,0,0,0,0,0,0,0,0,0,0
write,826,4096,6521447,1083597,7193,441,5418704,0,221,9057,2234,6521447,0,36129,8,1788622,3627718,0,933,0,0,0,0,0,0,0,0,0,0,0,0,0,0,0,0
write,827,4096,6501830,990652,6722,421,5494086,0,271,7454,2224,6501830,0,36129,8,1868763,3622950,0,922,0,0,0,0,0,0,0,0,0,0,0,0,0,0,0,0
write,828,4096,6810831,1087774,6773,481,5703971,0,290,9298,2244,6810831,0,36129,8,1749118,3952429,0,1013,0,0,0,0,0,0,0,0,0,0,0,0,0,0,0,0
write,829,4096,6360825,936590,6743,461,5408505,0,331,6332,1863,6360825,0,36129,8,1785075,3620986,0,931,0,0,0,0,0,0,0,0,0,0,0,0,0,0,0,0
write,830,4096,6237433,881507,6832,511,5337733,0,240,8416,2194,6237433,0,36129,8,1786157,3549191,0,952,0,0,0,0,0,0,0,0,0,0,0,0,0,0,0,0
write,831,4096,5942439,1013635,7554,491,4910149,0,331,7824,2455,5942439,0,36129,8,1753696,3152055,0,1733,0,0,0,0,0,0,0,0,0,0,0,0,0,0,0,0
write,832,4096,6244667,882168,7724,601,5343664,0,561,7714,2235,6244667,0,36129,8,1873722,3465513,0,1944,0,0,0,0,0,0,0,0,0,0,0,0,0,0,0,0
write,833,4096,6215252,990552,7464,711,5206406,0,321,7614,2184,6215252,0,36129,0,1765979,3436960,0,1374,0,0,0,0,0,0,0,0,0,0,0,0,0,0,0,0
write,834,4096,6069798,953001,6522,601,5099124,0,321,8025,2204,6069798,0,36129,0,1886085,3210133,0,1052,0,0,0,0,0,0,0,0,0,0,0,0,0,0,0,0
write,835,4096,5919025,937722,7184,631,4964772,0,350,6563,1803,5919025,0,36129,0,1800404,3161603,0,1012,0,0,0,0,0,0,0,0,0,0,0,0,0,0,0,0
write,836,4096,6368539,903698,7224,641,5444934,0,360,9168,2514,6368539,0,36129,0,1844968,3596280,0,1443,0,0,0,0,0,0,0,0,0,0,0,0,0,0,0,0
write,837,4096,6172542,1082194,7194,661,5073476,0,370,6863,1784,6172542,0,36129,0,1840740,3229660,0,1163,0,0,0,0,0,0,0,0,0,0,0,0,0,0,0,0
write,838,4096,5745880,881497,6462,621,4847010,0,271,7815,2204,5745880,0,36129,0,1748035,3096059,0,1061,0,0,0,0,0,0,0,0,0,0,0,0,0,0,0,0
write,839,4096,6190325,1105168,6562,591,5068486,0,361,7344,1813,6190325,0,36129,0,1826022,3239449,0,1162,0,0,0,0,0,0,0,0,0,0,0,0,0,0,0,0
write,840,4096,5847831,888289,7044,631,4941167,0,321,8145,2234,5847831,0,36129,0,1751582,3186679,0,1103,0,0,0,0,0,0,0,0,0,0,0,0,0,0,0,0
write,841,4096,6395160,1101350,6362,561,5275846,0,351,8415,2275,6395160,0,36129,0,1871277,3401623,0,1073,0,0,0,0,0,0,0,0,0,0,0,0,0,0,0,0
write,842,4096,6280805,1033172,6923,691,5229519,0,331,7975,2194,6280805,0,36129,0,1809090,3417313,0,1103,0,0,0,0,0,0,0,0,0,0,0,0,0,0,0,0
write,843,4096,6159898,971947,6883,601,5171560,0,320,6773,1814,6159898,0,36129,0,1869804,3298780,0,1033,0,0,0,0,0,0,0,0,0,0,0,0,0,0,0,0
write,844,4096,6152584,878441,6733,5220,5251089,0,331,8516,2254,6152584,0,36129,0,1843625,3404670,0,1041,0,0,0,0,0,0,0,0,0,0,0,0,0,0,0,0
write,845,4096,6038449,905812,6733,591,5114904,0,300,8206,1903,6038449,0,36129,0,1751552,3360285,0,1112,0,0,0,0,0,0,0,0,0,0,0,0,0,0,0,0
write,846,4096,6531015,1077235,6832,612,5435275,0,702,8486,1873,6531015,0,36129,0,1885674,3545884,0,1213,0,0,0,0,0,0,0,0,0,0,0,0,0,0,0,0
write,847,4096,6416309,889401,6943,661,5510307,0,311,6672,2014,6416309,0,36129,0,1753035,3754106,0,1121,0,0,0,0,0,0,0,0,0,0,0,0,0,0,0,0
write,848,4096,6408134,1062928,6782,581,5327043,0,320,8256,2224,6408134,0,36129,0,1733568,3590649,0,1023,0,0,0,0,0,0,0,0,0,0,0,0,0,0,0,0
write,849,4096,6785674,1035005,6793,631,5733787,0,280,6753,2425,6785674,0,36129,0,1791507,3939424,0,1032,0,0,0,0,0,0,0,0,0,0,0,0,0,0,0,0
write,850,4096,6805251,1081353,6552,571,5707147,0,351,6993,2284,6805251,0,36129,0,1855187,3849024,0,1031,0,0,0,0,0,0,0,0,0,0,0,0,0,0,0,0
write,851,4096,6686758,892287,6983,551,5777900,0,260,6933,1844,6686758,0,36129,0,1834478,3940376,0,1083,0,0,0,0,0,0,0,0,0,0,0,0,0,0,0,0
write,852,4096,6444794,880515,6653,641,5547286,0,271,7203,2225,6444794,0,36129,0,1738067,3806184,0,1073,0,0,0,0,0,0,0,0,0,0,0,0,0,0,0,0
write,853,4096,6964640,1099657,6773,601,5848462,0,321,6923,1903,6964640,0,36129,0,1883170,3962407,0,1043,0,0,0,0,0,0,0,0,0,0,0,0,0,0,0,0
write,854,4096,6607209,889201,6723,641,5699212,0,301,8926,2205,6607209,0,36129,0,1765989,3930387,0,1062,0,0,0,0,0,0,0,0,0,0,0,0,0,0,0,0
write,855,4096,6255778,980753,7084,641,5257412,0,370,7564,1954,6255778,0,36129,0,1845990,3408457,0,1072,0,0,0,0,0,0,0,0,0,0,0,0,0,0,0,0
write,856,4096,5970271,882047,6753,561,5071061,0,281,7805,1763,5970271,0,36129,0,1798660,3269495,0,1052,0,0,0,0,0,0,0,0,0,0,0,0,0,0,0,0
write,857,4096,6374712,882840,6482,571,5474129,0,310,8156,2224,6374712,0,36129,0,1836492,3634522,0,1091,0,0,0,0,0,0,0,0,0,0,0,0,0,0,0,0
write,858,4096,5957888,884943,6502,641,5054721,0,331,8856,1894,5957888,0,36129,0,1833826,3217938,0,1052,0,0,0,0,0,0,0,0,0,0,0,0,0,0,0,0
write,859,4096,6094164,887688,6993,651,5187130,0,341,9137,2224,6094164,0,36129,0,1758565,3425288,0,1284,0,0,0,0,0,0,0,0,0,0,0,0,0,0,0,0
write,860,4096,6590817,1079969,6793,621,5487825,0,341,12263,3005,6590817,0,36129,0,1943322,3541617,0,1052,0,0,0,0,0,0,0,0,0,0,0,0,0,0,0,0
write,861,4096,6465973,1024516,20077,1603,5402605,0,721,11782,4669,6465973,0,36129,9,1771219,3622208,0,3687,0,0,0,0,0,0,0,0,0,0,0,0,0,0,0,0
write,862,4096,6104604,1096281,8075,1052,4990109,0,321,6893,1873,6104604,0,36129,0,1864715,3120435,0,1904,0,0,0,0,0,0,0,0,0,0,0,0,0,0,0,0
write,863,4096,5995238,881156,6943,621,5090017,0,621,10931,4949,5995238,0,36129,0,1805303,3280025,0,1813,0,0,0,0,0,0,0,0,0,0,0,0,0,0,0,0
write,864,4096,6188532,1044203,9007,941,5125153,0,341,7003,1884,6188532,0,36129,0,1792048,3327584,0,2525,0,0,0,0,0,0,0,0,0,0,0,0,0,0,0,0
write,865,4096,5901392,878271,6823,581,5004426,0,331,8736,2224,5901392,0,36129,0,1835179,3166431,0,1033,0,0,0,0,0,0,0,0,0,0,0,0,0,0,0,0
write,866,4096,6323936,1060914,6642,682,5247252,0,341,6332,1773,6323936,0,36129,0,1748767,3495540,0,1042,0,0,0,0,0,0,0,0,0,0,0,0,0,0,0,0
write,867,4096,6059068,881647,6582,631,5159999,0,310,8105,1794,6059068,0,36129,0,1928645,3228568,0,1051,0,0,0,0,0,0,0,0,0,0,0,0,0,0,0,0
write,868,4096,6127567,882830,6722,571,5226714,0,311,8225,2194,6127567,0,36129,0,1768624,3455234,0,1043,0,0,0,0,0,0,0,0,0,0,0,0,0,0,0,0
write,869,4096,6290523,942431,6432,572,5331781,0,371,7163,1773,6290523,0,36129,0,1840419,3488517,0,1013,0,0,0,0,0,0,0,0,0,0,0,0,0,0,0,0
write,870,4096,6285864,897206,6643,591,5371596,0,270,7374,2184,6285864,0,36129,0,1799332,3569429,0,992,0,0,0,0,0,0,0,0,0,0,0,0,0,0,0,0
write,871,4096,6674475,1042099,7774,561,5613050,0,291,8386,2314,6674475,0,36129,0,1749007,3861198,0,1041,0,0,0,0,0,0,0,0,0,0,0,0,0,0,0,0
write,872,4096,6449682,910511,6693,601,5523131,0,320,6593,1833,6449682,0,36129,0,1839467,3680638,0,1092,0,0,0,0,0,0,0,0,0,0,0,0,0,0,0,0
write,873,4096,6304579,878912,6903,521,5407573,0,311,8105,2254,6304579,0,36129,0,1765047,3639742,0,1032,0,0,0,0,0,0,0,0,0,0,0,0,0,0,0,0
write,874,4096,6730540,954695,6532,611,5759285,0,290,7294,1833,6730540,0,36129,0,1890173,3866157,0,1122,0,0,0,0,0,0,0,0,0,0,0,0,0,0,0,0
write,875,4096,7044641,882438,6733,531,6143657,0,351,8716,2215,7044641,0,36129,0,1743237,4397365,0,1202,0,0,0,0,0,0,0,0,0,0,0,0,0,0,0,0
write,876,4096,7096068,1013155,7033,621,6065821,0,351,7223,1864,7096068,0,36129,0,1846059,4216626,0,1201,0,0,0,0,0,0,0,0,0,0,0,0,0,0,0,0
write,877,4096,7032708,888641,7464,741,6124181,0,350,9057,2274,7032708,0,36129,0,1799352,4321833,0,1192,0,0,0,0,0,0,0,0,0,0,0,0,0,0,0,0
write,878,4096,7179855,976425,6903,602,6186267,0,391,7374,1893,7179855,0,36129,0,1739239,4443933,0,1243,0,0,0,0,0,0,0,0,0,0,0,0,0,0,0,0
write,879,4096,6758242,887538,6993,592,5851097,0,371,8946,2705,6758242,0,36129,0,1850308,3996942,0,1393,0,0,0,0,0,0,0,0,0,0,0,0,0,0,0,0
write,880,4096,6229428,999549,6943,641,5211415,0,351,8295,2234,6229428,0,36129,0,1781148,3426901,0,1252,0,0,0,0,0,0,0,0,0,0,0,0,0,0,0,0
write,881,4096,6824828,965074,6622,602,5838193,0,380,12033,1924,6824828,0,36129,0,1878531,3956677,0,1103,0,0,0,0,0,0,0,0,0,0,0,0,0,0,0,0
write,882,4096,6377307,887749,7314,591,5472646,0,370,6643,1994,6377307,0,36129,0,1814080,3655491,0,1213,0,0,0,0,0,0,0,0,0,0,0,0,0,0,0,0
write,883,4096,4768954,1053180,7133,581,3698622,0,411,6662,2365,4768954,0,36129,0,1924778,1656633,0,1632,0,0,0,0,0,0,0,0,0,0,0,0,0,0,0,0
write,884,4096,13006116,881497,11041,1032,12100062,0,591,7965,3928,13006116,0,36129,1,10331769,1762723,0,2486,0,0,0,0,0,0,0,0,0,0,0,0,0,0,0,0
write,885,4096,4680818,896455,7184,561,3758204,0,541,14968,2905,4680818,0,36129,1,2064771,1689575,0,2084,0,0,0,0,0,0,0,0,0,0,0,0,0,0,0,0
write,886,4096,4811584,1214072,8035,732,3575861,0,290,9919,2675,4811584,0,36129,3,1913867,1658507,0,1433,0,0,0,0,0,0,0,0,0,0,0,0,0,0,0,0
write,887,4096,4945505,1418646,7464,511,3505859,0,251,10009,2765,4945505,0,36129,3,1842714,1660381,0,1031,0,0,0,0,0,0,0,0,0,0,0,0,0,0,0,0
write,888,4096,4884911,1424077,7293,521,3440617,0,311,9197,2895,4884911,0,36129,3,1796647,1641315,0,991,0,0,0,0,0,0,0,0,0,0,0,0,0,0,0,0
write,889,4096,4847131,1418056,7093,501,3409458,0,280,9078,2665,4847131,0,36129,3,1774846,1631967,0,972,0,0,0,0,0,0,0,0,0,0,0,0,0,0,0,0
write,890,4096,4602390,1016230,7303,511,3566964,0,331,8336,2715,4602390,0,36129,3,1906814,1657235,0,1171,0,0,0,0,0,0,0,0,0,0,0,0,0,0,0,0
write,891,4096,5044512,1436961,7384,531,3588004,0,591,8716,2325,5044512,0,36129,3,1822686,1761201,0,1363,0,0,0,0,0,0,0,0,0,0,0,0,0,0,0,0
write,892,4096,4586681,892969,8927,871,3671681,0,391,9438,2404,4586681,0,36129,0,1990320,1677433,0,1573,0,0,0,0,0,0,0,0,0,0,0,0,0,0,0,0
write,893,4096,4405861,888079,9448,802,3496010,0,411,8787,2324,4405861,0,36129,0,1838706,1653518,0,1513,0,0,0,0,0,0,0,0,0,0,0,0,0,0,0,0
write,894,4096,4817404,891686,8887,861,3905140,0,401,8376,2053,4817404,0,36129,0,1874724,2026579,0,1563,0,0,0,0,0,0,0,0,0,0,0,0,0,0,0,0
write,895,4096,4446468,875526,8035,631,3553640,0,340,6372,1924,4446468,0,36129,3,1903788,1646044,0,1373,0,0,0,0,0,0,0,0,0,0,0,0,0,0,0,0
write,896,4096,4335178,883842,7243,621,3433654,0,311,7363,2144,4335178,0,36129,3,1783011,1647727,0,1182,0,0,0,0,0,0,0,0,0,0,0,0,0,0,0,0
write,897,4096,5536506,887638,7805,942,4629341,0,491,7875,2414,5536506,0,36129,9,2956697,1666993,0,2586,0,0,0,0,0,0,0,0,0,0,0,0,0,0,0,0
write,898,4096,4509676,1005771,6812,501,3483778,0,281,10259,2274,4509676,0,36129,9,1770097,1710966,0,1171,0,0,0,0,0,0,0,0,0,0,0,0,0,0,0,0
write,899,4096,4628059,914849,8326,681,3690286,0,632,8576,4709,4628059,0,36129,9,2006051,1678265,0,2173,0,0,0,0,0,0,0,0,0,0,0,0,0,0,0,0
write,900,4096,4431439,899100,7634,1062,3514686,0,230,6833,1894,4431439,0,36129,3,1866028,1643609,0,1873,0,0,0,0,0,0,0,0,0,0,0,0,0,0,0,0
write,901,4096,4640823,1092514,7594,561,3530415,0,281,7404,2054,4640823,0,36129,3,1879923,1647397,0,1212,0,0,0,0,0,0,0,0,0,0,0,0,0,0,0,0
write,902,4096,4446397,889572,7554,1172,3538571,0,431,7153,1944,4446397,0,36129,9,1823888,1709644,0,2393,0,0,0,0,0,0,0,0,0,0,0,0,0,0,0,0
write,903,4096,4288931,881015,6793,491,3392436,0,291,5871,2034,4288931,0,36129,9,1742656,1647316,0,982,0,0,0,0,0,0,0,0,0,0,0,0,0,0,0,0
write,904,4096,4431779,870947,7093,561,3543270,0,260,7625,2023,4431779,0,36129,3,1865856,1674527,0,1171,0,0,0,0,0,0,0,0,0,0,0,0,0,0,0,0
write,905,4096,4388368,888400,5811,922,3484459,0,381,6422,1973,4388368,0,36129,3,1789132,1691419,0,1783,0,0,0,0,0,0,0,0,0,0,0,0,0,0,0,0
write,906,4096,4380343,882218,6953,491,3481253,0,381,6983,2064,4380343,0,36129,3,1774906,1703021,0,1442,0,0,0,0,0,0,0,0,0,0,0,0,0,0,0,0
write,907,4096,5423884,879402,6833,622,4527389,0,270,7274,2094,5423884,0,36129,9,1828147,2696448,0,1182,0,0,0,0,0,0,0,0,0,0,0,0,0,0,0,0
write,908,4096,6328274,1096070,7705,450,5209973,0,330,11321,2425,6328274,0,36129,9,1857762,3349526,0,1131,0,0,0,0,0,0,0,0,0,0,0,0,0,0,0,0
write,909,4096,6107219,1052559,7594,651,5036627,0,280,7053,2455,6107219,0,36129,9,1884522,3149299,0,1122,0,0,0,0,0,0,0,0,0,0,0,0,0,0,0,0
write,910,4096,6107840,887698,6452,461,5203360,0,381,7464,2024,6107840,0,36129,9,1777441,3423124,0,1142,0,0,0,0,0,0,0,0,0,0,0,0,0,0,0,0
write,911,4096,6373269,881477,6943,681,5473518,0,371,8155,2124,6373269,0,36129,9,1969812,3500490,0,1212,0,0,0,0,0,0,0,0,0,0,0,0,0,0,0,0
write,912,4096,5869101,882108,7494,621,4968328,0,241,7855,2454,5869101,0,36129,9,1783652,3181791,0,1202,0,0,0,0,0,0,0,0,0,0,0,0,0,0,0,0
write,913,4096,6074417,1003266,7564,401,5053368,0,260,7033,2525,6074417,0,36129,9,1884733,3166060,0,1123,0,0,0,0,0,0,0,0,0,0,0,0,0,0,0,0
write,914,4096,5913064,940067,7814,431,4955494,0,271,6853,2134,5913064,0,36129,9,1805133,3147847,0,1041,0,0,0,0,0,0,0,0,0,0,0,0,0,0,0,0
write,915,4096,6197568,900282,6903,460,5279914,0,251,7384,2374,6197568,0,36129,9,1866669,3410741,0,961,0,0,0,0,0,0,0,0,0,0,0,0,0,0,0,0
write,916,4096,6671319,925860,6813,491,5729789,0,281,6191,1894,6671319,0,36129,9,1871497,3855737,0,1013,0,0,0,0,0,0,0,0,0,0,0,0,0,0,0,0
write,917,4096,6510486,880444,7094,491,5610264,0,321,9357,2515,6510486,0,36129,9,1768374,3839316,0,1013,0,0,0,0,0,0,0,0,0,0,0,0,0,0,0,0
write,918,4096,26102271,1081202,7675,461,25001491,0,531,7674,3237,26102271,0,36129,9,21448583,3549061,0,1344,0,0,0,0,0,0,0,0,0,0,0,0,0,0,0,0
write,919,4096,6657423,1089939,7664,752,5548398,0,311,8155,2204,6657423,0,36129,8,1829979,3714331,0,1935,0,0,0,0,0,0,0,0,0,0,0,0,0,0,0,0
write,920,4096,6795823,880846,7484,641,5896433,0,320,7905,2194,6795823,0,36129,8,2155170,3738247,0,1121,0,0,0,0,0,0,0,0,0,0,0,0,0,0,0,0
write,921,4096,6177130,1003426,7594,571,5156082,0,290,7304,1863,6177130,0,36129,8,1762262,3390914,0,1113,0,0,0,0,0,0,0,0,0,0,0,0,0,0,0,0
write,922,4096,6167702,881878,7043,541,5269364,0,411,6682,1783,6167702,0,36129,8,1879072,3387417,0,1082,0,0,0,0,0,0,0,0,0,0,0,0,0,0,0,0
write,923,4096,6361307,868493,7714,1022,5473949,0,390,7504,2235,6361307,0,36129,8,1871758,3598354,0,1261,0,0,0,0,0,0,0,0,0,0,0,0,0,0,0,0
write,924,4096,6756889,1070271,6963,511,5667994,0,290,8586,2274,6756889,0,36129,8,1768234,3897105,0,1042,0,0,0,0,0,0,0,0,0,0,0,0,0,0,0,0
write,925,4096,6374812,1097874,6943,531,5259615,0,491,6743,2615,6374812,0,36129,8,1917253,3339056,0,1313,0,0,0,0,0,0,0,0,0,0,0,0,0,0,0,0
write,926,4096,5736211,885274,7313,652,4833344,0,331,7314,1983,5736211,0,36129,3,1810022,3019656,0,1604,0,0,0,0,0,0,0,0,0,0,0,0,0,0,0,0
write,927,4096,6021798,1029815,10089,972,4968028,0,400,9899,2595,6021798,0,36129,8,1901013,3063007,0,1694,0,0,0,0,0,0,0,0,0,0,0,0,0,0,0,0
write,928,4096,6201095,1099697,7323,541,5082804,0,300,8336,2094,6201095,0,36129,8,1814681,3265197,0,1192,0,0,0,0,0,0,0,0,0,0,0,0,0,0,0,0
write,929,4096,6113360,881617,8406,661,5210884,0,310,9047,2435,6113360,0,36129,8,1909239,3298430,0,1263,0,0,0,0,0,0,0,0,0,0,0,0,0,0,0,0
write,930,4096,6462276,1049412,7384,581,5394159,0,280,8185,2275,6462276,0,36129,8,1829077,3562346,0,1021,0,0,0,0,0,0,0,0,0,0,0,0,0,0,0,0
write,931,4096,6391573,957239,7023,531,5414176,0,321,9758,2525,6391573,0,36129,8,1767952,3643508,0,1091,0,0,0,0,0,0,0,0,0,0,0,0,0,0,0,0
write,932,4096,6390030,883400,6963,642,5488004,0,331,8466,2224,6390030,0,36129,8,1952029,3533301,0,983,0,0,0,0,0,0,0,0,0,0,0,0,0,0,0,0
write,933,4096,5879430,996082,6763,531,4867608,0,271,6392,1783,5879430,0,36129,8,1779364,3085530,0,1021,0,0,0,0,0,0,0,0,0,0,0,0,0,0,0,0
write,934,4096,5996190,885905,7083,561,5092091,0,331,7965,2254,5996190,0,36129,8,1864294,3224911,0,1102,0,0,0,0,0,0,0,0,0,0,0,0,0,0,0,0
write,935,4096,6359563,1030627,6843,541,5311703,0,331,7253,2265,6359563,0,36129,8,1832795,3476274,0,1072,0,0,0,0,0,0,0,0,0,0,0,0,0,0,0,0
write,936,4096,6041375,870115,6933,551,5154639,0,280,6923,1934,6041375,0,36129,8,1851750,3300043,0,1132,0,0,0,0,0,0,0,0,0,0,0,0,0,0,0,0
write,937,4096,5871656,879082,12143,581,4969610,0,301,7684,2255,5871656,0,36129,8,1819210,3147445,0,1221,0,0,0,0,0,0,0,0,0,0,0,0,0,0,0,0
write,938,4096,5763753,988218,6973,541,4759275,0,291,6632,1823,5763753,0,36129,8,1734330,3022320,0,1043,0,0,0,0,0,0,0,0,0,0,0,0,0,0,0,0
write,939,4096,6066653,873432,6762,541,5176300,0,260,7584,1774,6066653,0,36129,8,1937992,3235532,0,1062,0,0,0,0,0,0,0,0,0,0,0,0,0,0,0,0
write,940,4096,6432991,888190,6842,541,5529012,0,281,6362,1763,6432991,0,36129,8,1775717,3750700,0,1011,0,0,0,0,0,0,0,0,0,0,0,0,0,0,0,0
write,941,4096,6316292,899891,7885,1172,5396273,0,421,8445,2205,6316292,0,36129,8,1873210,3518323,0,1892,0,0,0,0,0,0,0,0,0,0,0,0,0,0,0,0
write,942,4096,6358381,1070693,6773,551,5271417,0,311,5530,3106,6358381,0,36129,8,1830200,3438623,0,942,0,0,0,0,0,0,0,0,0,0,0,0,0,0,0,0
write,943,4096,6274203,1007825,6883,531,5249716,0,261,7143,1844,6274203,0,36129,8,1787039,3459983,0,1023,0,0,0,0,0,0,0,0,0,0,0,0,0,0,0,0
write,944,4096,6434293,880485,6762,501,5536616,0,291,7414,2224,6434293,0,36129,8,1864905,3669026,0,1082,0,0,0,0,0,0,0,0,0,0,0,0,0,0,0,0
write,945,4096,6716143,1069560,6863,1182,5628189,0,360,7745,2244,6716143,0,36129,8,1805022,3819619,0,1243,0,0,0,0,0,0,0,0,0,0,0,0,0,0,0,0
write,946,4096,6595115,1094166,6913,561,5481944,0,330,8947,2254,6595115,0,36129,8,1867029,3612229,0,1031,0,0,0,0,0,0,0,0,0,0,0,0,0,0,0,0
write,947,4096,6465723,1013585,7334,561,5434424,0,321,7424,2074,6465723,0,36129,8,1777060,3654478,0,1171,0,0,0,0,0,0,0,0,0,0,0,0,0,0,0,0
write,948,4096,6508633,878882,6953,571,5611547,0,280,8085,2315,6508633,0,36129,8,1868512,3740310,0,1033,0,0,0,0,0,0,0,0,0,0,0,0,0,0,0,0
write,949,4096,6670939,1023855,6723,521,5628849,0,351,8416,2224,6670939,0,36129,8,1849095,3776999,0,1073,0,0,0,0,0,0,0,0,0,0,0,0,0,0,0,0
write,950,4096,5873870,1087073,6853,511,4768983,0,381,7854,2215,5873870,0,36129,8,1738608,3027070,0,1203,0,0,0,0,0,0,0,0,0,0,0,0,0,0,0,0
write,951,4096,6232855,1098746,7123,801,5115004,0,271,8636,2274,6232855,0,36129,8,1873391,3238487,0,1283,0,0,0,0,0,0,0,0,0,0,0,0,0,0,0,0
write,952,4096,5731463,881247,7243,631,4831581,0,281,8266,2214,5731463,0,36129,8,1794733,3034083,0,1082,0,0,0,0,0,0,0,0,0,0,0,0,0,0,0,0
write,953,4096,6091730,924789,8115,862,5147314,0,251,8115,2284,6091730,0,36129,8,1902837,3241332,0,1262,0,0,0,0,0,0,0,0,0,0,0,0,0,0,0,0
write,954,4096,6320109,1119624,7033,471,5182992,0,260,7515,2214,6320109,0,36129,8,1785106,3395412,0,951,0,0,0,0,0,0,0,0,0,0,0,0,0,0,0,0
write,955,4096,6052416,1055765,7604,741,4977867,0,420,8186,1833,6052416,0,36129,8,1795885,3178374,0,1293,0,0,0,0,0,0,0,0,0,0,0,0,0,0,0,0
write,956,4096,6117278,893219,6983,531,5206566,0,330,7454,2195,6117278,0,36129,8,1853544,3350137,0,1373,0,0,0,0,0,0,0,0,0,0,0,0,0,0,0,0
write,957,4096,6073555,872550,7033,531,5182811,0,281,7764,2585,6073555,0,36129,8,1770117,3410029,0,1082,0,0,0,0,0,0,0,0,0,0,0,0,0,0,0,0
write,958,4096,6169025,887899,7053,541,5262662,0,310,8266,2294,6169025,0,36129,8,1963410,3296205,0,1262,0,0,0,0,0,0,0,0,0,0,0,0,0,0,0,0
write,959,4096,6383578,1005981,7604,651,5354033,0,892,9508,4909,6383578,0,36129,8,1750309,3598744,0,2163,0,0,0,0,0,0,0,0,0,0,0,0,0,0,0,0
write,960,4096,6796584,908928,8015,922,5867889,0,480,7595,2755,6796584,0,36129,8,2022331,3839527,0,2434,0,0,0,0,0,0,0,0,0,0,0,0,0,0,0,0
write,961,4096,6036116,951228,6843,611,5066944,0,300,7905,2285,6036116,0,36129,8,1837574,3226224,0,1333,0,0,0,0,0,0,0,0,0,0,0,0,0,0,0,0
write,962,4096,6094976,945006,6793,571,5118891,0,351,21190,2174,6094976,0,36129,8,1872590,3243286,0,1172,0,0,0,0,0,0,0,0,0,0,0,0,0,0,0,0
write,963,4096,7803076,897166,11432,1182,6881814,0,642,8526,2314,7803076,0,36129,3,1877258,4998184,0,3287,0,0,0,0,0,0,0,0,0,0,0,0,0,0,0,0
write,964,4096,6450223,980573,8165,691,5446137,0,771,10289,3597,6450223,0,36129,3,1768654,3672552,0,2165,0,0,0,0,0,0,0,0,0,0,0,0,0,0,0,0
write,965,4096,6088053,885805,10370,871,5178894,0,381,9648,2084,6088053,0,36129,0,1895814,3278863,0,1493,0,0,0,0,0,0,0,0,0,0,0,0,0,0,0,0
write,966,4096,6187119,885764,10009,772,5280244,0,411,7604,2315,6187119,0,36129,0,1755820,3520918,0,1362,0,0,0,0,0,0,0,0,0,0,0,0,0,0,0,0
write,967,4096,5943200,880254,9197,782,5041165,0,411,9097,2294,5943200,0,36129,0,1707689,3329848,0,1323,0,0,0,0,0,0,0,0,0,0,0,0,0,0,0,0
write,968,4096,6403205,871849,9498,771,5510527,0,351,8015,2194,6403205,0,36129,0,1802158,3704843,0,1323,0,0,0,0,0,0,0,0,0,0,0,0,0,0,0,0
write,969,4096,6447338,876948,9428,812,5546334,0,381,10860,2575,6447338,0,36129,0,1860087,3682992,0,1283,0,0,0,0,0,0,0,0,0,0,0,0,0,0,0,0
write,970,4096,6397624,890744,9578,732,5484227,0,712,7924,3707,6397624,0,36129,0,1904029,3576132,0,1492,0,0,0,0,0,0,0,0,0,0,0,0,0,0,0,0
write,971,4096,6526547,893540,9898,922,5605796,0,662,10860,4869,6526547,0,36129,0,1825020,3773853,0,2716,0,0,0,0,0,0,0,0,0,0,0,0,0,0,0,0
write,972,4096,6808947,906183,12213,1192,5876034,0,421,9518,3386,6808947,0,36129,1,1982356,3886775,0,2814,0,0,0,0,0,0,0,0,0,0,0,0,0,0,0,0
write,973,4096,6845837,889031,9538,1072,5934694,0,291,9027,2184,6845837,0,36129,0,1780707,4149620,0,2033,0,0,0,0,0,0,0,0,0,0,0,0,0,0,0,0
write,974,4096,5941868,882078,8546,761,5034242,0,391,11832,4018,5941868,0,36129,0,1848584,3181419,0,2055,0,0,0,0,0,0,0,0,0,0,0,0,0,0,0,0
write,975,4096,5959320,888830,8446,822,5049039,0,461,9518,2204,5959320,0,36129,0,1796867,3246753,0,2235,0,0,0,0,0,0,0,0,0,0,0,0,0,0,0,0
write,976,4096,5975261,881236,8596,792,5070450,0,421,10660,3106,5975261,0,36129,0,1860627,3205825,0,1614,0,0,0,0,0,0,0,0,0,0,0,0,0,0,0,0
write,977,4096,5954963,870497,10309,862,5053668,0,511,17032,2084,5954963,0,36129,0,1843725,3205114,0,2306,0,0,0,0,0,0,0,0,0,0,0,0,0,0,0,0
write,978,4096,5820179,888660,7965,882,4912503,0,291,7544,2334,5820179,0,36129,8,1790295,3118412,0,1692,0,0,0,0,0,0,0,0,0,0,0,0,0,0,0,0
write,979,4096,14984644,887879,7264,701,14065647,0,1252,15349,6552,14984644,0,36129,8,10787605,3269105,0,2554,0,0,0,0,0,0,0,0,0,0,0,0,0,0,0,0
write,980,4096,6997713,1059401,19247,1713,5906171,0,591,7584,3006,6997713,0,36129,8,2277861,3618731,0,4658,0,0,0,0,0,0,0,0,0,0,0,0,0,0,0,0
write,981,4096,6933611,895302,13816,992,6011148,0,511,9468,2374,6933611,0,36129,8,2192601,3813117,0,2004,0,0,0,0,0,0,0,0,0,0,0,0,0,0,0,0
write,982,4096,6201817,877219,8696,932,5305622,0,331,6893,2124,6201817,0,36129,8,1863512,3438433,0,1413,0,0,0,0,0,0,0,0,0,0,0,0,0,0,0,0
write,983,4096,6294520,878591,7063,581,5396193,0,490,9047,2555,6294520,0,36129,8,1891114,3501341,0,1212,0,0,0,0,0,0,0,0,0,0,0,0,0,0,0,0
write,984,4096,6821431,1026379,8927,641,5774543,0,301,8265,2375,6821431,0,36129,8,1801587,3969350,0,1342,0,0,0,0,0,0,0,0,0,0,0,0,0,0,0,0
write,985,4096,6330098,1017853,6512,541,5295113,0,340,7815,1924,6330098,0,36129,8,1737295,3555112,0,1041,0,0,0,0,0,0,0,0,0,0,0,0,0,0,0,0
write,986,4096,6077834,882118,7244,511,5176800,0,430,8316,2415,6077834,0,36129,8,1831042,3342803,0,1123,0,0,0,0,0,0,0,0,0,0,0,0,0,0,0,0
write,987,4096,5971283,942922,7514,661,5010958,0,301,6913,2014,5971283,0,36129,8,1783953,3223939,0,1233,0,0,0,0,0,0,0,0,0,0,0,0,0,0,0,0
write,988,4096,6068956,877018,7314,551,5174425,0,271,7494,1883,6068956,0,36129,8,1861258,3310502,0,1103,0,0,0,0,0,0,0,0,0,0,0,0,0,0,0,0
write,989,4096,6363721,1035116,7364,581,5310721,0,261,7354,2324,6363721,0,36129,8,1787069,3520928,0,1103,0,0,0,0,0,0,0,0,0,0,0,0,0,0,0,0
write,990,4096,6387536,1071694,7244,461,5297998,0,250,7624,2265,6387536,0,36129,8,1863523,3431930,0,1072,0,0,0,0,0,0,0,0,0,0,0,0,0,0,0,0
write,991,4096,6292788,996904,7003,521,5279824,0,270,6422,1844,6292788,0,36129,8,1800775,3476434,0,1011,0,0,0,0,0,0,0,0,0,0,0,0,0,0,0,0
write,992,4096,6365454,886626,7203,511,5462327,0,301,6652,1834,6365454,0,36129,8,1755730,3703941,0,1082,0,0,0,0,0,0,0,0,0,0,0,0,0,0,0,0
write,993,4096,6593202,878722,6783,641,5698330,0,290,6403,2033,6593202,0,36129,8,1858954,3836691,0,1052,0,0,0,0,0,0,0,0,0,0,0,0,0,0,0,0
write,994,4096,6435766,883671,6712,501,5536466,0,281,6302,1833,6435766,0,36129,8,1788612,3745259,0,1000,0,0,0,0,0,0,0,0,0,0,0,0,0,0,0,0
write,995,4096,6627626,884422,6522,491,5727545,0,251,6612,1783,6627626,0,36129,8,1869925,3855106,0,891,0,0,0,0,0,0,0,0,0,0,0,0,0,0,0,0
write,996,4096,6459270,884182,6742,481,5559399,0,311,6011,2144,6459270,0,36129,8,1779335,3777460,0,1001,0,0,0,0,0,0,0,0,0,0,0,0,0,0,0,0
write,997,4096,6026136,882118,6632,541,5125674,0,261,8485,2425,6026136,0,36129,8,1818849,3304351,0,901,0,0,0,0,0,0,0,0,0,0,0,0,0,0,0,0
write,998,4096,6293118,1055433,6713,521,5220362,0,290,8025,1774,6293118,0,36129,8,1846270,3371507,0,892,0,0,0,0,0,0,0,0,0,0,0,0,0,0,0,0
write,999,4096,5925157,879303,6662,411,5028782,0,250,7454,2295,5925157,0,36129,8,1723680,3302718,0,891,0,0,0,0,0,0,0,0,0,0,0,0,0,0,0,0
write,1000,4096,6191988,1017693,6633,481,5158495,0,281,6342,2063,6191988,0,36129,8,1847893,3308017,0,972,0,0,0,0,0,0,0,0,0,0,0,0,0,0,0,0
write,1001,4096,5834115,898329,6612,491,4919556,0,331,6632,2164,5834115,0,36129,8,1752213,3164919,0,933,0,0,0,0,0,0,0,0,0,0,0,0,0,0,0,0
write,1002,4096,5976102,882348,6803,511,5076031,0,310,8005,2094,5976102,0,36129,8,1891696,3181589,0,1112,0,0,0,0,0,0,0,0,0,0,0,0,0,0,0,0
write,1003,4096,5840848,894180,7054,511,4928723,0,261,7885,2234,5840848,0,36129,8,1779405,3146674,0,1032,0,0,0,0,0,0,0,0,0,0,0,0,0,0,0,0
write,1004,4096,6227555,1046467,6723,731,5163255,0,260,7925,2194,6227555,0,36129,8,1824690,3336280,0,881,0,0,0,0,0,0,0,0,0,0,0,0,0,0,0,0
write,1005,4096,6575078,1014677,6352,491,5545122,0,291,6352,1793,6575078,0,36129,8,1856008,3686660,0,921,0,0,0,0,0,0,0,0,0,0,0,0,0,0,0,0
write,1006,4096,6386835,1085701,6923,531,5282950,0,290,8085,2355,6386835,0,36129,8,1750861,3529644,0,1002,0,0,0,0,0,0,0,0,0,0,0,0,0,0,0,0
write,1007,4096,6576200,1018905,7184,521,5541225,0,290,6312,1763,6576200,0,36129,8,1844998,3693622,0,1073,0,0,0,0,0,0,0,0,0,0,0,0,0,0,0,0
write,1008,4096,6402814,883410,6723,451,5501901,0,340,7765,2224,6402814,0,36129,8,1742956,3756470,0,1012,0,0,0,0,0,0,0,0,0,0,0,0,0,0,0,0
write,1009,4096,4608051,1033482,6663,521,3558358,0,411,6492,2124,4608051,0,36129,8,2002994,1429927,0,1514,0,0,0,0,0,0,0,0,0,0,0,0,0,0,0,0
write,1010,4096,4644719,1071022,7525,621,3552196,0,371,10870,2114,4644719,0,36129,8,1831572,1717498,0,1222,0,0,0,0,0,0,0,0,0,0,0,0,0,0,0,0
write,1011,4096,4129221,893831,8065,601,3218058,0,291,6292,2083,4129221,0,36129,8,1781759,1433495,0,1092,0,0,0,0,0,0,0,0,0,0,0,0,0,0,0,0
write,1012,4096,4225993,888440,6933,581,3321453,0,311,6442,1833,4225993,0,36129,8,1859074,1459593,0,1142,0,0,0,0,0,0,0,0,0,0,0,0,0,0,0,0
write,1013,4096,4062836,880485,7804,531,3163947,0,281,7874,1914,4062836,0,36129,8,1744719,1416603,0,1031,0,0,0,0,0,0,0,0,0,0,0,0,0,0,0,0
write,1014,4096,4183523,883140,6873,481,3282579,0,371,7754,2325,4183523,0,36129,8,1839688,1439606,0,1071,0,0,0,0,0,0,0,0,0,0,0,0,0,0,0,0
write,1015,4096,4119182,887328,7774,882,3211997,0,431,8325,2445,4119182,0,36129,8,1785657,1422053,0,1783,0,0,0,0,0,0,0,0,0,0,0,0,0,0,0,0
write,1016,4096,4284953,1048691,7324,450,3220113,0,230,6132,2013,4284953,0,36129,8,1819510,1398318,0,891,0,0,0,0,0,0,0,0,0,0,0,0,0,0,0,0
write,1017,4096,4145582,883080,6742,471,3246633,0,370,6422,1864,4145582,0,36129,8,1821274,1422473,0,1163,0,0,0,0,0,0,0,0,0,0,0,0,0,0,0,0
write,1018,4096,4048680,871488,6853,511,3165179,0,291,2304,2054,4048680,0,36129,8,1738427,1424107,0,1041,0,0,0,0,0,0,0,0,0,0,0,0,0,0,0,0
write,1019,4096,4194564,882559,6863,461,3296305,0,261,6091,2024,4194564,0,36129,8,1867370,1426331,0,992,0,0,0,0,0,0,0,0,0,0,0,0,0,0,0,0
write,1020,4096,4229189,1010910,9819,801,3195366,0,331,9728,2234,4229189,0,36129,8,1770228,1421452,0,1432,0,0,0,0,0,0,0,0,0,0,0,0,0,0,0,0
write,1021,4096,4146764,881747,8957,732,3242955,0,361,9507,2505,4146764,0,36129,8,1827905,1411733,0,1363,0,0,0,0,0,0,0,0,0,0,0,0,0,0,0,0
write,1022,4096,4111648,880936,9327,711,3209122,0,361,8856,2335,4111648,0,36129,8,1778743,1427062,0,1372,0,0,0,0,0,0,0,0,0,0,0,0,0,0,0,0
write,1023,4096,4087903,890123,10019,901,3176581,0,330,7554,2395,4087903,0,36129,8,1749679,1422945,0,1632,0,0,0,0,0,0,0,0,0,0,0,0,0,0,0,0
write,1024,4096,4165800,874143,9548,731,3266039,0,360,12524,2455,4165800,0,36129,8,1835490,1427413,0,1222,0,0,0,0,0,0,0,0,0,0,0,0,0,0,0,0
write,1025,4096,4090018,876748,10340,731,3190847,0,361,7254,3737,4090018,0,36129,8,1759207,1428224,0,1443,0,0,0,0,0,0,0,0,0,0,0,0,0,0,0,0
write,1026,4096,4379541,1032761,9858,762,3323857,0,371,9047,2885,4379541,0,36129,8,1858082,1462269,0,1332,0,0,0,0,0,0,0,0,0,0,0,0,0,0,0,0
write,1027,4096,4129161,881146,8897,751,3227817,0,371,7945,2234,4129161,0,36129,8,1782200,1442551,0,1262,0,0,0,0,0,0,0,0,0,0,0,0,0,0,0,0
write,1028,4096,4165850,877108,10410,771,3266780,0,321,8406,2054,4165850,0,36129,8,1828988,1434527,0,1293,0,0,0,0,0,0,0,0,0,0,0,0,0,0,0,0
write,1029,4096,5193661,881366,9027,601,4291757,0,360,8105,2445,5193661,0,36129,8,2851549,1437171,0,1142,0,0,0,0,0,0,0,0,0,0,0,0,0,0,0,0
write,1030,4096,4086340,875415,9178,761,3190016,0,391,7854,2725,4086340,0,36129,8,1752043,1434717,0,1203,0,0,0,0,0,0,0,0,0,0,0,0,0,0,0,0
write,1031,4096,4193923,867762,9217,731,3306665,0,491,6973,2084,4193923,0,36129,8,1869123,1433744,0,1473,0,0,0,0,0,0,0,0,0,0,0,0,0,0,0,0
write,1032,4096,4116066,884192,6963,691,3215744,0,311,6372,1793,4116066,0,36129,0,1799211,1413287,0,1254,0,0,0,0,0,0,0,0,0,0,0,0,0,0,0,0
write,1033,4096,5631384,1058580,7233,561,4551635,0,281,11251,1843,5631384,0,36129,0,1955265,2593625,0,990,0,0,0,0,0,0,0,0,0,0,0,0,0,0,0,0
write,1034,4096,5801374,881888,6602,521,4903406,0,261,6552,2144,5801374,0,36129,0,1745952,3154820,0,960,0,0,0,0,0,0,0,0,0,0,0,0,0,0,0,0
write,1035,4096,6483576,892527,12013,922,5567203,0,531,7885,2495,6483576,0,36129,8,1861829,3700666,0,1894,0,0,0,0,0,0,0,0,0,0,0,0,0,0,0,0
write,1036,4096,6054059,875656,9397,662,5155850,0,331,10079,2084,6054059,0,36129,8,1817236,3335439,0,1213,0,0,0,0,0,0,0,0,0,0,0,0,0,0,0,0
write,1037,4096,5768462,880856,10189,681,4865405,0,381,8556,2394,5768462,0,36129,8,1740020,3122288,0,1253,0,0,0,0,0,0,0,0,0,0,0,0,0,0,0,0
write,1038,4096,5764845,877690,9237,742,4866196,0,380,8647,1953,5764845,0,36129,8,1878530,2984218,0,1453,0,0,0,0,0,0,0,0,0,0,0,0,0,0,0,0
write,1039,4096,5734839,886005,9498,651,4825801,0,450,9779,2655,5734839,0,36129,8,1756682,3065622,0,1253,0,0,0,0,0,0,0,0,0,0,0,0,0,0,0,0
write,1040,4096,5834967,877159,9308,711,4936749,0,350,8526,2164,5834967,0,36129,8,1949714,2983607,0,1363,0,0,0,0,0,0,0,0,0,0,0,0,0,0,0,0
write,1041,4096,6005438,880966,9267,762,5102841,0,350,9097,2155,6005438,0,36129,8,1788021,3311675,0,1232,0,0,0,0,0,0,0,0,0,0,0,0,0,0,0,0
write,1042,4096,6159658,880014,9388,751,5258083,0,291,9157,1974,6159658,0,36129,8,1844257,3410470,0,1333,0,0,0,0,0,0,0,0,0,0,0,0,0,0,0,0
write,1043,4096,6418173,880195,9387,682,5516468,0,291,8906,2244,6418173,0,36129,8,1832124,3681229,0,1203,0,0,0,0,0,0,0,0,0,0,0,0,0,0,0,0
write,1044,4096,5869332,869815,9969,711,4978027,0,440,7975,2395,5869332,0,36129,8,1754257,3220452,0,1231,0,0,0,0,0,0,0,0,0,0,0,0,0,0,0,0
write,1045,4096,5913354,880875,9288,751,5011429,0,381,8155,2475,5913354,0,36129,8,1840490,3167503,0,1363,0,0,0,0,0,0,0,0,0,0,0,0,0,0,0,0
write,1046,4096,6147275,873262,9097,741,5253164,0,361,8395,2255,6147275,0,36129,8,1753296,3496412,0,1303,0,0,0,0,0,0,0,0,0,0,0,0,0,0,0,0
write,1047,4096,28195323,874764,9377,722,27296685,0,420,9849,3506,28195323,0,36129,8,24182983,3109594,0,1583,0,0,0,0,0,0,0,0,0,0,0,0,0,0,0,0
write,1048,4096,8286144,880836,9768,801,7383318,0,400,7555,3466,8286144,0,36129,8,1953452,5425247,0,2385,0,0,0,0,0,0,0,0,0,0,0,0,0,0,0,0
write,1049,4096,5893728,884573,8917,761,4987314,0,391,9908,1864,5893728,0,36129,8,2009637,2973629,0,1465,0,0,0,0,0,0,0,0,0,0,0,0,0,0,0,0
write,1050,4096,5686608,873191,9187,932,4792137,0,370,8567,2224,5686608,0,36129,8,1857862,2930949,0,1422,0,0,0,0,0,0,0,0,0,0,0,0,0,0,0,0
write,1051,4096,5630312,871598,8957,711,4738897,0,351,7544,2254,5630312,0,36129,8,1797128,2938353,0,1413,0,0,0,0,0,0,0,0,0,0,0,0,0,0,0,0
write,1052,4096,5804530,876056,9398,711,4907584,0,341,8135,2305,5804530,0,36129,8,1832935,3071533,0,1223,0,0,0,0,0,0,0,0,0,0,0,0,0,0,0,0
write,1053,4096,5697218,881847,9137,712,4794511,0,321,8435,2255,5697218,0,36129,8,1797779,2993336,0,1424,0,0,0,0,0,0,0,0,0,0,0,0,0,0,0,0
write,1054,4096,5746591,882730,9047,791,4841860,0,531,9328,2304,5746591,0,36129,8,1747644,3090268,0,1763,0,0,0,0,0,0,0,0,0,0,0,0,0,0,0,0
write,1055,4096,6623991,1060454,8015,5550,5539903,0,320,7635,2114,6623991,0,36129,0,1890954,3645312,0,1414,0,0,0,0,0,0,0,0,0,0,0,0,0,0,0,0
write,1056,4096,6336029,879022,6783,571,5440015,0,310,7454,1874,6336029,0,36129,0,1722748,3714331,0,1062,0,0,0,0,0,0,0,0,0,0,0,0,0,0,0,0
write,1057,4096,6840777,879743,6713,561,5943881,0,251,7364,2264,6840777,0,36129,0,1867791,4073125,0,1041,0,0,0,0,0,0,0,0,0,0,0,0,0,0,0,0
write,1058,4096,6005828,914368,6773,671,5073266,0,320,7925,2505,6005828,0,36129,0,1784614,3285676,0,1102,0,0,0,0,0,0,0,0,0,0,0,0,0,0,0,0
write,1059,4096,6127998,936831,11953,1052,5165268,0,501,9498,2895,6127998,0,36129,8,1861709,3299060,0,1925,0,0,0,0,0,0,0,0,0,0,0,0,0,0,0,0
write,1060,4096,6406271,879543,9548,832,5506129,0,351,7604,2264,6406271,0,36129,8,1824519,3678484,0,1232,0,0,0,0,0,0,0,0,0,0,0,0,0,0,0,0
write,1061,4096,6210352,939826,8396,932,5244116,0,611,11702,4769,6210352,0,36129,8,1800183,3438943,0,1945,0,0,0,0,0,0,0,0,0,0,0,0,0,0,0,0
write,1062,4096,6065210,896736,10149,992,5146082,0,401,8566,2284,6065210,0,36129,8,1940928,3199464,0,2104,0,0,0,0,0,0,0,0,0,0,0,0,0,0,0,0
write,1063,4096,5884761,875676,9678,732,4986833,0,360,9268,2214,5884761,0,36129,8,1742836,3240110,0,1571,0,0,0,0,0,0,0,0,0,0,0,0,0,0,0,0
write,1064,4096,7939112,880816,9357,772,7037036,0,531,8766,1834,7939112,0,36129,8,1840981,5192079,0,1584,0,0,0,0,0,0,0,0,0,0,0,0,0,0,0,0
write,1065,4096,6519443,881827,10169,822,5616556,0,421,7424,2224,6519443,0,36129,8,1840539,3771498,0,2022,0,0,0,0,0,0,0,0,0,0,0,0,0,0,0,0
write,1066,4096,6548909,1080421,9598,871,5446608,0,410,8667,2334,6548909,0,36129,8,1753326,3689916,0,1312,0,0,0,0,0,0,0,0,0,0,0,0,0,0,0,0
write,1067,4096,6796444,991624,7173,581,5787869,0,270,7044,1883,6796444,0,36129,8,1831151,3954062,0,1092,0,0,0,0,0,0,0,0,0,0,0,0,0,0,0,0
write,1068,4096,6429134,894481,8005,672,5514284,0,340,9087,2265,6429134,0,36129,8,1743427,3767552,0,1323,0,0,0,0,0,0,0,0,0,0,0,0,0,0,0,0
write,1069,4096,5982674,883260,9207,772,5078515,0,340,8426,2154,5982674,0,36129,8,1956638,3118592,0,1343,0,0,0,0,0,0,0,0,0,0,0,0,0,0,0,0
write,1070,4096,6232675,880826,9147,781,5332102,0,351,7143,2325,6232675,0,36129,8,1814600,3514566,0,1312,0,0,0,0,0,0,0,0,0,0,0,0,0,0,0,0
write,1071,4096,6139259,879784,8947,631,5238887,0,360,8276,2374,6139259,0,36129,8,1892738,3342953,0,1313,0,0,0,0,0,0,0,0,0,0,0,0,0,0,0,0
write,1072,4096,5776187,876047,9207,741,4879752,0,311,7784,2345,5776187,0,36129,8,1845699,3030947,0,1212,0,0,0,0,0,0,0,0,0,0,0,0,0,0,0,0
write,1073,4096,14414382,882408,9237,752,13510062,0,341,9217,2365,14414382,0,36129,8,10435413,3071352,0,1232,0,0,0,0,0,0,0,0,0,0,0,0,0,0,0,0
write,1074,4096,5937299,878180,8987,732,5036766,0,541,9548,2545,5937299,0,36129,8,2010700,3022191,0,1463,0,0,0,0,0,0,0,0,0,0,0,0,0,0,0,0
write,1075,4096,6073546,1067767,7194,721,4988085,0,331,7514,1934,6073546,0,36129,0,1989600,2994869,0,1381,0,0,0,0,0,0,0,0,0,0,0,0,0,0,0,0
write,1076,4096,5874281,903669,9838,962,4948360,0,521,8667,2264,5874281,0,36129,8,1772712,3171431,0,1814,0,0,0,0,0,0,0,0,0,0,0,0,0,0,0,0
write,1077,4096,6039802,881808,9227,681,5137136,0,350,8446,2154,6039802,0,36129,8,1886206,3240611,0,8395,0,0,0,0,0,0,0,0,0,0,0,0,0,0,0,0
write,1078,4096,5788840,887498,8837,671,4879862,0,340,9318,2314,5788840,0,36129,8,1804030,3072615,0,1302,0,0,0,0,0,0,0,0,0,0,0,0,0,0,0,0
write,1079,4096,5953049,880635,9268,801,5050513,0,340,9188,2304,5953049,0,36129,8,1881326,3165971,0,1273,0,0,0,0,0,0,0,0,0,0,0,0,0,0,0,0
write,1080,4096,6152273,876517,9578,742,5252432,0,431,10690,1883,6152273,0,36129,8,1818839,3429646,0,1422,0,0,0,0,0,0,0,0,0,0,0,0,0,0,0,0
write,1081,4096,5947188,873652,8025,732,5055572,0,300,6973,1934,5947188,0,36129,8,1786848,3265618,0,1243,0,0,0,0,0,0,0,0,0,0,0,0,0,0,0,0
write,1082,4096,6350626,1037039,7745,511,5292587,0,301,8245,4198,6350626,0,36129,8,1888409,3401273,0,1262,0,0,0,0,0,0,0,0,0,0,0,0,0,0,0,0
write,1083,4096,5867679,881257,9868,842,4959812,0,531,11782,3587,5867679,0,36129,8,1785005,3169747,0,2233,0,0,0,0,0,0,0,0,0,0,0,0,0,0,0,0
write,1084,4096,8393085,882308,9037,872,7481041,0,1583,13936,4308,8393085,0,36129,8,1889221,5581510,0,5390,0,0,0,0,0,0,0,0,0,0,0,0,0,0,0,0
write,1085,4096,6470601,919909,10630,1723,5523111,0,461,10820,3947,6470601,0,36129,4,1957299,3556114,0,3575,0,0,0,0,0,0,0,0,0,0,0,0,0,0,0,0
write,1086,4096,6093192,962138,9368,912,5106979,0,390,9809,3596,6093192,0,36129,4,1822385,3280376,0,1432,0,0,0,0,0,0,0,0,0,0,0,0,0,0,0,0
write,1087,4096,6253363,963070,9288,841,5217447,0,601,55274,6842,6253363,0,36129,4,1895573,3316193,0,2466,0,0,0,0,0,0,0,0,0,0,0,0,0,0,0,0
write,1088,4096,8307494,1365647,11772,821,6914967,0,1343,9297,3647,8307494,0,36129,7,1867530,5037779,0,3266,0,0,0,0,0,0,0,0,0,0,0,0,0,0,0,0
write,1089,4096,6222616,950928,7674,1172,5251010,0,290,9208,2334,6222616,0,36129,3,1906062,3338825,0,2515,0,0,0,0,0,0,0,0,0,0,0,0,0,0,0,0
write,1090,4096,6448691,1128702,13725,1002,5294912,0,501,7544,2305,6448691,0,36129,11,1761231,3528692,0,2565,0,0,0,0,0,0,0,0,0,0,0,0,0,0,0,0
write,1091,4096,6467004,885935,12032,852,5557646,0,400,7785,2354,6467004,0,36129,11,1836862,3717508,0,1352,0,0,0,0,0,0,0,0,0,0,0,0,0,0,0,0
write,1092,4096,6688071,890785,9628,791,5776467,0,381,7724,2295,6688071,0,36129,11,1789283,3983467,0,1533,0,0,0,0,0,0,0,0,0,0,0,0,0,0,0,0
write,1093,4096,6187890,880605,11081,711,5283731,0,350,9168,2244,6187890,0,36129,11,1745099,3535465,0,1262,0,0,0,0,0,0,0,0,0,0,0,0,0,0,0,0
write,1094,4096,6122337,878631,8957,801,5222636,0,331,8987,1994,6122337,0,36129,11,1822395,3397015,0,1273,0,0,0,0,0,0,0,0,0,0,0,0,0,0,0,0
write,1095,4096,5977615,877199,9037,722,5079286,0,371,8726,2274,5977615,0,36129,11,1803390,3272661,0,1283,0,0,0,0,0,0,0,0,0,0,0,0,0,0,0,0
write,1096,4096,5965363,913327,9748,902,5029794,0,461,8766,2365,5965363,0,36129,11,1966416,3059460,0,1644,0,0,0,0,0,0,0,0,0,0,0,0,0,0,0,0
write,1097,4096,6003283,888049,9077,1183,5093653,0,431,8556,2334,6003283,0,36129,11,1787460,3301756,0,1914,0,0,0,0,0,0,0,0,0,0,0,0,0,0,0,0
write,1098,4096,6058437,878862,9809,731,5157554,0,390,8627,2464,6058437,0,36129,11,1849195,3305122,0,1292,0,0,0,0,0,0,0,0,0,0,0,0,0,0,0,0
write,1099,4096,5783080,867330,9248,691,4894730,0,370,8336,2375,5783080,0,36129,11,1835410,3055904,0,1362,0,0,0,0,0,0,0,0,0,0,0,0,0,0,0,0
write,1100,4096,5972275,879353,9187,752,5071462,0,380,9138,2003,5972275,0,36129,11,1754748,3313688,0,1193,0,0,0,0,0,0,0,0,0,0,0,0,0,0,0,0
write,1101,4096,5947058,902617,8486,771,5023121,0,381,9397,2285,5947058,0,36129,11,1831993,3187722,0,1402,0,0,0,0,0,0,0,0,0,0,0,0,0,0,0,0
write,1102,4096,5786126,876959,10239,721,4886134,0,391,9768,1914,5786126,0,36129,11,1768604,3113983,0,1394,0,0,0,0,0,0,0,0,0,0,0,0,0,0,0,0
write,1103,4096,6026437,878512,9678,661,5126175,0,390,9077,1944,6026437,0,36129,11,1880524,3242525,0,1231,0,0,0,0,0,0,0,0,0,0,0,0,0,0,0,0
write,1104,4096,6367027,876257,7795,761,5469951,0,341,10119,1803,6367027,0,36129,11,1813128,3653527,0,1352,0,0,0,0,0,0,0,0,0,0,0,0,0,0,0,0
write,1105,4096,6136012,875866,9217,792,5238616,0,400,8757,2364,6136012,0,36129,11,1854596,3380955,0,1232,0,0,0,0,0,0,0,0,0,0,0,0,0,0,0,0
write,1106,4096,6356457,873131,9157,822,5463007,0,401,7675,2264,6356457,0,36129,11,1841552,3618130,0,1413,0,0,0,0,0,0,0,0,0,0,0,0,0,0,0,0
write,1107,4096,5918354,878641,9328,691,5016699,0,421,9989,2585,5918354,0,36129,11,1766911,3246572,0,1192,0,0,0,0,0,0,0,0,0,0,0,0,0,0,0,0
write,1108,4096,6455504,881407,9197,842,5551123,0,411,9007,3517,6455504,0,36129,11,1921933,3624553,0,2083,0,0,0,0,0,0,0,0,0,0,0,0,0,0,0,0
write,1109,4096,6664496,896836,9748,762,5746210,0,411,8085,2444,6664496,0,36129,11,1766610,3975852,0,1453,0,0,0,0,0,0,0,0,0,0,0,0,0,0,0,0
write,1110,4096,6594355,882629,9238,831,5689544,0,381,9297,2435,6594355,0,36129,11,1904389,3780225,0,2294,0,0,0,0,0,0,0,0,0,0,0,0,0,0,0,0
write,1111,4096,6005959,884393,9137,721,5100086,0,431,8706,2485,6005959,0,36129,11,1819189,3277491,0,1372,0,0,0,0,0,0,0,0,0,0,0,0,0,0,0,0
write,1112,4096,6313306,883110,9047,891,5409948,0,411,7615,2284,6313306,0,36129,11,1947631,3458741,0,1372,0,0,0,0,0,0,0,0,0,0,0,0,0,0,0,0
write,1113,4096,6276236,882689,8566,841,5373069,0,441,8326,2304,6276236,0,36129,11,1858904,3510568,0,1243,0,0,0,0,0,0,0,0,0,0,0,0,0,0,0,0
write,1114,4096,6288419,885384,9177,802,5381044,0,410,9368,2234,6288419,0,36129,11,1771068,3606629,0,1313,0,0,0,0,0,0,0,0,0,0,0,0,0,0,0,0
write,1115,4096,6457427,886386,9628,732,5550191,0,441,8225,1824,6457427,0,36129,11,1907485,3639180,0,1293,0,0,0,0,0,0,0,0,0,0,0,0,0,0,0,0
write,1116,4096,6283440,881226,8726,832,5379922,0,410,10019,2305,6283440,0,36129,11,1767121,3609363,0,1342,0,0,0,0,0,0,0,0,0,0,0,0,0,0,0,0
write,1117,4096,6427460,882999,8897,801,5521648,0,401,10490,2224,6427460,0,36129,11,1794482,3723498,0,1413,0,0,0,0,0,0,0,0,0,0,0,0,0,0,0,0
write,1118,4096,6289191,880806,9407,832,5388027,0,390,7494,2235,6289191,0,36129,11,1843184,3541386,0,1373,0,0,0,0,0,0,0,0,0,0,0,0,0,0,0,0
write,1119,4096,5958669,881497,9477,782,5055372,0,310,9047,2184,5958669,0,36129,11,1865346,3186830,0,1212,0,0,0,0,0,0,0,0,0,0,0,0,0,0,0,0
write,1120,4096,5699412,880475,8566,761,4797918,0,381,9338,1973,5699412,0,36129,11,1852171,2942781,0,1274,0,0,0,0,0,0,0,0,0,0,0,0,0,0,0,0
write,1121,4096,5898917,879302,8827,751,4999066,0,381,8335,2255,5898917,0,36129,11,1762563,3233367,0,1282,0,0,0,0,0,0,0,0,0,0,0,0,0,0,0,0
write,1122,4096,6339344,875054,9117,682,5443571,0,381,8025,2514,6339344,0,36129,11,1972257,3467898,0,1363,0,0,0,0,0,0,0,0,0,0,0,0,0,0,0,0
write,1123,4096,5902214,878321,8987,721,5002483,0,350,9508,1844,5902214,0,36129,11,1760098,3239048,0,1343,0,0,0,0,0,0,0,0,0,0,0,0,0,0,0,0
write,1124,4096,5986312,855779,8927,731,5108692,0,391,9437,2355,5986312,0,36129,11,1892256,3212559,0,1824,0,0,0,0,0,0,0,0,0,0,0,0,0,0,0,0
write,1125,4096,6174855,876627,9087,772,5278220,0,331,7414,2404,6174855,0,36129,11,1837814,3437200,0,1222,0,0,0,0,0,0,0,0,0,0,0,0,0,0,0,0
write,1126,4096,5881605,878501,8877,631,4982184,0,321,8927,2164,5881605,0,36129,11,1848033,3131074,0,1222,0,0,0,0,0,0,0,0,0,0,0,0,0,0,0,0
write,1127,4096,6121726,870636,9107,742,5227805,0,441,10309,2686,6121726,0,36129,11,1832905,3391515,0,1323,0,0,0,0,0,0,0,0,0,0,0,0,0,0,0,0
write,1128,4096,7313076,1089448,10790,922,6198911,0,511,10189,2305,7313076,0,36129,11,1836912,4357801,0,1714,0,0,0,0,0,0,0,0,0,0,0,0,0,0,0,0
write,1129,4096,8005296,1091982,10239,852,6888938,0,431,10529,2325,8005296,0,36129,11,2044573,4840288,0,1673,0,0,0,0,0,0,0,0,0,0,0,0,0,0,0,0
write,1130,4096,7323184,1091331,10249,1062,6206425,0,441,10730,2946,7323184,0,36129,11,1833677,4368711,0,1664,0,0,0,0,0,0,0,0,0,0,0,0,0,0,0,0
write,1131,4096,7650589,1085280,11631,862,6538329,0,451,11311,2725,7650589,0,36129,11,2002093,4532178,0,1683,0,0,0,0,0,0,0,0,0,0,0,0,0,0,0,0
write,1132,4096,7617016,1076043,11271,982,6514043,0,531,11141,3005,7617016,0,36129,11,1968370,4541326,0,1862,0,0,0,0,0,0,0,0,0,0,0,0,0,0,0,0
write,1133,4096,8059829,1076323,11672,982,6956926,0,471,10840,2615,8059829,0,36129,11,1888269,5064468,0,1635,0,0,0,0,0,0,0,0,0,0,0,0,0,0,0,0
write,1134,4096,8301453,1070792,11031,1022,7204581,0,461,10871,2695,8301453,0,36129,11,1972998,5227596,0,1743,0,0,0,0,0,0,0,0,0,0,0,0,0,0,0,0
write,1135,4096,6357590,1061205,11401,912,5272019,0,651,8646,2756,6357590,0,36129,11,2102111,3021359,0,2836,0,0,0,0,0,0,0,0,0,0,0,0,0,0,0,0
write,1136,4096,6217796,1068107,11903,1032,5125804,0,561,8095,2294,6217796,0,36129,11,2104145,3016530,0,2183,0,0,0,0,0,0,0,0,0,0,0,0,0,0,0,0
write,1137,4096,5359503,1059852,10459,902,4274855,0,441,10139,2855,5359503,0,36129,11,1992976,2277070,0,1984,0,0,0,0,0,0,0,0,0,0,0,0,0,0,0,0
write,1138,4096,4914928,1053160,11431,862,3834627,0,491,11512,2845,4914928,0,36129,11,1869704,1960865,0,1672,0,0,0,0,0,0,0,0,0,0,0,0,0,0,0,0
write,1139,4096,5066623,1063208,11141,812,3974470,0,501,14216,2275,5066623,0,36129,11,1979882,1990060,0,2082,0,0,0,0,0,0,0,0,0,0,0,0,0,0,0,0
write,1140,4096,4992423,1050444,10049,932,3916030,0,421,11662,2885,4992423,0,36129,11,1916802,1994659,0,1883,0,0,0,0,0,0,0,0,0,0,0,0,0,0,0,0
write,1141,4096,5560792,1048531,11041,821,4486873,0,481,10260,2785,5560792,0,36129,11,2009427,2472727,0,1834,0,0,0,0,0,0,0,0,0,0,0,0,0,0,0,0
write,1142,4096,6015677,1040947,10850,912,4950444,0,661,9047,2816,6015677,0,36129,11,1955385,2990411,0,1903,0,0,0,0,0,0,0,0,0,0,0,0,0,0,0,0
write,1143,4096,5369602,1055884,10991,1022,4290063,0,471,8506,2665,5369602,0,36129,11,2034043,2251071,0,2075,0,0,0,0,0,0,0,0,0,0,0,0,0,0,0,0
write,1144,4096,4967326,1044703,9087,712,3900982,0,340,8957,2545,4967326,0,36129,11,1966015,1931701,0,1394,0,0,0,0,0,0,0,0,0,0,0,0,0,0,0,0
write,1145,4096,4858291,1041307,7804,531,3797237,0,301,8877,2234,4858291,0,36129,11,1873592,1920510,0,1232,0,0,0,0,0,0,0,0,0,0,0,0,0,0,0,0
write,1146,4096,5121997,1030737,7935,551,4067936,0,350,12173,2315,5121997,0,36129,11,1952570,2112240,0,1304,0,0,0,0,0,0,0,0,0,0,0,0,0,0,0,0
write,1147,4096,5963308,1039163,10900,1022,4900330,0,582,8696,2615,5963308,0,36129,11,1885604,3009947,0,2055,0,0,0,0,0,0,0,0,0,0,0,0,0,0,0,0
write,1148,4096,6121024,1014727,10640,872,5083073,0,501,9057,2154,6121024,0,36129,11,2065092,3013373,0,1983,0,0,0,0,0,0,0,0,0,0,0,0,0,0,0,0
write,1149,4096,5177371,1036789,10710,872,4118140,0,471,8205,2184,5177371,0,36129,11,1993187,2120175,0,2022,0,0,0,0,0,0,0,0,0,0,0,0,0,0,0,0
write,1150,4096,4976123,1030046,8947,751,3925909,0,311,7955,2204,4976123,0,36129,11,2001091,1921551,0,1352,0,0,0,0,0,0,0,0,0,0,0,0,0,0,0,0
write,1151,4096,4912152,1027290,7985,542,3866186,0,311,7734,2104,4912152,0,36129,11,1969842,1893509,0,1213,0,0,0,0,0,0,0,0,0,0,0,0,0,0,0,0
write,1152,4096,4818196,1027541,8025,551,3770968,0,310,8717,2084,4818196,0,36129,11,1865185,1902987,0,1141,0,0,0,0,0,0,0,0,0,0,0,0,0,0,0,0
write,1153,4096,4947138,1029374,9879,741,3893107,0,381,11261,2395,4947138,0,36129,11,1988647,1900802,0,1543,0,0,0,0,0,0,0,0,0,0,0,0,0,0,0,0
write,1154,4096,4804079,1013915,10290,831,3764436,0,360,11793,2454,4804079,0,36129,11,1869614,1891114,0,1494,0,0,0,0,0,0,0,0,0,0,0,0,0,0,0,0
write,1155,4096,5816372,1013335,10660,1032,4775626,0,440,12644,2635,5816372,0,36129,11,2860527,1910942,0,1631,0,0,0,0,0,0,0,0,0,0,0,0,0,0,0,0
write,1156,4096,4893678,1024676,11231,1072,3842893,0,431,10419,2956,4893678,0,36129,11,1945336,1893459,0,1725,0,0,0,0,0,0,0,0,0,0,0,0,0,0,0,0
write,1157,4096,4906772,1006962,10390,842,3874993,0,441,10279,2865,4906772,0,36129,11,1965344,1905762,0,1585,0,0,0,0,0,0,0,0,0,0,0,0,0,0,0,0
write,1158,4096,5012200,1026900,10690,892,3959712,0,481,10830,2695,5012200,0,36129,11,2004587,1951447,0,1444,0,0,0,0,0,0,0,0,0,0,0,0,0,0,0,0
write,1159,4096,6090157,1024386,10730,892,5041114,0,411,10129,2495,6090157,0,36129,11,1948863,3088325,0,1624,0,0,0,0,0,0,0,0,0,0,0,0,0,0,0,0
write,1160,4096,7268190,1029956,11040,772,6211785,0,491,11602,2544,7268190,0,36129,11,2076783,4131244,0,1493,0,0,0,0,0,0,0,0,0,0,0,0,0,0,0,0
write,1161,4096,7796394,1023935,10450,771,6747462,0,401,10460,2915,7796394,0,36129,11,1943373,4800373,0,1522,0,0,0,0,0,0,0,0,0,0,0,0,0,0,0,0
write,1162,4096,7016066,1026689,10811,891,5964451,0,460,9799,2965,7016066,0,36129,11,1978087,3982535,0,1694,0,0,0,0,0,0,0,0,0,0,0,0,0,0,0,0
write,1163,4096,7205964,1044122,11943,851,6135773,0,440,9598,3237,7205964,0,36129,11,1937962,4193672,0,1644,0,0,0,0,0,0,0,0,0,0,0,0,0,0,0,0
write,1164,4096,7406140,1021049,10560,892,6360515,0,471,10139,2514,7406140,0,36129,11,1975383,4381174,0,1763,0,0,0,0,0,0,0,0,0,0,0,0,0,0,0,0
write,1165,4096,7315840,1026249,11081,872,6265956,0,391,8546,2745,7315840,0,36129,11,1985862,4276448,0,1543,0,0,0,0,0,0,0,0,0,0,0,0,0,0,0,0
write,1166,4096,7391473,1027281,10630,822,6340176,0,441,8947,3176,7391473,0,36129,11,1876106,4460213,0,1714,0,0,0,0,0,0,0,0,0,0,0,0,0,0,0,0
write,1167,4096,7981632,1028193,10910,872,6929594,0,511,8696,2856,7981632,0,36129,11,2083076,4842021,0,1753,0,0,0,0,0,0,0,0,0,0,0,0,0,0,0,0
write,1168,4096,7878528,1032961,8817,691,6825228,0,461,8095,2275,7878528,0,36129,11,1935468,4885732,0,1643,0,0,0,0,0,0,0,0,0,0,0,0,0,0,0,0
write,1169,4096,7827262,1039524,6312,872,6769503,0,501,8376,2174,7827262,0,36129,11,1980854,4783531,0,2264,0,0,0,0,0,0,0,0,0,0,0,0,0,0,0,0
write,1170,4096,7855514,1034514,6993,942,6800542,0,491,9197,2835,7855514,0,36129,11,1928594,4867428,0,1943,0,0,0,0,0,0,0,0,0,0,0,0,0,0,0,0
write,1171,4096,6910599,1029285,9287,792,5859032,0,451,9167,2585,6910599,0,36129,11,1927643,3927321,0,1694,0,0,0,0,0,0,0,0,0,0,0,0,0,0,0,0
write,1172,4096,7018782,1019336,8536,701,5976183,0,480,10470,3076,7018782,0,36129,11,1988487,3983607,0,1853,0,0,0,0,0,0,0,0,0,0,0,0,0,0,0,0
write,1173,4096,39142609,1033072,11201,801,38080373,0,551,11492,5119,39142609,0,36129,11,34373776,3701467,0,2074,0,0,0,0,0,0,0,0,0,0,0,0,0,0,0,0
write,1174,4096,6519112,1033823,11331,1162,5461124,0,431,8546,2695,6519112,0,36129,11,1912234,3543961,0,1973,0,0,0,0,0,0,0,0,0,0,0,0,0,0,0,0
write,1175,4096,7115544,1014848,10510,831,6074838,0,371,12032,2114,7115544,0,36129,11,2178505,3892516,0,1522,0,0,0,0,0,0,0,0,0,0,0,0,0,0,0,0
write,1176,4096,6347210,1019076,9868,882,5302897,0,460,11362,2665,6347210,0,36129,11,1848966,3449774,0,1831,0,0,0,0,0,0,0,0,0,0,0,0,0,0,0,0
write,1177,4096,6973577,1018785,11050,842,5930476,0,421,9288,2715,6973577,0,36129,11,1902256,4024424,0,1581,0,0,0,0,0,0,0,0,0,0,0,0,0,0,0,0
write,1178,4096,6737874,1023864,10570,802,5690896,0,401,8556,2785,6737874,0,36129,11,1896214,3790975,0,1513,0,0,0,0,0,0,0,0,0,0,0,0,0,0,0,0
write,1179,4096,6662873,1017883,10620,881,5621596,0,361,8867,2665,6662873,0,36129,11,1768934,3848994,0,1513,0,0,0,0,0,0,0,0,0,0,0,0,0,0,0,0
write,1180,4096,6697247,1020227,9979,842,5652584,0,440,10570,2605,6697247,0,36129,11,1891404,3757412,0,1523,0,0,0,0,0,0,0,0,0,0,0,0,0,0,0,0
write,1181,4096,6915889,1015529,10720,751,5876626,0,430,9057,2776,6915889,0,36129,11,1814740,4058167,0,1503,0,0,0,0,0,0,0,0,0,0,0,0,0,0,0,0
write,1182,4096,6900380,1018344,10841,781,5856327,0,431,10350,3306,6900380,0,36129,11,1927533,3925097,0,1543,0,0,0,0,0,0,0,0,0,0,0,0,0,0,0,0
write,1183,4096,6632165,1018154,10700,741,5590888,0,381,8656,2645,6632165,0,36129,11,1853274,3733988,0,1492,0,0,0,0,0,0,0,0,0,0,0,0,0,0,0,0
write,1184,4096,6765106,1017994,10369,872,5722706,0,401,10409,2355,6765106,0,36129,11,1888389,3830781,0,1422,0,0,0,0,0,0,0,0,0,0,0,0,0,0,0,0
write,1185,4096,7067424,1013926,9959,781,6028852,0,430,10811,2665,7067424,0,36129,11,1882218,4143017,0,1422,0,0,0,0,0,0,0,0,0,0,0,0,0,0,0,0
write,1186,4096,6886944,1021540,10109,881,5841139,0,551,10219,2505,6886944,0,36129,11,1801326,4036256,0,1393,0,0,0,0,0,0,0,0,0,0,0,0,0,0,0,0
write,1187,4096,6668623,1021900,10049,762,5623990,0,461,9197,2264,6668623,0,36129,11,2003154,3617379,0,1413,0,0,0,0,0,0,0,0,0,0,0,0,0,0,0,0
write,1188,4096,6645190,1017302,10280,851,5604774,0,361,8967,2655,6645190,0,36129,11,1802969,3798259,0,1432,0,0,0,0,0,0,0,0,0,0,0,0,0,0,0,0
write,1189,4096,6622938,1018715,10299,832,5579717,0,390,10390,2595,6622938,0,36129,11,1765888,3810341,0,1395,0,0,0,0,0,0,0,0,0,0,0,0,0,0,0,0
write,1190,4096,7069838,1051015,10610,882,5993525,0,450,10841,2515,7069838,0,36129,11,1841481,4148307,0,1613,0,0,0,0,0,0,0,0,0,0,0,0,0,0,0,0
write,1191,4096,6636153,1020217,9919,812,5590437,0,431,9858,4479,6636153,0,36129,11,1894711,3691739,0,1723,0,0,0,0,0,0,0,0,0,0,0,0,0,0,0,0
write,1192,4096,6528790,1026088,12694,932,5477254,0,461,8726,2635,6528790,0,36129,11,1893028,3580139,0,1604,0,0,0,0,0,0,0,0,0,0,0,0,0,0,0,0
write,1193,4096,6609002,1026870,10470,832,5557766,0,410,10079,2575,6609002,0,36129,11,1798370,3755989,0,1364,0,0,0,0,0,0,0,0,0,0,0,0,0,0,0,0
write,1194,4096,6803968,1017613,10419,862,5763262,0,461,8856,2495,6803968,0,36129,11,1935778,3823958,0,1393,0,0,0,0,0,0,0,0,0,0,0,0,0,0,0,0
write,1195,4096,6542407,1040015,10950,912,5478357,0,431,8756,2986,6542407,0,36129,11,1835209,3639109,0,1564,0,0,0,0,0,0,0,0,0,0,0,0,0,0,0,0
write,1196,4096,6800792,1021650,10309,952,5755297,0,391,9829,2364,6800792,0,36129,11,1877599,3874222,0,1412,0,0,0,0,0,0,0,0,0,0,0,0,0,0,0,0
write,1197,4096,6563797,1007003,9948,942,5532368,0,491,10099,2946,6563797,0,36129,11,1871899,3656263,0,1512,0,0,0,0,0,0,0,0,0,0,0,0,0,0,0,0
write,1198,4096,6411691,1019817,10930,782,5368771,0,350,8416,2625,6411691,0,36129,11,1881877,3483247,0,1463,0,0,0,0,0,0,0,0,0,0,0,0,0,0,0,0
write,1199,4096,7013442,1016090,10349,922,5972946,0,421,10229,2485,7013442,0,36129,11,1895222,4074138,0,1482,0,0,0,0,0,0,0,0,0,0,0,0,0,0,0,0
write,1200,4096,6416510,1013465,10690,841,5378740,0,431,9678,2665,6416510,0,36129,11,1797238,3577834,0,1414,0,0,0,0,0,0,0,0,0,0,0,0,0,0,0,0
write,1201,4096,7123358,1031368,10600,792,6067714,0,411,9878,2595,7123358,0,36129,11,1995110,4069078,0,1424,0,0,0,0,0,0,0,0,0,0,0,0,0,0,0,0
write,1202,4096,6904668,1016150,10409,822,5865484,0,451,8947,2405,6904668,0,36129,11,1802387,4059169,0,1613,0,0,0,0,0,0,0,0,0,0,0,0,0,0,0,0
write,1203,4096,6724259,1024085,10320,921,5675417,0,411,10820,2285,6724259,0,36129,11,1898178,3773672,0,1373,0,0,0,0,0,0,0,0,0,0,0,0,0,0,0,0
write,1204,4096,6796744,1027200,10099,782,5745699,0,431,9838,2695,6796744,0,36129,11,1846861,3895262,0,1402,0,0,0,0,0,0,0,0,0,0,0,0,0,0,0,0
write,1205,4096,6453019,1013986,10680,822,5414416,0,471,9828,2816,6453019,0,36129,11,1794683,3615966,0,1523,0,0,0,0,0,0,0,0,0,0,0,0,0,0,0,0
write,1206,4096,6577272,1020237,10801,721,5533110,0,380,9638,2385,6577272,0,36129,11,1893379,3636134,0,1493,0,0,0,0,0,0,0,0,0,0,0,0,0,0,0,0
write,1207,4096,6457947,1017913,10259,701,5416401,0,400,9659,2614,6457947,0,36129,11,1781098,3631846,0,1404,0,0,0,0,0,0,0,0,0,0,0,0,0,0,0,0
write,1208,4096,6617238,1017894,10499,712,5575509,0,441,9638,2545,6617238,0,36129,11,1906614,3665380,0,1383,0,0,0,0,0,0,0,0,0,0,0,0,0,0,0,0
write,1209,4096,6646622,1025747,9548,892,5597260,0,461,10039,2675,6646622,0,36129,11,1811946,3781638,0,1572,0,0,0,0,0,0,0,0,0,0,0,0,0,0,0,0
write,1210,4096,6889429,1019486,10821,861,5846308,0,421,9067,2465,6889429,0,36129,11,1905702,3936980,0,1462,0,0,0,0,0,0,0,0,0,0,0,0,0,0,0,0
write,1211,4096,6529021,1019957,11421,892,5482555,0,510,9579,4107,6529021,0,36129,11,1884833,3593515,0,1632,0,0,0,0,0,0,0,0,0,0,0,0,0,0,0,0
write,1212,4096,6922501,1033994,10870,711,5859944,0,501,12013,4468,6922501,0,36129,11,1816935,4038461,0,1753,0,0,0,0,0,0,0,0,0,0,0,0,0,0,0,0
write,1213,4096,7239567,1045515,10520,892,6167972,0,451,11091,3126,7239567,0,36129,11,2010018,4153787,0,1452,0,0,0,0,0,0,0,0,0,0,0,0,0,0,0,0
write,1214,4096,7412853,1017783,10620,741,6370494,0,451,10079,2685,7412853,0,36129,11,1785556,4581040,0,1715,0,0,0,0,0,0,0,0,0,0,0,0,0,0,0,0
write,1215,4096,6988485,1020899,11211,841,5942890,0,541,9408,2695,6988485,0,36129,11,1996242,3942520,0,1492,0,0,0,0,0,0,0,0,0,0,0,0,0,0,0,0
write,1216,4096,6818515,1028623,11021,772,5766137,0,421,9017,2524,6818515,0,36129,11,1833426,3928845,0,1523,0,0,0,0,0,0,0,0,0,0,0,0,0,0,0,0
write,1217,4096,6806253,1019707,10560,741,5763082,0,431,9107,2625,6806253,0,36129,11,1877429,3882057,0,1502,0,0,0,0,0,0,0,0,0,0,0,0,0,0,0,0
write,1218,4096,6838553,1015729,10570,862,5795763,0,451,12263,2915,6838553,0,36129,11,1847783,3944053,0,1592,0,0,0,0,0,0,0,0,0,0,0,0,0,0,0,0
write,1219,4096,6601157,1021851,10169,711,5555973,0,461,9558,2434,6601157,0,36129,11,1786768,3765647,0,1463,0,0,0,0,0,0,0,0,0,0,0,0,0,0,0,0
write,1220,4096,7080558,1029385,11732,942,6025365,0,450,9979,2705,7080558,0,36129,11,1889281,4132497,0,1443,0,0,0,0,0,0,0,0,0,0,0,0,0,0,0,0
write,1221,4096,6925417,1022762,11582,782,5877847,0,441,9207,2796,6925417,0,36129,11,1821513,4052436,0,1725,0,0,0,0,0,0,0,0,0,0,0,0,0,0,0,0
write,1222,4096,6910087,1023784,10590,801,5862859,0,401,8927,2725,6910087,0,36129,11,2153818,3705144,0,1502,0,0,0,0,0,0,0,0,0,0,0,0,0,0,0,0
write,1223,4096,6639720,1020278,10650,872,5595807,0,461,9037,2615,6639720,0,36129,11,1814029,3778181,0,1452,0,0,0,0,0,0,0,0,0,0,0,0,0,0,0,0
write,1224,4096,6837892,1025948,10790,752,5784622,0,752,12724,2304,6837892,0,36129,11,1881937,3898216,0,1622,0,0,0,0,0,0,0,0,0,0,0,0,0,0,0,0
write,1225,4096,6821922,1016100,10489,1313,5781406,0,371,10069,2174,6821922,0,36129,11,1877339,3900121,0,1612,0,0,0,0,0,0,0,0,0,0,0,0,0,0,0,0
write,1226,4096,6886523,1020327,14638,942,5836960,0,481,10500,2675,6886523,0,36129,11,1776098,4056875,0,1684,0,0,0,0,0,0,0,0,0,0,0,0,0,0,0,0
write,1227,4096,6559699,1027091,11752,891,5508413,0,401,8546,2605,6559699,0,36129,11,1886425,3618140,0,1553,0,0,0,0,0,0,0,0,0,0,0,0,0,0,0,0
write,1228,4096,6717987,1037230,10349,1132,5656261,0,451,10249,2315,6717987,0,36129,11,1781708,3870174,0,1742,0,0,0,0,0,0,0,0,0,0,0,0,0,0,0,0
write,1229,4096,6729598,1054281,11421,822,5650711,0,471,9357,2535,6729598,0,36129,11,1986524,3660600,0,1473,0,0,0,0,0,0,0,0,0,0,0,0,0,0,0,0
write,1230,4096,6562003,1025106,10400,841,5513894,0,401,8726,2635,6562003,0,36129,11,1847543,3662604,0,1513,0,0,0,0,0,0,0,0,0,0,0,0,0,0,0,0
write,1231,4096,6652594,1020949,10389,832,5607459,0,401,10360,2204,6652594,0,36129,11,1893008,3710725,0,1382,0,0,0,0,0,0,0,0,0,0,0,0,0,0,0,0
write,1232,4096,6673062,1019135,9758,852,5630142,0,361,10329,2485,6673062,0,36129,11,1831753,3794833,0,1392,0,0,0,0,0,0,0,0,0,0,0,0,0,0,0,0
write,1233,4096,6728767,1012654,10429,882,5692900,0,461,8846,2595,6728767,0,36129,11,1785596,3903667,0,1502,0,0,0,0,0,0,0,0,0,0,0,0,0,0,0,0
write,1234,4096,6752532,1020148,10409,802,5706716,0,511,11271,2675,6752532,0,36129,11,1890423,3812285,0,1482,0,0,0,0,0,0,0,0,0,0,0,0,0,0,0,0
write,1235,4096,6705884,1039684,10640,912,5641092,0,401,10770,2385,6705884,0,36129,11,1786798,3850357,0,1453,0,0,0,0,0,0,0,0,0,0,0,0,0,0,0,0
write,1236,4096,7115093,1016200,10820,691,6074237,0,411,10459,2275,7115093,0,36129,11,1851330,4219330,0,1413,0,0,0,0,0,0,0,0,0,0,0,0,0,0,0,0
write,1237,4096,7387616,1028313,10450,771,6335799,0,440,9288,2555,7387616,0,36129,11,1845949,4486303,0,1493,0,0,0,0,0,0,0,0,0,0,0,0,0,0,0,0
write,1238,4096,7710111,1027832,10610,741,6658455,0,431,9097,2945,7710111,0,36129,11,1906293,4748595,0,1604,0,0,0,0,0,0,0,0,0,0,0,0,0,0,0,0
write,1239,4096,7675215,1017322,10690,861,6632296,0,501,10840,2705,7675215,0,36129,11,1948803,4679254,0,1574,0,0,0,0,0,0,0,0,0,0,0,0,0,0,0,0
write,1240,4096,6836500,1030627,11131,802,5781115,0,411,9268,3146,6836500,0,36129,11,1806155,3971124,0,1522,0,0,0,0,0,0,0,0,0,0,0,0,0,0,0,0
write,1241,4096,7244445,1020117,11201,711,6200053,0,431,9327,2605,7244445,0,36129,11,2003576,4192821,0,1442,0,0,0,0,0,0,0,0,0,0,0,0,0,0,0,0
write,1242,4096,6986071,1020228,11161,731,5941277,0,421,9568,2685,6986071,0,36129,11,1830511,4107180,0,1472,0,0,0,0,0,0,0,0,0,0,0,0,0,0,0,0
write,1243,4096,6939873,1020818,10791,901,5893958,0,441,10209,2755,6939873,0,36129,11,1849236,4040685,0,1623,0,0,0,0,0,0,0,0,0,0,0,0,0,0,0,0
write,1244,4096,6964430,1029616,11261,811,5910539,0,411,9207,2585,6964430,0,36129,11,1873201,4033742,0,1392,0,0,0,0,0,0,0,0,0,0,0,0,0,0,0,0
write,1245,4096,7366626,1038382,10790,842,6307865,0,732,5169,2846,7366626,0,36129,11,1907725,4395772,0,2015,0,0,0,0,0,0,0,0,0,0,0,0,0,0,0,0
write,1246,4096,6656050,1039143,10800,882,5590888,0,431,11552,2354,6656050,0,36129,11,1891936,3694795,0,1723,0,0,0,0,0,0,0,0,0,0,0,0,0,0,0,0
write,1247,4096,6489106,1021019,10439,782,5444313,0,411,9427,2715,6489106,0,36129,11,1805233,3635233,0,1653,0,0,0,0,0,0,0,0,0,0,0,0,0,0,0,0
write,1248,4096,6988856,1021320,10870,852,5941617,0,431,11191,2575,6988856,0,36129,11,1991433,3946307,0,1521,0,0,0,0,0,0,0,0,0,0,0,0,0,0,0,0
write,1249,4096,6494436,1031739,10930,942,5436689,0,430,11492,2214,6494436,0,36129,11,1799302,3633679,0,1583,0,0,0,0,0,0,0,0,0,0,0,0,0,0,0,0
write,1250,4096,7068976,1033603,10610,851,6011409,0,421,9257,2825,7068976,0,36129,11,1904389,4103452,0,1433,0,0,0,0,0,0,0,0,0,0,0,0,0,0,0,0
write,1251,4096,6614772,1021790,11382,911,5569037,0,421,8656,2575,6614772,0,36129,11,1830350,3734889,0,1532,0,0,0,0,0,0,0,0,0,0,0,0,0,0,0,0
write,1252,4096,6797877,1017553,10950,822,5756469,0,441,9157,2485,6797877,0,36129,11,1802899,3949804,0,1571,0,0,0,0,0,0,0,0,0,0,0,0,0,0,0,0
write,1253,4096,6835928,1022181,10620,822,5788720,0,430,11061,2094,6835928,0,36129,11,1878190,3906983,0,1455,0,0,0,0,0,0,0,0,0,0,0,0,0,0,0,0
write,1254,4096,6585557,1023904,10430,771,5537408,0,441,10269,2334,6585557,0,36129,11,1779775,3754056,0,1472,0,0,0,0,0,0,0,0,0,0,0,0,0,0,0,0
write,1255,4096,6889369,1021721,10870,752,5844855,0,491,8316,2364,6889369,0,36129,11,1923896,3916952,0,1664,0,0,0,0,0,0,0,0,0,0,0,0,0,0,0,0
write,1256,4096,6768101,1029355,9628,751,5718007,0,281,7714,2365,6768101,0,36129,11,1819270,3895442,0,1333,0,0,0,0,0,0,0,0,0,0,0,0,0,0,0,0
write,1257,4096,6797506,1033713,6643,962,5745288,0,401,8345,2154,6797506,0,36129,11,1886145,3855216,0,1373,0,0,0,0,0,0,0,0,0,0,0,0,0,0,0,0
write,1258,4096,6832502,1049402,8276,631,5762992,0,330,8386,2485,6832502,0,36129,11,1849927,3910319,0,1092,0,0,0,0,0,0,0,0,0,0,0,0,0,0,0,0
write,1259,4096,7022148,1034003,7033,571,5970171,0,301,7985,2084,7022148,0,36129,11,1795635,4171912,0,1031,0,0,0,0,0,0,0,0,0,0,0,0,0,0,0,0
write,1260,4096,6922260,1021289,7625,510,5882427,0,260,7935,2214,6922260,0,36129,11,1874563,4005278,0,1012,0,0,0,0,0,0,0,0,0,0,0,0,0,0,0,0
write,1261,4096,5602400,1024906,7945,441,4558778,0,391,7454,2485,5602400,0,36129,11,2798179,1626797,0,1703,0,0,0,0,0,0,0,0,0,0,0,0,0,0,0,0
write,1262,4096,5620915,1026079,10680,892,4572904,0,511,7705,2144,5620915,0,36129,11,2008475,2560002,0,1832,0,0,0,0,0,0,0,0,0,0,0,0,0,0,0,0
write,1263,4096,4970572,1019987,10309,832,3923063,0,421,12654,3306,4970572,0,36129,11,1984069,1934656,0,1794,0,0,0,0,0,0,0,0,0,0,0,0,0,0,0,0
write,1264,4096,4848453,1325822,11672,882,3489719,0,370,17664,2324,4848453,0,36129,11,1848835,1637006,0,1562,0,0,0,0,0,0,0,0,0,0,0,0,0,0,0,0
write,1265,4096,4663345,1024195,10129,762,3612639,0,511,10821,4288,4663345,0,36129,11,1960185,1647867,0,1964,0,0,0,0,0,0,0,0,0,0,0,0,0,0,0,0
write,1266,4096,142419549,1026199,9768,1203,141360908,0,1654,13685,6132,142419549,0,36129,11,139658730,1692762,0,2846,0,0,0,0,0,0,0,0,0,0,0,0,0,0,0,0
write,1267,4096,5755929,1041147,11201,1293,4690686,0,571,8756,2275,5755929,0,36129,11,2062186,2621758,0,2864,0,0,0,0,0,0,0,0,0,0,0,0,0,0,0,0
write,1268,4096,5730129,1024685,11372,891,4682211,0,591,7895,2484,5730129,0,36129,11,2053390,2624363,0,1924,0,0,0,0,0,0,0,0,0,0,0,0,0,0,0,0
write,1269,4096,5737955,1027922,10440,932,4686428,0,591,8837,2805,5737955,0,36129,11,2049723,2631666,0,1832,0,0,0,0,0,0,0,0,0,0,0,0,0,0,0,0
write,1270,4096,4903075,1007904,9758,912,3872028,0,521,9407,2545,4903075,0,36129,11,1896013,1971275,0,2055,0,0,0,0,0,0,0,0,0,0,0,0,0,0,0,0
write,1271,4096,24922742,1026679,9458,721,23873310,0,672,9257,2645,24922742,0,36129,11,22197901,1670480,0,1855,0,0,0,0,0,0,0,0,0,0,0,0,0,0,0,0
write,1272,4096,7343292,1019787,11952,1202,6295743,0,561,10570,3477,7343292,0,36129,11,1965424,4324438,0,2815,0,0,0,0,0,0,0,0,0,0,0,0,0,0,0,0
write,1273,4096,4724169,1027241,8115,771,3677382,0,291,8245,2124,4724169,0,36129,11,2030947,1642637,0,1623,0,0,0,0,0,0,0,0,0,0,0,0,0,0,0,0
write,1274,4096,4676730,1040445,8416,631,3616428,0,360,8296,2154,4676730,0,36129,11,1968249,1645162,0,1172,0,0,0,0,0,0,0,0,0,0,0,0,0,0,0,0
write,1275,4096,4548659,1031118,7334,591,3500038,0,321,7143,2114,4548659,0,36129,11,1852892,1644290,0,1063,0,0,0,0,0,0,0,0,0,0,0,0,0,0,0,0
write,1276,4096,4574748,1037800,7535,661,3516760,0,320,9558,2114,4574748,0,36129,11,1864414,1649491,0,1123,0,0,0,0,0,0,0,0,0,0,0,0,0,0,0,0
write,1277,4096,4485470,1018634,7154,591,3448632,0,290,8105,2064,4485470,0,36129,11,1811976,1633751,0,1193,0,0,0,0,0,0,0,0,0,0,0,0,0,0,0,0
write,1278,4096,4476564,1037229,7875,661,3414849,0,290,7084,8576,4476564,0,36129,11,1776819,1635274,0,1092,0,0,0,0,0,0,0,0,0,0,0,0,0,0,0,0
write,1279,4096,4559800,1024746,7745,511,3516188,0,311,8145,2154,4559800,0,36129,11,1877328,1636516,0,923,0,0,0,0,0,0,0,0,0,0,0,0,0,0,0,0
write,1280,4096,4481092,1043672,8005,591,3419236,0,281,7204,2103,4481092,0,36129,11,1782972,1633610,0,1122,0,0,0,0,0,0,0,0,0,0,0,0,0,0,0,0
write,1281,4096,4456306,1039474,8787,681,3394279,0,411,9969,2705,4456306,0,36129,11,1743096,1647486,0,1332,0,0,0,0,0,0,0,0,0,0,0,0,0,0,0,0
write,1282,4096,4542708,1027551,10530,762,3492153,0,411,8947,2354,4542708,0,36129,11,1835149,1653488,0,1374,0,0,0,0,0,0,0,0,0,0,0,0,0,0,0,0
write,1283,4096,4575640,1017493,10008,742,3534553,0,401,9888,2555,4575640,0,36129,11,1895111,1636015,0,1363,0,0,0,0,0,0,0,0,0,0,0,0,0,0,0,0
write,1284,4096,5406672,1021891,10660,961,3876446,0,681,488468,7565,5406672,0,36129,11,1910752,1960164,0,2305,0,0,0,0,0,0,0,0,0,0,0,0,0,0,0,0
write,1285,4096,6599764,1100668,14698,2374,5464130,0,762,13255,3877,6599764,0,36129,0,1894210,3556194,0,5839,0,0,0,0,0,0,0,0,0,0,0,0,0,0,0,0
write,1286,4096,7253212,1048370,9438,1293,6183852,0,331,7544,2384,7253212,0,36129,3,2014557,4164197,0,2174,0,0,0,0,0,0,0,0,0,0,0,0,0,0,0,0
write,1287,4096,6516077,1039433,15610,1182,5447559,0,581,8806,2906,6516077,0,36129,11,1832725,3609474,0,2354,0,0,0,0,0,0,0,0,0,0,0,0,0,0,0,0
write,1288,4096,6613290,1033021,10911,851,5550964,0,340,14417,2786,6613290,0,36129,11,1877378,3670007,0,1334,0,0,0,0,0,0,0,0,0,0,0,0,0,0,0,0
write,1289,4096,6680146,1019977,9879,842,5635712,0,401,10640,2695,6680146,0,36129,11,1834789,3797438,0,1373,0,0,0,0,0,0,0,0,0,0,0,0,0,0,0,0
write,1290,4096,6745638,1017582,10800,852,5704582,0,451,8666,2705,6745638,0,36129,11,1887638,3813136,0,1603,0,0,0,0,0,0,0,0,0,0,0,0,0,0,0,0
write,1291,4096,6440164,1016931,10530,782,5398095,0,431,10700,2695,6440164,0,36129,11,1881977,3512121,0,1502,0,0,0,0,0,0,0,0,0,0,0,0,0,0,0,0
write,1292,4096,6438321,1038232,11091,921,5374512,0,431,9988,3146,6438321,0,36129,11,1800554,3570000,0,1644,0,0,0,0,0,0,0,0,0,0,0,0,0,0,0,0
write,1293,4096,6740650,1028744,10520,861,5687500,0,361,10229,2435,6740650,0,36129,11,1989940,3693702,0,1634,0,0,0,0,0,0,0,0,0,0,0,0,0,0,0,0
write,1294,4096,6442840,1028373,9679,841,5390451,0,471,10189,2836,6442840,0,36129,11,1802247,3584427,0,1592,0,0,0,0,0,0,0,0,0,0,0,0,0,0,0,0
write,1295,4096,6573244,1022642,10590,902,5526938,0,410,9127,2635,6573244,0,36129,11,1910160,3613151,0,1525,0,0,0,0,0,0,0,0,0,0,0,0,0,0,0,0
write,1296,4096,6495649,1020668,10099,892,5450995,0,481,10309,2205,6495649,0,36129,11,1848013,3598995,0,1482,0,0,0,0,0,0,0,0,0,0,0,0,0,0,0,0
write,1297,4096,6743174,1030567,10039,911,5689604,0,451,8947,2655,6743174,0,36129,11,1804271,3881325,0,1593,0,0,0,0,0,0,0,0,0,0,0,0,0,0,0,0
write,1298,4096,6956184,1039634,10559,742,5892134,0,471,10560,2084,6956184,0,36129,11,1897376,3991272,0,1402,0,0,0,0,0,0,0,0,0,0,0,0,0,0,0,0
write,1299,4096,7459290,1019165,10310,911,6417482,0,471,8736,2215,7459290,0,36129,11,1775047,4638438,0,1634,0,0,0,0,0,0,0,0,0,0,0,0,0,0,0,0
write,1300,4096,7850755,1020007,8616,751,6809689,0,391,9027,2274,7850755,0,36129,11,1927512,4878419,0,1554,0,0,0,0,0,0,0,0,0,0,0,0,0,0,0,0
write,1301,4096,7807795,1051076,9648,691,6735970,0,381,7745,2284,7807795,0,36129,11,1842353,4890171,0,1453,0,0,0,0,0,0,0,0,0,0,0,0,0,0,0,0
write,1302,4096,6775435,1025397,10150,811,5728507,0,280,8116,2174,6775435,0,36129,11,1893048,3832122,0,1352,0,0,0,0,0,0,0,0,0,0,0,0,0,0,0,0
write,1303,4096,6347320,1035757,7304,531,5292908,0,461,8225,2134,6347320,0,36129,11,1848194,3441819,0,1152,0,0,0,0,0,0,0,0,0,0,0,0,0,0,0,0
write,1304,4096,6529081,1032430,8326,631,5477796,0,290,7384,2224,6529081,0,36129,11,1799602,3675087,0,1262,0,0,0,0,0,0,0,0,0,0,0,0,0,0,0,0
write,1305,4096,6477915,1029425,7464,541,5429585,0,411,8325,2164,6477915,0,36129,11,1867570,3558839,0,1323,0,0,0,0,0,0,0,0,0,0,0,0,0,0,0,0
write,1306,4096,6621314,1030707,8716,762,5571511,0,261,7213,2144,6621314,0,36129,11,1791096,3777370,0,1083,0,0,0,0,0,0,0,0,0,0,0,0,0,0,0,0
write,1307,4096,6918003,1022121,7595,491,5877807,0,290,7605,2094,6918003,0,36129,11,1966656,3908606,0,1012,0,0,0,0,0,0,0,0,0,0,0,0,0,0,0,0
write,1308,4096,6683582,1027441,7364,501,5636664,0,301,9067,2244,6683582,0,36129,11,1784624,3849576,0,972,0,0,0,0,0,0,0,0,0,0,0,0,0,0,0,0
write,1309,4096,6935185,1037009,10620,741,5874782,0,441,8847,2745,6935185,0,36129,11,1918415,3952469,0,1533,0,0,0,0,0,0,0,0,0,0,0,0,0,0,0,0
write,1310,4096,6934233,1025287,10259,1212,5884340,0,411,9798,2926,6934233,0,36129,11,1862310,4017761,0,1674,0,0,0,0,0,0,0,0,0,0,0,0,0,0,0,0
write,1311,4096,6820660,1024626,11592,881,5770797,0,461,9227,3076,6820660,0,36129,11,1818298,3948250,0,1724,0,0,0,0,0,0,0,0,0,0,0,0,0,0,0,0
write,1312,4096,43296957,1016641,9137,731,42248928,0,951,13666,6903,43296957,0,36129,11,38384033,3857360,0,2424,0,0,0,0,0,0,0,0,0,0,0,0,0,0,0,0
write,1313,4096,6551774,1023083,11311,1212,5503725,0,390,9128,2925,6551774,0,36129,11,1931210,3566423,0,2546,0,0,0,0,0,0,0,0,0,0,0,0,0,0,0,0
write,1314,4096,6811212,984450,10831,881,5802656,0,361,9368,2665,6811212,0,36129,11,2174126,3624803,0,1553,0,0,0,0,0,0,0,0,0,0,0,0,0,0,0,0
write,1315,4096,6351988,1013054,10259,781,5316252,0,381,9147,2114,6351988,0,36129,11,1787038,3525706,0,1404,0,0,0,0,0,0,0,0,0,0,0,0,0,0,0,0
write,1316,4096,6349113,874043,9187,761,5452358,0,411,10169,2184,6349113,0,36129,11,1838255,3610616,0,1474,0,0,0,0,0,0,0,0,0,0,0,0,0,0,0,0
write,1317,4096,6577813,993237,10099,721,5563256,0,391,7705,2404,6577813,0,36129,11,1829759,3730091,0,1333,0,0,0,0,0,0,0,0,0,0,0,0,0,0,0,0
write,1318,4096,6347971,876998,9368,852,5447488,0,411,10820,2034,6347971,0,36129,11,1745721,3698512,0,1323,0,0,0,0,0,0,0,0,0,0,0,0,0,0,0,0
write,1319,4096,6300131,997916,10369,762,5280655,0,410,7745,2274,6300131,0,36129,11,1898197,3378890,0,1435,0,0,0,0,0,0,0,0,0,0,0,0,0,0,0,0
write,1320,4096,6691878,933254,10721,791,5735540,0,421,8726,2425,6691878,0,36129,11,1801717,3929856,0,1533,0,0,0,0,0,0,0,0,0,0,0,0,0,0,0,0
write,1321,4096,6370764,887147,9338,691,5461906,0,410,8797,2475,6370764,0,36129,11,1876717,3581752,0,1403,0,0,0,0,0,0,0,0,0,0,0,0,0,0,0,0
write,1322,4096,7100716,1004017,10500,701,6071231,0,431,11452,2384,7100716,0,36129,11,1796046,4271659,0,1373,0,0,0,0,0,0,0,0,0,0,0,0,0,0,0,0
write,1323,4096,6703209,934346,9057,852,5745468,0,451,10240,2795,6703209,0,36129,11,1862681,3879351,0,1443,0,0,0,0,0,0,0,0,0,0,0,0,0,0,0,0
write,1324,4096,6653926,1012843,11061,862,5618029,0,421,7875,2835,6653926,0,36129,11,1869654,3743986,0,1884,0,0,0,0,0,0,0,0,0,0,0,0,0,0,0,0
write,1325,4096,6515075,1021920,10831,942,5470602,0,390,8005,2385,6515075,0,36129,11,1795214,3671340,0,1814,0,0,0,0,0,0,0,0,0,0,0,0,0,0,0,0
write,1326,4096,6382576,937682,10340,811,5422802,0,341,8235,2365,6382576,0,36129,11,1874573,3544702,0,1472,0,0,0,0,0,0,0,0,0,0,0,0,0,0,0,0
write,1327,4096,6194433,884363,8996,922,5289221,0,351,8196,2384,6194433,0,36129,11,1780136,3506100,0,1252,0,0,0,0,0,0,0,0,0,0,0,0,0,0,0,0
write,1328,4096,6713638,888570,9057,621,5802907,0,420,9418,2645,6713638,0,36129,11,1914738,3884561,0,1503,0,0,0,0,0,0,0,0,0,0,0,0,0,0,0,0
write,1329,4096,6234137,915280,9428,732,5296935,0,391,9448,1923,6234137,0,36129,11,1765699,3527760,0,1425,0,0,0,0,0,0,0,0,0,0,0,0,0,0,0,0
write,1330,4096,6782147,1018454,10290,791,5740269,0,481,9257,2605,6782147,0,36129,11,1915881,3820530,0,1603,0,0,0,0,0,0,0,0,0,0,0,0,0,0,0,0
write,1331,4096,6503203,917114,9237,772,5564398,0,340,9338,2004,6503203,0,36129,11,1789544,3771709,0,1232,0,0,0,0,0,0,0,0,0,0,0,0,0,0,0,0
write,1332,4096,6378047,891225,9698,711,5465052,0,401,8556,2404,6378047,0,36129,11,1731194,3730311,0,1333,0,0,0,0,0,0,0,0,0,0,0,0,0,0,0,0
write,1333,4096,6782768,969242,10519,852,5790203,0,381,9357,2214,6782768,0,36129,11,1896745,3889921,0,1451,0,0,0,0,0,0,0,0,0,0,0,0,0,0,0,0
write,1334,4096,7037277,868903,9348,781,6146773,0,371,9087,2014,7037277,0,36129,11,1766270,4377167,0,1312,0,0,0,0,0,0,0,0,0,0,0,0,0,0,0,0
write,1335,4096,6667371,937321,9678,872,5707648,0,390,8937,2525,6667371,0,36129,11,1974642,3729320,0,1402,0,0,0,0,0,0,0,0,0,0,0,0,0,0,0,0
write,1336,4096,6273120,936330,11972,1563,5311934,0,561,7664,3096,6273120,0,36129,0,1936870,3369272,0,2324,0,0,0,0,0,0,0,0,0,0,0,0,0,0,0,0
write,1337,4096,5909667,1052799,6532,491,4840137,0,231,7343,2134,5909667,0,36129,0,1850288,2987365,0,1043,0,0,0,0,0,0,0,0,0,0,0,0,0,0,0,0
write,1338,4096,6025354,1040576,12403,591,4962086,0,201,7363,2134,6025354,0,36129,0,1838595,3120746,0,1041,0,0,0,0,0,0,0,0,0,0,0,0,0,0,0,0
write,1339,4096,6062214,1076824,6212,481,4966064,0,470,8506,3657,6062214,0,36129,0,1720013,3243476,0,1252,0,0,0,0,0,0,0,0,0,0,0,0,0,0,0,0
write,1340,4096,6057536,1050385,6452,901,4989278,0,230,7675,2615,6057536,0,36129,0,1848284,3137907,0,1444,0,0,0,0,0,0,0,0,0,0,0,0,0,0,0,0
write,1341,4096,6294290,1055624,7564,1162,5219921,0,281,7524,2214,6294290,0,36129,0,1757062,3458300,0,1754,0,0,0,0,0,0,0,0,0,0,0,0,0,0,0,0
write,1342,4096,6290643,1056335,6342,451,5218689,0,210,6482,2134,6290643,0,36129,0,1865226,3351258,0,863,0,0,0,0,0,0,0,0,0,0,0,0,0,0,0,0
write,1343,4096,6027038,1031308,6172,441,4979569,0,220,7204,2124,6027038,0,36129,0,1776769,3200556,0,832,0,0,0,0,0,0,0,0,0,0,0,0,0,0,0,0
write,1344,4096,6164076,1053070,6131,431,5095036,0,221,7053,2134,6164076,0,36129,0,1855427,3237305,0,882,0,0,0,0,0,0,0,0,0,0,0,0,0,0,0,0
write,1345,4096,6140611,1039754,7324,481,5082913,0,260,7525,2354,6140611,0,36129,0,1842794,3237374,0,971,0,0,0,0,0,0,0,0,0,0,0,0,0,0,0,0
write,1346,4096,5923754,1041708,7104,480,4864654,0,250,7474,2084,5923754,0,36129,0,1746002,3116086,0,931,0,0,0,0,0,0,0,0,0,0,0,0,0,0,0,0
write,1347,4096,5923693,1031118,6221,481,4875864,0,241,7674,2094,5923693,0,36129,0,1831382,3042368,0,882,0,0,0,0,0,0,0,0,0,0,0,0,0,0,0,0
write,1348,4096,5923854,1036328,6342,470,4870855,0,231,7494,2134,5923854,0,36129,0,1730984,3137677,0,882,0,0,0,0,0,0,0,0,0,0,0,0,0,0,0,0
write,1349,4096,5884360,1036458,6342,421,4832042,0,200,6833,2064,5884360,0,36129,0,1701027,3128911,0,852,0,0,0,0,0,0,0,0,0,0,0,0,0,0,0,0
write,1350,4096,5916850,1068638,6963,391,4831851,0,271,6652,2084,5916850,0,36129,0,1768764,3060893,0,853,0,0,0,0,0,0,0,0,0,0,0,0,0,0,0,0
write,1351,4096,6149017,1043110,6322,461,5089396,0,240,7394,2094,6149017,0,36129,0,1818478,3268853,0,830,0,0,0,0,0,0,0,0,0,0,0,0,0,0,0,0
write,1352,4096,6228727,1042309,6272,501,5170338,0,250,6983,2074,6228727,0,36129,0,1836852,3331361,0,830,0,0,0,0,0,0,0,0,0,0,0,0,0,0,0,0
write,1353,4096,6159727,1044453,6673,500,5097732,0,250,7965,2154,6159727,0,36129,0,1710786,3384771,0,791,0,0,0,0,0,0,0,0,0,0,0,0,0,0,0,0
write,1354,4096,6277759,1044072,6232,460,5217537,0,230,7104,2124,6277759,0,36129,0,1863914,3351388,0,880,0,0,0,0,0,0,0,0,0,0,0,0,0,0,0,0
write,1355,4096,6335408,1039033,6432,431,5280575,0,251,6542,2144,6335408,0,36129,0,1725824,3552476,0,851,0,0,0,0,0,0,0,0,0,0,0,0,0,0,0,0
write,1356,4096,6320600,1042460,8426,470,5258093,0,281,7384,3486,6320600,0,36129,0,1840549,3414968,0,1082,0,0,0,0,0,0,0,0,0,0,0,0,0,0,0,0
write,1357,4096,6376294,1041638,6141,511,5318156,0,220,7544,2084,6376294,0,36129,0,1772251,3542488,0,1644,0,0,0,0,0,0,0,0,0,0,0,0,0,0,0,0
write,1358,4096,6516197,1029705,6352,451,5469901,0,210,7524,2054,6516197,0,36129,0,1818027,3649639,0,843,0,0,0,0,0,0,0,0,0,0,0,0,0,0,0,0
write,1359,4096,6332752,1030156,6171,451,5285875,0,231,7794,2074,6332752,0,36129,0,1810293,3473318,0,862,0,0,0,0,0,0,0,0,0,0,0,0,0,0,0,0
write,1360,4096,6189613,1034734,6232,441,5137736,0,271,7975,2224,6189613,0,36129,0,1727126,3408296,0,973,0,0,0,0,0,0,0,0,0,0,0,0,0,0,0,0
write,1361,4096,6224900,1035947,6733,501,5172331,0,250,7034,2104,6224900,0,36129,0,1849877,3320211,0,870,0,0,0,0,0,0,0,0,0,0,0,0,0,0,0,0
write,1362,4096,5755859,1059001,6462,631,4680337,0,310,7044,2074,5755859,0,36129,0,1742275,2933624,0,1333,0,0,0,0,0,0,0,0,0,0,0,0,0,0,0,0
write,1363,4096,6063567,1025338,6321,451,5021528,0,241,7614,2074,6063567,0,36129,0,1843886,3175438,0,802,0,0,0,0,0,0,0,0,0,0,0,0,0,0,0,0
write,1364,4096,5860334,1031018,6331,421,4813327,0,260,6873,2104,5860334,0,36129,0,1785155,3025978,0,831,0,0,0,0,0,0,0,0,0,0,0,0,0,0,0,0
write,1365,4096,5891293,1025157,6212,440,4849084,0,281,8025,2094,5891293,0,36129,0,1712719,3134251,0,842,0,0,0,0,0,0,0,0,0,0,0,0,0,0,0,0
write,1366,4096,6021227,1042459,6352,451,4962076,0,210,7534,2145,6021227,0,36129,0,1802397,3157445,0,850,0,0,0,0,0,0,0,0,0,0,0,0,0,0,0,0
write,1367,4096,6104574,1028353,6132,400,5059249,0,291,7875,2274,6104574,0,36129,0,1732316,3324478,0,1082,0,0,0,0,0,0,0,0,0,0,0,0,0,0,0,0
write,1368,4096,5969078,1033672,6973,491,4917833,0,281,7694,2134,5969078,0,36129,0,1922894,2992414,0,1062,0,0,0,0,0,0,0,0,0,0,0,0,0,0,0,0
write,1369,4096,6080669,1039975,6292,431,5024022,0,261,7524,2164,6080669,0,36129,0,1719441,3302427,0,893,0,0,0,0,0,0,0,0,0,0,0,0,0,0,0,0
write,1370,4096,6142975,1033733,6372,400,5092372,0,240,7755,2103,6142975,0,36129,0,1822075,3268172,0,821,0,0,0,0,0,0,0,0,0,0,0,0,0,0,0,0
write,1371,4096,5764034,1027241,7444,581,4719280,0,260,7094,2134,5764034,0,36129,0,1764096,2952870,0,901,0,0,0,0,0,0,0,0,0,0,0,0,0,0,0,0
write,1372,4096,5859073,1023815,6822,431,4809840,0,241,14788,3136,5859073,0,36129,0,1739850,3067375,0,892,0,0,0,0,0,0,0,0,0,0,0,0,0,0,0,0
write,1373,4096,7179715,1078277,7564,471,6074036,0,972,13065,5330,7179715,0,36129,0,2004658,4058408,0,2664,0,0,0,0,0,0,0,0,0,0,0,0,0,0,0,0
write,1374,4096,6777428,1047989,9097,1343,5706986,0,371,9047,2595,6777428,0,36129,11,1869304,3831181,0,2735,0,0,0,0,0,0,0,0,0,0,0,0,0,0,0,0
write,1375,4096,7035343,1041908,7965,842,5965041,0,391,16921,2275,7035343,0,36129,11,2004046,3956837,0,1764,0,0,0,0,0,0,0,0,0,0,0,0,0,0,0,0
write,1376,4096,6386934,1042860,9117,761,5322915,0,431,8726,2124,6386934,0,36129,11,1834899,3484339,0,1462,0,0,0,0,0,0,0,0,0,0,0,0,0,0,0,0
write,1377,4096,6621425,1138720,9508,731,5462046,0,361,7534,2525,6621425,0,36129,11,1923265,3535214,0,1312,0,0,0,0,0,0,0,0,0,0,0,0,0,0,0,0
write,1378,4096,7648295,1038021,10320,871,6587732,0,371,8526,2454,7648295,0,36129,11,2893929,3689645,0,1534,0,0,0,0,0,0,0,0,0,0,0,0,0,0,0,0
write,1379,4096,6828434,947792,7023,641,5862138,0,310,8076,2454,6828434,0,36129,11,1755089,4104014,0,1052,0,0,0,0,0,0,0,0,0,0,0,0,0,0,0,0
write,1380,4096,6673613,978189,7123,601,5677641,0,371,7434,2254,6673613,0,36129,11,1841240,3833184,0,1112,0,0,0,0,0,0,0,0,0,0,0,0,0,0,0,0
write,1381,4096,7069046,1042299,6202,631,6004074,0,391,12995,2454,7069046,0,36129,11,1788011,4212397,0,1253,0,0,0,0,0,0,0,0,0,0,0,0,0,0,0,0
write,1382,4096,7416971,1093335,7615,781,6304620,0,491,7584,2545,7416971,0,36129,11,2049622,4251280,0,1542,0,0,0,0,0,0,0,0,0,0,0,0,0,0,0,0
write,1383,4096,6949412,1084960,7934,792,5844515,0,350,8406,2455,6949412,0,36129,11,1856259,3984720,0,1352,0,0,0,0,0,0,0,0,0,0,0,0,0,0,0,0
write,1384,4096,6728356,966236,7194,601,5744276,0,341,7484,2224,6728356,0,36129,11,1866348,3874782,0,1141,0,0,0,0,0,0,0,0,0,0,0,0,0,0,0,0
write,1385,4096,7254805,1141475,7735,581,6094054,0,391,8185,2384,7254805,0,36129,11,1851701,4239188,0,1202,0,0,0,0,0,0,0,0,0,0,0,0,0,0,0,0
write,1386,4096,7313826,1091782,10650,1112,6197508,0,421,9728,2625,7313826,0,36129,11,1836672,4356017,0,2194,0,0,0,0,0,0,0,0,0,0,0,0,0,0,0,0
write,1387,4096,5947458,1104836,7525,631,4818777,0,551,12092,3046,5947458,0,36129,11,2111709,2557316,0,2275,0,0,0,0,0,0,0,0,0,0,0,0,0,0,0,0
write,1388,4096,5057526,1105428,9498,801,3927733,0,330,11352,2384,5057526,0,36129,11,1883530,2040505,0,1584,0,0,0,0,0,0,0,0,0,0,0,0,0,0,0,0
write,1389,4096,5074788,1099597,8566,601,3954091,0,331,9047,2555,5074788,0,36129,11,1923896,2027040,0,1271,0,0,0,0,0,0,0,0,0,0,0,0,0,0,0,0
write,1390,4096,5083003,1104816,7735,531,3958219,0,351,9127,2224,5083003,0,36129,11,1907525,2047798,0,1173,0,0,0,0,0,0,0,0,0,0,0,0,0,0,0,0
write,1391,4096,5000488,1120967,11732,1072,3851058,0,481,12473,2705,5000488,0,36129,11,1816023,2029705,0,2326,0,0,0,0,0,0,0,0,0,0,0,0,0,0,0,0
write,1392,4096,5182761,1075782,11692,882,4079006,0,501,12474,2424,5182761,0,36129,11,2028773,2045815,0,1794,0,0,0,0,0,0,0,0,0,0,0,0,0,0,0,0
write,1393,4096,5089095,1087875,10510,952,3975983,0,781,9588,3406,5089095,0,36129,11,1839227,2130935,0,2585,0,0,0,0,0,0,0,0,0,0,0,0,0,0,0,0
write,1394,4096,5127928,1088866,10630,932,4016599,0,371,8205,2325,5127928,0,36129,2,1953231,2058749,0,2164,0,0,0,0,0,0,0,0,0,0,0,0,0,0,0,0
write,1395,4096,5053929,1090359,7905,611,3938773,0,612,13415,2254,5053929,0,36129,2,1864875,2069881,0,1944,0,0,0,0,0,0,0,0,0,0,0,0,0,0,0,0
write,1396,4096,5101839,1095149,8566,871,3985772,0,330,8857,2294,5101839,0,36129,3,1938644,2042619,0,1793,0,0,0,0,0,0,0,0,0,0,0,0,0,0,0,0
write,1397,4096,5047096,1084659,8445,622,3942430,0,320,8446,2174,5047096,0,36129,3,1931099,2007824,0,1363,0,0,0,0,0,0,0,0,0,0,0,0,0,0,0,0
write,1398,4096,5020476,1105077,13986,1213,3884481,0,651,12113,2955,5020476,0,36129,11,1834017,2044793,0,2574,0,0,0,0,0,0,0,0,0,0,0,0,0,0,0,0
write,1399,4096,5360545,1103884,9698,1153,4233887,0,421,9237,2265,5360545,0,36129,11,2008715,2220123,0,1934,0,0,0,0,0,0,0,0,0,0,0,0,0,0,0,0
write,1400,4096,5024082,1093264,7615,992,3910239,0,340,8737,2895,5024082,0,36129,11,1846371,2059671,0,1662,0,0,0,0,0,0,0,0,0,0,0,0,0,0,0,0
write,1401,4096,5040534,1089237,7815,651,3931760,0,341,8365,2365,5040534,0,36129,11,1920129,2008405,0,1342,0,0,0,0,0,0,0,0,0,0,0,0,0,0,0,0
write,1402,4096,4949082,1077335,7975,561,3852411,0,331,8275,2194,4949082,0,36129,11,1843174,2006411,0,1132,0,0,0,0,0,0,0,0,0,0,0,0,0,0,0,0
write,1403,4096,4901101,1075381,7885,591,3804661,0,350,9538,2695,4901101,0,36129,11,1802568,1999368,0,1082,0,0,0,0,0,0,0,0,0,0,0,0,0,0,0,0
write,1404,4096,5014164,1085359,8206,531,3907895,0,381,9367,2425,5014164,0,36129,11,1897837,2006953,0,1303,0,0,0,0,0,0,0,0,0,0,0,0,0,0,0,0
write,1405,4096,4939694,1078647,8877,671,3834687,0,441,13976,2395,4939694,0,36129,11,1807467,2023733,0,1330,0,0,0,0,0,0,0,0,0,0,0,0,0,0,0,0
write,1406,4096,5162663,1089778,8807,631,4046555,0,471,13746,2675,5162663,0,36129,11,1994338,2048631,0,1552,0,0,0,0,0,0,0,0,0,0,0,0,0,0,0,0
write,1407,4096,5010768,1077265,10490,721,3910560,0,371,9177,2184,5010768,0,36129,11,1869083,2037439,0,1633,0,0,0,0,0,0,0,0,0,0,0,0,0,0,0,0
write,1408,4096,13332528,1074369,7915,812,12237791,0,360,8486,2795,13332528,0,36129,11,10211974,2022301,0,1352,0,0,0,0,0,0,0,0,0,0,0,0,0,0,0,0
write,1409,4096,5243896,1082895,8667,701,4138308,0,451,10520,2354,5243896,0,36129,11,2112110,2022080,0,1773,0,0,0,0,0,0,0,0,0,0,0,0,0,0,0,0
write,1410,4096,5067655,1089949,9477,912,3950555,0,411,9698,6653,5067655,0,36129,11,1930579,2016129,0,1511,0,0,0,0,0,0,0,0,0,0,0,0,0,0,0,0
write,1411,4096,6500107,1078036,8767,781,5399889,0,451,9197,2986,6500107,0,36129,11,1816995,3578787,0,1742,0,0,0,0,0,0,0,0,0,0,0,0,0,0,0,0
write,1412,4096,7161720,1083005,9688,822,6057185,0,380,7995,2645,7161720,0,36129,11,2005450,4048048,0,1451,0,0,0,0,0,0,0,0,0,0,0,0,0,0,0,0
write,1413,4096,6839084,1071203,8606,631,5748144,0,381,7714,2405,6839084,0,36129,11,1844337,3900331,0,1353,0,0,0,0,0,0,0,0,0,0,0,0,0,0,0,0
write,1414,4096,7394397,1068097,9428,751,6305141,0,451,8205,2324,7394397,0,36129,11,1914288,4387045,0,1615,0,0,0,0,0,0,0,0,0,0,0,0,0,0,0,0
write,1415,4096,7169525,1067407,8976,672,6078254,0,400,10981,2835,7169525,0,36129,11,1873571,4200505,0,1833,0,0,0,0,0,0,0,0,0,0,0,0,0,0,0,0
write,1416,4096,7113801,1072777,11291,912,6013612,0,451,11472,3286,7113801,0,36129,11,1925920,4082784,0,1931,0,0,0,0,0,0,0,0,0,0,0,0,0,0,0,0
write,1417,4096,6907393,1084609,11551,1052,5795363,0,401,11591,2826,6907393,0,36129,11,1916953,3873621,0,2024,0,0,0,0,0,0,0,0,0,0,0,0,0,0,0,0
write,1418,4096,6806042,1068628,11031,822,5712486,0,391,10349,2335,6806042,0,36129,11,1801486,3906532,0,1675,0,0,0,0,0,0,0,0,0,0,0,0,0,0,0,0
write,1419,4096,29432257,1066294,11000,892,28333783,0,852,12423,7013,29432257,0,36129,11,24166240,4159467,0,2285,0,0,0,0,0,0,0,0,0,0,0,0,0,0,0,0
write,1420,4096,6814759,1106730,13185,1513,5681999,0,431,8486,2415,6814759,0,36129,11,1925990,3750088,0,2423,0,0,0,0,0,0,0,0,0,0,0,0,0,0,0,0
write,1421,4096,6979137,947391,10730,801,6005247,0,451,12183,2334,6979137,0,36129,11,2071924,3929184,0,1604,0,0,0,0,0,0,0,0,0,0,0,0,0,0,0,0
write,1422,4096,6071381,1003816,7635,631,5050392,0,351,6662,1894,6071381,0,36129,11,1826563,3220573,0,1202,0,0,0,0,0,0,0,0,0,0,0,0,0,0,0,0
write,1423,4096,5665759,880656,6802,652,4766458,0,301,8636,2254,5665759,0,36129,11,1758135,3005158,0,1273,0,0,0,0,0,0,0,0,0,0,0,0,0,0,0,0
write,1424,4096,6269884,1070261,7274,581,5182060,0,351,7313,2044,6269884,0,36129,11,1885153,3293971,0,1132,0,0,0,0,0,0,0,0,0,0,0,0,0,0,0,0
write,1425,4096,5764083,901043,6573,601,4844986,0,321,8275,2284,5764083,0,36129,11,1727457,3114724,0,1043,0,0,0,0,0,0,0,0,0,0,0,0,0,0,0,0
write,1426,4096,6112759,1065072,7364,881,5014645,0,471,22412,1914,6112759,0,36129,11,1839918,3170719,0,1433,0,0,0,0,0,0,0,0,0,0,0,0,0,0,0,0
write,1427,4096,5975351,880805,7424,601,5076111,0,331,7734,2345,5975351,0,36129,11,1809170,3263925,0,1182,0,0,0,0,0,0,0,0,0,0,0,0,0,0,0,0
write,1428,4096,5820620,1072156,7193,641,4728367,0,331,9939,1993,5820620,0,36129,11,1737836,2987675,0,1090,0,0,0,0,0,0,0,0,0,0,0,0,0,0,0,0
write,1429,4096,5823515,899490,7134,571,4907603,0,331,6492,1894,5823515,0,36129,11,1849546,3055233,0,1043,0,0,0,0,0,0,0,0,0,0,0,0,0,0,0,0
write,1430,4096,5676940,882549,7003,571,4776778,0,321,7494,2224,5676940,0,36129,11,1742705,3031308,0,1031,0,0,0,0,0,0,0,0,0,0,0,0,0,0,0,0
write,1431,4096,5945244,997986,6762,531,4929475,0,341,7845,2304,5945244,0,36129,11,1870355,3056395,0,1041,0,0,0,0,0,0,0,0,0,0,0,0,0,0,0,0
write,1432,4096,6155780,1000701,7013,541,5135752,0,271,8997,2505,6155780,0,36129,11,1759317,3373571,0,1022,0,0,0,0,0,0,0,0,0,0,0,0,0,0,0,0
write,1433,4096,6799549,986774,7084,571,5791565,0,361,11211,1983,6799549,0,36129,11,1848384,3940136,0,1092,0,0,0,0,0,0,0,0,0,0,0,0,0,0,0,0
write,1434,4096,5805732,882178,7444,581,4901433,0,541,9007,4548,5805732,0,36129,11,1788451,3109484,0,1322,0,0,0,0,0,0,0,0,0,0,0,0,0,0,0,0
write,1435,4096,5959912,877690,9518,901,5060872,0,391,8196,2344,5959912,0,36129,11,1780266,3276198,0,1694,0,0,0,0,0,0,0,0,0,0,0,0,0,0,0,0
write,1436,4096,5899017,870786,9378,902,5006940,0,391,8225,2395,5899017,0,36129,11,1850518,3152716,0,1402,0,0,0,0,0,0,0,0,0,0,0,0,0,0,0,0
write,1437,4096,6065971,885995,9388,681,5158255,0,421,8846,2385,6065971,0,36129,11,1785676,3369022,0,1393,0,0,0,0,0,0,0,0,0,0,0,0,0,0,0,0
write,1438,4096,6182880,875856,9478,821,5286145,0,431,7534,2615,6182880,0,36129,11,1883771,3398828,0,1402,0,0,0,0,0,0,0,0,0,0,0,0,0,0,0,0
write,1439,4096,5958870,875526,8756,742,5061723,0,371,9368,2384,5958870,0,36129,11,1759707,3298550,0,1322,0,0,0,0,0,0,0,0,0,0,0,0,0,0,0,0
write,1440,4096,6000578,876157,9247,862,5102800,0,441,8747,2324,6000578,0,36129,11,1862160,3237174,0,1303,0,0,0,0,0,0,0,0,0,0,0,0,0,0,0,0
write,1441,4096,5809058,860888,9097,822,4927090,0,421,8356,2384,5809058,0,36129,11,1813399,3110286,0,1233,0,0,0,0,0,0,0,0,0,0,0,0,0,0,0,0
write,1442,4096,6041435,1104977,7043,621,4919286,0,321,7133,2054,6041435,0,36129,11,1734490,3181940,0,1072,0,0,0,0,0,0,0,0,0,0,0,0,0,0,0,0
write,1443,4096,6136544,1109686,6833,581,5007361,0,501,9438,2144,6136544,0,36129,11,1830050,3173835,0,1313,0,0,0,0,0,0,0,0,0,0,0,0,0,0,0,0
write,1444,4096,5823044,872490,6903,831,4930086,0,341,10149,2244,5823044,0,36129,11,1771940,3154268,0,1413,0,0,0,0,0,0,0,0,0,0,0,0,0,0,0,0
write,1445,4096,6307665,1113964,7845,651,5173383,0,371,9157,2294,6307665,0,36129,11,1892167,3278081,0,1182,0,0,0,0,0,0,0,0,0,0,0,0,0,0,0,0
write,1446,4096,6135051,1037420,6713,611,5079607,0,361,8075,2264,6135051,0,36129,11,1793461,3283291,0,1072,0,0,0,0,0,0,0,0,0,0,0,0,0,0,0,0
write,1447,4096,6066852,1018214,6802,572,5031646,0,251,7153,2214,6066852,0,36129,11,1839988,3188834,0,1033,0,0,0,0,0,0,0,0,0,0,0,0,0,0,0,0
write,1448,4096,6417993,1001823,6222,721,5396322,0,461,10179,2265,6417993,0,36129,11,1825411,3566854,0,1563,0,0,0,0,0,0,0,0,0,0,0,0,0,0,0,0
write,1449,4096,5894398,1101169,8316,781,4774624,0,361,6983,2164,5894398,0,36129,11,1776369,2994979,0,1282,0,0,0,0,0,0,0,0,0,0,0,0,0,0,0,0
write,1450,4096,5712587,883040,6913,561,4810221,0,410,8847,2595,5712587,0,36129,11,1813168,2993696,0,1111,0,0,0,0,0,0,0,0,0,0,0,0,0,0,0,0
write,1451,4096,6528961,1008997,6712,872,5500488,0,621,7725,3546,6528961,0,36129,11,1786608,3707999,0,2485,0,0,0,0,0,0,0,0,0,0,0,0,0,0,0,0
write,1452,4096,6479719,1095920,7514,942,5363851,0,511,8416,2565,6479719,0,36129,2,1965905,3392616,0,2446,0,0,0,0,0,0,0,0,0,0,0,0,0,0,0,0
write,1453,4096,6055361,1010529,7063,671,5024935,0,270,9548,2345,6055361,0,36129,0,1823136,3198271,0,1494,0,0,0,0,0,0,0,0,0,0,0,0,0,0,0,0
write,1454,4096,6068505,1014677,8526,741,5034182,0,311,7744,2324,6068505,0,36129,0,1842393,3188423,0,1402,0,0,0,0,0,0,0,0,0,0,0,0,0,0,0,0
write,1455,4096,5839846,992065,6522,451,4829647,0,491,7895,2775,5839846,0,36129,0,1826092,3000028,0,1404,0,0,0,0,0,0,0,0,0,0,0,0,0,0,0,0
write,1456,4096,6029082,1013755,7775,661,4996291,0,260,8065,2275,6029082,0,36129,0,1765949,3227315,0,1252,0,0,0,0,0,0,0,0,0,0,0,0,0,0,0,0
write,1457,4096,6538559,1017703,6502,511,5503534,0,210,7885,2214,6538559,0,36129,0,1849737,3651503,0,852,0,0,0,0,0,0,0,0,0,0,0,0,0,0,0,0
write,1458,4096,6254716,1093906,6682,461,5143217,0,261,7975,2214,6254716,0,36129,0,1738538,3402305,0,910,0,0,0,0,0,0,0,0,0,0,0,0,0,0,0,0
write,1459,4096,5930507,1068468,9047,1122,4839156,0,481,9578,2655,5930507,0,36129,11,1790165,3044232,0,2122,0,0,0,0,0,0,0,0,0,0,0,0,0,0,0,0
write,1460,4096,5749937,892096,7034,571,4839445,0,271,8205,2315,5749937,0,36129,11,1785847,3050944,0,1022,0,0,0,0,0,0,0,0,0,0,0,0,0,0,0,0
write,1461,4096,6108641,1115166,9337,802,4970672,0,401,9839,2424,6108641,0,36129,11,1846310,3120786,0,1542,0,0,0,0,0,0,0,0,0,0,0,0,0,0,0,0
write,1462,4096,6083273,881887,9098,691,5180236,0,341,8706,2314,6083273,0,36129,11,1864284,3312676,0,1302,0,0,0,0,0,0,0,0,0,0,0,0,0,0,0,0
write,1463,4096,5922351,893039,8856,742,5007772,0,401,9317,2224,5922351,0,36129,11,1754598,3249929,0,1223,0,0,0,0,0,0,0,0,0,0,0,0,0,0,0,0
write,1464,4096,6249726,868873,9007,781,5356919,0,451,11752,1943,6249726,0,36129,11,1887628,3465714,0,1474,0,0,0,0,0,0,0,0,0,0,0,0,0,0,0,0
write,1465,4096,5781817,875496,9928,692,4883709,0,350,9418,2224,5781817,0,36129,11,1736533,3143949,0,1293,0,0,0,0,0,0,0,0,0,0,0,0,0,0,0,0
write,1466,4096,6035013,872520,8967,701,5141253,0,421,8686,2465,6035013,0,36129,11,1830350,3307206,0,1533,0,0,0,0,0,0,0,0,0,0,0,0,0,0,0,0
write,1467,4096,6032989,888570,9628,721,5120915,0,461,9548,3146,6032989,0,36129,11,1815903,3301395,0,1393,0,0,0,0,0,0,0,0,0,0,0,0,0,0,0,0
write,1468,4096,6841649,900373,11551,1523,5904157,0,922,18425,4698,6841649,0,36129,11,2010810,3880273,0,6021,0,0,0,0,0,0,0,0,0,0,0,0,0,0,0,0
write,1469,4096,6031767,898689,8416,1032,5111888,0,290,8927,2525,6031767,0,36129,11,1867400,3238197,0,2054,0,0,0,0,0,0,0,0,0,0,0,0,0,0,0,0
write,1470,4096,6138036,880134,9508,701,5242003,0,480,2886,2324,6138036,0,36129,11,1781980,3455996,0,1433,0,0,0,0,0,0,0,0,0,0,0,0,0,0,0,0
write,1471,4096,6261118,885775,8897,701,5354133,0,441,8847,2324,6261118,0,36129,11,1940567,3409678,0,1661,0,0,0,0,0,0,0,0,0,0,0,0,0,0,0,0
write,1472,4096,5981312,883190,9568,781,5076271,0,411,8846,2245,5981312,0,36129,11,1764777,3307727,0,1482,0,0,0,0,0,0,0,0,0,0,0,0,0,0,0,0
write,1473,4096,6164796,891174,9278,801,5251711,0,411,9187,2234,6164796,0,36129,11,1838235,3409819,0,1524,0,0,0,0,0,0,0,0,0,0,0,0,0,0,0,0
write,1474,4096,6000007,885094,9147,781,5093353,0,421,9398,1813,6000007,0,36129,11,1794263,3295734,0,1272,0,0,0,0,0,0,0,0,0,0,0,0,0,0,0,0
write,1475,4096,5737514,896665,9157,812,4818025,0,451,9879,2525,5737514,0,36129,11,1730583,3083826,0,1372,0,0,0,0,0,0,0,0,0,0,0,0,0,0,0,0
write,1476,4096,6067324,877630,9628,802,5165648,0,331,10420,2865,6067324,0,36129,11,1837343,3324518,0,1603,0,0,0,0,0,0,0,0,0,0,0,0,0,0,0,0
write,1477,4096,5891744,891516,9477,772,4977645,0,411,9368,2555,5891744,0,36129,11,1728840,3245129,0,1492,0,0,0,0,0,0,0,0,0,0,0,0,0,0,0,0
write,1478,4096,6073966,884002,9237,742,5169386,0,410,7975,2214,6073966,0,36129,11,1943753,3222106,0,1393,0,0,0,0,0,0,0,0,0,0,0,0,0,0,0,0
write,1479,4096,5823696,883791,8807,771,4918124,0,301,9748,2154,5823696,0,36129,11,1753115,3161563,0,1322,0,0,0,0,0,0,0,0,0,0,0,0,0,0,0,0
write,1480,4096,6052145,883100,8776,882,5146503,0,410,10169,2305,6052145,0,36129,11,1846460,3296466,0,1452,0,0,0,0,0,0,0,0,0,0,0,0,0,0,0,0
write,1481,4096,6362147,888049,9648,711,5450985,0,401,9899,2454,6362147,0,36129,11,1793722,3653707,0,1402,0,0,0,0,0,0,0,0,0,0,0,0,0,0,0,0
write,1482,4096,6607389,883861,9538,832,5700654,0,361,10049,2094,6607389,0,36129,11,1750500,3946648,0,1392,0,0,0,0,0,0,0,0,0,0,0,0,0,0,0,0
write,1483,4096,6024934,884041,8917,791,5119523,0,380,9148,2134,6024934,0,36129,11,1850839,3265157,0,1383,0,0,0,0,0,0,0,0,0,0,0,0,0,0,0,0
write,1484,4096,5833224,882409,9257,721,4927912,0,381,8877,3667,5833224,0,36129,11,1775027,3148548,0,1614,0,0,0,0,0,0,0,0,0,0,0,0,0,0,0,0
write,1485,4096,5978516,884402,7574,892,5074968,0,331,8035,2314,5978516,0,36129,11,1957429,3113512,0,1513,0,0,0,0,0,0,0,0,0,0,0,0,0,0,0,0
write,1486,4096,6047496,964964,6943,701,5064889,0,391,7665,1943,6047496,0,36129,11,1772391,3289382,0,1243,0,0,0,0,0,0,0,0,0,0,0,0,0,0,0,0
write,1487,4096,6313246,872850,7114,601,5421009,0,290,9147,2235,6313246,0,36129,11,1848223,3569690,0,1081,0,0,0,0,0,0,0,0,0,0,0,0,0,0,0,0
write,1488,4096,6389319,1021591,9077,771,5346328,0,381,8396,2775,6389319,0,36129,11,1810122,3532639,0,1383,0,0,0,0,0,0,0,0,0,0,0,0,0,0,0,0
write,1489,4096,6201626,885344,9969,771,5295052,0,541,7655,2294,6201626,0,36129,11,1756441,3535084,0,1462,0,0,0,0,0,0,0,0,0,0,0,0,0,0,0,0
write,1490,4096,5830408,863543,9378,811,4945045,0,430,8907,2294,5830408,0,36129,11,1835420,3106198,0,1373,0,0,0,0,0,0,0,0,0,0,0,0,0,0,0,0
write,1491,4096,5974730,886637,9227,792,5066602,0,381,9057,2034,5974730,0,36129,11,1757684,3305653,0,1313,0,0,0,0,0,0,0,0,0,0,0,0,0,0,0,0
write,1492,4096,6322803,878621,9137,641,5424095,0,351,7724,2234,6322803,0,36129,11,1875896,3544913,0,1322,0,0,0,0,0,0,0,0,0,0,0,0,0,0,0,0
write,1493,4096,5873179,883701,9137,772,4967366,0,381,9948,1874,5873179,0,36129,11,1763624,3200405,0,1333,0,0,0,0,0,0,0,0,0,0,0,0,0,0,0,0
write,1494,4096,6026657,875926,9288,671,5129571,0,370,8586,2245,6026657,0,36129,11,1854456,3271940,0,1282,0,0,0,0,0,0,0,0,0,0,0,0,0,0,0,0
write,1495,4096,6179745,877850,9387,802,5281056,0,360,7474,2816,6179745,0,36129,11,1827374,3450425,0,1312,0,0,0,0,0,0,0,0,0,0,0,0,0,0,0,0
write,1496,4096,6136805,880485,9278,691,5234759,0,360,9138,2094,6136805,0,36129,11,1761821,3469762,0,1282,0,0,0,0,0,0,0,0,0,0,0,0,0,0,0,0
write,1497,4096,6166751,880886,9378,741,5263493,0,381,9678,2194,6166751,0,36129,11,1831071,3428984,0,1492,0,0,0,0,0,0,0,0,0,0,0,0,0,0,0,0
write,1498,4096,6118700,884783,9678,801,5210063,0,450,10801,2124,6118700,0,36129,11,1753025,3453411,0,1523,0,0,0,0,0,0,0,0,0,0,0,0,0,0,0,0
write,1499,4096,6003163,884333,9127,811,5095708,0,511,10369,2304,6003163,0,36129,11,1895904,3196077,0,1472,0,0,0,0,0,0,0,0,0,0,0,0,0,0,0,0
write,1500,4096,6045833,880195,9688,801,5143397,0,341,9237,2174,6045833,0,36129,11,1790896,3348994,0,1494,0,0,0,0,0,0,0,0,0,0,0,0,0,0,0,0
write,1501,4096,6064007,878201,10139,781,5162433,0,391,9167,2895,6064007,0,36129,11,1853754,3304461,0,1472,0,0,0,0,0,0,0,0,0,0,0,0,0,0,0,0
write,1502,4096,14206782,880134,9629,871,13304015,0,441,9167,2525,14206782,0,36129,11,10092168,3207678,0,1714,0,0,0,0,0,0,0,0,0,0,0,0,0,0,0,0
write,1503,4096,5880993,884512,9528,751,4974500,0,411,8696,2595,5880993,0,36129,11,1853614,3117018,0,1585,0,0,0,0,0,0,0,0,0,0,0,0,0,0,0,0
write,1504,4096,9758881,881236,9137,671,8856957,0,411,7884,2585,9758881,0,36129,11,5577313,3275917,0,1313,0,0,0,0,0,0,0,0,0,0,0,0,0,0,0,0
write,1505,4096,6236832,885414,9368,832,5330999,0,411,7474,2334,6236832,0,36129,11,1875996,3451377,0,1373,0,0,0,0,0,0,0,0,0,0,0,0,0,0,0,0
write,1506,4096,7029692,877910,10008,752,6128478,0,431,9718,2395,7029692,0,36129,11,1923355,4201537,0,1552,0,0,0,0,0,0,0,0,0,0,0,0,0,0,0,0
write,1507,4096,6321762,881677,9718,932,5418855,0,421,7774,2385,6321762,0,36129,11,1851200,3563788,0,1584,0,0,0,0,0,0,0,0,0,0,0,0,0,0,0,0
write,1508,4096,5833163,878471,9388,921,4932942,0,391,9087,1963,5833163,0,36129,11,1811865,3117359,0,1473,0,0,0,0,0,0,0,0,0,0,0,0,0,0,0,0
write,1509,4096,5800522,871568,8506,752,4908575,0,381,8486,2254,5800522,0,36129,11,1757383,3147386,0,1514,0,0,0,0,0,0,0,0,0,0,0,0,0,0,0,0
write,1510,4096,6081140,877500,9357,782,5182139,0,361,8767,2234,6081140,0,36129,11,1853443,3325350,0,1403,0,0,0,0,0,0,0,0,0,0,0,0,0,0,0,0
write,1511,4096,6102800,882178,9127,732,5198951,0,441,9077,2294,6102800,0,36129,11,1751021,3444223,0,1574,0,0,0,0,0,0,0,0,0,0,0,0,0,0,0,0
write,1512,4096,6154107,877159,9728,802,5243114,0,321,13004,9979,6154107,0,36129,11,1881115,3358332,0,1393,0,0,0,0,0,0,0,0,0,0,0,0,0,0,0,0
write,1513,4096,4790664,1267612,10300,711,3498786,0,411,10499,2345,4790664,0,36129,11,1956708,1421592,0,1923,0,0,0,0,0,0,0,0,0,0,0,0,0,0,0,0
write,1514,4096,4147345,943052,8446,681,3184115,0,320,8677,2054,4147345,0,36129,11,1758385,1422344,0,1251,0,0,0,0,0,0,0,0,0,0,0,0,0,0,0,0
write,1515,4096,4687099,1017933,10289,762,3643658,0,391,11671,2395,4687099,0,36129,11,1925098,1714592,0,1594,0,0,0,0,0,0,0,0,0,0,0,0,0,0,0,0
write,1516,4096,4162574,970304,9988,602,3171921,0,351,7464,1944,4162574,0,36129,11,1762593,1405632,0,1322,0,0,0,0,0,0,0,0,0,0,0,0,0,0,0,0
write,1517,4096,4123210,951809,8947,711,3150341,0,221,9297,1884,4123210,0,36129,11,1738948,1408116,0,1283,0,0,0,0,0,0,0,0,0,0,0,0,0,0,0,0
write,1518,4096,4170298,950777,8296,441,3199393,0,271,9187,1933,4170298,0,36129,11,1779204,1417424,0,1103,0,0,0,0,0,0,0,0,0,0,0,0,0,0,0,0
write,1519,4096,4215162,952891,8696,672,3241422,0,260,9288,1933,4215162,0,36129,11,1827365,1411092,0,952,0,0,0,0,0,0,0,0,0,0,0,0,0,0,0,0
write,1520,4096,4262852,969302,8797,661,3272070,0,290,9358,2374,4262852,0,36129,11,1841681,1427413,0,1021,0,0,0,0,0,0,0,0,0,0,0,0,0,0,0,0
write,1521,4096,4164217,967829,8596,601,3174647,0,301,9668,2575,4164217,0,36129,11,1766911,1404520,0,1082,0,0,0,0,0,0,0,0,0,0,0,0,0,0,0,0
write,1522,4096,4422722,1044754,8205,751,3358172,0,401,8506,1933,4422722,0,36129,11,1945947,1409269,0,1062,0,0,0,0,0,0,0,0,0,0,0,0,0,0,0,0
write,1523,4096,4162293,953302,9037,561,3185467,0,341,11251,2334,4162293,0,36129,11,1758987,1423315,0,1072,0,0,0,0,0,0,0,0,0,0,0,0,0,0,0,0
write,1524,4096,4331922,1041047,8295,591,3267592,0,340,11732,2325,4331922,0,36129,11,1856249,1408237,0,1152,0,0,0,0,0,0,0,0,0,0,0,0,0,0,0,0
write,1525,4096,4290685,1059051,8346,711,3212698,0,301,7694,1884,4290685,0,36129,11,1790977,1418616,0,1071,0,0,0,0,0,0,0,0,0,0,0,0,0,0,0,0
write,1526,4096,4230431,963741,8045,651,3245110,0,350,10590,1944,4230431,0,36129,11,1839066,1403007,0,1051,0,0,0,0,0,0,0,0,0,0,0,0,0,0,0,0
write,1527,4096,4277900,953602,8787,561,3302136,0,280,10620,1914,4277900,0,36129,11,1854786,1444004,0,1232,0,0,0,0,0,0,0,0,0,0,0,0,0,0,0,0
write,1528,4096,4370264,1167594,9067,622,3179335,0,281,6332,7033,4370264,0,36129,11,1747154,1429206,0,1123,0,0,0,0,0,0,0,0,0,0,0,0,0,0,0,0
write,1529,4096,4325199,938073,7273,572,3369162,0,310,7254,2555,4325199,0,36129,11,1941278,1425018,0,1033,0,0,0,0,0,0,0,0,0,0,0,0,0,0,0,0
write,1530,4096,4176520,1002484,7033,551,3155741,0,411,8186,2114,4176520,0,36129,11,1743276,1409430,0,1192,0,0,0,0,0,0,0,0,0,0,0,0,0,0,0,0
write,1531,4096,4177411,883490,7785,561,3275917,0,381,7353,1924,4177411,0,36129,11,1858674,1414278,0,1171,0,0,0,0,0,0,0,0,0,0,0,0,0,0,0,0
write,1532,4096,4265176,1048320,6743,611,3201126,0,311,6071,1994,4265176,0,36129,11,1787660,1410642,0,1032,0,0,0,0,0,0,0,0,0,0,0,0,0,0,0,0
write,1533,4096,4097130,878390,6703,581,3201618,0,340,7254,2244,4097130,0,36129,11,1760229,1438604,0,1022,0,0,0,0,0,0,0,0,0,0,0,0,0,0,0,0
write,1534,4096,4409056,1076573,9448,801,3310422,0,381,8566,2865,4409056,0,36129,11,1860156,1446599,0,1342,0,0,0,0,0,0,0,0,0,0,0,0,0,0,0,0
write,1535,4096,4091791,883401,9918,672,3187070,0,320,8065,2345,4091791,0,36129,11,1754458,1429237,0,1142,0,0,0,0,0,0,0,0,0,0,0,0,0,0,0,0
write,1536,4096,4301464,977848,8926,802,3303519,0,371,7524,2474,4301464,0,36129,11,1864564,1435678,0,1232,0,0,0,0,0,0,0,0,0,0,0,0,0,0,0,0
write,1537,4096,5353021,882027,9248,851,4449894,0,351,8275,2375,5353021,0,36129,11,1779324,2667253,0,1243,0,0,0,0,0,0,0,0,0,0,0,0,0,0,0,0
write,1538,4096,6383848,1041116,7364,591,5323175,0,321,8686,2595,6383848,0,36129,11,1837634,3482606,0,1092,0,0,0,0,0,0,0,0,0,0,0,0,0,0,0,0
write,1539,4096,5618630,961417,6943,581,4634691,0,631,9237,5130,5618630,0,36129,11,1809531,2821703,0,1413,0,0,0,0,0,0,0,0,0,0,0,0,0,0,0,0
write,1540,4096,5779493,899601,8015,691,4849074,0,441,18284,3387,5779493,0,36129,11,1778172,3066633,0,1923,0,0,0,0,0,0,0,0,0,0,0,0,0,0,0,0
write,1541,4096,5964681,893059,8045,631,5052055,0,341,7875,2675,5964681,0,36129,11,1844587,3204272,0,1253,0,0,0,0,0,0,0,0,0,0,0,0,0,0,0,0
write,1542,4096,6282818,884572,7715,661,5378168,0,331,8295,3076,6282818,0,36129,11,1818207,3557085,0,1102,0,0,0,0,0,0,0,0,0,0,0,0,0,0,0,0
write,1543,4096,6633438,1046537,8997,852,5565450,0,401,8646,2555,6633438,0,36129,11,1890574,3670799,0,1672,0,0,0,0,0,0,0,0,0,0,0,0,0,0,0,0
write,1544,4096,6018141,883110,9908,962,5113080,0,441,8426,2214,6018141,0,36129,11,1767152,3342262,0,1381,0,0,0,0,0,0,0,0,0,0,0,0,0,0,0,0
write,1545,4096,6462957,890043,9217,821,5552647,0,390,7535,2304,6462957,0,36129,11,1858623,3690105,0,1715,0,0,0,0,0,0,0,0,0,0,0,0,0,0,0,0
write,1546,4096,6142074,880334,9919,832,5238616,0,410,9528,2435,6142074,0,36129,11,1803290,3431118,0,1652,0,0,0,0,0,0,0,0,0,0,0,0,0,0,0,0
write,1547,4096,6155930,878802,9808,862,5252962,0,401,10300,2795,6155930,0,36129,11,1745470,3503795,0,1514,0,0,0,0,0,0,0,0,0,0,0,0,0,0,0,0
write,1548,4096,6233676,884142,10029,831,5327663,0,441,8286,2284,6233676,0,36129,11,1846100,3477887,0,1491,0,0,0,0,0,0,0,0,0,0,0,0,0,0,0,0
write,1549,4096,6168734,882489,9658,822,5264885,0,361,8115,2404,6168734,0,36129,11,1780476,3481013,0,1263,0,0,0,0,0,0,0,0,0,0,0,0,0,0,0,0
write,1550,4096,6082001,888249,6763,641,5174435,0,471,8015,3427,6082001,0,36129,11,1964983,3206126,0,1351,0,0,0,0,0,0,0,0,0,0,0,0,0,0,0,0
write,1551,4096,26886904,896465,7594,571,25968869,0,470,8807,4128,26886904,0,36129,11,22552427,3412253,0,1593,0,0,0,0,0,0,0,0,0,0,0,0,0,0,0,0
write,1552,4096,6463949,885585,10379,1032,5552536,0,421,9417,4579,6463949,0,36129,11,1930929,3616738,0,2045,0,0,0,0,0,0,0,0,0,0,0,0,0,0,0,0
write,1553,4096,6716203,891967,9568,681,5799971,0,401,10790,2825,6716203,0,36129,11,2018524,3777300,0,1683,0,0,0,0,0,0,0,0,0,0,0,0,0,0,0,0
write,1554,4096,6734707,1437541,8236,651,5276197,0,370,9057,2655,6734707,0,36129,11,1744709,3528211,0,1253,0,0,0,0,0,0,0,0,0,0,0,0,0,0,0,0
write,1555,4096,6570980,876588,9347,882,5672241,0,371,8796,2755,6570980,0,36129,11,1895072,3773422,0,1512,0,0,0,0,0,0,0,0,0,0,0,0,0,0,0,0
write,1556,4096,6430276,1096381,7524,722,5316782,0,341,6673,1853,6430276,0,36129,11,1771520,3542197,0,1224,0,0,0,0,0,0,0,0,0,0,0,0,0,0,0,0
write,1557,4096,5916450,881577,6913,551,5018612,0,361,6602,1834,5916450,0,36129,11,1854085,3161693,0,1042,0,0,0,0,0,0,0,0,0,0,0,0,0,0,0,0
write,1558,4096,6059329,881848,7203,581,5157885,0,360,9178,2274,6059329,0,36129,11,1844507,3310462,0,1122,0,0,0,0,0,0,0,0,0,0,0,0,0,0,0,0
write,1559,4096,5948600,951418,7705,591,4980180,0,331,6572,1803,5948600,0,36129,11,1751221,3226103,0,1033,0,0,0,0,0,0,0,0,0,0,0,0,0,0,0,0
write,1560,4096,5954852,885695,9467,762,5047747,0,371,8386,2424,5954852,0,36129,11,1848674,3195456,0,1413,0,0,0,0,0,0,0,0,0,0,0,0,0,0,0,0
write,1561,4096,5752061,894632,9537,732,4837442,0,431,7273,2014,5752061,0,36129,11,1779975,3053939,0,1232,0,0,0,0,0,0,0,0,0,0,0,0,0,0,0,0
write,1562,4096,6442569,888410,7143,591,5536005,0,381,7754,2285,6442569,0,36129,11,1894281,3638889,0,1021,0,0,0,0,0,0,0,0,0,0,0,0,0,0,0,0
write,1563,4096,5876856,916894,6782,571,4943902,0,351,6242,2114,5876856,0,36129,11,1818738,3122268,0,1040,0,0,0,0,0,0,0,0,0,0,0,0,0,0,0,0
write,1564,4096,5828485,899731,8977,832,4908094,0,431,8085,2335,5828485,0,36129,11,1839327,3065231,0,1363,0,0,0,0,0,0,0,0,0,0,0,0,0,0,0,0
write,1565,4096,5931578,882689,9287,692,5028230,0,551,7544,2585,5931578,0,36129,11,1838285,3185226,0,2355,0,0,0,0,0,0,0,0,0,0,0,0,0,0,0,0
write,1566,4096,6183733,889161,7154,811,5276558,0,240,7344,2465,6183733,0,36129,10,1764617,3508264,0,1534,0,0,0,0,0,0,0,0,0,0,0,0,0,0,0,0
write,1567,4096,6475521,985192,6021,602,5474489,0,511,6783,1923,6475521,0,36129,10,1869835,3600547,0,2165,0,0,0,0,0,0,0,0,0,0,0,0,0,0,0,0
write,1568,4096,7680866,1083216,7184,611,5843322,0,962,721887,23684,7680866,0,36129,3,1784594,4052787,0,2975,0,0,0,0,0,0,0,0,0,0,0,0,0,0,0,0
write,1569,4096,6960442,1157075,14647,3226,5772500,0,621,9147,3226,6960442,0,36129,3,2041016,3715714,0,7295,0,0,0,0,0,0,0,0,0,0,0,0,0,0,0,0
write,1570,4096,6403696,892197,8847,691,5492654,0,400,6953,1954,6403696,0,36129,3,1824820,3663155,0,2485,0,0,0,0,0,0,0,0,0,0,0,0,0,0,0,0
write,1571,4096,6309649,1089057,6863,511,5198971,0,261,6913,7073,6309649,0,36129,3,1869213,3326803,0,1042,0,0,0,0,0,0,0,0,0,0,0,0,0,0,0,0
write,1572,4096,6460302,885755,7003,461,5558357,0,250,6352,2124,6460302,0,36129,3,1861729,3694354,0,880,0,0,0,0,0,0,0,0,0,0,0,0,0,0,0,0
write,1573,4096,6168494,1031970,6773,470,5117829,0,451,8576,2425,6168494,0,36129,3,1755360,3359384,0,1071,0,0,0,0,0,0,0,0,0,0,0,0,0,0,0,0
write,1574,4096,6035173,904940,9749,1292,5108131,0,471,8145,2445,6035173,0,36129,10,2011350,3091841,0,2345,0,0,0,0,0,0,0,0,0,0,0,0,0,0,0,0
write,1575,4096,6034021,1096831,6853,491,4919055,0,411,8125,2255,6034021,0,36129,10,1761320,3154980,0,1323,0,0,0,0,0,0,0,0,0,0,0,0,0,0,0,0
write,1576,4096,6092681,910962,7645,941,5162423,0,351,7895,2464,6092681,0,36129,3,1828657,3329808,0,1642,0,0,0,0,0,0,0,0,0,0,0,0,0,0,0,0
write,1577,4096,6561943,889522,8015,841,5652264,0,511,8526,2264,6561943,0,36129,9,1848724,3798820,0,2485,0,0,0,0,0,0,0,0,0,0,0,0,0,0,0,0
write,1578,4096,6294631,970204,6432,521,5307064,0,281,7814,2315,6294631,0,36129,9,1835519,3468869,0,1032,0,0,0,0,0,0,0,0,0,0,0,0,0,0,0,0
write,1579,4096,6860915,1104727,6712,531,5737604,0,311,8566,2464,6860915,0,36129,9,1935899,3799191,0,930,0,0,0,0,0,0,0,0,0,0,0,0,0,0,0,0
write,1580,4096,6551583,955285,8195,682,5577422,0,431,7344,2224,6551583,0,36129,9,1757764,3815972,0,1724,0,0,0,0,0,0,0,0,0,0,0,0,0,0,0,0
write,1581,4096,6398115,882028,6973,611,5497843,0,401,7925,2334,6398115,0,36129,3,1950245,3543620,0,1713,0,0,0,0,0,0,0,0,0,0,0,0,0,0,0,0
write,1582,4096,6246821,958972,6903,591,5269454,0,551,7805,2545,6246821,0,36129,3,1803109,3462628,0,1764,0,0,0,0,0,0,0,0,0,0,0,0,0,0,0,0
write,1583,4096,6345396,884713,8987,801,5440195,0,330,8116,2254,6345396,0,36129,1,1865596,3570901,0,1524,0,0,0,0,0,0,0,0,0,0,0,0,0,0,0,0
write,1584,4096,6285543,884372,9087,752,5380923,0,361,7814,2234,6285543,0,36129,1,1803891,3573697,0,1362,0,0,0,0,0,0,0,0,0,0,0,0,0,0,0,0
write,1585,4096,6087121,871168,9327,712,5196266,0,401,7374,1873,6087121,0,36129,1,1752644,3439655,0,1774,0,0,0,0,0,0,0,0,0,0,0,0,0,0,0,0
write,1586,4096,6468868,885184,7303,682,5564418,0,351,8546,2384,6468868,0,36129,3,1869082,3691859,0,1414,0,0,0,0,0,0,0,0,0,0,0,0,0,0,0,0
write,1587,4096,6647584,960786,9217,992,5667372,0,501,6702,2014,6647584,0,36129,9,1734469,3927632,0,2354,0,0,0,0,0,0,0,0,0,0,0,0,0,0,0,0
write,1588,4096,5768872,885745,6722,471,4866136,0,261,7143,2394,5768872,0,36129,9,1872259,2991583,0,881,0,0,0,0,0,0,0,0,0,0,0,0,0,0,0,0
write,1589,4096,5966855,884633,5871,461,5066632,0,291,7113,1854,5966855,0,36129,9,1751952,3312235,0,980,0,0,0,0,0,0,0,0,0,0,0,0,0,0,0,0
write,1590,4096,6299450,874073,6923,461,5409166,0,471,6262,2094,6299450,0,36129,9,1851490,3554451,0,1412,0,0,0,0,0,0,0,0,0,0,0,0,0,0,0,0
write,1591,4096,6346458,884653,7063,661,5443982,0,331,7824,1944,6346458,0,36129,3,1789573,3650541,0,1452,0,0,0,0,0,0,0,0,0,0,0,0,0,0,0,0
write,1592,4096,6690655,892347,7515,561,5781646,0,251,6432,1903,6690655,0,36129,3,1765268,4013734,0,1092,0,0,0,0,0,0,0,0,0,0,0,0,0,0,0,0
write,1593,4096,6744987,889392,8055,1022,5835918,0,491,8246,1863,6744987,0,36129,9,1855167,3975652,0,2525,0,0,0,0,0,0,0,0,0,0,0,0,0,0,0,0
write,1594,4096,19185028,879142,7003,521,18286590,0,391,8766,2615,19185028,0,36129,9,14137591,4145090,0,1864,0,0,0,0,0,0,0,0,0,0,0,0,0,0,0,0
write,1595,4096,6045643,901394,7284,781,5125814,0,291,8055,2024,6045643,0,36129,3,1959523,3162964,0,1333,0,0,0,0,0,0,0,0,0,0,0,0,0,0,0,0
write,1596,4096,6367047,878922,7384,501,5470521,0,311,7344,2064,6367047,0,36129,3,2029785,3437721,0,1454,0,0,0,0,0,0,0,0,0,0,0,0,0,0,0,0
write,1597,4096,6188041,886637,7904,792,5283500,0,441,6833,1934,6188041,0,36129,9,1783422,3495520,0,1912,0,0,0,0,0,0,0,0,0,0,0,0,0,0,0,0
write,1598,4096,6252592,895323,7174,581,5339415,0,291,7514,2294,6252592,0,36129,9,1859856,3476825,0,1082,0,0,0,0,0,0,0,0,0,0,0,0,0,0,0,0
write,1599,4096,5976563,1020919,6903,521,4938502,0,250,7585,1883,5976563,0,36129,9,1811164,3125073,0,963,0,0,0,0,0,0,0,0,0,0,0,0,0,0,0,0
write,1600,4096,6008563,889772,7043,461,5100767,0,461,8175,1884,6008563,0,36129,9,1737896,3359724,0,1442,0,0,0,0,0,0,0,0,0,0,0,0,0,0,0,0
write,1601,4096,6423803,873090,6863,672,5533780,0,291,7063,2044,6423803,0,36129,3,1933484,3597011,0,1343,0,0,0,0,0,0,0,0,0,0,0,0,0,0,0,0
write,1602,4096,6284962,880394,6543,481,5385502,0,250,9137,2655,6284962,0,36129,3,1740211,3642917,0,941,0,0,0,0,0,0,0,0,0,0,0,0,0,0,0,0
write,1603,4096,6812644,918887,9087,852,5874310,0,431,6803,2274,6812644,0,36129,9,1893860,3976403,0,1854,0,0,0,0,0,0,0,0,0,0,0,0,0,0,0,0
write,1604,4096,6521427,885605,7153,471,5618179,0,231,7524,2264,6521427,0,36129,9,1796797,3819098,0,901,0,0,0,0,0,0,0,0,0,0,0,0,0,0,0,0
write,1605,4096,6206826,1023975,6392,460,5162644,0,330,10780,2245,6206826,0,36129,9,1747896,3411682,0,1061,0,0,0,0,0,0,0,0,0,0,0,0,0,0,0,0
write,1606,4096,6528380,994298,7324,591,5513493,0,651,10089,1934,6528380,0,36129,9,1837463,3672452,0,1773,0,0,0,0,0,0,0,0,0,0,0,0,0,0,0,0
write,1607,4096,6459832,879253,6943,721,5562315,0,441,7504,2655,6459832,0,36129,3,1748195,3810512,0,1644,0,0,0,0,0,0,0,0,0,0,0,0,0,0,0,0
write,1608,4096,6366355,887247,6813,571,5459902,0,271,9277,2274,6366355,0,36129,9,1924236,3533071,0,1072,0,0,0,0,0,0,0,0,0,0,0,0,0,0,0,0
write,1609,4096,6422521,923175,6723,491,5481512,0,331,8045,2244,6422521,0,36129,9,1758014,3720743,0,1263,0,0,0,0,0,0,0,0,0,0,0,0,0,0,0,0
write,1610,4096,6493124,1029966,7725,781,5443130,0,311,8907,2304,6493124,0,36129,9,1832795,3607219,0,1282,0,0,0,0,0,0,0,0,0,0,0,0,0,0,0,0
write,1611,4096,6686707,928765,6613,521,5740128,0,311,7955,2414,6686707,0,36129,9,1806806,3930638,0,1073,0,0,0,0,0,0,0,0,0,0,0,0,0,0,0,0
write,1612,4096,5912122,990322,7003,531,4903636,0,291,7914,2425,5912122,0,36129,9,1753546,3147756,0,952,0,0,0,0,0,0,0,0,0,0,0,0,0,0,0,0
write,1613,4096,6170628,1027541,6773,501,5125042,0,381,8025,2365,6170628,0,36129,9,1826613,3295433,0,1554,0,0,0,0,0,0,0,0,0,0,0,0,0,0,0,0
write,1614,4096,6122918,887347,7534,732,5216935,0,301,7874,2195,6122918,0,36129,3,1823137,3390132,0,1442,0,0,0,0,0,0,0,0,0,0,0,0,0,0,0,0
write,1615,4096,6596398,893139,8556,1142,5680637,0,451,10409,2064,6596398,0,36129,9,1928484,3748004,0,1865,0,0,0,0,0,0,0,0,0,0,0,0,0,0,0,0
write,1616,4096,6570790,881757,7655,601,5671599,0,321,7063,1794,6570790,0,36129,9,1752805,3915880,0,1183,0,0,0,0,0,0,0,0,0,0,0,0,0,0,0,0
write,1617,4096,6880843,885535,7083,511,5978446,0,421,6933,1914,6880843,0,36129,9,1840609,4134622,0,1532,0,0,0,0,0,0,0,0,0,0,0,0,0,0,0,0
write,1618,4096,6901762,884643,7214,611,5997001,0,261,9758,2274,6901762,0,36129,3,1795515,4198171,0,1433,0,0,0,0,0,0,0,0,0,0,0,0,0,0,0,0
write,1619,4096,6268341,991794,7574,722,5257201,0,400,8176,2474,6268341,0,36129,9,1741754,3511650,0,1682,0,0,0,0,0,0,0,0,0,0,0,0,0,0,0,0
write,1620,4096,6290143,886306,7284,531,5383027,0,401,6693,5901,6290143,0,36129,9,1876026,3503846,0,1223,0,0,0,0,0,0,0,0,0,0,0,0,0,0,0,0
write,1621,4096,6125433,875416,7444,601,5232214,0,280,7033,2445,6125433,0,36129,9,1769065,3460424,0,1073,0,0,0,0,0,0,0,0,0,0,0,0,0,0,0,0
write,1622,4096,6376644,889291,7504,621,5467987,0,461,8967,1813,6376644,0,36129,9,1950275,3514606,0,1451,0,0,0,0,0,0,0,0,0,0,0,0,0,0,0,0
write,1623,4096,5970732,885675,6783,671,5066482,0,301,8436,2384,5970732,0,36129,3,1795294,3267862,0,1412,0,0,0,0,0,0,0,0,0,0,0,0,0,0,0,0
write,1624,4096,6321652,993247,6622,511,5311473,0,321,7233,2245,6321652,0,36129,3,1822726,3486042,0,1131,0,0,0,0,0,0,0,0,0,0,0,0,0,0,0,0
write,1625,4096,6511779,920190,7875,721,5572604,0,380,7685,2324,6511779,0,36129,9,1845989,3723028,0,1564,0,0,0,0,0,0,0,0,0,0,0,0,0,0,0,0
write,1626,4096,6451195,1073428,7724,702,5359753,0,281,7333,1974,6451195,0,36129,9,1745902,3610766,0,1263,0,0,0,0,0,0,0,0,0,0,0,0,0,0,0,0
write,1627,4096,6503834,892898,6863,441,5594895,0,291,6582,1864,6503834,0,36129,9,1834207,3758554,0,833,0,0,0,0,0,0,0,0,0,0,0,0,0,0,0,0
write,1628,4096,6962265,882548,6452,451,6060842,0,420,9338,2214,6962265,0,36129,9,1750550,4307226,0,1452,0,0,0,0,0,0,0,0,0,0,0,0,0,0,0,0
write,1629,4096,6636563,881717,7174,641,5733426,0,390,10510,2705,6636563,0,36129,3,1943283,3786026,0,1732,0,0,0,0,0,0,0,0,0,0,0,0,0,0,0,0
write,1630,4096,6583844,916983,7675,1001,5648677,0,281,6923,2304,6583844,0,36129,9,1857261,3787198,0,1973,0,0,0,0,0,0,0,0,0,0,0,0,0,0,0,0
write,1631,4096,7303226,894010,7955,702,6382004,0,1614,12834,4107,7303226,0,36129,3,1994639,4376856,0,3376,0,0,0,0,0,0,0,0,0,0,0,0,0,0,0,0
write,1632,4096,6689143,961427,11131,942,5704552,0,521,8656,1914,6689143,0,36129,5,1878059,3819008,0,3466,0,0,0,0,0,0,0,0,0,0,0,0,0,0,0,0
write,1633,4096,7754324,954935,9608,681,6776477,0,541,9708,2374,7754324,0,36129,7,2912865,3858582,0,2505,0,0,0,0,0,0,0,0,0,0,0,0,0,0,0,0
write,1634,4096,7179675,1181501,10911,681,5975070,0,280,9248,1984,7179675,0,36129,4,1875676,4095708,0,1873,0,0,0,0,0,0,0,0,0,0,0,0,0,0,0,0
write,1635,4096,7052986,952139,10039,731,6077683,0,311,10179,1904,7052986,0,36129,4,1759667,4314519,0,1382,0,0,0,0,0,0,0,0,0,0,0,0,0,0,0,0
write,1636,4096,6197458,944656,9868,581,5228688,0,310,11011,2344,6197458,0,36129,4,1738858,3486754,0,1091,0,0,0,0,0,0,0,0,0,0,0,0,0,0,0,0
write,1637,4096,6010016,1052789,9528,501,4935045,0,291,9968,1894,6010016,0,36129,4,1785887,3146343,0,993,0,0,0,0,0,0,0,0,0,0,0,0,0,0,0,0
write,1638,4096,6282899,949164,9799,671,5305181,0,310,10751,7023,6282899,0,36129,4,1854796,3447660,0,1032,0,0,0,0,0,0,0,0,0,0,0,0,0,0,0,0
write,1639,4096,4555111,944004,9187,612,3589496,0,391,9407,2014,4555111,0,36129,4,2047848,1402696,0,2105,0,0,0,0,0,0,0,0,0,0,0,0,0,0,0,0
write,1640,4096,4124362,953502,9588,581,3148317,0,241,10039,2094,4124362,0,36129,4,1750099,1395202,0,1153,0,0,0,0,0,0,0,0,0,0,0,0,0,0,0,0
write,1641,4096,4229971,950046,8797,671,3258654,0,341,9258,2204,4229971,0,36129,4,1858363,1396815,0,1183,0,0,0,0,0,0,0,0,0,0,0,0,0,0,0,0
write,1642,4096,4186719,947310,9819,691,3218610,0,310,8095,1884,4186719,0,36129,4,1793752,1421592,0,1302,0,0,0,0,0,0,0,0,0,0,0,0,0,0,0,0
write,1643,4096,4285224,1121387,9058,500,3141435,0,270,10240,2334,4285224,0,36129,4,1734069,1404630,0,972,0,0,0,0,0,0,0,0,0,0,0,0,0,0,0,0
write,1644,4096,4409688,1137387,9338,521,3251902,0,260,8336,1944,4409688,0,36129,4,1832384,1416773,0,1022,0,0,0,0,0,0,0,0,0,0,0,0,0,0,0,0
write,1645,4096,4141323,959353,8876,511,3162594,0,281,7815,1893,4141323,0,36129,4,1754658,1405141,0,971,0,0,0,0,0,0,0,0,0,0,0,0,0,0,0,0
write,1646,4096,4305211,944745,8787,501,3340779,0,290,8196,1913,4305211,0,36129,4,1933464,1404420,0,1143,0,0,0,0,0,0,0,0,0,0,0,0,0,0,0,0
write,1647,4096,4128790,949424,8877,460,3157485,0,270,10300,1974,4128790,0,36129,4,1755710,1398909,0,1092,0,0,0,0,0,0,0,0,0,0,0,0,0,0,0,0
write,1648,4096,4255799,952511,8946,521,3281949,0,300,9679,1893,4255799,0,36129,4,1873471,1405442,0,1192,0,0,0,0,0,0,0,0,0,0,0,0,0,0,0,0
write,1649,4096,4223748,958271,10650,601,3242575,0,300,9147,2204,4223748,0,36129,4,1819860,1419438,0,1312,0,0,0,0,0,0,0,0,0,0,0,0,0,0,0,0
write,1650,4096,4148107,951519,10119,581,3166772,0,280,16912,1924,4148107,0,36129,4,1758805,1404851,0,1072,0,0,0,0,0,0,0,0,0,0,0,0,0,0,0,0
write,1651,4096,4221054,944906,8987,682,3256170,0,250,8205,1854,4221054,0,36129,4,1840659,1412646,0,1022,0,0,0,0,0,0,0,0,0,0,0,0,0,0,0,0
write,1652,4096,4144159,957049,9207,501,3166541,0,261,8766,1834,4144159,0,36129,4,1771780,1392107,0,991,0,0,0,0,0,0,0,0,0,0,0,0,0,0,0,0
write,1653,4096,4263663,949865,9127,511,3291476,0,271,10008,2405,4263663,0,36129,4,1878571,1410330,0,951,0,0,0,0,0,0,0,0,0,0,0,0,0,0,0,0
write,1654,4096,4287148,1103584,9438,551,3164167,0,281,7193,1934,4287148,0,36129,4,1751693,1409749,0,910,0,0,0,0,0,0,0,0,0,0,0,0,0,0,0,0
write,1655,4096,4247132,949755,9598,471,3276117,0,311,8946,1934,4247132,0,36129,4,1858062,1415170,0,1052,0,0,0,0,0,0,0,0,0,0,0,0,0,0,0,0
write,1656,4096,4162693,954173,8857,771,3186249,0,320,10199,2124,4162693,0,36129,4,1786467,1396775,0,1132,0,0,0,0,0,0,0,0,0,0,0,0,0,0,0,0
write,1657,4096,4340949,1145393,9768,652,3173314,0,300,9648,1874,4340949,0,36129,4,1758164,1411934,0,1172,0,0,0,0,0,0,0,0,0,0,0,0,0,0,0,0
write,1658,4096,4208149,952640,10540,721,3233678,0,291,8355,1924,4208149,0,36129,4,1831402,1399179,0,1071,0,0,0,0,0,0,0,0,0,0,0,0,0,0,0,0
write,1659,4096,4131625,945076,8967,581,3166612,0,240,8236,1913,4131625,0,36129,4,1761591,1402145,0,1011,0,0,0,0,0,0,0,0,0,0,0,0,0,0,0,0
write,1660,4096,4374822,955486,8696,681,3399480,0,1242,7264,1973,4374822,0,36129,4,1945035,1448953,0,2875,0,0,0,0,0,0,0,0,0,0,0,0,0,0,0,0
write,1661,4096,4451176,1149691,7444,1472,3281979,0,280,8256,2054,4451176,0,36129,1,1839567,1433935,0,3297,0,0,0,0,0,0,0,0,0,0,0,0,0,0,0,0
write,1662,4096,4200655,913627,7494,661,3270076,0,311,6622,1864,4200655,0,36129,1,1853634,1413546,0,1072,0,0,0,0,0,0,0,0,0,0,0,0,0,0,0,0
write,1663,4096,5048659,877449,8577,931,4152415,0,320,6753,2214,5048659,0,36129,1,1847413,2300865,0,1571,0,0,0,0,0,0,0,0,0,0,0,0,0,0,0,0
write,1664,4096,5838724,890233,7073,621,4929265,0,291,9327,1914,5838724,0,36129,1,1730101,3196097,0,1202,0,0,0,0,0,0,0,0,0,0,0,0,0,0,0,0
write,1665,4096,6301514,886887,7524,601,5397826,0,330,6182,2164,6301514,0,36129,1,1861088,3533652,0,1143,0,0,0,0,0,0,0,0,0,0,0,0,0,0,0,0
write,1666,4096,6088794,900703,8115,912,5169476,0,501,7284,1803,6088794,0,36129,2,1780867,3383079,0,2716,0,0,0,0,0,0,0,0,0,0,0,0,0,0,0,0
write,1667,4096,6496210,1061124,7094,591,5416991,0,441,7935,2034,6496210,0,36129,2,1972297,3440957,0,1604,0,0,0,0,0,0,0,0,0,0,0,0,0,0,0,0
write,1668,4096,5998014,889152,8375,722,5089636,0,330,7454,2345,5998014,0,36129,2,1821544,3264526,0,1442,0,0,0,0,0,0,0,0,0,0,0,0,0,0,0,0
write,1669,4096,5991511,880014,7313,602,5086059,0,561,10890,6072,5991511,0,36129,2,1850308,3230221,0,2876,0,0,0,0,0,0,0,0,0,0,0,0,0,0,0,0
write,1670,4096,6156080,916272,11972,1343,5215412,0,501,7655,2925,6156080,0,36129,2,1991363,3214301,0,4028,0,0,0,0,0,0,0,0,0,0,0,0,0,0,0,0
write,1671,4096,5810291,894030,8186,821,4897666,0,470,7174,1944,5810291,0,36129,2,1763535,3129562,0,2034,0,0,0,0,0,0,0,0,0,0,0,0,0,0,0,0
write,1672,4096,5904447,879243,8446,671,5004876,0,431,8446,2334,5904447,0,36129,2,1885844,3114493,0,2314,0,0,0,0,0,0,0,0,0,0,0,0,0,0,0,0
write,1673,4096,5968878,879843,10019,1483,5066021,0,491,8406,2615,5968878,0,36129,1,1772692,3286898,0,2926,0,0,0,0,0,0,0,0,0,0,0,0,0,0,0,0
write,1674,4096,6088022,877489,9157,792,5189764,0,421,7764,2635,6088022,0,36129,1,1787760,3398288,0,1512,0,0,0,0,0,0,0,0,0,0,0,0,0,0,0,0
write,1675,4096,6279312,877379,9127,802,5381474,0,381,7714,2435,6279312,0,36129,1,1806526,3571222,0,1542,0,0,0,0,0,0,0,0,0,0,0,0,0,0,0,0
write,1676,4096,6312895,873341,8356,741,5419967,0,411,7384,2695,6312895,0,36129,1,1865827,3550013,0,2022,0,0,0,0,0,0,0,0,0,0,0,0,0,0,0,0
write,1677,4096,28115152,891055,8686,681,27198199,0,561,11542,4428,28115152,0,36129,1,23597541,3596659,0,1713,0,0,0,0,0,0,0,0,0,0,0,0,0,0,0,0
write,1678,4096,6007230,1188163,7264,631,4801905,0,250,6983,2034,6007230,0,36129,3,1813198,2984900,0,1653,0,0,0,0,0,0,0,0,0,0,0,0,0,0,0,0
write,1679,4096,5979368,888741,6832,782,5073155,0,471,7414,1973,5979368,0,36129,1,2068368,3000490,0,1894,0,0,0,0,0,0,0,0,0,0,0,0,0,0,0,0
write,1680,4096,6003764,897066,6913,581,5088534,0,301,8115,2254,6003764,0,36129,1,1760729,3325059,0,1081,0,0,0,0,0,0,0,0,0,0,0,0,0,0,0,0
write,1681,4096,5833835,930439,6893,521,4885181,0,321,8235,2245,5833835,0,36129,1,1842563,3039673,0,1143,0,0,0,0,0,0,0,0,0,0,0,0,0,0,0,0
write,1682,4096,6156191,975093,6512,501,5162403,0,270,7554,3858,6156191,0,36129,1,1877679,3281537,0,1122,0,0,0,0,0,0,0,0,0,0,0,0,0,0,0,0
write,1683,4096,5804369,898328,7134,731,4888348,0,420,7424,1984,5804369,0,36129,1,1744229,3139410,0,2386,0,0,0,0,0,0,0,0,0,0,0,0,0,0,0,0
write,1684,4096,5916290,891115,6923,681,5006891,0,330,8085,2265,5916290,0,36129,3,1935648,3067435,0,1383,0,0,0,0,0,0,0,0,0,0,0,0,0,0,0,0
write,1685,4096,5825469,998847,7935,912,4796074,0,932,9017,11752,5825469,0,36129,9,1780687,3010137,0,2283,0,0,0,0,0,0,0,0,0,0,0,0,0,0,0,0
write,1686,4096,5888027,1047339,6642,631,4823426,0,401,7604,1984,5888027,0,36129,9,1833666,2986263,0,1603,0,0,0,0,0,0,0,0,0,0,0,0,0,0,0,0
write,1687,4096,5643416,882168,8455,672,4743265,0,280,6432,2144,5643416,0,36129,3,1824038,2915881,0,1383,0,0,0,0,0,0,0,0,0,0,0,0,0,0,0,0
write,1688,4096,8224167,888290,7353,842,7316491,0,401,8466,2324,8224167,0,36129,3,4140853,3171491,0,1624,0,0,0,0,0,0,0,0,0,0,0,0,0,0,0,0
write,1689,4096,12900717,1085540,6853,561,11798776,0,321,6812,1854,12900717,0,36129,3,8459008,3336752,0,1161,0,0,0,0,0,0,0,0,0,0,0,0,0,0,0,0
write,1690,4096,6406981,1083346,8476,611,5305872,0,311,6462,1903,6406981,0,36129,3,2043701,3259186,0,1212,0,0,0,0,0,0,0,0,0,0,0,0,0,0,0,0
write,1691,4096,5833994,884462,7033,581,4932892,0,300,6873,1853,5833994,0,36129,3,1748015,3182351,0,982,0,0,0,0,0,0,0,0,0,0,0,0,0,0,0,0
write,1692,4096,6240439,890764,6993,552,5331640,0,351,7775,2364,6240439,0,36129,3,1864665,3464100,0,1182,0,0,0,0,0,0,0,0,0,0,0,0,0,0,0,0
write,1693,4096,6124881,1042950,11171,1152,5057916,0,411,8757,2524,6124881,0,36129,9,1817055,3235901,0,2473,0,0,0,0,0,0,0,0,0,0,0,0,0,0,0,0
write,1694,4096,6964971,1009558,6542,571,5936808,0,341,8836,2315,6964971,0,36129,9,1846491,4087523,0,1071,0,0,0,0,0,0,0,0,0,0,0,0,0,0,0,0
write,1695,4096,6853260,1090309,8486,702,5742763,0,320,8456,2224,6853260,0,36129,3,1916361,3823025,0,1293,0,0,0,0,0,0,0,0,0,0,0,0,0,0,0,0
write,1696,4096,6907934,1155723,10209,821,5725050,0,501,13365,2265,6907934,0,36129,9,1818428,3902585,0,1684,0,0,0,0,0,0,0,0,0,0,0,0,0,0,0,0
write,1697,4096,7434432,1097172,7794,702,6314468,0,360,9839,4097,7434432,0,36129,9,2038872,4271809,0,1693,0,0,0,0,0,0,0,0,0,0,0,0,0,0,0,0
write,1698,4096,7702837,1409900,8686,731,6270245,0,371,10099,2805,7702837,0,36129,9,1841832,4424246,0,1733,0,0,0,0,0,0,0,0,0,0,0,0,0,0,0,0
write,1699,4096,7666509,1264637,8846,752,6380883,0,501,8476,2414,7666509,0,36129,9,1843835,4532789,0,1883,0,0,0,0,0,0,0,0,0,0,0,0,0,0,0,0
write,1700,4096,7807043,1082525,8255,792,6704310,0,441,8566,2154,7807043,0,36129,3,1874573,4825740,0,1734,0,0,0,0,0,0,0,0,0,0,0,0,0,0,0,0
write,1701,4096,7986400,1089888,12374,1082,6872016,0,490,8096,2454,7986400,0,36129,9,1939956,4927602,0,1802,0,0,0,0,0,0,0,0,0,0,0,0,0,0,0,0
write,1702,4096,7224880,1069350,8005,632,6136323,0,501,7804,2265,7224880,0,36129,9,1933494,4199272,0,1354,0,0,0,0,0,0,0,0,0,0,0,0,0,0,0,0
write,1703,4096,6678973,1066524,9127,702,5591849,0,722,7845,2204,6678973,0,36129,3,1821894,3765147,0,2405,0,0,0,0,0,0,0,0,0,0,0,0,0,0,0,0
write,1704,4096,7019754,1065754,8716,821,5933773,0,381,8105,2204,7019754,0,36129,11,1956697,3972747,0,1864,0,0,0,0,0,0,0,0,0,0,0,0,0,0,0,0
write,1705,4096,6971533,1060172,8386,631,5891654,0,611,7804,2275,6971533,0,36129,11,1850879,4036917,0,1342,0,0,0,0,0,0,0,0,0,0,0,0,0,0,0,0
write,1706,4096,6953940,1060193,12463,1062,5867408,0,601,9478,2735,6953940,0,36129,11,1890303,3972446,0,2074,0,0,0,0,0,0,0,0,0,0,0,0,0,0,0,0
write,1707,4096,6782257,1054702,10780,962,5702668,0,431,10450,2264,6782257,0,36129,11,1850979,3847802,0,1774,0,0,0,0,0,0,0,0,0,0,0,0,0,0,0,0
write,1708,4096,6771507,1052358,10349,892,5694182,0,381,10730,2615,6771507,0,36129,11,1870225,3820391,0,1492,0,0,0,0,0,0,0,0,0,0,0,0,0,0,0,0
write,1709,4096,6850755,1044232,9909,751,5781737,0,441,11010,2675,6850755,0,36129,11,1886656,3891333,0,1534,0,0,0,0,0,0,0,0,0,0,0,0,0,0,0,0
write,1710,4096,6384149,1032942,11191,892,5327593,0,380,8506,2645,6384149,0,36129,11,1796987,3526898,0,1424,0,0,0,0,0,0,0,0,0,0,0,0,0,0,0,0
write,1711,4096,7029172,1033443,10750,862,5961554,0,1333,14707,6523,7029172,0,36129,11,2002374,3950455,0,4088,0,0,0,0,0,0,0,0,0,0,0,0,0,0,0,0
write,1712,4096,6740419,1064601,11692,1924,5648556,0,351,10730,2565,6740419,0,36129,2,1922193,3718249,0,3106,0,0,0,0,0,0,0,0,0,0,0,0,0,0,0,0
write,1713,4096,6756588,1030346,10259,942,5702668,0,661,9458,2254,6756588,0,36129,2,1880595,3817425,0,2134,0,0,0,0,0,0,0,0,0,0,0,0,0,0,0,0
write,1714,4096,6815890,1027871,8577,741,5768231,0,591,7765,2114,6815890,0,36129,1,1870796,3892586,0,2193,0,0,0,0,0,0,0,0,0,0,0,0,0,0,0,0
write,1715,4096,6564237,1029925,8206,811,5515657,0,251,7293,2094,6564237,0,36129,3,1781428,3730622,0,1463,0,0,0,0,0,0,0,0,0,0,0,0,0,0,0,0
write,1716,4096,6958959,1042068,11893,1252,5890110,0,561,10851,2224,6958959,0,36129,11,1892697,3991792,0,2556,0,0,0,0,0,0,0,0,0,0,0,0,0,0,0,0
write,1717,4096,6841338,1019045,10239,802,5798749,0,360,9618,2525,6841338,0,36129,11,1769456,4025726,0,1413,0,0,0,0,0,0,0,0,0,0,0,0,0,0,0,0
write,1718,4096,6957607,1009938,10229,802,5922912,0,381,10800,2545,6957607,0,36129,11,1981535,3937721,0,1421,0,0,0,0,0,0,0,0,0,0,0,0,0,0,0,0
write,1719,4096,7033199,1015007,10540,942,5993174,0,391,10760,2385,7033199,0,36129,11,1805533,4184024,0,1522,0,0,0,0,0,0,0,0,0,0,0,0,0,0,0,0
write,1720,4096,6624881,1013425,11020,752,5586449,0,441,10129,2665,6624881,0,36129,11,1919839,3656693,0,7552,0,0,0,0,0,0,0,0,0,0,0,0,0,0,0,0
write,1721,4096,6860454,1026278,11392,791,5809199,0,390,9649,2755,6860454,0,36129,11,1867170,3938382,0,1484,0,0,0,0,0,0,0,0,0,0,0,0,0,0,0,0
write,1722,4096,6645871,1020428,10189,811,5601178,0,370,10370,2525,6645871,0,36129,11,1825060,3772440,0,1524,0,0,0,0,0,0,0,0,0,0,0,0,0,0,0,0
write,1723,4096,6641382,1017802,10119,852,5599023,0,421,10490,2675,6641382,0,36129,11,1913527,3681860,0,1462,0,0,0,0,0,0,0,0,0,0,0,0,0,0,0,0
write,1724,4096,6874530,1014456,10190,891,5836780,0,421,9087,2705,6874530,0,36129,11,1845649,3987384,0,1542,0,0,0,0,0,0,0,0,0,0,0,0,0,0,0,0
write,1725,4096,6666450,1015769,10560,952,5627176,0,401,9057,2535,6666450,0,36129,11,1966807,3656783,0,1511,0,0,0,0,0,0,0,0,0,0,0,0,0,0,0,0
write,1726,4096,6636433,1036488,10590,771,5573315,0,471,10640,4158,6636433,0,36129,11,1795865,3773472,0,1622,0,0,0,0,0,0,0,0,0,0,0,0,0,0,0,0
write,1727,4096,6701505,1024545,10560,972,5652253,0,381,10029,2765,6701505,0,36129,11,1912644,3735531,0,1704,0,0,0,0,0,0,0,0,0,0,0,0,0,0,0,0
write,1728,4096,6745368,1018304,10640,912,5703319,0,451,9147,2595,6745368,0,36129,11,1891445,3808067,0,1462,0,0,0,0,0,0,0,0,0,0,0,0,0,0,0,0
write,1729,4096,7182469,1018044,10269,912,6138787,0,411,11151,2895,7182469,0,36129,11,1798069,4337152,0,1363,0,0,0,0,0,0,0,0,0,0,0,0,0,0,0,0
write,1730,4096,7040592,1017432,10550,851,5999125,0,401,9799,2434,7040592,0,36129,11,1937010,4057977,0,1734,0,0,0,0,0,0,0,0,0,0,0,0,0,0,0,0
write,1731,4096,7091298,1019837,10630,902,6047235,0,401,9869,2424,7091298,0,36129,11,1806315,4236924,0,1613,0,0,0,0,0,0,0,0,0,0,0,0,0,0,0,0
write,1732,4096,6693591,1019416,10289,1012,5650961,0,451,8777,2685,6693591,0,36129,11,1933584,3713540,0,1592,0,0,0,0,0,0,0,0,0,0,0,0,0,0,0,0
write,1733,4096,6547946,1021069,10550,951,5502222,0,440,10610,2104,6547946,0,36129,11,1847252,3651452,0,1404,0,0,0,0,0,0,0,0,0,0,0,0,0,0,0,0
write,1734,4096,6537097,1037380,10620,812,5475581,0,441,9848,2415,6537097,0,36129,11,1945687,3525917,0,1605,0,0,0,0,0,0,0,0,0,0,0,0,0,0,0,0
write,1735,4096,6704451,1021590,10500,801,5659136,0,461,9398,2565,6704451,0,36129,11,1902346,3753154,0,1422,0,0,0,0,0,0,0,0,0,0,0,0,0,0,0,0
write,1736,4096,6609051,1036478,11051,1422,5546324,0,481,10610,2685,6609051,0,36129,11,1791989,3749527,0,1753,0,0,0,0,0,0,0,0,0,0,0,0,0,0,0,0
write,1737,4096,6788930,1015138,10690,902,5749927,0,411,9357,2505,6788930,0,36129,11,1930358,3815811,0,1503,0,0,0,0,0,0,0,0,0,0,0,0,0,0,0,0
write,1738,4096,6869251,1018354,11381,1042,5826692,0,420,9248,2114,6869251,0,36129,11,1854065,3968348,0,1802,0,0,0,0,0,0,0,0,0,0,0,0,0,0,0,0
write,1739,4096,7063205,1027571,10129,821,6010728,0,420,10901,2635,7063205,0,36129,11,2034083,3972647,0,1774,0,0,0,0,0,0,0,0,0,0,0,0,0,0,0,0
write,1740,4096,6844113,1017442,10650,832,5802826,0,441,9648,2274,6844113,0,36129,11,1843064,3955715,0,1564,0,0,0,0,0,0,0,0,0,0,0,0,0,0,0,0
write,1741,4096,7351908,1020799,9297,952,6309208,0,591,8456,2605,7351908,0,36129,11,1902305,4402554,0,1433,0,0,0,0,0,0,0,0,0,0,0,0,0,0,0,0
write,1742,4096,7011057,1030937,13255,1163,5952607,0,612,9748,2735,7011057,0,36129,11,1902636,4044772,0,2053,0,0,0,0,0,0,0,0,0,0,0,0,0,0,0,0
write,1743,4096,7213338,1014818,10229,922,6174214,0,461,9828,2866,7213338,0,36129,11,1870606,4299731,0,1534,0,0,0,0,0,0,0,0,0,0,0,0,0,0,0,0
write,1744,4096,6886763,1018023,10570,862,5843793,0,391,10549,2575,6886763,0,36129,11,1923906,3915950,0,1535,0,0,0,0,0,0,0,0,0,0,0,0,0,0,0,0
write,1745,4096,6792376,1017202,10650,811,5751761,0,430,8887,2635,6792376,0,36129,11,1809320,3938652,0,1454,0,0,0,0,0,0,0,0,0,0,0,0,0,0,0,0
write,1746,4096,6692258,1018194,10439,912,5650490,0,431,9137,2655,6692258,0,36129,11,1850568,3796094,0,1513,0,0,0,0,0,0,0,0,0,0,0,0,0,0,0,0
write,1747,4096,6712095,1018655,10820,892,5668383,0,421,10700,2224,6712095,0,36129,11,1876828,3787639,0,1672,0,0,0,0,0,0,0,0,0,0,0,0,0,0,0,0
write,1748,4096,6901090,1017692,9698,742,5859783,0,431,9919,2825,6901090,0,36129,11,1971285,3884852,0,1422,0,0,0,0,0,0,0,0,0,0,0,0,0,0,0,0
write,1749,4096,6702587,1017422,11552,761,5659748,0,401,10559,2144,6702587,0,36129,11,1905131,3750839,0,1484,0,0,0,0,0,0,0,0,0,0,0,0,0,0,0,0
write,1750,4096,6678863,1038322,11301,992,5616215,0,411,9087,2535,6678863,0,36129,11,1782500,3829788,0,1542,0,0,0,0,0,0,0,0,0,0,0,0,0,0,0,0
write,1751,4096,6939493,1028934,10499,952,5885512,0,401,10770,2425,6939493,0,36129,11,1991002,3890493,0,1734,0,0,0,0,0,0,0,0,0,0,0,0,0,0,0,0
write,1752,4096,6615184,1026359,10691,861,5562715,0,411,12073,2074,6615184,0,36129,11,1819009,3739648,0,1674,0,0,0,0,0,0,0,0,0,0,0,0,0,0,0,0
write,1753,4096,7066010,1017562,10931,771,6024142,0,461,9488,2655,7066010,0,36129,11,1885434,4134932,0,1542,0,0,0,0,0,0,0,0,0,0,0,0,0,0,0,0
write,1754,4096,7046694,1021680,11803,871,5998635,0,420,11091,2194,7046694,0,36129,11,1854265,4140472,0,1583,0,0,0,0,0,0,0,0,0,0,0,0,0,0,0,0
write,1755,4096,7476602,1022061,10350,781,6414065,0,1092,13165,15088,7476602,0,36129,11,1888038,4521167,0,2253,0,0,0,0,0,0,0,0,0,0,0,0,0,0,0,0
write,1756,4096,7833413,1428375,16401,1853,6372487,0,872,9518,3907,7833413,0,36129,11,2157045,4202138,0,6341,0,0,0,0,0,0,0,0,0,0,0,0,0,0,0,0
write,1757,4096,6616045,1029666,8956,1143,5565290,0,380,7985,2625,6616045,0,36129,11,1847402,3713350,0,1764,0,0,0,0,0,0,0,0,0,0,0,0,0,0,0,0
write,1758,4096,7535363,1031970,7604,541,6484567,0,341,8165,2175,7535363,0,36129,11,2924557,3557116,0,1173,0,0,0,0,0,0,0,0,0,0,0,0,0,0,0,0
write,1759,4096,6535443,1028092,8025,551,5488466,0,340,7775,2194,6535443,0,36129,11,1784304,3701106,0,1303,0,0,0,0,0,0,0,0,0,0,0,0,0,0,0,0
write,1760,4096,6679594,1026369,8135,591,5633348,0,301,8596,2254,6679594,0,36129,11,1936029,3694413,0,1171,0,0,0,0,0,0,0,0,0,0,0,0,0,0,0,0
write,1761,4096,6839705,1026950,7865,480,5794211,0,280,7544,2375,6839705,0,36129,11,1865085,3926650,0,922,0,0,0,0,0,0,0,0,0,0,0,0,0,0,0,0
write,1762,4096,6883347,1023123,7854,561,5841349,0,301,7975,2184,6883347,0,36129,11,1793662,4045223,0,940,0,0,0,0,0,0,0,0,0,0,0,0,0,0,0,0
write,1763,4096,7398325,1024155,7935,581,6354764,0,301,7934,2655,7398325,0,36129,11,1867420,4484658,0,1091,0,0,0,0,0,0,0,0,0,0,0,0,0,0,0,0
write,1764,4096,6740709,1031689,7904,501,5690556,0,300,7514,2245,6740709,0,36129,11,1783141,3904859,0,1051,0,0,0,0,0,0,0,0,0,0,0,0,0,0,0,0
write,1765,4096,4839756,1021810,7795,541,3795313,0,391,11601,2305,4839756,0,36129,11,2030457,1635264,0,1944,0,0,0,0,0,0,0,0,0,0,0,0,0,0,0,0
write,1766,4096,4639540,1037700,10310,911,3576202,0,391,11762,2264,4639540,0,36129,11,1921582,1643680,0,8485,0,0,0,0,0,0,0,0,0,0,0,0,0,0,0,0
write,1767,4096,4493485,1038071,10079,781,3431740,0,401,9588,2825,4493485,0,36129,11,1791908,1636066,0,1592,0,0,0,0,0,0,0,0,0,0,0,0,0,0,0,0
write,1768,4096,4607039,1017893,10299,692,3565832,0,430,9368,2525,4607039,0,36129,11,1907495,1654800,0,1374,0,0,0,0,0,0,0,0,0,0,0,0,0,0,0,0
write,1769,4096,4544481,1055654,10289,872,3464882,0,441,9908,2435,4544481,0,36129,11,1801546,1659830,0,1374,0,0,0,0,0,0,0,0,0,0,0,0,0,0,0,0
write,1770,4096,4756870,1056305,10299,1223,3676540,0,431,9317,2755,4756870,0,36129,11,2017041,1653918,0,2275,0,0,0,0,0,0,0,0,0,0,0,0,0,0,0,0
write,1771,4096,4536847,1037119,10700,872,3474390,0,411,11011,2344,4536847,0,36129,11,1858794,1612100,0,1482,0,0,0,0,0,0,0,0,0,0,0,0,0,0,0,0
write,1772,4096,4643948,1035085,18665,762,3577033,0,431,8956,3016,4643948,0,36129,11,1934506,1638539,0,1685,0,0,0,0,0,0,0,0,0,0,0,0,0,0,0,0
write,1773,4096,4641985,1024095,10840,892,3593905,0,420,9328,2505,4641985,0,36129,11,1934686,1655491,0,1522,0,0,0,0,0,0,0,0,0,0,0,0,0,0,0,0
write,1774,4096,4454612,1018474,10299,832,3411722,0,371,10479,2435,4454612,0,36129,11,1788762,1619354,0,1504,0,0,0,0,0,0,0,0,0,0,0,0,0,0,0,0
write,1775,4096,4588644,1017522,10710,862,3547567,0,431,8807,2745,4588644,0,36129,11,1899931,1643900,0,1482,0,0,0,0,0,0,0,0,0,0,0,0,0,0,0,0
write,1776,4096,4535655,1049002,11000,1683,3459452,0,561,11262,2695,4535655,0,36129,11,1818187,1636125,0,2185,0,0,0,0,0,0,0,0,0,0,0,0,0,0,0,0
write,1777,4096,4730911,1017442,10760,751,3689204,0,421,9768,2565,4730911,0,36129,11,2016910,1668506,0,1513,0,0,0,0,0,0,0,0,0,0,0,0,0,0,0,0
write,1778,4096,4587342,1038923,11411,872,3524053,0,401,8967,2715,4587342,0,36129,11,1871969,1648298,0,1622,0,0,0,0,0,0,0,0,0,0,0,0,0,0,0,0
write,1779,4096,4588614,1013695,10089,872,3551365,0,360,9879,2354,4588614,0,36129,11,1888579,1659328,0,1392,0,0,0,0,0,0,0,0,0,0,0,0,0,0,0,0
write,1780,4096,4638097,1015278,10280,781,3598634,0,441,9838,2845,4638097,0,36129,11,1917764,1677332,0,1393,0,0,0,0,0,0,0,0,0,0,0,0,0,0,0,0
write,1781,4096,4564509,1047770,10028,1393,3491803,0,451,10770,2294,4564509,0,36129,11,1857261,1629653,0,1934,0,0,0,0,0,0,0,0,0,0,0,0,0,0,0,0
write,1782,4096,4611127,1016270,10280,871,3572044,0,451,8536,2675,4611127,0,36129,11,1927042,1641506,0,1403,0,0,0,0,0,0,0,0,0,0,0,0,0,0,0,0
write,1783,4096,4528581,1015809,10310,851,3488868,0,430,9679,2634,4528581,0,36129,11,1825671,1659219,0,1624,0,0,0,0,0,0,0,0,0,0,0,0,0,0,0,0
write,1784,4096,5295683,1025878,10450,872,4244126,0,852,11151,2354,5295683,0,36129,11,1826473,2412634,0,1883,0,0,0,0,0,0,0,0,0,0,0,0,0,0,0,0
write,1785,4096,144358769,1031929,8917,822,143298717,0,1202,11472,5710,144358769,0,36129,11,141886583,1403578,0,1924,0,0,0,0,0,0,0,0,0,0,0,0,0,0,0,0
write,1786,4096,4485220,1092203,7664,1163,3374742,0,251,7083,2114,4485220,0,36129,0,2009106,1359596,0,2545,0,0,0,0,0,0,0,0,0,0,0,0,0,0,0,0
write,1787,4096,4393868,1069650,6773,591,3306214,0,301,8165,2174,4393868,0,36129,0,1928886,1374653,0,962,0,0,0,0,0,0,0,0,0,0,0,0,0,0,0,0
write,1788,4096,4752973,1057587,7013,531,3673475,0,641,10409,3317,4752973,0,36129,0,1932331,1737466,0,1322,0,0,0,0,0,0,0,0,0,0,0,0,0,0,0,0
write,1789,4096,27604783,1063799,8226,771,26519042,0,361,9798,2786,27604783,0,36129,1,23682220,2832604,0,1543,0,0,0,0,0,0,0,0,0,0,0,0,0,0,0,0
write,1790,4096,8959298,1073257,11351,1363,7859622,0,621,9267,3817,8959298,0,36129,2,2012533,5840968,0,2965,0,0,0,0,0,0,0,0,0,0,0,0,0,0,0,0
write,1791,4096,7071851,1070051,9678,932,5979478,0,611,9017,2084,7071851,0,36129,2,2220473,3754507,0,2235,0,0,0,0,0,0,0,0,0,0,0,0,0,0,0,0
write,1792,4096,6584505,1045174,7314,852,5520425,0,391,8035,2314,6584505,0,36129,3,1803609,3712698,0,1711,0,0,0,0,0,0,0,0,0,0,0,0,0,0,0,0
write,1793,4096,7020675,1045395,8937,851,5954932,0,401,7965,2194,7020675,0,36129,1,1968680,3981683,0,1863,0,0,0,0,0,0,0,0,0,0,0,0,0,0,0,0
write,1794,4096,6964900,1042679,7845,581,5903155,0,471,7955,2214,6964900,0,36129,1,1922263,3977716,0,1161,0,0,0,0,0,0,0,0,0,0,0,0,0,0,0,0
write,1795,4096,7025795,1034434,8566,732,5971363,0,421,8145,2134,7025795,0,36129,3,1935187,4032458,0,1403,0,0,0,0,0,0,0,0,0,0,0,0,0,0,0,0
write,1796,4096,6482934,1050574,9719,1002,5411200,0,571,7654,2214,6482934,0,36129,9,1879473,3526448,0,2586,0,0,0,0,0,0,0,0,0,0,0,0,0,0,0,0
write,1797,4096,6456836,1036438,8075,592,5401341,0,341,7985,2064,6456836,0,36129,9,1806746,3591631,0,1212,0,0,0,0,0,0,0,0,0,0,0,0,0,0,0,0
write,1798,4096,6707166,1032049,6893,581,5656792,0,381,7935,2535,6707166,0,36129,9,1920940,3732425,0,1282,0,0,0,0,0,0,0,0,0,0,0,0,0,0,0,0
write,1799,4096,6424214,1021179,8356,751,5381915,0,401,9037,2575,6424214,0,36129,9,1842483,3534894,0,2074,0,0,0,0,0,0,0,0,0,0,0,0,0,0,0,0
write,1800,4096,6823936,1038572,8055,722,5766097,0,471,7915,2104,6823936,0,36129,3,1844818,3916902,0,1743,0,0,0,0,0,0,0,0,0,0,0,0,0,0,0,0
write,1801,4096,6383338,1035356,8356,751,5328695,0,461,7585,2134,6383338,0,36129,9,1853173,3471665,0,1614,0,0,0,0,0,0,0,0,0,0,0,0,0,0,0,0
write,1802,4096,6749736,1019637,8396,971,5710914,0,341,7383,2094,6749736,0,36129,9,1930458,3776598,0,1564,0,0,0,0,0,0,0,0,0,0,0,0,0,0,0,0
write,1803,4096,6424625,1013866,7985,591,5392545,0,341,7023,2274,6424625,0,36129,9,1919227,3470572,0,1102,0,0,0,0,0,0,0,0,0,0,0,0,0,0,0,0
write,1804,4096,6488425,1042750,7684,561,5426750,0,511,8095,2074,6488425,0,36129,9,1765608,3657695,0,1483,0,0,0,0,0,0,0,0,0,0,0,0,0,0,0,0
write,1805,4096,6827612,1019466,7965,842,5788629,0,371,7905,2434,6827612,0,36129,3,2030747,3753816,0,1544,0,0,0,0,0,0,0,0,0,0,0,0,0,0,0,0
write,1806,4096,6656231,1039264,12353,862,5590827,0,521,9348,3056,6656231,0,36129,9,1810032,3775877,0,2094,0,0,0,0,0,0,0,0,0,0,0,0,0,0,0,0
write,1807,4096,6404226,1005830,9288,741,5375433,0,441,8786,3707,6404226,0,36129,9,1921872,3449243,0,1842,0,0,0,0,0,0,0,0,0,0,0,0,0,0,0,0
write,1808,4096,6345186,1033382,9488,791,5291025,0,581,7684,2235,6345186,0,36129,9,1899791,3386265,0,2493,0,0,0,0,0,0,0,0,0,0,0,0,0,0,0,0
write,1809,4096,6642515,1046046,9258,931,5576131,0,310,7615,2224,6642515,0,36129,3,1902155,3669737,0,1603,0,0,0,0,0,0,0,0,0,0,0,0,0,0,0,0
write,1810,4096,6427159,1024605,11001,1082,5378810,0,440,9087,2134,6427159,0,36129,9,1902516,3471745,0,1964,0,0,0,0,0,0,0,0,0,0,0,0,0,0,0,0
write,1811,4096,6292196,1025358,8195,611,5250809,0,290,4819,2114,6292196,0,36129,9,1798219,3449754,0,1132,0,0,0,0,0,0,0,0,0,0,0,0,0,0,0,0
write,1812,4096,6706144,1021420,7785,601,5666329,0,321,7594,2094,6706144,0,36129,9,1962599,3700826,0,1223,0,0,0,0,0,0,0,0,0,0,0,0,0,0,0,0
write,1813,4096,6421239,1026179,8275,652,5376174,0,461,7333,2165,6421239,0,36129,9,1850368,3522430,0,1544,0,0,0,0,0,0,0,0,0,0,0,0,0,0,0,0
write,1814,4096,6816912,1039213,8325,712,5757260,0,311,8977,2114,6816912,0,36129,3,1946659,3806905,0,1372,0,0,0,0,0,0,0,0,0,0,0,0,0,0,0,0
write,1815,4096,6916709,1045304,8967,792,5850916,0,431,8125,2174,6916709,0,36129,9,1848976,3997674,0,1681,0,0,0,0,0,0,0,0,0,0,0,0,0,0,0,0
write,1816,4096,6981973,1031709,7835,611,5931018,0,340,8276,2184,6981973,0,36129,9,1781999,4146263,0,1152,0,0,0,0,0,0,0,0,0,0,0,0,0,0,0,0
write,1817,4096,6723526,1026188,7675,541,5678853,0,341,7834,2094,6723526,0,36129,9,1914679,3761289,0,1182,0,0,0,0,0,0,0,0,0,0,0,0,0,0,0,0
write,1818,4096,6763632,1022803,7934,632,5722104,0,441,7584,2134,6763632,0,36129,9,1796306,3922141,0,1553,0,0,0,0,0,0,0,0,0,0,0,0,0,0,0,0
write,1819,4096,6808417,1027331,7815,801,5762331,0,420,7605,2114,6808417,0,36129,3,2030236,3728107,0,1614,0,0,0,0,0,0,0,0,0,0,0,0,0,0,0,0
write,1820,4096,6508372,1032801,10570,1162,5452448,0,491,8646,2254,6508372,0,36129,3,1828837,3618501,0,2044,0,0,0,0,0,0,0,0,0,0,0,0,0,0,0,0
write,1821,4096,6586349,1037831,7795,701,5530374,0,371,7173,2104,6586349,0,36129,3,1912325,3614644,0,1352,0,0,0,0,0,0,0,0,0,0,0,0,0,0,0,0
write,1822,4096,6648165,1032069,8446,742,5596017,0,301,8496,2094,6648165,0,36129,3,1874654,3718038,0,1203,0,0,0,0,0,0,0,0,0,0,0,0,0,0,0,0
write,1823,4096,6391563,1036187,7515,651,5336620,0,370,8126,2094,6391563,0,36129,3,1826633,3506911,0,1163,0,0,0,0,0,0,0,0,0,0,0,0,0,0,0,0
write,1824,4096,6781005,1030607,7765,651,5731372,0,361,8185,2064,6781005,0,36129,3,1898197,3829928,0,1152,0,0,0,0,0,0,0,0,0,0,0,0,0,0,0,0
write,1825,4096,6543509,1042500,7794,682,5481472,0,431,8586,2044,6543509,0,36129,3,1843906,3634019,0,1303,0,0,0,0,0,0,0,0,0,0,0,0,0,0,0,0
write,1826,4096,6635582,1030166,7755,701,5587392,0,380,7114,2074,6635582,0,36129,3,1935127,3649059,0,1193,0,0,0,0,0,0,0,0,0,0,0,0,0,0,0,0
write,1827,4096,6818335,1032511,7935,671,5766518,0,321,8265,2114,6818335,0,36129,3,1845740,3917513,0,1232,0,0,0,0,0,0,0,0,0,0,0,0,0,0,0,0
write,1828,4096,6848481,1044653,7554,752,5784491,0,351,8636,2044,6848481,0,36129,3,1921091,3860296,0,1163,0,0,0,0,0,0,0,0,0,0,0,0,0,0,0,0
write,1829,4096,6815730,1032160,7604,691,5761328,0,441,9789,3717,6815730,0,36129,3,1928534,3829497,0,1112,0,0,0,0,0,0,0,0,0,0,0,0,0,0,0,0
write,1830,4096,6712105,1025527,8907,822,5666971,0,370,7374,2134,6712105,0,36129,3,1806555,3856698,0,1424,0,0,0,0,0,0,0,0,0,0,0,0,0,0,0,0
write,1831,4096,6860404,1032601,7714,662,5809348,0,401,7614,2064,6860404,0,36129,3,1909439,3896574,0,1322,0,0,0,0,0,0,0,0,0,0,0,0,0,0,0,0
write,1832,4096,6393596,1049823,8426,661,5323265,0,380,8496,2545,6393596,0,36129,3,1836342,3483788,0,1203,0,0,0,0,0,0,0,0,0,0,0,0,0,0,0,0
write,1833,4096,6615574,1039123,7895,621,5558407,0,370,7054,2104,6615574,0,36129,3,2035565,3519585,0,1272,0,0,0,0,0,0,0,0,0,0,0,0,0,0,0,0
write,1834,4096,6447749,1029255,7704,611,5400691,0,391,7003,2094,6447749,0,36129,3,1867169,3530115,0,1283,0,0,0,0,0,0,0,0,0,0,0,0,0,0,0,0
write,1835,4096,6364492,1028463,7774,662,5317093,0,411,8005,2084,6364492,0,36129,3,1926792,3386996,0,1192,0,0,0,0,0,0,0,0,0,0,0,0,0,0,0,0
write,1836,4096,6643446,1029756,7895,781,5594364,0,441,8005,2204,6643446,0,36129,3,1908266,3682772,0,1393,0,0,0,0,0,0,0,0,0,0,0,0,0,0,0,0
write,1837,4096,6377657,1019917,8136,751,5337933,0,400,8436,2084,6377657,0,36129,3,1834989,3499587,0,1251,0,0,0,0,0,0,0,0,0,0,0,0,0,0,0,0
write,1838,4096,6582231,1030576,8256,631,5532218,0,340,8065,2145,6582231,0,36129,3,1907695,3621306,0,1202,0,0,0,0,0,0,0,0,0,0,0,0,0,0,0,0
write,1839,4096,7034431,1046848,9478,971,5965102,0,571,9247,2214,7034431,0,36129,9,1814420,4144750,0,2605,0,0,0,0,0,0,0,0,0,0,0,0,0,0,0,0
write,1840,4096,7124440,1020258,8916,752,6082602,0,491,8907,2514,7124440,0,36129,9,2021810,4056955,0,1444,0,0,0,0,0,0,0,0,0,0,0,0,0,0,0,0
write,1841,4096,7109853,1035116,8245,782,6054038,0,361,9127,2184,7109853,0,36129,3,1887457,4163044,0,1342,0,0,0,0,0,0,0,0,0,0,0,0,0,0,0,0
write,1842,4096,6972324,1049502,8617,691,5902463,0,391,8576,2084,6972324,0,36129,3,1933685,3965573,0,1142,0,0,0,0,0,0,0,0,0,0,0,0,0,0,0,0
write,1843,4096,6703098,1040966,7615,691,5643387,0,360,8035,2044,6703098,0,36129,3,1893398,3746883,0,1181,0,0,0,0,0,0,0,0,0,0,0,0,0,0,0,0
write,1844,4096,6582201,1032029,7975,652,5528911,0,551,8135,3948,6582201,0,36129,3,1848043,3676169,0,1684,0,0,0,0,0,0,0,0,0,0,0,0,0,0,0,0
write,1845,4096,16163138,1049913,9268,1112,15091714,0,411,8145,2575,16163138,0,36129,9,11387182,3698972,0,2385,0,0,0,0,0,0,0,0,0,0,0,0,0,0,0,0
write,1846,4096,7012510,1029004,8205,592,5965061,0,340,7274,2034,7012510,0,36129,9,2016390,3945726,0,1172,0,0,0,0,0,0,0,0,0,0,0,0,0,0,0,0
write,1847,4096,6719048,1025518,7734,591,5674285,0,491,7915,2514,6719048,0,36129,9,1952509,3717607,0,1993,0,0,0,0,0,0,0,0,0,0,0,0,0,0,0,0
write,1848,4096,6957677,1018274,8315,822,5918373,0,391,8747,2755,6957677,0,36129,3,1987576,3925879,0,1943,0,0,0,0,0,0,0,0,0,0,0,0,0,0,0,0
write,1849,4096,6811853,1037580,11232,1102,5749245,0,391,10019,2284,6811853,0,36129,9,1849205,3895853,0,1701,0,0,0,0,0,0,0,0,0,0,0,0,0,0,0,0
write,1850,4096,6604864,1023454,7945,611,5561913,0,311,8486,2144,6604864,0,36129,9,1802708,3756420,0,1183,0,0,0,0,0,0,0,0,0,0,0,0,0,0,0,0
write,1851,4096,6914064,1024215,7814,631,5871516,0,330,7364,2194,6914064,0,36129,9,1889852,3978808,0,1132,0,0,0,0,0,0,0,0,0,0,0,0,0,0,0,0
write,1852,4096,6835287,1028283,8065,611,5788169,0,441,7584,2134,6835287,0,36129,9,1821283,3963359,0,1722,0,0,0,0,0,0,0,0,0,0,0,0,0,0,0,0
write,1853,4096,7268000,1034384,7745,731,6215322,0,410,7114,2294,7268000,0,36129,3,1938563,4272590,0,1664,0,0,0,0,0,0,0,0,0,0,0,0,0,0,0,0
write,1854,4096,6746690,1036578,8967,761,5690295,0,471,7494,2124,6746690,0,36129,9,1870306,3816193,0,1602,0,0,0,0,0,0,0,0,0,0,0,0,0,0,0,0
write,1855,4096,6809798,1018304,8265,952,5772118,0,391,7645,2123,6809798,0,36129,9,1888349,3880083,0,1562,0,0,0,0,0,0,0,0,0,0,0,0,0,0,0,0
write,1856,4096,6738806,1024586,8116,681,5694052,0,410,8887,2074,6738806,0,36129,3,1929927,3760497,0,1392,0,0,0,0,0,0,0,0,0,0,0,0,0,0,0,0
write,1857,4096,6628148,1045646,8776,631,5561012,0,441,9528,2114,6628148,0,36129,9,1788231,3769194,0,1573,0,0,0,0,0,0,0,0,0,0,0,0,0,0,0,0
write,1858,4096,6703379,1023974,8005,572,5660488,0,401,7574,2365,6703379,0,36129,9,1900261,3757322,0,1173,0,0,0,0,0,0,0,0,0,0,0,0,0,0,0,0
write,1859,4096,7502480,1023964,8476,611,6458900,0,380,7965,2184,7502480,0,36129,9,2910901,3545003,0,1182,0,0,0,0,0,0,0,0,0,0,0,0,0,0,0,0
write,1860,4096,6783029,1030998,8025,561,5733426,0,451,7444,2124,6783029,0,36129,9,1995380,3734559,0,1623,0,0,0,0,0,0,0,0,0,0,0,0,0,0,0,0
write,1861,4096,6614912,1026569,7945,791,5569138,0,400,7685,2384,6614912,0,36129,3,1862501,3702599,0,1432,0,0,0,0,0,0,0,0,0,0,0,0,0,0,0,0
write,1862,4096,6790633,1041528,8145,761,5727755,0,431,9819,2194,6790633,0,36129,9,1902676,3821342,0,1544,0,0,0,0,0,0,0,0,0,0,0,0,0,0,0,0
write,1863,4096,6884890,1029645,7805,651,5835638,0,311,8656,2184,6884890,0,36129,9,1878811,3953931,0,1081,0,0,0,0,0,0,0,0,0,0,0,0,0,0,0,0
write,1864,4096,7214058,1031348,8065,641,6163564,0,381,7685,2374,7214058,0,36129,9,1804120,4356397,0,1182,0,0,0,0,0,0,0,0,0,0,0,0,0,0,0,0
write,1865,4096,7040332,1022842,7965,621,5997543,0,470,8486,2405,7040332,0,36129,9,1914278,4079648,0,1612,0,0,0,0,0,0,0,0,0,0,0,0,0,0,0,0
write,1866,4096,6638006,1023594,8516,771,5593754,0,370,8627,2374,6638006,0,36129,3,1836682,3753385,0,1474,0,0,0,0,0,0,0,0,0,0,0,0,0,0,0,0
write,1867,4096,6690605,1026530,7784,621,5645922,0,380,7164,2204,6690605,0,36129,3,1835890,3806564,0,1354,0,0,0,0,0,0,0,0,0,0,0,0,0,0,0,0
write,1868,4096,6700132,1025908,8366,671,5655379,0,320,7414,2074,6700132,0,36129,3,1854766,3797317,0,1162,0,0,0,0,0,0,0,0,0,0,0,0,0,0,0,0
write,1869,4096,6837922,1017993,7654,662,5800662,0,391,8526,2034,6837922,0,36129,3,1910230,3887266,0,1152,0,0,0,0,0,0,0,0,0,0,0,0,0,0,0,0
write,1870,4096,6782908,1019446,7815,681,5744196,0,341,8315,2114,6782908,0,36129,3,1895202,3845838,0,1252,0,0,0,0,0,0,0,0,0,0,0,0,0,0,0,0
write,1871,4096,6656280,1016771,7644,661,5620534,0,361,7965,2344,6656280,0,36129,3,1792669,3824559,0,1293,0,0,0,0,0,0,0,0,0,0,0,0,0,0,0,0
write,1872,4096,6898676,1023904,7815,651,5856247,0,420,7434,2205,6898676,0,36129,3,2025598,3827253,0,1273,0,0,0,0,0,0,0,0,0,0,0,0,0,0,0,0
write,1873,4096,7019793,1028333,10680,1122,5967205,0,611,9208,2634,7019793,0,36129,9,1831091,4130122,0,2756,0,0,0,0,0,0,0,0,0,0,0,0,0,0,0,0
write,1874,4096,6866245,1046346,8086,751,5799710,0,381,8837,2134,6866245,0,36129,9,1913997,3882017,0,1602,0,0,0,0,0,0,0,0,0,0,0,0,0,0,0,0
write,1875,4096,6866515,1030877,8326,741,5810291,0,430,8356,7494,6866515,0,36129,3,1856500,3950104,0,1454,0,0,0,0,0,0,0,0,0,0,0,0,0,0,0,0
write,1876,4096,7103390,1052157,8917,711,6029122,0,401,9958,2124,7103390,0,36129,9,1895091,4130393,0,1563,0,0,0,0,0,0,0,0,0,0,0,0,0,0,0,0
write,1877,4096,7431357,1033352,8206,651,6378388,0,471,8185,2104,7431357,0,36129,9,1887106,4487174,0,1632,0,0,0,0,0,0,0,0,0,0,0,0,0,0,0,0
write,1878,4096,6990498,1034614,8115,802,5935916,0,431,8135,2485,6990498,0,36129,3,1814090,4117689,0,1683,0,0,0,0,0,0,0,0,0,0,0,0,0,0,0,0
write,1879,4096,7098782,1040325,9217,912,6037508,0,510,8076,2234,7098782,0,36129,9,1977858,4055051,0,1812,0,0,0,0,0,0,0,0,0,0,0,0,0,0,0,0
write,1880,4096,6882535,1025096,8065,612,5836940,0,541,9127,2154,6882535,0,36129,9,1849306,3984058,0,1334,0,0,0,0,0,0,0,0,0,0,0,0,0,0,0,0
write,1881,4096,6735980,1022181,8566,741,5694613,0,361,7334,2184,6735980,0,36129,3,1944785,3746361,0,1213,0,0,0,0,0,0,0,0,0,0,0,0,0,0,0,0
write,1882,4096,7009054,1029305,7905,661,5959952,0,390,8697,2144,7009054,0,36129,3,1879583,4077012,0,1212,0,0,0,0,0,0,0,0,0,0,0,0,0,0,0,0
write,1883,4096,6468247,1027932,7624,682,5421209,0,360,7805,2635,6468247,0,36129,3,1814931,3602841,0,1344,0,0,0,0,0,0,0,0,0,0,0,0,0,0,0,0
write,1884,4096,6654116,1030888,7905,641,5604042,0,371,8045,2224,6654116,0,36129,3,1906503,3694013,0,1352,0,0,0,0,0,0,0,0,0,0,0,0,0,0,0,0
write,1885,4096,7111917,1026279,7123,671,6067454,0,431,7835,2124,7111917,0,36129,3,1813639,4250249,0,1412,0,0,0,0,0,0,0,0,0,0,0,0,0,0,0,0
write,1886,4096,7062053,1019496,6813,792,6024953,0,411,7224,2364,7062053,0,36129,3,2001001,4020516,0,1313,0,0,0,0,0,0,0,0,0,0,0,0,0,0,0,0
write,1887,4096,6934553,1030607,11090,1002,5880643,0,451,8275,2485,6934553,0,36129,9,1839648,4034823,0,2646,0,0,0,0,0,0,0,0,0,0,0,0,0,0,0,0
write,1888,4096,7186056,1023293,8245,661,6143517,0,521,7604,2215,7186056,0,36129,9,1947580,4192560,0,1303,0,0,0,0,0,0,0,0,0,0,0,0,0,0,0,0
write,1889,4096,7007711,1028774,8966,702,5958058,0,391,8506,2314,7007711,0,36129,3,1858813,4095647,0,1352,0,0,0,0,0,0,0,0,0,0,0,0,0,0,0,0
write,1890,4096,6974117,1023684,7694,711,5930567,0,431,8375,2655,6974117,0,36129,3,1819790,4107500,0,1232,0,0,0,0,0,0,0,0,0,0,0,0,0,0,0,0
write,1891,4096,5336610,1036127,7905,672,4280094,0,501,8085,3226,5336610,0,36129,3,2135704,1997414,0,2256,0,0,0,0,0,0,0,0,0,0,0,0,0,0,0,0
write,1892,4096,4857610,1029585,8877,872,3807496,0,400,8196,2184,4857610,0,36129,3,1874723,1928835,0,1614,0,0,0,0,0,0,0,0,0,0,0,0,0,0,0,0
write,1893,4096,4926579,1022281,7694,642,3882667,0,541,10159,2595,4926579,0,36129,3,1919889,1958761,0,1554,0,0,0,0,0,0,0,0,0,0,0,0,0,0,0,0
write,1894,4096,4873890,1020418,8245,7414,3828355,0,321,7013,2124,4873890,0,36129,9,1903838,1920659,0,1615,0,0,0,0,0,0,0,0,0,0,0,0,0,0,0,0
write,1895,4096,4868290,1030877,8025,611,3817876,0,441,7684,2776,4868290,0,36129,9,1810663,2003525,0,1464,0,0,0,0,0,0,0,0,0,0,0,0,0,0,0,0
write,1896,4096,4913866,1024606,8786,752,3867999,0,351,8997,2375,4913866,0,36129,9,1935247,1929065,0,1543,0,0,0,0,0,0,0,0,0,0,0,0,0,0,0,0
write,1897,4096,4792347,1031869,8717,671,3741291,0,421,7324,2054,4792347,0,36129,9,1807397,1930688,0,1324,0,0,0,0,0,0,0,0,0,0,0,0,0,0,0,0
write,1898,4096,4974870,1031649,7825,591,3922883,0,351,9087,2484,4974870,0,36129,9,1992695,1927102,0,1302,0,0,0,0,0,0,0,0,0,0,0,0,0,0,0,0
write,1899,4096,4931729,1032801,7814,632,3880062,0,321,8015,2084,4931729,0,36129,9,1885404,1991643,0,1223,0,0,0,0,0,0,0,0,0,0,0,0,0,0,0,0
write,1900,4096,4863140,1028423,7544,661,3813237,0,331,10730,2214,4863140,0,36129,9,1895513,1914618,0,1254,0,0,0,0,0,0,0,0,0,0,0,0,0,0,0,0
write,1901,4096,4908666,1032360,10911,1142,3853563,0,481,8125,2084,4908666,0,36129,9,1913977,1934766,0,1984,0,0,0,0,0,0,0,0,0,0,0,0,0,0,0,0
write,1902,4096,4799771,1037470,10179,772,3738666,0,411,9588,2685,4799771,0,36129,9,1807487,1927102,0,1693,0,0,0,0,0,0,0,0,0,0,0,0,0,0,0,0
write,1903,4096,4890321,1028022,11171,921,3837413,0,431,9698,2665,4890321,0,36129,9,1924487,1909058,0,1462,0,0,0,0,0,0,0,0,0,0,0,0,0,0,0,0
write,1904,4096,4814018,1022021,10890,1052,3767030,0,441,9548,3036,4814018,0,36129,9,1834318,1928906,0,1572,0,0,0,0,0,0,0,0,0,0,0,0,0,0,0,0
write,1905,4096,4817013,1020447,10841,771,3771779,0,421,10269,2485,4817013,0,36129,9,1845299,1922634,0,1633,0,0,0,0,0,0,0,0,0,0,0,0,0,0,0,0
write,1906,4096,4838694,1026469,9618,3156,3785134,0,441,10770,3106,4838694,0,36129,9,1850889,1930568,0,1483,0,0,0,0,0,0,0,0,0,0,0,0,0,0,0,0
write,1907,4096,5082523,1028543,10801,911,4027500,0,421,11812,2535,5082523,0,36129,9,2107170,1916422,0,1562,0,0,0,0,0,0,0,0,0,0,0,0,0,0,0,0
write,1908,4096,4916260,1025447,10460,771,3864764,0,461,11752,2605,4916260,0,36129,9,1926010,1934896,0,1663,0,0,0,0,0,0,0,0,0,0,0,0,0,0,0,0
write,1909,4096,4807055,1025007,11121,811,3756491,0,370,10650,2605,4807055,0,36129,9,1821924,1931049,0,1493,0,0,0,0,0,0,0,0,0,0,0,0,0,0,0,0
write,1910,4096,4955303,1028904,10570,921,3899730,0,441,12533,2204,4955303,0,36129,9,1989079,1906884,0,1544,0,0,0,0,0,0,0,0,0,0,0,0,0,0,0,0
write,1911,4096,4766418,1019857,10349,922,3721715,0,421,10469,2685,4766418,0,36129,9,1810713,1907425,0,1493,0,0,0,0,0,0,0,0,0,0,0,0,0,0,0,0
write,1912,4096,4923754,1022152,10840,872,3876595,0,411,10169,2715,4923754,0,36129,9,1933363,1939455,0,1584,0,0,0,0,0,0,0,0,0,0,0,0,0,0,0,0
write,1913,4096,4852440,1026218,11221,732,3801344,0,401,9798,2726,4852440,0,36129,9,1873842,1923826,0,1512,0,0,0,0,0,0,0,0,0,0,0,0,0,0,0,0
write,1914,4096,4896994,1031359,10980,802,3840308,0,420,10210,2915,4896994,0,36129,9,1911953,1924547,0,1473,0,0,0,0,0,0,0,0,0,0,0,0,0,0,0,0
write,1915,4096,6006058,1028553,11121,822,4951526,0,421,10940,2675,6006058,0,36129,9,1912445,3035024,0,1492,0,0,0,0,0,0,0,0,0,0,0,0,0,0,0,0
write,1916,4096,6855234,1024386,11211,871,5805952,0,431,9608,2775,6855234,0,36129,9,1793891,4008144,0,1583,0,0,0,0,0,0,0,0,0,0,0,0,0,0,0,0
write,1917,4096,7196836,1026248,10841,861,6143717,0,531,11312,3326,7196836,0,36129,9,1997845,4141053,0,2365,0,0,0,0,0,0,0,0,0,0,0,0,0,0,0,0
write,1918,4096,6929524,1025467,12103,841,5878319,0,420,9629,2745,6929524,0,36129,9,1836512,4037358,0,1751,0,0,0,0,0,0,0,0,0,0,0,0,0,0,0,0
write,1919,4096,7438079,1026960,11361,912,6387084,0,461,8546,2755,7438079,0,36129,9,1941859,4441237,0,1653,0,0,0,0,0,0,0,0,0,0,0,0,0,0,0,0
write,1920,4096,7300380,1036398,11211,801,6237042,0,441,11191,3296,7300380,0,36129,9,1894039,4338934,0,1823,0,0,0,0,0,0,0,0,0,0,0,0,0,0,0,0
write,1921,4096,7071431,1028814,11482,982,6015085,0,441,11401,3226,7071431,0,36129,9,1796266,4214731,0,1643,0,0,0,0,0,0,0,0,0,0,0,0,0,0,0,0
write,1922,4096,7211845,1028022,10871,961,6155520,0,430,13245,2796,7211845,0,36129,9,1895673,4256109,0,1584,0,0,0,0,0,0,0,0,0,0,0,0,0,0,0,0
write,1923,4096,7152963,1027230,11281,862,6095066,0,951,12183,5390,7152963,0,36129,9,1831813,4257342,0,2665,0,0,0,0,0,0,0,0,0,0,0,0,0,0,0,0
write,1924,4096,7429042,1044693,12384,1222,6359212,0,461,8055,3015,7429042,0,36129,9,2017511,4335488,0,2646,0,0,0,0,0,0,0,0,0,0,0,0,0,0,0,0
write,1925,4096,6137906,875436,9418,851,5238095,0,751,10350,3005,6137906,0,36129,9,1820983,3412654,0,1774,0,0,0,0,0,0,0,0,0,0,0,0,0,0,0,0
write,1926,4096,6227525,1018234,10530,851,5186178,0,360,9177,2195,6227525,0,36129,9,1889000,3293500,0,1565,0,0,0,0,0,0,0,0,0,0,0,0,0,0,0,0
write,1927,4096,6409838,873783,9387,842,5510296,0,431,12073,3026,6409838,0,36129,9,1819460,3686879,0,1552,0,0,0,0,0,0,0,0,0,0,0,0,0,0,0,0
write,1928,4096,6831199,1007884,11632,962,5796514,0,511,10169,3527,6831199,0,36129,9,1810674,3981252,0,1773,0,0,0,0,0,0,0,0,0,0,0,0,0,0,0,0
write,1929,4096,28406759,998567,11591,972,27378257,0,441,10870,6061,28406759,0,36129,9,23635672,3737494,0,2045,0,0,0,0,0,0,0,0,0,0,0,0,0,0,0,0
write,1930,4096,6270154,901314,11341,1032,5345336,0,471,8556,2104,6270154,0,36129,9,1982226,3357691,0,2646,0,0,0,0,0,0,0,0,0,0,0,0,0,0,0,0
write,1931,4096,6013793,1010259,7644,641,4984829,0,281,8085,2054,6013793,0,36129,0,2132057,2849636,0,1273,0,0,0,0,0,0,0,0,0,0,0,0,0,0,0,0
write,1932,4096,5599174,1016531,6392,491,4566503,0,220,7033,2004,5599174,0,36129,0,1718329,2845769,0,922,0,0,0,0,0,0,0,0,0,0,0,0,0,0,0,0
write,1933,4096,5890642,1011201,6101,501,4863601,0,291,6893,2054,5890642,0,36129,0,1877229,2983858,0,920,0,0,0,0,0,0,0,0,0,0,0,0,0,0,0,0
write,1934,4096,5880863,1017022,6482,511,4847501,0,280,7043,2024,5880863,0,36129,0,1787820,3057216,0,963,0,0,0,0,0,0,0,0,0,0,0,0,0,0,0,0
write,1935,4096,6864682,879753,7725,931,5965532,0,501,7965,2275,6864682,0,36129,1,1821273,4139620,0,2114,0,0,0,0,0,0,0,0,0,0,0,0,0,0,0,0
write,1936,4096,6832992,999068,7444,551,5815910,0,211,7444,2364,6832992,0,36129,1,1906503,3906883,0,973,0,0,0,0,0,0,0,0,0,0,0,0,0,0,0,0
write,1937,4096,6480360,1040255,7224,571,5423593,0,271,6702,1744,6480360,0,36129,1,1803910,3616817,0,1304,0,0,0,0,0,0,0,0,0,0,0,0,0,0,0,0
write,1938,4096,6299870,807848,7034,561,5474389,0,310,7624,2104,6299870,0,36129,1,1991703,3479921,0,1133,0,0,0,0,0,0,0,0,0,0,0,0,0,0,0,0
write,1939,4096,5705644,1014066,5972,601,4674946,0,271,7744,2044,5705644,0,36129,0,1755109,2917063,0,1071,0,0,0,0,0,0,0,0,0,0,0,0,0,0,0,0
write,1940,4096,15459245,840409,10750,1032,14594099,0,391,9458,3106,15459245,0,36129,1,11023298,3566423,0,1602,0,0,0,0,0,0,0,0,0,0,0,0,0,0,0,0
write,1941,4096,6994886,1055614,7434,691,5919746,0,360,8657,2384,6994886,0,36129,1,2071533,3844877,0,1151,0,0,0,0,0,0,0,0,0,0,0,0,0,0,0,0
write,1942,4096,6153495,1059822,7333,662,5075950,0,280,7374,2074,6153495,0,36129,1,1906985,3165629,0,1493,0,0,0,0,0,0,0,0,0,0,0,0,0,0,0,0
write,1943,4096,5878859,1013926,6542,561,4847721,0,291,7724,2094,5878859,0,36129,0,1740421,3104505,0,1072,0,0,0,0,0,0,0,0,0,0,0,0,0,0,0,0
write,1944,4096,6440194,938434,9187,942,5480109,0,411,8586,2525,6440194,0,36129,1,2023493,3452579,0,1652,0,0,0,0,0,0,0,0,0,0,0,0,0,0,0,0
write,1945,4096,5685185,980613,7214,551,4687339,0,291,6933,2244,5685185,0,36129,1,1844637,2840248,0,983,0,0,0,0,0,0,0,0,0,0,0,0,0,0,0,0
write,1946,4096,5987453,1013204,6783,591,4957287,0,291,7233,2064,5987453,0,36129,0,1841191,3113572,0,961,0,0,0,0,0,0,0,0,0,0,0,0,0,0,0,0
write,1947,4096,5770365,1019987,6132,510,4734288,0,271,7013,2164,5770365,0,36129,0,1786657,2945146,0,901,0,0,0,0,0,0,0,0,0,0,0,0,0,0,0,0
write,1948,4096,6418383,968149,7264,781,5430777,0,401,8706,2305,6418383,0,36129,1,1893639,3533170,0,1674,0,0,0,0,0,0,0,0,0,0,0,0,0,0,0,0
write,1949,4096,6562775,1001753,7234,581,5541726,0,611,8215,2655,6562775,0,36129,1,1905281,3632397,0,1593,0,0,0,0,0,0,0,0,0,0,0,0,0,0,0,0
write,1950,4096,6294030,1014417,8115,1012,5259235,0,501,8616,2134,6294030,0,36129,2,1825912,3428854,0,2204,0,0,0,0,0,0,0,0,0,0,0,0,0,0,0,0
write,1951,4096,6551794,1025958,8166,861,5506159,0,561,7965,2124,6551794,0,36129,1,1987616,3514075,0,1974,0,0,0,0,0,0,0,0,0,0,0,0,0,0,0,0
write,1952,4096,6713788,1034384,8235,732,5658535,0,360,8216,3326,6713788,0,36129,3,1825251,3829086,0,1543,0,0,0,0,0,0,0,0,0,0,0,0,0,0,0,0
write,1953,4096,115700866,1044102,9568,902,114631146,0,791,8967,5390,115700866,0,36129,1,111147879,3477015,0,2405,0,0,0,0,0,0,0,0,0,0,0,0,0,0,0,0
write,1954,4096,5843462,1087604,8115,732,4734959,0,290,8176,3586,5843462,0,36129,0,1778523,2951428,0,2134,0,0,0,0,0,0,0,0,0,0,0,0,0,0,0,0
write,1955,4096,7376974,1012152,8215,1002,6344965,0,431,7825,2384,7376974,0,36129,1,2421972,3918014,0,2345,0,0,0,0,0,0,0,0,0,0,0,0,0,0,0,0
write,1956,4096,6752061,1066555,6973,591,5668864,0,271,6622,2185,6752061,0,36129,1,1998847,3667223,0,1032,0,0,0,0,0,0,0,0,0,0,0,0,0,0,0,0
write,1957,4096,6130522,881146,7855,671,5228708,0,430,9398,2314,6130522,0,36129,1,1911542,3314189,0,1383,0,0,0,0,0,0,0,0,0,0,0,0,0,0,0,0
write,1958,4096,5891163,889743,6943,641,4983166,0,310,8085,2275,5891163,0,36129,0,1788612,3191278,0,1312,0,0,0,0,0,0,0,0,0,0,0,0,0,0,0,0
write,1959,4096,6219509,912885,6633,581,5289231,0,261,8115,1803,6219509,0,36129,0,1840449,3446218,0,951,0,0,0,0,0,0,0,0,0,0,0,0,0,0,0,0
write,1960,4096,5846849,887408,6662,521,4943261,0,260,6953,1784,5846849,0,36129,0,1836682,3104064,0,962,0,0,0,0,0,0,0,0,0,0,0,0,0,0,0,0
write,1961,4096,5722936,895623,7173,561,4809359,0,281,7664,2275,5722936,0,36129,0,1728408,3078416,0,911,0,0,0,0,0,0,0,0,0,0,0,0,0,0,0,0
write,1962,4096,6042547,960586,6432,471,5064318,0,290,8226,2224,6042547,0,36129,0,1924126,3137717,0,972,0,0,0,0,0,0,0,0,0,0,0,0,0,0,0,0
write,1963,4096,6180155,961236,6583,501,5200334,0,330,8837,2334,6180155,0,36129,0,1731143,3466705,0,973,0,0,0,0,0,0,0,0,0,0,0,0,0,0,0,0
write,1964,4096,6388116,1107792,6823,501,5264214,0,280,6623,1883,6388116,0,36129,0,1848775,3412814,0,1052,0,0,0,0,0,0,0,0,0,0,0,0,0,0,0,0
write,1965,4096,7588723,888099,6723,551,6683241,0,270,7554,2285,7588723,0,36129,0,3288460,3391965,0,1082,0,0,0,0,0,0,0,0,0,0,0,0,0,0,0,0
write,1966,4096,6071831,1098284,7263,491,4955664,0,291,7594,2244,6071831,0,36129,0,1766521,3186428,0,1032,0,0,0,0,0,0,0,0,0,0,0,0,0,0,0,0
write,1967,4096,6246250,1100729,6763,591,5129290,0,321,6772,1784,6246250,0,36129,0,1834437,3292297,0,1053,0,0,0,0,0,0,0,0,0,0,0,0,0,0,0,0
write,1968,4096,5721874,877930,6302,521,4825149,0,290,9148,2534,5721874,0,36129,0,1766991,3055483,0,971,0,0,0,0,0,0,0,0,0,0,0,0,0,0,0,0
write,1969,4096,5931648,937852,6793,541,4976293,0,270,7605,2294,5931648,0,36129,0,1929016,3044482,0,992,0,0,0,0,0,0,0,0,0,0,0,0,0,0,0,0
write,1970,4096,6015185,941619,6432,541,5057265,0,321,7214,1793,6015185,0,36129,0,1750329,3304171,0,1062,0,0,0,0,0,0,0,0,0,0,0,0,0,0,0,0
write,1971,4096,6204871,1043080,6903,521,5145501,0,290,6733,1843,6204871,0,36129,0,1840199,3302617,0,1023,0,0,0,0,0,0,0,0,0,0,0,0,0,0,0,0
write,1972,4096,6050632,883360,6472,481,5149929,0,271,7845,2274,6050632,0,36129,0,1792580,3354594,0,1031,0,0,0,0,0,0,0,0,0,0,0,0,0,0,0,0
write,1973,4096,6326079,1099546,6523,581,5209881,0,271,7514,1763,6326079,0,36129,0,1731725,3475402,0,1022,0,0,0,0,0,0,0,0,0,0,0,0,0,0,0,0
write,1974,4096,5828925,919969,7584,651,4889249,0,351,8877,2244,5828925,0,36129,0,1849105,3036968,0,1222,0,0,0,0,0,0,0,0,0,0,0,0,0,0,0,0
write,1975,4096,6033830,1077655,6943,521,4938111,0,301,8506,1793,6033830,0,36129,0,1788321,3147045,0,1072,0,0,0,0,0,0,0,0,0,0,0,0,0,0,0,0
write,1976,4096,6137485,897637,7063,692,5219870,0,591,9318,2314,6137485,0,36129,0,1900502,3314600,0,2235,0,0,0,0,0,0,0,0,0,0,0,0,0,0,0,0
write,1977,4096,6089124,1033352,7204,801,5036516,0,261,8756,2234,6089124,0,36129,8,1757323,3275306,0,1562,0,0,0,0,0,0,0,0,0,0,0,0,0,0,0,0
write,1978,4096,6011258,1001923,6833,471,4991040,0,241,8546,2204,6011258,0,36129,8,1828055,3160460,0,1053,0,0,0,0,0,0,0,0,0,0,0,0,0,0,0,0
write,1979,4096,5934824,1017582,6683,531,4900219,0,231,7664,1914,5934824,0,36129,8,1792378,3105407,0,873,0,0,0,0,0,0,0,0,0,0,0,0,0,0,0,0
write,1980,4096,5787036,890513,7645,491,4875603,0,381,10009,2394,5787036,0,36129,8,1726395,3146604,0,1083,0,0,0,0,0,0,0,0,0,0,0,0,0,0,0,0
write,1981,4096,6360194,1092403,7284,531,5249897,0,261,7564,2254,6360194,0,36129,8,1847963,3399480,0,971,0,0,0,0,0,0,0,0,0,0,0,0,0,0,0,0
write,1982,4096,5909968,1013765,7484,471,4878239,0,250,7925,1834,5909968,0,36129,8,1753957,3121857,0,992,0,0,0,0,0,0,0,0,0,0,0,0,0,0,0,0
write,1983,4096,6025635,902296,6653,460,5105306,0,260,8366,2294,6025635,0,36129,8,1856369,3246432,0,1001,0,0,0,0,0,0,0,0,0,0,0,0,0,0,0,0
write,1984,4096,6222315,1018485,6883,510,5185567,0,300,8366,2204,6222315,0,36129,8,1791377,3391554,0,1063,0,0,0,0,0,0,0,0,0,0,0,0,0,0,0,0
write,1985,4096,6040543,1019286,6702,531,5003143,0,241,8336,2304,6040543,0,36129,8,1826643,3174156,0,922,0,0,0,0,0,0,0,0,0,0,0,0,0,0,0,0
write,1986,4096,6033229,988277,6643,461,5027939,0,251,7845,1813,6033229,0,36129,8,1830561,3194985,0,901,0,0,0,0,0,0,0,0,0,0,0,0,0,0,0,0
write,1987,4096,6068465,894551,7725,851,5153686,0,331,9047,2274,6068465,0,36129,8,1725874,3424226,0,1242,0,0,0,0,0,0,0,0,0,0,0,0,0,0,0,0
write,1988,4096,6299790,959984,6994,511,5322413,0,260,7354,2274,6299790,0,36129,8,1833225,3486843,0,942,0,0,0,0,0,0,0,0,0,0,0,0,0,0,0,0
write,1989,4096,6502822,1115657,7063,481,5368821,0,280,8015,2505,6502822,0,36129,8,1732957,3633479,0,882,0,0,0,0,0,0,0,0,0,0,0,0,0,0,0,0
write,1990,4096,6380001,1008064,6793,511,5355606,0,250,6943,1834,6380001,0,36129,8,1879623,3473458,0,971,0,0,0,0,0,0,0,0,0,0,0,0,0,0,0,0
write,1991,4096,6081880,1050564,7644,471,5012832,0,300,7685,2384,6081880,0,36129,8,1800645,3209692,0,981,0,0,0,0,0,0,0,0,0,0,0,0,0,0,0,0
write,1992,4096,6133658,1095499,7604,501,5018863,0,641,8246,2304,6133658,0,36129,8,1855668,3154048,0,1252,0,0,0,0,0,0,0,0,0,0,0,0,0,0,0,0
write,1993,4096,6066762,1088917,6662,691,4958480,0,200,9107,2705,6066762,0,36129,0,1838225,3117158,0,1534,0,0,0,0,0,0,0,0,0,0,0,0,0,0,0,0
write,1994,4096,6185846,1083787,6573,420,5081882,0,220,10580,2384,6185846,0,36129,0,1748316,3331311,0,881,0,0,0,0,0,0,0,0,0,0,0,0,0,0,0,0
write,1995,4096,6275033,1047839,6813,501,5209110,0,230,8246,2294,6275033,0,36129,0,1886185,3320672,0,932,0,0,0,0,0,0,0,0,0,0,0,0,0,0,0,0
write,1996,4096,6199852,987576,6472,451,5195645,0,230,7224,2254,6199852,0,36129,0,1742114,3451267,0,890,0,0,0,0,0,0,0,0,0,0,0,0,0,0,0,0
write,1997,4096,6342791,968611,6763,450,5351037,0,331,8646,6953,6342791,0,36129,0,1724451,3623992,0,950,0,0,0,0,0,0,0,0,0,0,0,0,0,0,0,0
write,1998,4096,6390521,1214252,8617,611,5153926,0,722,9788,2605,6390521,0,36129,0,1853885,3293620,0,2192,0,0,0,0,0,0,0,0,0,0,0,0,0,0,0,0
write,1999,4096,5969489,1021760,7434,692,4929214,0,240,7905,2244,5969489,0,36129,8,1791416,3134190,0,1573,0,0,0,0,0,0,0,0,0,0,0,0,0,0,0,0
write,2000,4096,6147694,1015108,6863,461,5114452,0,250,8256,2304,6147694,0,36129,8,1844036,3267851,0,972,0,0,0,0,0,0,0,0,0,0,0,0,0,0,0,0
write,2001,4096,6284913,997535,7334,481,5270886,0,351,6442,1884,6284913,0,36129,8,1730011,3538320,0,1033,0,0,0,0,0,0,0,0,0,0,0,0,0,0,0,0
write,2002,4096,5997532,880084,7334,521,5100105,0,321,7133,2034,5997532,0,36129,8,1889732,3207689,0,1072,0,0,0,0,0,0,0,0,0,0,0,0,0,0,0,0
write,2003,4096,5687620,896004,7795,581,4772730,0,341,7914,2255,5687620,0,36129,8,1770458,2999447,0,1212,0,0,0,0,0,0,0,0,0,0,0,0,0,0,0,0
write,2004,4096,6155219,1008155,7124,531,5128559,0,310,8175,2365,6155219,0,36129,8,1840089,3285555,0,1162,0,0,0,0,0,0,0,0,0,0,0,0,0,0,0,0
write,2005,4096,6241170,979911,7034,621,5244106,0,280,7134,2084,6241170,0,36129,8,1779565,3461876,0,1073,0,0,0,0,0,0,0,0,0,0,0,0,0,0,0,0
write,2006,4096,6045893,902165,7925,1132,5125423,0,431,6923,1894,6045893,0,36129,8,1864174,3256751,0,1823,0,0,0,0,0,0,0,0,0,0,0,0,0,0,0,0
write,2007,4096,6037558,1068539,7935,631,4949362,0,280,8326,2485,6037558,0,36129,8,1826042,3120445,0,1213,0,0,0,0,0,0,0,0,0,0,0,0,0,0,0,0
write,2008,4096,6135571,1104004,6974,591,5014184,0,240,7795,1783,6135571,0,36129,8,1741162,3270327,0,1073,0,0,0,0,0,0,0,0,0,0,0,0,0,0,0,0
write,2009,4096,5971293,894290,6543,461,5058828,0,310,8596,2265,5971293,0,36129,8,1855808,3200405,0,1093,0,0,0,0,0,0,0,0,0,0,0,0,0,0,0,0
write,2010,4096,6129841,1102803,7063,541,5006871,0,300,9879,2384,6129841,0,36129,8,1745550,3258555,0,1151,0,0,0,0,0,0,0,0,0,0,0,0,0,0,0,0
write,2011,4096,6310871,1083266,6693,480,5209722,0,260,8136,2314,6310871,0,36129,8,1834989,3372398,0,911,0,0,0,0,0,0,0,0,0,0,0,0,0,0,0,0
write,2012,4096,6471142,1016600,6723,451,5433943,0,310,6593,6522,6471142,0,36129,8,1793120,3638048,0,1153,0,0,0,0,0,0,0,0,0,0,0,0,0,0,0,0
write,2013,4096,6522278,875064,7234,541,5630031,0,301,7284,1823,6522278,0,36129,8,1752935,3874261,0,1111,0,0,0,0,0,0,0,0,0,0,0,0,0,0,0,0
write,2014,4096,6151712,880725,7584,541,5253043,0,271,7303,2245,6151712,0,36129,8,1850938,3399560,0,931,0,0,0,0,0,0,0,0,0,0,0,0,0,0,0,0
write,2015,4096,6126254,999228,6893,581,5110536,0,380,6823,1813,6126254,0,36129,8,1764676,3342822,0,1133,0,0,0,0,0,0,0,0,0,0,0,0,0,0,0,0
write,2016,4096,6058126,882709,6853,621,5157814,0,291,7584,2254,6058126,0,36129,8,1886134,3268803,0,1122,0,0,0,0,0,0,0,0,0,0,0,0,0,0,0,0
write,2017,4096,4442229,973219,6712,541,3452279,0,401,6772,2305,4442229,0,36129,8,1898439,1416963,0,1672,0,0,0,0,0,0,0,0,0,0,0,0,0,0,0,0
write,2018,4096,4892064,883610,8717,801,3987424,0,451,8807,2254,4892064,0,36129,8,1781869,2201638,0,1642,0,0,0,0,0,0,0,0,0,0,0,0,0,0,0,0
write,2019,4096,4545653,900863,9468,791,3625023,0,341,7354,1813,4545653,0,36129,8,1899460,1721906,0,1514,0,0,0,0,0,0,0,0,0,0,0,0,0,0,0,0
write,2020,4096,4902224,881557,9377,872,3999537,0,451,8135,2295,4902224,0,36129,8,1803410,2192200,0,1691,0,0,0,0,0,0,0,0,0,0,0,0,0,0,0,0
write,2021,4096,4827513,1014928,9257,772,3787218,0,491,12934,1913,4827513,0,36129,8,1919608,1863753,0,1563,0,0,0,0,0,0,0,0,0,0,0,0,0,0,0,0
write,2022,4096,4110335,879392,9709,791,3208971,0,351,9237,1884,4110335,0,36129,8,1805544,1399981,0,1471,0,0,0,0,0,0,0,0,0,0,0,0,0,0,0,0
write,2023,4096,4146733,882208,9828,812,3242273,0,321,9167,2124,4146733,0,36129,8,1832815,1406463,0,1122,0,0,0,0,0,0,0,0,0,0,0,0,0,0,0,0
write,2024,4096,4944583,877329,9127,882,4047026,0,611,7725,1883,4944583,0,36129,8,1835069,2207900,0,1644,0,0,0,0,0,0,0,0,0,0,0,0,0,0,0,0
write,2025,4096,4728968,878601,9648,872,3830078,0,541,7274,1954,4728968,0,36129,0,1826513,1998806,0,2054,0,0,0,0,0,0,0,0,0,0,0,0,0,0,0,0
write,2026,4096,4178704,887459,6862,722,3274263,0,251,7314,1833,4178704,0,36129,1,1839808,1431150,0,1384,0,0,0,0,0,0,0,0,0,0,0,0,0,0,0,0
write,2027,4096,4104163,900572,7404,441,3187431,0,240,6172,1903,4104163,0,36129,1,1762212,1423145,0,800,0,0,0,0,0,0,0,0,0,0,0,0,0,0,0,0
write,2028,4096,4239979,888219,6623,461,3332443,0,491,8556,3186,4239979,0,36129,1,1888390,1440878,0,1221,0,0,0,0,0,0,0,0,0,0,0,0,0,0,0,0
write,2029,4096,4706706,1451218,7894,652,3233627,0,301,9999,3015,4706706,0,36129,3,1798670,1431821,0,1253,0,0,0,0,0,0,0,0,0,0,0,0,0,0,0,0
write,2030,4096,4784282,1378641,17212,1403,3376977,0,491,7755,1803,4784282,0,36129,9,1920129,1451448,0,2635,0,0,0,0,0,0,0,0,0,0,0,0,0,0,0,0
write,2031,4096,4157063,884332,6873,521,3256150,0,190,7133,1864,4157063,0,36129,9,1831482,1422433,0,802,0,0,0,0,0,0,0,0,0,0,0,0,0,0,0,0
write,2032,4096,4061063,890183,6663,441,3155390,0,201,6362,1823,4061063,0,36129,9,1746051,1407215,0,793,0,0,0,0,0,0,0,0,0,0,0,0,0,0,0,0
write,2033,4096,12971149,879864,6843,511,12063803,0,1433,12904,5791,12971149,0,36129,9,9740918,2313909,0,3627,0,0,0,0,0,0,0,0,0,0,0,0,0,0,0,0
write,2034,4096,4467326,902075,12293,1493,3541396,0,411,7153,2505,4467326,0,36129,9,2112280,1421712,0,3226,0,0,0,0,0,0,0,0,0,0,0,0,0,0,0,0
write,2035,4096,4263042,894852,7734,702,3350667,0,281,7013,1793,4263042,0,36129,3,1916963,1430309,0,1312,0,0,0,0,0,0,0,0,0,0,0,0,0,0,0,0
write,2036,4096,4294732,994649,9177,822,3279033,0,421,8375,2255,4294732,0,36129,9,1846129,1428856,0,1702,0,0,0,0,0,0,0,0,0,0,0,0,0,0,0,0
write,2037,4096,4239698,1040665,6633,491,3184295,0,240,5520,1854,4239698,0,36129,9,1781739,1399921,0,1112,0,0,0,0,0,0,0,0,0,0,0,0,0,0,0,0
write,2038,4096,4163635,893439,7003,431,3250950,0,451,8606,2755,4163635,0,36129,9,1794222,1453843,0,1033,0,0,0,0,0,0,0,0,0,0,0,0,0,0,0,0
write,2039,4096,4228237,916763,8206,661,3293630,0,221,6943,1813,4228237,0,36129,3,1872960,1417885,0,1121,0,0,0,0,0,0,0,0,0,0,0,0,0,0,0,0
write,2040,4096,4285524,984229,9027,862,3280566,0,491,8075,2274,4285524,0,36129,9,1838115,1437913,0,1973,0,0,0,0,0,0,0,0,0,0,0,0,0,0,0,0
write,2041,4096,5415258,1079449,6652,431,4319929,0,331,6201,2265,5415258,0,36129,9,1920921,2396164,0,1231,0,0,0,0,0,0,0,0,0,0,0,0,0,0,0,0
write,2042,4096,5728707,886075,7023,621,4821292,0,250,6092,7354,5728707,0,36129,3,1814430,3003975,0,1112,0,0,0,0,0,0,0,0,0,0,0,0,0,0,0,0
write,2043,4096,6010226,883711,6713,471,5107539,0,311,8546,2935,6010226,0,36129,3,1871207,3233617,0,1072,0,0,0,0,0,0,0,0,0,0,0,0,0,0,0,0
write,2044,4096,6286616,1043412,7464,470,5225952,0,371,7003,1944,6286616,0,36129,3,1841410,3381736,0,1163,0,0,0,0,0,0,0,0,0,0,0,0,0,0,0,0
write,2045,4096,5982675,890865,8305,541,5072805,0,300,7795,2064,5982675,0,36129,3,1761771,3308008,0,1221,0,0,0,0,0,0,0,0,0,0,0,0,0,0,0,0
write,2046,4096,6040202,883360,7684,521,5139630,0,291,6863,1853,6040202,0,36129,3,1887347,3249207,0,1171,0,0,0,0,0,0,0,0,0,0,0,0,0,0,0,0
write,2047,4096,5739206,882649,6912,602,4839796,0,351,7013,1883,5739206,0,36129,3,1777631,3059260,0,1143,0,0,0,0,0,0,0,0,0,0,0,0,0,0,0,0
write,2048,4096,5992022,881817,7023,622,5093443,0,390,6583,2144,5992022,0,36129,3,1913847,3176359,0,1112,0,0,0,0,0,0,0,0,0,0,0,0,0,0,0,0
write,2049,4096,6141573,889883,8856,551,5235931,0,341,3606,2405,6141573,0,36129,3,1845899,3383048,0,5119,0,0,0,0,0,0,0,0,0,0,0,0,0,0,0,0
write,2050,4096,6454752,1049362,7545,671,5387305,0,301,7133,2435,6454752,0,36129,3,1885053,3498956,0,1293,0,0,0,0,0,0,0,0,0,0,0,0,0,0,0,0
write,2051,4096,6187308,882338,7133,541,5287578,0,351,7033,2334,6187308,0,36129,3,1836682,3447880,0,1111,0,0,0,0,0,0,0,0,0,0,0,0,0,0,0,0
write,2052,4096,5691367,963802,10640,1422,4705594,0,511,7424,1974,5691367,0,36129,9,1783833,2915971,0,2685,0,0,0,0,0,0,0,0,0,0,0,0,0,0,0,0
write,2053,4096,6064047,883030,11351,822,5155980,0,381,9478,3005,6064047,0,36129,9,1977226,3173895,0,1654,0,0,0,0,0,0,0,0,0,0,0,0,0,0,0,0
write,2054,4096,25369361,960265,7765,711,24385321,0,762,10920,3617,25369361,0,36129,9,21313006,3067736,0,1854,0,0,0,0,0,0,0,0,0,0,0,0,0,0,0,0
write,2055,4096,5976984,894572,7885,601,5064258,0,350,7024,2294,5976984,0,36129,8,2000199,3059490,0,2103,0,0,0,0,0,0,0,0,0,0,0,0,0,0,0,0
write,2056,4096,5991992,885354,7855,681,5089285,0,341,6652,1824,5991992,0,36129,8,2037329,3048319,0,1472,0,0,0,0,0,0,0,0,0,0,0,0,0,0,0,0
write,2057,4096,5775916,886757,7484,601,4869973,0,291,8506,2304,5775916,0,36129,8,1738708,3128429,0,1091,0,0,0,0,0,0,0,0,0,0,0,0,0,0,0,0
write,2058,4096,6657914,945567,7254,561,5693661,0,461,7995,2415,6657914,0,36129,8,1904730,3785174,0,1383,0,0,0,0,0,0,0,0,0,0,0,0,0,0,0,0
write,2059,4096,5822313,896145,7844,752,4907794,0,340,7414,2024,5822313,0,36129,8,1781198,3123230,0,1433,0,0,0,0,0,0,0,0,0,0,0,0,0,0,0,0
write,2060,4096,5728947,887368,6822,551,4823817,0,240,7925,2224,5728947,0,36129,8,1694104,3126937,0,1022,0,0,0,0,0,0,0,0,0,0,0,0,0,0,0,0
write,2061,4096,5842691,1060944,8045,521,4762230,0,281,8366,2304,5842691,0,36129,8,1771460,2987725,0,1322,0,0,0,0,0,0,0,0,0,0,0,0,0,0,0,0
write,2062,4096,6120393,939987,7875,641,5160559,0,261,3536,7534,6120393,0,36129,8,1894361,3263373,0,1202,0,0,0,0,0,0,0,0,0,0,0,0,0,0,0,0
write,2063,4096,6128789,1099446,6933,511,5012992,0,341,6602,1964,6128789,0,36129,8,1876246,3134111,0,1092,0,0,0,0,0,0,0,0,0,0,0,0,0,0,0,0
write,2064,4096,6129120,1093265,7404,631,5017300,0,361,8325,1834,6129120,0,36129,8,1774455,3239809,0,1173,0,0,0,0,0,0,0,0,0,0,0,0,0,0,0,0
write,2065,4096,6213508,886005,7314,851,5310721,0,381,6232,2004,6213508,0,36129,8,1997785,3309420,0,1283,0,0,0,0,0,0,0,0,0,0,0,0,0,0,0,0
write,2066,4096,6565209,880935,7374,601,5664116,0,611,8115,3457,6565209,0,36129,8,1898718,3760347,0,1673,0,0,0,0,0,0,0,0,0,0,0,0,0,0,0,0
write,2067,4096,6066111,1067596,8446,872,4980541,0,320,6432,1904,6066111,0,36129,8,1912875,3063668,0,1653,0,0,0,0,0,0,0,0,0,0,0,0,0,0,0,0
write,2068,4096,6270936,1082234,7745,581,5169787,0,220,8235,2134,6270936,0,36129,8,1816785,3350347,0,1051,0,0,0,0,0,0,0,0,0,0,0,0,0,0,0,0
write,2069,4096,6184694,880164,7023,481,5286226,0,310,7975,2515,6184694,0,36129,8,1883741,3399840,0,1071,0,0,0,0,0,0,0,0,0,0,0,0,0,0,0,0
write,2070,4096,6104313,1010379,7163,561,5075840,0,321,8065,1984,6104313,0,36129,8,1841871,3230592,0,1221,0,0,0,0,0,0,0,0,0,0,0,0,0,0,0,0
write,2071,4096,5831059,879663,7795,601,4932360,0,301,7975,2364,5831059,0,36129,8,1760649,3168645,0,1202,0,0,0,0,0,0,0,0,0,0,0,0,0,0,0,0
write,2072,4096,6329927,1038161,7334,621,5273982,0,240,7424,2165,6329927,0,36129,8,1957058,3314168,0,1092,0,0,0,0,0,0,0,0,0,0,0,0,0,0,0,0
write,2073,4096,6265416,879073,7213,541,5368831,0,230,7584,1944,6265416,0,36129,8,1795515,3570911,0,922,0,0,0,0,0,0,0,0,0,0,0,0,0,0,0,0
write,2074,4096,6199722,879864,7133,551,5296695,0,331,8215,6933,6199722,0,36129,8,1896895,3396804,0,1122,0,0,0,0,0,0,0,0,0,0,0,0,0,0,0,0
write,2075,4096,6386293,881026,7464,651,5487564,0,381,6843,2364,6386293,0,36129,8,1848935,3635593,0,1142,0,0,0,0,0,0,0,0,0,0,0,0,0,0,0,0
write,2076,4096,5729438,874644,7364,651,4837422,0,360,7184,1813,5729438,0,36129,8,1750591,3083826,0,1142,0,0,0,0,0,0,0,0,0,0,0,0,0,0,0,0
write,2077,4096,5772058,884011,8116,691,4868049,0,341,8496,2354,5772058,0,36129,8,1881196,2983587,0,1262,0,0,0,0,0,0,0,0,0,0,0,0,0,0,0,0
write,2078,4096,5782378,913186,6963,632,4849825,0,310,9578,1884,5782378,0,36129,8,1765238,3081501,0,1214,0,0,0,0,0,0,0,0,0,0,0,0,0,0,0,0
write,2079,4096,6184874,885544,7043,611,5282990,0,310,6523,1853,6184874,0,36129,8,1963089,3316894,0,1183,0,0,0,0,0,0,0,0,0,0,0,0,0,0,0,0
write,2080,4096,5827522,891565,7374,641,4919166,0,350,6563,1863,5827522,0,36129,8,1784684,3131476,0,1193,0,0,0,0,0,0,0,0,0,0,0,0,0,0,0,0
write,2081,4096,5816261,912415,7895,621,4885402,0,340,7464,2124,5816261,0,36129,8,1876437,3006070,0,1073,0,0,0,0,0,0,0,0,0,0,0,0,0,0,0,0
write,2082,4096,6113851,880946,7414,641,5214481,0,270,8226,1873,6113851,0,36129,8,1854205,3357280,0,1142,0,0,0,0,0,0,0,0,0,0,0,0,0,0,0,0
write,2083,4096,5962887,885684,7665,711,5059860,0,381,6812,1774,5962887,0,36129,8,1801496,3255018,0,1402,0,0,0,0,0,0,0,0,0,0,0,0,0,0,0,0
write,2084,4096,6036406,881327,7033,681,5138278,0,340,6943,1804,6036406,0,36129,8,1865706,3269405,0,1213,0,0,0,0,0,0,0,0,0,0,0,0,0,0,0,0
write,2085,4096,5866897,878050,6833,631,4971204,0,340,7925,1914,5866897,0,36129,8,1786147,3182051,0,1183,0,0,0,0,0,0,0,0,0,0,0,0,0,0,0,0
write,2086,4096,6059529,882148,6773,571,5158746,0,350,8647,2294,6059529,0,36129,8,1877499,3278242,0,1121,0,0,0,0,0,0,0,0,0,0,0,0,0,0,0,0
write,2087,4096,6231491,1015719,9227,842,5194763,0,391,7784,2765,6231491,0,36129,8,1785606,3405009,0,1564,0,0,0,0,0,0,0,0,0,0,0,0,0,0,0,0
write,2088,4096,6313687,955356,7414,641,5341359,0,321,6602,1994,6313687,0,36129,8,1884552,3453571,0,1222,0,0,0,0,0,0,0,0,0,0,0,0,0,0,0,0
write,2089,4096,6263693,873833,7374,621,5372578,0,270,7033,1984,6263693,0,36129,8,1849596,3519705,0,1262,0,0,0,0,0,0,0,0,0,0,0,0,0,0,0,0
write,2090,4096,6063527,884823,6693,621,5156452,0,330,12003,2605,6063527,0,36129,8,1742485,3410981,0,1102,0,0,0,0,0,0,0,0,0,0,0,0,0,0,0,0
write,2091,4096,6779201,1100668,8015,702,5660288,0,431,7193,1904,6779201,0,36129,8,1854335,3802076,0,1474,0,0,0,0,0,0,0,0,0,0,0,0,0,0,0,0
write,2092,4096,6009886,886727,8216,661,5102359,0,271,9307,2345,6009886,0,36129,8,1808328,3290955,0,1223,0,0,0,0,0,0,0,0,0,0,0,0,0,0,0,0
write,2093,4096,6414185,883741,6933,471,5512370,0,241,8225,2204,6414185,0,36129,8,1971616,3538159,0,1021,0,0,0,0,0,0,0,0,0,0,0,0,0,0,0,0
write,2094,4096,6136443,1007183,6993,481,5111487,0,260,7825,2214,6136443,0,36129,8,1801466,3307446,0,1113,0,0,0,0,0,0,0,0,0,0,0,0,0,0,0,0
write,2095,4096,5999435,974692,6682,551,5007632,0,270,7364,2244,5999435,0,36129,8,1837854,3167272,0,1002,0,0,0,0,0,0,0,0,0,0,0,0,0,0,0,0
write,2096,4096,6054249,978099,7113,601,5059770,0,300,6593,1773,6054249,0,36129,8,1855016,3201648,0,1222,0,0,0,0,0,0,0,0,0,0,0,0,0,0,0,0
write,2097,4096,6187519,886987,6622,511,5281556,0,301,9147,2395,6187519,0,36129,8,1741814,3537098,0,1032,0,0,0,0,0,0,0,0,0,0,0,0,0,0,0,0
write,2098,4096,7759544,1104156,6822,551,6628759,0,290,16191,2775,7759544,0,36129,8,2887597,3738556,0,1012,0,0,0,0,0,0,0,0,0,0,0,0,0,0,0,0
write,2099,4096,6328014,997736,8035,531,5312535,0,350,6543,2284,6328014,0,36129,8,1783653,3525927,0,1313,0,0,0,0,0,0,0,0,0,0,0,0,0,0,0,0
write,2100,4096,6327192,865316,7374,561,5444623,0,311,7123,1884,6327192,0,36129,8,1986734,3455204,0,1101,0,0,0,0,0,0,0,0,0,0,0,0,0,0,0,0
write,2101,4096,5783059,887859,6973,551,4878419,0,280,6964,2013,5783059,0,36129,8,1828707,3047047,0,1052,0,0,0,0,0,0,0,0,0,0,0,0,0,0,0,0
write,2102,4096,5877457,887127,6593,511,4973928,0,321,7073,1904,5877457,0,36129,8,1854185,3117048,0,1142,0,0,0,0,0,0,0,0,0,0,0,0,0,0,0,0
write,2103,4096,6238856,875936,6302,501,5345156,0,361,8346,2254,6238856,0,36129,8,1818809,3523702,0,1112,0,0,0,0,0,0,0,0,0,0,0,0,0,0,0,0
write,2104,4096,5840307,891355,7414,601,4931479,0,320,7344,1794,5840307,0,36129,8,1741663,3186980,0,1111,0,0,0,0,0,0,0,0,0,0,0,0,0,0,0,0
write,2105,4096,6007060,1065543,7133,591,4921340,0,300,7084,5069,6007060,0,36129,8,1882287,3036507,0,971,0,0,0,0,0,0,0,0,0,0,0,0,0,0,0,0
write,2106,4096,6225210,1076072,7825,531,5126575,0,301,11612,2294,6225210,0,36129,8,1764025,3359695,0,1152,0,0,0,0,0,0,0,0,0,0,0,0,0,0,0,0
write,2107,4096,6085598,885094,7394,521,5183442,0,320,7003,1824,6085598,0,36129,8,1705235,3475742,0,1013,0,0,0,0,0,0,0,0,0,0,0,0,0,0,0,0
write,2108,4096,6084956,898859,7434,611,5165969,0,852,9227,2004,6084956,0,36129,8,1809461,3352651,0,1523,0,0,0,0,0,0,0,0,0,0,0,0,0,0,0,0
write,2109,4096,6038719,880535,9367,892,5136183,0,321,9147,2274,6038719,0,36129,9,1889050,3243616,0,1483,0,0,0,0,0,0,0,0,0,0,0,0,0,0,0,0
write,2110,4096,6116535,881626,9098,761,5214110,0,551,8556,1833,6116535,0,36129,9,1875895,3334127,0,1883,0,0,0,0,0,0,0,0,0,0,0,0,0,0,0,0
write,2111,4096,6099424,881647,6973,712,5201035,0,290,6963,1804,6099424,0,36129,0,1782360,3415129,0,1464,0,0,0,0,0,0,0,0,0,0,0,0,0,0,0,0
write,2112,4096,6389079,888410,5921,491,5485480,0,321,6602,1854,6389079,0,36129,0,1941378,3541115,0,1002,0,0,0,0,0,0,0,0,0,0,0,0,0,0,0,0
write,2113,4096,6400930,1044302,6963,551,5338013,0,281,8556,2264,6400930,0,36129,0,1779264,3556063,0,992,0,0,0,0,0,0,0,0,0,0,0,0,0,0,0,0
write,2114,4096,6439803,1047789,6903,571,5375243,0,510,6944,1843,6439803,0,36129,0,1853574,3517972,0,1723,0,0,0,0,0,0,0,0,0,0,0,0,0,0,0,0
write,2115,4096,6149818,873111,6913,701,5253183,0,321,10069,5520,6149818,0,36129,8,1810132,3438463,0,2344,0,0,0,0,0,0,0,0,0,0,0,0,0,0,0,0
write,2116,4096,6190906,976385,8075,612,5196396,0,301,6913,2224,6190906,0,36129,8,1884231,3308057,0,2164,0,0,0,0,0,0,0,0,0,0,0,0,0,0,0,0
write,2117,4096,6264604,878772,6813,511,5369341,0,291,6803,2073,6264604,0,36129,8,1844747,3521860,0,1202,0,0,0,0,0,0,0,0,0,0,0,0,0,0,0,0
write,2118,4096,6240759,874804,6973,561,5349484,0,341,6522,2074,6240759,0,36129,8,1769456,3577143,0,1182,0,0,0,0,0,0,0,0,0,0,0,0,0,0,0,0
write,2119,4096,6143146,878832,7734,571,5247072,0,301,6712,1924,6143146,0,36129,8,1927172,3317064,0,1192,0,0,0,0,0,0,0,0,0,0,0,0,0,0,0,0
write,2120,4096,5942870,883310,6893,481,5041786,0,311,8255,1834,5942870,0,36129,8,1790896,3247974,0,1013,0,0,0,0,0,0,0,0,0,0,0,0,0,0,0,0
write,2121,4096,6199662,883781,7715,581,5298278,0,360,6212,2735,6199662,0,36129,8,1875926,3419687,0,1123,0,0,0,0,0,0,0,0,0,0,0,0,0,0,0,0
write,2122,4096,6527949,882007,6853,551,5626966,0,331,8165,3076,6527949,0,36129,8,1833526,3790314,0,1222,0,0,0,0,0,0,0,0,0,0,0,0,0,0,0,0
write,2123,4096,6444483,1051106,7314,691,5375172,0,311,7374,2515,6444483,0,36129,8,1739840,3631996,0,1271,0,0,0,0,0,0,0,0,0,0,0,0,0,0,0,0
write,2124,4096,6273080,964513,8005,571,5288630,0,290,8416,2655,6273080,0,36129,8,1842714,3442781,0,1172,0,0,0,0,0,0,0,0,0,0,0,0,0,0,0,0
write,2125,4096,6133127,904430,15339,1974,5198861,0,561,9197,2765,6133127,0,36129,9,1797118,3393679,0,3727,0,0,0,0,0,0,0,0,0,0,0,0,0,0,0,0
write,2126,4096,5958408,888890,10230,801,5048318,0,531,7805,1833,5958408,0,36129,9,1962088,3081491,0,2365,0,0,0,0,0,0,0,0,0,0,0,0,0,0,0,0
write,2127,4096,5916410,890724,6793,771,5007251,0,291,8396,2184,5916410,0,36129,0,1789814,3213831,0,1462,0,0,0,0,0,0,0,0,0,0,0,0,0,0,0,0
write,2128,4096,14082688,925670,13245,1012,13130708,0,531,8817,2705,14082688,0,36129,8,9731069,3393709,0,2224,0,0,0,0,0,0,0,0,0,0,0,0,0,0,0,0
write,2129,4096,6199642,880204,9729,811,5296595,0,351,9648,2304,6199642,0,36129,8,2099957,3192981,0,1554,0,0,0,0,0,0,0,0,0,0,0,0,0,0,0,0
write,2130,4096,5988405,880194,9268,791,5085979,0,331,9357,2485,5988405,0,36129,8,1845328,3237215,0,1422,0,0,0,0,0,0,0,0,0,0,0,0,0,0,0,0
write,2131,4096,6045632,879583,9398,781,5143788,0,431,9407,2244,6045632,0,36129,8,1788201,3352010,0,1553,0,0,0,0,0,0,0,0,0,0,0,0,0,0,0,0
write,2132,4096,6179024,876177,9869,761,5281386,0,401,8085,2345,6179024,0,36129,8,1943653,3334107,0,1572,0,0,0,0,0,0,0,0,0,0,0,0,0,0,0,0
write,2133,4096,6079255,885394,9548,781,5172231,0,321,8506,2474,6079255,0,36129,8,1777540,3391404,0,1292,0,0,0,0,0,0,0,0,0,0,0,0,0,0,0,0
write,2134,4096,6118840,871478,9318,811,5226383,0,381,8205,2264,6118840,0,36129,8,1861539,3361558,0,1272,0,0,0,0,0,0,0,0,0,0,0,0,0,0,0,0
write,2135,4096,6190886,875125,8736,672,5294420,0,391,9167,2375,6190886,0,36129,8,1766180,3525095,0,1232,0,0,0,0,0,0,0,0,0,0,0,0,0,0,0,0
write,2136,4096,6202488,878361,8987,732,5301964,0,351,10239,1854,6202488,0,36129,8,1839417,3458961,0,1444,0,0,0,0,0,0,0,0,0,0,0,0,0,0,0,0
write,2137,4096,6597319,877128,8556,742,5699792,0,381,8836,1884,6597319,0,36129,8,1842483,3853733,0,1494,0,0,0,0,0,0,0,0,0,0,0,0,0,0,0,0
write,2138,4096,6639578,881917,7735,861,5734979,0,381,11030,2675,6639578,0,36129,8,1772632,3958901,0,1352,0,0,0,0,0,0,0,0,0,0,0,0,0,0,0,0
write,2139,4096,6635051,883040,9648,822,5729668,0,391,8777,2705,6635051,0,36129,8,1934316,3791917,0,1322,0,0,0,0,0,0,0,0,0,0,0,0,0,0,0,0
write,2140,4096,6304910,877800,9408,711,5403947,0,380,9939,2725,6304910,0,36129,8,1780376,3620405,0,1282,0,0,0,0,0,0,0,0,0,0,0,0,0,0,0,0
write,2141,4096,6705944,882388,9819,741,5801594,0,371,8716,2315,6705944,0,36129,8,1866548,3931579,0,1423,0,0,0,0,0,0,0,0,0,0,0,0,0,0,0,0
write,2142,4096,6740118,880285,9468,821,5837241,0,381,9768,2154,6740118,0,36129,8,1832545,4001140,0,1523,0,0,0,0,0,0,0,0,0,0,0,0,0,0,0,0
write,2143,4096,5394980,882629,9478,661,4489718,0,541,8697,3256,5394980,0,36129,8,1864875,2491152,0,2144,0,0,0,0,0,0,0,0,0,0,0,0,0,0,0,0
write,2144,4096,5380763,920490,10920,782,4436458,0,461,9077,2575,5380763,0,36129,8,1912765,2519716,0,1684,0,0,0,0,0,0,0,0,0,0,0,0,0,0,0,0
write,2145,4096,5525596,1062487,8977,772,4442780,0,461,8215,1904,5525596,0,36129,8,1814260,2624563,0,1613,0,0,0,0,0,0,0,0,0,0,0,0,0,0,0,0
write,2146,4096,5286195,880305,9427,752,4384460,0,481,8396,2374,5286195,0,36129,8,1876527,2504157,0,1612,0,0,0,0,0,0,0,0,0,0,0,0,0,0,0,0
write,2147,4096,5294470,877579,9748,762,4397414,0,471,6512,1984,5294470,0,36129,8,1887267,2506241,0,1582,0,0,0,0,0,0,0,0,0,0,0,0,0,0,0,0
write,2148,4096,5175487,871838,9117,762,4284763,0,411,6392,2204,5175487,0,36129,8,1787670,2493276,0,1583,0,0,0,0,0,0,0,0,0,0,0,0,0,0,0,0
write,2149,4096,4439134,865397,9618,801,3553569,0,361,7444,1944,4439134,0,36129,8,1888910,1660862,0,1494,0,0,0,0,0,0,0,0,0,0,0,0,0,0,0,0
write,2150,4096,4333815,886005,7704,591,3428083,0,541,8466,2425,4333815,0,36129,8,1744929,1679567,0,1372,0,0,0,0,0,0,0,0,0,0,0,0,0,0,0,0
write,2151,4096,4543449,879102,7845,651,3638298,0,310,14418,2825,4543449,0,36129,8,1968810,1666111,0,1301,0,0,0,0,0,0,0,0,0,0,0,0,0,0,0,0
write,2152,4096,4968989,1406874,9478,922,3542858,0,341,6592,1924,4968989,0,36129,8,1865597,1673154,0,1482,0,0,0,0,0,0,0,0,0,0,0,0,0,0,0,0
write,2153,4096,5509244,882599,6983,511,4607880,0,531,8486,2254,5509244,0,36129,8,1845488,2758825,0,1493,0,0,0,0,0,0,0,0,0,0,0,0,0,0,0,0
write,2154,4096,4610986,1069600,9247,912,3521769,0,401,7244,1813,4610986,0,36129,8,1862450,1655562,0,1532,0,0,0,0,0,0,0,0,0,0,0,0,0,0,0,0
write,2155,4096,4317674,878631,7103,651,3421260,0,341,7294,2394,4317674,0,36129,8,1749939,1668105,0,1263,0,0,0,0,0,0,0,0,0,0,0,0,0,0,0,0
write,2156,4096,4472556,882809,7024,691,3573216,0,330,6522,1964,4472556,0,36129,8,1899450,1670489,0,1252,0,0,0,0,0,0,0,0,0,0,0,0,0,0,0,0
write,2157,4096,4377717,876797,6913,652,3483096,0,411,7885,1963,4377717,0,36129,8,1802408,1677593,0,1233,0,0,0,0,0,0,0,0,0,0,0,0,0,0,0,0
write,2158,4096,4600767,880294,7274,641,3703230,0,421,6853,2054,4600767,0,36129,8,1882278,1817066,0,1553,0,0,0,0,0,0,0,0,0,0,0,0,0,0,0,0
write,2159,4096,4361387,878161,7444,781,3465403,0,311,7534,1753,4361387,0,36129,8,1802097,1659920,0,1342,0,0,0,0,0,0,0,0,0,0,0,0,0,0,0,0
write,2160,4096,4616356,880775,6913,721,3719281,0,350,6342,1974,4616356,0,36129,8,1873792,1841992,0,1393,0,0,0,0,0,0,0,0,0,0,0,0,0,0,0,0
write,2161,4096,4401753,880185,7674,571,3503906,0,350,7244,1823,4401753,0,36129,8,1847873,1652797,0,1211,0,0,0,0,0,0,0,0,0,0,0,0,0,0,0,0
write,2162,4096,4374732,897316,9758,762,3454633,0,390,8777,3096,4374732,0,36129,8,1769916,1680949,0,1553,0,0,0,0,0,0,0,0,0,0,0,0,0,0,0,0
write,2163,4096,4458319,877238,9118,751,3559230,0,340,9217,2425,4458319,0,36129,8,1897166,1658567,0,1403,0,0,0,0,0,0,0,0,0,0,0,0,0,0,0,0
write,2164,4096,4322915,875555,9128,761,3425839,0,401,8546,2685,4322915,0,36129,8,1751461,1671141,0,1282,0,0,0,0,0,0,0,0,0,0,0,0,0,0,0,0
write,2165,4096,4355245,879693,9708,752,3453991,0,391,8256,2454,4355245,0,36129,8,1794292,1656213,0,1434,0,0,0,0,0,0,0,0,0,0,0,0,0,0,0,0
write,2166,4096,4345007,877269,9538,742,3444704,0,390,9799,2565,4345007,0,36129,8,1784313,1656995,0,1352,0,0,0,0,0,0,0,0,0,0,0,0,0,0,0,0
write,2167,4096,5776707,877729,9478,651,4876455,0,441,9308,2645,5776707,0,36129,8,1865255,3007553,0,1502,0,0,0,0,0,0,0,0,0,0,0,0,0,0,0,0
write,2168,4096,6217235,881557,9879,791,5314108,0,521,8456,1923,6217235,0,36129,8,1859494,3450205,0,1944,0,0,0,0,0,0,0,0,0,0,0,0,0,0,0,0
write,2169,4096,6448350,887228,11331,952,5536716,0,551,8346,3226,6448350,0,36129,8,1789514,3742644,0,2135,0,0,0,0,0,0,0,0,0,0,0,0,0,0,0,0
write,2170,4096,6608871,873000,10250,791,5715021,0,481,7174,2154,6608871,0,36129,8,1945837,3765006,0,1683,0,0,0,0,0,0,0,0,0,0,0,0,0,0,0,0
write,2171,4096,6387626,896936,12824,942,5464510,0,511,8596,3307,6387626,0,36129,8,1785576,3674526,0,1844,0,0,0,0,0,0,0,0,0,0,0,0,0,0,0,0
write,2172,4096,6441246,872620,9568,852,5546194,0,401,9047,2564,6441246,0,36129,8,1870566,3671821,0,1613,0,0,0,0,0,0,0,0,0,0,0,0,0,0,0,0
write,2173,4096,5991170,871097,9749,711,5096889,0,401,9989,2334,5991170,0,36129,8,1806545,3286717,0,1412,0,0,0,0,0,0,0,0,0,0,0,0,0,0,0,0
write,2174,4096,5989447,878812,9338,861,5087171,0,351,9939,2975,5989447,0,36129,8,1837914,3245470,0,1412,0,0,0,0,0,0,0,0,0,0,0,0,0,0,0,0
write,2175,4096,6327412,878561,9719,851,5425597,0,552,9578,2554,6327412,0,36129,8,1847873,3573827,0,1632,0,0,0,0,0,0,0,0,0,0,0,0,0,0,0,0
write,2176,4096,6403655,881857,10079,882,5499446,0,401,7955,3035,6403655,0,36129,8,1746493,3749397,0,1461,0,0,0,0,0,0,0,0,0,0,0,0,0,0,0,0
write,2177,4096,6370674,877540,9508,751,5471213,0,391,9017,2254,6370674,0,36129,8,1923034,3544672,0,1472,0,0,0,0,0,0,0,0,0,0,0,0,0,0,0,0
write,2178,4096,5927380,885544,9277,752,5019904,0,391,9117,2395,5927380,0,36129,8,1736924,3279453,0,1302,0,0,0,0,0,0,0,0,0,0,0,0,0,0,0,0
write,2179,4096,6233014,877759,9478,742,5334946,0,441,7715,1933,6233014,0,36129,8,1819490,3511429,0,1714,0,0,0,0,0,0,0,0,0,0,0,0,0,0,0,0
write,2180,4096,25448880,897607,8937,822,24526606,0,391,10780,3737,25448880,0,36129,8,21115355,3407605,0,1574,0,0,0,0,0,0,0,0,0,0,0,0,0,0,0,0
write,2181,4096,6074336,898047,9418,701,5153657,0,380,9428,2705,6074336,0,36129,8,1857902,3291376,0,1834,0,0,0,0,0,0,0,0,0,0,0,0,0,0,0,0
write,2182,4096,6126014,876457,9819,771,5227846,0,390,8306,2425,6126014,0,36129,8,2076352,3147896,0,1453,0,0,0,0,0,0,0,0,0,0,0,0,0,0,0,0
write,2183,4096,5715973,883220,9427,702,4810912,0,340,9208,2164,5715973,0,36129,8,1760989,3046676,0,1263,0,0,0,0,0,0,0,0,0,0,0,0,0,0,0,0
write,2184,4096,5919185,880305,9498,701,5017400,0,351,8927,2003,5919185,0,36129,8,1830410,3183844,0,1222,0,0,0,0,0,0,0,0,0,0,0,0,0,0,0,0
write,2185,4096,6223106,872450,9217,772,5329927,0,511,7915,2314,6223106,0,36129,8,1823387,3503033,0,1312,0,0,0,0,0,0,0,0,0,0,0,0,0,0,0,0
write,2186,4096,6120634,1052248,10369,952,5044862,0,551,9107,2545,6120634,0,36129,8,1750460,3290344,0,1595,0,0,0,0,0,0,0,0,0,0,0,0,0,0,0,0
write,2187,4096,5961584,873862,9147,671,5065731,0,491,9458,2224,5961584,0,36129,8,1803770,3258253,0,1492,0,0,0,0,0,0,0,0,0,0,0,0,0,0,0,0
write,2188,4096,5908555,888369,9148,751,4999206,0,431,8426,2224,5908555,0,36129,8,1743076,3252634,0,1322,0,0,0,0,0,0,0,0,0,0,0,0,0,0,0,0
write,2189,4096,6057835,889031,7574,621,5148977,0,351,8857,2424,6057835,0,36129,8,1940708,3205184,0,1222,0,0,0,0,0,0,0,0,0,0,0,0,0,0,0,0
write,2190,4096,5907874,885214,8997,761,5000148,0,390,9508,2856,5907874,0,36129,8,1789243,3207187,0,1432,0,0,0,0,0,0,0,0,0,0,0,0,0,0,0,0
write,2191,4096,6295332,880706,9608,751,5392355,0,371,9548,1993,6295332,0,36129,8,1852953,3535875,0,1403,0,0,0,0,0,0,0,0,0,0,0,0,0,0,0,0
write,2192,4096,6056203,885825,9187,892,5148576,0,381,9137,2205,6056203,0,36129,8,1792679,3352390,0,1372,0,0,0,0,0,0,0,0,0,0,0,0,0,0,0,0
write,2193,4096,5967095,879864,9167,802,5064799,0,410,9939,2114,5967095,0,36129,8,1762914,3298489,0,1313,0,0,0,0,0,0,0,0,0,0,0,0,0,0,0,0
write,2194,4096,6202648,880776,9247,771,5298839,0,421,10750,1844,6202648,0,36129,8,1817747,3477576,0,1413,0,0,0,0,0,0,0,0,0,0,0,0,0,0,0,0
write,2195,4096,6212056,877560,9007,801,5315581,0,360,6713,2034,6212056,0,36129,8,1758826,3553027,0,1352,0,0,0,0,0,0,0,0,0,0,0,0,0,0,0,0
write,2196,4096,6583504,882609,7434,882,5682199,0,361,7654,2365,6583504,0,36129,8,1959864,3719280,0,1221,0,0,0,0,0,0,0,0,0,0,0,0,0,0,0,0
write,2197,4096,6146471,1048711,7233,641,5079567,0,371,7724,2224,6146471,0,36129,8,1739549,3336961,0,1203,0,0,0,0,0,0,0,0,0,0,0,0,0,0,0,0
write,2198,4096,5879571,1016701,7083,622,4831119,0,792,10179,13075,5879571,0,36129,8,1842012,2983778,0,2125,0,0,0,0,0,0,0,0,0,0,0,0,0,0,0,0
write,2199,4096,6172772,952801,12844,1523,5192930,0,421,8145,4108,6172772,0,36129,8,1947120,3234949,0,4339,0,0,0,0,0,0,0,0,0,0,0,0,0,0,0,0
write,2200,4096,5641382,904039,9588,901,4715834,0,380,8366,2274,5641382,0,36129,8,1750169,2961205,0,2164,0,0,0,0,0,0,0,0,0,0,0,0,0,0,0,0
write,2201,4096,5791575,880816,9157,751,4889650,0,401,8987,1813,5791575,0,36129,8,1868051,3017852,0,1423,0,0,0,0,0,0,0,0,0,0,0,0,0,0,0,0
write,2202,4096,5763302,897236,8426,741,4845207,0,371,9217,2104,5763302,0,36129,8,1751031,3090719,0,1313,0,0,0,0,0,0,0,0,0,0,0,0,0,0,0,0
write,2203,4096,5918884,886005,9197,752,5012060,0,450,8146,2274,5918884,0,36129,8,1940918,3067755,0,1343,0,0,0,0,0,0,0,0,0,0,0,0,0,0,0,0
write,2204,4096,5789641,874363,9178,801,4894369,0,401,8415,2114,5789641,0,36129,8,1795695,3095178,0,1432,0,0,0,0,0,0,0,0,0,0,0,0,0,0,0,0
write,2205,4096,6106507,914890,9858,1052,5168414,0,481,9538,2274,6106507,0,36129,8,1846300,3317325,0,1763,0,0,0,0,0,0,0,0,0,0,0,0,0,0,0,0
write,2206,4096,5851498,890834,10420,781,4938292,0,421,8966,1784,5851498,0,36129,8,1820592,3114153,0,1383,0,0,0,0,0,0,0,0,0,0,0,0,0,0,0,0
write,2207,4096,5779523,877690,8205,812,4881495,0,440,8887,1994,5779523,0,36129,8,1751712,3126005,0,1512,0,0,0,0,0,0,0,0,0,0,0,0,0,0,0,0
write,2208,4096,5874661,884492,9007,791,4969340,0,341,8355,2335,5874661,0,36129,8,1826502,3139130,0,1493,0,0,0,0,0,0,0,0,0,0,0,0,0,0,0,0
write,2209,4096,6184192,880955,9448,711,5281907,0,401,8366,2404,6184192,0,36129,8,1763254,3515307,0,1323,0,0,0,0,0,0,0,0,0,0,0,0,0,0,0,0
write,2210,4096,6239658,883010,8867,721,5335528,0,391,8796,2345,6239658,0,36129,8,1881626,3450274,0,1492,0,0,0,0,0,0,0,0,0,0,0,0,0,0,0,0
write,2211,4096,5917722,878501,11461,862,5015737,0,350,8587,2224,5917722,0,36129,8,1813759,3198191,0,1461,0,0,0,0,0,0,0,0,0,0,0,0,0,0,0,0
write,2212,4096,6296524,1082915,7524,582,5195154,0,380,7785,2184,6296524,0,36129,8,1867380,3324719,0,1133,0,0,0,0,0,0,0,0,0,0,0,0,0,0,0,0
write,2213,4096,6097440,1026860,7043,681,5049571,0,270,11211,1804,6097440,0,36129,8,1842163,3204433,0,1131,0,0,0,0,0,0,0,0,0,0,0,0,0,0,0,0
write,2214,4096,6682189,888099,7013,591,5768783,0,430,7945,9328,6682189,0,36129,8,1760779,4004566,0,1272,0,0,0,0,0,0,0,0,0,0,0,0,0,0,0,0
write,2215,4096,7401040,1095650,8486,781,6283830,0,551,8346,3396,7401040,0,36129,8,1988267,4291696,0,1503,0,0,0,0,0,0,0,0,0,0,0,0,0,0,0,0
write,2216,4096,7656520,1096310,17363,2515,6526766,0,591,9639,3336,7656520,0,36129,8,2002533,4515356,0,4129,0,0,0,0,0,0,0,0,0,0,0,0,0,0,0,0
write,2217,4096,7331009,1091903,9097,952,6218216,0,441,8015,2385,7331009,0,36129,8,1875175,4338945,0,1552,0,0,0,0,0,0,0,0,0,0,0,0,0,0,0,0
write,2218,4096,7379790,1085681,8526,791,6273762,0,420,8376,2234,7379790,0,36129,8,1925850,4344105,0,1422,0,0,0,0,0,0,0,0,0,0,0,0,0,0,0,0
write,2219,4096,7670396,1083396,8957,792,6567132,0,411,7564,2144,7670396,0,36129,8,1965424,4598002,0,1393,0,0,0,0,0,0,0,0,0,0,0,0,0,0,0,0
write,2220,4096,7703919,1076543,8055,762,6605374,0,641,10240,2304,7703919,0,36129,8,1962338,4638328,0,1964,0,0,0,0,0,0,0,0,0,0,0,0,0,0,0,0
write,2221,4096,7184874,1075932,10510,882,6086880,0,441,7985,2244,7184874,0,36129,8,1866488,4216164,0,1612,0,0,0,0,0,0,0,0,0,0,0,0,0,0,0,0
write,2222,4096,15811607,1056366,8125,781,14734884,0,371,8796,2284,15811607,0,36129,8,10682417,4048990,0,1372,0,0,0,0,0,0,0,0,0,0,0,0,0,0,0,0
write,2223,4096,7062123,1065283,8586,801,5977465,0,360,7444,2184,7062123,0,36129,8,2056395,3917363,0,1463,0,0,0,0,0,0,0,0,0,0,0,0,0,0,0,0
write,2224,4096,6944341,1060072,8767,771,5863520,0,441,8306,2464,6944341,0,36129,8,2137397,3722386,0,1581,0,0,0,0,0,0,0,0,0,0,0,0,0,0,0,0
write,2225,4096,6628248,1055885,8686,791,5553207,0,431,7114,2134,6628248,0,36129,8,1942601,3606789,0,1463,0,0,0,0,0,0,0,0,0,0,0,0,0,0,0,0
write,2226,4096,7913764,1057177,7835,701,6837851,0,401,7655,2144,7913764,0,36129,8,3029884,3804130,0,1602,0,0,0,0,0,0,0,0,0,0,0,0,0,0,0,0
write,2227,4096,6519072,1056595,8516,792,5441667,0,421,8947,2134,6519072,0,36129,8,1805734,3632397,0,1383,0,0,0,0,0,0,0,0,0,0,0,0,0,0,0,0
write,2228,4096,6877116,1043271,9077,742,5808807,0,691,10039,4489,6877116,0,36129,8,1962979,3841880,0,1635,0,0,0,0,0,0,0,0,0,0,0,0,0,0,0,0
write,2229,4096,6722815,1054321,9027,1082,5647715,0,421,7344,2905,6722815,0,36129,8,1826653,3816584,0,1844,0,0,0,0,0,0,0,0,0,0,0,0,0,0,0,0
write,2230,4096,6791113,1036468,8165,741,5735620,0,441,7494,2184,6791113,0,36129,8,2017151,3714662,0,1384,0,0,0,0,0,0,0,0,0,0,0,0,0,0,0,0
write,2231,4096,6834986,1039534,8195,741,5775655,0,361,8216,2284,6834986,0,36129,8,1853584,3918224,0,1493,0,0,0,0,0,0,0,0,0,0,0,0,0,0,0,0
write,2232,4096,6898705,1033753,8455,782,5841469,0,440,11212,2594,6898705,0,36129,8,1925659,3911982,0,1442,0,0,0,0,0,0,0,0,0,0,0,0,0,0,0,0
write,2233,4096,7166540,1035487,8776,802,6108540,0,421,10420,2094,7166540,0,36129,8,1886675,4218178,0,1483,0,0,0,0,0,0,0,0,0,0,0,0,0,0,0,0
write,2234,4096,7127346,1036418,10971,972,6064638,0,411,11511,2425,7127346,0,36129,8,1807167,4253214,0,1643,0,0,0,0,0,0,0,0,0,0,0,0,0,0,0,0
write,2235,4096,6921819,1015689,10379,852,5880873,0,461,10910,2655,6921819,0,36129,8,1915791,3961075,0,1531,0,0,0,0,0,0,0,0,0,0,0,0,0,0,0,0
write,2236,4096,6942047,1013334,10360,881,5903005,0,481,11501,2485,6942047,0,36129,8,1804312,4094776,0,1544,0,0,0,0,0,0,0,0,0,0,0,0,0,0,0,0
write,2237,4096,6724999,1009638,11040,982,5688782,0,481,11522,2554,6724999,0,36129,8,1833255,3851268,0,1715,0,0,0,0,0,0,0,0,0,0,0,0,0,0,0,0
write,2238,4096,6861236,1005881,10690,791,5831080,0,471,9598,2725,6861236,0,36129,8,1838966,3987965,0,1664,0,0,0,0,0,0,0,0,0,0,0,0,0,0,0,0
write,2239,4096,6957085,1004037,10580,881,5929074,0,531,9478,2504,6957085,0,36129,8,1901844,4023261,0,1545,0,0,0,0,0,0,0,0,0,0,0,0,0,0,0,0
write,2240,4096,7041504,1002875,10310,771,6014314,0,440,10170,2624,7041504,0,36129,8,1908046,4102380,0,1502,0,0,0,0,0,0,0,0,0,0,0,0,0,0,0,0
write,2241,4096,7233926,1009627,10330,941,6200314,0,420,9699,2595,7233926,0,36129,8,1792439,4403997,0,1503,0,0,0,0,0,0,0,0,0,0,0,0,0,0,0,0
write,2242,4096,7394808,1009337,10109,902,6361075,0,401,10419,2565,7394808,0,36129,8,1996933,4360265,0,1473,0,0,0,0,0,0,0,0,0,0,0,0,0,0,0,0
write,2243,4096,7408854,1019266,11541,912,6362718,0,802,10309,3306,7408854,0,36129,8,1854375,4502492,0,2504,0,0,0,0,0,0,0,0,0,0,0,0,0,0,0,0
write,2244,4096,7630461,1016500,10831,831,6590917,0,421,7855,3106,7630461,0,36129,8,1947951,4638629,0,1793,0,0,0,0,0,0,0,0,0,0,0,0,0,0,0,0
write,2245,4096,7528971,1009738,8316,701,6500738,0,400,6903,2175,7528971,0,36129,8,1859344,4637566,0,1423,0,0,0,0,0,0,0,0,0,0,0,0,0,0,0,0
write,2246,4096,7334595,1024926,8095,822,6289902,0,440,7915,2495,7334595,0,36129,8,1918896,4367398,0,1522,0,0,0,0,0,0,0,0,0,0,0,0,0,0,0,0
write,2247,4096,6549319,1009597,8426,741,5519314,0,420,8667,2154,6549319,0,36129,8,1902486,3613281,0,1333,0,0,0,0,0,0,0,0,0,0,0,0,0,0,0,0
write,2248,4096,6755627,1022001,8246,741,5714871,0,381,7223,2164,6755627,0,36129,8,1816594,3894750,0,1332,0,0,0,0,0,0,0,0,0,0,0,0,0,0,0,0
write,2249,4096,6531405,1018955,7745,741,5493304,0,381,7695,2584,6531405,0,36129,8,2007072,3482756,0,1312,0,0,0,0,0,0,0,0,0,0,0,0,0,0,0,0
write,2250,4096,6391343,1017903,7875,742,5354523,0,391,7825,2084,6391343,0,36129,8,1860587,3490691,0,1263,0,0,0,0,0,0,0,0,0,0,0,0,0,0,0,0
write,2251,4096,6507040,1023744,7665,691,5465212,0,410,7134,2184,6507040,0,36129,8,1847943,3613702,0,1431,0,0,0,0,0,0,0,0,0,0,0,0,0,0,0,0
write,2252,4096,6640561,1017543,8175,742,5603561,0,391,7965,2184,6640561,0,36129,8,1892828,3707298,0,1333,0,0,0,0,0,0,0,0,0,0,0,0,0,0,0,0
write,2253,4096,6676818,1016640,8276,751,5641323,0,461,7314,2053,6676818,0,36129,8,1824709,3813257,0,1322,0,0,0,0,0,0,0,0,0,0,0,0,0,0,0,0
write,2254,4096,6599413,1036207,10280,881,5538019,0,561,10369,3096,6599413,0,36129,8,1907515,3626025,0,1715,0,0,0,0,0,0,0,0,0,0,0,0,0,0,0,0
write,2255,4096,6807164,1012744,16601,791,5763613,0,431,10810,2174,6807164,0,36129,8,1828587,3931188,0,1564,0,0,0,0,0,0,0,0,0,0,0,0,0,0,0,0
write,2256,4096,6949020,1019376,10509,812,5906040,0,371,9007,2905,6949020,0,36129,8,1942180,3960284,0,1482,0,0,0,0,0,0,0,0,0,0,0,0,0,0,0,0
write,2257,4096,6890481,1009187,11121,771,5855485,0,461,9779,3677,6890481,0,36129,8,1808560,4042979,0,1703,0,0,0,0,0,0,0,0,0,0,0,0,0,0,0,0
write,2258,4096,7322221,1025026,11081,942,6271336,0,441,10259,3136,7322221,0,36129,8,1936309,4330118,0,2254,0,0,0,0,0,0,0,0,0,0,0,0,0,0,0,0
write,2259,4096,6971122,1021610,10811,901,5925196,0,431,9578,2595,6971122,0,36129,8,1863493,4057486,0,1551,0,0,0,0,0,0,0,0,0,0,0,0,0,0,0,0
write,2260,4096,6979408,1020147,10370,811,5934945,0,411,10169,2555,6979408,0,36129,8,1835369,4095877,0,1523,0,0,0,0,0,0,0,0,0,0,0,0,0,0,0,0
write,2261,4096,7119020,1019777,10540,902,6067894,0,451,16812,2644,7119020,0,36129,8,1917944,4146142,0,1582,0,0,0,0,0,0,0,0,0,0,0,0,0,0,0,0
write,2262,4096,7142134,1012233,10079,811,6105545,0,391,10370,2705,7142134,0,36129,8,1853253,4248585,0,1543,0,0,0,0,0,0,0,0,0,0,0,0,0,0,0,0
write,2263,4096,7149747,1014146,10199,982,6111456,0,431,10059,2474,7149747,0,36129,8,1953030,4154799,0,1443,0,0,0,0,0,0,0,0,0,0,0,0,0,0,0,0
write,2264,4096,7181117,1019536,10821,811,6136544,0,380,10831,2194,7181117,0,36129,8,1829268,4303408,0,1634,0,0,0,0,0,0,0,0,0,0,0,0,0,0,0,0
write,2265,4096,7425105,1013575,11842,1092,6386984,0,431,8526,2655,7425105,0,36129,8,1893829,4489498,0,1472,0,0,0,0,0,0,0,0,0,0,0,0,0,0,0,0
write,2266,4096,7604682,1015699,10469,892,6564257,0,421,10810,2134,7604682,0,36129,8,1877138,4683563,0,1442,0,0,0,0,0,0,0,0,0,0,0,0,0,0,0,0
write,2267,4096,7657262,1013004,10220,741,6620813,0,381,9207,2896,7657262,0,36129,8,1806616,4810120,0,1872,0,0,0,0,0,0,0,0,0,0,0,0,0,0,0,0
write,2268,4096,7875311,1018965,10540,861,6831640,0,441,10450,2414,7875311,0,36129,8,1916382,4911722,0,1423,0,0,0,0,0,0,0,0,0,0,0,0,0,0,0,0
write,2269,4096,4835648,1014126,9788,752,3796876,0,521,10450,3135,4835648,0,36129,8,2001211,1665731,0,2384,0,0,0,0,0,0,0,0,0,0,0,0,0,0,0,0
write,2270,4096,4629171,1018875,10781,951,3586601,0,411,8826,2726,4629171,0,36129,8,1948572,1634112,0,1473,0,0,0,0,0,0,0,0,0,0,0,0,0,0,0,0
write,2271,4096,4600636,1006081,10259,811,3570271,0,410,10520,2284,4600636,0,36129,8,1934446,1631476,0,1803,0,0,0,0,0,0,0,0,0,0,0,0,0,0,0,0
write,2272,4096,4497083,1020438,9929,832,3453060,0,450,9759,2615,4497083,0,36129,8,1814901,1634372,0,1473,0,0,0,0,0,0,0,0,0,0,0,0,0,0,0,0
write,2273,4096,4709340,1020327,10019,892,3662673,0,561,10781,4087,4709340,0,36129,8,2006681,1651043,0,1993,0,0,0,0,0,0,0,0,0,0,0,0,0,0,0,0
write,2274,4096,4553929,1020739,10780,942,3507743,0,511,10119,3095,4553929,0,36129,8,1860767,1642116,0,2013,0,0,0,0,0,0,0,0,0,0,0,0,0,0,0,0
write,2275,4096,4533330,1023143,10490,781,3487234,0,431,8667,2584,4533330,0,36129,8,1851079,1632027,0,1593,0,0,0,0,0,0,0,0,0,0,0,0,0,0,0,0
write,2276,4096,4542678,1015479,10339,1183,3502472,0,441,10179,2585,4542678,0,36129,8,1862390,1636395,0,1344,0,0,0,0,0,0,0,0,0,0,0,0,0,0,0,0
write,2277,4096,4611317,1018014,10239,942,3568216,0,411,10119,3376,4611317,0,36129,8,1934295,1629973,0,1493,0,0,0,0,0,0,0,0,0,0,0,0,0,0,0,0
write,2278,4096,4614252,1016090,9928,892,3575079,0,451,9368,2444,4614252,0,36129,8,1920169,1650833,0,1584,0,0,0,0,0,0,0,0,0,0,0,0,0,0,0,0
write,2279,4096,5429304,1015138,10520,851,4391604,0,581,8356,2254,5429304,0,36129,8,1830109,2557156,0,1745,0,0,0,0,0,0,0,0,0,0,0,0,0,0,0,0
write,2280,4096,5818255,1017843,10901,972,4777979,0,521,7905,2134,5818255,0,36129,8,2138029,2635454,0,1851,0,0,0,0,0,0,0,0,0,0,0,0,0,0,0,0
write,2281,4096,5631153,1030016,10930,922,4578135,0,641,8365,2144,5631153,0,36129,8,1943022,2630724,0,1895,0,0,0,0,0,0,0,0,0,0,0,0,0,0,0,0
write,2282,4096,5696256,1022913,9688,832,4651522,0,501,8726,2074,5696256,0,36129,8,2031148,2616107,0,1764,0,0,0,0,0,0,0,0,0,0,0,0,0,0,0,0
write,2283,4096,5498113,1017953,10480,891,4458089,0,481,8135,2084,5498113,0,36129,8,1956968,2496722,0,1845,0,0,0,0,0,0,0,0,0,0,0,0,0,0,0,0
write,2284,4096,4650030,1022522,8666,852,3603382,0,371,12083,2154,4650030,0,36129,8,1966426,1633450,0,1382,0,0,0,0,0,0,0,0,0,0,0,0,0,0,0,0
write,2285,4096,4661390,1025747,11061,872,3611948,0,421,8877,2464,4661390,0,36129,8,1974170,1634201,0,1402,0,0,0,0,0,0,0,0,0,0,0,0,0,0,0,0
write,2286,4096,4571713,1018775,10189,822,3529774,0,431,9127,2595,4571713,0,36129,8,1872900,1652966,0,1633,0,0,0,0,0,0,0,0,0,0,0,0,0,0,0,0
write,2287,4096,4761318,1016230,10650,851,3720573,0,370,9989,2655,4761318,0,36129,8,2065141,1651864,0,1412,0,0,0,0,0,0,0,0,0,0,0,0,0,0,0,0
write,2288,4096,4578615,1010740,10299,762,3544932,0,471,8827,2584,4578615,0,36129,8,1886315,1654690,0,1443,0,0,0,0,0,0,0,0,0,0,0,0,0,0,0,0
write,2289,4096,5655719,1013705,10189,811,4619272,0,692,8886,2164,5655719,0,36129,8,1973740,2640483,0,1913,0,0,0,0,0,0,0,0,0,0,0,0,0,0,0,0
write,2290,4096,149341078,1025337,10039,992,148277519,0,1663,18756,6772,149341078,0,36129,0,146693322,1570591,0,5692,0,0,0,0,0,0,0,0,0,0,0,0,0,0,0,0
write,2291,4096,5179745,1850869,11441,1343,3299070,0,291,13405,3326,5179745,0,36129,4,1871417,1418175,0,4208,0,0,0,0,0,0,0,0,0,0,0,0,0,0,0,0
write,2292,4096,5164326,1818347,9819,661,3317946,0,300,13987,3266,5164326,0,36129,4,1898468,1416672,0,931,0,0,0,0,0,0,0,0,0,0,0,0,0,0,0,0
write,2293,4096,6109082,1815733,9608,511,4268382,0,260,11061,3527,6109082,0,36129,4,1840540,2424887,0,1023,0,0,0,0,0,0,0,0,0,0,0,0,0,0,0,0
write,2294,4096,7323775,1522241,14918,1383,5761308,0,1332,13716,8877,7323775,0,36129,5,1854405,3898888,0,4148,0,0,0,0,0,0,0,0,0,0,0,0,0,0,0,0
write,2295,4096,6842410,1074871,10119,1252,5743524,0,251,10490,1903,6842410,0,36129,1,1920519,3815722,0,2915,0,0,0,0,0,0,0,0,0,0,0,0,0,0,0,0
write,2296,4096,6318385,961187,9057,601,5336239,0,270,9078,1953,6318385,0,36129,1,1895011,3438232,0,1082,0,0,0,0,0,0,0,0,0,0,0,0,0,0,0,0
write,2297,4096,6771236,1104776,12824,1573,5634140,0,621,8466,8836,6771236,0,36129,2,1816324,3812214,0,2414,0,0,0,0,0,0,0,0,0,0,0,0,0,0,0,0
write,2298,4096,6882976,1130084,7854,632,5733976,0,281,8025,2124,6882976,0,36129,2,1995470,3735731,0,1042,0,0,0,0,0,0,0,0,0,0,0,0,0,0,0,0
write,2299,4096,6494526,1063669,7765,521,5412362,0,280,7705,2224,6494526,0,36129,2,1821474,3588133,0,1032,0,0,0,0,0,0,0,0,0,0,0,0,0,0,0,0
write,2300,4096,6737613,1056195,7494,781,5662573,0,330,8016,2224,6737613,0,36129,2,1902756,3755899,0,1353,0,0,0,0,0,0,0,0,0,0,0,0,0,0,0,0
write,2301,4096,7858750,1054162,8305,621,6784982,0,441,7945,2294,7858750,0,36129,2,1862501,4918634,0,1782,0,0,0,0,0,0,0,0,0,0,0,0,0,0,0,0
write,2302,4096,6998524,1047750,8215,731,5931098,0,290,8216,2224,6998524,0,36129,1,1814179,4113030,0,1714,0,0,0,0,0,0,0,0,0,0,0,0,0,0,0,0
write,2303,4096,6534070,1061635,8947,841,5450604,0,401,9288,2354,6534070,0,36129,2,1897226,3549261,0,1784,0,0,0,0,0,0,0,0,0,0,0,0,0,0,0,0
write,2304,4096,6556522,1062146,8456,621,5475241,0,310,7424,2324,6556522,0,36129,2,1778602,3693832,0,1112,0,0,0,0,0,0,0,0,0,0,0,0,0,0,0,0
write,2305,4096,6699662,1041768,7865,531,5637996,0,451,8686,2365,6699662,0,36129,2,1989740,3645101,0,1272,0,0,0,0,0,0,0,0,0,0,0,0,0,0,0,0
write,2306,4096,6725441,1052879,8206,621,5652343,0,451,8726,2215,6725441,0,36129,2,1817887,3829868,0,2525,0,0,0,0,0,0,0,0,0,0,0,0,0,0,0,0
write,2307,4096,24336399,1039082,8136,771,23275796,0,350,8787,3477,24336399,0,36129,1,19533703,3737585,0,2073,0,0,0,0,0,0,0,0,0,0,0,0,0,0,0,0
write,2308,4096,7328003,1029415,7674,662,6279963,0,300,7454,2535,7328003,0,36129,1,2001632,4274013,0,1564,0,0,0,0,0,0,0,0,0,0,0,0,0,0,0,0
write,2309,4096,6407202,1035226,7995,1002,5351848,0,501,8456,2174,6407202,0,36129,2,1948983,3398007,0,2265,0,0,0,0,0,0,0,0,0,0,0,0,0,0,0,0
write,2310,4096,6587250,1024275,7755,731,5544130,0,601,7694,2064,6587250,0,36129,2,1884021,3655761,0,2093,0,0,0,0,0,0,0,0,0,0,0,0,0,0,0,0
write,2311,4096,6479438,1031218,8065,902,5427681,0,270,9218,2084,6479438,0,36129,0,1799592,3624401,0,1533,0,0,0,0,0,0,0,0,0,0,0,0,0,0,0,0
write,2312,4096,6267280,1019466,7404,561,5230150,0,261,7384,2054,6267280,0,36129,0,1870645,3356990,0,952,0,0,0,0,0,0,0,0,0,0,0,0,0,0,0,0
write,2313,4096,6375593,1018154,7394,521,5339515,0,281,7664,2064,6375593,0,36129,0,1779334,3557647,0,1002,0,0,0,0,0,0,0,0,0,0,0,0,0,0,0,0
write,2314,4096,6460091,1035616,7103,501,5406471,0,261,8095,2044,6460091,0,36129,0,1799342,3604535,0,971,0,0,0,0,0,0,0,0,0,0,0,0,0,0,0,0
write,2315,4096,6642234,1015228,8947,801,5606037,0,470,8216,2535,6642234,0,36129,1,1988908,3612740,0,1751,0,0,0,0,0,0,0,0,0,0,0,0,0,0,0,0
write,2316,4096,6455423,1024335,10871,1152,5403034,0,451,7625,7955,6455423,0,36129,0,1808179,3590078,0,1894,0,0,0,0,0,0,0,0,0,0,0,0,0,0,0,0
write,2317,4096,6571100,1029666,7654,721,5522540,0,360,8005,2154,6571100,0,36129,1,2001191,3518103,0,1432,0,0,0,0,0,0,0,0,0,0,0,0,0,0,0,0
write,2318,4096,6709290,1021400,8596,812,5668193,0,300,7795,2194,6709290,0,36129,1,1809851,3854995,0,1352,0,0,0,0,0,0,0,0,0,0,0,0,0,0,0,0
write,2319,4096,6792035,1021630,7334,591,5752010,0,291,8125,2054,6792035,0,36129,1,1885744,3863631,0,1033,0,0,0,0,0,0,0,0,0,0,0,0,0,0,0,0
write,2320,4096,6616786,1013695,7214,541,5584085,0,411,8696,2144,6616786,0,36129,1,1828647,3752022,0,1543,0,0,0,0,0,0,0,0,0,0,0,0,0,0,0,0
write,2321,4096,6399327,1018574,7695,701,5362639,0,451,7173,2094,6399327,0,36129,0,1789543,3569248,0,1461,0,0,0,0,0,0,0,0,0,0,0,0,0,0,0,0
write,2322,4096,7076499,1025176,7945,702,6031415,0,311,8887,2063,7076499,0,36129,0,1884402,4143528,0,1263,0,0,0,0,0,0,0,0,0,0,0,0,0,0,0,0
write,2323,4096,6580428,1024135,7364,731,5536085,0,340,9418,2355,6580428,0,36129,0,1829568,3703250,0,1252,0,0,0,0,0,0,0,0,0,0,0,0,0,0,0,0
write,2324,4096,6770565,1025327,7474,702,5727444,0,391,7123,2104,6770565,0,36129,0,1938423,3785685,0,1182,0,0,0,0,0,0,0,0,0,0,0,0,0,0,0,0
write,2325,4096,7647633,1028933,7434,632,6599834,0,541,8185,2074,7647633,0,36129,0,1857030,4738485,0,1794,0,0,0,0,0,0,0,0,0,0,0,0,0,0,0,0
write,2326,4096,8308736,1027622,7624,691,7262290,0,340,8055,2114,8308736,0,36129,0,2818096,4440976,0,1173,0,0,0,0,0,0,0,0,0,0,0,0,0,0,0,0
write,2327,4096,6768351,1021159,7444,661,5729278,0,351,7254,2204,6768351,0,36129,0,1902255,3823746,0,1223,0,0,0,0,0,0,0,0,0,0,0,0,0,0,0,0
write,2328,4096,6400670,1016681,7594,672,5363660,0,341,9478,2244,6400670,0,36129,0,1767342,3593153,0,1203,0,0,0,0,0,0,0,0,0,0,0,0,0,0,0,0
write,2329,4096,6509074,1040045,8747,861,5447509,0,380,7544,3988,6509074,0,36129,0,1889391,3553509,0,1892,0,0,0,0,0,0,0,0,0,0,0,0,0,0,0,0
write,2330,4096,6550892,1026078,7805,661,5505177,0,331,8806,2034,6550892,0,36129,0,1816364,3684825,0,1512,0,0,0,0,0,0,0,0,0,0,0,0,0,0,0,0
write,2331,4096,6828193,1026810,7634,681,5783440,0,321,6983,2324,6828193,0,36129,0,1989268,3790915,0,1232,0,0,0,0,0,0,0,0,0,0,0,0,0,0,0,0
write,2332,4096,6483615,1020688,7434,621,5444964,0,380,7354,2174,6483615,0,36129,0,1861128,3580650,0,1142,0,0,0,0,0,0,0,0,0,0,0,0,0,0,0,0
write,2333,4096,6378748,1026760,7333,642,5333293,0,381,8175,2164,6378748,0,36129,0,1907716,3422172,0,1183,0,0,0,0,0,0,0,0,0,0,0,0,0,0,0,0
write,2334,4096,6513532,1020558,7895,771,5473758,0,361,7844,2345,6513532,0,36129,0,1864094,3606378,0,1142,0,0,0,0,0,0,0,0,0,0,0,0,0,0,0,0
write,2335,4096,6718327,1027441,7665,601,5668634,0,381,10449,3156,6718327,0,36129,0,1825461,3839726,0,1382,0,0,0,0,0,0,0,0,0,0,0,0,0,0,0,0
write,2336,4096,6424394,1032370,8856,1153,5371245,0,420,7975,2375,6424394,0,36129,1,1905501,3451868,0,1614,0,0,0,0,0,0,0,0,0,0,0,0,0,0,0,0
write,2337,4096,6397644,1018594,8506,742,5359052,0,420,8226,2104,6397644,0,36129,0,1809441,3546436,0,1193,0,0,0,0,0,0,0,0,0,0,0,0,0,0,0,0
write,2338,4096,6431628,1021139,7594,661,5391073,0,400,8466,2295,6431628,0,36129,0,1860667,3527210,0,1121,0,0,0,0,0,0,0,0,0,0,0,0,0,0,0,0
write,2339,4096,6816572,1026960,7565,631,5770605,0,401,8306,2104,6816572,0,36129,0,1828407,3939003,0,1253,0,0,0,0,0,0,0,0,0,0,0,0,0,0,0,0
write,2340,4096,6886112,1027190,8696,571,5839115,0,601,7514,2425,6886112,0,36129,1,1907635,3926289,0,2565,0,0,0,0,0,0,0,0,0,0,0,0,0,0,0,0
write,2341,4096,6615222,1020898,8546,682,5574617,0,451,7654,2374,6615222,0,36129,1,1951959,3619253,0,1213,0,0,0,0,0,0,0,0,0,0,0,0,0,0,0,0
write,2342,4096,6730811,1020809,7895,771,5690846,0,351,8105,2034,6730811,0,36129,0,1797348,3890111,0,1332,0,0,0,0,0,0,0,0,0,0,0,0,0,0,0,0
write,2343,4096,7055020,1026990,8176,691,6007781,0,411,8857,2114,7055020,0,36129,1,2000960,4002642,0,1694,0,0,0,0,0,0,0,0,0,0,0,0,0,0,0,0
write,2344,4096,7323494,1011310,9218,811,6288399,0,761,8927,4068,7323494,0,36129,1,1849906,4432841,0,3067,0,0,0,0,0,0,0,0,0,0,0,0,0,0,0,0
write,2345,4096,7904626,1198452,972468,4138,5712576,0,1202,10671,5119,7904626,0,36129,10,2037529,3655771,0,8334,0,0,0,0,0,0,0,0,0,0,0,0,0,0,0,0
write,2346,4096,6954040,1041978,9889,1132,5890521,0,281,8085,2154,6954040,0,36129,1,1872429,4012311,0,2655,0,0,0,0,0,0,0,0,0,0,0,0,0,0,0,0
write,2347,4096,6830788,1020778,7785,631,5784892,0,271,13425,3006,6830788,0,36129,1,1885914,3896133,0,1040,0,0,0,0,0,0,0,0,0,0,0,0,0,0,0,0
write,2348,4096,6707226,1034464,8376,901,5652254,0,571,8466,2194,6707226,0,36129,1,1888820,3758474,0,2163,0,0,0,0,0,0,0,0,0,0,0,0,0,0,0,0
write,2349,4096,7151350,1035746,8065,1123,6096277,0,341,7654,2144,7151350,0,36129,0,1816033,4276026,0,1683,0,0,0,0,0,0,0,0,0,0,0,0,0,0,0,0
write,2350,4096,7702016,1040776,9077,1092,6639008,0,561,9317,2185,7702016,0,36129,10,1984189,4649329,0,2524,0,0,0,0,0,0,0,0,0,0,0,0,0,0,0,0
write,2351,4096,6487583,1021970,9458,792,5445244,0,411,7614,2094,6487583,0,36129,10,1810663,3630223,0,2094,0,0,0,0,0,0,0,0,0,0,0,0,0,0,0,0
write,2352,4096,6611085,1027020,7464,771,5565160,0,310,8226,2134,6611085,0,36129,1,1920950,3640783,0,1414,0,0,0,0,0,0,0,0,0,0,0,0,0,0,0,0
write,2353,4096,6529011,1024666,7935,702,5485680,0,400,7424,2204,6529011,0,36129,1,1845208,3636755,0,1815,0,0,0,0,0,0,0,0,0,0,0,0,0,0,0,0
write,2354,4096,6716383,1028703,6923,852,5669144,0,371,8236,2154,6716383,0,36129,0,1815332,3849876,0,1493,0,0,0,0,0,0,0,0,0,0,0,0,0,0,0,0
write,2355,4096,6785824,1033843,7695,4719,5728426,0,451,8536,2154,6785824,0,36129,1,1861398,3863602,0,1453,0,0,0,0,0,0,0,0,0,0,0,0,0,0,0,0
write,2356,4096,6552865,1021520,8776,601,5511328,0,471,7915,2254,6552865,0,36129,1,1799592,3708209,0,1312,0,0,0,0,0,0,0,0,0,0,0,0,0,0,0,0
write,2357,4096,6658074,1043392,8335,832,5594484,0,401,8566,2064,6658074,0,36129,0,1970213,3620875,0,1212,0,0,0,0,0,0,0,0,0,0,0,0,0,0,0,0
write,2358,4096,6428953,1032130,7484,621,5378078,0,441,7955,2244,6428953,0,36129,0,1797118,3577604,0,1233,0,0,0,0,0,0,0,0,0,0,0,0,0,0,0,0
write,2359,4096,6909907,1021681,7844,652,5867066,0,521,8176,3967,6909907,0,36129,0,1888299,3974841,0,1594,0,0,0,0,0,0,0,0,0,0,0,0,0,0,0,0
write,2360,4096,6779752,1045826,8937,1132,5712336,0,561,8786,2174,6779752,0,36129,1,1887898,3817405,0,3366,0,0,0,0,0,0,0,0,0,0,0,0,0,0,0,0
write,2361,4096,6537988,1032831,7314,982,5485329,0,321,8406,2805,6537988,0,36129,1,1814630,3666531,0,1674,0,0,0,0,0,0,0,0,0,0,0,0,0,0,0,0
write,2362,4096,6649116,1028112,7985,591,5601949,0,300,8045,2134,6649116,0,36129,1,1987024,3611909,0,1212,0,0,0,0,0,0,0,0,0,0,0,0,0,0,0,0
write,2363,4096,6728977,1023183,8336,731,5686137,0,391,8085,2114,6728977,0,36129,1,1774735,3907674,0,1623,0,0,0,0,0,0,0,0,0,0,0,0,0,0,0,0
write,2364,4096,7341458,1032430,7685,871,6290162,0,381,7785,2144,7341458,0,36129,0,1983999,4302446,0,1514,0,0,0,0,0,0,0,0,0,0,0,0,0,0,0,0
write,2365,4096,6758312,1030357,7454,681,5709180,0,431,8085,2124,6758312,0,36129,0,1805924,3900100,0,1112,0,0,0,0,0,0,0,0,0,0,0,0,0,0,0,0
write,2366,4096,6684353,1025928,7815,681,5638888,0,401,8516,2124,6684353,0,36129,0,1884071,3751521,0,1242,0,0,0,0,0,0,0,0,0,0,0,0,0,0,0,0
write,2367,4096,6824366,1027421,7263,691,5778842,0,370,7695,2084,6824366,0,36129,0,1841992,3933483,0,1222,0,0,0,0,0,0,0,0,0,0,0,0,0,0,0,0
write,2368,4096,7102820,1028684,7494,611,6055621,0,371,7985,2054,7102820,0,36129,0,1794794,4257602,0,1212,0,0,0,0,0,0,0,0,0,0,0,0,0,0,0,0
write,2369,4096,6787166,1022011,7284,731,5747001,0,381,7634,2124,6787166,0,36129,0,1982907,3760648,0,1223,0,0,0,0,0,0,0,0,0,0,0,0,0,0,0,0
write,2370,4096,6610985,1030246,7785,681,5561743,0,341,7894,2295,6610985,0,36129,0,1835299,3722877,0,1232,0,0,0,0,0,0,0,0,0,0,0,0,0,0,0,0
write,2371,4096,7250917,1031428,8707,971,6198730,0,461,8456,2164,7250917,0,36129,1,1998676,4195745,0,1884,0,0,0,0,0,0,0,0,0,0,0,0,0,0,0,0
write,2372,4096,6566722,1029606,7494,581,5517239,0,401,9287,2114,6566722,0,36129,1,1794603,3719400,0,1412,0,0,0,0,0,0,0,0,0,0,0,0,0,0,0,0
write,2373,4096,6793989,1025347,7785,721,5748635,0,430,8216,2855,6793989,0,36129,0,1899631,3845147,0,1393,0,0,0,0,0,0,0,0,0,0,0,0,0,0,0,0
write,2374,4096,8752330,1019807,8446,941,7710802,0,381,7925,4028,8752330,0,36129,1,1900312,5806303,0,1964,0,0,0,0,0,0,0,0,0,0,0,0,0,0,0,0
write,2375,4096,6572222,1027661,8035,712,5524924,0,340,8366,2184,6572222,0,36129,0,1785977,3734499,0,1832,0,0,0,0,0,0,0,0,0,0,0,0,0,0,0,0
write,2376,4096,6738985,1046527,8696,1042,5670828,0,551,8907,2434,6738985,0,36129,1,1913717,3751651,0,2245,0,0,0,0,0,0,0,0,0,0,0,0,0,0,0,0
write,2377,4096,6538078,1026189,7935,501,5493685,0,320,7334,2114,6538078,0,36129,1,1808720,3681910,0,1142,0,0,0,0,0,0,0,0,0,0,0,0,0,0,0,0
write,2378,4096,7025584,1022392,7995,581,5983455,0,361,8686,2114,7025584,0,36129,1,2017692,3962657,0,1292,0,0,0,0,0,0,0,0,0,0,0,0,0,0,0,0
write,2379,4096,16311547,1021069,8226,681,15270640,0,341,8366,2224,16311547,0,36129,1,11249873,4017531,0,1302,0,0,0,0,0,0,0,0,0,0,0,0,0,0,0,0
write,2380,4096,7144428,1017262,8025,611,6107319,0,611,8396,2204,7144428,0,36129,1,2004757,4098402,0,2234,0,0,0,0,0,0,0,0,0,0,0,0,0,0,0,0
write,2381,4096,6573244,1017642,7344,842,5537597,0,331,7113,2375,6573244,0,36129,0,1968930,3564409,0,1613,0,0,0,0,0,0,0,0,0,0,0,0,0,0,0,0
write,2382,4096,6600365,1035286,7444,662,5546373,0,351,7985,2264,6600365,0,36129,0,1892968,3650180,0,1161,0,0,0,0,0,0,0,0,0,0,0,0,0,0,0,0
write,2383,4096,6740458,1043341,10029,821,5674365,0,461,9257,2184,6740458,0,36129,1,1785607,3884521,0,1762,0,0,0,0,0,0,0,0,0,0,0,0,0,0,0,0
write,2384,4096,7275924,1026659,7855,541,6229879,0,561,8075,2354,7275924,0,36129,1,2011521,4214501,0,1353,0,0,0,0,0,0,0,0,0,0,0,0,0,0,0,0
write,2385,4096,6602089,1024696,8276,821,5557746,0,350,8116,2084,6602089,0,36129,0,1810183,3743686,0,1531,0,0,0,0,0,0,0,0,0,0,0,0,0,0,0,0
write,2386,4096,6762129,1017943,7605,761,5725841,0,391,7494,2094,6762129,0,36129,0,1910731,3811644,0,1362,0,0,0,0,0,0,0,0,0,0,0,0,0,0,0,0
write,2387,4096,6645530,1021720,7534,712,5601327,0,340,10951,2946,6645530,0,36129,0,1848915,3748545,0,1192,0,0,0,0,0,0,0,0,0,0,0,0,0,0,0,0
write,2388,4096,7055270,1042139,9237,1363,5990008,0,831,8636,3056,7055270,0,36129,2,1818778,4163955,0,3627,0,0,0,0,0,0,0,0,0,0,0,0,0,0,0,0
write,2389,4096,7371334,1035947,6933,641,6316522,0,461,8686,2144,7371334,0,36129,2,1914428,4397735,0,1875,0,0,0,0,0,0,0,0,0,0,0,0,0,0,0,0
write,2390,4096,7017428,1025647,8446,972,5970812,0,421,8405,2725,7017428,0,36129,2,1815973,4150491,0,1854,0,0,0,0,0,0,0,0,0,0,0,0,0,0,0,0
write,2391,4096,7163514,1013595,9047,882,6128087,0,561,9238,2104,7163514,0,36129,2,1970644,4152795,0,2264,0,0,0,0,0,0,0,0,0,0,0,0,0,0,0,0
write,2392,4096,7544350,1020458,8406,822,6504164,0,501,7845,2154,7544350,0,36129,1,1826953,4672381,0,2385,0,0,0,0,0,0,0,0,0,0,0,0,0,0,0,0
write,2393,4096,7467665,1009637,8296,741,6425216,0,491,8857,14427,7467665,0,36129,0,1896865,4523662,0,2055,0,0,0,0,0,0,0,0,0,0,0,0,0,0,0,0
write,2394,4096,7052164,1037560,10870,1183,5991771,0,461,8115,2204,7052164,0,36129,1,1932873,4054099,0,2025,0,0,0,0,0,0,0,0,0,0,0,0,0,0,0,0
write,2395,4096,5174686,1027972,7975,702,4123520,0,521,10539,3457,5174686,0,36129,0,1998095,1985612,0,2836,0,0,0,0,0,0,0,0,0,0,0,0,0,0,0,0
write,2396,4096,5586049,1634041,8546,842,3925738,0,371,13014,3497,5586049,0,36129,1,1995671,1926241,0,1542,0,0,0,0,0,0,0,0,0,0,0,0,0,0,0,0
write,2397,4096,6502191,1636095,10049,992,4842461,0,661,9708,2225,6502191,0,36129,0,1896634,2940487,0,2375,0,0,0,0,0,0,0,0,0,0,0,0,0,0,0,0
write,2398,4096,4996671,1032200,10700,881,3938593,0,531,7985,5781,4996671,0,36129,0,1961136,1972617,0,2155,0,0,0,0,0,0,0,0,0,0,0,0,0,0,0,0
write,2399,4096,4964821,1110547,7945,791,3833495,0,411,9137,2495,4964821,0,36129,1,1923495,1905521,0,1765,0,0,0,0,0,0,0,0,0,0,0,0,0,0,0,0
write,2400,4096,4774814,1029134,8877,771,3726013,0,391,7514,2114,4774814,0,36129,1,1795575,1926761,0,1433,0,0,0,0,0,0,0,0,0,0,0,0,0,0,0,0
write,2401,4096,4952838,1026830,8065,691,3907263,0,371,7504,2114,4952838,0,36129,1,1982826,1920920,0,1312,0,0,0,0,0,0,0,0,0,0,0,0,0,0,0,0
write,2402,4096,4739948,1026419,7514,801,3693903,0,341,8335,2635,4739948,0,36129,1,1773303,1917154,0,1342,0,0,0,0,0,0,0,0,0,0,0,0,0,0,0,0
write,2403,4096,5040534,1026590,8095,571,3994578,0,300,8155,2245,5040534,0,36129,1,1892887,2098755,0,1101,0,0,0,0,0,0,0,0,0,0,0,0,0,0,0,0
write,2404,4096,4917993,1034615,8335,972,3855506,0,732,13415,4418,4917993,0,36129,2,1882508,1965785,0,3517,0,0,0,0,0,0,0,0,0,0,0,0,0,0,0,0
write,2405,4096,4926389,1031578,9829,771,3870365,0,531,10900,2415,4926389,0,36129,2,1914108,1950496,0,2965,0,0,0,0,0,0,0,0,0,0,0,0,0,0,0,0
write,2406,4096,4963338,1024325,15479,1312,3906793,0,581,12103,2745,4963338,0,36129,10,1974931,1925559,0,2766,0,0,0,0,0,0,0,0,0,0,0,0,0,0,0,0
write,2407,4096,4759936,1022932,10410,892,3710794,0,390,11793,2725,4759936,0,36129,10,1807407,1899269,0,1552,0,0,0,0,0,0,0,0,0,0,0,0,0,0,0,0
write,2408,4096,4916100,1006051,11532,972,3884089,0,491,10340,2625,4916100,0,36129,10,1970423,1909409,0,1763,0,0,0,0,0,0,0,0,0,0,0,0,0,0,0,0
write,2409,4096,4740920,1010158,10540,932,3706386,0,451,9798,2655,4740920,0,36129,10,1819520,1882879,0,1523,0,0,0,0,0,0,0,0,0,0,0,0,0,0,0,0
write,2410,4096,4960603,1024536,11150,1223,3912413,0,551,8616,2114,4960603,0,36129,10,1910521,1996492,0,2384,0,0,0,0,0,0,0,0,0,0,0,0,0,0,0,0
write,2411,4096,4745850,1014938,8486,851,3711766,0,361,7314,2134,4745850,0,36129,1,1825812,1881877,0,1653,0,0,0,0,0,0,0,0,0,0,0,0,0,0,0,0
write,2412,4096,4734989,1013885,7835,611,3702038,0,300,8216,2104,4734989,0,36129,1,1765738,1933003,0,1262,0,0,0,0,0,0,0,0,0,0,0,0,0,0,0,0
write,2413,4096,4839806,1021811,7604,631,3797778,0,461,9037,2484,4839806,0,36129,1,1903668,1890232,0,1333,0,0,0,0,0,0,0,0,0,0,0,0,0,0,0,0
write,2414,4096,4712166,1023573,8035,662,3669987,0,311,7454,2144,4712166,0,36129,1,1764476,1902165,0,1253,0,0,0,0,0,0,0,0,0,0,0,0,0,0,0,0
write,2415,4096,4869192,1024676,7735,541,3826371,0,361,7314,2194,4869192,0,36129,1,1929216,1893949,0,1133,0,0,0,0,0,0,0,0,0,0,0,0,0,0,0,0
write,2416,4096,4850205,1024435,9087,1062,3804240,0,561,8676,2144,4850205,0,36129,2,1872038,1926801,0,2696,0,0,0,0,0,0,0,0,0,0,0,0,0,0,0,0
write,2417,4096,4858120,1020357,7845,691,3816824,0,360,9879,2164,4858120,0,36129,2,1891335,1922263,0,1332,0,0,0,0,0,0,0,0,0,0,0,0,0,0,0,0
write,2418,4096,4827613,1024495,7635,681,3784413,0,320,7995,2074,4827613,0,36129,1,1867049,1913908,0,1362,0,0,0,0,0,0,0,0,0,0,0,0,0,0,0,0
write,2419,4096,5808286,1017442,15179,1372,4759866,0,581,11211,2635,5808286,0,36129,10,1817365,2936469,0,2745,0,0,0,0,0,0,0,0,0,0,0,0,0,0,0,0
write,2420,4096,6514203,1021450,9518,861,5470181,0,421,9097,2675,6514203,0,36129,10,1873191,3592712,0,1823,0,0,0,0,0,0,0,0,0,0,0,0,0,0,0,0
write,2421,4096,6841689,1032230,10640,892,5785824,0,261,9658,2184,6841689,0,36129,10,1850658,3931088,0,1893,0,0,0,0,0,0,0,0,0,0,0,0,0,0,0,0
write,2422,4096,6668944,1016450,8837,831,5632326,0,320,8045,2135,6668944,0,36129,1,2006641,3621597,0,1684,0,0,0,0,0,0,0,0,0,0,0,0,0,0,0,0
write,2423,4096,6724919,1034354,8967,831,5669085,0,561,8837,2284,6724919,0,36129,2,1828637,3835639,0,2254,0,0,0,0,0,0,0,0,0,0,0,0,0,0,0,0
write,2424,4096,6785643,1030547,8065,591,5735640,0,421,8175,2204,6785643,0,36129,2,2014947,3717106,0,1352,0,0,0,0,0,0,0,0,0,0,0,0,0,0,0,0
write,2425,4096,6874541,1023283,7925,712,5830568,0,351,9457,2245,6874541,0,36129,1,1876817,3950134,0,1574,0,0,0,0,0,0,0,0,0,0,0,0,0,0,0,0
write,2426,4096,7081519,1026449,7535,621,6036605,0,371,7744,2194,7081519,0,36129,1,1793792,4239778,0,1203,0,0,0,0,0,0,0,0,0,0,0,0,0,0,0,0
write,2427,4096,7035493,1023674,7724,601,5993224,0,311,7564,2395,7035493,0,36129,1,1989810,4000148,0,1343,0,0,0,0,0,0,0,0,0,0,0,0,0,0,0,0
write,2428,4096,6920737,1029826,8726,692,5870402,0,421,8426,2244,6920737,0,36129,2,1822034,4043740,0,2114,0,0,0,0,0,0,0,0,0,0,0,0,0,0,0,0
write,2429,4096,7004846,1029936,7715,531,5955963,0,301,8045,2355,7004846,0,36129,2,2002854,3950284,0,1083,0,0,0,0,0,0,0,0,0,0,0,0,0,0,0,0
write,2430,4096,6708679,1029275,7293,471,5661310,0,321,7915,2094,6708679,0,36129,2,1853092,3805372,0,1241,0,0,0,0,0,0,0,0,0,0,0,0,0,0,0,0
write,2431,4096,7335587,1028273,7564,511,6283419,0,371,12654,2795,7335587,0,36129,2,1848685,4430998,0,1914,0,0,0,0,0,0,0,0,0,0,0,0,0,0,0,0
write,2432,4096,7540412,1020308,8386,871,6500007,0,330,7865,2645,7540412,0,36129,1,1936018,4559539,0,1734,0,0,0,0,0,0,0,0,0,0,0,0,0,0,0,0
write,2433,4096,27985497,1041537,8546,812,26921487,0,501,8486,4128,27985497,0,36129,2,23633758,3282469,0,2244,0,0,0,0,0,0,0,0,0,0,0,0,0,0,0,0
write,2434,4096,6129500,1041648,7824,631,5069007,0,271,7834,2285,6129500,0,36129,3,1822736,3242674,0,1634,0,0,0,0,0,0,0,0,0,0,0,0,0,0,0,0
write,2435,4096,6198970,1022892,7184,461,5146432,0,742,13805,7454,6198970,0,36129,3,1988878,3153146,0,1883,0,0,0,0,0,0,0,0,0,0,0,0,0,0,0,0
write,2436,4096,6307124,1345479,8556,931,4941558,0,280,8236,2084,6307124,0,36129,3,1951908,2982736,0,2675,0,0,0,0,0,0,0,0,0,0,0,0,0,0,0,0
write,2437,4096,5869892,1016320,6452,551,4836349,0,331,7785,2104,5869892,0,36129,3,1808809,3024564,0,1173,0,0,0,0,0,0,0,0,0,0,0,0,0,0,0,0
write,2438,4096,5446116,1018334,6803,561,4410640,0,300,7404,2074,5446116,0,36129,3,1728429,2679476,0,991,0,0,0,0,0,0,0,0,0,0,0,0,0,0,0,0
write,2439,4096,5685395,1027661,6472,541,4641754,0,311,6612,2044,5685395,0,36129,3,1786147,2853102,0,941,0,0,0,0,0,0,0,0,0,0,0,0,0,0,0,0
write,2440,4096,5803818,1015528,6543,511,4771447,0,311,7244,2234,5803818,0,36129,3,1700395,3068347,0,1033,0,0,0,0,0,0,0,0,0,0,0,0,0,0,0,0
write,2441,4096,6284902,1014697,7204,501,5252291,0,331,7664,2214,6284902,0,36129,3,1859314,3390291,0,1102,0,0,0,0,0,0,0,0,0,0,0,0,0,0,0,0
write,2442,1664,3632537,416953,9218,1102,3196938,0,591,6993,742,3632537,0,36129,1,1359034,1833095,0,1932,0,0,0,0,0,0,0,0,0,0,0,0,0,0,0,0
query,1,4096,18784974,94197,27342,5991,18167564,394481,1833,93196,370,18784974,0,36129,3,0,0,0,0,1,4033,5912905,0,1229368,0,172032,0,0,0,0,16472684,0,0,0,0
query,2,4096,18953331,221276,11482,1302,18189355,436060,1362,92433,61,18953331,0,36129,3,0,0,0,0,149,3896,5711806,0,1180905,0,172032,0,0,0,0,16673468,0,0,0,0
query,3,4096,19249517,223941,10650,1723,18476374,441771,1322,93676,60,19249517,0,36129,3,0,0,0,0,183,3860,5660167,0,1240214,0,172032,0,0,0,0,16955019,0,0,0,0
query,4,4096,19202749,231435,10550,1273,18379050,472588,1674,106119,60,19202749,0,36129,3,0,0,0,0,164,3878,5685981,0,1190736,0,172032,0,0,0,0,16859913,0,0,0,0
query,5,4096,19109934,264727,12323,1223,18296946,427944,1633,95229,9909,19109934,0,36129,3,0,0,0,0,200,3831,5617837,0,1161993,0,172032,0,0,0,0,16747364,0,0,0,0
query,6,4096,19171049,214082,11622,1623,18387256,458020,1905,96471,70,19171049,0,36129,3,0,0,0,0,162,3864,5670000,0,1201246,0,172032,0,0,0,0,16859509,0,0,0,0
query,7,4096,19210995,224392,11171,912,18438042,441089,1372,93957,60,19210995,0,36129,3,0,0,0,0,173,3858,5652843,0,1191866,0,172032,0,0,0,0,16921129,0,0,0,0
query,8,4096,19077233,224021,11632,1092,18319770,440809,1252,78597,60,19077233,0,36129,3,0,0,0,0,168,3862,5665395,0,1204816,0,172032,0,0,0,0,16796579,0,0,0,0
query,9,4096,19048539,224221,10951,1403,18282709,427573,1393,91192,9097,19048539,0,36129,3,0,0,0,0,171,3866,5669151,0,1185520,0,172032,0,0,0,0,16773919,0,0,0,0
query,10,4096,19101037,214523,10860,1093,18329998,452140,1202,91161,60,19101037,0,36129,3,0,0,0,0,181,3855,5654103,0,1162909,0,172032,0,0,0,0,16791270,0,0,0,0
query,11,4096,19333013,224953,10840,962,18548619,447150,1794,98635,60,19333013,0,36129,3,0,0,0,0,160,3871,5675139,0,1182831,0,172032,0,0,0,0,16993840,0,0,0,0
query,12,4096,20752742,221667,12473,1463,19003394,1362100,2084,148729,832,20752742,0,36129,3,0,0,0,0,186,3842,5632902,0,1154857,0,172032,0,0,0,0,16941467,0,0,0,0
query,13,4096,19690425,265679,19036,3006,18849865,453122,1342,98225,150,19690425,0,36129,3,0,0,0,0,157,3881,5691708,0,1181831,0,172032,0,0,0,0,17224562,0,0,0,0
query,14,4096,19098803,225063,11051,1523,18343524,424618,851,92103,70,19098803,0,36129,3,0,0,0,0,150,3897,5713021,0,1166844,0,172032,0,0,0,0,16840472,0,0,0,0
query,15,4096,19014184,223219,10951,1302,18249377,436640,1333,91302,60,19014184,0,36129,3,0,0,0,0,174,3859,5659915,0,1174140,0,172032,0,0,0,0,16757770,0,0,0,0
query,16,4096,19041926,223670,11131,1192,18279965,429227,1292,95379,70,19041926,0,36129,3,0,0,0,0,159,3884,5695591,0,1172764,0,172032,0,0,0,0,16784630,0,0,0,0
query,17,4096,19059599,224762,11672,1232,18280846,435588,1253,93276,10970,19059599,0,36129,3,0,0,0,0,175,3868,5669875,0,1164315,0,172032,0,0,0,0,16756615,0,0,0,0
query,18,4096,19631465,213812,10981,1032,18853392,455466,1302,95420,60,19631465,0,36129,3,0,0,0,0,170,3870,5676061,0,1159948,0,172032,0,0,0,0,17266376,0,0,0,0
query,19,4096,18989268,226486,10921,1442,18220773,435719,1373,92483,71,18989268,0,36129,3,0,0,0,0,179,3861,5666157,0,1154103,0,172032,0,0,0,0,16714725,0,0,0,0
query,20,4096,19133990,223711,11161,1082,18344996,456808,1484,94677,71,19133990,0,36129,3,0,0,0,0,173,3868,5669428,0,1169058,0,172032,0,0,0,0,16816962,0,0,0,0
query,21,4096,19111447,224222,10940,1533,18333034,448302,1233,92123,60,19111447,0,36129,3,0,0,0,0,203,3844,5638385,0,1173929,0,172032,0,0,0,0,16807107,0,0,0,0
query,22,4096,19029753,224201,11071,1152,18256591,443263,1112,92303,60,19029753,0,36129,3,0,0,0,0,195,3835,5622185,0,1148737,0,172032,0,0,0,0,16742734,0,0,0,0
query,23,4096,19159027,223741,11110,1333,18380623,446509,1604,94036,71,19159027,0,36129,3,0,0,0,0,182,3842,5633235,0,1155234,0,172032,0,0,0,0,16863969,0,0,0,0
query,24,4096,19411471,229051,10329,1012,18581070,462750,1853,125346,60,19411471,0,36129,3,0,0,0,0,157,3869,5679215,0,1188839,0,172032,0,0,0,0,17064525,0,0,0,0
query,25,4096,19092832,218500,11111,1152,18328165,441910,1153,90781,60,19092832,0,36129,3,0,0,0,0,181,3863,5663622,0,1163450,0,172032,0,0,0,0,16780508,0,0,0,0
query,26,4096,19609774,223410,11171,1293,18728046,540566,1914,103174,200,19609774,0,36129,3,0,0,0,0,184,3859,5657964,0,1173422,0,172032,0,0,0,0,17119988,0,0,0,0
query,27,4096,19610034,289354,11562,1222,18739318,471035,1282,96191,70,19610034,0,36129,3,0,0,0,0,180,3854,5651716,0,1195249,0,172032,0,0,0,0,17123493,0,0,0,0
query,28,4096,19387095,229782,11201,862,18533981,505179,2175,103855,60,19387095,0,36129,3,0,0,0,0,179,3861,5662056,0,1168128,0,172032,0,0,0,0,16931084,0,0,0,0
query,29,4096,19286646,199114,11331,1944,18533691,439506,1543,99437,80,19286646,0,36129,1,0,0,0,0,153,3882,5691493,0,1208374,0,172032,0,0,0,0,16936258,0,0,0,0
query,30,4096,19096750,96011,10049,1513,18435116,461347,1122,91522,70,19096750,0,36129,0,0,0,0,0,157,3895,5709008,0,1216304,0,172032,0,0,0,0,16939865,0,0,0,0
query,31,4096,18847701,96471,10230,1132,18208840,437302,962,92694,70,18847701,0,36129,0,0,0,0,0,181,3850,5643979,0,1171629,0,172032,0,0,0,0,16701922,0,0,0,0
query,32,4096,18780986,98014,9067,1202,18139841,438794,1133,92865,70,18780986,0,36129,0,0,0,0,0,197,3827,5610385,0,1158997,0,172032,0,0,0,0,16646488,0,0,0,0
query,33,4096,18976593,125666,12153,991,18286407,471206,1001,75572,3597,18976593,0,36129,0,0,0,0,0,164,3874,5682314,0,1169226,0,172032,0,0,0,0,16784040,0,0,0,0
query,34,4096,19264685,80441,8666,1303,18648887,448974,1473,74820,121,19264685,0,36129,0,0,0,0,0,185,3856,5651301,0,1164419,0,172032,0,0,0,0,17101784,0,0,0,0
query,35,4096,18796496,80792,8196,1082,18209011,423275,1273,72736,131,18796496,0,36129,0,0,0,0,0,197,3852,5653759,0,1163523,0,172032,0,0,0,0,16726843,0,0,0,0
query,36,4096,18831191,85832,7273,1483,18234379,428675,1052,72286,211,18831191,0,36129,0,0,0,0,0,173,3873,5679225,0,1169737,0,172032,0,0,0,0,16749167,0,0,0,0
query,37,4096,18919647,80602,8235,912,18314700,438524,1372,75182,120,18919647,0,36129,0,0,0,0,0,163,3876,5684176,0,1169190,0,172032,0,0,0,0,16805997,0,0,0,0
query,38,4096,19640882,81474,7423,992,18995008,449304,1424,105137,120,19640882,0,36129,0,0,0,0,0,193,3856,5652608,0,1187491,0,172032,0,0,0,0,17393778,0,0,0,0
query,39,4096,19645942,80982,8086,1242,19021448,454093,1553,78417,121,19645942,0,36129,0,0,0,0,0,194,3854,5651584,0,1185179,0,172032,0,0,0,0,17401788,0,0,0,0
query,40,4096,19246110,84509,8857,1723,18615455,459594,1572,74250,150,19246110,0,36129,0,0,0,0,0,184,3854,5652718,0,1175703,0,172032,0,0,0,0,17094336,0,0,0,0
query,41,4096,18954702,80952,9878,1453,18323877,462449,1253,74790,50,18954702,0,36129,0,0,0,0,0,179,3862,5663638,0,1174931,0,172032,0,0,0,0,16799749,0,0,0,0
query,42,4096,18829878,81544,8816,1313,18212377,441740,1152,82816,120,18829878,0,36129,0,0,0,0,0,177,3847,5640041,0,1163254,0,172032,0,0,0,0,16717492,0,0,0,0
query,43,4096,18857931,76634,8797,1322,18261530,434036,972,74500,140,18857931,0,36129,0,0,0,0,0,177,3851,5649143,0,1181116,0,172032,0,0,0,0,16742803,0,0,0,0
query,44,4096,21632685,95559,7975,1212,20885912,559642,1663,80662,60,21632685,0,36129,0,0,0,0,0,153,3882,5693971,0,1255863,0,172032,0,0,0,0,19131353,0,0,0,0
query,45,4096,19174976,82695,8597,1202,18570590,434256,842,76594,200,19174976,0,36129,3,0,0,0,0,167,3879,5690566,0,1175363,0,172032,0,0,0,0,17039451,0,0,0,0
query,46,4096,19020235,80892,9187,1363,18400170,452270,801,75412,140,19020235,0,36129,3,0,0,0,0,170,3877,5684902,0,1180609,0,172032,0,0,0,0,16882890,0,0,0,0
query,47,4096,19053178,82936,7735,1222,18433293,450757,1222,75903,110,19053178,0,36129,3,0,0,0,0,177,3855,5657789,0,1174228,0,172032,0,0,0,0,16802984,0,0,0,0
query,48,4096,19062104,80722,8375,1353,18418625,474482,1883,76524,140,19062104,0,36129,3,0,0,0,0,160,3879,5688094,0,1188134,0,172032,0,0,0,0,16913930,0,0,0,0
query,49,4096,19309890,80281,8836,1062,18656352,485533,981,76644,201,19309890,0,36129,3,0,0,0,0,166,3859,5659852,0,1178979,0,172032,0,0,0,0,17124352,0,0,0,0
query,50,4096,18963048,80251,9347,1413,18351689,445477,1162,73589,120,18963048,0,36129,3,0,0,0,0,170,3875,5680913,0,1174994,0,172032,0,0,0,0,16856060,0,0,0,0
query,51,4096,18967367,81393,7534,992,18358132,438324,1031,79840,121,18967367,0,36129,3,0,0,0,0,181,3862,5663843,0,1170812,0,172032,0,0,0,0,16861188,0,0,0,0
query,52,4096,19550111,81884,7504,1142,18866957,513174,1303,77917,230,19550111,0,36129,3,0,0,0,0,189,3849,5645486,0,1185733,0,172032,0,0,0,0,17247103,0,0,0,0
query,53,4096,19174435,80801,8907,1283,18534262,471927,912,76213,130,19174435,0,36129,3,0,0,0,0,167,3865,5666377,0,1186913,0,172032,0,0,0,0,17036889,0,0,0,0
query,54,4096,18921761,81393,8917,1212,18311374,439296,1572,77826,171,18921761,0,36129,3,0,0,0,0,172,3856,5655668,0,1172221,0,172032,0,0,0,0,16829209,0,0,0,0
query,55,4096,19105786,93776,9328,1102,18482124,441610,1132,76564,150,19105786,0,36129,3,0,0,0,0,172,3866,5670128,0,1180241,0,172032,0,0,0,0,16956469,0,0,0,0
query,56,4096,18931469,85781,7935,1102,18319199,438664,1473,77185,130,18931469,0,36129,3,0,0,0,0,176,3856,5651230,0,1188918,0,172032,0,0,0,0,16805412,0,0,0,0
query,57,4096,19061784,94909,8646,1142,18423043,458381,1153,74390,120,19061784,0,36129,3,0,0,0,0,152,3888,5699219,0,1181364,0,172032,0,0,0,0,16882808,0,0,0,0
query,58,4096,18935306,82044,7264,1462,18331161,434717,1212,77305,141,18935306,0,36129,3,0,0,0,0,148,3885,5696716,0,1187203,0,172032,0,0,0,0,16845575,0,0,0,0
query,59,4096,18967256,97143,8055,1363,18343764,437943,1132,77736,120,18967256,0,36129,3,0,0,0,0,162,3875,5681182,0,1180071,0,172032,0,0,0,0,16836504,0,0,0,0
query,60,4096,19678983,96932,7915,1022,19021768,471857,1583,77706,200,19678983,0,36129,3,0,0,0,0,157,3880,5690201,0,1176579,0,172032,0,0,0,0,17420761,0,0,0,0
query,61,4096,18896002,79971,8696,1362,18284413,446500,1572,73358,130,18896002,0,36129,3,0,0,0,0,188,3848,5644161,0,1168796,0,172032,0,0,0,0,16786824,0,0,0,0
query,62,4096,18970352,81503,6893,1163,18355095,450968,1272,73328,130,18970352,0,36129,3,0,0,0,0,167,3882,5692060,0,1181795,0,172032,0,0,0,0,16865737,0,0,0,0
query,63,4096,19010447,81002,7104,801,18375163,468931,1403,75833,210,19010447,0,36129,3,0,0,0,0,170,3850,5646847,0,1179828,0,172032,0,0,0,0,16865033,0,0,0,0
query,64,4096,18882106,79961,8576,1112,18279894,437132,951,74350,130,18882106,0,36129,3,0,0,0,0,167,3877,5685079,0,1186628,0,172032,0,0,0,0,16784055,0,0,0,0
query,65,4096,19394849,82245,7313,1253,18681699,542109,1032,78507,691,19394849,0,36129,3,0,0,0,0,179,3848,5644475,0,1172254,0,172032,0,0,0,0,17091997,0,0,0,0
query,66,4096,18880393,79700,8155,1172,18282489,432543,1072,74931,331,18880393,0,36129,3,0,0,0,0,190,3845,5638550,0,1174766,0,172032,0,0,0,0,16782830,0,0,0,0
query,67,4096,18889019,81283,8606,1433,18273953,447411,1152,75021,160,18889019,0,36129,3,0,0,0,0,162,3878,5687167,0,1167111,0,172032,0,0,0,0,16770894,0,0,0,0
query,68,4096,18862449,80301,7324,1242,18254357,444014,972,74119,120,18862449,0,36129,3,0,0,0,0,171,3865,5668145,0,1170262,0,172032,0,0,0,0,16764430,0,0,0,0
query,69,4096,18968418,94918,8496,1223,18340207,448944,1112,73348,170,18968418,0,36129,3,0,0,0,0,151,3898,5718679,0,1175537,0,172032,0,0,0,0,16821549,0,0,0,0
query,70,4096,18881485,81303,7193,852,18276648,433916,781,80712,80,18881485,0,36129,3,0,0,0,0,171,3874,5681093,0,1174385,0,172032,0,0,0,0,16761726,0,0,0,0
query,71,4096,21697817,93395,7464,1122,21064067,451829,1262,78618,60,21697817,0,36129,3,0,0,0,0,160,3872,5681358,0,1232337,0,172032,0,0,0,0,19318715,0,0,0,0
query,72,4096,19392465,79229,9097,922,18775686,448603,1402,77406,120,19392465,0,36129,3,0,0,0,0,181,3872,5679843,0,1210574,0,172032,0,0,0,0,17249268,0,0,0,0
query,73,4096,18851218,95700,9007,1222,18226434,442371,1503,74820,161,18851218,0,36129,0,0,0,0,0,162,3877,5684855,0,1172222,0,172032,0,0,0,0,16722359,0,0,0,0
query,74,4096,18753254,97293,8656,1082,18133339,437893,1262,73618,111,18753254,0,36129,0,0,0,0,0,194,3835,5624962,0,1157009,0,172032,0,0,0,0,16612435,0,0,0,0
query,75,4096,18799681,80602,9157,1212,18201697,432122,1133,73638,120,18799681,0,36129,0,0,0,0,0,180,3862,5666612,0,1180051,0,172032,0,0,0,0,16701053,0,0,0,0
query,76,4096,19583033,84238,8436,1062,18961926,451469,681,75161,60,19583033,0,36129,0,0,0,0,0,181,3849,5645739,0,1171508,0,172032,0,0,0,0,17360236,0,0,0,0
query,77,4096,18816964,80682,9398,1472,18210203,439896,1123,74160,30,18816964,0,36129,0,0,0,0,0,174,3860,5659628,0,1186799,0,172032,0,0,0,0,16731646,0,0,0,0
query,78,4096,18860505,86983,7925,1132,18262441,426952,882,74070,120,18860505,0,36129,0,0,0,0,0,167,3872,5676770,0,1170570,0,172032,0,0,0,0,16722242,0,0,0,0
query,79,4096,18828836,80251,8626,1042,18232906,430309,1222,74350,130,18828836,0,36129,0,0,0,0,0,183,3860,5660434,0,1167247,0,172032,0,0,0,0,16746376,0,0,0,0
query,80,4096,18842331,80731,8055,1293,18237985,435920,1552,76654,141,18842331,0,36129,0,0,0,0,0,174,3869,5674159,0,1169515,0,172032,0,0,0,0,16752655,0,0,0,0
query,81,4096,19452217,96191,9358,961,18764635,501232,982,78788,70,19452217,0,36129,0,0,0,0,0,200,3850,5645495,0,1164873,0,172032,0,0,0,0,17173428,0,0,0,0
query,82,4096,18807496,103124,8516,1092,18191027,427714,1252,74641,130,18807496,0,36129,0,0,0,0,0,185,3854,5654690,0,1158130,0,172032,0,0,0,0,16703317,0,0,0,0
query,83,4096,18836219,88596,8015,1353,18227646,434417,1051,74721,420,18836219,0,36129,0,0,0,0,0,168,3882,5693314,0,1160263,0,172032,0,0,0,0,16737491,0,0,0,0
query,84,4096,18819178,80802,9398,1102,18205324,445758,1051,75442,301,18819178,0,36129,0,0,0,0,0,184,3854,5651456,0,1156762,0,172032,0,0,0,0,16711683,0,0,0,0
query,85,4096,19478827,81343,8365,1142,18771418,535777,1403,79229,150,19478827,0,36129,0,0,0,0,0,177,3866,5669816,0,1162890,0,172032,0,0,0,0,17151237,0,0,0,0
query,86,4096,19825027,83827,9999,1122,18957988,684496,1424,85971,200,19825027,0,36129,0,0,0,0,0,173,3871,5676724,0,1161728,0,172032,0,0,0,0,17303716,0,0,0,0
query,87,4096,21242392,110718,9658,1152,20484808,552589,1282,82124,61,21242392,0,36129,0,0,0,0,0,192,3845,5637027,0,1192399,0,172032,0,0,0,0,18686454,0,0,0,0
query,88,4096,19616787,84058,9137,1503,18997523,444856,1813,77827,70,19616787,0,36129,3,0,0,0,0,175,3861,5662412,0,1185170,0,172032,0,0,0,0,17420737,0,0,0,0
query,89,4096,18935246,97163,8295,992,18307756,445928,962,74029,121,18935246,0,36129,3,0,0,0,0,162,3871,5678245,0,1159581,0,172032,0,0,0,0,16808475,0,0,0,0
query,90,4096,18993635,81573,6632,1193,18365214,463872,1062,73949,140,18993635,0,36129,3,0,0,0,0,182,3849,5644444,0,1188106,0,172032,0,0,0,0,16804804,0,0,0,0
query,91,4096,18891112,80271,9026,1253,18260247,463712,1102,75371,130,18891112,0,36129,3,0,0,0,0,168,3870,5674713,0,1159062,0,172032,0,0,0,0,16771310,0,0,0,0
query,92,4096,19584757,79570,8436,1162,18980801,437222,1362,76013,191,19584757,0,36129,3,0,0,0,0,165,3871,5677604,0,1166539,0,172032,0,0,0,0,17413387,0,0,0,0
query,93,4096,18847060,91702,13676,2124,18227024,428154,1995,82234,151,18847060,0,36129,0,0,0,0,0,176,3859,5660489,0,1189607,0,172032,0,0,0,0,16744699,0,0,0,0
query,94,4096,18868791,78468,8195,1503,18263483,440588,852,75552,150,18868791,0,36129,0,0,0,0,0,156,3878,5689489,0,1179104,0,172032,0,0,0,0,16745685,0,0,0,0
query,95,4096,18834657,80942,8336,1192,18228438,434586,1072,79891,200,18834657,0,36129,0,0,0,0,0,176,3866,5667557,0,1169090,0,172032,0,0,0,0,16748055,0,0,0,0
query,96,4096,18901812,80912,8225,1593,18292869,442962,1062,74039,150,18901812,0,36129,0,0,0,0,0,163,3876,5684070,0,1174622,0,172032,0,0,0,0,16781085,0,0,0,0
query,97,4096,19684874,80932,8476,1262,19043940,471747,1472,76975,70,19684874,0,36129,0,0,0,0,0,169,3875,5684006,0,1190624,0,172032,0,0,0,0,17403634,0,0,0,0
query,98,4096,18808037,80141,9879,1102,18212267,429477,1002,74049,120,18808037,0,36129,0,0,0,0,0,179,3860,5660472,0,1183916,0,172032,0,0,0,0,16741539,0,0,0,0
query,99,4096,18814238,85941,7905,1062,18206596,437342,1403,73859,130,18814238,0,36129,0,0,0,0,0,164,3877,5689042,0,1175607,0,172032,0,0,0,0,16737131,0,0,0,0
query,100,4096,18805391,80331,8756,1112,18201577,437832,1113,74550,120,18805391,0,36129,0,0,0,0,0,178,3861,5660242,0,1166981,0,172032,0,0,0,0,16705552,0,0,0,0
query,101,4096,19058798,80221,8356,1182,18454722,437291,1384,75502,140,19058798,0,36129,0,0,0,0,0,185,3843,5635641,0,1161946,0,172032,0,0,0,0,16918794,0,0,0,0
query,102,4096,21631293,80060,8877,1032,20870162,587625,1552,81924,61,21631293,0,36129,0,0,0,0,0,190,3856,5655339,0,1233391,0,172032,0,0,0,0,19118066,0,0,0,0
query,103,4096,19008484,81323,8686,1253,18395731,445397,1043,74900,151,19008484,0,36129,0,0,0,0,0,162,3870,5681985,0,1171916,0,172032,0,0,0,0,16889666,0,0,0,0
query,104,4096,20132606,97513,7754,1243,19397254,548000,1553,79098,191,20132606,0,36129,0,0,0,0,0,179,3853,5653070,0,1215673,0,172032,0,0,0,0,17787241,0,0,0,0
query,105,4096,19003413,80230,9218,1673,18397034,437112,971,77125,50,19003413,0,36129,0,0,0,0,0,169,3880,5689172,0,1175595,0,172032,0,0,0,0,16909074,0,0,0,0
query,106,4096,18819418,80771,8075,1203,18223227,431501,912,73548,181,18819418,0,36129,0,0,0,0,0,179,3853,5648055,0,1166077,0,172032,0,0,0,0,16680543,0,0,0,0
query,107,4096,19061233,80331,8597,1142,18303448,585992,1492,79991,240,19061233,0,36129,0,0,0,0,0,181,3847,5644880,0,1169680,0,172032,0,0,0,0,16804355,0,0,0,0
query,108,4096,19300002,81784,10730,2004,18689844,439886,783,74820,151,19300002,0,36129,0,0,0,0,0,170,3868,5671127,0,1169256,0,172032,0,0,0,0,17103369,0,0,0,0
query,109,4096,18730341,81273,7674,1182,18127248,436270,921,75612,161,18730341,0,36129,0,0,0,0,0,184,3850,5644561,0,1164595,0,172032,0,0,0,0,16662028,0,0,0,0
query,110,4096,18817795,97494,8115,1242,18206246,429177,1222,74159,140,18817795,0,36129,0,0,0,0,0,182,3859,5660893,0,1164685,0,172032,0,0,0,0,16673583,0,0,0,0
query,111,4096,21183942,96782,7805,1202,20375522,439175,1624,261782,50,21183942,0,36129,0,0,0,0,0,190,3854,5653536,0,1171681,0,172032,0,0,0,0,18557636,0,0,0,0
query,112,4096,21488664,236474,10299,1724,20471893,514457,1282,252485,50,21488664,0,36129,4,0,0,0,0,170,3856,5653779,0,1170536,0,172032,0,0,0,0,18637291,0,0,0,0
query,113,4096,20735569,85270,8155,772,20124801,441380,1011,74050,130,20735569,0,36129,0,0,0,0,0,192,3851,5651874,0,1167448,0,172032,0,0,0,0,18355774,0,0,0,0
query,114,4096,20030454,80591,7554,1082,19425017,439997,1632,74400,181,20030454,0,36129,0,0,0,0,0,185,3863,5665587,0,1186128,0,172032,0,0,0,0,17904589,0,0,0,0
query,115,4096,19014375,79470,8986,1273,18392896,455797,1402,74420,131,19014375,0,36129,0,0,0,0,0,165,3865,5669043,0,1175812,0,172032,0,0,0,0,16876984,0,0,0,0
query,116,4096,18807967,79800,7845,1433,18207037,435949,1002,74760,141,18807967,0,36129,0,0,0,0,0,180,3856,5653733,0,1163429,0,172032,0,0,0,0,16731644,0,0,0,0
query,117,4096,18909076,81313,8846,1463,18290464,449324,1563,75853,250,18909076,0,36129,0,0,0,0,0,161,3876,5685036,0,1174151,0,172032,0,0,0,0,16801162,0,0,0,0
query,118,4096,19453990,80821,8456,992,18844866,439897,961,77817,180,19453990,0,36129,0,0,0,0,0,150,3879,5689472,0,1178473,0,172032,0,0,0,0,17274988,0,0,0,0
query,119,4096,18865354,81143,7945,1062,18262120,437883,1282,73789,130,18865354,0,36129,0,0,0,0,0,165,3875,5683792,0,1166644,0,172032,0,0,0,0,16783591,0,0,0,0
query,120,4096,18744207,81133,8075,1292,18139120,438925,871,74651,140,18744207,0,36129,0,0,0,0,0,200,3845,5640403,0,1170828,0,172032,0,0,0,0,16644034,0,0,0,0
query,121,4096,18724470,81353,8446,1172,18117869,435208,982,79039,401,18724470,0,36129,0,0,0,0,0,205,3842,5634978,0,1159454,0,172032,0,0,0,0,16639505,0,0,0,0
query,122,4096,18844615,83036,7864,1062,18247183,430419,1252,73668,131,18844615,0,36129,0,0,0,0,0,155,3885,5696947,0,1173648,0,172032,0,0,0,0,16747481,0,0,0,0
query,123,4096,19456656,84189,8826,1323,18796254,488458,1052,76414,140,19456656,0,36129,0,0,0,0,0,177,3858,5657356,0,1171936,0,172032,0,0,0,0,17175423,0,0,0,0
query,124,4096,18850326,80070,8236,1362,18248084,438323,933,73127,191,18850326,0,36129,0,0,0,0,0,184,3849,5644181,0,1170122,0,172032,0,0,0,0,16750486,0,0,0,0
query,125,4096,18843053,80692,7254,1122,18221654,450036,1092,81072,131,18843053,0,36129,0,0,0,0,0,193,3847,5641063,0,1176071,0,172032,0,0,0,0,16723836,0,0,0,0
query,126,4096,18941347,96482,7514,1413,18307335,446980,1082,80401,140,18941347,0,36129,0,0,0,0,0,170,3879,5688686,0,1173118,0,172032,0,0,0,0,16795097,0,0,0,0
query,127,4096,18680056,77536,7254,1222,18087572,431741,1463,73138,130,18680056,0,36129,0,0,0,0,0,200,3829,5616199,0,1155056,0,172032,0,0,0,0,16600929,0,0,0,0
query,128,4096,19492242,80922,7264,1312,18686288,629142,1964,85290,60,19492242,0,36129,0,0,0,0,0,191,3859,5658680,0,1162398,0,172032,0,0,0,0,17072185,0,0,0,0
query,129,4096,20968256,81954,9378,1242,20359142,432813,1082,78938,3707,20968256,0,36129,0,0,0,0,0,162,3871,5678325,0,1232979,0,172032,0,0,0,0,18222547,0,0,0,0
query,130,4096,18836731,78809,9537,1243,18216214,454705,1372,74701,150,18836731,0,36129,0,0,0,0,0,187,3848,5647723,0,1169606,0,172032,0,0,0,0,16724109,0,0,0,0
query,131,4096,18838995,82225,8576,1252,18231734,441049,941,72998,220,18838995,0,36129,0,0,0,0,0,188,3862,5662401,0,1186778,0,172032,0,0,0,0,16708515,0,0,0,0
query,132,4096,18855065,80912,8286,992,18263292,425640,1623,74050,270,18855065,0,36129,0,0,0,0,0,175,3861,5663365,0,1168684,0,172032,0,0,0,0,16774920,0,0,0,0
query,133,4096,18928533,81734,7704,1233,18328114,434797,1593,73178,180,18928533,0,36129,0,0,0,0,0,178,3868,5669414,0,1173928,0,172032,0,0,0,0,16797606,0,0,0,0
query,134,4096,19579596,80581,8757,1192,18962587,448854,781,76784,60,19579596,0,36129,0,0,0,0,0,177,3883,5694383,0,1197273,0,172032,0,0,0,0,17393736,0,0,0,0
query,135,4096,18866316,82125,9057,1022,18247052,445417,1152,80351,140,18866316,0,36129,0,0,0,0,0,185,3849,5646500,0,1173338,0,172032,0,0,0,0,16756459,0,0,0,0
query,136,4096,18874051,96331,8186,1012,18249056,445597,1082,72647,140,18874051,0,36129,0,0,0,0,0,174,3874,5679087,0,1168244,0,172032,0,0,0,0,16746054,0,0,0,0
query,137,4096,18914907,92634,9658,1924,18295332,432974,1794,80311,280,18914907,0,36129,3,0,0,0,0,189,3833,5624414,0,1164362,0,172032,0,0,0,0,16807853,0,0,0,0
query,138,4096,18884110,81343,8957,1092,18284232,432322,1103,74941,120,18884110,0,36129,3,0,0,0,0,161,3874,5684268,0,1186445,0,172032,0,0,0,0,16803190,0,0,0,0
query,139,4096,19432951,80601,8466,952,18785083,480353,1002,76313,181,19432951,0,36129,3,0,0,0,0,179,3859,5660319,0,1171414,0,172032,0,0,0,0,17226691,0,0,0,0
query,140,4096,18945574,81633,9067,1242,18336841,441360,1182,74089,160,18945574,0,36129,3,0,0,0,0,155,3879,5684491,0,1196917,0,172032,0,0,0,0,16869190,0,0,0,0
query,141,4096,18961355,81253,8646,1072,18351629,443253,1363,73999,140,18961355,0,36129,3,0,0,0,0,166,3875,5683638,0,1175258,0,172032,0,0,0,0,16858600,0,0,0,0
query,142,4096,18952388,80772,8916,1072,18305663,468250,1573,86011,131,18952388,0,36129,3,0,0,0,0,167,3871,5671491,0,1172398,0,172032,0,0,0,0,16801620,0,0,0,0
query,143,4096,18856858,76875,8616,1072,18252773,438354,1302,77736,130,18856858,0,36129,3,0,0,0,0,180,3864,5667352,0,1169323,0,172032,0,0,0,0,16776899,0,0,0,0
query,144,4096,20363650,153378,9037,1072,19588734,527982,1543,81834,70,20363650,0,36129,3,0,0,0,0,173,3864,5666501,0,1217850,0,172032,0,0,0,0,17963737,0,0,0,0
query,145,4096,18973067,81944,8616,1212,18351068,453412,1142,75552,121,18973067,0,36129,0,0,0,0,0,186,3856,5656871,0,1166913,0,172032,0,0,0,0,16855238,0,0,0,0
query,146,4096,19190766,81133,9718,1242,18534212,483409,1392,79530,130,19190766,0,36129,0,0,0,0,0,159,3870,5676024,0,1193907,0,172032,0,0,0,0,16997558,0,0,0,0
query,147,4096,19088063,81373,9428,1493,18455313,461027,1182,78066,181,19088063,0,36129,0,0,0,0,0,169,3868,5673063,0,1169463,0,172032,0,0,0,0,16963758,0,0,0,0
query,148,4096,19102680,80982,8937,1062,18493285,441740,962,75652,60,19102680,0,36129,0,0,0,0,0,173,3849,5645672,0,1181572,0,172032,0,0,0,0,16958695,0,0,0,0
query,149,4096,19365595,81724,9197,1463,18617729,571955,1623,81844,60,19365595,0,36129,0,0,0,0,0,175,3865,5667874,0,1174652,0,172032,0,0,0,0,17044831,0,0,0,0
query,150,4096,19543730,90120,10419,2615,18928513,435217,1304,75471,71,19543730,0,36129,2,0,0,0,0,174,3861,5665007,0,1205611,0,172032,0,0,0,0,17360289,0,0,0,0
query,151,4096,18772370,82565,8987,1433,18159367,445276,1224,73408,110,18772370,0,36129,0,0,0,0,0,173,3860,5659447,0,1168958,0,172032,0,0,0,0,16676205,0,0,0,0
query,152,4096,18952798,80180,8336,1252,18319939,461126,1444,80381,140,18952798,0,36129,0,0,0,0,0,180,3873,5680273,0,1171085,0,172032,0,0,0,0,16841254,0,0,0,0
query,153,4096,18967606,96591,11161,1263,18344916,433745,1252,78468,210,18967606,0,36129,0,0,0,0,0,178,3864,5667648,0,1181986,0,172032,0,0,0,0,16854307,0,0,0,0
query,154,4096,19194964,96652,9988,1303,18568386,438945,1523,78107,60,19194964,0,36129,0,0,0,0,0,187,3859,5655227,0,1188439,0,172032,0,0,0,0,17051506,0,0,0,0
query,155,4096,19139449,102532,9368,1513,18495729,452270,1984,75863,190,19139449,0,36129,3,0,0,0,0,169,3863,5666459,0,1182332,0,172032,0,0,0,0,16962534,0,0,0,0
query,156,4096,19690505,79910,9528,1212,18977846,541297,1523,79058,131,19690505,0,36129,3,0,0,0,0,168,3874,5682515,0,1180667,0,172032,0,0,0,0,17363703,0,0,0,0
query,157,4096,19068556,80261,9929,1302,18448902,449024,791,78107,240,19068556,0,36129,3,0,0,0,0,160,3885,5698129,0,1192957,0,172032,0,0,0,0,16977054,0,0,0,0
query,158,4096,18982054,96953,9277,1232,18343644,455026,1071,74711,140,18982054,0,36129,3,0,0,0,0,179,3860,5659339,0,1169255,0,172032,0,0,0,0,16839103,0,0,0,0
query,159,4096,19118610,81954,9167,992,18473999,472327,1233,78768,170,19118610,0,36129,3,0,0,0,0,171,3872,5677648,0,1177166,0,172032,0,0,0,0,16961661,0,0,0,0
query,160,4096,21497641,81223,9007,971,20830297,494930,1193,79890,130,21497641,0,36129,3,0,0,0,0,178,3866,5668009,0,1199989,0,172032,0,0,0,0,19097633,0,0,0,0
query,161,4096,18804620,86953,8536,1252,18201146,431601,1463,73538,131,18804620,0,36129,3,0,0,0,0,194,3842,5634207,0,1185870,0,172032,0,0,0,0,16728348,0,0,0,0
query,162,4096,18869862,81132,7745,1222,18263062,440107,1323,75141,130,18869862,0,36129,3,0,0,0,0,158,3872,5677510,0,1171099,0,172032,0,0,0,0,16765215,0,0,0,0
query,163,4096,19143157,81123,8185,1162,18525496,449335,1502,76233,121,19143157,0,36129,3,0,0,0,0,182,3862,5663623,0,1170820,0,172032,0,0,0,0,17044275,0,0,0,0
query,164,4096,18959271,86292,8256,1182,18338043,449134,1443,74790,131,18959271,0,36129,3,0,0,0,0,155,3877,5685559,0,1184228,0,172032,0,0,0,0,16819118,0,0,0,0
query,165,4096,19144609,81062,7434,852,18342471,625736,1202,85711,141,19144609,0,36129,3,0,0,0,0,188,3846,5640799,0,1155099,0,172032,0,0,0,0,16796057,0,0,0,0
query,166,4096,19046966,80993,8245,1713,18410840,464573,1132,79289,181,19046966,0,36129,3,0,0,0,0,201,3814,5590705,0,1160871,0,172032,0,0,0,0,16882857,0,0,0,0
query,167,4096,19087902,80641,7504,1754,18447248,468591,1302,80702,160,19087902,0,36129,3,0,0,0,0,172,3860,5660117,0,1176450,0,172032,0,0,0,0,16936759,0,0,0,0
query,168,4096,18863571,84078,7464,1052,18268362,428235,902,73448,30,18863571,0,36129,3,0,0,0,0,153,3877,5684109,0,1163444,0,172032,0,0,0,0,16780583,0,0,0,0
query,169,4096,18925908,88326,8766,1383,18286446,463541,1152,76183,111,18925908,0,36129,3,0,0,0,0,184,3857,5660348,0,1165101,0,172032,0,0,0,0,16765602,0,0,0,0
query,170,4096,19046294,82956,7614,821,18426931,446308,1042,80582,40,19046294,0,36129,3,0,0,0,0,168,3880,5692024,0,1176492,0,172032,0,0,0,0,16929558,0,0,0,0
query,171,4096,19603892,81383,7614,1012,18979969,456368,1222,76173,151,19603892,0,36129,3,0,0,0,0,165,3870,5675145,0,1174755,0,172032,0,0,0,0,17426206,0,0,0,0
query,172,4096,18775966,80000,8466,1062,18169126,442431,1112,73648,121,18775966,0,36129,3,0,0,0,0,181,3858,5659094,0,1157715,0,172032,0,0,0,0,16713142,0,0,0,0
query,173,4096,18726914,81844,7964,1303,18128690,430388,1022,75532,171,18726914,0,36129,3,0,0,0,0,192,3838,5629168,0,1152812,0,172032,0,0,0,0,16637667,0,0,0,0
query,174,4096,19375583,112071,13215,2585,18719850,450297,1292,76163,110,19375583,0,36129,0,0,0,0,0,189,3848,5645019,0,1176651,0,172032,0,0,0,0,16983692,0,0,0,0
query,175,4096,18893487,80030,9237,1463,18287558,440669,951,73458,121,18893487,0,36129,0,0,0,0,0,168,3863,5662225,0,1208300,0,172032,0,0,0,0,16812398,0,0,0,0
query,176,4096,19459862,81674,9287,1593,18815320,474492,1272,76063,161,19459862,0,36129,0,0,0,0,0,159,3881,5689761,0,1183521,0,172032,0,0,0,0,17230269,0,0,0,0
query,177,4096,18906552,81153,9107,952,18287779,452029,1423,73979,130,18906552,0,36129,0,0,0,0,0,192,3847,5642052,0,1168797,0,172032,0,0,0,0,16794389,0,0,0,0
query,178,4096,18885371,80290,8857,1202,18276548,442211,1042,75061,160,18885371,0,36129,0,0,0,0,0,176,3869,5673278,0,1180513,0,172032,0,0,0,0,16794135,0,0,0,0
query,179,4096,18726363,80932,9098,1492,18130574,429918,691,73548,110,18726363,0,36129,0,0,0,0,0,174,3854,5651603,0,1176136,0,172032,0,0,0,0,16654947,0,0,0,0
query,180,4096,18999216,80732,8506,1122,18385222,447751,1613,74140,130,18999216,0,36129,0,0,0,0,0,175,3872,5676314,0,1178570,0,172032,0,0,0,0,16895389,0,0,0,0
query,181,4096,19335568,81644,7524,1082,18553247,610057,1272,80582,160,19335568,0,36129,0,0,0,0,0,186,3852,5650712,0,1173066,0,172032,0,0,0,0,17008211,0,0,0,0
query,182,4096,18986371,80130,8667,1573,18384741,435779,1162,74159,160,18986371,0,36129,0,0,0,0,0,188,3858,5658572,0,1174637,0,172032,0,0,0,0,16889942,0,0,0,0
query,183,4096,18743324,80441,8065,1673,18140592,434757,1333,76303,160,18743324,0,36129,0,0,0,0,0,165,3862,5666326,0,1166167,0,172032,0,0,0,0,16655856,0,0,0,0
query,184,4096,19168544,97644,8205,1092,18519775,463752,1562,76404,110,19168544,0,36129,0,0,0,0,0,166,3880,5690115,0,1197517,0,172032,0,0,0,0,17035585,0,0,0,0
query,185,4096,18918234,81213,7765,1182,18295994,453653,1612,76685,130,18918234,0,36129,0,0,0,0,0,174,3876,5683000,0,1174712,0,172032,0,0,0,0,16824487,0,0,0,0
query,186,4096,18721694,95730,8937,941,18112179,425089,1042,77656,120,18721694,0,36129,0,0,0,0,0,197,3847,5644610,0,1167977,0,172032,0,0,0,0,16634786,0,0,0,0
query,187,4096,21320337,79419,7484,1212,20704290,448552,1314,77926,140,21320337,0,36129,0,0,0,0,0,155,3886,5696914,0,1211819,0,172032,0,0,0,0,19004047,0,0,0,0
query,188,4096,18905369,97042,9608,1102,18255678,465715,1544,74550,130,18905369,0,36129,0,0,0,0,0,172,3867,5670192,0,1169888,0,172032,0,0,0,0,16749610,0,0,0,0
query,189,4096,18959822,81694,8776,952,18350196,441470,1122,75481,131,18959822,0,36129,0,0,0,0,0,155,3889,5704317,0,1179949,0,172032,0,0,0,0,16845917,0,0,0,0
query,190,4096,18876254,81202,8326,1302,18256069,449154,1323,78828,50,18876254,0,36129,0,0,0,0,0,153,3884,5693096,0,1210086,0,172032,0,0,0,0,16763357,0,0,0,0
query,191,4096,18888087,81033,8576,1272,18280776,436270,971,79069,120,18888087,0,36129,0,0,0,0,0,190,3865,5670748,0,1164944,0,172032,0,0,0,0,16777668,0,0,0,0
query,192,4096,19413825,80762,7945,1052,18786395,457240,981,79329,121,19413825,0,36129,0,0,0,0,0,189,3841,5632910,0,1173617,0,172032,0,0,0,0,17169784,0,0,0,0
query,193,4096,18866416,82114,8566,1162,18243446,453933,992,76072,131,18866416,0,36129,0,0,0,0,0,163,3878,5687587,0,1173120,0,172032,0,0,0,0,16769331,0,0,0,0
query,194,4096,18820650,82185,7253,1142,18174015,479231,1683,75031,110,18820650,0,36129,0,0,0,0,0,161,3874,5681492,0,1161130,0,172032,0,0,0,0,16704583,0,0,0,0
query,195,4096,18793279,80121,8125,1062,18178293,450056,881,74570,171,18793279,0,36129,0,0,0,0,0,167,3872,5677710,0,1177469,0,172032,0,0,0,0,16683141,0,0,0,0
query,196,4096,19145080,85020,7274,1383,18503854,458862,1493,87034,160,19145080,0,36129,0,0,0,0,0,160,3874,5682784,0,1168941,0,172032,0,0,0,0,16985653,0,0,0,0
query,197,4096,19091118,77315,8747,1312,18477255,450677,1493,74189,130,19091118,0,36129,0,0,0,0,0,164,3885,5696140,0,1158644,0,172032,0,0,0,0,16974620,0,0,0,0
query,198,4096,18687630,80261,7684,992,18079157,444806,1172,73388,170,18687630,0,36129,0,0,0,0,0,188,3848,5640793,0,1149026,0,172032,0,0,0,0,16616338,0,0,0,0
query,199,4096,18829326,80902,7374,891,18234048,430459,1412,74110,130,18829326,0,36129,0,0,0,0,0,174,3873,5680323,0,1163961,0,172032,0,0,0,0,16732039,0,0,0,0
query,200,4096,18848302,81774,8386,1382,18234198,447130,1433,73869,130,18848302,0,36129,0,0,0,0,0,179,3874,5684215,0,1165430,0,172032,0,0,0,0,16729625,0,0,0,0
query,201,4096,18944513,80251,7544,932,18314378,461848,1333,78036,191,18944513,0,36129,0,0,0,0,0,176,3858,5659125,0,1158955,0,172032,0,0,0,0,16802638,0,0,0,0
query,202,4096,19033791,82115,8305,912,18406422,456588,952,78337,160,19033791,0,36129,0,0,0,0,0,170,3862,5660618,0,1187092,0,172032,0,0,0,0,16903628,0,0,0,0
query,203,4096,19053016,87374,8736,1062,18453410,426763,961,74580,130,19053016,0,36129,0,0,0,0,0,165,3862,5663149,0,1158828,0,172032,0,0,0,0,16950370,0,0,0,0
query,204,4096,18853051,82766,9047,1222,18250669,436040,891,72286,130,18853051,0,36129,0,0,0,0,0,155,3892,5709421,0,1175848,0,172032,0,0,0,0,16761434,0,0,0,0
query,205,4096,18922632,82184,7795,1032,18291045,460956,1373,78046,201,18922632,0,36129,0,0,0,0,0,184,3859,5659089,0,1156927,0,172032,0,0,0,0,16788339,0,0,0,0
query,206,4096,19067244,96562,8606,962,18397134,485332,1743,76734,171,19067244,0,36129,0,0,0,0,0,199,3848,5645164,0,1173046,0,172032,0,0,0,0,16854101,0,0,0,0
query,207,4096,19188040,81553,9047,1072,18584746,434567,1794,75151,110,19188040,0,36129,2,0,0,0,0,168,3869,5675230,0,1196445,0,172032,0,0,0,0,17062567,0,0,0,0
query,208,4096,19182380,80942,9478,1362,18570210,444936,992,74339,121,19182380,0,36129,3,0,0,0,0,171,3868,5672380,0,1177217,0,172032,0,0,0,0,17047454,0,0,0,0
query,209,4096,19776046,80241,8696,1684,19140010,465284,1944,78006,181,19776046,0,36129,3,0,0,0,0,179,3857,5657668,0,1183592,0,172032,0,0,0,0,17443144,0,0,0,0
query,210,4096,18816392,80922,10189,1603,18209792,438333,1334,74049,170,18816392,0,36129,3,0,0,0,0,174,3857,5654517,0,1166270,0,172032,0,0,0,0,16723094,0,0,0,0
query,211,4096,18986873,81944,8947,1192,18355005,462990,1443,75201,151,18986873,0,36129,3,0,0,0,0,193,3849,5645301,0,1173402,0,172032,0,0,0,0,16838069,0,0,0,0
query,212,4096,19014505,82235,8526,1423,18359413,486124,1332,75281,171,19014505,0,36129,3,0,0,0,0,182,3852,5653090,0,1158922,0,172032,0,0,0,0,16830191,0,0,0,0
query,213,4096,19450333,80321,9167,1122,18767129,514977,1454,76033,130,19450333,0,36129,3,0,0,0,0,177,3864,5665296,0,1174421,0,172032,0,0,0,0,17206203,0,0,0,0
query,214,4096,18951095,80672,7914,1313,18346699,436460,1003,76904,130,18951095,0,36129,3,0,0,0,0,173,3863,5664744,0,1173850,0,172032,0,0,0,0,16836939,0,0,0,0
query,215,4096,18962236,81473,8065,1182,18368861,427774,952,73819,110,18962236,0,36129,3,0,0,0,0,157,3887,5701576,0,1177391,0,172032,0,0,0,0,16869957,0,0,0,0
query,216,4096,18903956,81342,7935,1363,18300913,435218,1603,75442,140,18903956,0,36129,3,0,0,0,0,169,3867,5673895,0,1179083,0,172032,0,0,0,0,16803003,0,0,0,0
query,217,4096,19124411,92634,7725,1082,18509776,434587,1282,77185,140,19124411,0,36129,3,0,0,0,0,168,3870,5675183,0,1199108,0,172032,0,0,0,0,16968507,0,0,0,0
query,218,4096,20194492,82635,8436,1393,19063296,928204,2876,107452,200,20194492,0,36129,3,0,0,0,0,173,3863,5664747,0,1196643,0,172032,0,0,0,0,17053556,0,0,0,0
query,219,4096,20291093,121688,18926,3096,19592490,461578,1462,91773,80,20291093,0,36129,10,0,0,0,0,174,3862,5664832,0,1188863,0,172032,0,0,0,0,17874086,0,0,0,0
query,220,4096,19165308,93466,9337,1503,18526868,455396,1432,77135,171,19165308,0,36129,3,0,0,0,0,165,3879,5687807,0,1198429,0,172032,0,0,0,0,17024044,0,0,0,0
query,221,4096,18857850,96572,7223,1192,18236883,442201,882,72506,391,18857850,0,36129,3,0,0,0,0,162,3872,5677484,0,1183329,0,172032,0,0,0,0,16756057,0,0,0,0
query,222,4096,18816873,82615,6402,912,18194253,447631,1232,83728,100,18816873,0,36129,3,0,0,0,0,162,3859,5659669,0,1172187,0,172032,0,0,0,0,16708630,0,0,0,0
query,223,4096,19011909,97062,9318,942,18370934,458281,1143,74039,190,19011909,0,36129,3,0,0,0,0,180,3859,5656612,0,1173431,0,172032,0,0,0,0,16866779,0,0,0,0
query,224,4096,19664686,81003,8646,1463,19018241,476796,1422,76985,130,19664686,0,36129,3,0,0,0,0,164,3872,5679546,0,1174226,0,172032,0,0,0,0,17436520,0,0,0,0
query,225,4096,18846729,80471,9528,1132,18250669,428736,901,74891,401,18846729,0,36129,3,0,0,0,0,171,3858,5661651,0,1169494,0,172032,0,0,0,0,16755051,0,0,0,0
query,226,4096,18825910,88556,7945,1112,18204392,445948,1313,76493,151,18825910,0,36129,3,0,0,0,0,198,3817,5595179,0,1170271,0,172032,0,0,0,0,16664495,0,0,0,0
query,227,4096,18996350,81013,6832,1153,18358831,468009,773,79609,130,18996350,0,36129,3,0,0,0,0,163,3870,5674036,0,1191114,0,172032,0,0,0,0,16866221,0,0,0,0
query,228,4096,18949352,96101,9147,952,18335588,430920,1202,75311,131,18949352,0,36129,3,0,0,0,0,181,3865,5666686,0,1195784,0,172032,0,0,0,0,16840255,0,0,0,0
query,229,4096,19523711,81483,8636,1282,18860585,490512,962,80131,120,19523711,0,36129,3,0,0,0,0,194,3860,5660875,0,1174086,0,172032,0,0,0,0,17260916,0,0,0,0
query,230,4096,18925497,81243,8115,1112,18322734,434216,1163,76764,150,18925497,0,36129,3,0,0,0,0,172,3847,5643239,0,1182693,0,172032,0,0,0,0,16771078,0,0,0,0
query,231,4096,18974169,81784,8216,1122,18364512,442561,1514,74290,170,18974169,0,36129,3,0,0,0,0,175,3870,5672926,0,1184802,0,172032,0,0,0,0,16844817,0,0,0,0
query,232,4096,19044670,81042,8175,1012,18413525,460245,922,79589,160,19044670,0,36129,3,0,0,0,0,148,3874,5681677,0,1180827,0,172032,0,0,0,0,16894455,0,0,0,0
query,233,4096,19076210,96732,8125,1583,18429104,464012,1583,74911,160,19076210,0,36129,3,0,0,0,0,178,3865,5668581,0,1174322,0,172032,0,0,0,0,16926157,0,0,0,0
query,234,4096,19628047,97463,14106,2064,18787077,636977,1523,88677,160,19628047,0,36129,8,0,0,0,0,164,3875,5682547,0,1179268,0,172032,0,0,0,0,16994151,0,0,0,0
query,235,4096,18998845,82566,9798,1362,18392686,435077,1203,76033,120,18998845,0,36129,8,0,0,0,0,173,3864,5666917,0,1180645,0,172032,0,0,0,0,16893669,0,0,0,0
query,236,4096,18930566,80231,8215,1473,18318676,446379,1423,74009,160,18930566,0,36129,8,0,0,0,0,172,3866,5670104,0,1174428,0,172032,0,0,0,0,16816406,0,0,0,0
query,237,4096,18845587,79900,9178,1031,18248796,431972,1152,73408,150,18845587,0,36129,8,0,0,0,0,171,3864,5668032,0,1167651,0,172032,0,0,0,0,16756191,0,0,0,0
query,238,4096,19028681,81273,8616,1423,18425327,437011,1453,73418,160,19028681,0,36129,8,0,0,0,0,176,3873,5681346,0,1178807,0,172032,0,0,0,0,16911376,0,0,0,0
query,239,4096,18832652,79319,9047,1903,18218939,447481,1483,74360,120,18832652,0,36129,8,0,0,0,0,189,3850,5649513,0,1166658,0,172032,0,0,0,0,16707066,0,0,0,0
query,240,4096,19420848,80701,8557,1232,18803057,446529,1422,79219,131,19420848,0,36129,8,0,0,0,0,163,3854,5650935,0,1173802,0,172032,0,0,0,0,17234662,0,0,0,0
query,241,4096,19131895,81803,8737,1232,18500438,461878,1663,76093,51,19131895,0,36129,8,0,0,0,0,166,3883,5697583,0,1215993,0,172032,0,0,0,0,16994600,0,0,0,0
query,242,4096,18755527,80270,8376,1363,18149017,441971,1322,73088,120,18755527,0,36129,8,0,0,0,0,185,3856,5653926,0,1167144,0,172032,0,0,0,0,16678372,0,0,0,0
query,243,4096,19055681,81733,7324,1092,18429324,460285,1613,74170,140,19055681,0,36129,8,0,0,0,0,165,3875,5681631,0,1172859,0,172032,0,0,0,0,16925173,0,0,0,0
query,244,4096,18825959,80461,10109,1282,18226233,431261,881,75612,120,18825959,0,36129,0,0,0,0,0,172,3873,5677449,0,1172993,0,172032,0,0,0,0,16743745,0,0,0,0
query,245,4096,21236269,80721,8907,1252,20545852,514907,1183,83397,50,21236269,0,36129,0,0,0,0,0,182,3860,5661665,0,1223912,0,172032,0,0,0,0,18759167,0,0,0,0
query,246,4096,18962606,81232,10159,1153,18323144,467900,1052,77836,130,18962606,0,36129,0,0,0,0,0,187,3848,5646006,0,1187252,0,172032,0,0,0,0,16823741,0,0,0,0
query,247,4096,18823986,80722,8516,1032,18199903,457069,902,75632,210,18823986,0,36129,0,0,0,0,0,180,3851,5650457,0,1165433,0,172032,0,0,0,0,16727073,0,0,0,0
query,248,4096,19078485,81093,8265,1443,18415338,492806,1523,77946,71,19078485,0,36129,0,0,0,0,0,177,3864,5667068,0,1179096,0,172032,0,0,0,0,16899684,0,0,0,0
query,249,4096,18959741,98174,9198,1202,18322664,451479,1252,75642,130,18959741,0,36129,0,0,0,0,0,183,3865,5667904,0,1171583,0,172032,0,0,0,0,16815423,0,0,0,0
query,250,4096,19415989,97503,7985,1122,18717977,511943,931,78407,121,19415989,0,36129,0,0,0,0,0,179,3862,5661972,0,1179905,0,172032,0,0,0,0,17147841,0,0,0,0
query,251,4096,19150961,85691,8005,1433,18541305,433545,1973,78888,121,19150961,0,36129,0,0,0,0,0,172,3861,5662626,0,1176453,0,172032,0,0,0,0,17019867,0,0,0,0
query,252,4096,18887565,77576,8976,2054,18243055,475413,1132,79149,210,18887565,0,36129,8,0,0,0,0,168,3870,5674772,0,1162926,0,172032,0,0,0,0,16743380,0,0,0,0
query,253,4096,19593492,81002,9047,1122,18933141,490101,1543,77386,150,19593492,0,36129,8,0,0,0,0,193,3848,5642970,0,1167526,0,172032,0,0,0,0,17351918,0,0,0,0
query,254,4096,19447507,80922,9097,1022,18711925,558660,1383,84428,70,19447507,0,36129,8,0,0,0,0,179,3857,5657251,0,1183541,0,172032,0,0,0,0,17136445,0,0,0,0
query,255,4096,19979979,84899,10210,1122,19169736,624623,2145,87033,211,19979979,0,36129,8,0,0,0,0,195,3834,5623706,0,1153764,0,172032,0,0,0,0,17490489,0,0,0,0
query,256,4096,19700092,85000,9768,1914,19008763,514387,1352,78668,240,19700092,0,36129,8,0,0,0,0,194,3846,5639580,0,1156643,0,172032,0,0,0,0,17386152,0,0,0,0
query,257,4096,19904687,81704,9177,912,19217105,510239,1422,80011,4117,19904687,0,36129,8,0,0,0,0,183,3857,5656271,0,1190373,0,172032,0,0,0,0,17581920,0,0,0,0
query,258,4096,19591097,78607,8576,1093,18882245,537591,1622,81303,60,19591097,0,36129,8,0,0,0,0,184,3856,5652665,0,1167474,0,172032,0,0,0,0,17298752,0,0,0,0
query,259,4096,19281215,85270,9047,1082,18635903,473490,962,75321,140,19281215,0,36129,8,0,0,0,0,180,3864,5663106,0,1183431,0,172032,0,0,0,0,17095832,0,0,0,0
query,260,4096,19152384,81704,8656,1082,18513593,463702,1252,82334,61,19152384,0,36129,8,0,0,0,0,174,3875,5682103,0,1155976,0,172032,0,0,0,0,16967549,0,0,0,0
query,261,4096,20528580,81624,8355,1233,19871374,484741,1874,79319,60,20528580,0,36129,8,0,0,0,0,164,3872,5680668,0,1166391,0,172032,0,0,0,0,18089982,0,0,0,0
query,262,4096,19222936,79840,9007,1543,18549380,504789,1262,77055,60,19222936,0,36129,8,0,0,0,0,168,3866,5672041,0,1168387,0,172032,0,0,0,0,17018207,0,0,0,0
query,263,4096,19257741,81463,8276,991,18621185,468029,1113,76534,150,19257741,0,36129,8,0,0,0,0,166,3880,5691850,0,1171300,0,172032,0,0,0,0,17074756,0,0,0,0
query,264,4096,18997502,79750,8776,1092,18357640,471546,1613,76945,140,18997502,0,36129,8,0,0,0,0,182,3866,5671357,0,1159821,0,172032,0,0,0,0,16849908,0,0,0,0
query,265,4096,18820399,80221,7804,1082,18212327,441971,1082,75592,320,18820399,0,36129,8,0,0,0,0,183,3855,5653802,0,1162217,0,172032,0,0,0,0,16720596,0,0,0,0
query,266,4096,19507270,81403,7795,1663,18878318,460455,1303,76153,180,19507270,0,36129,8,0,0,0,0,166,3874,5680428,0,1164509,0,172032,0,0,0,0,17309519,0,0,0,0
query,267,4096,18925747,80842,7764,1373,18312134,444445,1413,77616,160,18925747,0,36129,8,0,0,0,0,151,3872,5680060,0,1159613,0,172032,0,0,0,0,16792622,0,0,0,0
query,268,4096,18761008,81914,7124,1222,18171730,424288,1092,73438,200,18761008,0,36129,8,0,0,0,0,167,3869,5675501,0,1179660,0,172032,0,0,0,0,16703519,0,0,0,0
query,269,4096,18936337,81262,7815,1222,18335268,432593,1282,76725,170,18936337,0,36129,8,0,0,0,0,180,3847,5642616,0,1156154,0,172032,0,0,0,0,16814749,0,0,0,0
query,270,4096,18716834,80250,8576,1603,18104304,442672,1122,78167,140,18716834,0,36129,8,0,0,0,0,198,3838,5625945,0,1149639,0,172032,0,0,0,0,16647652,0,0,0,0
query,271,4096,19495157,96611,8396,1313,18793909,514658,1282,78858,130,19495157,0,36129,8,0,0,0,0,168,3875,5684922,0,1163983,0,172032,0,0,0,0,17217582,0,0,0,0
query,272,4096,18885882,80872,7685,1202,18279372,440277,1143,75191,140,18885882,0,36129,8,0,0,0,0,171,3865,5671191,0,1167464,0,172032,0,0,0,0,16793355,0,0,0,0
query,273,4096,18775535,81534,7935,1032,18171018,438003,1103,74760,150,18775535,0,36129,8,0,0,0,0,178,3861,5660197,0,1165844,0,172032,0,0,0,0,16701072,0,0,0,0
query,274,4096,18967796,96491,7625,961,18342351,444886,1032,74310,140,18967796,0,36129,8,0,0,0,0,159,3891,5705389,0,1173041,0,172032,0,0,0,0,16856955,0,0,0,0
query,275,4096,18901732,81322,7615,1052,18293709,443033,1242,73648,111,18901732,0,36129,8,0,0,0,0,165,3869,5675338,0,1161288,0,172032,0,0,0,0,16793926,0,0,0,0
query,276,4096,18798909,80471,7544,1202,18192349,437201,1033,78978,131,18798909,0,36129,8,0,0,0,0,181,3861,5659944,0,1155933,0,172032,0,0,0,0,16727406,0,0,0,0
query,277,4096,21335256,86292,8296,1262,20716623,443523,1784,77416,60,21335256,0,36129,8,0,0,0,0,174,3858,5661640,0,1188748,0,172032,0,0,0,0,18801214,0,0,0,0
query,278,4096,18907142,80952,8486,1272,18288119,448172,972,79039,130,18907142,0,36129,8,0,0,0,0,159,3868,5669970,0,1171726,0,172032,0,0,0,0,16798148,0,0,0,0
query,279,4096,18909447,81734,7804,1253,18288479,451468,1463,77105,141,18909447,0,36129,8,0,0,0,0,185,3848,5641093,0,1154120,0,172032,0,0,0,0,16808810,0,0,0,0
query,280,4096,19145711,96932,8557,1232,18477014,483940,991,76905,140,19145711,0,36129,8,0,0,0,0,166,3860,5660340,0,1159095,0,172032,0,0,0,0,16951802,0,0,0,0
query,281,4096,18879460,81563,9378,1182,18266228,444486,1472,75021,130,18879460,0,36129,8,0,0,0,0,175,3867,5670164,0,1156528,0,172032,0,0,0,0,16795141,0,0,0,0
query,282,4096,19531476,80722,8015,1262,18909246,451618,1514,78938,161,19531476,0,36129,8,0,0,0,0,162,3875,5683879,0,1162389,0,172032,0,0,0,0,17329553,0,0,0,0
query,283,4096,18812074,97193,8846,1293,18185436,443143,761,75191,211,18812074,0,36129,8,0,0,0,0,160,3874,5681581,0,1156224,0,172032,0,0,0,0,16690467,0,0,0,0
query,284,4096,18906481,81463,7614,1292,18284713,454294,1242,75722,141,18906481,0,36129,8,0,0,0,0,145,3896,5713994,0,1161697,0,172032,0,0,0,0,16780237,0,0,0,0
query,285,4096,18929505,82345,7344,1543,18304850,457028,1113,75141,141,18929505,0,36129,8,0,0,0,0,171,3872,5678832,0,1159587,0,172032,0,0,0,0,16798398,0,0,0,0
query,286,4096,18763022,81103,8686,1112,18151923,441791,1272,76974,161,18763022,0,36129,8,0,0,0,0,167,3869,5671295,0,1153393,0,172032,0,0,0,0,16674338,0,0,0,0
query,287,4096,19411841,85591,7634,1172,18738706,497435,781,80391,131,19411841,0,36129,8,0,0,0,0,195,3844,5639766,0,1153160,0,172032,0,0,0,0,17173697,0,0,0,0
query,288,4096,19007320,81252,8787,1362,18380864,455075,1763,78077,140,19007320,0,36129,8,0,0,0,0,195,3855,5652858,0,1156905,0,172032,0,0,0,0,16854693,0,0,0,0
query,289,4096,19087411,80952,8346,992,18447949,470424,1293,77305,150,19087411,0,36129,8,0,0,0,0,181,3861,5664788,0,1172705,0,172032,0,0,0,0,16934451,0,0,0,0
query,290,4096,18963628,81142,8557,1262,18364683,427002,1463,79349,170,18963628,0,36129,8,0,0,0,0,167,3873,5680707,0,1173312,0,172032,0,0,0,0,16852484,0,0,0,0
query,291,4096,18727475,95209,9238,1302,18075980,463090,1203,80992,461,18727475,0,36129,8,0,0,0,0,185,3852,5652394,0,1139984,0,172032,0,0,0,0,16581248,0,0,0,0
query,292,4096,18918494,97033,8325,942,18125544,600098,991,85481,80,18918494,0,36129,8,0,0,0,0,195,3842,5633251,0,1126024,0,172032,0,0,0,0,16557332,0,0,0,0
query,293,4096,18603511,134893,9939,1092,17914116,466447,1332,75552,140,18603511,0,36129,8,0,0,0,0,175,3858,5659365,0,1129452,0,172032,0,0,0,0,16431107,0,0,0,0
query,294,4096,18280294,99026,8546,1012,17650501,440878,1273,78928,130,18280294,0,36129,8,0,0,0,0,180,3862,5664323,0,1122321,0,172032,0,0,0,0,16214310,0,0,0,0
query,295,4096,18117198,92133,9338,972,17517140,425429,1072,70974,140,18117198,0,36129,8,0,0,0,0,161,3871,5677516,0,1118961,0,172032,0,0,0,0,16087397,0,0,0,0
query,296,4096,18009354,90369,8667,1122,17405991,430740,1512,70813,140,18009354,0,36129,8,0,0,0,0,181,3846,5639200,0,1100571,0,172032,0,0,0,0,15979400,0,0,0,0
query,297,4096,17781818,91101,7805,1603,17194874,416372,1003,68919,141,17781818,0,36129,8,0,0,0,0,176,3849,5646631,0,1101572,0,172032,0,0,0,0,15791925,0,0,0,0
query,298,4096,18243024,89929,7795,1272,17618601,453482,982,70783,180,18243024,0,36129,8,0,0,0,0,184,3854,5652006,0,1098041,0,172032,0,0,0,0,16167884,0,0,0,0
query,299,4096,17714050,89689,7073,1182,17101659,434496,1183,78638,130,17714050,0,36129,8,0,0,0,0,178,3863,5665999,0,1076866,0,172032,0,0,0,0,15720352,0,0,0,0
query,300,4096,17527029,88116,8295,1072,16931610,427083,1042,69670,141,17527029,0,36129,8,0,0,0,0,166,3872,5677925,0,1088268,0,172032,0,0,0,0,15571234,0,0,0,0
query,301,4096,17832723,89337,7254,1202,17167233,494299,1092,72195,111,17832723,0,36129,8,0,0,0,0,174,3858,5656864,0,1083126,0,172032,0,0,0,0,15752616,0,0,0,0
query,302,4096,17684745,88987,8967,1032,17087793,426522,861,70422,161,17684745,0,36129,8,0,0,0,0,155,3880,5689198,0,1105157,0,172032,0,0,0,0,15701687,0,0,0,0
query,303,4096,17659087,89028,7213,872,17074408,416844,1282,69390,50,17659087,0,36129,8,0,0,0,0,184,3847,5641844,0,1088511,0,172032,0,0,0,0,15692444,0,0,0,0
query,304,4096,18249196,90029,7765,1433,17654828,417244,752,76995,150,18249196,0,36129,8,0,0,0,0,180,3858,5661476,0,1096719,0,172032,0,0,0,0,16203983,0,0,0,0
query,305,4096,17786656,85921,7945,1463,17158957,459403,761,72066,140,17786656,0,36129,8,0,0,0,0,178,3854,5649728,0,1078745,0,172032,0,0,0,0,15764425,0,0,0,0
query,306,4096,17858892,90300,7945,881,17241021,445146,1374,71774,451,17858892,0,36129,8,0,0,0,0,162,3879,5689444,0,1095621,0,172032,0,0,0,0,15825169,0,0,0,0
query,307,4096,20248583,88356,7584,1263,19493744,427383,1223,228910,120,20248583,0,36129,8,0,0,0,0,203,3837,5627386,0,1127710,0,172032,0,0,0,0,17802918,0,0,0,0
query,308,4096,18542236,94347,8175,1233,17911040,454635,1011,71565,230,18542236,0,36129,0,0,0,0,0,165,3874,5680435,0,1088859,0,172032,0,0,0,0,16308993,0,0,0,0
query,309,4096,20027307,88116,8095,1052,19376043,477267,1353,75201,180,20027307,0,36129,0,0,0,0,0,167,3880,5696984,0,1118148,0,172032,0,0,0,0,17803755,0,0,0,0
query,310,4096,17749837,88967,9608,1172,17137837,436000,861,74951,441,17749837,0,36129,0,0,0,0,0,178,3868,5673062,0,1079626,0,172032,0,0,0,0,15758313,0,0,0,0
query,311,4096,17624872,89408,7874,942,17049732,406223,1012,69571,110,17624872,0,36129,0,0,0,0,0,185,3863,5667491,0,1077061,0,172032,0,0,0,0,15656774,0,0,0,0
query,312,4096,17690987,88917,8045,1153,17102260,418176,1012,71254,170,17690987,0,36129,0,0,0,0,0,177,3861,5662332,0,1089430,0,172032,0,0,0,0,15688672,0,0,0,0
query,313,4096,17618420,89619,8115,1232,17004767,442211,1172,71164,140,17618420,0,36129,0,0,0,0,0,192,3851,5644834,0,1075815,0,172032,0,0,0,0,15627382,0,0,0,0
query,314,4096,18961905,90400,7825,1443,18313997,472599,1723,73778,140,18961905,0,36129,0,0,0,0,0,160,3882,5695753,0,1148695,0,172032,0,0,0,0,16817882,0,0,0,0
query,315,4096,18234989,89127,8176,1162,17624542,439385,912,71534,151,18234989,0,36129,0,0,0,0,0,191,3860,5659772,0,1069268,0,172032,0,0,0,0,16171589,0,0,0,0
query,316,4096,17535655,87284,7354,1433,16964000,406955,671,67928,30,17535655,0,36129,0,0,0,0,0,201,3840,5630091,0,1072717,0,172032,0,0,0,0,15580624,0,0,0,0
query,317,4096,20797555,94117,24786,2575,20155819,440478,1773,77927,80,20797555,0,36129,3,0,0,0,0,168,3874,5680573,0,1361164,0,172032,0,0,0,0,18469259,0,0,0,0
query,318,4096,20528941,95520,10229,1233,19875191,466557,1252,78788,171,20528941,0,36129,3,0,0,0,0,181,3846,5640969,0,1301295,0,172032,0,0,0,0,18283878,0,0,0,0
query,319,4096,20644728,96452,9898,1373,20019863,439727,891,76404,120,20644728,0,36129,3,0,0,0,0,179,3867,5669874,0,1306756,0,172032,0,0,0,0,18388100,0,0,0,0
query,320,4096,21190193,94468,9448,1312,20526485,474371,1253,82786,70,21190193,0,36129,3,0,0,0,0,194,3849,5643933,0,1316621,0,172032,0,0,0,0,18806196,0,0,0,0
query,321,4096,20135220,96381,8917,1002,19462606,475524,1152,89498,140,20135220,0,36129,3,0,0,0,0,173,3867,5674348,0,1262822,0,172032,0,0,0,0,17806513,0,0,0,0
query,322,4096,20319617,90671,10419,1313,19624500,496133,1302,95159,120,20319617,0,36129,3,0,0,0,0,152,3884,5697815,0,1266092,0,172032,0,0,0,0,17902471,0,0,0,0
query,323,4096,20234236,74199,8607,1342,19602850,458782,1362,86974,120,20234236,0,36129,3,0,0,0,0,183,3855,5652712,0,1314035,0,172032,0,0,0,0,18024029,0,0,0,0
query,324,4096,20314176,92524,8886,1293,19636563,476656,1202,96922,130,20314176,0,36129,3,0,0,0,0,185,3862,5666907,0,1281027,0,172032,0,0,0,0,17898689,0,0,0,0
query,325,4096,19714580,93886,9027,1744,19076610,456377,1844,74951,141,19714580,0,36129,3,0,0,0,0,166,3866,5666981,0,1213453,0,172032,0,0,0,0,17369228,0,0,0,0
query,326,4096,18409046,92805,8426,1402,17808638,424688,1132,71835,120,18409046,0,36129,0,0,0,0,0,162,3878,5687930,0,1145210,0,172032,0,0,0,0,16368441,0,0,0,0
query,327,4096,21293396,93496,8415,1072,20510556,590630,1813,87334,80,21293396,0,36129,0,0,0,0,0,165,3880,5690930,0,1284728,0,172032,0,0,0,0,18859011,0,0,0,0
query,328,4096,21014342,93315,10370,1693,20250466,561986,1744,94517,251,21014342,0,36129,0,0,0,0,0,159,3869,5674586,0,1338813,0,172032,0,0,0,0,18608267,0,0,0,0
query,329,4096,22212674,93626,11301,1182,21391972,616799,1894,95830,70,22212674,0,36129,1,0,0,0,0,194,3842,5635970,0,1466521,0,172032,0,0,0,0,19691942,0,0,0,0
query,330,4096,18868019,86964,8776,1343,18263963,428936,1633,76324,80,18868019,0,36129,0,0,0,0,0,184,3848,5643140,0,1139156,0,172032,0,0,0,0,16791865,0,0,0,0
query,331,4096,18556493,95870,9398,1052,17942489,432463,1272,73819,130,18556493,0,36129,0,0,0,0,0,195,3842,5631186,0,1143528,0,172032,0,0,0,0,16464361,0,0,0,0
query,332,4096,20948588,94307,8276,1192,20258181,504158,1512,80892,70,20948588,0,36129,0,0,0,0,0,162,3881,5691070,0,1305193,0,172032,0,0,0,0,18662199,0,0,0,0
query,333,4096,20444161,65333,10329,1092,19791264,495180,1754,79149,60,20444161,0,36129,3,0,0,0,0,178,3873,5680572,0,1271795,0,172032,0,0,0,0,18121455,0,0,0,0
query,334,4096,19035403,65052,11412,1392,18441046,437181,1424,77766,130,19035403,0,36129,3,0,0,0,0,191,3850,5648101,0,1176486,0,172032,0,0,0,0,16938317,0,0,0,0
query,335,4096,21224387,64852,10901,1512,20547796,515579,1232,82455,60,21224387,0,36129,3,0,0,0,0,169,3853,5650429,0,1199135,0,172032,0,0,0,0,18804725,0,0,0,0
query,336,4096,18777609,80161,10109,1162,18178873,427854,952,78358,140,18777609,0,36129,3,0,0,0,0,209,3841,5630234,0,1163424,0,172032,0,0,0,0,16712640,0,0,0,0
query,337,4096,18825809,78437,8015,1313,18204892,452160,1162,79660,170,18825809,0,36129,3,0,0,0,0,175,3855,5651979,0,1164885,0,172032,0,0,0,0,16719333,0,0,0,0
query,338,4096,18870994,79399,7885,892,18272068,435077,1253,74310,110,18870994,0,36129,3,0,0,0,0,178,3866,5671309,0,1166554,0,172032,0,0,0,0,16803399,0,0,0,0
query,339,4096,18798798,80311,7604,1162,18197659,437562,982,73488,30,18798798,0,36129,3,0,0,0,0,177,3857,5656265,0,1194310,0,172032,0,0,0,0,16688629,0,0,0,0
query,340,4096,19398595,80481,8055,1453,18645640,580420,893,81513,140,19398595,0,36129,3,0,0,0,0,184,3839,5630744,0,1173800,0,172032,0,0,0,0,17067866,0,0,0,0
query,341,4096,19124801,80271,8135,1303,18510466,448163,1132,75201,130,19124801,0,36129,3,0,0,0,0,201,3833,5620088,0,1264808,0,172032,0,0,0,0,16994238,0,0,0,0
query,342,4096,18935846,96321,8045,1503,18303127,451659,932,74139,120,18935846,0,36129,3,0,0,0,0,180,3870,5673878,0,1160431,0,172032,0,0,0,0,16801265,0,0,0,0
query,343,4096,18741531,80812,7514,1102,18140953,432953,1072,77085,40,18741531,0,36129,3,0,0,0,0,179,3859,5656768,0,1177411,0,172032,0,0,0,0,16662455,0,0,0,0
query,344,4096,18857909,81974,7614,1453,18249897,442351,902,73568,150,18857909,0,36129,3,0,0,0,0,180,3865,5669568,0,1160903,0,172032,0,0,0,0,16768576,0,0,0,0
query,345,4096,18889218,79780,7674,1383,18272329,447030,1343,79489,190,18889218,0,36129,3,0,0,0,0,172,3857,5652950,0,1168221,0,172032,0,0,0,0,16789166,0,0,0,0
query,346,4096,19529832,76995,7674,1192,18919025,448182,1323,75031,410,19529832,0,36129,3,0,0,0,0,184,3854,5653049,0,1193421,0,172032,0,0,0,0,17369787,0,0,0,0
query,347,4096,18754686,80482,8125,881,18151613,439045,1222,73198,120,18754686,0,36129,3,0,0,0,0,190,3842,5635429,0,1179576,0,172032,0,0,0,0,16686086,0,0,0,0
query,348,4096,18927000,79790,8336,1242,18319578,442130,1274,74490,160,18927000,0,36129,3,0,0,0,0,166,3878,5685133,0,1180146,0,172032,0,0,0,0,16842217,0,0,0,0
query,349,4096,18802305,87955,8265,1303,18194583,430579,1072,78427,121,18802305,0,36129,3,0,0,0,0,182,3862,5665987,0,1183956,0,172032,0,0,0,0,16726515,0,0,0,0
query,350,4096,18786535,80561,8286,1112,18185636,435118,1062,74339,421,18786535,0,36129,3,0,0,0,0,166,3871,5676583,0,1180812,0,172032,0,0,0,0,16737071,0,0,0,0
query,351,4096,19395129,96161,9337,902,18745859,465705,1343,75712,110,19395129,0,36129,3,0,0,0,0,184,3831,5621525,0,1164452,0,172032,0,0,0,0,17158276,0,0,0,0
query,352,4096,18757832,80872,7635,1412,18157804,434617,1182,74190,120,18757832,0,36129,3,0,0,0,0,184,3849,5647561,0,1172738,0,172032,0,0,0,0,16690495,0,0,0,0
query,353,4096,19013792,88025,7885,1272,18361317,474121,1222,79830,120,19013792,0,36129,3,0,0,0,0,175,3869,5673021,0,1175938,0,172032,0,0,0,0,16848745,0,0,0,0
query,354,4096,18849754,78558,7935,851,18243585,442842,1143,74670,170,18849754,0,36129,3,0,0,0,0,194,3848,5641967,0,1176983,0,172032,0,0,0,0,16787778,0,0,0,0
query,355,4096,18816712,81082,8356,1122,18218348,430148,1012,76514,130,18816712,0,36129,3,0,0,0,0,184,3850,5643978,0,1172031,0,172032,0,0,0,0,16708810,0,0,0,0
query,356,4096,19380742,87083,8156,1442,18672471,526350,1412,83677,151,19380742,0,36129,3,0,0,0,0,175,3842,5633679,0,1174332,0,172032,0,0,0,0,17098623,0,0,0,0
query,357,4096,19067192,79790,8105,1583,18442459,457990,1283,75822,160,19067192,0,36129,3,0,0,0,0,175,3872,5677518,0,1191075,0,172032,0,0,0,0,16953579,0,0,0,0
query,358,4096,18923031,80280,7725,1242,18302967,449585,1242,79870,120,18923031,0,36129,3,0,0,0,0,178,3858,5660273,0,1192147,0,172032,0,0,0,0,16821291,0,0,0,0
query,359,4096,18904147,79740,8055,912,18302746,436320,982,75231,161,18904147,0,36129,3,0,0,0,0,151,3874,5682398,0,1179285,0,172032,0,0,0,0,16819757,0,0,0,0
query,360,4096,19513652,91372,12313,2184,18770425,549162,1743,86333,120,19513652,0,36129,1,0,0,0,0,168,3874,5681413,0,1186349,0,172032,0,0,0,0,17107347,0,0,0,0
query,361,4096,20374530,79139,10079,1312,19504806,686821,2224,90079,70,20374530,0,36129,1,0,0,0,0,162,3882,5691687,0,1206010,0,172032,0,0,0,0,17804994,0,0,0,0
query,362,4096,19464239,68769,16892,2825,18841760,452350,1222,80351,70,19464239,0,36129,3,0,0,0,0,183,3843,5636310,0,1190943,0,172032,0,0,0,0,17285134,0,0,0,0
query,363,4096,18927911,64801,10921,1793,18313156,456608,1272,79179,181,18927911,0,36129,3,0,0,0,0,173,3856,5656945,0,1180060,0,172032,0,0,0,0,16822391,0,0,0,0
query,364,4096,18896742,72977,10610,1673,18280354,453051,1183,76834,60,18896742,0,36129,3,0,0,0,0,188,3846,5641197,0,1185334,0,172032,0,0,0,0,16770630,0,0,0,0
query,365,4096,19733685,65433,10139,1883,18975491,594828,1122,84719,70,19733685,0,36129,3,0,0,0,0,173,3869,5674781,0,1205628,0,172032,0,0,0,0,17375432,0,0,0,0
query,366,4096,19070198,80932,9828,1353,18463148,436961,922,76914,140,19070198,0,36129,3,0,0,0,0,156,3873,5676775,0,1192125,0,172032,0,0,0,0,16980465,0,0,0,0
query,367,4096,21468706,105188,15268,1703,20822532,445347,2034,76534,100,21468706,0,36129,8,0,0,0,0,171,3858,5661430,0,1208693,0,172032,0,0,0,0,18916239,0,0,0,0
query,368,4096,19115684,81453,9958,1183,18480550,463621,2014,76844,61,19115684,0,36129,8,0,0,0,0,190,3847,5639930,0,1172003,0,172032,0,0,0,0,16996383,0,0,0,0
query,369,4096,19024472,66425,10830,1352,18415118,445718,1302,83577,150,19024472,0,36129,1,0,0,0,0,178,3859,5658914,0,1177359,0,172032,0,0,0,0,16879009,0,0,0,0
query,370,4096,18814178,79880,9388,1262,18208810,439496,1703,73468,171,18814178,0,36129,3,0,0,0,0,175,3870,5676570,0,1183296,0,172032,0,0,0,0,16745781,0,0,0,0
query,371,4096,18974348,81223,8937,1072,18352379,449355,1132,79990,260,18974348,0,36129,3,0,0,0,0,179,3870,5675321,0,1191113,0,172032,0,0,0,0,16845023,0,0,0,0
query,372,4096,19452016,79640,8646,1092,18819387,465295,1162,76734,60,19452016,0,36129,3,0,0,0,0,170,3863,5664220,0,1183673,0,172032,0,0,0,0,17279523,0,0,0,0
query,373,4096,18833474,79891,9347,952,18235540,432633,1523,73468,120,18833474,0,36129,3,0,0,0,0,173,3870,5677751,0,1173374,0,172032,0,0,0,0,16761898,0,0,0,0
query,374,4096,18888367,79800,8276,1372,18275305,448864,1061,73538,151,18888367,0,36129,3,0,0,0,0,174,3868,5669938,0,1191721,0,172032,0,0,0,0,16784141,0,0,0,0
query,375,4096,18822012,80792,8366,1362,18215433,439045,1152,75742,120,18822012,0,36129,3,0,0,0,0,153,3878,5684835,0,1180349,0,172032,0,0,0,0,16748648,0,0,0,0
query,376,4096,18770956,94698,7975,1172,18157363,434667,1192,73758,131,18770956,0,36129,3,0,0,0,0,169,3850,5645294,0,1153136,0,172032,0,0,0,0,16700479,0,0,0,0
query,377,4096,19031847,80923,7644,1312,18421870,443132,1023,75792,151,19031847,0,36129,3,0,0,0,0,180,3858,5656879,0,1162842,0,172032,0,0,0,0,16900313,0,0,0,0
query,378,4096,18860044,80391,8236,1422,18241341,446319,1132,81042,161,18860044,0,36129,3,0,0,0,0,182,3861,5662708,0,1154530,0,172032,0,0,0,0,16770318,0,0,0,0
query,379,4096,18851738,92484,7494,962,18232504,441369,1122,75663,140,18851738,0,36129,3,0,0,0,0,180,3869,5673307,0,1165387,0,172032,0,0,0,0,16707776,0,0,0,0
query,380,4096,18852088,79600,8005,1042,18247833,437402,1262,76794,150,18852088,0,36129,3,0,0,0,0,157,3881,5694080,0,1165760,0,172032,0,0,0,0,16762299,0,0,0,0
query,381,4096,18765987,80120,7805,1503,18157683,435588,993,82174,121,18765987,0,36129,3,0,0,0,0,176,3857,5656360,0,1192216,0,172032,0,0,0,0,16704251,0,0,0,0
query,382,4096,18816041,76053,7354,1372,18208820,445728,1612,74961,141,18816041,0,36129,3,0,0,0,0,170,3879,5689461,0,1176272,0,172032,0,0,0,0,16738695,0,0,0,0
query,383,4096,19337972,80462,7844,1273,18738425,431631,861,77326,150,19337972,0,36129,3,0,0,0,0,172,3853,5652910,0,1180355,0,172032,0,0,0,0,17194270,0,0,0,0
query,384,4096,18804679,79900,7424,1192,18192088,447561,1393,75001,120,18804679,0,36129,3,0,0,0,0,170,3857,5655522,0,1169175,0,172032,0,0,0,0,16700501,0,0,0,0
query,385,4096,18804158,79910,7334,1462,18200484,439647,1062,74129,130,18804158,0,36129,3,0,0,0,0,176,3858,5655282,0,1164488,0,172032,0,0,0,0,16735792,0,0,0,0
query,386,4096,18839585,95309,8235,992,18202518,455887,1432,75001,211,18839585,0,36129,3,0,0,0,0,179,3858,5656800,0,1166284,0,172032,0,0,0,0,16725707,0,0,0,0
query,387,4096,18893617,79800,7504,912,18244106,485773,1232,74180,110,18893617,0,36129,3,0,0,0,0,167,3866,5672262,0,1163774,0,172032,0,0,0,0,16779610,0,0,0,0
query,388,4096,19061132,87254,12113,2314,18443191,432422,1763,82015,60,19061132,0,36129,8,0,0,0,0,179,3848,5641890,0,1172427,0,172032,0,0,0,0,16945088,0,0,0,0
query,389,4096,18839254,77215,9017,1232,18232554,443433,1383,74120,300,18839254,0,36129,8,0,0,0,0,190,3851,5646378,0,1170558,0,172032,0,0,0,0,16748071,0,0,0,0
query,390,4096,18800802,84428,9588,1403,18186367,442211,1543,75151,111,18800802,0,36129,8,0,0,0,0,169,3877,5688060,0,1186121,0,172032,0,0,0,0,16710883,0,0,0,0
query,391,4096,18762350,79340,8826,1102,18158685,436690,1003,76584,120,18762350,0,36129,8,0,0,0,0,179,3854,5650277,0,1185692,0,172032,0,0,0,0,16678422,0,0,0,0
query,392,4096,19338522,81313,8826,1533,18710162,459163,1332,76063,130,19338522,0,36129,8,0,0,0,0,161,3874,5678336,0,1175960,0,172032,0,0,0,0,17164599,0,0,0,0
query,393,4096,19171669,95219,9147,1123,18540853,446219,1132,77836,140,19171669,0,36129,8,0,0,0,0,171,3864,5667028,0,1190568,0,172032,0,0,0,0,17051682,0,0,0,0
query,394,4096,18811312,78959,8215,962,18222245,423165,1573,76033,160,18811312,0,36129,8,0,0,0,0,168,3882,5693382,0,1172078,0,172032,0,0,0,0,16729379,0,0,0,0
query,395,4096,18829927,96652,8195,1373,18215111,430318,953,76995,330,18829927,0,36129,8,0,0,0,0,161,3877,5686001,0,1170298,0,172032,0,0,0,0,16754078,0,0,0,0
query,396,4096,18640641,97713,8607,1412,18010868,440137,1433,80431,40,18640641,0,36129,8,0,0,0,0,188,3834,5625244,0,1178516,0,172032,0,0,0,0,16558130,0,0,0,0
query,397,4096,18759494,82134,7785,1212,18155119,430930,861,81323,130,18759494,0,36129,8,0,0,0,0,160,3878,5685203,0,1175071,0,172032,0,0,0,0,16684432,0,0,0,0
query,398,4096,18838392,88586,8526,1012,18238035,428295,1312,72476,150,18838392,0,36129,8,0,0,0,0,164,3875,5682617,0,1188985,0,172032,0,0,0,0,16753282,0,0,0,0
query,399,4096,21214428,81032,8086,1042,20606986,431190,1483,84529,80,21214428,0,36129,8,0,0,0,0,188,3837,5626557,0,1234800,0,172032,0,0,0,0,18885771,0,0,0,0
query,400,4096,18818305,94899,9077,1172,18209942,427483,1523,74169,40,18818305,0,36129,8,0,0,0,0,167,3867,5671712,0,1170519,0,172032,0,0,0,0,16723445,0,0,0,0
query,401,4096,18766818,80020,8416,1322,18174145,427413,1292,74090,120,18766818,0,36129,8,0,0,0,0,176,3860,5662713,0,1166408,0,172032,0,0,0,0,16687639,0,0,0,0
query,402,4096,18828595,80391,7474,1263,18218818,446399,762,73347,141,18828595,0,36129,8,0,0,0,0,159,3872,5680247,0,1174988,0,172032,0,0,0,0,16730667,0,0,0,0
query,403,4096,18667963,80141,7795,1262,18068876,431130,1123,77515,121,18667963,0,36129,8,0,0,0,0,196,3836,5623249,0,1156485,0,172032,0,0,0,0,16598713,0,0,0,0
query,404,4096,19032558,81534,7844,1744,18422511,445066,1172,72567,120,19032558,0,36129,8,0,0,0,0,162,3872,5680265,0,1170141,0,172032,0,0,0,0,16929096,0,0,0,0
query,405,4096,18743504,81222,7825,1152,18128128,450557,1072,73418,130,18743504,0,36129,8,0,0,0,0,180,3851,5648496,0,1163521,0,172032,0,0,0,0,16642264,0,0,0,0
query,406,4096,19003693,84639,7975,1212,18397304,434537,1462,76484,80,19003693,0,36129,8,0,0,0,0,159,3875,5681718,0,1176659,0,172032,0,0,0,0,16909163,0,0,0,0
query,407,4096,18826982,99267,10880,872,18195274,443895,1172,75481,141,18826982,0,36129,8,0,0,0,0,180,3859,5656198,0,1173328,0,172032,0,0,0,0,16713731,0,0,0,0
query,408,4096,18708268,80852,8737,1372,18112409,430449,1062,73247,140,18708268,0,36129,8,0,0,0,0,197,3849,5644494,0,1179879,0,172032,0,0,0,0,16648976,0,0,0,0
query,409,4096,18910579,96632,8416,1262,18293599,435739,1042,73588,301,18910579,0,36129,8,0,0,0,0,161,3880,5691390,0,1169074,0,172032,0,0,0,0,16825837,0,0,0,0
query,410,4096,18850625,81603,8516,1342,18248214,434967,1603,74150,230,18850625,0,36129,8,0,0,0,0,163,3876,5686641,0,1171307,0,172032,0,0,0,0,16751067,0,0,0,0
query,411,4096,18934684,97884,9428,1452,18295813,451678,1504,76784,141,18934684,0,36129,8,0,0,0,0,181,3855,5651960,0,1197680,0,172032,0,0,0,0,16807695,0,0,0,0
query,412,4096,18844354,95520,9317,1182,18221804,439165,732,76494,140,18844354,0,36129,8,0,0,0,0,186,3843,5635013,0,1152726,0,172032,0,0,0,0,16744733,0,0,0,0
query,413,4096,18717285,94407,8096,1603,18108421,427854,1512,75222,170,18717285,0,36129,8,0,0,0,0,164,3872,5678767,0,1181538,0,172032,0,0,0,0,16639960,0,0,0,0
query,414,4096,18766317,83757,8486,1102,18130202,468080,1423,73127,140,18766317,0,36129,8,0,0,0,0,175,3865,5671769,0,1155265,0,172032,0,0,0,0,16637791,0,0,0,0
query,415,4096,19350525,81443,7625,1012,18751078,430930,982,77335,120,19350525,0,36129,8,0,0,0,0,188,3845,5639938,0,1152221,0,172032,0,0,0,0,17199732,0,0,0,0
query,416,4096,18893326,81924,8876,1153,18292897,432984,1082,74229,181,18893326,0,36129,8,0,0,0,0,186,3868,5672482,0,1167348,0,172032,0,0,0,0,16804489,0,0,0,0
query,417,4096,18698670,81022,8275,932,18092050,441821,891,73548,131,18698670,0,36129,8,0,0,0,0,173,3855,5655727,0,1153213,0,172032,0,0,0,0,16615544,0,0,0,0
query,418,4096,19386783,81823,7675,962,18751850,464903,1333,78107,130,19386783,0,36129,8,0,0,0,0,169,3869,5674142,0,1168613,0,172032,0,0,0,0,17171457,0,0,0,0
query,419,4096,18803067,80702,9257,1323,18203359,432583,1082,74630,131,18803067,0,36129,8,0,0,0,0,178,3867,5669179,0,1167583,0,172032,0,0,0,0,16684188,0,0,0,0
query,420,4096,18965321,80902,7925,1252,18364532,434406,993,75131,180,18965321,0,36129,8,0,0,0,0,187,3849,5645809,0,1180465,0,172032,0,0,0,0,16879207,0,0,0,0
query,421,4096,18973888,82576,8255,1242,18363912,441319,1753,74721,110,18973888,0,36129,8,0,0,0,0,146,3874,5679824,0,1181280,0,172032,0,0,0,0,16853858,0,0,0,0
query,422,4096,18921950,81002,8256,1352,18301414,454093,792,74940,101,18921950,0,36129,8,0,0,0,0,182,3858,5659166,0,1164937,0,172032,0,0,0,0,16774507,0,0,0,0
query,423,4096,18768692,96802,8186,1322,18148637,438053,1162,74400,130,18768692,0,36129,8,0,0,0,0,171,3864,5666766,0,1167935,0,172032,0,0,0,0,16657571,0,0,0,0
query,424,4096,18622056,81032,7234,1032,18028039,426451,1233,76875,160,18622056,0,36129,8,0,0,0,0,187,3850,5643135,0,1163481,0,172032,0,0,0,0,16568488,0,0,0,0
query,425,4096,19312824,80601,8296,982,18598802,543902,1383,78658,200,19312824,0,36129,8,0,0,0,0,180,3853,5652586,0,1165536,0,172032,0,0,0,0,17041416,0,0,0,0
query,426,4096,18865253,84930,7925,1162,18238896,451829,1172,79229,110,18865253,0,36129,8,0,0,0,0,167,3869,5672357,0,1171452,0,172032,0,0,0,0,16768422,0,0,0,0
query,427,4096,18807906,79299,6994,991,18211264,436059,893,72185,221,18807906,0,36129,8,0,0,0,0,158,3874,5683408,0,1170533,0,172032,0,0,0,0,16743974,0,0,0,0
query,428,4096,18857278,80601,7074,971,18239918,449164,1253,78167,130,18857278,0,36129,8,0,0,0,0,178,3863,5665104,0,1171037,0,172032,0,0,0,0,16749935,0,0,0,0
query,429,4096,18899347,79930,8597,1021,18269474,461237,1372,77606,110,18899347,0,36129,8,0,0,0,0,165,3885,5696814,0,1180701,0,172032,0,0,0,0,16763240,0,0,0,0
query,430,4096,18698109,81052,7625,941,18097210,436040,1212,73708,321,18698109,0,36129,8,0,0,0,0,179,3849,5646096,0,1162444,0,172032,0,0,0,0,16647540,0,0,0,0
query,431,4096,21073734,81363,7614,1253,20464969,439015,1483,77816,221,21073734,0,36129,8,0,0,0,0,164,3874,5684560,0,1210263,0,172032,0,0,0,0,18801506,0,0,0,0
query,432,4096,18731712,81723,9117,1243,18114281,446960,1163,77084,141,18731712,0,36129,8,0,0,0,0,185,3849,5646448,0,1176641,0,172032,0,0,0,0,16642948,0,0,0,0
query,433,4096,18755447,81353,8025,1002,18161470,429356,1123,72997,121,18755447,0,36129,8,0,0,0,0,160,3868,5671176,0,1182946,0,172032,0,0,0,0,16707143,0,0,0,0
query,434,4096,18653945,81413,7834,962,18060551,429207,1382,72486,110,18653945,0,36129,8,0,0,0,0,179,3845,5633610,0,1168663,0,172032,0,0,0,0,16597036,0,0,0,0
query,435,4096,18852208,82024,7534,1273,18249205,437933,1012,73017,210,18852208,0,36129,8,0,0,0,0,147,3896,5715813,0,1180901,0,172032,0,0,0,0,16737130,0,0,0,0
query,436,4096,18909476,81353,7374,1583,18303908,437933,1022,76183,120,18909476,0,36129,8,0,0,0,0,171,3855,5653902,0,1169601,0,172032,0,0,0,0,16826502,0,0,0,0
query,437,4096,18743434,96471,8366,1453,18126895,430018,1313,78748,170,18743434,0,36129,8,0,0,0,0,175,3855,5652276,0,1162559,0,172032,0,0,0,0,16645221,0,0,0,0
query,438,4096,18714540,78297,7524,1293,18128468,422605,1061,75081,211,18714540,0,36129,8,0,0,0,0,159,3879,5688754,0,1169470,0,172032,0,0,0,0,16661227,0,0,0,0
query,439,4096,18826300,81112,8446,1162,18234488,424829,1001,75111,151,18826300,0,36129,8,0,0,0,0,151,3892,5711365,0,1181553,0,172032,0,0,0,0,16761291,0,0,0,0
query,440,4096,18664375,84047,8306,1172,18048559,445547,1062,75552,130,18664375,0,36129,8,0,0,0,0,188,3852,5647626,0,1160906,0,172032,0,0,0,0,16590525,0,0,0,0
query,441,4096,19302494,82194,7544,1543,18587962,541678,1413,80050,110,19302494,0,36129,8,0,0,0,0,169,3868,5669854,0,1179121,0,172032,0,0,0,0,17045837,0,0,0,0
query,442,4096,18956244,81874,8196,1322,18335387,452611,1082,75742,30,18956244,0,36129,8,0,0,0,0,154,3883,5692295,0,1171400,0,172032,0,0,0,0,16857171,0,0,0,0
query,443,4096,18944793,80943,7303,972,18345527,434637,1131,74150,130,18944793,0,36129,8,0,0,0,0,161,3878,5687276,0,1185812,0,172032,0,0,0,0,16837514,0,0,0,0
query,444,4096,18765716,81253,8155,1102,18163404,436390,852,74440,120,18765716,0,36129,8,0,0,0,0,164,3885,5698314,0,1178368,0,172032,0,0,0,0,16697982,0,0,0,0
query,445,4096,18734417,81153,8105,1262,18135111,429567,1072,77997,150,18734417,0,36129,8,0,0,0,0,167,3860,5663800,0,1171639,0,172032,0,0,0,0,16661793,0,0,0,0
query,446,4096,18777959,98495,8957,1363,18157663,435849,1142,74380,110,18777959,0,36129,8,0,0,0,0,188,3855,5655797,0,1189115,0,172032,0,0,0,0,16688504,0,0,0,0
query,447,4096,19336679,81894,8676,1193,18713928,447331,1052,82445,160,19336679,0,36129,8,0,0,0,0,188,3853,5652120,0,1166015,0,172032,0,0,0,0,17159945,0,0,0,0
query,448,4096,18673894,82666,7384,951,18081230,427393,1192,72947,131,18673894,0,36129,8,0,0,0,0,202,3836,5624050,0,1158164,0,172032,0,0,0,0,16571268,0,0,0,0
query,449,4096,18854273,81403,7585,1793,18244927,440347,1363,76684,171,18854273,0,36129,8,0,0,0,0,151,3896,5715393,0,1182604,0,172032,0,0,0,0,16779855,0,0,0,0
query,450,4096,18679323,82405,7554,1092,18079095,433765,1013,74269,130,18679323,0,36129,8,0,0,0,0,163,3869,5673807,0,1180026,0,172032,0,0,0,0,16626163,0,0,0,0
query,451,4096,18909245,82244,7925,1082,18273311,465114,1142,78377,50,18909245,0,36129,8,0,0,0,0,180,3856,5654103,0,1168180,0,172032,0,0,0,0,16777689,0,0,0,0
query,452,4096,19407683,80702,9117,1002,18764924,473750,832,77306,50,19407683,0,36129,8,0,0,0,0,170,3858,5655711,0,1190936,0,172032,0,0,0,0,17199655,0,0,0,0
query,453,4096,18839325,81924,8496,1243,18223998,447090,932,75441,201,18839325,0,36129,8,0,0,0,0,171,3863,5669157,0,1166411,0,172032,0,0,0,0,16742876,0,0,0,0
query,454,4096,18724068,82024,7795,1292,18125763,430669,993,75381,151,18724068,0,36129,8,0,0,0,0,161,3873,5679770,0,1170239,0,172032,0,0,0,0,16673899,0,0,0,0
query,455,4096,18679684,81052,9087,1352,18085107,428366,1011,73578,131,18679684,0,36129,8,0,0,0,0,179,3862,5664489,0,1179891,0,172032,0,0,0,0,16618512,0,0,0,0
query,456,4096,18799489,82134,7354,1122,18200373,431791,1283,75292,140,18799489,0,36129,8,0,0,0,0,170,3874,5679168,0,1191776,0,172032,0,0,0,0,16700960,0,0,0,0
query,457,4096,19118298,97243,8005,1142,18397754,533713,1183,79128,130,19118298,0,36129,8,0,0,0,0,178,3866,5668658,0,1156313,0,172032,0,0,0,0,16848617,0,0,0,0
query,458,4096,18627626,95840,8075,1332,18000348,447040,1102,73829,60,18627626,0,36129,8,0,0,0,0,169,3859,5657684,0,1169486,0,172032,0,0,0,0,16542094,0,0,0,0
query,459,4096,18476022,95219,7664,962,17876525,420611,1212,73678,151,18476022,0,36129,8,0,0,0,0,167,3874,5681536,0,1150043,0,172032,0,0,0,0,16423658,0,0,0,0
query,460,4096,18278591,94107,8155,1123,17673252,428164,1324,72295,171,18278591,0,36129,8,0,0,0,0,167,3878,5683188,0,1133757,0,172032,0,0,0,0,16249518,0,0,0,0
query,461,4096,18179905,93996,7765,1232,17581731,421953,1012,72065,151,18179905,0,36129,8,0,0,0,0,163,3875,5684897,0,1133561,0,172032,0,0,0,0,16153459,0,0,0,0
query,462,4096,17957908,93225,8146,1021,17354504,427153,1192,72536,131,17957908,0,36129,8,0,0,0,0,178,3852,5649029,0,1134497,0,172032,0,0,0,0,15955832,0,0,0,0
query,463,4096,19827771,91371,7595,1062,19210461,436401,1262,79569,50,19827771,0,36129,8,0,0,0,0,182,3856,5657023,0,1106717,0,172032,0,0,0,0,17593461,0,0,0,0
query,464,4096,17924325,60815,9147,1603,17341970,427434,1142,82084,130,17924325,0,36129,8,0,0,0,0,157,3869,5672555,0,1095989,0,172032,0,0,0,0,15913319,0,0,0,0
query,465,4096,17638157,60634,9177,1563,17066232,424477,1464,74550,60,17638157,0,36129,8,0,0,0,0,182,3856,5656607,0,1087855,0,172032,0,0,0,0,15662906,0,0,0,0
query,466,4096,17567293,59992,8797,1412,17009326,413788,1172,72676,130,17567293,0,36129,8,0,0,0,0,184,3855,5655090,0,1074140,0,172032,0,0,0,0,15659133,0,0,0,0
query,467,4096,17492984,59702,9207,1463,16934625,413307,1122,73508,50,17492984,0,36129,8,0,0,0,0,203,3840,5632948,0,1073793,0,172032,0,0,0,0,15501682,0,0,0,0
query,468,4096,18109182,59522,8837,1532,17335338,618683,1913,83307,50,18109182,0,36129,8,0,0,0,0,175,3858,5656952,0,1082512,0,172032,0,0,0,0,15876183,0,0,0,0
query,469,4096,17828805,60303,9498,1843,17256049,428815,1214,71023,60,17828805,0,36129,8,0,0,0,0,197,3841,5630828,0,1084901,0,172032,0,0,0,0,15850221,0,0,0,0
query,470,4096,17678413,59502,9077,1192,17115815,417915,1574,73287,51,17678413,0,36129,8,0,0,0,0,191,3862,5664340,0,1102313,0,172032,0,0,0,0,15730612,0,0,0,0
query,471,4096,18045863,60113,9187,1363,17310521,584138,1653,78828,60,18045863,0,36129,8,0,0,0,0,180,3862,5662521,0,1086024,0,172032,0,0,0,0,15861873,0,0,0,0
query,472,4096,17871175,89498,9208,1212,17278521,419789,881,71926,140,17871175,0,36129,8,0,0,0,0,163,3886,5700657,0,1112932,0,172032,0,0,0,0,15906020,0,0,0,0
query,473,4096,17598522,89959,7334,1082,17001941,426160,1394,70522,130,17598522,0,36129,8,0,0,0,0,160,3867,5672124,0,1081099,0,172032,0,0,0,0,15641425,0,0,0,0
query,474,4096,17756739,89077,7284,1052,17158135,429417,1302,70302,170,17756739,0,36129,8,0,0,0,0,197,3846,5639811,0,1083964,0,172032,0,0,0,0,15778306,0,0,0,0
query,475,4096,17591139,89238,8115,1002,17006029,414419,1142,71063,131,17591139,0,36129,8,0,0,0,0,185,3859,5660318,0,1082629,0,172032,0,0,0,0,15625841,0,0,0,0
query,476,4096,17603382,91342,7774,1072,17021458,408348,1152,72055,181,17603382,0,36129,8,0,0,0,0,161,3864,5662130,0,1113036,0,172032,0,0,0,0,15630172,0,0,0,0
query,477,4096,17581721,90600,7665,1122,16987214,422033,921,72036,130,17581721,0,36129,8,0,0,0,0,168,3868,5673325,0,1087310,0,172032,0,0,0,0,15632478,0,0,0,0
query,478,4096,17515146,90350,8976,1443,16932431,411012,1333,69560,41,17515146,0,36129,8,0,0,0,0,159,3877,5686192,0,1080312,0,172032,0,0,0,0,15574725,0,0,0,0
query,479,4096,17523211,111309,7534,1132,16898918,429447,1232,73468,171,17523211,0,36129,8,0,0,0,0,190,3855,5653740,0,1084462,0,172032,0,0,0,0,15549087,0,0,0,0
query,480,4096,17683583,90090,7824,1062,17085619,426231,1022,71605,130,17683583,0,36129,8,0,0,0,0,183,3854,5649882,0,1086412,0,172032,0,0,0,0,15732444,0,0,0,0
query,481,4096,17590948,90029,7444,1393,16998034,420330,1122,72456,140,17590948,0,36129,8,0,0,0,0,174,3863,5662625,0,1079625,0,172032,0,0,0,0,15639303,0,0,0,0
query,482,4096,17556153,89709,8225,1433,16967577,418096,1121,69832,160,17556153,0,36129,8,0,0,0,0,179,3863,5664014,0,1084763,0,172032,0,0,0,0,15612222,0,0,0,0
query,483,4096,17682170,95099,7544,1172,17098202,406775,1843,71364,171,17682170,0,36129,8,0,0,0,0,171,3872,5680001,0,1075992,0,172032,0,0,0,0,15713328,0,0,0,0
query,484,4096,17568617,89439,8736,1583,16978707,416833,1494,71614,211,17568617,0,36129,8,0,0,0,0,181,3863,5663407,0,1066786,0,172032,0,0,0,0,15618676,0,0,0,0
query,485,4096,17561192,88857,8806,1393,16971875,418707,771,70663,120,17561192,0,36129,8,0,0,0,0,161,3875,5681690,0,1073298,0,172032,0,0,0,0,15595829,0,0,0,0
query,486,4096,18100095,89869,7844,1283,17510587,418887,1122,70382,121,18100095,0,36129,8,0,0,0,0,175,3857,5653926,0,1070108,0,172032,0,0,0,0,16087309,0,0,0,0
query,487,4096,17650751,89889,7705,1302,17064659,412304,1273,73438,181,17650751,0,36129,8,0,0,0,0,159,3887,5704187,0,1090559,0,172032,0,0,0,0,15686294,0,0,0,0
query,488,4096,17463969,89769,8165,1102,16867258,427424,1071,69040,140,17463969,0,36129,8,0,0,0,0,184,3836,5622405,0,1071051,0,172032,0,0,0,0,15488738,0,0,0,0
query,489,4096,17499566,90881,7083,1142,16920549,408257,1112,70382,160,17499566,0,36129,8,0,0,0,0,189,3848,5646112,0,1068258,0,172032,0,0,0,0,15554073,0,0,0,0
query,490,4096,17510847,88977,7614,1122,16919697,420490,1192,71605,150,17510847,0,36129,8,0,0,0,0,164,3862,5664692,0,1077623,0,172032,0,0,0,0,15555951,0,0,0,0
query,491,4096,18068406,91132,7764,1222,17314549,572937,1332,79339,131,18068406,0,36129,8,0,0,0,0,176,3872,5681204,0,1076435,0,172032,0,0,0,0,15869268,0,0,0,0
query,492,4096,17824968,89959,8145,1303,17233316,418336,1603,72155,151,17824968,0,36129,8,0,0,0,0,166,3867,5671211,0,1090158,0,172032,0,0,0,0,15816446,0,0,0,0
query,493,4096,17538319,89057,8166,1432,16960353,405452,1323,72396,140,17538319,0,36129,0,0,0,0,0,189,3854,5653347,0,1078247,0,172032,0,0,0,0,15609884,0,0,0,0
query,494,4096,17525195,89087,8276,1252,16935346,416562,1193,73338,141,17525195,0,36129,0,0,0,0,0,167,3868,5679016,0,1077052,0,172032,0,0,0,0,15571048,0,0,0,0
query,495,4096,17477274,90039,8506,1423,16896463,407957,1021,71735,130,17477274,0,36129,0,0,0,0,0,160,3863,5664753,0,1069917,0,172032,0,0,0,0,15530632,0,0,0,0
query,496,4096,17439874,89838,8106,1302,16854043,416012,1052,69380,141,17439874,0,36129,0,0,0,0,0,186,3855,5657769,0,1063125,0,172032,0,0,0,0,15500805,0,0,0,0
query,497,4096,19915556,88305,8316,1102,19225109,513334,1414,77916,60,19915556,0,36129,0,0,0,0,0,183,3846,5639154,0,1092381,0,172032,0,0,0,0,17596771,0,0,0,0
query,498,4096,17657804,89909,10240,1032,17065420,416833,1563,72677,130,17657804,0,36129,0,0,0,0,0,180,3844,5638076,0,1059133,0,172032,0,0,0,0,15693869,0,0,0,0
query,499,4096,17607248,89849,7864,1132,17030335,407887,1172,68869,140,17607248,0,36129,0,0,0,0,0,163,3892,5706253,0,1074127,0,172032,0,0,0,0,15681570,0,0,0,0
query,500,4096,17445064,89739,7304,1272,16864713,409480,1222,71184,150,17445064,0,36129,0,0,0,0,0,179,3842,5632798,0,1068662,0,172032,0,0,0,0,15507613,0,0,0,0
query,501,4096,17551333,89478,7784,1082,16959101,423466,1102,69190,130,17551333,0,36129,0,0,0,0,0,184,3855,5653901,0,1066153,0,172032,0,0,0,0,15593455,0,0,0,0
query,502,4096,17507652,89318,7294,982,16931819,407085,1353,69661,140,17507652,0,36129,0,0,0,0,0,181,3854,5653352,0,1061860,0,172032,0,0,0,0,15577294,0,0,0,0
query,503,4096,17684063,89608,7394,1242,17090828,422093,1383,71374,141,17684063,0,36129,0,0,0,0,0,191,3841,5632018,0,1061658,0,172032,0,0,0,0,15679785,0,0,0,0
query,504,4096,17510607,89198,6913,1002,16931529,411203,1312,69310,140,17510607,0,36129,0,0,0,0,0,180,3859,5659402,0,1078960,0,172032,0,0,0,0,15579603,0,0,0,0
query,505,4096,17517189,88776,7645,1382,16938021,409360,1072,70773,160,17517189,0,36129,0,0,0,0,0,182,3851,5649373,0,1075319,0,172032,0,0,0,0,15577528,0,0,0,0
query,506,4096,17564548,89438,7484,1122,16946056,448953,1153,70192,150,17564548,0,36129,0,0,0,0,0,192,3848,5643839,0,1068508,0,172032,0,0,0,0,15557088,0,0,0,0
query,507,4096,17655740,90581,6903,1162,17057535,427403,1133,70883,140,17655740,0,36129,0,0,0,0,0,177,3860,5660291,0,1081671,0,172032,0,0,0,0,15692680,0,0,0,0
query,508,4096,17511047,90239,7534,782,16920628,418938,1663,71123,140,17511047,0,36129,0,0,0,0,0,190,3847,5639058,0,1066096,0,172032,0,0,0,0,15563323,0,0,0,0
query,509,4096,18131464,90019,8206,831,17539872,417705,1163,73498,170,18131464,0,36129,0,0,0,0,0,177,3863,5665848,0,1076151,0,172032,0,0,0,0,16104860,0,0,0,0
query,510,4096,17584676,89298,7715,711,17008774,401995,1022,75011,150,17584676,0,36129,0,0,0,0,0,170,3872,5680728,0,1076968,0,172032,0,0,0,0,15642474,0,0,0,0
query,511,4096,17555933,88877,7595,1002,16973057,412816,1232,71234,120,17555933,0,36129,0,0,0,0,0,192,3856,5654917,0,1073915,0,172032,0,0,0,0,15588653,0,0,0,0
query,512,4096,17548418,89247,7104,1042,16967235,413256,1163,69260,111,17548418,0,36129,0,0,0,0,0,151,3886,5698965,0,1078726,0,172032,0,0,0,0,15607373,0,0,0,0
query,513,4096,17504676,90450,7154,1012,16912743,419068,1422,69271,3556,17504676,0,36129,0,0,0,0,0,192,3849,5644155,0,1061506,0,172032,0,0,0,0,15546191,0,0,0,0
query,514,4096,17941737,88326,6773,952,17239758,530387,1252,73989,300,17941737,0,36129,0,0,0,0,0,186,3840,5629765,0,1061629,0,172032,0,0,0,0,15804713,0,0,0,0
query,515,4096,17828234,89098,6762,1002,17226614,431501,1392,71725,140,17828234,0,36129,0,0,0,0,0,174,3854,5652827,0,1075694,0,172032,0,0,0,0,15827984,0,0,0,0
query,516,4096,17520305,93145,6803,1252,16939163,409600,1382,68820,140,17520305,0,36129,0,0,0,0,0,179,3847,5641258,0,1060767,0,172032,0,0,0,0,15558617,0,0,0,0
query,517,4096,20998682,92223,13125,2344,20340365,467138,1523,81844,120,20998682,0,36129,3,0,0,0,0,165,3865,5665862,0,1372574,0,172032,0,0,0,0,18669613,0,0,0,0
query,518,4096,18623528,78467,9027,1573,18057525,405252,1503,70061,120,18623528,0,36129,3,0,0,0,0,207,3828,5615811,0,1139600,0,172032,0,0,0,0,16412395,0,0,0,0
query,519,4096,17569808,89097,8376,1393,16972666,424328,1061,72727,160,17569808,0,36129,0,0,0,0,0,181,3857,5656641,0,1071802,0,172032,0,0,0,0,15570962,0,0,0,0
query,520,4096,18277569,89158,8536,922,17663564,441711,1132,72476,70,18277569,0,36129,0,0,0,0,0,189,3851,5650312,0,1084077,0,172032,0,0,0,0,16176891,0,0,0,0
query,521,4096,17647805,89718,9258,872,17054690,421652,1152,70332,131,17647805,0,36129,0,0,0,0,0,175,3861,5663024,0,1077446,0,172032,0,0,0,0,15646805,0,0,0,0
query,522,4096,17714220,89508,7825,1132,17122869,419629,1152,71935,170,17714220,0,36129,0,0,0,0,0,154,3882,5694751,0,1116558,0,172032,0,0,0,0,15736133,0,0,0,0
query,523,4096,19785002,89068,8566,1503,19160097,451438,1413,72857,60,19785002,0,36129,0,0,0,0,0,182,3859,5659434,0,1212943,0,172032,0,0,0,0,17641851,0,0,0,0
query,524,4096,20712114,91202,8596,1302,20048026,475293,1603,86042,50,20712114,0,36129,0,0,0,0,0,195,3834,5621039,0,1290302,0,172032,0,0,0,0,18521794,0,0,0,0
query,525,4096,20800089,89067,11051,1483,20121273,497946,1072,78057,140,20800089,0,36129,3,0,0,0,0,164,3885,5697534,0,1291077,0,172032,0,0,0,0,18381327,0,0,0,0
query,526,4096,19713597,82615,9989,1082,19111766,434858,1312,71885,90,19713597,0,36129,3,0,0,0,0,172,3868,5672565,0,1237110,0,172032,0,0,0,0,17553623,0,0,0,0
query,527,4096,20938540,81744,7835,1222,20260635,498638,1352,86963,151,20938540,0,36129,3,0,0,0,0,190,3832,5620673,0,1281387,0,172032,0,0,0,0,18573939,0,0,0,0
query,528,4096,19655768,88176,10549,1533,19033369,446429,1333,74239,140,19655768,0,36129,3,0,0,0,0,179,3869,5674764,0,1220038,0,172032,0,0,0,0,17391687,0,0,0,0
query,529,4096,20027827,80511,9268,1212,19424754,435669,1292,74961,160,20027827,0,36129,3,0,0,0,0,179,3864,5664822,0,1253187,0,172032,0,0,0,0,17788906,0,0,0,0
query,530,4096,22642251,80682,8616,1012,21963726,498827,1503,87735,150,22642251,0,36129,3,0,0,0,0,179,3844,5635587,0,1348953,0,172032,0,0,0,0,20129669,0,0,0,0
query,531,4096,20961041,65072,11612,1613,20297684,497976,1293,85721,70,20961041,0,36129,11,0,0,0,0,151,3887,5700698,0,1349307,0,172032,0,0,0,0,18680564,0,0,0,0
query,532,4096,20160437,65563,10731,1492,19552024,451558,1333,77676,60,20160437,0,36129,11,0,0,0,0,194,3855,5652239,0,1268840,0,172032,0,0,0,0,18001671,0,0,0,0
query,533,4096,20310710,65113,10880,1393,19701354,452330,1473,78097,70,20310710,0,36129,11,0,0,0,0,177,3869,5674503,0,1283212,0,172032,0,0,0,0,18103142,0,0,0,0
query,534,4096,19861344,64802,10589,1623,19262119,444065,1482,76614,50,19861344,0,36129,11,0,0,0,0,177,3858,5662738,0,1239188,0,172032,0,0,0,0,17769378,0,0,0,0
query,535,4096,20734836,65002,11512,1503,20081889,489760,1593,83357,220,20734836,0,36129,11,0,0,0,0,185,3854,5647840,0,1284179,0,172032,0,0,0,0,18479315,0,0,0,0
query,536,4096,18927370,79550,10029,1302,18307054,449104,1002,79179,150,18927370,0,36129,11,0,0,0,0,180,3860,5660493,0,1178984,0,172032,0,0,0,0,16814014,0,0,0,0
query,537,4096,18894217,80150,7865,1142,18299269,430218,1343,74080,150,18894217,0,36129,11,0,0,0,0,163,3874,5679688,0,1161972,0,172032,0,0,0,0,16784590,0,0,0,0
query,538,4096,18916709,99467,8926,2044,18278380,449154,1373,77245,120,18916709,0,36129,11,0,0,0,0,172,3854,5652731,0,1160173,0,172032,0,0,0,0,16776866,0,0,0,0
query,539,4096,18999656,64632,10319,1663,18408705,433034,1453,79799,51,18999656,0,36129,11,0,0,0,0,135,3898,5716698,0,1182111,0,172032,0,0,0,0,16835800,0,0,0,0
query,540,4096,18877095,64501,9899,1703,18250227,471516,1933,77256,60,18877095,0,36129,11,0,0,0,0,213,3812,5589195,0,1145513,0,172032,0,0,0,0,16738918,0,0,0,0
query,541,4096,18912461,66004,9798,1583,18312364,440718,1473,80461,60,18912461,0,36129,11,0,0,0,0,174,3867,5671031,0,1161288,0,172032,0,0,0,0,16806753,0,0,0,0
query,542,4096,18976762,64181,9718,1863,18374811,444906,1644,79469,170,18976762,0,36129,11,0,0,0,0,169,3866,5670020,0,1177453,0,172032,0,0,0,0,16849584,0,0,0,0
query,543,4096,21219968,65924,9898,1453,20444460,432553,1723,263916,41,21219968,0,36129,11,0,0,0,0,170,3862,5665919,0,1182600,0,172032,0,0,0,0,18589003,0,0,0,0
query,544,4096,21451593,234491,10850,1884,20480398,471476,961,251483,50,21451593,0,36129,4,0,0,0,0,183,3842,5632629,0,1171163,0,172032,0,0,0,0,18653486,0,0,0,0
query,545,4096,20689942,99227,8005,1372,19911960,587434,1282,80522,140,20689942,0,36129,0,0,0,0,0,183,3839,5633493,0,1161527,0,172032,0,0,0,0,18144599,0,0,0,0
query,546,4096,19920836,86532,10811,2094,19309026,436239,1644,74430,60,19920836,0,36129,1,0,0,0,0,180,3868,5673669,0,1181559,0,172032,0,0,0,0,17778305,0,0,0,0
query,547,4096,19100935,80942,14517,1343,18463187,459043,961,80772,170,19100935,0,36129,3,0,0,0,0,166,3882,5692622,0,1180372,0,172032,0,0,0,0,16957874,0,0,0,0
query,548,4096,18896301,73969,9127,1453,18255807,481094,1352,73348,151,18896301,0,36129,3,0,0,0,0,167,3859,5659898,0,1177587,0,172032,0,0,0,0,16765226,0,0,0,0
query,549,4096,18937599,81353,8536,7825,18325839,440217,1072,72617,140,18937599,0,36129,3,0,0,0,0,155,3876,5680420,0,1179951,0,172032,0,0,0,0,16780422,0,0,0,0
query,550,4096,19038478,81032,8506,1373,18417350,454213,1574,74280,150,19038478,0,36129,3,0,0,0,0,183,3856,5654172,0,1177919,0,172032,0,0,0,0,16900761,0,0,0,0
query,551,4096,19506357,82224,7885,1032,18899878,438574,1212,75322,230,19506357,0,36129,0,0,0,0,0,150,3894,5715556,0,1182085,0,172032,0,0,0,0,17340746,0,0,0,0
query,552,4096,18690164,80782,9107,1383,18085747,436581,941,75492,131,18690164,0,36129,0,0,0,0,0,185,3848,5645840,0,1171068,0,172032,0,0,0,0,16619494,0,0,0,0
query,553,4096,18895920,97954,9207,1112,18264935,444064,1132,77366,150,18895920,0,36129,0,0,0,0,0,145,3902,5721370,0,1177687,0,172032,0,0,0,0,16767651,0,0,0,0
query,554,4096,18891672,87955,8306,1032,18260386,454915,1432,77486,160,18891672,0,36129,0,0,0,0,0,182,3860,5657672,0,1163193,0,172032,0,0,0,0,16783333,0,0,0,0
query,555,4096,18807945,80412,9618,1162,18206645,432152,1433,76353,170,18807945,0,36129,0,0,0,0,0,187,3850,5645118,0,1147097,0,172032,0,0,0,0,16706980,0,0,0,0
query,556,4096,21085675,97813,9338,1242,20417460,478589,1142,79911,180,21085675,0,36129,0,0,0,0,0,198,3844,5639293,0,1183039,0,172032,0,0,0,0,18684777,0,0,0,0
query,557,4096,18855905,95610,9147,1162,18245989,427894,1193,74790,120,18855905,0,36129,0,0,0,0,0,180,3855,5654512,0,1170292,0,172032,0,0,0,0,16744355,0,0,0,0
query,558,4096,18711935,96221,8156,1032,18101898,428725,1333,74109,461,18711935,0,36129,0,0,0,0,0,189,3858,5657607,0,1160639,0,172032,0,0,0,0,16624146,0,0,0,0
query,559,4096,18867026,97934,8075,922,18229528,451909,1062,77446,150,18867026,0,36129,0,0,0,0,0,177,3868,5673167,0,1156838,0,172032,0,0,0,0,16715039,0,0,0,0
query,560,4096,18875893,96552,8105,1052,18256418,429287,1453,82905,121,18875893,0,36129,0,0,0,0,0,140,3904,5724974,0,1176785,0,172032,0,0,0,0,16757522,0,0,0,0
query,561,4096,19283449,82565,8296,1102,18594003,516851,1242,79189,201,19283449,0,36129,0,0,0,0,0,189,3842,5635671,0,1152113,0,172032,0,0,0,0,17027056,0,0,0,0
query,562,4096,18796143,81413,8316,1202,18197558,430449,1182,75903,120,18796143,0,36129,0,0,0,0,0,188,3867,5666328,0,1153039,0,172032,0,0,0,0,16695103,0,0,0,0
query,563,4096,18698860,81453,7644,1102,18106367,426452,881,74881,80,18698860,0,36129,0,0,0,0,0,174,3861,5662574,0,1156132,0,172032,0,0,0,0,16622202,0,0,0,0
query,564,4096,18854933,81523,8486,1473,18249275,439186,1132,73728,130,18854933,0,36129,0,0,0,0,0,163,3863,5667442,0,1170435,0,172032,0,0,0,0,16718939,0,0,0,0
query,565,4096,18897263,80942,7605,1362,18293929,438164,1082,74049,130,18897263,0,36129,0,0,0,0,0,170,3872,5680048,0,1196230,0,172032,0,0,0,0,16795403,0,0,0,0
query,566,4096,18809077,81684,7995,1773,18173362,465575,1363,76935,390,18809077,0,36129,0,0,0,0,0,167,3856,5654750,0,1182348,0,172032,0,0,0,0,16689099,0,0,0,0
query,567,4096,19073253,82445,8075,1012,18472534,432743,1363,74901,180,19073253,0,36129,0,0,0,0,0,161,3878,5685068,0,1219150,0,172032,0,0,0,0,16971420,0,0,0,0
query,568,4096,18835346,81242,8596,1443,18224188,442011,1172,76534,160,18835346,0,36129,0,0,0,0,0,178,3849,5645152,0,1154817,0,172032,0,0,0,0,16722078,0,0,0,0
query,569,4096,18778450,81393,7995,1293,18146822,465876,1362,73578,131,18778450,0,36129,0,0,0,0,0,184,3849,5646817,0,1152788,0,172032,0,0,0,0,16654163,0,0,0,0
query,570,4096,18733655,81663,7113,1403,18114081,446369,1092,81583,351,18733655,0,36129,0,0,0,0,0,201,3841,5634358,0,1147672,0,172032,0,0,0,0,16625054,0,0,0,0
query,571,4096,19024041,91381,7725,942,18375893,467107,1193,79639,161,19024041,0,36129,0,0,0,0,0,167,3864,5669613,0,1172112,0,172032,0,0,0,0,16797745,0,0,0,0
query,572,4096,19503092,95260,7985,991,18866435,450857,902,80502,160,19503092,0,36129,0,0,0,0,0,160,3878,5685984,0,1183530,0,172032,0,0,0,0,17291927,0,0,0,0
query,573,4096,19053016,88717,8216,1472,18426659,449034,1452,77246,220,19053016,0,36129,0,0,0,0,0,159,3876,5685663,0,1174657,0,172032,0,0,0,0,16911768,0,0,0,0
query,574,4096,18657242,86172,8476,1082,18051974,431771,1173,76383,211,18657242,0,36129,0,0,0,0,0,210,3817,5598992,0,1165380,0,172032,0,0,0,0,16563165,0,0,0,0
query,575,4096,18814307,82124,7704,1133,18196295,452210,1212,73498,131,18814307,0,36129,0,0,0,0,0,178,3863,5666658,0,1172082,0,172032,0,0,0,0,16716234,0,0,0,0
query,576,4096,18764233,81253,7574,1423,18172671,423416,1412,76293,191,18764233,0,36129,0,0,0,0,0,183,3854,5650548,0,1167372,0,172032,0,0,0,0,16647947,0,0,0,0
query,577,4096,19348040,81362,8136,1643,18649798,520358,1232,85350,161,19348040,0,36129,0,0,0,0,0,164,3875,5684154,0,1214235,0,172032,0,0,0,0,17089830,0,0,0,0
query,578,4096,19002681,93806,8025,1062,18380582,436681,1352,81033,140,19002681,0,36129,0,0,0,0,0,149,3891,5706663,0,1175519,0,172032,0,0,0,0,16890856,0,0,0,0
query,579,4096,20202296,92725,8796,1212,19568284,452962,1522,76745,50,20202296,0,36129,0,0,0,0,0,163,3875,5681520,0,1204235,0,172032,0,0,0,0,17802111,0,0,0,0
query,580,4096,18887454,80120,8687,1152,18279592,441400,1122,75261,120,18887454,0,36129,3,0,0,0,0,158,3880,5691071,0,1177031,0,172032,0,0,0,0,16785784,0,0,0,0
query,581,4096,18818555,81182,9128,1092,18193249,458362,1152,74219,171,18818555,0,36129,3,0,0,0,0,168,3861,5657794,0,1176820,0,172032,0,0,0,0,16691444,0,0,0,0
query,582,4096,19104533,86252,17664,791,18322202,587283,2155,88096,90,19104533,0,36129,3,0,0,0,0,166,3870,5675883,0,1174863,0,172032,0,0,0,0,16773612,0,0,0,0
query,583,4096,19198880,78798,11562,2224,18584946,444746,1332,75141,131,19198880,0,36129,0,0,0,0,0,192,3849,5645689,0,1164744,0,172032,0,0,0,0,17030495,0,0,0,0
query,584,4096,18942007,81544,7093,1633,18336429,441460,1042,72676,130,18942007,0,36129,0,0,0,0,0,160,3888,5702701,0,1187685,0,172032,0,0,0,0,16840106,0,0,0,0
query,585,4096,18871725,80902,8707,1252,18242753,455646,1032,81373,60,18871725,0,36129,0,0,0,0,0,176,3859,5661644,0,1166652,0,172032,0,0,0,0,16762141,0,0,0,0
query,586,4096,18959660,77095,8856,1102,18359393,430258,1062,81764,130,18959660,0,36129,0,0,0,0,0,169,3884,5699707,0,1175322,0,172032,0,0,0,0,16851106,0,0,0,0
query,587,4096,18850014,77916,8346,1092,18238715,444416,1482,77556,491,18850014,0,36129,0,0,0,0,0,180,3849,5648555,0,1168991,0,172032,0,0,0,0,16732962,0,0,0,0
query,588,4096,20960580,97664,8666,972,20312362,459644,1292,79900,80,20960580,0,36129,0,0,0,0,0,177,3859,5660940,0,1208121,0,172032,0,0,0,0,18577465,0,0,0,0
query,589,4096,19124419,96962,9588,1192,18504204,432373,1262,78768,70,19124419,0,36129,0,0,0,0,0,171,3868,5675926,0,1175679,0,172032,0,0,0,0,16950810,0,0,0,0
query,590,4096,19198779,99006,13796,1472,18546604,458171,1383,78177,170,19198779,0,36129,1,0,0,0,0,172,3869,5674415,0,1187923,0,172032,0,0,0,0,17027779,0,0,0,0
query,591,4096,18794219,81764,8095,1363,18201615,426021,1222,74009,130,18794219,0,36129,0,0,0,0,0,190,3852,5651900,0,1190179,0,172032,0,0,0,0,16724929,0,0,0,0
query,592,4096,18831910,102503,10420,991,18218598,423726,1082,74470,120,18831910,0,36129,0,0,0,0,0,155,3884,5695737,0,1192297,0,172032,0,0,0,0,16730976,0,0,0,0
query,593,4096,19405808,81753,8356,1222,18757570,471636,1033,84108,130,19405808,0,36129,0,0,0,0,0,182,3856,5652889,0,1166589,0,172032,0,0,0,0,17178458,0,0,0,0
query,594,4096,18856295,81733,8446,1203,18245076,437542,1183,80972,140,18856295,0,36129,0,0,0,0,0,177,3854,5651722,0,1158379,0,172032,0,0,0,0,16724237,0,0,0,0
query,595,4096,18750598,92154,8826,1243,18143616,427794,952,75942,71,18750598,0,36129,0,0,0,0,0,171,3874,5679341,0,1159275,0,172032,0,0,0,0,16667628,0,0,0,0
query,596,4096,18833152,98244,9839,1192,18199391,446248,1383,76745,110,18833152,0,36129,0,0,0,0,0,191,3836,5625380,0,1151357,0,172032,0,0,0,0,16688044,0,0,0,0
query,597,4096,18769273,79740,9167,1093,18162231,442221,1232,73448,141,18769273,0,36129,0,0,0,0,0,171,3873,5681683,0,1162613,0,172032,0,0,0,0,16677803,0,0,0,0
query,598,4096,19245688,80942,7334,1263,18529070,547139,881,78938,121,19245688,0,36129,0,0,0,0,0,178,3849,5645410,0,1152285,0,172032,0,0,0,0,16926069,0,0,0,0
query,599,4096,19254023,82064,7835,1212,18635971,445738,1763,79319,121,19254023,0,36129,0,0,0,0,0,173,3862,5662639,0,1155233,0,172032,0,0,0,0,17086437,0,0,0,0
query,600,4096,18808736,95980,8586,1162,18200093,422785,1081,78949,100,18808736,0,36129,0,0,0,0,0,165,3874,5682534,0,1157928,0,172032,0,0,0,0,16712656,0,0,0,0
query,601,4096,18712135,81523,8516,1353,18088343,453923,1462,76835,180,18712135,0,36129,0,0,0,0,0,187,3859,5656023,0,1163767,0,172032,0,0,0,0,16600046,0,0,0,0
query,602,4096,18706805,83617,8186,1352,18112899,423536,1433,75652,130,18706805,0,36129,0,0,0,0,0,151,3881,5690390,0,1177719,0,172032,0,0,0,0,16647217,0,0,0,0
query,603,4096,18822813,96672,7584,1483,18209600,432242,1062,74029,141,18822813,0,36129,0,0,0,0,0,176,3876,5681354,0,1174344,0,172032,0,0,0,0,16708853,0,0,0,0
query,604,4096,19299238,86553,6803,1432,18690254,436841,862,76363,130,19299238,0,36129,0,0,0,0,0,177,3851,5645464,0,1151148,0,172032,0,0,0,0,17121979,0,0,0,0
query,605,4096,18519022,96372,8616,1312,17912923,422805,821,76053,120,18519022,0,36129,0,0,0,0,0,169,3869,5673224,0,1148670,0,172032,0,0,0,0,16467921,0,0,0,0
query,606,4096,18455593,95269,7635,1202,17847069,429367,1122,73719,210,18455593,0,36129,0,0,0,0,0,176,3865,5672179,0,1147000,0,172032,0,0,0,0,16379559,0,0,0,0
query,607,4096,18359983,95500,7674,1413,17759724,420640,1504,73368,160,18359983,0,36129,0,0,0,0,0,192,3844,5638716,0,1134247,0,172032,0,0,0,0,16287961,0,0,0,0
query,608,4096,18161750,96772,7915,1182,17541274,440868,1003,72556,180,18161750,0,36129,0,0,0,0,0,178,3852,5649344,0,1131602,0,172032,0,0,0,0,16099114,0,0,0,0
query,609,4096,18656119,93475,7564,1022,17990760,486724,922,75612,40,18656119,0,36129,0,0,0,0,0,167,3883,5695497,0,1125506,0,172032,0,0,0,0,16503413,0,0,0,0
query,610,4096,18126785,92163,7955,1152,17539622,414068,1172,70512,141,18126785,0,36129,0,0,0,0,0,170,3868,5670669,0,1104404,0,172032,0,0,0,0,16083756,0,0,0,0
query,611,4096,17788720,91172,8385,1082,17194563,419648,1213,72436,221,17788720,0,36129,0,0,0,0,0,194,3842,5632983,0,1092198,0,172032,0,0,0,0,15772604,0,0,0,0
query,612,4096,17774523,91502,7504,902,17173813,428515,1403,70743,141,17774523,0,36129,0,0,0,0,0,183,3853,5651108,0,1087667,0,172032,0,0,0,0,15754867,0,0,0,0
query,613,4096,17510247,89689,7805,901,16936017,406784,933,67997,121,17510247,0,36129,0,0,0,0,0,186,3850,5646444,0,1076351,0,172032,0,0,0,0,15537828,0,0,0,0
query,614,4096,17391804,89148,6903,1222,16813687,410772,982,68969,121,17391804,0,36129,0,0,0,0,0,171,3858,5660384,0,1064611,0,172032,0,0,0,0,15450831,0,0,0,0
query,615,4096,18096397,92373,6713,1463,17481502,435739,1112,77285,210,18096397,0,36129,0,0,0,0,0,180,3851,5649131,0,1066501,0,172032,0,0,0,0,16027661,0,0,0,0
query,616,4096,17412022,89459,8245,1172,16841239,402296,802,68689,120,17412022,0,36129,0,0,0,0,0,183,3853,5650047,0,1067234,0,172032,0,0,0,0,15476277,0,0,0,0
query,617,4096,17444683,89798,7324,1303,16857720,418146,961,69320,111,17444683,0,36129,0,0,0,0,0,187,3843,5632308,0,1069806,0,172032,0,0,0,0,15482354,0,0,0,0
query,618,4096,19101897,98485,13926,2775,18490298,417705,1673,76975,60,19101897,0,36129,1,0,0,0,0,142,3897,5714034,0,1174728,0,172032,0,0,0,0,16836832,0,0,0,0
query,619,4096,17469379,85000,8626,1192,16884931,416673,1082,71725,150,17469379,0,36129,0,0,0,0,0,161,3865,5673120,0,1062371,0,172032,0,0,0,0,15508925,0,0,0,0
query,620,4096,18501549,89098,8175,1222,17222847,925639,1463,252915,190,18501549,0,36129,0,0,0,0,0,169,3869,5669936,0,1072834,0,172032,0,0,0,0,15704932,0,0,0,0
query,621,4096,20579144,125075,11772,2665,19914915,445246,1554,77836,81,20579144,0,36129,0,0,0,0,0,167,3873,5684261,0,1216133,0,172032,0,0,0,0,18142757,0,0,0,0
query,622,4096,20228454,97603,10159,1333,19582250,453532,1383,82064,130,20228454,0,36129,3,0,0,0,0,187,3851,5649826,0,1288942,0,172032,0,0,0,0,17972138,0,0,0,0
query,623,4096,20398003,75642,8797,1242,19744495,477768,1442,88507,110,20398003,0,36129,3,0,0,0,0,181,3862,5663702,0,1290900,0,172032,0,0,0,0,18075758,0,0,0,0
query,624,4096,20732522,76364,9518,1072,20070808,488408,1092,85130,130,20732522,0,36129,3,0,0,0,0,204,3833,5622378,0,1324183,0,172032,0,0,0,0,18387010,0,0,0,0
query,625,4096,21510103,84238,10039,1012,20398103,807378,2955,206307,71,21510103,0,36129,3,0,0,0,0,184,3854,5648355,0,1246750,0,172032,0,0,0,0,18339880,0,0,0,0
query,626,4096,19873427,90731,8626,1092,19159425,530658,1502,81333,60,19873427,0,36129,0,0,0,0,0,151,3878,5691499,0,1114949,0,172032,0,0,0,0,17145960,0,0,0,0
query,627,4096,19933950,60904,10620,1503,19234286,543391,1393,81693,160,19933950,0,36129,0,0,0,0,0,166,3879,5689355,0,1127792,0,172032,0,0,0,0,17573363,0,0,0,0
query,628,4096,18182068,61175,12744,1202,17587952,443323,1513,74099,60,18182068,0,36129,0,0,0,0,0,165,3878,5685459,0,1093182,0,172032,0,0,0,0,16110848,0,0,0,0
query,629,4096,17709611,63850,11982,1283,17141743,415811,1193,73649,100,17709611,0,36129,0,0,0,0,0,168,3883,5694598,0,1088714,0,172032,0,0,0,0,15740875,0,0,0,0
query,630,4096,17747542,59962,9739,1853,17174074,424548,1513,75802,51,17747542,0,36129,0,0,0,0,0,182,3862,5663027,0,1089635,0,172032,0,0,0,0,15793560,0,0,0,0
query,631,4096,17890130,60243,10370,1673,17321451,422124,1522,72597,150,17890130,0,36129,0,0,0,0,0,162,3864,5666513,0,1085810,0,172032,0,0,0,0,15880615,0,0,0,0
query,632,4096,18192458,88556,9278,1132,17599424,415811,1202,76915,140,18192458,0,36129,0,0,0,0,0,195,3836,5625148,0,1084172,0,172032,0,0,0,0,16073458,0,0,0,0
query,633,4096,17579035,85360,8857,1232,17002963,408678,1062,70683,200,17579035,0,36129,0,0,0,0,0,166,3878,5685556,0,1091600,0,172032,0,0,0,0,15625808,0,0,0,0
query,634,4096,17608110,89488,7324,1012,17020395,418566,1033,70142,150,17608110,0,36129,0,0,0,0,0,151,3869,5675344,0,1088817,0,172032,0,0,0,0,15638994,0,0,0,0
query,635,4096,17816863,88737,8065,992,17200965,437442,1493,79038,131,17816863,0,36129,0,0,0,0,0,154,3891,5707234,0,1093393,0,172032,0,0,0,0,15790122,0,0,0,0
query,636,4096,17819747,84518,7825,972,17151392,492566,1592,80732,150,17819747,0,36129,0,0,0,0,0,163,3875,5678971,0,1084013,0,172032,0,0,0,0,15766035,0,0,0,0
query,637,4096,18003162,159209,15780,1352,17343523,405713,951,76474,160,18003162,0,36129,0,0,0,0,0,180,3852,5651423,0,1081380,0,172032,0,0,0,0,15917011,0,0,0,0
query,638,4096,17572233,90470,8336,1242,16993094,407435,1343,70182,131,17572233,0,36129,0,0,0,0,0,182,3849,5644307,0,1176321,0,172032,0,0,0,0,15613917,0,0,0,0
query,639,4096,17638387,88978,7514,1112,17044581,417004,1091,77987,120,17638387,0,36129,0,0,0,0,0,178,3863,5661551,0,1079601,0,172032,0,0,0,0,15672742,0,0,0,0
query,640,4096,17664115,82946,7885,1312,17089897,409900,1212,70823,140,17664115,0,36129,0,0,0,0,0,168,3876,5685584,0,1085633,0,172032,0,0,0,0,15713143,0,0,0,0
query,641,4096,17597540,88236,7905,1643,17007231,419298,1362,71725,140,17597540,0,36129,0,0,0,0,0,196,3835,5623984,0,1073401,0,172032,0,0,0,0,15605254,0,0,0,0
query,642,4096,17794811,89689,7594,962,17192809,433114,1052,69421,170,17794811,0,36129,0,0,0,0,0,179,3859,5656628,0,1075609,0,172032,0,0,0,0,15753251,0,0,0,0
query,643,4096,17740008,88065,7975,1083,17151151,420620,1353,69620,141,17740008,0,36129,0,0,0,0,0,156,3870,5677792,0,1088795,0,172032,0,0,0,0,15761961,0,0,0,0
query,644,4096,17805881,89548,7845,1082,17203870,430650,981,71464,441,17805881,0,36129,0,0,0,0,0,166,3875,5682988,0,1095644,0,172032,0,0,0,0,15769578,0,0,0,0
query,645,4096,17769814,89619,7654,1052,17152945,447882,1192,69330,140,17769814,0,36129,0,0,0,0,0,177,3856,5654206,0,1075678,0,172032,0,0,0,0,15731046,0,0,0,0
query,646,4096,17559599,88757,7534,932,16979960,407035,1382,73859,140,17559599,0,36129,0,0,0,0,0,178,3868,5675814,0,1071625,0,172032,0,0,0,0,15590337,0,0,0,0
query,647,4096,17561292,93115,7144,991,16965683,420430,952,72857,120,17561292,0,36129,0,0,0,0,0,177,3854,5649710,0,1072551,0,172032,0,0,0,0,15566381,0,0,0,0
query,648,4096,19778819,89518,7134,801,19132445,470825,1302,76714,80,19778819,0,36129,0,0,0,0,0,167,3863,5662869,0,1107783,0,172032,0,0,0,0,17554302,0,0,0,0
query,649,4096,17627386,89318,8556,1062,17041164,412204,1163,73498,421,17627386,0,36129,0,0,0,0,0,165,3875,5681606,0,1072417,0,172032,0,0,0,0,15652123,0,0,0,0
query,650,4096,17540272,96371,7264,1222,16954822,407666,1633,71254,40,17540272,0,36129,0,0,0,0,0,187,3845,5642529,0,1064558,0,172032,0,0,0,0,15551075,0,0,0,0
query,651,4096,17655729,90189,7835,1352,17063857,418987,1433,71946,130,17655729,0,36129,0,0,0,0,0,177,3860,5660106,0,1069099,0,172032,0,0,0,0,15660424,0,0,0,0
query,652,4096,17634870,89979,8256,1332,17020336,442291,1322,71224,130,17634870,0,36129,0,0,0,0,0,173,3861,5662693,0,1075536,0,172032,0,0,0,0,15608362,0,0,0,0
query,653,4096,17575238,89939,7074,861,16980571,422404,1522,72747,120,17575238,0,36129,0,0,0,0,0,186,3862,5664201,0,1067779,0,172032,0,0,0,0,15607386,0,0,0,0
query,654,4096,18133607,90109,8797,951,17530294,430118,1313,71885,140,18133607,0,36129,0,0,0,0,0,171,3874,5682894,0,1073766,0,172032,0,0,0,0,16084509,0,0,0,0
query,655,4096,17547667,89278,8095,1473,16965282,406183,992,76213,151,17547667,0,36129,0,0,0,0,0,170,3861,5662836,0,1064438,0,172032,0,0,0,0,15580452,0,0,0,0
query,656,4096,17581569,91421,7925,1503,16991731,413356,993,74500,140,17581569,0,36129,0,0,0,0,0,185,3857,5658058,0,1066833,0,172032,0,0,0,0,15617674,0,0,0,0
query,657,4096,17654628,89438,8035,1453,17062415,421251,1102,70793,141,17654628,0,36129,0,0,0,0,0,190,3840,5629918,0,1063744,0,172032,0,0,0,0,15640386,0,0,0,0
query,658,4096,17675918,88296,7344,1453,17081340,420961,1222,75121,181,17675918,0,36129,0,0,0,0,0,173,3876,5685974,0,1084566,0,172032,0,0,0,0,15682404,0,0,0,0
query,659,4096,21258630,96702,11171,2074,20526374,530807,2044,89408,50,21258630,0,36129,1,0,0,0,0,159,3886,5702915,0,1298426,0,172032,0,0,0,0,18714644,0,0,0,0
query,660,4096,20303515,74920,10570,1313,19661178,467368,822,87204,140,20303515,0,36129,3,0,0,0,0,169,3871,5675525,0,1269431,0,172032,0,0,0,0,17982756,0,0,0,0
query,661,4096,20570527,74399,9849,1222,19921968,475183,1263,86512,131,20570527,0,36129,3,0,0,0,0,174,3871,5676394,0,1298599,0,172032,0,0,0,0,18260604,0,0,0,0
query,662,4096,20520333,75101,9688,1473,19872565,474211,992,86172,131,20520333,0,36129,3,0,0,0,0,170,3868,5674851,0,1292530,0,172032,0,0,0,0,18170926,0,0,0,0
query,663,4096,20780291,76033,9918,1002,20172299,442612,1202,77065,160,20780291,0,36129,3,0,0,0,0,171,3865,5667258,0,1317291,0,172032,0,0,0,0,18490812,0,0,0,0
query,664,4096,21862866,96331,8826,1463,21202345,474542,1522,77766,71,21862866,0,36129,3,0,0,0,0,158,3880,5689996,0,1378044,0,172032,0,0,0,0,19423438,0,0,0,0
query,665,4096,20826357,97032,9728,1112,20132194,491453,1262,93426,150,20826357,0,36129,3,0,0,0,0,152,3882,5690435,0,1315144,0,172032,0,0,0,0,18420693,0,0,0,0
query,666,4096,21391530,79099,8786,1112,20713426,499298,1062,88627,120,21391530,0,36129,3,0,0,0,0,148,3889,5700796,0,1391776,0,172032,0,0,0,0,18956885,0,0,0,0
query,667,4096,20852396,80411,9368,1082,20186485,485733,1082,88085,150,20852396,0,36129,3,0,0,0,0,169,3872,5678910,0,1345125,0,172032,0,0,0,0,18460029,0,0,0,0
query,668,4096,20282385,81543,8706,1032,19680825,433535,1052,75562,130,20282385,0,36129,3,0,0,0,0,164,3882,5695557,0,1275126,0,172032,0,0,0,0,17936872,0,0,0,0
query,669,4096,19507840,96551,7925,1203,18849272,473310,1242,78207,130,19507840,0,36129,3,0,0,0,0,165,3866,5669531,0,1168156,0,172032,0,0,0,0,17291883,0,0,0,0
query,670,4096,18961243,97062,7875,862,18333002,446860,1132,74410,40,18961243,0,36129,3,0,0,0,0,167,3860,5660018,0,1172136,0,172032,0,0,0,0,16851081,0,0,0,0
query,671,4096,18937268,75492,7815,1232,18317283,445808,1342,88216,80,18937268,0,36129,3,0,0,0,0,209,3832,5617965,0,1159187,0,172032,0,0,0,0,16819024,0,0,0,0
query,672,4096,20523709,92314,9397,812,19636742,531398,1914,250982,150,20523709,0,36129,3,0,0,0,0,187,3864,5664232,0,1170778,0,172032,0,0,0,0,17833063,0,0,0,0
query,673,4096,20373437,222579,10640,1022,19614831,443564,1091,79640,70,20373437,0,36129,4,0,0,0,0,170,3862,5661759,0,1188036,0,172032,0,0,0,0,17884456,0,0,0,0
query,674,4096,19667429,226245,10990,1183,18920746,428705,1183,78307,70,19667429,0,36129,4,0,0,0,0,159,3869,5672710,0,1181114,0,172032,0,0,0,0,17407044,0,0,0,0
query,675,4096,21980336,217278,10740,1573,21010113,477447,1543,261582,60,21980336,0,36129,4,0,0,0,0,174,3856,5657246,0,1189341,0,172032,0,0,0,0,19152393,0,0,0,0
query,676,4096,20625871,209794,10209,1493,19882134,443062,1824,77155,200,20625871,0,36129,3,0,0,0,0,188,3860,5662127,0,1222690,0,172032,0,0,0,0,18312665,0,0,0,0
query,677,4096,19033940,81453,8597,1352,18395580,467358,1563,77896,141,19033940,0,36129,3,0,0,0,0,184,3844,5640752,0,1182320,0,172032,0,0,0,0,16851318,0,0,0,0
query,678,4096,19002661,96732,9618,1092,18364050,450817,1083,79158,111,19002661,0,36129,3,0,0,0,0,148,3891,5706219,0,1193742,0,172032,0,0,0,0,16865743,0,0,0,0
query,679,4096,21221771,81413,8456,1152,20502670,548350,852,78788,90,21221771,0,36129,3,0,0,0,0,147,3887,5701480,0,1198982,0,172032,0,0,0,0,18749808,0,0,0,0
query,680,4096,19064256,79930,10079,1673,18445093,451158,1613,74560,150,19064256,0,36129,3,0,0,0,0,173,3872,5679579,0,1197305,0,172032,0,0,0,0,16934810,0,0,0,0
query,681,4096,18992963,80211,9698,1493,18352689,472287,1323,75132,130,18992963,0,36129,3,0,0,0,0,162,3873,5682349,0,1181920,0,172032,0,0,0,0,16845034,0,0,0,0
query,682,4096,19073463,81533,8215,1353,18466944,440347,1373,73578,120,19073463,0,36129,3,0,0,0,0,169,3871,5679013,0,1180403,0,172032,0,0,0,0,16927602,0,0,0,0
query,683,4096,19076129,80601,7755,1363,18459880,448403,1292,76674,161,19076129,0,36129,3,0,0,0,0,165,3877,5685148,0,1242896,0,172032,0,0,0,0,16933752,0,0,0,0
query,684,4096,20490005,96251,8265,1293,19598941,590540,1913,192732,70,20490005,0,36129,3,0,0,0,0,178,3850,5644058,0,1197880,0,172032,0,0,0,0,17925202,0,0,0,0
query,685,4096,19045551,73218,9798,1322,18441777,444766,1523,73117,30,19045551,0,36129,1,0,0,0,0,187,3850,5644903,0,1189350,0,172032,0,0,0,0,16927182,0,0,0,0
query,686,4096,18947227,80461,8576,1163,18329796,451979,1283,73938,31,18947227,0,36129,3,0,0,0,0,180,3856,5654156,0,1168996,0,172032,0,0,0,0,16842154,0,0,0,0
query,687,4096,19102468,80411,8657,1102,18458427,476266,951,76534,120,19102468,0,36129,3,0,0,0,0,165,3888,5703726,0,1178991,0,172032,0,0,0,0,16938964,0,0,0,0
query,688,4096,18944752,80752,8877,1512,18296824,480412,1234,75021,120,18944752,0,36129,3,0,0,0,0,183,3861,5658556,0,1161669,0,172032,0,0,0,0,16790774,0,0,0,0
query,689,4096,18978015,80241,8677,941,18336980,471486,1112,78327,251,18978015,0,36129,3,0,0,0,0,170,3874,5683312,0,1169007,0,172032,0,0,0,0,16830558,0,0,0,0
query,690,4096,19197827,82445,8836,1754,18590415,437372,1413,75482,110,19197827,0,36129,3,0,0,0,0,180,3864,5665704,0,1174712,0,172032,0,0,0,0,17040754,0,0,0,0
query,691,4096,18894738,81463,8326,1192,18286545,441811,1051,74150,200,18894738,0,36129,3,0,0,0,0,174,3856,5651990,0,1158974,0,172032,0,0,0,0,16770265,0,0,0,0
query,692,4096,18863650,80181,7775,1342,18249445,446770,962,77034,141,18863650,0,36129,3,0,0,0,0,169,3865,5668054,0,1172514,0,172032,0,0,0,0,16759653,0,0,0,0
query,693,4096,18881092,96160,8326,1062,18252901,441920,863,79790,70,18881092,0,36129,3,0,0,0,0,171,3857,5656381,0,1172886,0,172032,0,0,0,0,16738981,0,0,0,0
query,694,4096,18927309,78077,8265,982,18306442,456077,1273,76053,140,18927309,0,36129,3,0,0,0,0,154,3892,5706362,0,1178982,0,172032,0,0,0,0,16800442,0,0,0,0
query,695,4096,19498252,84690,7714,1242,18873478,452941,1413,76644,130,19498252,0,36129,3,0,0,0,0,197,3855,5650794,0,1174554,0,172032,0,0,0,0,17290204,0,0,0,0
query,696,4096,18925295,81213,8926,1183,18302464,454384,1072,75993,60,18925295,0,36129,3,0,0,0,0,176,3848,5642591,0,1163484,0,172032,0,0,0,0,16778986,0,0,0,0
query,697,4096,18926788,95810,9518,1182,18300271,444585,1082,74219,121,18926788,0,36129,3,0,0,0,0,164,3870,5677098,0,1166183,0,172032,0,0,0,0,16788913,0,0,0,0
query,698,4096,18842389,81914,7594,1433,18235028,440758,1062,74450,150,18842389,0,36129,3,0,0,0,0,171,3875,5681742,0,1165045,0,172032,0,0,0,0,16756796,0,0,0,0
query,699,4096,18758141,81503,8065,1173,18158754,432253,1512,74751,130,18758141,0,36129,3,0,0,0,0,188,3836,5625562,0,1164222,0,172032,0,0,0,0,16663536,0,0,0,0
query,700,4096,19489465,81914,14127,1292,18808405,502535,761,80281,150,19489465,0,36129,3,0,0,0,0,182,3868,5674437,0,1165192,0,172032,0,0,0,0,17227304,0,0,0,0
query,701,4096,18995396,97563,10279,1202,18366515,445357,1112,73258,110,18995396,0,36129,3,0,0,0,0,168,3879,5691429,0,1164998,0,172032,0,0,0,0,16862407,0,0,0,0
query,702,4096,19192026,80131,8936,1323,18545992,476937,1232,77355,120,19192026,0,36129,3,0,0,0,0,178,3849,5647555,0,1176007,0,172032,0,0,0,0,17017911,0,0,0,0
query,703,4096,19297234,80391,9357,812,18693439,435018,1372,76724,121,19297234,0,36129,3,0,0,0,0,172,3847,5644574,0,1179673,0,172032,0,0,0,0,17177628,0,0,0,0
query,704,4096,18917440,80591,9278,1262,18316732,431441,1051,76945,140,18917440,0,36129,3,0,0,0,0,147,3893,5706407,0,1187207,0,172032,0,0,0,0,16846407,0,0,0,0
query,705,4096,19395308,97383,9818,1483,18602168,596942,1522,85771,221,19395308,0,36129,3,0,0,0,0,168,3876,5685401,0,1177456,0,172032,0,0,0,0,16991532,0,0,0,0
query,706,4096,18960321,81012,9368,1382,18359282,435719,941,72497,120,18960321,0,36129,3,0,0,0,0,188,3843,5635860,0,1166751,0,172032,0,0,0,0,16871013,0,0,0,0
query,707,4096,18896511,80882,8997,1613,18277318,441469,982,85000,250,18896511,0,36129,3,0,0,0,0,190,3856,5656003,0,1172549,0,172032,0,0,0,0,16788397,0,0,0,0
query,708,4096,18906039,92444,9859,1613,18292315,436491,1392,71805,120,18906039,0,36129,3,0,0,0,0,177,3859,5661034,0,1163301,0,172032,0,0,0,0,16773577,0,0,0,0
query,709,4096,18871143,97163,8055,1372,18255286,432613,1363,75131,160,18871143,0,36129,0,0,0,0,0,176,3873,5678882,0,1175364,0,172032,0,0,0,0,16733393,0,0,0,0
query,710,4096,18806051,81363,7985,1052,18204901,431190,1363,77726,471,18806051,0,36129,0,0,0,0,0,180,3853,5652715,0,1184224,0,172032,0,0,0,0,16684273,0,0,0,0
query,711,4096,21528817,97894,8796,1182,20880430,460395,1352,78688,80,21528817,0,36129,0,0,0,0,0,176,3867,5669782,0,1224410,0,172032,0,0,0,0,19121601,0,0,0,0
query,712,4096,18892914,97764,9127,1122,18271837,436461,1362,75071,170,18892914,0,36129,3,0,0,0,0,169,3869,5677426,0,1178578,0,172032,0,0,0,0,16796068,0,0,0,0
query,713,4096,18779411,97443,8686,1002,18164014,432282,1383,74480,121,18779411,0,36129,3,0,0,0,0,204,3830,5617778,0,1163111,0,172032,0,0,0,0,16686373,0,0,0,0
query,714,4096,18839303,81333,8846,962,18231001,441690,1142,74299,30,18839303,0,36129,3,0,0,0,0,166,3868,5673418,0,1155721,0,172032,0,0,0,0,16708042,0,0,0,0
query,715,4096,18820518,81353,7885,1022,18218376,434437,1492,75913,40,18820518,0,36129,3,0,0,0,0,186,3856,5657841,0,1169224,0,172032,0,0,0,0,16693337,0,0,0,0
query,716,4096,19001408,82826,8395,1213,18402282,430970,1522,74040,160,19001408,0,36129,3,0,0,0,0,173,3869,5675228,0,1181927,0,172032,0,0,0,0,16886397,0,0,0,0
query,717,4096,18863569,81713,8877,851,18252601,444616,1102,73658,151,18863569,0,36129,3,0,0,0,0,180,3867,5671286,0,1177458,0,172032,0,0,0,0,16762806,0,0,0,0
query,718,4096,18788639,81333,7554,902,18185265,437833,1081,74510,161,18788639,0,36129,3,0,0,0,0,195,3835,5624363,0,1160379,0,172032,0,0,0,0,16686617,0,0,0,0
query,719,4096,19594582,82024,7975,1172,18976421,446269,1192,79469,60,19594582,0,36129,3,0,0,0,0,158,3880,5691149,0,1199714,0,172032,0,0,0,0,17381242,0,0,0,0
query,720,4096,18854632,81323,9418,1112,18252360,435669,1062,73318,370,18854632,0,36129,3,0,0,0,0,175,3857,5657277,0,1180707,0,172032,0,0,0,0,16757510,0,0,0,0
query,721,4096,19327952,86713,7975,962,18550381,599997,1002,80862,60,19327952,0,36129,3,0,0,0,0,179,3854,5653810,0,1169596,0,172032,0,0,0,0,16967026,0,0,0,0
query,722,4096,18969949,92084,8095,1483,18365963,426321,1073,74820,110,18969949,0,36129,3,0,0,0,0,178,3856,5653562,0,1167370,0,172032,0,0,0,0,16875322,0,0,0,0
query,723,4096,19074165,93155,16131,2635,18433160,450496,1503,77035,50,19074165,0,36129,0,0,0,0,0,154,3886,5699959,0,1181415,0,172032,0,0,0,0,16911845,0,0,0,0
query,724,4096,18754253,67857,11101,1142,18163203,430289,1082,79529,50,18754253,0,36129,0,0,0,0,0,202,3833,5620556,0,1165068,0,172032,0,0,0,0,16647536,0,0,0,0
query,725,4096,19149707,65634,12503,2124,18525604,459554,1423,82745,120,19149707,0,36129,0,0,0,0,0,156,3887,5699200,0,1181251,0,172032,0,0,0,0,16988464,0,0,0,0
query,726,4096,18825438,65083,10640,1332,18240418,430980,972,75953,60,18825438,0,36129,0,0,0,0,0,187,3849,5642437,0,1175477,0,172032,0,0,0,0,16741987,0,0,0,0
query,727,4096,18835967,80702,9929,1042,18236340,431401,1132,75281,140,18835967,0,36129,0,0,0,0,0,172,3835,5624870,0,1168915,0,172032,0,0,0,0,16758452,0,0,0,0
query,728,4096,18786635,97644,8686,972,18168894,434727,1142,74439,131,18786635,0,36129,0,0,0,0,0,180,3856,5656760,0,1164601,0,172032,0,0,0,0,16684436,0,0,0,0
query,729,4096,19062783,82004,8686,1192,18445173,447201,1713,76754,60,19062783,0,36129,0,0,0,0,0,195,3836,5625701,0,1177246,0,172032,0,0,0,0,16950081,0,0,0,0
query,730,4096,18981010,80932,9308,1312,18360985,449575,961,77717,220,18981010,0,36129,3,0,0,0,0,172,3863,5667918,0,1193384,0,172032,0,0,0,0,16872919,0,0,0,0
query,731,4096,18872786,97102,9668,1072,18257741,431852,1322,73708,321,18872786,0,36129,3,0,0,0,0,166,3886,5700414,0,1187862,0,172032,0,0,0,0,16789728,0,0,0,0
query,732,4096,19556381,82014,8406,1002,18899847,484781,1032,79139,160,19556381,0,36129,3,0,0,0,0,155,3875,5683318,0,1206501,0,172032,0,0,0,0,17286095,0,0,0,0
query,733,4096,18903113,96631,8777,1402,18288479,432012,1172,74420,220,18903113,0,36129,3,0,0,0,0,196,3838,5630203,0,1181259,0,172032,0,0,0,0,16778688,0,0,0,0
query,734,4096,18842780,97052,8707,1072,18221873,435719,972,77235,150,18842780,0,36129,3,0,0,0,0,195,3837,5627711,0,1163964,0,172032,0,0,0,0,16734925,0,0,0,0
query,735,4096,18903774,97062,9228,1302,18274462,445467,982,75091,180,18903774,0,36129,3,0,0,0,0,171,3867,5669859,0,1175013,0,172032,0,0,0,0,16778068,0,0,0,0
query,736,4096,18814307,96041,7704,932,18188821,447121,951,72526,211,18814307,0,36129,3,0,0,0,0,192,3841,5633046,0,1156747,0,172032,0,0,0,0,16690486,0,0,0,0
query,737,4096,20188780,81183,7674,1183,19470569,545054,1904,81153,60,20188780,0,36129,3,0,0,0,0,195,3841,5631778,0,1203420,0,172032,0,0,0,0,17799737,0,0,0,0
query,738,4096,19181316,80952,8416,1673,18578954,435057,1243,74901,120,19181316,0,36129,0,0,0,0,0,178,3859,5656444,0,1366109,0,172032,0,0,0,0,17050699,0,0,0,0
query,739,4096,18828353,79981,8946,952,18230670,431942,1021,74711,130,18828353,0,36129,0,0,0,0,0,160,3881,5693422,0,1174748,0,172032,0,0,0,0,16750287,0,0,0,0
query,740,4096,18995367,81603,8576,922,18379439,445748,1393,77615,71,18995367,0,36129,0,0,0,0,0,175,3866,5666833,0,1174774,0,172032,0,0,0,0,16884374,0,0,0,0
query,741,4096,18965671,96922,9919,1623,18327191,448513,1122,80341,40,18965671,0,36129,3,0,0,0,0,164,3871,5675703,0,1196460,0,172032,0,0,0,0,16821198,0,0,0,0
query,742,4096,18885941,81523,9448,1032,18267068,450006,1272,75472,120,18885941,0,36129,3,0,0,0,0,191,3850,5643537,0,1164755,0,172032,0,0,0,0,16756464,0,0,0,0
query,743,4096,21195000,89048,8926,1022,20559937,452370,1162,82475,60,21195000,0,36129,3,0,0,0,0,177,3866,5667597,0,1205893,0,172032,0,0,0,0,18866871,0,0,0,0
query,744,4096,18907472,81163,9417,1493,18291484,447251,1192,75322,150,18907472,0,36129,3,0,0,0,0,179,3863,5665476,0,1192351,0,172032,0,0,0,0,16798676,0,0,0,0
query,745,4096,18845385,94528,9949,891,18211354,453793,961,73799,110,18845385,0,36129,3,0,0,0,0,170,3861,5665238,0,1185848,0,172032,0,0,0,0,16713298,0,0,0,0
query,746,4096,18836228,81143,8656,912,18227253,444155,1322,72657,130,18836228,0,36129,3,0,0,0,0,197,3838,5630098,0,1160692,0,172032,0,0,0,0,16740701,0,0,0,0
query,747,4096,18823634,82234,7705,1603,18199380,456558,872,75141,141,18823634,0,36129,3,0,0,0,0,192,3842,5637411,0,1169419,0,172032,0,0,0,0,16711917,0,0,0,0
query,748,4096,20014722,87314,11972,1854,19360552,468380,1523,82976,151,20014722,0,36129,8,0,0,0,0,198,3836,5625762,0,1205703,0,172032,0,0,0,0,17654246,0,0,0,0
query,749,4096,18866044,100048,10109,1262,18245027,434196,1082,74149,171,18866044,0,36129,8,0,0,0,0,181,3857,5655675,0,1168420,0,172032,0,0,0,0,16744867,0,0,0,0
query,750,4096,18744986,80502,8856,1163,18154546,424818,1152,73799,150,18744986,0,36129,8,0,0,0,0,171,3875,5681870,0,1183532,0,172032,0,0,0,0,16672150,0,0,0,0
query,751,4096,18706454,81543,8266,1162,18094564,447181,1001,72516,221,18706454,0,36129,8,0,0,0,0,186,3847,5638045,0,1162841,0,172032,0,0,0,0,16616170,0,0,0,0
query,752,4096,18815408,81222,7925,962,18210572,437973,1512,75192,50,18815408,0,36129,8,0,0,0,0,178,3863,5668222,0,1167133,0,172032,0,0,0,0,16712856,0,0,0,0
query,753,4096,18915085,81903,7515,1202,18311752,431751,1162,79650,150,18915085,0,36129,8,0,0,0,0,189,3845,5639169,0,1172381,0,172032,0,0,0,0,16821770,0,0,0,0
query,754,4096,18777888,79349,9047,1282,18154697,441220,2013,90129,151,18777888,0,36129,8,0,0,0,0,191,3834,5624709,0,1161596,0,172032,0,0,0,0,16659276,0,0,0,0
query,755,4096,19543467,103244,8616,1253,18872705,478419,1473,77696,61,19543467,0,36129,8,0,0,0,0,202,3825,5611146,0,1198822,0,172032,0,0,0,0,17310385,0,0,0,0
query,756,4096,18838071,82375,8266,971,18218868,452140,941,74350,160,18838071,0,36129,3,0,0,0,0,192,3846,5640590,0,1175307,0,172032,0,0,0,0,16704083,0,0,0,0
query,757,4096,18761788,81534,9067,1202,18158644,433655,1302,76244,140,18761788,0,36129,3,0,0,0,0,177,3854,5650556,0,1181800,0,172032,0,0,0,0,16661878,0,0,0,0
query,758,4096,18744596,90751,7804,732,18145439,425941,982,72816,131,18744596,0,36129,3,0,0,0,0,200,3832,5621793,0,1169966,0,172032,0,0,0,0,16661653,0,0,0,0
query,759,4096,19285081,81864,8396,1172,18674774,435498,1333,81964,80,19285081,0,36129,3,0,0,0,0,197,3841,5630655,0,1171291,0,172032,0,0,0,0,17129365,0,0,0,0
query,760,4096,18882224,78477,10179,922,18271306,443453,1453,76273,161,18882224,0,36129,3,0,0,0,0,178,3859,5655593,0,1184755,0,172032,0,0,0,0,16781018,0,0,0,0
query,761,4096,18953148,101962,9408,1523,18325617,438814,1434,74219,171,18953148,0,36129,3,0,0,0,0,179,3871,5673861,0,1198048,0,172032,0,0,0,0,16837872,0,0,0,0
query,762,4096,18970450,79830,7765,1112,18373448,430289,901,76955,150,18970450,0,36129,3,0,0,0,0,164,3855,5655572,0,1192962,0,172032,0,0,0,0,16814223,0,0,0,0
query,763,4096,18815559,96331,8496,1042,18202226,432654,1142,73548,120,18815559,0,36129,3,0,0,0,0,168,3867,5672371,0,1183511,0,172032,0,0,0,0,16697982,0,0,0,0
query,764,4096,19410897,81863,7505,971,18780112,459353,1093,79860,140,19410897,0,36129,3,0,0,0,0,181,3861,5662335,0,1172568,0,172032,0,0,0,0,17194979,0,0,0,0
query,765,4096,19026946,80070,7855,972,18415847,447571,1022,73468,141,19026946,0,36129,3,0,0,0,0,149,3888,5702402,0,1179322,0,172032,0,0,0,0,16848860,0,0,0,0
query,766,4096,18902482,81073,7764,1012,18290773,445577,1142,75021,120,18902482,0,36129,3,0,0,0,0,173,3859,5657258,0,1181685,0,172032,0,0,0,0,16812798,0,0,0,0
query,767,4096,18848941,86502,10961,1613,18248763,424618,1724,74700,60,18848941,0,36129,8,0,0,0,0,161,3868,5673676,0,1190715,0,172032,0,0,0,0,16733393,0,0,0,0
query,768,4096,18969909,80682,9818,1173,18361435,441038,1664,73959,140,18969909,0,36129,8,0,0,0,0,147,3904,5724093,0,1192011,0,172032,0,0,0,0,16834499,0,0,0,0
query,769,4096,19471491,96712,9568,1152,18751088,530587,1713,80521,150,19471491,0,36129,8,0,0,0,0,188,3852,5647891,0,1188788,0,172032,0,0,0,0,17141305,0,0,0,0
query,770,4096,18806832,80932,9628,1272,18205182,435058,1482,73168,110,18806832,0,36129,8,0,0,0,0,211,3828,5616599,0,1164197,0,172032,0,0,0,0,16744139,0,0,0,0
query,771,4096,18946214,80772,8947,1372,18348190,426772,1233,78728,200,18946214,0,36129,8,0,0,0,0,181,3859,5657911,0,1167441,0,172032,0,0,0,0,16736277,0,0,0,0
query,772,4096,18798426,77295,8616,1413,18188220,447340,1573,73809,160,18798426,0,36129,8,0,0,0,0,189,3833,5621261,0,1162850,0,172032,0,0,0,0,16708296,0,0,0,0
query,773,4096,18795120,79800,7644,1363,18201184,425620,1142,78217,150,18795120,0,36129,0,0,0,0,0,170,3859,5658652,0,1168011,0,172032,0,0,0,0,16690264,0,0,0,0
query,774,4096,18750937,81222,8626,1072,18149748,432793,1433,75862,181,18750937,0,36129,0,0,0,0,0,176,3869,5673452,0,1196181,0,172032,0,0,0,0,16668450,0,0,0,0
query,775,4096,21413972,83266,7505,1683,20806870,435598,1253,77726,71,21413972,0,36129,0,0,0,0,0,171,3871,5678484,0,1216636,0,172032,0,0,0,0,18943191,0,0,0,0
query,776,4096,19000526,81062,10189,1393,18403875,429848,1503,72526,130,19000526,0,36129,0,0,0,0,0,158,3887,5700171,0,1194643,0,172032,0,0,0,0,16885856,0,0,0,0
query,777,4096,18893024,80672,8866,1263,18276014,447721,1013,77285,190,18893024,0,36129,0,0,0,0,0,175,3861,5660484,0,1167918,0,172032,0,0,0,0,16732602,0,0,0,0
query,778,4096,18939903,81473,7775,1262,18326510,446058,1423,75261,141,18939903,0,36129,0,0,0,0,0,197,3849,5644457,0,1149594,0,172032,0,0,0,0,16801961,0,0,0,0
query,779,4096,18854391,81633,8065,1122,18245958,441960,1013,74510,130,18854391,0,36129,0,0,0,0,0,168,3859,5660944,0,1157407,0,172032,0,0,0,0,16708069,0,0,0,0
query,780,4096,19412500,82404,8196,1152,18789980,453863,1062,75703,140,19412500,0,36129,0,0,0,0,0,191,3857,5656782,0,1160615,0,172032,0,0,0,0,17230494,0,0,0,0
query,781,4096,19186595,81012,14517,1513,18495517,513625,1643,78678,90,19186595,0,36129,0,0,0,0,0,187,3850,5646666,0,1159807,0,172032,0,0,0,0,16946017,0,0,0,0
query,782,4096,19135550,81744,8666,1203,18491840,473189,842,78006,60,19135550,0,36129,0,0,0,0,0,180,3861,5664604,0,1174081,0,172032,0,0,0,0,16962028,0,0,0,0
query,783,4096,18913633,80551,8135,892,18293217,453642,1083,75993,120,18913633,0,36129,0,0,0,0,0,173,3868,5671882,0,1169940,0,172032,0,0,0,0,16807989,0,0,0,0
query,784,4096,18860543,80802,7764,1082,18254485,435578,992,79720,120,18860543,0,36129,0,0,0,0,0,166,3868,5676678,0,1168059,0,172032,0,0,0,0,16735618,0,0,0,0
query,785,4096,19457354,78026,7765,1302,18779932,511081,1582,77496,170,19457354,0,36129,0,0,0,0,0,176,3864,5666863,0,1165682,0,172032,0,0,0,0,17171624,0,0,0,0
query,786,4096,19147062,80592,8706,1483,18441435,522141,1483,91052,170,19147062,0,36129,0,0,0,0,0,173,3866,5671607,0,1162884,0,172032,0,0,0,0,16914367,0,0,0,0
query,787,4096,18900208,83096,9759,1753,18281906,449264,922,73378,130,18900208,0,36129,0,0,0,0,0,188,3860,5661583,0,1154761,0,172032,0,0,0,0,16717014,0,0,0,0
query,788,4096,18754574,81323,8425,992,18142905,443413,1242,76143,131,18754574,0,36129,0,0,0,0,0,195,3830,5618354,0,1153280,0,172032,0,0,0,0,16620177,0,0,0,0
query,789,4096,19331589,81914,8877,1102,18634909,522582,1473,80671,61,19331589,0,36129,0,0,0,0,0,178,3866,5670910,0,1170793,0,172032,0,0,0,0,17008791,0,0,0,0
query,790,4096,18863719,82355,9588,931,18225199,469883,1704,73818,241,18863719,0,36129,0,0,0,0,0,172,3864,5668935,0,1180117,0,172032,0,0,0,0,16727830,0,0,0,0
query,791,4096,18837069,80501,8636,1092,18213658,450337,1522,81143,180,18837069,0,36129,0,0,0,0,0,173,3859,5657200,0,1158445,0,172032,0,0,0,0,16695816,0,0,0,0
query,792,4096,19864219,77375,8196,1362,19135480,558971,2113,80502,220,19864219,0,36129,0,0,0,0,0,188,3846,5637494,0,1168910,0,172032,0,0,0,0,17472520,0,0,0,0
query,793,4096,20212965,81533,9919,1322,19507780,526429,1443,84459,80,20212965,0,36129,0,0,0,0,0,176,3854,5653878,0,1168757,0,172032,0,0,0,0,17771150,0,0,0,0
query,794,4096,19046783,95329,9247,992,18413834,451408,962,74951,60,19046783,0,36129,0,0,0,0,0,177,3853,5651337,0,1167464,0,172032,0,0,0,0,16897869,0,0,0,0
query,795,4096,18972073,81844,8847,1172,18362958,440588,1052,75572,40,18972073,0,36129,0,0,0,0,0,175,3878,5687977,0,1174999,0,172032,0,0,0,0,16874369,0,0,0,0
query,796,4096,19514282,81062,7705,1292,18909415,436210,1252,77045,301,19514282,0,36129,0,0,0,0,0,171,3865,5667583,0,1176171,0,172032,0,0,0,0,17334326,0,0,0,0
query,797,4096,18857708,85571,8276,1432,18258953,430028,1062,72276,110,18857708,0,36129,0,0,0,0,0,164,3877,5685283,0,1177414,0,172032,0,0,0,0,16786736,0,0,0,0
query,798,4096,18918452,80502,8456,1192,18310770,439776,1092,76514,150,18918452,0,36129,0,0,0,0,0,159,3891,5707453,0,1181104,0,172032,0,0,0,0,16818915,0,0,0,0
query,799,4096,18753983,81884,8166,1352,18143516,441259,1463,76123,220,18753983,0,36129,0,0,0,0,0,168,3865,5666750,0,1177928,0,172032,0,0,0,0,16663802,0,0,0,0
query,800,4096,19083872,81403,7313,1213,18485869,432022,1302,74620,130,19083872,0,36129,0,0,0,0,0,166,3880,5692046,0,1197306,0,172032,0,0,0,0,16970578,0,0,0,0
query,801,4096,21026594,80592,8596,1172,20351665,498306,1103,85090,70,21026594,0,36129,0,0,0,0,0,201,3842,5635495,0,1217076,0,172032,0,0,0,0,18639124,0,0,0,0
query,802,4096,18932929,100689,10340,1472,18312453,431230,1123,75321,301,18932929,0,36129,0,0,0,0,0,172,3866,5666689,0,1174750,0,172032,0,0,0,0,16824247,0,0,0,0
query,803,4096,18812092,96281,9649,1102,18185324,441249,1082,77255,150,18812092,0,36129,0,0,0,0,0,180,3867,5672612,0,1163551,0,172032,0,0,0,0,16695284,0,0,0,0
query,804,4096,18907051,96411,7705,992,18291333,435990,1432,73057,131,18907051,0,36129,0,0,0,0,0,149,3890,5703198,0,1184176,0,172032,0,0,0,0,16780330,0,0,0,0
query,805,4096,18863258,81533,7534,972,18256949,438063,1152,76995,60,18863258,0,36129,0,0,0,0,0,165,3873,5681545,0,1155168,0,172032,0,0,0,0,16762031,0,0,0,0
query,806,4096,19341888,81714,7624,892,18638987,530717,1062,80842,50,19341888,0,36129,0,0,0,0,0,182,3855,5651727,0,1157736,0,172032,0,0,0,0,17051431,0,0,0,0
query,807,4096,19532857,82285,8656,1283,18836006,523103,1293,80050,181,19532857,0,36129,0,0,0,0,0,165,3871,5682993,0,1186782,0,172032,0,0,0,0,17240812,0,0,0,0
query,808,4096,19001337,89768,12213,2435,18368879,451599,1653,74680,110,19001337,0,36129,3,0,0,0,0,215,3815,5595889,0,1158197,0,172032,0,0,0,0,16696998,0,0,0,0
query,809,4096,19077210,77626,8966,1854,18458848,446790,1122,81884,120,19077210,0,36129,3,0,0,0,0,165,3880,5684937,0,1192380,0,172032,0,0,0,0,16932367,0,0,0,0
query,810,4096,19194079,79599,8657,1202,18548356,480543,1703,73889,130,19194079,0,36129,3,0,0,0,0,166,3878,5685231,0,1207396,0,172032,0,0,0,0,16998750,0,0,0,0
query,811,4096,19077902,80030,8707,1152,18361996,539775,1472,84669,101,19077902,0,36129,3,0,0,0,0,177,3845,5638194,0,1171509,0,172032,0,0,0,0,16852460,0,0,0,0
query,812,4096,19610713,74270,13826,2424,18989315,446820,1964,81974,120,19610713,0,36129,2,0,0,0,0,173,3861,5661131,0,1199834,0,172032,0,0,0,0,17372788,0,0,0,0
query,813,4096,18838041,83337,9057,1312,18238124,427954,1082,76984,191,18838041,0,36129,0,0,0,0,0,182,3854,5654320,0,1168443,0,172032,0,0,0,0,16765559,0,0,0,0
query,814,4096,18760455,81313,8786,1042,18139147,452902,1152,76063,50,18760455,0,36129,0,0,0,0,0,183,3847,5639018,0,1164280,0,172032,0,0,0,0,16648163,0,0,0,0
query,815,4096,18775584,97253,8566,792,18166849,428876,942,72185,121,18775584,0,36129,0,0,0,0,0,166,3852,5650005,0,1174495,0,172032,0,0,0,0,16617333,0,0,0,0
query,816,4096,18814767,81473,7825,991,18204691,445207,1292,73117,171,18814767,0,36129,0,0,0,0,0,159,3865,5665922,0,1169433,0,172032,0,0,0,0,16700735,0,0,0,0
query,817,4096,19638935,81192,8326,1523,19015774,451157,1744,78778,441,19638935,0,36129,0,0,0,0,0,167,3874,5682385,0,1181638,0,172032,0,0,0,0,17368870,0,0,0,0
query,818,4096,19125060,81643,8957,952,18508461,447380,1203,76354,110,19125060,0,36129,0,0,0,0,0,173,3870,5672504,0,1191343,0,172032,0,0,0,0,16951753,0,0,0,0
query,819,4096,19290962,101030,13395,2314,18647623,448453,1032,77045,70,19290962,0,36129,1,0,0,0,0,187,3853,5651291,0,1193203,0,172032,0,0,0,0,17104928,0,0,0,0
query,820,4096,18810780,97033,8926,1123,18178210,441821,1021,82495,151,18810780,0,36129,0,0,0,0,0,192,3851,5648999,0,1176121,0,172032,0,0,0,0,16686858,0,0,0,0
query,821,4096,18826970,77225,8406,922,18236721,427914,972,74680,130,18826970,0,36129,0,0,0,0,0,166,3872,5681262,0,1172479,0,172032,0,0,0,0,16740794,0,0,0,0
query,822,4096,19511226,96892,9107,942,18830527,496142,1473,75912,231,19511226,0,36129,0,0,0,0,0,150,3882,5692458,0,1176479,0,172032,0,0,0,0,17248943,0,0,0,0
query,823,4096,18862918,81544,8696,1262,18262880,432542,1494,74350,150,18862918,0,36129,0,0,0,0,0,197,3838,5627191,0,1163529,0,172032,0,0,0,0,16761991,0,0,0,0
query,824,4096,18752590,80391,9277,1082,18149377,435118,1061,75893,391,18752590,0,36129,0,0,0,0,0,173,3871,5675298,0,1182953,0,172032,0,0,0,0,16675928,0,0,0,0
query,825,4096,18846867,110317,8687,1112,18218757,432773,1082,74089,50,18846867,0,36129,0,0,0,0,0,163,3868,5672524,0,1172040,0,172032,0,0,0,0,16727832,0,0,0,0
query,826,4096,18853089,97152,7785,1012,18240357,431821,953,73828,181,18853089,0,36129,0,0,0,0,0,152,3885,5697959,0,1173844,0,172032,0,0,0,0,16726297,0,0,0,0
query,827,4096,19310879,81974,7865,891,18514413,620165,1233,84258,80,19310879,0,36129,0,0,0,0,0,164,3873,5680713,0,1220211,0,172032,0,0,0,0,16925182,0,0,0,0
query,828,4096,20762868,84409,12754,2224,20129367,455786,1654,76614,60,20762868,0,36129,1,0,0,0,0,173,3862,5663485,0,1223544,0,172032,0,0,0,0,18175755,0,0,0,0
query,829,4096,19352387,81553,9508,1302,18700242,480373,1573,77776,60,19352387,0,36129,3,0,0,0,0,187,3854,5652177,0,1193358,0,172032,0,0,0,0,17158022,0,0,0,0
query,830,4096,19102508,80952,9679,1212,18489365,445007,831,75402,60,19102508,0,36129,0,0,0,0,0,148,3890,5705493,0,1185944,0,172032,0,0,0,0,16973389,0,0,0,0
query,831,4096,18869340,81413,9889,1162,18262329,437662,1202,75532,151,18869340,0,36129,0,0,0,0,0,173,3854,5652765,0,1173490,0,172032,0,0,0,0,16756680,0,0,0,0
query,832,4096,18841127,82415,8626,1172,18241260,434196,1142,72175,141,18841127,0,36129,0,0,0,0,0,162,3872,5677493,0,1168443,0,172032,0,0,0,0,16765592,0,0,0,0
query,833,4096,19691936,117100,8827,1463,19034219,452571,1092,76604,60,19691936,0,36129,0,0,0,0,0,168,3876,5684578,0,1177921,0,172032,0,0,0,0,17450893,0,0,0,0
query,834,4096,19028328,80351,9187,1012,18406299,455115,1052,75232,80,19028328,0,36129,0,0,0,0,0,164,3879,5688775,0,1178635,0,172032,0,0,0,0,16892173,0,0,0,0
query,835,4096,18892614,81994,9498,962,18282657,441650,1032,74690,131,18892614,0,36129,0,0,0,0,0,176,3851,5647893,0,1173901,0,172032,0,0,0,0,16748700,0,0,0,0
query,836,4096,18854101,82355,7694,1203,18249094,436110,1352,76163,130,18854101,0,36129,0,0,0,0,0,197,3850,5647928,0,1152392,0,172032,0,0,0,0,16778635,0,0,0,0
query,837,4096,18863048,82175,8476,1102,18238394,455195,1052,76514,140,18863048,0,36129,0,0,0,0,0,172,3868,5674265,0,1159265,0,172032,0,0,0,0,16715843,0,0,0,0
query,838,4096,19071319,97844,7885,1112,18423532,461818,1001,77977,150,19071319,0,36129,0,0,0,0,0,168,3857,5653562,0,1167417,0,172032,0,0,0,0,16882207,0,0,0,0
query,839,4096,18913302,97954,7895,782,18295220,436040,1202,74029,180,18913302,0,36129,0,0,0,0,0,166,3857,5655854,0,1167690,0,172032,0,0,0,0,16742041,0,0,0,0
query,840,4096,18878006,81153,8596,1653,18269793,440428,1372,74881,130,18878006,0,36129,0,0,0,0,0,182,3846,5639066,0,1166868,0,172032,0,0,0,0,16782584,0,0,0,0
query,841,4096,19106335,81664,8295,1663,18322653,609114,1112,81774,60,19106335,0,36129,0,0,0,0,0,176,3878,5683682,0,1184859,0,172032,0,0,0,0,16767407,0,0,0,0
query,842,4096,19127124,82455,8967,1292,18525694,433786,1041,73769,120,19127124,0,36129,0,0,0,0,0,163,3880,5689579,0,1177890,0,172032,0,0,0,0,17039283,0,0,0,0
query,843,4096,18989195,81654,7403,1022,18379620,443874,1292,74180,150,18989195,0,36129,0,0,0,0,0,160,3884,5694474,0,1180594,0,172032,0,0,0,0,16867449,0,0,0,0
query,844,4096,18868097,80962,8055,1142,18267739,432433,1162,76404,200,18868097,0,36129,0,0,0,0,0,194,3847,5641791,0,1166824,0,172032,0,0,0,0,16774536,0,0,0,0
query,845,4096,18894967,82585,8155,902,18278299,448122,1673,75101,130,18894967,0,36129,0,0,0,0,0,187,3851,5646752,0,1163097,0,172032,0,0,0,0,16753595,0,0,0,0
query,846,4096,19388025,81824,7695,1743,18762819,452781,1633,79460,70,19388025,0,36129,0,0,0,0,0,174,3859,5657950,0,1217143,0,172032,0,0,0,0,17245748,0,0,0,0
query,847,4096,18868077,96491,10199,1172,18239977,445527,872,73729,110,18868077,0,36129,3,0,0,0,0,191,3845,5636091,0,1165981,0,172032,0,0,0,0,16746091,0,0,0,0
query,848,4096,18922630,80742,8666,1293,18301472,455827,1132,73468,30,18922630,0,36129,3,0,0,0,0,185,3853,5649996,0,1172444,0,172032,0,0,0,0,16809638,0,0,0,0
query,849,4096,19037786,80792,9107,721,18427349,443373,1123,75191,130,19037786,0,36129,3,0,0,0,0,183,3857,5657341,0,1174824,0,172032,0,0,0,0,16925209,0,0,0,0
query,850,4096,18925555,84088,8566,1122,18307113,449054,1092,74400,120,18925555,0,36129,3,0,0,0,0,175,3864,5667740,0,1175170,0,172032,0,0,0,0,16786541,0,0,0,0
query,851,4096,18719949,80872,8847,1062,18122015,430399,1392,75221,141,18719949,0,36129,3,0,0,0,0,192,3839,5632288,0,1166007,0,172032,0,0,0,0,16629593,0,0,0,0
query,852,4096,18938409,139171,10781,1332,18264132,447231,1322,74309,131,18938409,0,36129,3,0,0,0,0,195,3839,5627616,0,1219747,0,172032,0,0,0,0,16756986,0,0,0,0
query,853,4096,18868598,89388,8396,1032,18240558,452991,1032,75051,150,18868598,0,36129,3,0,0,0,0,184,3849,5647803,0,1167902,0,172032,0,0,0,0,16739944,0,0,0,0
query,854,4096,21000644,81142,7474,892,20328141,499629,1462,81844,60,21000644,0,36129,3,0,0,0,0,159,3867,5671981,0,1214498,0,172032,0,0,0,0,18646581,0,0,0,0
query,855,4096,18904375,80962,9057,1192,18286174,449314,902,76654,120,18904375,0,36129,3,0,0,0,0,169,3864,5668219,0,1193048,0,172032,0,0,0,0,16779838,0,0,0,0
query,856,4096,18814246,81593,7444,972,18202576,445227,1062,75211,161,18814246,0,36129,3,0,0,0,0,175,3864,5667008,0,1169051,0,172032,0,0,0,0,16728634,0,0,0,0
query,857,4096,18874750,91853,8326,982,18262158,437092,1031,73188,120,18874750,0,36129,3,0,0,0,0,156,3887,5699083,0,1176096,0,172032,0,0,0,0,16768262,0,0,0,0
query,858,4096,18985258,80632,8305,1012,18367717,450597,1242,75592,161,18985258,0,36129,3,0,0,0,0,183,3855,5656318,0,1180994,0,172032,0,0,0,0,16835604,0,0,0,0
query,859,4096,19621493,80301,8296,1262,18904105,541367,932,85120,110,19621493,0,36129,3,0,0,0,0,187,3866,5668950,0,1176314,0,172032,0,0,0,0,17287357,0,0,0,0
query,860,4096,19015323,75983,8125,1372,18400218,447992,1152,80341,140,19015323,0,36129,3,0,0,0,0,185,3855,5651283,0,1170992,0,172032,0,0,0,0,16901925,0,0,0,0
query,861,4096,19039129,79129,7564,912,18428040,445547,1082,76694,161,19039129,0,36129,3,0,0,0,0,139,3902,5726360,0,1186792,0,172032,0,0,0,0,16914712,0,0,0,0
query,862,4096,18792174,96982,8456,1042,18166538,443754,1283,73989,130,18792174,0,36129,3,0,0,0,0,192,3844,5637614,0,1188443,0,172032,0,0,0,0,16677854,0,0,0,0
query,863,4096,18833903,80992,8426,1092,18241820,425409,852,75182,130,18833903,0,36129,3,0,0,0,0,165,3879,5688924,0,1178459,0,172032,0,0,0,0,16743262,0,0,0,0
query,864,4096,18807884,81423,7995,1172,18195593,441860,1253,78427,161,18807884,0,36129,3,0,0,0,0,178,3860,5664061,0,1173700,0,172032,0,0,0,0,16671247,0,0,0,0
query,865,4096,19487080,80371,7855,1352,18865132,442872,1232,88126,140,19487080,0,36129,3,0,0,0,0,180,3854,5653956,0,1170652,0,172032,0,0,0,0,17318750,0,0,0,0
query,866,4096,18915727,78528,7564,1523,18296292,455456,1453,74820,91,18915727,0,36129,3,0,0,0,0,217,3828,5615323,0,1167310,0,172032,0,0,0,0,16786546,0,0,0,0
query,867,4096,18881362,104086,8265,1303,18257509,434066,762,74880,491,18881362,0,36129,3,0,0,0,0,172,3870,5672218,0,1173875,0,172032,0,0,0,0,16749784,0,0,0,0
query,868,4096,18867986,81533,8045,1052,18269652,432212,912,74400,180,18867986,0,36129,3,0,0,0,0,188,3865,5667188,0,1215272,0,172032,0,0,0,0,16720634,0,0,0,0
query,869,4096,18695102,82215,7203,1122,18086398,443633,1434,72907,190,18695102,0,36129,3,0,0,0,0,206,3824,5607324,0,1158361,0,172032,0,0,0,0,16583230,0,0,0,0
query,870,4096,18969437,81152,7404,822,18354301,448323,1042,76243,150,18969437,0,36129,3,0,0,0,0,174,3856,5652967,0,1179642,0,172032,0,0,0,0,16854160,0,0,0,0
query,871,4096,18835256,97183,8406,1042,18195663,452290,1132,79289,251,18835256,0,36129,3,0,0,0,0,168,3859,5659880,0,1167336,0,172032,0,0,0,0,16698821,0,0,0,0
query,872,4096,18780762,82094,7824,1012,18183291,429367,1091,75943,140,18780762,0,36129,3,0,0,0,0,173,3863,5664609,0,1158430,0,172032,0,0,0,0,16699079,0,0,0,0
query,873,4096,18868067,100889,9198,981,18242953,437211,1513,75171,151,18868067,0,36129,3,0,0,0,0,171,3862,5663492,0,1177373,0,172032,0,0,0,0,16722099,0,0,0,0
query,874,4096,18877184,81834,7965,881,18278299,432583,1593,73749,280,18877184,0,36129,3,0,0,0,0,208,3825,5611090,0,1149013,0,172032,0,0,0,0,16751833,0,0,0,0
query,875,4096,19516475,81032,7985,1483,18770203,572967,1493,81202,110,19516475,0,36129,3,0,0,0,0,182,3856,5654107,0,1212947,0,172032,0,0,0,0,17183942,0,0,0,0
query,876,4096,18995987,86141,7925,1563,18384178,439396,1603,75021,160,18995987,0,36129,0,0,0,0,0,195,3849,5644542,0,1166111,0,172032,0,0,0,0,16866145,0,0,0,0
query,877,4096,18888866,78938,9628,1403,18275363,447551,1533,74320,130,18888866,0,36129,8,0,0,0,0,172,3860,5660156,0,1183826,0,172032,0,0,0,0,16756155,0,0,0,0
query,878,4096,18772448,80642,9107,992,18180064,424969,1182,75341,151,18772448,0,36129,8,0,0,0,0,164,3875,5679977,0,1168672,0,172032,0,0,0,0,16697686,0,0,0,0
query,879,4096,18775623,80842,8586,1162,18174113,435990,1151,73669,110,18775623,0,36129,8,0,0,0,0,170,3858,5658362,0,1172111,0,172032,0,0,0,0,16649250,0,0,0,0
query,880,4096,18838451,79600,8486,1011,18228145,445808,1302,73949,150,18838451,0,36129,8,0,0,0,0,169,3873,5678058,0,1197663,0,172032,0,0,0,0,16729379,0,0,0,0
query,881,4096,21144865,72496,9247,1333,20541712,441299,1313,77315,150,21144865,0,36129,8,0,0,0,0,194,3850,5649128,0,1210957,0,172032,0,0,0,0,18826366,0,0,0,0
query,882,4096,18923491,80421,9828,1132,18270144,477688,1292,82876,110,18923491,0,36129,8,0,0,0,0,176,3860,5665043,0,1164466,0,172032,0,0,0,0,16766968,0,0,0,0
query,883,4096,19020133,64692,9037,1342,18424864,435008,1092,83907,191,19020133,0,36129,8,0,0,0,0,195,3855,5651193,0,1174510,0,172032,0,0,0,0,16895291,0,0,0,0
query,884,4096,18867937,65173,9919,1302,18275724,434707,1592,79390,130,18867937,0,36129,8,0,0,0,0,174,3860,5658574,0,1183732,0,172032,0,0,0,0,16797723,0,0,0,0
query,885,4096,18962074,65103,9738,1393,18359250,447991,1594,76845,160,18962074,0,36129,8,0,0,0,0,165,3875,5683571,0,1181509,0,172032,0,0,0,0,16853550,0,0,0,0
query,886,4096,19927437,64441,9868,1503,19299758,472838,1534,77445,50,19927437,0,36129,8,0,0,0,0,193,3841,5638045,0,1215463,0,172032,0,0,0,0,17699278,0,0,0,0
query,887,4096,18846276,82214,8736,1593,18224127,453702,1554,74299,51,18846276,0,36129,3,0,0,0,0,207,3818,5598939,0,1160281,0,172032,0,0,0,0,16711597,0,0,0,0
query,888,4096,18883916,97653,9017,1122,18260626,439285,1242,74831,140,18883916,0,36129,3,0,0,0,0,166,3869,5674179,0,1178421,0,172032,0,0,0,0,16772055,0,0,0,0
query,889,4096,18790320,81403,9347,1182,18188130,435618,1082,73418,140,18790320,0,36129,3,0,0,0,0,180,3855,5653196,0,1182219,0,172032,0,0,0,0,16689190,0,0,0,0
query,890,4096,18818825,81373,8677,851,18211093,441750,1352,73579,150,18818825,0,36129,3,0,0,0,0,187,3863,5665767,0,1184831,0,172032,0,0,0,0,16728297,0,0,0,0
query,891,4096,19307363,81423,9107,1132,18681908,453552,1483,78627,131,19307363,0,36129,3,0,0,0,0,169,3863,5665458,0,1225271,0,172032,0,0,0,0,17167444,0,0,0,0
query,892,4096,18728094,76705,8776,1333,18121053,445988,831,73278,130,18728094,0,36129,3,0,0,0,0,204,3828,5617219,0,1162938,0,172032,0,0,0,0,16639621,0,0,0,0
query,893,4096,19065108,81514,7534,1002,18353830,526410,2204,92513,101,19065108,0,36129,3,0,0,0,0,176,3850,5642794,0,1168506,0,172032,0,0,0,0,16746935,0,0,0,0
query,894,4096,19572230,83146,8847,1843,18915456,482537,1423,78858,120,19572230,0,36129,0,0,0,0,0,183,3841,5630326,0,1181406,0,172032,0,0,0,0,17295598,0,0,0,0
query,895,4096,18877285,96241,10129,1223,18251899,440918,1353,75381,141,18877285,0,36129,0,0,0,0,0,167,3868,5673922,0,1169783,0,172032,0,0,0,0,16747465,0,0,0,0
query,896,4096,18815688,96812,8566,1042,18192998,441320,711,74109,130,18815688,0,36129,0,0,0,0,0,178,3851,5650115,0,1168613,0,172032,0,0,0,0,16698265,0,0,0,0
query,897,4096,18940102,79730,8435,1032,18327522,441169,1112,80972,130,18940102,0,36129,0,0,0,0,0,166,3862,5659499,0,1175814,0,172032,0,0,0,0,16809520,0,0,0,0
query,898,4096,19165346,76073,8356,1162,18529892,472999,1312,75412,140,19165346,0,36129,0,0,0,0,0,170,3857,5654552,0,1183047,0,172032,0,0,0,0,17000095,0,0,0,0
query,899,4096,18987381,80331,7945,1022,18374089,443473,1653,78738,130,18987381,0,36129,0,0,0,0,0,167,3864,5667061,0,1232606,0,172032,0,0,0,0,16886361,0,0,0,0
query,900,4096,19114610,80411,8416,1603,18450853,496143,961,76073,150,19114610,0,36129,8,0,0,0,0,168,3875,5685736,0,1171587,0,172032,0,0,0,0,16932028,0,0,0,0
query,901,4096,19692627,81083,8786,982,19071229,451799,1162,77436,150,19692627,0,36129,8,0,0,0,0,165,3877,5682408,0,1178936,0,172032,0,0,0,0,17441517,0,0,0,0
query,902,4096,19479346,71554,9258,1022,18733834,577896,1072,84559,151,19479346,0,36129,8,0,0,0,0,175,3874,5683915,0,1180000,0,172032,0,0,0,0,17170078,0,0,0,0
query,903,4096,19633615,79389,10379,1082,18994475,469803,982,77425,80,19633615,0,36129,8,0,0,0,0,182,3856,5655859,0,1176290,0,172032,0,0,0,0,17374357,0,0,0,0
query,904,4096,19475378,98154,9167,992,18750556,533633,1052,81683,141,19475378,0,36129,8,0,0,0,0,176,3862,5664271,0,1177891,0,172032,0,0,0,0,17143114,0,0,0,0
query,905,4096,19591567,81022,8797,701,18930545,489620,1532,79289,61,19591567,0,36129,8,0,0,0,0,193,3857,5656697,0,1170380,0,172032,0,0,0,0,17333255,0,0,0,0
query,906,4096,19209618,81253,9157,1282,18568945,471416,931,76574,60,19209618,0,36129,8,0,0,0,0,175,3856,5659074,0,1164735,0,172032,0,0,0,0,17020065,0,0,0,0
query,907,4096,19725087,81954,8306,1302,18933550,603394,2204,94297,80,19725087,0,36129,8,0,0,0,0,171,3874,5682559,0,1173702,0,172032,0,0,0,0,17362379,0,0,0,0
query,908,4096,19364910,94126,9278,801,18662972,514286,1162,82225,60,19364910,0,36129,8,0,0,0,0,186,3861,5659790,0,1186794,0,172032,0,0,0,0,17109624,0,0,0,0
query,909,4096,19301922,78317,14908,1693,18692417,434316,1653,78548,70,19301922,0,36129,0,0,0,0,0,171,3860,5660919,0,1175691,0,172032,0,0,0,0,17125603,0,0,0,0
query,910,4096,18928180,96371,9548,1523,18314236,431150,1062,74170,120,18928180,0,36129,0,0,0,0,0,162,3878,5687266,0,1202038,0,172032,0,0,0,0,16823268,0,0,0,0
query,911,4096,18815848,81563,7865,1583,18214859,434296,1022,74540,120,18815848,0,36129,0,0,0,0,0,165,3865,5668219,0,1168373,0,172032,0,0,0,0,16714541,0,0,0,0
query,912,4096,19574825,84239,8435,1273,18782315,609435,1584,87304,240,19574825,0,36129,0,0,0,0,0,174,3857,5658761,0,1161060,0,172032,0,0,0,0,17190555,0,0,0,0
query,913,4096,19179872,82274,11442,2254,18554127,451659,1282,76704,130,19179872,0,36129,0,0,0,0,0,158,3883,5694025,0,1170885,0,172032,0,0,0,0,17043235,0,0,0,0
query,914,4096,18737992,97353,7715,1021,18126063,425710,1382,78588,160,18737992,0,36129,0,0,0,0,0,183,3852,5647393,0,1170369,0,172032,0,0,0,0,16622272,0,0,0,0
query,915,4096,18992090,77496,7343,1062,18369070,452861,1242,82946,70,18992090,0,36129,0,0,0,0,0,192,3858,5661401,0,1178763,0,172032,0,0,0,0,16857215,0,0,0,0
query,916,4096,18889547,93005,8516,1483,18269902,439846,1664,74971,160,18889547,0,36129,0,0,0,0,0,166,3859,5660312,0,1171338,0,172032,0,0,0,0,16778469,0,0,0,0
query,917,4096,19119409,96752,17603,2094,18444801,468190,1533,88195,241,19119409,0,36129,8,0,0,0,0,154,3876,5682455,0,1177544,0,172032,0,0,0,0,16892770,0,0,0,0
query,918,4096,19034760,65884,11391,1343,18425505,451629,1452,77496,60,19034760,0,36129,8,0,0,0,0,174,3856,5654371,0,1172520,0,172032,0,0,0,0,16908394,0,0,0,0
query,919,4096,19018780,65744,11702,1914,18397642,460505,1273,79940,60,19018780,0,36129,8,0,0,0,0,178,3854,5652891,0,1183313,0,172032,0,0,0,0,16869185,0,0,0,0
query,920,4096,18862997,65382,10240,1553,18265324,442491,1493,76454,60,18862997,0,36129,8,0,0,0,0,173,3861,5664033,0,1168139,0,172032,0,0,0,0,16757578,0,0,0,0
query,921,4096,18834123,72045,10550,1573,18240618,428045,1763,79369,160,18834123,0,36129,8,0,0,0,0,174,3863,5660117,0,1160847,0,172032,0,0,0,0,16736939,0,0,0,0
query,922,4096,18821479,64932,11061,1903,18214248,451668,1855,75632,180,18821479,0,36129,8,0,0,0,0,170,3858,5659604,0,1157745,0,172032,0,0,0,0,16712525,0,0,0,0
query,923,4096,19523308,81203,10349,1303,18868467,481285,1463,79068,170,19523308,0,36129,8,0,0,0,0,168,3874,5684455,0,1165862,0,172032,0,0,0,0,17282452,0,0,0,0
query,924,4096,18821870,64701,9488,1683,18227072,440718,1493,76654,61,18821870,0,36129,8,0,0,0,0,198,3841,5631912,0,1161034,0,172032,0,0,0,0,16741381,0,0,0,0
query,925,4096,18872385,72817,9307,1533,18266316,444385,1804,76063,160,18872385,0,36129,8,0,0,0,0,183,3850,5647256,0,1156253,0,172032,0,0,0,0,16772377,0,0,0,0
query,926,4096,18867796,65012,9187,1343,18273930,436831,1423,79860,210,18867796,0,36129,8,0,0,0,0,177,3854,5653756,0,1159174,0,172032,0,0,0,0,16784890,0,0,0,0
query,927,4096,18899947,65243,10129,1683,18300180,439196,1192,82274,50,18899947,0,36129,8,0,0,0,0,161,3887,5698798,0,1201756,0,172032,0,0,0,0,16799861,0,0,0,0
query,928,4096,19387433,65143,11040,1944,18703568,522071,1703,81794,170,19387433,0,36129,8,0,0,0,0,193,3836,5624814,0,1181234,0,172032,0,0,0,0,17131439,0,0,0,0
query,929,4096,18894967,94638,9097,1102,18278539,436270,1292,73899,130,18894967,0,36129,8,0,0,0,0,192,3841,5634357,0,1171620,0,172032,0,0,0,0,16747359,0,0,0,0
query,930,4096,18848470,103565,8416,1172,18230398,429147,1653,73949,170,18848470,0,36129,8,0,0,0,0,197,3852,5650164,0,1166964,0,172032,0,0,0,0,16712725,0,0,0,0
query,931,4096,18891311,80942,8677,1332,18287937,433725,1032,77515,151,18891311,0,36129,8,0,0,0,0,182,3863,5663092,0,1182923,0,172032,0,0,0,0,16792827,0,0,0,0
query,932,4096,18847508,96141,8756,1353,18188359,475413,1323,76033,130,18847508,0,36129,8,0,0,0,0,185,3857,5655368,0,1183412,0,172032,0,0,0,0,16685047,0,0,0,0
query,933,4096,19722642,81052,8065,1082,19062773,456518,1803,111209,140,19722642,0,36129,8,0,0,0,0,163,3883,5693943,0,1261535,0,172032,0,0,0,0,17479457,0,0,0,0
query,934,4096,19536202,82094,9037,1543,18907390,451659,1032,83317,130,19536202,0,36129,0,0,0,0,0,139,3895,5709286,0,1191102,0,172032,0,0,0,0,17314248,0,0,0,0
query,935,4096,19045761,81593,9188,1122,18434411,440978,1244,77054,171,19045761,0,36129,0,0,0,0,0,164,3868,5676469,0,1179445,0,172032,0,0,0,0,16935005,0,0,0,0
query,936,4096,18713036,81343,8546,982,18119470,428145,962,73438,150,18713036,0,36129,0,0,0,0,0,182,3839,5630674,0,1160808,0,172032,0,0,0,0,16634497,0,0,0,0
query,937,4096,18717985,81523,8416,1232,18113940,435499,941,76253,181,18717985,0,36129,0,0,0,0,0,207,3837,5625374,0,1162256,0,172032,0,0,0,0,16640446,0,0,0,0
query,938,4096,18686686,81974,8415,1343,18082481,434607,1132,76623,111,18686686,0,36129,0,0,0,0,0,193,3837,5627742,0,1174553,0,172032,0,0,0,0,16600964,0,0,0,0
query,939,4096,19813693,120937,11061,2274,19129238,469702,1243,79018,220,19813693,0,36129,1,0,0,0,0,183,3857,5656095,0,1171504,0,172032,0,0,0,0,17405692,0,0,0,0
query,940,4096,18845625,81183,9027,1212,18238073,441550,1002,73438,140,18845625,0,36129,0,0,0,0,0,177,3854,5656411,0,1167524,0,172032,0,0,0,0,16735986,0,0,0,0
query,941,4096,18842288,82244,8035,1353,18234446,440678,1012,74400,120,18842288,0,36129,0,0,0,0,0,177,3861,5663867,0,1184565,0,172032,0,0,0,0,16754457,0,0,0,0
query,942,4096,18818864,80692,7965,1302,18216893,436381,1021,74480,130,18818864,0,36129,0,0,0,0,0,170,3862,5665825,0,1166059,0,172032,0,0,0,0,16705828,0,0,0,0
query,943,4096,18864601,81734,8696,1092,18254624,441790,962,75572,131,18864601,0,36129,0,0,0,0,0,184,3857,5654038,0,1165428,0,172032,0,0,0,0,16744538,0,0,0,0
query,944,4096,20317811,80922,8546,1062,19591096,551156,1041,83908,80,20317811,0,36129,0,0,0,0,0,166,3875,5684398,0,1188743,0,172032,0,0,0,0,17924591,0,0,0,0
query,945,4096,18912320,96702,9728,912,18278158,449184,1132,76354,150,18912320,0,36129,0,0,0,0,0,170,3872,5680246,0,1177130,0,172032,0,0,0,0,16741524,0,0,0,0
query,946,4096,19155928,95139,8175,1193,18447115,523865,1462,78829,150,19155928,0,36129,0,0,0,0,0,174,3879,5687129,0,1155542,0,172032,0,0,0,0,16880430,0,0,0,0
query,947,4096,18366534,93275,8707,1292,17767569,421642,1062,72867,120,18366534,0,36129,0,0,0,0,0,177,3861,5662187,0,1148761,0,172032,0,0,0,0,16314375,0,0,0,0
query,948,4096,19968014,112953,13064,2114,19333201,431160,1132,74320,70,19968014,0,36129,1,0,0,0,0,163,3883,5692818,0,1235501,0,172032,0,0,0,0,17582571,0,0,0,0
query,949,4096,18837820,98095,8536,1462,17841688,788071,2094,97694,180,18837820,0,36129,0,0,0,0,0,178,3863,5665393,0,1146002,0,172032,0,0,0,0,16323602,0,0,0,0
query,950,4096,18398755,93556,10600,1763,17782778,429297,1713,78898,150,18398755,0,36129,1,0,0,0,0,172,3869,5675370,0,1125735,0,172032,0,0,0,0,16282720,0,0,0,0
query,951,4096,18168933,90631,8556,1453,17572041,422163,1012,72837,240,18168933,0,36129,0,0,0,0,0,158,3893,5711051,0,1122527,0,172032,0,0,0,0,16120405,0,0,0,0
query,952,4096,17811942,90480,8867,1453,17223586,410551,1323,75542,140,17811942,0,36129,0,0,0,0,0,149,3882,5694897,0,1098953,0,172032,0,0,0,0,15815204,0,0,0,0
query,953,4096,17716733,90520,8295,1523,17128127,414780,1032,72265,191,17716733,0,36129,0,0,0,0,0,171,3865,5669935,0,1106120,0,172032,0,0,0,0,15706071,0,0,0,0
query,954,4096,17548557,89768,8426,1593,16946346,430960,1072,70001,391,17548557,0,36129,0,0,0,0,0,177,3867,5671698,0,1071726,0,172032,0,0,0,0,15569616,0,0,0,0
query,955,4096,18002741,88676,7675,1142,17353260,477747,1133,72917,191,18002741,0,36129,0,0,0,0,0,174,3858,5657973,0,1057753,0,172032,0,0,0,0,15896828,0,0,0,0
query,956,4096,17512008,89007,7524,1192,16923423,418556,1002,71184,120,17512008,0,36129,0,0,0,0,0,204,3831,5617157,0,1053233,0,172032,0,0,0,0,15539564,0,0,0,0
query,957,4096,17555269,89718,7073,1173,16963067,415701,1332,77055,150,17555269,0,36129,0,0,0,0,0,186,3856,5655382,0,1064768,0,172032,0,0,0,0,15604240,0,0,0,0
query,958,4096,17787396,90250,7364,1352,17208047,407005,1553,71705,120,17787396,0,36129,0,0,0,0,0,153,3890,5706081,0,1100384,0,172032,0,0,0,0,15724541,0,0,0,0
query,959,4096,17571971,88376,8015,1332,16981051,421192,761,71084,160,17571971,0,36129,0,0,0,0,0,193,3844,5636003,0,1073352,0,172032,0,0,0,0,15603135,0,0,0,0
query,960,4096,17541173,90460,7394,1152,16958498,411704,951,70874,140,17541173,0,36129,0,0,0,0,0,177,3857,5656033,0,1091862,0,172032,0,0,0,0,15594862,0,0,0,0
query,961,4096,18246239,93376,9047,1362,17638476,429938,1163,72816,61,18246239,0,36129,0,0,0,0,0,169,3857,5658598,0,1077464,0,172032,0,0,0,0,16154982,0,0,0,0
query,962,4096,17688479,90420,7444,1182,17085276,430890,1573,71544,150,17688479,0,36129,0,0,0,0,0,150,3895,5715523,0,1090213,0,172032,0,0,0,0,15682459,0,0,0,0
query,963,4096,17553577,88406,7134,1162,16968006,417725,1182,69811,151,17553577,0,36129,0,0,0,0,0,188,3858,5657521,0,1084297,0,172032,0,0,0,0,15591285,0,0,0,0
query,964,4096,17588322,88477,7794,1062,17004785,409851,881,75272,200,17588322,0,36129,0,0,0,0,0,160,3872,5675695,0,1084294,0,172032,0,0,0,0,15633999,0,0,0,0
query,965,4096,17547946,90029,7294,1573,16969859,406844,1133,71093,121,17547946,0,36129,0,0,0,0,0,151,3875,5682548,0,1107378,0,172032,0,0,0,0,15597977,0,0,0,0
query,966,4096,19428790,90600,14147,2604,18682699,562888,1061,74671,120,19428790,0,36129,1,0,0,0,0,180,3864,5669019,0,1178850,0,172032,0,0,0,0,16939150,0,0,0,0
query,967,4096,17796974,89288,8646,1683,17203238,422194,1222,70573,130,17796974,0,36129,0,0,0,0,0,195,3849,5647997,0,1073139,0,172032,0,0,0,0,15796201,0,0,0,0
query,968,4096,17556643,89058,8666,1242,16969449,416984,1272,69841,131,17556643,0,36129,0,0,0,0,0,175,3860,5663625,0,1082225,0,172032,0,0,0,0,15593314,0,0,0,0
query,969,4096,17518711,89298,8005,972,16934583,413266,1053,71424,110,17518711,0,36129,0,0,0,0,0,175,3862,5663034,0,1084367,0,172032,0,0,0,0,15561558,0,0,0,0
query,970,4096,17604392,89969,8195,1583,17013792,418135,1043,71635,40,17604392,0,36129,0,0,0,0,0,166,3872,5679737,0,1070370,0,172032,0,0,0,0,15625329,0,0,0,0
query,971,4096,17635020,88436,8095,1223,17050731,411673,883,73798,181,17635020,0,36129,0,0,0,0,0,152,3871,5678055,0,1070004,0,172032,0,0,0,0,15652021,0,0,0,0
query,972,4096,18104622,88967,8075,1142,17458518,472188,1131,74530,71,18104622,0,36129,0,0,0,0,0,174,3858,5656498,0,1065887,0,172032,0,0,0,0,15986588,0,0,0,0
query,973,4096,17635180,90520,7995,922,17034501,428695,1172,71234,141,17635180,0,36129,0,0,0,0,0,177,3861,5661611,0,1067453,0,172032,0,0,0,0,15649586,0,0,0,0
query,974,4096,17572812,89858,7224,952,16997221,405041,881,71515,120,17572812,0,36129,0,0,0,0,0,172,3863,5667910,0,1070458,0,172032,0,0,0,0,15600864,0,0,0,0
query,975,4096,17456995,89188,7314,1102,16874700,410351,1203,72977,160,17456995,0,36129,0,0,0,0,0,180,3859,5660731,0,1073803,0,172032,0,0,0,0,15503517,0,0,0,0
query,976,4096,17499385,89448,7224,1362,16919074,410030,1514,70592,141,17499385,0,36129,0,0,0,0,0,195,3852,5647224,0,1063886,0,172032,0,0,0,0,15533966,0,0,0,0
query,977,4096,17535232,90399,7464,852,16950303,413317,1092,71654,151,17535232,0,36129,0,0,0,0,0,181,3861,5659869,0,1062345,0,172032,0,0,0,0,15578305,0,0,0,0
query,978,4096,20039959,89929,7574,1172,19418050,448693,1303,73097,141,20039959,0,36129,0,0,0,0,0,164,3876,5686191,0,1121091,0,172032,0,0,0,0,17801555,0,0,0,0
query,979,4096,17515224,88586,8626,1162,16928092,416242,1132,71234,150,17515224,0,36129,0,0,0,0,0,187,3861,5659591,0,1062774,0,172032,0,0,0,0,15560831,0,0,0,0
query,980,4096,17569106,89318,7174,6021,16979367,415601,972,70493,160,17569106,0,36129,0,0,0,0,0,179,3855,5653221,0,1066923,0,172032,0,0,0,0,15614713,0,0,0,0
query,981,4096,17651991,89608,7575,851,17057284,424738,912,70883,140,17651991,0,36129,0,0,0,0,0,161,3878,5690314,0,1093236,0,172032,0,0,0,0,15677500,0,0,0,0
query,982,4096,17578143,94558,7574,952,16978416,425249,931,70303,160,17578143,0,36129,0,0,0,0,0,195,3835,5621764,0,1069166,0,172032,0,0,0,0,15591914,0,0,0,0
query,983,4096,17899747,88967,7434,932,17119000,602592,1353,79319,150,17899747,0,36129,0,0,0,0,0,193,3838,5629297,0,1061688,0,172032,0,0,0,0,15639101,0,0,0,0
query,984,4096,17790191,90420,8105,1142,17195323,421793,1032,72235,141,17790191,0,36129,0,0,0,0,0,163,3877,5683019,0,1078147,0,172032,0,0,0,0,15792525,0,0,0,0
query,985,4096,17589524,90009,6903,1072,17010215,409861,861,70453,150,17589524,0,36129,0,0,0,0,0,166,3873,5680664,0,1076210,0,172032,0,0,0,0,15647429,0,0,0,0
query,986,4096,20357495,84779,8867,2244,19738031,439506,1252,82586,230,20357495,0,36129,1,0,0,0,0,167,3875,5680384,0,1290796,0,172032,0,0,0,0,18058818,0,0,0,0
query,987,4096,20136831,75372,9437,1513,19501577,465194,1263,82325,150,20136831,0,36129,3,0,0,0,0,171,3879,5689597,0,1280493,0,172032,0,0,0,0,17846177,0,0,0,0
query,988,4096,19984315,75131,9839,1422,19369480,443984,1302,83046,111,19984315,0,36129,3,0,0,0,0,182,3862,5665622,0,1256351,0,172032,0,0,0,0,17686125,0,0,0,0
query,989,4096,21018668,75211,9818,1213,20334983,509868,1633,85831,111,21018668,0,36129,3,0,0,0,0,205,3828,5614802,0,1309267,0,172032,0,0,0,0,18585054,0,0,0,0
query,990,4096,20815316,90630,10239,902,20146980,478890,1212,86403,60,20815316,0,36129,3,0,0,0,0,182,3862,5665687,0,1286236,0,172032,0,0,0,0,18450396,0,0,0,0
query,991,4096,20481048,76985,10790,982,19831858,474301,1312,84690,130,20481048,0,36129,3,0,0,0,0,166,3859,5659007,0,1284454,0,172032,0,0,0,0,18086954,0,0,0,0
query,992,4096,20652029,78187,10059,992,20044257,441620,1122,75662,130,20652029,0,36129,3,0,0,0,0,155,3885,5701133,0,1319773,0,172032,0,0,0,0,18367728,0,0,0,0
query,993,4096,20449017,84789,9538,1062,19844421,430448,1394,77235,130,20449017,0,36129,3,0,0,0,0,175,3868,5676524,0,1302026,0,172032,0,0,0,0,18141182,0,0,0,0
query,994,4096,21527244,96391,8196,1242,20830945,498617,1263,90530,60,21527244,0,36129,3,0,0,0,0,190,3848,5644682,0,1350059,0,172032,0,0,0,0,19070037,0,0,0,0
query,995,4096,21213374,81684,11351,1623,20541702,486214,951,89729,120,21213374,0,36129,3,0,0,0,0,203,3840,5630735,0,1367607,0,172032,0,0,0,0,18962808,0,0,0,0
query,996,4096,19121453,81524,9037,1502,18522057,430699,1152,75352,130,19121453,0,36129,3,0,0,0,0,153,3878,5691974,0,1198650,0,172032,0,0,0,0,16804458,0,0,0,0
query,997,4096,18879969,81974,7654,1273,18277396,434055,1153,76354,110,18879969,0,36129,3,0,0,0,0,165,3877,5683663,0,1175498,0,172032,0,0,0,0,16769982,0,0,0,0
query,998,4096,18851115,81774,7925,1102,18248462,436229,1133,74470,20,18851115,0,36129,3,0,0,0,0,168,3862,5662116,0,1182580,0,172032,0,0,0,0,16752029,0,0,0,0
query,999,4096,19550048,82495,7965,1292,18922509,448894,1112,85611,170,19550048,0,36129,3,0,0,0,0,159,3883,5696042,0,1182599,0,172032,0,0,0,0,17327564,0,0,0,0
query,1000,4096,19631151,91773,9007,1062,18936675,509969,1633,80962,70,19631151,0,36129,3,0,0,0,0,172,3853,5650771,0,1356382,0,172032,0,0,0,0,17331036,0,0,0,0
query,1001,4096,18900278,84169,10880,1393,18291122,437192,891,74480,151,18900278,0,36129,0,0,0,0,0,164,3869,5677425,0,1182630,0,172032,0,0,0,0,16787283,0,0,0,0
query,1002,4096,18798386,79540,8596,1082,18194130,439315,1574,73969,180,18798386,0,36129,0,0,0,0,0,184,3863,5665720,0,1174999,0,172032,0,0,0,0,16712111,0,0,0,0
query,1003,4096,19188910,80070,9378,912,18526505,491453,1713,78718,161,19188910,0,36129,0,0,0,0,0,156,3890,5702394,0,1194629,0,172032,0,0,0,0,16998730,0,0,0,0
query,1004,4096,19130209,64731,8997,1533,18531554,443363,1594,78307,130,19130209,0,36129,1,0,0,0,0,143,3895,5714826,0,1195278,0,172032,0,0,0,0,17023821,0,0,0,0
query,1005,4096,18902942,80521,9007,1443,18303927,429878,901,77205,60,18902942,0,36129,3,0,0,0,0,161,3873,5676798,0,1176349,0,172032,0,0,0,0,16787397,0,0,0,0
query,1006,4096,18838701,96331,9788,1122,18214218,439657,1141,76314,130,18838701,0,36129,3,0,0,0,0,204,3844,5638956,0,1170141,0,172032,0,0,0,0,16698012,0,0,0,0
query,1007,4096,18821459,81063,9207,1363,18204109,449605,1102,74880,130,18821459,0,36129,3,0,0,0,0,184,3856,5652366,0,1185034,0,172032,0,0,0,0,16710675,0,0,0,0
query,1008,4096,18994464,80772,8997,1222,18372165,449264,982,80922,140,18994464,0,36129,3,0,0,0,0,171,3862,5662488,0,1172697,0,172032,0,0,0,0,16885002,0,0,0,0
query,1009,4096,21526352,79419,8987,1342,20765923,583536,1343,85741,61,21526352,0,36129,3,0,0,0,0,175,3862,5662595,0,1230825,0,172032,0,0,0,0,19015355,0,0,0,0
query,1010,4096,18849872,78958,9327,992,18254093,431571,902,73889,140,18849872,0,36129,3,0,0,0,0,205,3833,5622476,0,1167139,0,172032,0,0,0,0,16755146,0,0,0,0
query,1011,4096,18961071,80892,8386,1232,18356275,438995,1032,74129,130,18961071,0,36129,3,0,0,0,0,169,3875,5683682,0,1178697,0,172032,0,0,0,0,16860571,0,0,0,0
query,1012,4096,18924092,80852,7865,911,18318464,440187,1122,74550,141,18924092,0,36129,3,0,0,0,0,181,3872,5681902,0,1177470,0,172032,0,0,0,0,16808490,0,0,0,0
query,1013,4096,18821108,80852,7885,1342,18216111,436971,1143,76694,110,18821108,0,36129,3,0,0,0,0,195,3847,5640806,0,1176749,0,172032,0,0,0,0,16722023,0,0,0,0
query,1014,4096,19248933,81173,7414,1062,18442437,624243,1743,90821,40,19248933,0,36129,3,0,0,0,0,182,3847,5642758,0,1170265,0,172032,0,0,0,0,16816430,0,0,0,0
query,1015,4096,19106985,74971,9237,1803,18503341,439345,1183,77075,30,19106985,0,36129,3,0,0,0,0,169,3858,5657021,0,1171722,0,172032,0,0,0,0,16966652,0,0,0,0
query,1016,4096,18949049,80632,7464,1092,18329875,453522,1192,75142,130,18949049,0,36129,3,0,0,0,0,197,3841,5630891,0,1174777,0,172032,0,0,0,0,16821136,0,0,0,0
query,1017,4096,18885419,80171,8445,1213,18272958,447571,1423,73518,120,18885419,0,36129,3,0,0,0,0,163,3876,5685570,0,1215333,0,172032,0,0,0,0,16778960,0,0,0,0
query,1018,4096,18843250,81183,7374,1162,18239926,437252,1041,75202,110,18843250,0,36129,3,0,0,0,0,178,3864,5663870,0,1176491,0,172032,0,0,0,0,16745937,0,0,0,0
query,1019,4096,18861304,84168,8126,1242,18245046,442922,1182,78498,120,18861304,0,36129,3,0,0,0,0,169,3862,5662554,0,1172521,0,172032,0,0,0,0,16753232,0,0,0,0
query,1020,4096,19595634,96051,8436,1422,18968466,443193,1382,76564,120,19595634,0,36129,3,0,0,0,0,168,3876,5686216,0,1195143,0,172032,0,0,0,0,17362766,0,0,0,0
query,1021,4096,18883035,80832,8736,1704,18270453,445538,1222,74420,130,18883035,0,36129,3,0,0,0,0,205,3832,5620754,0,1169288,0,172032,0,0,0,0,16776581,0,0,0,0
query,1022,4096,18897141,79850,8315,1333,18287355,440458,1182,78407,241,18897141,0,36129,3,0,0,0,0,151,3889,5704878,0,1191399,0,172032,0,0,0,0,16803106,0,0,0,0
query,1023,4096,18839363,81543,8867,1202,18234677,436630,902,75432,110,18839363,0,36129,3,0,0,0,0,164,3873,5679851,0,1178159,0,172032,0,0,0,0,16761618,0,0,0,0
query,1024,4096,18967092,81212,7945,1213,18359010,439476,1663,76323,250,18967092,0,36129,3,0,0,0,0,168,3863,5661777,0,1192786,0,172032,0,0,0,0,16852992,0,0,0,0
query,1025,4096,19657860,99076,8646,1132,18964728,496883,1414,80311,5670,19657860,0,36129,3,0,0,0,0,182,3855,5655870,0,1174205,0,172032,0,0,0,0,17355062,0,0,0,0
query,1026,4096,18925304,94879,9297,1313,18302273,434466,942,81874,260,18925304,0,36129,3,0,0,0,0,171,3858,5661260,0,1182609,0,172032,0,0,0,0,16807395,0,0,0,0
query,1027,4096,18770022,78307,8747,1172,18172179,431270,1293,77014,40,18770022,0,36129,3,0,0,0,0,172,3867,5669657,0,1171630,0,172032,0,0,0,0,16697309,0,0,0,0
query,1028,4096,18839223,80532,7193,1122,18238894,435798,1013,74380,291,18839223,0,36129,3,0,0,0,0,172,3857,5656661,0,1163929,0,172032,0,0,0,0,16732527,0,0,0,0
query,1029,4096,18894847,80491,7354,1383,18286103,444064,1042,74290,120,18894847,0,36129,3,0,0,0,0,162,3880,5689831,0,1174586,0,172032,0,0,0,0,16794024,0,0,0,0
query,1030,4096,19118618,81484,7744,1102,18348170,598775,1653,79469,221,19118618,0,36129,3,0,0,0,0,194,3839,5633857,0,1154822,0,172032,0,0,0,0,16790846,0,0,0,0
query,1031,4096,19047503,82725,7644,1513,18441846,438113,972,74560,130,19047503,0,36129,3,0,0,0,0,176,3861,5660333,0,1163403,0,172032,0,0,0,0,16885117,0,0,0,0
query,1032,4096,18808344,80461,7545,1382,18212334,430029,1432,75041,120,18808344,0,36129,3,0,0,0,0,183,3853,5648544,0,1158781,0,172032,0,0,0,0,16715635,0,0,0,0
query,1033,4096,18896039,80812,8095,1022,18279952,446860,1422,77716,160,18896039,0,36129,3,0,0,0,0,194,3824,5608520,0,1157648,0,172032,0,0,0,0,16776776,0,0,0,0
query,1034,4096,18843370,96471,8677,1102,18206533,453623,1613,75231,120,18843370,0,36129,3,0,0,0,0,185,3850,5643775,0,1184728,0,172032,0,0,0,0,16714686,0,0,0,0
query,1035,4096,18903513,96361,7955,972,18284730,438815,1322,73238,120,18903513,0,36129,3,0,0,0,0,167,3876,5685596,0,1181543,0,172032,0,0,0,0,16789105,0,0,0,0
query,1036,4096,19402221,81053,7454,1092,18772096,464733,952,74811,30,19402221,0,36129,3,0,0,0,0,183,3868,5671679,0,1172353,0,172032,0,0,0,0,17226364,0,0,0,0
query,1037,4096,18786113,80371,7985,922,18186596,434747,972,74490,30,18786113,0,36129,3,0,0,0,0,178,3852,5648102,0,1177792,0,172032,0,0,0,0,16675648,0,0,0,0
query,1038,4096,18834834,80922,7655,1222,18232121,435779,1122,75933,80,18834834,0,36129,3,0,0,0,0,161,3884,5697808,0,1194113,0,172032,0,0,0,0,16740865,0,0,0,0
query,1039,4096,18849932,80922,8065,1343,18243593,434025,1413,80171,400,18849932,0,36129,3,0,0,0,0,189,3839,5631101,0,1175226,0,172032,0,0,0,0,16759282,0,0,0,0
query,1040,4096,18832870,78277,7524,1323,18238383,431481,942,74740,200,18832870,0,36129,3,0,0,0,0,162,3876,5684264,0,1168294,0,172032,0,0,0,0,16754961,0,0,0,0
query,1041,4096,21292402,80070,8076,1112,20581236,537430,1252,83036,190,21292402,0,36129,3,0,0,0,0,187,3842,5636820,0,1182924,0,172032,0,0,0,0,18833438,0,0,0,0
query,1042,4096,19065748,65303,10339,1533,18454289,452821,1573,79760,130,19065748,0,36129,3,0,0,0,0,167,3872,5676787,0,1169677,0,172032,0,0,0,0,16966595,0,0,0,0
query,1043,4096,18894145,64771,10019,1503,18298126,439836,1212,78548,130,18894145,0,36129,3,0,0,0,0,164,3863,5668100,0,1161253,0,172032,0,0,0,0,16786742,0,0,0,0
query,1044,4096,18966873,65073,10059,2073,18364330,445797,1614,77716,211,18966873,0,36129,3,0,0,0,0,162,3875,5684995,0,1166202,0,172032,0,0,0,0,16837735,0,0,0,0
query,1045,4096,19015273,65072,9628,1583,18410367,447681,1473,79309,160,19015273,0,36129,3,0,0,0,0,164,3868,5676052,0,1182328,0,172032,0,0,0,0,16889366,0,0,0,0
query,1046,4096,19554727,64852,10279,1513,18859751,535887,1283,81032,130,19554727,0,36129,3,0,0,0,0,167,3871,5677691,0,1181139,0,172032,0,0,0,0,17223423,0,0,0,0
query,1047,4096,19064285,65353,10169,1803,18469337,437543,1142,78597,341,19064285,0,36129,3,0,0,0,0,186,3859,5657169,0,1161571,0,172032,0,0,0,0,16954757,0,0,0,0
query,1048,4096,19136771,65232,10089,1473,18514061,462509,1423,81744,240,19136771,0,36129,3,0,0,0,0,143,3898,5716373,0,1228987,0,172032,0,0,0,0,17000799,0,0,0,0
query,1049,4096,18917610,65072,10510,1483,18283798,470244,1603,84759,141,18917610,0,36129,3,0,0,0,0,170,3859,5660167,0,1178230,0,172032,0,0,0,0,16763458,0,0,0,0
query,1050,4096,19597447,65263,9678,1543,18858819,570843,1933,89248,120,19597447,0,36129,3,0,0,0,0,157,3878,5685666,0,1186292,0,172032,0,0,0,0,17214710,0,0,0,0
query,1051,4096,20156698,64822,10790,2004,19470509,526389,1593,80461,130,20156698,0,36129,3,0,0,0,0,142,3890,5702814,0,1190910,0,172032,0,0,0,0,17744715,0,0,0,0
query,1052,4096,19118276,81803,9979,1703,18383406,557368,1242,82435,340,19118276,0,36129,3,0,0,0,0,181,3859,5658732,0,1182469,0,172032,0,0,0,0,16876649,0,0,0,0
query,1053,4096,19143244,80732,9257,1323,18545750,430980,1153,73928,121,19143244,0,36129,3,0,0,0,0,170,3870,5676118,0,1169117,0,172032,0,0,0,0,17028204,0,0,0,0
query,1054,4096,18824695,80641,7534,1032,18227623,432393,1332,73659,481,18824695,0,36129,3,0,0,0,0,163,3875,5683208,0,1183966,0,172032,0,0,0,0,16733735,0,0,0,0
query,1055,4096,18937737,80811,7505,1202,18331648,441158,552,74731,130,18937737,0,36129,3,0,0,0,0,156,3893,5711013,0,1184723,0,172032,0,0,0,0,16833200,0,0,0,0
query,1056,4096,19079473,96431,7785,1262,18455862,438815,1492,77656,170,19079473,0,36129,3,0,0,0,0,203,3844,5638151,0,1170987,0,172032,0,0,0,0,16915007,0,0,0,0
query,1057,4096,19035601,85591,11060,1814,18417049,441961,1212,76684,230,19035601,0,36129,3,0,0,0,0,168,3862,5661184,0,1158780,0,172032,0,0,0,0,16896479,0,0,0,0
query,1058,4096,18881702,88025,9639,1322,18269051,437462,1152,74610,441,18881702,0,36129,3,0,0,0,0,186,3849,5646334,0,1155909,0,172032,0,0,0,0,16784846,0,0,0,0
query,1059,4096,18778819,81854,7965,992,18174994,435368,1283,76143,220,18778819,0,36129,3,0,0,0,0,161,3866,5669165,0,1163389,0,172032,0,0,0,0,16710045,0,0,0,0
query,1060,4096,18789038,97473,8426,1052,18154336,450587,1222,75782,160,18789038,0,36129,3,0,0,0,0,185,3846,5636808,0,1155353,0,172032,0,0,0,0,16666989,0,0,0,0
query,1061,4096,18773989,81843,8426,1132,18174263,431772,1322,75191,40,18773989,0,36129,3,0,0,0,0,185,3843,5642600,0,1152092,0,172032,0,0,0,0,16692766,0,0,0,0
query,1062,4096,19850052,92995,38553,2033,19138776,493748,1683,82034,230,19850052,0,36129,1,0,0,0,0,158,3870,5674950,0,1186957,0,172032,0,0,0,0,17392217,0,0,0,0
query,1063,4096,19026604,96471,9959,1793,18384027,456257,1703,76274,120,19026604,0,36129,0,0,0,0,0,180,3871,5672419,0,1192968,0,172032,0,0,0,0,16855020,0,0,0,0
query,1064,4096,18853308,81393,7434,1312,18241619,446359,1292,73679,220,18853308,0,36129,3,0,0,0,0,179,3852,5648970,0,1182281,0,172032,0,0,0,0,16746875,0,0,0,0
query,1065,4096,18926075,80541,8917,1112,18319025,439837,1112,75411,120,18926075,0,36129,3,0,0,0,0,174,3861,5663865,0,1172149,0,172032,0,0,0,0,16794862,0,0,0,0
query,1066,4096,18812773,81193,8486,1232,18217203,429958,1193,73387,121,18812773,0,36129,3,0,0,0,0,180,3872,5676944,0,1164402,0,172032,0,0,0,0,16709910,0,0,0,0
query,1067,4096,19133575,81413,8296,1142,18320597,637658,1624,82705,140,19133575,0,36129,3,0,0,0,0,167,3868,5676334,0,1158596,0,172032,0,0,0,0,16761160,0,0,0,0
query,1068,4096,19128165,82525,9608,1393,18524581,434727,1212,73999,120,19128165,0,36129,3,0,0,0,0,169,3872,5677056,0,1173141,0,172032,0,0,0,0,16999109,0,0,0,0
query,1069,4096,18839192,81253,8516,1242,18237902,434186,1393,74580,120,18839192,0,36129,3,0,0,0,0,163,3864,5667315,0,1161031,0,172032,0,0,0,0,16745691,0,0,0,0
query,1070,4096,18753290,80771,8206,1122,18137854,449645,1152,74500,40,18753290,0,36129,3,0,0,0,0,178,3861,5661467,0,1166064,0,172032,0,0,0,0,16654322,0,0,0,0
query,1071,4096,18792013,81193,8516,1342,18182568,437493,1352,79329,220,18792013,0,36129,3,0,0,0,0,179,3847,5641977,0,1164823,0,172032,0,0,0,0,16676914,0,0,0,0
query,1072,4096,18794639,81053,7494,1072,18192747,437502,1192,73238,341,18794639,0,36129,3,0,0,0,0,170,3867,5670899,0,1164966,0,172032,0,0,0,0,16692754,0,0,0,0
query,1073,4096,21937665,95911,7404,1122,21282163,469792,1653,79460,160,21937665,0,36129,3,0,0,0,0,168,3866,5666777,0,1262804,0,172032,0,0,0,0,19464589,0,0,0,0
query,1074,4096,19002068,98245,7293,1243,18389587,428856,1252,75432,160,19002068,0,36129,0,0,0,0,0,165,3880,5692278,0,1182146,0,172032,0,0,0,0,16890027,0,0,0,0
query,1075,4096,18777406,81824,7294,981,18185374,428074,1042,72687,130,18777406,0,36129,0,0,0,0,0,209,3832,5619453,0,1159874,0,172032,0,0,0,0,16681134,0,0,0,0
query,1076,4096,18845864,80561,8496,1573,18244114,434046,1342,75592,140,18845864,0,36129,0,0,0,0,0,161,3865,5665965,0,1171076,0,172032,0,0,0,0,16742176,0,0,0,0
query,1077,4096,18739585,93055,8736,1503,18114771,446740,951,73669,160,18739585,0,36129,0,0,0,0,0,191,3844,5640640,0,1155890,0,172032,0,0,0,0,16645641,0,0,0,0
query,1078,4096,19532756,81203,8556,1102,18878346,484120,1773,77535,121,19532756,0,36129,0,0,0,0,0,173,3859,5658136,0,1172028,0,172032,0,0,0,0,17293167,0,0,0,0
query,1079,4096,18850393,79880,8136,1272,18250356,436290,1162,73087,210,18850393,0,36129,8,0,0,0,0,146,3888,5698768,0,1182810,0,172032,0,0,0,0,16751141,0,0,0,0
query,1080,4096,19045330,81153,8045,1112,18424152,452701,1402,76534,231,19045330,0,36129,8,0,0,0,0,181,3860,5658977,0,1194606,0,172032,0,0,0,0,16899098,0,0,0,0
query,1081,4096,19130529,81032,9799,1262,18478124,483198,1452,75362,300,19130529,0,36129,8,0,0,0,0,188,3853,5650126,0,1171400,0,172032,0,0,0,0,16938986,0,0,0,0
query,1082,4096,18922820,81002,8857,1232,18324646,428104,1082,77736,161,18922820,0,36129,8,0,0,0,0,172,3875,5684108,0,1177959,0,172032,0,0,0,0,16832319,0,0,0,0
query,1083,4096,19482290,91462,7924,1363,18749513,548110,1503,82195,220,19482290,0,36129,8,0,0,0,0,184,3845,5641171,0,1179504,0,172032,0,0,0,0,17133917,0,0,0,0
query,1084,4096,18928550,95660,8175,1363,18306310,433254,902,82836,50,18928550,0,36129,8,0,0,0,0,175,3854,5652394,0,1165251,0,172032,0,0,0,0,16813781,0,0,0,0
query,1085,4096,18728805,81894,7264,1032,18138775,424157,1223,74229,231,18728805,0,36129,8,0,0,0,0,199,3836,5626526,0,1166137,0,172032,0,0,0,0,16669064,0,0,0,0
query,1086,4096,18802152,83537,7464,1172,18190102,441390,1282,77085,120,18802152,0,36129,8,0,0,0,0,156,3879,5688747,0,1166501,0,172032,0,0,0,0,16716777,0,0,0,0
query,1087,4096,18791883,82355,7634,1042,18179232,440838,1603,78959,220,18791883,0,36129,8,0,0,0,0,178,3850,5649359,0,1158001,0,172032,0,0,0,0,16705246,0,0,0,0
query,1088,4096,18838501,66204,9719,1372,18231611,447691,1753,80071,80,18838501,0,36129,8,0,0,0,0,163,3870,5672422,0,1184174,0,172032,0,0,0,0,16731347,0,0,0,0
query,1089,4096,19464748,65153,10048,1042,18876272,431481,1232,79400,120,19464748,0,36129,8,0,0,0,0,182,3874,5681903,0,1170569,0,172032,0,0,0,0,17298227,0,0,0,0
query,1090,4096,18825707,65002,10049,1483,18228134,437281,1333,82385,40,18825707,0,36129,8,0,0,0,0,153,3866,5672488,0,1160342,0,172032,0,0,0,0,16724954,0,0,0,0
query,1091,4096,18878596,64982,10019,1944,18255475,458011,1893,86122,150,18878596,0,36129,8,0,0,0,0,169,3864,5666009,0,1166451,0,172032,0,0,0,0,16784084,0,0,0,0
query,1092,4096,18955922,65083,10028,1894,18350173,447681,1353,79569,141,18955922,0,36129,8,0,0,0,0,174,3867,5668997,0,1169964,0,172032,0,0,0,0,16852175,0,0,0,0
query,1093,4096,19120270,64932,10610,1693,18505094,457269,1323,79059,290,19120270,0,36129,8,0,0,0,0,169,3862,5665116,0,1162761,0,172032,0,0,0,0,16984873,0,0,0,0
query,1094,4096,19751717,65072,9548,1713,19114971,476085,1212,82946,170,19751717,0,36129,8,0,0,0,0,178,3856,5655085,0,1169031,0,172032,0,0,0,0,17517460,0,0,0,0
query,1095,4096,18959799,64602,9768,1984,18339012,464212,1483,78517,221,18959799,0,36129,8,0,0,0,0,184,3864,5668384,0,1161784,0,172032,0,0,0,0,16811070,0,0,0,0
query,1096,4096,18812191,64852,9638,1853,18217494,433625,1573,82996,160,18812191,0,36129,8,0,0,0,0,172,3850,5646823,0,1176833,0,172032,0,0,0,0,16717882,0,0,0,0
query,1097,4096,18963115,65373,9668,1694,18327871,477718,1693,78958,140,18963115,0,36129,8,0,0,0,0,177,3851,5648348,0,1159202,0,172032,0,0,0,0,16803939,0,0,0,0
query,1098,4096,18972512,72366,9548,1302,18351826,455376,1262,80682,150,18972512,0,36129,8,0,0,0,0,173,3865,5672231,0,1158404,0,172032,0,0,0,0,16842105,0,0,0,0
query,1099,4096,19537354,73578,9889,1503,18826759,538792,1292,85401,140,19537354,0,36129,8,0,0,0,0,177,3854,5651762,0,1165943,0,172032,0,0,0,0,17222214,0,0,0,0
query,1100,4096,18966391,64972,9679,1362,18363919,447732,1392,77025,310,18966391,0,36129,8,0,0,0,0,157,3882,5691566,0,1167812,0,172032,0,0,0,0,16880365,0,0,0,0
query,1101,4096,18883005,64882,9468,1944,18286083,437692,1433,81443,60,18883005,0,36129,8,0,0,0,0,177,3859,5658949,0,1165144,0,172032,0,0,0,0,16789505,0,0,0,0
query,1102,4096,19181115,65073,9517,1884,18551912,472428,1593,78558,150,19181115,0,36129,8,0,0,0,0,194,3840,5632644,0,1168850,0,172032,0,0,0,0,16998140,0,0,0,0
query,1103,4096,18867164,64782,9878,1884,18275733,434066,1432,79269,120,18867164,0,36129,8,0,0,0,0,197,3852,5647079,0,1158406,0,172032,0,0,0,0,16781444,0,0,0,0
query,1104,4096,18966371,66616,10469,1774,18365722,443764,1453,76433,140,18966371,0,36129,8,0,0,0,0,182,3849,5646215,0,1166235,0,172032,0,0,0,0,16841224,0,0,0,0
query,1105,4096,22423528,65093,10910,1994,21808782,455757,1613,79219,160,22423528,0,36129,8,0,0,0,0,170,3856,5654165,0,1256008,0,172032,0,0,0,0,19918811,0,0,0,0
query,1106,4096,18860121,65443,10189,1332,18249965,441069,1443,90540,140,18860121,0,36129,8,0,0,0,0,173,3864,5667044,0,1182425,0,172032,0,0,0,0,16746231,0,0,0,0
query,1107,4096,18805979,64952,10209,1753,18206163,444495,1252,77005,150,18805979,0,36129,8,0,0,0,0,184,3845,5638856,0,1166389,0,172032,0,0,0,0,16713962,0,0,0,0
query,1108,4096,19046482,64852,9939,1533,18428710,457700,1744,81884,120,19046482,0,36129,8,0,0,0,0,149,3889,5701591,0,1178907,0,172032,0,0,0,0,16923782,0,0,0,0
query,1109,4096,18946955,64832,9468,1392,18318023,473861,1723,77515,141,18946955,0,36129,8,0,0,0,0,181,3862,5664008,0,1176555,0,172032,0,0,0,0,16777910,0,0,0,0
query,1110,4096,19053124,65132,9318,1392,18445493,448292,1142,82134,221,19053124,0,36129,8,0,0,0,0,175,3857,5655105,0,1156295,0,172032,0,0,0,0,16925750,0,0,0,0
query,1111,4096,18785251,81333,8897,1051,18186927,431631,1322,73979,111,18785251,0,36129,8,0,0,0,0,169,3874,5678969,0,1153554,0,172032,0,0,0,0,16695857,0,0,0,0
query,1112,4096,18826428,81974,7595,1022,18213746,444455,1393,76063,180,18826428,0,36129,8,0,0,0,0,190,3842,5633061,0,1165515,0,172032,0,0,0,0,16728240,0,0,0,0
query,1113,4096,18809176,82035,8245,1042,18201854,438634,1203,75943,220,18809176,0,36129,8,0,0,0,0,181,3856,5655440,0,1150161,0,172032,0,0,0,0,16699272,0,0,0,0
query,1114,4096,18838180,85491,8355,1173,18224186,441881,1502,75352,240,18838180,0,36129,8,0,0,0,0,180,3858,5658273,0,1157401,0,172032,0,0,0,0,16755805,0,0,0,0
query,1115,4096,19591997,81493,8546,1343,18919102,499960,1643,79749,161,19591997,0,36129,8,0,0,0,0,199,3852,5649519,0,1159889,0,172032,0,0,0,0,17303826,0,0,0,0
query,1116,4096,18967824,81804,8566,1373,18366964,433835,1002,74160,120,18967824,0,36129,8,0,0,0,0,172,3867,5670621,0,1174467,0,172032,0,0,0,0,16873484,0,0,0,0
query,1117,4096,18864209,81693,8185,1523,18247380,437242,1082,86923,181,18864209,0,36129,8,0,0,0,0,176,3855,5653465,0,1154176,0,172032,0,0,0,0,16751551,0,0,0,0
query,1118,4096,18856124,65002,9769,1493,18251808,441930,1162,84820,140,18856124,0,36129,8,0,0,0,0,186,3855,5652355,0,1155961,0,172032,0,0,0,0,16745894,0,0,0,0
query,1119,4096,18866844,65002,9658,1623,18277106,435408,1814,76093,140,18866844,0,36129,8,0,0,0,0,177,3860,5659526,0,1168627,0,172032,0,0,0,0,16774314,0,0,0,0
query,1120,4096,19056971,75091,9277,1563,18405477,480974,1633,82705,251,19056971,0,36129,8,0,0,0,0,155,3882,5694093,0,1179464,0,172032,0,0,0,0,16856987,0,0,0,0
query,1121,4096,18863417,72075,10871,1833,18252840,446630,1352,77656,160,18863417,0,36129,8,0,0,0,0,166,3871,5676701,0,1173271,0,172032,0,0,0,0,16763711,0,0,0,0
query,1122,4096,18746838,65152,10630,1503,18161168,428215,1142,78788,240,18746838,0,36129,8,0,0,0,0,191,3837,5624594,0,1171950,0,172032,0,0,0,0,16662010,0,0,0,0
query,1123,4096,18846666,64782,10921,1823,18244324,444536,1793,78367,120,18846666,0,36129,8,0,0,0,0,171,3869,5674180,0,1186111,0,172032,0,0,0,0,16748660,0,0,0,0
query,1124,4096,19412580,64722,9939,1573,18293917,782190,1803,258276,160,19412580,0,36129,8,0,0,0,0,171,3869,5674495,0,1184520,0,172032,0,0,0,0,16797839,0,0,0,0
query,1125,4096,21808491,224451,12965,2194,20838438,477427,1513,251453,50,21808491,0,36129,4,0,0,0,0,187,3849,5646864,0,1166124,0,172032,0,0,0,0,18599429,0,0,0,0
query,1126,4096,20567380,90360,8797,1282,19951683,438053,1182,75883,140,20567380,0,36129,0,0,0,0,0,190,3855,5652786,0,1169707,0,172032,0,0,0,0,18216308,0,0,0,0
query,1127,4096,19413581,80952,10019,1272,18815187,430700,1252,74009,190,19413581,0,36129,0,0,0,0,0,181,3850,5648359,0,1166755,0,172032,0,0,0,0,17317118,0,0,0,0
query,1128,4096,18921146,81523,8406,1283,18322320,430468,1284,75642,220,18921146,0,36129,0,0,0,0,0,165,3876,5685233,0,1185979,0,172032,0,0,0,0,16818261,0,0,0,0
query,1129,4096,18759402,81173,8616,1343,18157951,429808,1653,78728,130,18759402,0,36129,0,0,0,0,0,175,3858,5656856,0,1169817,0,172032,0,0,0,0,16675943,0,0,0,0
query,1130,4096,18872364,85190,8466,1403,18240427,452300,941,83367,270,18872364,0,36129,0,0,0,0,0,177,3865,5669078,0,1192404,0,172032,0,0,0,0,16753922,0,0,0,0
query,1131,4096,19448327,76023,9067,1563,18835024,450106,1222,75181,141,19448327,0,36129,0,0,0,0,0,191,3860,5659346,0,1172916,0,172032,0,0,0,0,17225818,0,0,0,0
query,1132,4096,18918922,81513,8065,1443,18311771,438444,1452,76093,141,18918922,0,36129,0,0,0,0,0,183,3863,5664468,0,1170143,0,172032,0,0,0,0,16804710,0,0,0,0
query,1133,4096,18798485,81022,8106,1222,18190753,440749,1051,75302,280,18798485,0,36129,0,0,0,0,0,173,3865,5669224,0,1169554,0,172032,0,0,0,0,16692420,0,0,0,0
query,1134,4096,18831418,81764,8185,1122,18229707,434427,1172,74760,281,18831418,0,36129,0,0,0,0,0,170,3880,5690476,0,1159053,0,172032,0,0,0,0,16738140,0,0,0,0
query,1135,4096,18861914,96832,8205,1022,18239966,441570,1582,72587,150,18861914,0,36129,0,0,0,0,0,171,3868,5672321,0,1171851,0,172032,0,0,0,0,16728312,0,0,0,0
query,1136,4096,22115599,81504,7664,1182,21339441,601630,1232,82806,140,22115599,0,36129,0,0,0,0,0,176,3877,5687794,0,1301580,0,172032,0,0,0,0,19495644,0,0,0,0
query,1137,4096,19219837,80682,9307,1132,18578011,470874,1213,78107,511,19219837,0,36129,0,0,0,0,0,162,3875,5680414,0,1170701,0,172032,0,0,0,0,17050142,0,0,0,0
query,1138,4096,19271705,97503,8677,1463,18631281,452520,1583,78467,211,19271705,0,36129,0,0,0,0,0,190,3843,5637471,0,1194133,0,172032,0,0,0,0,17100815,0,0,0,0
query,1139,4096,18896529,88867,9227,1272,18281474,436481,1132,77936,140,18896529,0,36129,3,0,0,0,0,187,3859,5658041,0,1169628,0,172032,0,0,0,0,16786523,0,0,0,0
query,1140,4096,18994163,97773,9518,962,18363258,445888,1232,75301,231,18994163,0,36129,3,0,0,0,0,177,3862,5667997,0,1171812,0,172032,0,0,0,0,16832629,0,0,0,0
query,1141,4096,19544988,81763,9588,982,18806861,560974,1123,83547,150,19544988,0,36129,3,0,0,0,0,162,3857,5653395,0,1190858,0,172032,0,0,0,0,17208125,0,0,0,0
query,1142,4096,19059896,81312,9779,1202,18461703,429317,1382,74961,240,19059896,0,36129,3,0,0,0,0,171,3881,5688280,0,1192116,0,172032,0,0,0,0,16963339,0,0,0,0
query,1143,4096,18818974,88897,9007,1202,18189461,445558,1522,83207,120,18818974,0,36129,3,0,0,0,0,168,3859,5660701,0,1173141,0,172032,0,0,0,0,16690453,0,0,0,0
query,1144,4096,18841146,78147,8636,1263,18239004,432242,1232,80381,241,18841146,0,36129,3,0,0,0,0,176,3865,5666041,0,1176069,0,172032,0,0,0,0,16757802,0,0,0,0
query,1145,4096,18833371,95269,8095,1232,18214859,438414,1122,74250,130,18833371,0,36129,3,0,0,0,0,193,3851,5649245,0,1181614,0,172032,0,0,0,0,16717041,0,0,0,0
query,1146,4096,18966761,80922,7344,1082,18353469,446138,962,76614,230,18966761,0,36129,3,0,0,0,0,182,3852,5646265,0,1166771,0,172032,0,0,0,0,16844435,0,0,0,0
query,1147,4096,19629377,96662,8546,1212,18999123,445086,1232,77376,140,19629377,0,36129,3,0,0,0,0,162,3881,5690724,0,1177805,0,172032,0,0,0,0,17411936,0,0,0,0
query,1148,4096,19078421,97082,8607,1242,18400548,491994,1413,77325,210,19078421,0,36129,3,0,0,0,0,193,3843,5637669,0,1171198,0,172032,0,0,0,0,16867937,0,0,0,0
query,1149,4096,19179852,81413,8626,1242,18538958,468561,1102,79669,281,19179852,0,36129,3,0,0,0,0,170,3853,5651981,0,1186847,0,172032,0,0,0,0,17002312,0,0,0,0
query,1150,4096,19068262,77746,8666,1173,18437436,465795,1644,75592,210,19068262,0,36129,3,0,0,0,0,164,3870,5671630,0,1176438,0,172032,0,0,0,0,16909754,0,0,0,0
query,1151,4096,18870020,80170,8276,1172,18247570,456507,1103,75081,141,18870020,0,36129,3,0,0,0,0,175,3868,5671552,0,1173644,0,172032,0,0,0,0,16756435,0,0,0,0
query,1152,4096,19469586,97503,7965,1292,18807533,476135,1743,77255,160,19469586,0,36129,3,0,0,0,0,185,3855,5652123,0,1175735,0,172032,0,0,0,0,17244260,0,0,0,0
query,1153,4096,19072591,89669,15950,2384,18459399,423516,1462,80051,160,19072591,0,36129,8,0,0,0,0,181,3858,5658151,0,1187497,0,172032,0,0,0,0,16753609,0,0,0,0
query,1154,4096,18967272,79008,8426,1162,18355173,442161,1512,79590,240,18967272,0,36129,8,0,0,0,0,186,3849,5643973,0,1184134,0,172032,0,0,0,0,16844407,0,0,0,0
query,1155,4096,18803505,79219,9248,1472,18209920,428335,932,74149,230,18803505,0,36129,8,0,0,0,0,184,3867,5670236,0,1179223,0,172032,0,0,0,0,16730364,0,0,0,0
query,1156,4096,19031513,81212,8827,1202,18416448,445818,1803,76063,140,19031513,0,36129,8,0,0,0,0,180,3865,5668352,0,1172441,0,172032,0,0,0,0,16882723,0,0,0,0
query,1157,4096,19992860,95499,9468,1423,19254452,548772,1131,81975,140,19992860,0,36129,8,0,0,0,0,184,3849,5644085,0,1167903,0,172032,0,0,0,0,17577319,0,0,0,0
query,1158,4096,18942215,80401,9528,1122,18337429,437101,1333,75061,240,18942215,0,36129,8,0,0,0,0,200,3849,5646043,0,1166609,0,172032,0,0,0,0,16839285,0,0,0,0
query,1159,4096,18921437,81824,7905,1032,18301892,449966,1302,77285,231,18921437,0,36129,8,0,0,0,0,165,3883,5695923,0,1173206,0,172032,0,0,0,0,16772823,0,0,0,0
query,1160,4096,18875339,81873,7705,1012,18251277,456578,952,75802,140,18875339,0,36129,8,0,0,0,0,179,3852,5650033,0,1179761,0,172032,0,0,0,0,16758874,0,0,0,0
query,1161,4096,18949259,81684,8847,911,18306030,473499,1243,76624,421,18949259,0,36129,8,0,0,0,0,167,3875,5683099,0,1171764,0,172032,0,0,0,0,16786970,0,0,0,0
query,1162,4096,18831728,82054,7665,1122,18226350,436861,1212,76334,130,18831728,0,36129,8,0,0,0,0,179,3854,5650857,0,1156499,0,172032,0,0,0,0,16745239,0,0,0,0
query,1163,4096,21320454,97373,8926,1333,20662368,465565,1382,83327,180,21320454,0,36129,8,0,0,0,0,181,3849,5646451,0,1215563,0,172032,0,0,0,0,18870593,0,0,0,0
query,1164,4096,20633955,96452,9497,982,19880188,562327,1092,83166,251,20633955,0,36129,8,0,0,0,0,184,3848,5644206,0,1201591,0,172032,0,0,0,0,18175038,0,0,0,0
query,1165,4096,21031753,82095,9007,951,20162840,689736,1753,84769,602,21031753,0,36129,8,0,0,0,0,173,3864,5666844,0,1182786,0,172032,0,0,0,0,18155345,0,0,0,0
query,1166,4096,20079983,80721,9308,1182,19451082,457399,1323,78828,140,20079983,0,36129,8,0,0,0,0,180,3850,5649202,0,1204294,0,172032,0,0,0,0,17798450,0,0,0,0
query,1167,4096,18857296,81664,9357,1563,18204500,478749,1423,79720,320,18857296,0,36129,8,0,0,0,0,195,3833,5619275,0,1168632,0,172032,0,0,0,0,16706891,0,0,0,0
query,1168,4096,19314795,83397,8997,1422,18687297,453883,1502,78157,140,19314795,0,36129,8,0,0,0,0,186,3855,5653480,0,1177870,0,172032,0,0,0,0,17143309,0,0,0,0
query,1169,4096,18974516,82014,9037,1453,18339963,463231,801,77866,151,18974516,0,36129,8,0,0,0,0,196,3842,5634448,0,1162273,0,172032,0,0,0,0,16791673,0,0,0,0
query,1170,4096,18889927,97523,8666,1383,18270633,436421,1151,74030,120,18889927,0,36129,8,0,0,0,0,158,3881,5691762,0,1176112,0,172032,0,0,0,0,16788128,0,0,0,0
query,1171,4096,18908813,81543,7895,942,18272016,467739,1232,77265,181,18908813,0,36129,8,0,0,0,0,164,3864,5665488,0,1174988,0,172032,0,0,0,0,16773565,0,0,0,0
query,1172,4096,18875640,96812,7995,1092,18253130,442011,1723,72627,250,18875640,0,36129,8,0,0,0,0,174,3864,5665078,0,1172245,0,172032,0,0,0,0,16736218,0,0,0,0
query,1173,4096,19403803,80912,8125,1182,18774671,456057,811,81874,171,19403803,0,36129,8,0,0,0,0,178,3851,5645821,0,1170784,0,172032,0,0,0,0,17192233,0,0,0,0
query,1174,4096,18867085,97023,7985,1232,18265594,419228,1432,74460,131,18867085,0,36129,8,0,0,0,0,160,3886,5700121,0,1177184,0,172032,0,0,0,0,16765428,0,0,0,0
query,1175,4096,18898854,96953,7534,1112,18251868,459093,1052,80972,270,18898854,0,36129,8,0,0,0,0,193,3849,5642747,0,1169228,0,172032,0,0,0,0,16766427,0,0,0,0
query,1176,4096,18791151,81082,6953,932,18175194,452070,1032,73738,150,18791151,0,36129,8,0,0,0,0,170,3871,5678701,0,1169786,0,172032,0,0,0,0,16689430,0,0,0,0
query,1177,4096,18812221,81593,7234,962,18210741,431791,792,78988,120,18812221,0,36129,8,0,0,0,0,173,3858,5658401,0,1170933,0,172032,0,0,0,0,16717154,0,0,0,0
query,1178,4096,19680763,80100,8306,1372,18997169,508456,1813,83266,281,19680763,0,36129,8,0,0,0,0,181,3847,5641263,0,1177245,0,172032,0,0,0,0,17319907,0,0,0,0
query,1179,4096,18916778,81423,8526,1784,18311410,433344,1042,79068,181,18916778,0,36129,8,0,0,0,0,151,3889,5706799,0,1192159,0,172032,0,0,0,0,16806524,0,0,0,0
query,1180,4096,18862736,81563,7344,1122,18248532,449896,1392,72767,120,18862736,0,36129,8,0,0,0,0,183,3847,5641957,0,1179078,0,172032,0,0,0,0,16746234,0,0,0,0
query,1181,4096,18735628,81193,7855,1342,18140469,430660,1031,72647,431,18735628,0,36129,8,0,0,0,0,175,3861,5661448,0,1174610,0,172032,0,0,0,0,16682770,0,0,0,0
query,1182,4096,19008791,82064,7384,1152,18372906,464864,1402,78788,231,19008791,0,36129,8,0,0,0,0,197,3837,5623717,0,1182742,0,172032,0,0,0,0,16856139,0,0,0,0
query,1183,4096,19208787,81503,8647,1222,18378496,652607,1092,85059,161,19208787,0,36129,8,0,0,0,0,175,3864,5667631,0,1198029,0,172032,0,0,0,0,16821824,0,0,0,0
query,1184,4096,19044407,89448,7544,1362,18433219,433976,1212,77616,30,19044407,0,36129,8,0,0,0,0,165,3872,5675424,0,1177628,0,172032,0,0,0,0,16919859,0,0,0,0
query,1185,4096,18765113,82064,8266,1102,18160707,437212,1132,74439,191,18765113,0,36129,8,0,0,0,0,181,3861,5662212,0,1177621,0,172032,0,0,0,0,16663155,0,0,0,0
query,1186,4096,18750325,96932,7434,1343,18136341,427974,902,79279,120,18750325,0,36129,8,0,0,0,0,179,3851,5646468,0,1176416,0,172032,0,0,0,0,16636509,0,0,0,0
query,1187,4096,18919433,94959,7464,1102,18279660,458031,1793,76193,231,18919433,0,36129,8,0,0,0,0,169,3876,5685382,0,1174784,0,172032,0,0,0,0,16740560,0,0,0,0
query,1188,4096,18856534,105518,8797,1583,18228534,436540,1473,73929,160,18856534,0,36129,8,0,0,0,0,179,3876,5684686,0,1184203,0,172032,0,0,0,0,16727106,0,0,0,0
query,1189,4096,19402671,82375,7244,992,18783647,451939,1343,74850,281,19402671,0,36129,8,0,0,0,0,179,3852,5648582,0,1169627,0,172032,0,0,0,0,17223262,0,0,0,0
query,1190,4096,18738472,82345,7564,882,18141029,426301,1092,79109,150,18738472,0,36129,8,0,0,0,0,181,3853,5649995,0,1163121,0,172032,0,0,0,0,16664910,0,0,0,0
query,1191,4096,18825707,82956,8396,1032,18217253,440337,1523,74160,50,18825707,0,36129,8,0,0,0,0,173,3868,5670863,0,1183437,0,172032,0,0,0,0,16716068,0,0,0,0
query,1192,4096,18656469,81824,7444,942,18060929,429868,1002,74410,50,18656469,0,36129,8,0,0,0,0,187,3847,5643284,0,1168543,0,172032,0,0,0,0,16575145,0,0,0,0
query,1193,4096,18655046,97083,7865,1012,18040270,432002,1443,75251,120,18655046,0,36129,8,0,0,0,0,203,3834,5621439,0,1182035,0,172032,0,0,0,0,16549069,0,0,0,0
query,1194,4096,21331194,95449,8797,1262,20540980,600719,1182,82655,150,21331194,0,36129,8,0,0,0,0,191,3848,5643476,0,1253621,0,172032,0,0,0,0,18739550,0,0,0,0
query,1195,4096,18602316,95459,9047,1122,17958046,456288,1322,80892,140,18602316,0,36129,8,0,0,0,0,173,3855,5651361,0,1143046,0,172032,0,0,0,0,16487392,0,0,0,0
query,1196,4096,18332860,92344,7564,962,17713496,443193,1142,74019,140,18332860,0,36129,8,0,0,0,0,177,3851,5646829,0,1123409,0,172032,0,0,0,0,16250934,0,0,0,0
query,1197,4096,18106815,94027,8385,982,17493804,434306,1162,73929,220,18106815,0,36129,8,0,0,0,0,189,3844,5633778,0,1101265,0,172032,0,0,0,0,16040630,0,0,0,0
query,1198,4096,18342639,93827,8185,1192,17701855,460595,1413,75452,120,18342639,0,36129,8,0,0,0,0,169,3874,5684000,0,1139416,0,172032,0,0,0,0,16263374,0,0,0,0
query,1199,4096,18087399,94187,8305,1052,17404737,501773,1663,75321,361,18087399,0,36129,8,0,0,0,0,175,3864,5668876,0,1099701,0,172032,0,0,0,0,15965273,0,0,0,0
query,1200,4096,18280132,97233,8055,1593,17677128,424458,1352,70172,141,18280132,0,36129,8,0,0,0,0,167,3870,5673850,0,1094927,0,172032,0,0,0,0,16200749,0,0,0,0
query,1201,4096,17661058,90070,8085,1332,17061411,426391,1323,72226,220,17661058,0,36129,8,0,0,0,0,190,3835,5621478,0,1076049,0,172032,0,0,0,0,15655346,0,0,0,0
query,1202,4096,17586869,88787,8436,1052,16993543,423105,1143,70582,221,17586869,0,36129,8,0,0,0,0,170,3859,5659080,0,1080396,0,172032,0,0,0,0,15594915,0,0,0,0
query,1203,4096,17594453,89078,7935,1172,17011237,405151,1533,78217,130,17594453,0,36129,8,0,0,0,0,179,3848,5645397,0,1084660,0,172032,0,0,0,0,15609488,0,0,0,0
query,1204,4096,17640579,86443,8285,1503,17053887,419689,1302,69430,40,17640579,0,36129,8,0,0,0,0,164,3879,5687542,0,1077658,0,172032,0,0,0,0,15682945,0,0,0,0
query,1205,4096,18073513,88436,7805,1523,17394757,505530,1222,73809,431,18073513,0,36129,8,0,0,0,0,203,3848,5641381,0,1059707,0,172032,0,0,0,0,15931491,0,0,0,0
query,1206,4096,17632154,89278,7634,1222,17049098,409991,891,73919,121,17632154,0,36129,8,0,0,0,0,159,3881,5693722,0,1077285,0,172032,0,0,0,0,15701161,0,0,0,0
query,1207,4096,17718957,89989,7254,1322,17094634,451739,1482,72346,191,17718957,0,36129,8,0,0,0,0,179,3862,5663823,0,1067812,0,172032,0,0,0,0,15690649,0,0,0,0
query,1208,4096,17790280,91351,7985,1032,17208558,408277,1543,71204,330,17790280,0,36129,8,0,0,0,0,145,3896,5718651,0,1077575,0,172032,0,0,0,0,15815209,0,0,0,0
query,1209,4096,17725589,93786,8967,1383,17118819,430519,1082,70823,210,17725589,0,36129,8,0,0,0,0,156,3874,5683388,0,1081894,0,172032,0,0,0,0,15692553,0,0,0,0
query,1210,4096,18190333,89388,7855,1924,17565879,450106,1552,73368,261,18190333,0,36129,8,0,0,0,0,178,3861,5660097,0,1068488,0,172032,0,0,0,0,16089141,0,0,0,0
query,1211,4096,18223886,89689,9377,1373,17617586,424989,1172,79439,261,18223886,0,36129,8,0,0,0,0,168,3874,5679197,0,1065795,0,172032,0,0,0,0,16155585,0,0,0,0
query,1212,4096,17718226,89819,8676,1634,17121303,423696,1122,71715,261,17718226,0,36129,8,0,0,0,0,171,3880,5690687,0,1071483,0,172032,0,0,0,0,15713988,0,0,0,0
query,1213,4096,17626272,90560,7734,972,17021206,434917,992,69771,120,17626272,0,36129,8,0,0,0,0,182,3844,5636226,0,1063852,0,172032,0,0,0,0,15616621,0,0,0,0
query,1214,4096,17632294,92524,7204,1072,17042645,411223,902,76424,300,17632294,0,36129,8,0,0,0,0,166,3861,5665696,0,1070386,0,172032,0,0,0,0,15669685,0,0,0,0
query,1215,4096,17629048,87204,7744,1513,17029582,425179,1562,76144,120,17629048,0,36129,8,0,0,0,0,202,3831,5620319,0,1058343,0,172032,0,0,0,0,15628938,0,0,0,0
query,1216,4096,17567932,89057,7554,1142,16976181,419589,1092,73197,120,17567932,0,36129,8,0,0,0,0,170,3866,5669973,0,1083904,0,172032,0,0,0,0,15590231,0,0,0,0
query,1217,4096,18058895,89408,7454,1011,17473937,412726,1192,72947,220,18058895,0,36129,8,0,0,0,0,181,3849,5643704,0,1071961,0,172032,0,0,0,0,16027358,0,0,0,0
query,1218,4096,17512759,90059,8185,942,16926187,416673,822,69680,211,17512759,0,36129,8,0,0,0,0,175,3861,5662775,0,1073639,0,172032,0,0,0,0,15565395,0,0,0,0
query,1219,4096,17613238,88417,7303,992,17030683,414008,952,70663,220,17613238,0,36129,8,0,0,0,0,163,3870,5672833,0,1066571,0,172032,0,0,0,0,15648412,0,0,0,0
query,1220,4096,17589744,90490,7264,1062,17000376,414479,982,74981,110,17589744,0,36129,8,0,0,0,0,189,3853,5651598,0,1064530,0,172032,0,0,0,0,15626449,0,0,0,0
query,1221,4096,17463206,87324,7153,1173,16896951,400993,1053,68439,120,17463206,0,36129,8,0,0,0,0,193,3846,5643237,0,1062031,0,172032,0,0,0,0,15531867,0,0,0,0
query,1222,4096,18284299,88506,7534,1303,17606565,501553,1512,77175,151,18284299,0,36129,8,0,0,0,0,170,3876,5681135,0,1093162,0,172032,0,0,0,0,16140261,0,0,0,0
query,1223,4096,17643966,89749,8656,1463,17059567,411634,1583,71193,121,17643966,0,36129,8,0,0,0,0,180,3854,5651347,0,1062744,0,172032,0,0,0,0,15672018,0,0,0,0
query,1224,4096,17713496,89939,7795,1132,17126563,418316,1213,68418,120,17713496,0,36129,8,0,0,0,0,159,3881,5689966,0,1069574,0,172032,0,0,0,0,15738957,0,0,0,0
query,1225,4096,17529911,90620,7584,982,16934262,424949,1092,70262,160,17529911,0,36129,8,0,0,0,0,193,3837,5626569,0,1060811,0,172032,0,0,0,0,15533473,0,0,0,0
query,1226,4096,17486700,89779,7273,1203,16894046,421913,1152,71184,150,17486700,0,36129,8,0,0,0,0,170,3857,5657861,0,1082238,0,172032,0,0,0,0,15504017,0,0,0,0
query,1227,4096,17565348,89308,7764,1233,16987983,407556,1122,70141,241,17565348,0,36129,8,0,0,0,0,171,3871,5675745,0,1063119,0,172032,0,0,0,0,15553899,0,0,0,0
query,1228,4096,20112585,88737,7114,1202,19426024,510920,1363,77075,150,20112585,0,36129,8,0,0,0,0,208,3829,5613899,0,1127013,0,172032,0,0,0,0,17746129,0,0,0,0
query,1229,4096,17627535,90540,8716,1173,17031655,424367,802,70152,130,17627535,0,36129,8,0,0,0,0,173,3866,5670470,0,1068901,0,172032,0,0,0,0,15654827,0,0,0,0
query,1230,4096,17561701,90821,7133,952,16971222,413958,1582,75893,140,17561701,0,36129,8,0,0,0,0,180,3852,5648250,0,1072844,0,172032,0,0,0,0,15583145,0,0,0,0
query,1231,4096,17630711,87304,7174,1352,17047956,415721,1262,69821,121,17630711,0,36129,8,0,0,0,0,202,3851,5646976,0,1061543,0,172032,0,0,0,0,15634251,0,0,0,0
query,1232,4096,17556472,90110,7103,922,16972073,414649,1012,70472,131,17556472,0,36129,8,0,0,0,0,188,3859,5656922,0,1073603,0,172032,0,0,0,0,15573248,0,0,0,0
query,1233,4096,17561641,89679,7424,1182,16983234,408528,861,70603,130,17561641,0,36129,8,0,0,0,0,176,3862,5661752,0,1065422,0,172032,0,0,0,0,15583033,0,0,0,0
query,1234,4096,18267888,89278,7364,1052,17682057,410782,1132,76103,120,18267888,0,36129,8,0,0,0,0,184,3857,5656631,0,1064991,0,172032,0,0,0,0,16218024,0,0,0,0
query,1235,4096,17464879,86834,7644,1373,16888916,409569,933,69470,140,17464879,0,36129,8,0,0,0,0,192,3847,5638820,0,1071583,0,172032,0,0,0,0,15528544,0,0,0,0
query,1236,4096,17588011,89248,7023,1433,17002781,416522,1373,69500,131,17588011,0,36129,8,0,0,0,0,152,3879,5688271,0,1073017,0,172032,0,0,0,0,15613083,0,0,0,0
query,1237,4096,17451665,89599,7043,1333,16868799,404830,1062,78848,151,17451665,0,36129,8,0,0,0,0,183,3848,5643762,0,1063168,0,172032,0,0,0,0,15488152,0,0,0,0
query,1238,4096,17647331,74750,7424,1413,17082450,411323,1403,68418,150,17647331,0,36129,8,0,0,0,0,157,3881,5691183,0,1068929,0,172032,0,0,0,0,15678409,0,0,0,0
query,1239,4096,17921067,88397,7183,1393,17214598,534233,963,74179,121,17921067,0,36129,8,0,0,0,0,181,3849,5643812,0,1075860,0,172032,0,0,0,0,15728389,0,0,0,0
query,1240,4096,17699300,89619,6973,1773,17120101,411904,952,67858,120,17699300,0,36129,8,0,0,0,0,177,3868,5673112,0,1082675,0,172032,0,0,0,0,15727993,0,0,0,0
query,1241,4096,17552304,88427,7053,1242,16953839,429227,1011,71384,121,17552304,0,36129,8,0,0,0,0,179,3848,5648110,0,1065117,0,172032,0,0,0,0,15561878,0,0,0,0
query,1242,4096,17661389,89859,6933,1223,17058535,431832,971,71845,191,17661389,0,36129,8,0,0,0,0,179,3849,5646473,0,1073199,0,172032,0,0,0,0,15661299,0,0,0,0
query,1243,4096,17653904,89348,7654,802,17045621,436811,1142,72406,120,17653904,0,36129,8,0,0,0,0,182,3852,5649305,0,1062620,0,172032,0,0,0,0,15646744,0,0,0,0
query,1244,4096,17618337,88396,7604,1302,17021005,424898,943,73969,220,17618337,0,36129,8,0,0,0,0,193,3849,5643475,0,1064237,0,172032,0,0,0,0,15630511,0,0,0,0
query,1245,4096,18134908,90069,8005,1022,17496158,465815,1112,72586,141,18134908,0,36129,8,0,0,0,0,192,3845,5639850,0,1061827,0,172032,0,0,0,0,16028469,0,0,0,0
query,1246,4096,17639647,89758,7394,1253,17047124,422885,1091,70022,120,17639647,0,36129,8,0,0,0,0,163,3885,5697629,0,1099700,0,172032,0,0,0,0,15676253,0,0,0,0
query,1247,4096,17536654,88777,7834,1042,16949741,416332,642,72166,120,17536654,0,36129,8,0,0,0,0,185,3848,5642106,0,1067817,0,172032,0,0,0,0,15567922,0,0,0,0
query,1248,4096,17449019,92985,7905,941,16862357,414579,1253,68879,120,17449019,0,36129,8,0,0,0,0,178,3848,5641677,0,1071566,0,172032,0,0,0,0,15486683,0,0,0,0
query,1249,4096,17636862,89708,7314,1312,17059147,408087,1473,69691,130,17636862,0,36129,8,0,0,0,0,176,3874,5685252,0,1077377,0,172032,0,0,0,0,15685325,0,0,0,0
query,1250,4096,17471882,88125,7785,1192,16883246,420711,1052,69640,131,17471882,0,36129,8,0,0,0,0,173,3866,5668676,0,1065617,0,172032,0,0,0,0,15523363,0,0,0,0
query,1251,4096,18110132,89108,7153,1072,17517057,422433,1214,71875,220,18110132,0,36129,8,0,0,0,0,172,3863,5662378,0,1068923,0,172032,0,0,0,0,16072426,0,0,0,0
query,1252,4096,17469888,90159,7855,1363,16892864,406093,1032,70372,150,17469888,0,36129,8,0,0,0,0,187,3855,5653608,0,1057850,0,172032,0,0,0,0,15505582,0,0,0,0
query,1253,4096,17397552,88696,7815,1012,16820418,408878,1002,69611,120,17397552,0,36129,8,0,0,0,0,181,3847,5640591,0,1061619,0,172032,0,0,0,0,15474046,0,0,0,0
query,1254,4096,17442497,89258,6963,1162,16865292,407947,1362,70252,261,17442497,0,36129,8,0,0,0,0,186,3854,5652791,0,1056733,0,172032,0,0,0,0,15484947,0,0,0,0
query,1255,4096,20758568,89638,7153,992,20096535,463330,1503,99196,221,20758568,0,36129,8,0,0,0,0,178,3854,5652338,0,1285890,0,172032,0,0,0,0,18539403,0,0,0,0
query,1256,4096,18175705,90069,6703,1402,17479607,522092,1001,74801,30,18175705,0,36129,0,0,0,0,0,196,3850,5644205,0,1072094,0,172032,0,0,0,0,15987588,0,0,0,0
query,1257,4096,17735607,90049,7434,1513,17149887,416553,1102,68839,230,17735607,0,36129,0,0,0,0,0,167,3869,5672722,0,1098445,0,172032,0,0,0,0,15775666,0,0,0,0
query,1258,4096,20292543,90150,7904,1573,19658191,455065,1743,77426,491,20292543,0,36129,0,0,0,0,0,171,3859,5661461,0,1299559,0,172032,0,0,0,0,18083730,0,0,0,0
query,1259,4096,19490796,96952,9007,1142,18867866,438985,1372,75272,200,19490796,0,36129,3,0,0,0,0,166,3877,5685459,0,1232218,0,172032,0,0,0,0,17365917,0,0,0,0
query,1260,4096,19681915,83838,8997,1342,19039188,463070,1182,84138,160,19681915,0,36129,3,0,0,0,0,184,3857,5658262,0,1243153,0,172032,0,0,0,0,17503856,0,0,0,0
query,1261,4096,19701582,90380,9598,1342,19046742,465886,1492,85821,321,19701582,0,36129,3,0,0,0,0,173,3881,5690368,0,1234300,0,172032,0,0,0,0,17536625,0,0,0,0
query,1262,4096,22249851,95980,11863,2064,21593807,466807,1403,77766,161,22249851,0,36129,3,0,0,0,0,195,3836,5629579,0,1298797,0,172032,0,0,0,0,19628366,0,0,0,0
query,1263,4096,19944529,65954,11201,1613,19337057,448052,1653,78829,170,19944529,0,36129,3,0,0,0,0,176,3862,5665255,0,1246604,0,172032,0,0,0,0,17667391,0,0,0,0
query,1264,4096,19681755,65283,10530,1352,19072420,452390,1533,78016,231,19681755,0,36129,3,0,0,0,0,169,3870,5678621,0,1233853,0,172032,0,0,0,0,17439673,0,0,0,0
query,1265,4096,21349940,64491,10249,1303,20631369,546768,1643,93886,231,21349940,0,36129,3,0,0,0,0,188,3849,5643928,0,1371803,0,172032,0,0,0,0,18931520,0,0,0,0
query,1266,4096,21119727,76704,11582,1503,20255743,668817,1994,103214,170,21119727,0,36129,3,0,0,0,0,175,3862,5665328,0,1289632,0,172032,0,0,0,0,18371041,0,0,0,0
query,1267,4096,19994502,78357,11482,1693,19383294,438274,1723,79529,150,19994502,0,36129,3,0,0,0,0,204,3840,5631192,0,1224002,0,172032,0,0,0,0,17635231,0,0,0,0
query,1268,4096,20006735,98004,9227,1443,19350773,469542,1152,76474,120,20006735,0,36129,3,0,0,0,0,167,3877,5686290,0,1241300,0,172032,0,0,0,0,17647621,0,0,0,0
query,1269,4096,19407549,81543,8446,801,18772657,466957,1603,75292,250,19407549,0,36129,3,0,0,0,0,168,3873,5678095,0,1206230,0,172032,0,0,0,0,17083876,0,0,0,0
query,1270,4096,19029810,80742,8185,1182,18421357,442301,1493,74149,401,19029810,0,36129,3,0,0,0,0,152,3897,5715926,0,1183240,0,172032,0,0,0,0,16939238,0,0,0,0
query,1271,4096,18943487,81263,8025,1282,18332670,445006,1012,74009,220,18943487,0,36129,3,0,0,0,0,157,3884,5695907,0,1183921,0,172032,0,0,0,0,16844152,0,0,0,0
query,1272,4096,19502468,81513,8666,1092,18882273,446830,1212,80752,130,19502468,0,36129,3,0,0,0,0,169,3871,5674887,0,1178242,0,172032,0,0,0,0,17348256,0,0,0,0
query,1273,4096,19685452,94057,8606,1442,18986088,515399,1582,78057,221,19685452,0,36129,3,0,0,0,0,170,3867,5671943,0,1199670,0,172032,0,0,0,0,17396173,0,0,0,0
query,1274,4096,19018158,81143,8897,1012,18392802,453592,872,79680,160,19018158,0,36129,0,0,0,0,0,172,3859,5656848,0,1165354,0,172032,0,0,0,0,16867234,0,0,0,0
query,1275,4096,19056860,98304,9578,1493,18411809,459383,1052,75081,160,19056860,0,36129,0,0,0,0,0,147,3886,5697322,0,1179507,0,172032,0,0,0,0,16917646,0,0,0,0
query,1276,4096,18989093,85240,10590,1142,18377674,436941,1443,75792,271,18989093,0,36129,0,0,0,0,0,175,3865,5666949,0,1174176,0,172032,0,0,0,0,16871231,0,0,0,0
query,1277,4096,19521514,97283,9899,1262,18887382,447040,1473,77025,150,19521514,0,36129,0,0,0,0,0,175,3864,5667001,0,1171661,0,172032,0,0,0,0,17309631,0,0,0,0
query,1278,4096,18892211,110297,9809,1533,18249673,442632,1062,77055,150,18892211,0,36129,0,0,0,0,0,183,3860,5659910,0,1188307,0,172032,0,0,0,0,16740085,0,0,0,0
query,1279,4096,18913230,81613,9067,1403,18303164,439236,1282,77255,210,18913230,0,36129,0,0,0,0,0,166,3856,5658194,0,1180833,0,172032,0,0,0,0,16829489,0,0,0,0
query,1280,4096,18781654,82105,7704,1092,18169002,445588,1102,74690,371,18781654,0,36129,0,0,0,0,0,174,3860,5662001,0,1168941,0,172032,0,0,0,0,16659456,0,0,0,0
query,1281,4096,18890458,82294,7965,1443,18277296,443784,1242,76213,221,18890458,0,36129,0,0,0,0,0,190,3852,5649084,0,1167391,0,172032,0,0,0,0,16768129,0,0,0,0
query,1282,4096,19388454,82024,7965,1223,18710479,503436,1052,82064,211,19388454,0,36129,0,0,0,0,0,187,3850,5646755,0,1169606,0,172032,0,0,0,0,17136419,0,0,0,0
query,1283,4096,18957313,81663,8246,1162,18345213,443464,1913,75422,230,18957313,0,36129,0,0,0,0,0,183,3852,5647972,0,1184847,0,172032,0,0,0,0,16817753,0,0,0,0
query,1284,4096,18768779,80741,8036,971,18172990,430870,1282,73708,181,18768779,0,36129,0,0,0,0,0,180,3863,5663119,0,1165547,0,172032,0,0,0,0,16676080,0,0,0,0
query,1285,4096,18800599,82254,7635,1292,18185403,445567,1443,76854,151,18800599,0,36129,0,0,0,0,0,168,3870,5677044,0,1171886,0,172032,0,0,0,0,16696169,0,0,0,0
query,1286,4096,18929782,97874,9117,962,18290590,456778,1253,72987,221,18929782,0,36129,0,0,0,0,0,171,3874,5679612,0,1171824,0,172032,0,0,0,0,16798534,0,0,0,0
query,1287,4096,18872084,81784,7514,862,18166397,525618,1052,88526,331,18872084,0,36129,0,0,0,0,0,175,3862,5663537,0,1179180,0,172032,0,0,0,0,16682643,0,0,0,0
query,1288,4096,19288166,118082,8807,1923,18600904,476506,1542,80261,141,19288166,0,36129,0,0,0,0,0,175,3862,5664814,0,1182853,0,172032,0,0,0,0,17041374,0,0,0,0
query,1289,4096,18808203,81603,9328,1182,18197776,441921,1362,74901,130,18808203,0,36129,0,0,0,0,0,182,3839,5630947,0,1157341,0,172032,0,0,0,0,16712680,0,0,0,0
query,1290,4096,18886721,96862,8005,1683,18257669,443283,1713,77295,211,18886721,0,36129,0,0,0,0,0,171,3867,5671339,0,1175543,0,172032,0,0,0,0,16763466,0,0,0,0
query,1291,4096,18792333,81914,8686,1173,18188659,433274,931,77416,280,18792333,0,36129,0,0,0,0,0,166,3861,5663576,0,1166709,0,172032,0,0,0,0,16692246,0,0,0,0
query,1292,4096,18740025,100619,8275,1313,18116693,438003,1503,73499,120,18740025,0,36129,0,0,0,0,0,186,3846,5640587,0,1162544,0,172032,0,0,0,0,16634957,0,0,0,0
query,1293,4096,21158760,80401,8105,1283,20533876,454183,1262,79490,160,21158760,0,36129,0,0,0,0,0,179,3875,5680796,0,1198129,0,172032,0,0,0,0,18834210,0,0,0,0
query,1294,4096,18989695,97313,16261,1182,18342989,454965,1402,75422,161,18989695,0,36129,0,0,0,0,0,170,3867,5673569,0,1184433,0,172032,0,0,0,0,16800240,0,0,0,0
query,1295,4096,18803835,96491,8156,1422,18186766,434446,872,75511,171,18803835,0,36129,0,0,0,0,0,163,3866,5668298,0,1166776,0,172032,0,0,0,0,16697559,0,0,0,0
query,1296,4096,18689981,95730,7814,1253,18070988,439706,1172,73138,180,18689981,0,36129,0,0,0,0,0,176,3865,5666655,0,1158376,0,172032,0,0,0,0,16597056,0,0,0,0
query,1297,4096,18951011,95429,8266,1162,18289558,479151,952,76343,150,18951011,0,36129,0,0,0,0,0,168,3863,5665225,0,1148780,0,172032,0,0,0,0,16761914,0,0,0,0
query,1298,4096,20611782,95920,9428,1122,19870409,539454,1613,93596,240,20611782,0,36129,0,0,0,0,0,170,3866,5665136,0,1264025,0,172032,0,0,0,0,18305111,0,0,0,0
query,1299,4096,21984833,120156,9999,1563,21142339,445296,2175,263224,81,21984833,0,36129,3,0,0,0,0,178,3866,5668507,0,1247647,0,172032,0,0,0,0,19129902,0,0,0,0
query,1300,4096,20983682,250241,12543,1583,20016313,441820,1544,259397,241,20983682,0,36129,4,0,0,0,0,168,3864,5666724,0,1179786,0,172032,0,0,0,0,18117364,0,0,0,0
query,1301,4096,22707470,224251,11101,1253,21954525,438624,1463,76113,140,22707470,0,36129,3,0,0,0,0,186,3845,5642321,0,1314273,0,172032,0,0,0,0,20146146,0,0,0,0
query,1302,4096,18882182,81994,9168,1022,18285781,429106,1032,73959,120,18882182,0,36129,3,0,0,0,0,191,3854,5651588,0,1163854,0,172032,0,0,0,0,16756673,0,0,0,0
query,1303,4096,18876201,85852,8466,1362,18268689,435528,1323,74771,210,18876201,0,36129,3,0,0,0,0,154,3877,5685530,0,1161405,0,172032,0,0,0,0,16804674,0,0,0,0
query,1304,4096,18877674,80792,8396,902,18268048,441570,1162,76664,140,18877674,0,36129,3,0,0,0,0,179,3868,5671107,0,1173250,0,172032,0,0,0,0,16776016,0,0,0,0
query,1305,4096,18836326,96552,8746,1042,18204148,447732,1312,76564,230,18836326,0,36129,3,0,0,0,0,182,3849,5648074,0,1162283,0,172032,0,0,0,0,16683984,0,0,0,0
query,1306,4096,18919843,97082,9037,1193,18277395,452481,1012,81382,261,18919843,0,36129,3,0,0,0,0,181,3854,5652821,0,1157602,0,172032,0,0,0,0,16762385,0,0,0,0
query,1307,4096,18844161,78057,8846,1233,18246277,433826,1161,74641,120,18844161,0,36129,3,0,0,0,0,166,3872,5681556,0,1164448,0,172032,0,0,0,0,16747272,0,0,0,0
query,1308,4096,19306449,82625,8105,1113,18550599,541417,1343,121077,170,19306449,0,36129,3,0,0,0,0,174,3855,5655030,0,1174369,0,172032,0,0,0,0,16971735,0,0,0,0
query,1309,4096,21839700,92584,9518,1273,21135646,511310,1855,87344,170,21839700,0,36129,3,0,0,0,0,184,3863,5663849,0,1292600,0,172032,0,0,0,0,19174741,0,0,0,0
query,1310,4096,19033547,70673,9818,1233,18427898,441810,1533,80442,140,19033547,0,36129,9,0,0,0,0,168,3870,5673001,0,1186583,0,172032,0,0,0,0,16909619,0,0,0,0
query,1311,4096,19960929,79139,8876,1203,19293124,492947,931,84559,150,19960929,0,36129,0,0,0,0,0,184,3860,5659747,0,1165776,0,172032,0,0,0,0,17590428,0,0,0,0
query,1312,4096,19059064,79399,9227,1203,18430403,460937,1752,75923,220,19059064,0,36129,0,0,0,0,0,164,3869,5674665,0,1173052,0,172032,0,0,0,0,16938593,0,0,0,0
query,1313,4096,19314895,81453,9207,1162,18554287,588125,1442,79089,130,19314895,0,36129,3,0,0,0,0,177,3863,5666763,0,1176971,0,172032,0,0,0,0,17004064,0,0,0,0
query,1314,4096,19007427,81563,9037,1372,18383085,454273,1423,76444,230,19007427,0,36129,3,0,0,0,0,192,3848,5642526,0,1161649,0,172032,0,0,0,0,16886693,0,0,0,0
query,1315,4096,18824022,81994,8796,1443,18204949,450196,1193,75291,160,18824022,0,36129,3,0,0,0,0,174,3860,5662375,0,1157565,0,172032,0,0,0,0,16728172,0,0,0,0
query,1316,4096,18758660,82074,7304,942,18162960,431120,1203,72947,110,18758660,0,36129,3,0,0,0,0,201,3846,5638119,0,1164213,0,172032,0,0,0,0,16690153,0,0,0,0
query,1317,4096,19554686,85962,8466,1332,18943317,435648,1354,78377,230,19554686,0,36129,3,0,0,0,0,161,3883,5692850,0,1186326,0,172032,0,0,0,0,17345217,0,0,0,0
query,1318,4096,18814815,97222,9769,1312,18171076,459935,851,74510,140,18814815,0,36129,3,0,0,0,0,174,3848,5641918,0,1166217,0,172032,0,0,0,0,16675853,0,0,0,0
query,1319,4096,18944379,81564,8225,1353,18325235,451839,962,74961,240,18944379,0,36129,3,0,0,0,0,185,3849,5645209,0,1173785,0,172032,0,0,0,0,16831832,0,0,0,0
query,1320,4096,18887432,81503,7985,831,18254773,465494,943,75672,231,18887432,0,36129,3,0,0,0,0,170,3859,5657219,0,1173532,0,172032,0,0,0,0,16740075,0,0,0,0
query,1321,4096,18894786,81564,8095,1352,18256026,469633,1282,76403,431,18894786,0,36129,3,0,0,0,0,171,3866,5673681,0,1172236,0,172032,0,0,0,0,16780293,0,0,0,0
query,1322,4096,19051891,97313,8185,982,18425163,444696,1392,73959,201,19051891,0,36129,3,0,0,0,0,154,3884,5695839,0,1193656,0,172032,0,0,0,0,16925623,0,0,0,0
query,1323,4096,18866183,81153,8616,1703,18254703,440257,1023,78597,131,18866183,0,36129,11,0,0,0,0,179,3870,5674872,0,1169226,0,172032,0,0,0,0,16768423,0,0,0,0
query,1324,4096,21709796,78939,8125,1262,21033655,507043,1393,79239,140,21709796,0,36129,11,0,0,0,0,166,3861,5662361,0,1239902,0,172032,0,0,0,0,19221243,0,0,0,0
query,1325,4096,19027325,81934,9898,1383,18420585,435488,1132,76444,461,19027325,0,36129,11,0,0,0,0,162,3880,5689451,0,1189836,0,172032,0,0,0,0,16930512,0,0,0,0
query,1326,4096,18905846,80120,9578,1163,18288877,447611,1282,76965,250,18905846,0,36129,11,0,0,0,0,191,3847,5645123,0,1177028,0,172032,0,0,0,0,16794131,0,0,0,0
query,1327,4096,18795569,97223,9437,1083,18165595,444275,1122,76564,270,18795569,0,36129,11,0,0,0,0,179,3854,5652933,0,1190487,0,172032,0,0,0,0,16659437,0,0,0,0
query,1328,4096,18831466,82194,7865,922,18218485,445287,871,75722,120,18831466,0,36129,11,0,0,0,0,193,3835,5626221,0,1186189,0,172032,0,0,0,0,16727623,0,0,0,0
query,1329,4096,20072519,81994,8557,1001,19368927,530267,1893,79550,330,20072519,0,36129,11,0,0,0,0,171,3859,5658949,0,1194952,0,172032,0,0,0,0,17747294,0,0,0,0
query,1330,4096,18893694,97644,9077,1182,18267858,441740,1002,74921,270,18893694,0,36129,11,0,0,0,0,191,3846,5640398,0,1166742,0,172032,0,0,0,0,16771324,0,0,0,0
query,1331,4096,18954558,98525,7825,1082,18334743,434517,1252,76073,541,18954558,0,36129,11,0,0,0,0,161,3881,5692417,0,1173851,0,172032,0,0,0,0,16832692,0,0,0,0
query,1332,4096,19043265,98204,8276,1373,18412028,443022,1453,78748,161,19043265,0,36129,11,0,0,0,0,185,3861,5663770,0,1167686,0,172032,0,0,0,0,16907163,0,0,0,0
query,1333,4096,18805457,82445,7343,832,18204348,435378,1523,73368,220,18805457,0,36129,11,0,0,0,0,179,3867,5673120,0,1170930,0,172032,0,0,0,0,16713975,0,0,0,0
query,1334,4096,18754472,82124,7384,972,18159013,426852,1282,76665,180,18754472,0,36129,11,0,0,0,0,187,3849,5647717,0,1166540,0,172032,0,0,0,0,16682724,0,0,0,0
query,1335,4096,19531722,81503,7835,1112,18907650,453923,1142,78267,290,19531722,0,36129,11,0,0,0,0,148,3899,5716487,0,1194331,0,172032,0,0,0,0,17341068,0,0,0,0
query,1336,4096,18898212,81183,7835,971,18270142,461347,1363,75211,160,18898212,0,36129,11,0,0,0,0,180,3850,5648628,0,1169974,0,172032,0,0,0,0,16777397,0,0,0,0
query,1337,4096,19025241,97403,8356,1292,18390489,449214,1102,77225,160,19025241,0,36129,11,0,0,0,0,164,3871,5679013,0,1181993,0,172032,0,0,0,0,16896052,0,0,0,0
query,1338,4096,19139064,97994,8846,1553,18503441,447681,1653,77656,240,19139064,0,36129,11,0,0,0,0,155,3879,5686817,0,1181910,0,172032,0,0,0,0,16991761,0,0,0,0
query,1339,4096,18917679,97253,8917,1362,18296682,436230,1112,76003,120,18917679,0,36129,11,0,0,0,0,151,3897,5715048,0,1204762,0,172032,0,0,0,0,16813603,0,0,0,0
query,1340,4096,19509280,81653,8115,1383,18889366,447491,1262,79780,230,19509280,0,36129,11,0,0,0,0,162,3887,5699343,0,1189236,0,172032,0,0,0,0,17315538,0,0,0,0
query,1341,4096,18743101,93566,7935,1172,18137042,427934,1112,74099,241,18743101,0,36129,11,0,0,0,0,187,3843,5635843,0,1166057,0,172032,0,0,0,0,16657575,0,0,0,0
query,1342,4096,19006015,82595,7965,1082,18372905,464764,1362,75171,171,19006015,0,36129,11,0,0,0,0,157,3877,5685417,0,1178229,0,172032,0,0,0,0,16878307,0,0,0,0
query,1343,4096,18879968,81683,7825,1473,18269039,442842,1283,75592,231,18879968,0,36129,11,0,0,0,0,167,3871,5677037,0,1169328,0,172032,0,0,0,0,16764637,0,0,0,0
query,1344,4096,19326236,98214,7685,992,18673740,466407,1502,77566,130,19326236,0,36129,11,0,0,0,0,178,3870,5674974,0,1236993,0,172032,0,0,0,0,17125724,0,0,0,0
query,1345,4096,19595453,81363,9147,1293,18885518,536518,1523,79540,551,19595453,0,36129,0,0,0,0,0,170,3861,5664035,0,1177424,0,172032,0,0,0,0,17279916,0,0,0,0
query,1346,4096,18905456,81804,9067,1372,18302493,435689,931,73969,131,18905456,0,36129,0,0,0,0,0,193,3847,5641799,0,1194751,0,172032,0,0,0,0,16797035,0,0,0,0
query,1347,4096,18796511,81202,9448,1583,18197355,432252,1112,73408,151,18796511,0,36129,0,0,0,0,0,183,3864,5665313,0,1170809,0,172032,0,0,0,0,16727806,0,0,0,0
query,1348,4096,18898283,81924,8576,1303,18284980,441379,1052,78948,121,18898283,0,36129,0,0,0,0,0,175,3872,5679412,0,1193269,0,172032,0,0,0,0,16801728,0,0,0,0
query,1349,4096,18839953,77326,8856,1183,18237801,436911,1332,76404,140,18839953,0,36129,0,0,0,0,0,149,3885,5701148,0,1185888,0,172032,0,0,0,0,16760125,0,0,0,0
query,1350,4096,18990756,97103,8826,1283,18202114,597723,1503,82054,150,18990756,0,36129,0,0,0,0,0,162,3870,5673354,0,1178537,0,172032,0,0,0,0,16689389,0,0,0,0
query,1351,4096,19210028,81904,7785,1993,18601655,439677,1492,75292,230,19210028,0,36129,0,0,0,0,0,168,3868,5672698,0,1173061,0,172032,0,0,0,0,17062266,0,0,0,0
query,1352,4096,18806580,82144,7865,1222,18207455,433885,872,73017,120,18806580,0,36129,0,0,0,0,0,167,3868,5673133,0,1179565,0,172032,0,0,0,0,16713739,0,0,0,0
query,1353,4096,18840443,81633,7304,992,18236328,438544,1002,74520,120,18840443,0,36129,0,0,0,0,0,163,3875,5681519,0,1170919,0,172032,0,0,0,0,16735845,0,0,0,0
query,1354,4096,18768468,82034,7324,1212,18167199,433074,1332,76173,120,18768468,0,36129,0,0,0,0,0,175,3857,5653789,0,1164077,0,172032,0,0,0,0,16685694,0,0,0,0
query,1355,4096,18846635,81373,7564,1132,18236729,440518,1583,77506,230,18846635,0,36129,0,0,0,0,0,198,3829,5614104,0,1170268,0,172032,0,0,0,0,16717603,0,0,0,0
query,1356,4096,21250252,97062,8767,1252,20600511,460615,1934,79880,231,21250252,0,36129,0,0,0,0,0,195,3846,5636580,0,1195012,0,172032,0,0,0,0,18866410,0,0,0,0
query,1357,4096,18981058,81413,9317,1142,18358308,447942,1443,81333,160,18981058,0,36129,0,0,0,0,0,174,3870,5677619,0,1166010,0,172032,0,0,0,0,16849153,0,0,0,0
query,1358,4096,18855031,82044,7434,962,18197956,488008,961,77436,230,18855031,0,36129,0,0,0,0,0,203,3820,5601146,0,1149466,0,172032,0,0,0,0,16670979,0,0,0,0
query,1359,4096,18828301,97243,8556,841,18204028,440979,1392,75041,221,18828301,0,36129,0,0,0,0,0,192,3852,5652280,0,1158829,0,172032,0,0,0,0,16714834,0,0,0,0
query,1360,4096,18773718,81623,8045,1282,18168682,429257,1262,83296,271,18773718,0,36129,0,0,0,0,0,182,3850,5649511,0,1150568,0,172032,0,0,0,0,16702309,0,0,0,0
query,1361,4096,19690601,94908,8236,932,19023597,477697,1774,83307,150,19690601,0,36129,0,0,0,0,0,162,3880,5688133,0,1161758,0,172032,0,0,0,0,17376487,0,0,0,0
query,1362,4096,19018408,81593,8496,1473,18385649,464764,1382,74911,140,19018408,0,36129,0,0,0,0,0,184,3865,5670439,0,1170571,0,172032,0,0,0,0,16878516,0,0,0,0
query,1363,4096,18862415,81273,7774,952,18243692,451058,1262,76264,140,18862415,0,36129,0,0,0,0,0,192,3835,5623488,0,1152700,0,172032,0,0,0,0,16756074,0,0,0,0
query,1364,4096,18919031,81813,8306,1092,18306921,444475,1143,75051,230,18919031,0,36129,0,0,0,0,0,162,3878,5683394,0,1171001,0,172032,0,0,0,0,16801170,0,0,0,0
query,1365,4096,18688728,82044,7474,1263,18088200,433945,1363,74019,420,18688728,0,36129,0,0,0,0,0,201,3833,5622535,0,1160581,0,172032,0,0,0,0,16616460,0,0,0,0
query,1366,4096,19326247,82145,7704,1152,18517838,634793,1172,81302,141,19326247,0,36129,0,0,0,0,0,182,3852,5648396,0,1155641,0,172032,0,0,0,0,16906523,0,0,0,0
query,1367,4096,19051540,82204,8857,891,18449509,434898,1142,73919,120,19051540,0,36129,0,0,0,0,0,177,3861,5660278,0,1174276,0,172032,0,0,0,0,16913944,0,0,0,0
query,1368,4096,18644946,81192,7614,1042,18039779,435709,872,78457,281,18644946,0,36129,0,0,0,0,0,200,3819,5601524,0,1159810,0,172032,0,0,0,0,16575620,0,0,0,0
query,1369,4096,19454557,81874,8115,1202,18807412,475744,1512,78488,210,19454557,0,36129,0,0,0,0,0,169,3876,5684052,0,1169627,0,172032,0,0,0,0,17181616,0,0,0,0
query,1370,4096,18782595,81643,8426,922,18179311,437122,1292,73758,121,18782595,0,36129,0,0,0,0,0,189,3839,5628537,0,1153279,0,172032,0,0,0,0,16620809,0,0,0,0
query,1371,4096,18684401,81824,7464,1222,18081438,436460,1553,74309,131,18684401,0,36129,0,0,0,0,0,185,3838,5628377,0,1158754,0,172032,0,0,0,0,16593894,0,0,0,0
query,1372,4096,19432627,82585,7855,1032,18818553,444665,1052,76614,271,19432627,0,36129,0,0,0,0,0,187,3848,5644738,0,1163592,0,172032,0,0,0,0,17219286,0,0,0,0
query,1373,4096,18989624,82164,8035,1252,18388996,433084,1613,74309,171,18989624,0,36129,0,0,0,0,0,164,3874,5682223,0,1176081,0,172032,0,0,0,0,16904628,0,0,0,0
query,1374,4096,19035691,80331,8466,1373,18408953,459082,832,76604,50,19035691,0,36129,0,0,0,0,0,188,3845,5639124,0,1164380,0,172032,0,0,0,0,16868782,0,0,0,0
query,1375,4096,18803003,82645,7905,1002,18159334,473199,1232,77446,240,18803003,0,36129,0,0,0,0,0,180,3851,5646660,0,1162789,0,172032,0,0,0,0,16647794,0,0,0,0
query,1376,4096,18964367,82345,7634,922,18361193,434367,1472,76243,191,18964367,0,36129,0,0,0,0,0,150,3896,5713875,0,1191608,0,172032,0,0,0,0,16843322,0,0,0,0
query,1377,4096,19343138,81843,8276,1543,18685232,486574,1002,78447,221,19343138,0,36129,0,0,0,0,0,202,3833,5621935,0,1175222,0,172032,0,0,0,0,17094672,0,0,0,0
query,1378,4096,18855923,97864,8115,1222,18222823,451088,1533,73107,171,18855923,0,36129,0,0,0,0,0,181,3858,5659429,0,1164327,0,172032,0,0,0,0,16725771,0,0,0,0
query,1379,4096,18762998,81012,7444,942,18161969,436189,802,74510,130,18762998,0,36129,0,0,0,0,0,199,3842,5634082,0,1161152,0,172032,0,0,0,0,16679841,0,0,0,0
query,1380,4096,18996787,82094,7364,1082,18370029,461327,1643,73118,130,18996787,0,36129,0,0,0,0,0,165,3870,5681812,0,1201444,0,172032,0,0,0,0,16885310,0,0,0,0
query,1381,4096,18931765,81743,8506,1042,18317090,445237,1242,76754,151,18931765,0,36129,3,0,0,0,0,174,3867,5671097,0,1178521,0,172032,0,0,0,0,16827698,0,0,0,0
query,1382,4096,19377182,94809,10099,1482,18645187,544573,1563,79259,210,19377182,0,36129,3,0,0,0,0,185,3856,5652924,0,1177986,0,172032,0,0,0,0,17061476,0,0,0,0
query,1383,4096,19212192,80351,9979,1212,18561510,481655,1933,75492,60,19212192,0,36129,3,0,0,0,0,149,3892,5707361,0,1172836,0,172032,0,0,0,0,17005428,0,0,0,0
query,1384,4096,18878635,81503,7745,991,18270803,440798,1163,75502,130,18878635,0,36129,1,0,0,0,0,171,3872,5674966,0,1165672,0,172032,0,0,0,0,16756598,0,0,0,0
query,1385,4096,18952765,95971,9237,1222,18325917,444395,1322,74470,231,18952765,0,36129,3,0,0,0,0,196,3844,5639767,0,1164879,0,172032,0,0,0,0,16829047,0,0,0,0
query,1386,4096,18776794,80642,8165,1222,18180273,430249,881,75232,130,18776794,0,36129,3,0,0,0,0,193,3830,5615840,0,1158495,0,172032,0,0,0,0,16691399,0,0,0,0
query,1387,4096,18893754,92374,9037,1342,18257388,457560,1402,74430,221,18893754,0,36129,3,0,0,0,0,184,3864,5669954,0,1173506,0,172032,0,0,0,0,16760818,0,0,0,0
query,1388,4096,21098356,80982,7885,1262,20492348,437162,1372,77205,140,21098356,0,36129,3,0,0,0,0,153,3878,5690232,0,1200790,0,172032,0,0,0,0,18749787,0,0,0,0
query,1389,4096,18935181,82064,9488,1192,18314686,451668,782,75161,140,18935181,0,36129,3,0,0,0,0,175,3854,5652083,0,1188885,0,172032,0,0,0,0,16823730,0,0,0,0
query,1390,4096,18917619,80151,7734,1183,18302432,449504,1544,74951,120,18917619,0,36129,3,0,0,0,0,157,3870,5675055,0,1189101,0,172032,0,0,0,0,16795534,0,0,0,0
query,1391,4096,18850252,81353,8415,1022,18240807,441860,1192,75472,131,18850252,0,36129,3,0,0,0,0,191,3860,5659544,0,1177135,0,172032,0,0,0,0,16756792,0,0,0,0
query,1392,4096,18861363,95991,8666,1052,18240927,439626,1052,73909,140,18861363,0,36129,3,0,0,0,0,177,3866,5670923,0,1211182,0,172032,0,0,0,0,16736552,0,0,0,0
query,1393,4096,19473443,82264,7274,952,18834021,470504,1613,76634,181,19473443,0,36129,3,0,0,0,0,170,3872,5678702,0,1168515,0,172032,0,0,0,0,17257674,0,0,0,0
query,1394,4096,18898061,81142,8366,1282,18288637,442742,1092,74530,270,18898061,0,36129,3,0,0,0,0,173,3862,5662423,0,1158482,0,172032,0,0,0,0,16779506,0,0,0,0
query,1395,4096,18878635,81092,7875,1142,18272666,439697,1031,74871,261,18878635,0,36129,3,0,0,0,0,169,3880,5690837,0,1166064,0,172032,0,0,0,0,16786334,0,0,0,0
query,1396,4096,18794697,81713,7524,1002,18197235,432974,962,73167,120,18794697,0,36129,3,0,0,0,0,162,3869,5674622,0,1194915,0,172032,0,0,0,0,16717144,0,0,0,0
query,1397,4096,18795399,81733,8577,1382,18193287,435388,902,73979,151,18795399,0,36129,3,0,0,0,0,168,3859,5664526,0,1177605,0,172032,0,0,0,0,16701144,0,0,0,0
query,1398,4096,19465609,98766,11391,2074,18719286,546738,1612,85561,181,19465609,0,36129,0,0,0,0,0,170,3875,5680058,0,1184847,0,172032,0,0,0,0,17126926,0,0,0,0
query,1399,4096,19137211,64912,10710,1743,18514902,462008,1373,81423,140,19137211,0,36129,0,0,0,0,0,172,3866,5669970,0,1185458,0,172032,0,0,0,0,16979844,0,0,0,0
query,1400,4096,18766003,65332,10390,1603,18166717,440969,1583,79189,220,18766003,0,36129,0,0,0,0,0,205,3836,5626726,0,1162527,0,172032,0,0,0,0,16689170,0,0,0,0
query,1401,4096,19085284,64852,10620,1483,18459748,466757,1723,79870,231,19085284,0,36129,0,0,0,0,0,166,3886,5699171,0,1182971,0,172032,0,0,0,0,16952708,0,0,0,0
query,1402,4096,18880719,65453,11472,1262,18281644,443493,1042,76203,150,18880719,0,36129,0,0,0,0,0,178,3864,5665100,0,1165522,0,172032,0,0,0,0,16772733,0,0,0,0
query,1403,4096,18885508,64962,9347,1633,18282986,444516,1633,80271,160,18885508,0,36129,0,0,0,0,0,171,3867,5667038,0,1171790,0,172032,0,0,0,0,16785949,0,0,0,0
query,1404,4096,19495604,64892,9538,2003,18901298,437933,1794,77926,220,19495604,0,36129,0,0,0,0,0,155,3882,5691844,0,1188713,0,172032,0,0,0,0,17313708,0,0,0,0
query,1405,4096,18824714,64652,9668,1272,18224997,445707,1423,76835,160,18824714,0,36129,0,0,0,0,0,154,3881,5691986,0,1168724,0,172032,0,0,0,0,16750199,0,0,0,0
query,1406,4096,18924822,64762,9568,1262,18323372,444636,1482,79580,160,18924822,0,36129,0,0,0,0,0,170,3864,5668717,0,1163368,0,172032,0,0,0,0,16831752,0,0,0,0
query,1407,4096,18836156,64952,9729,1402,18240106,440728,1342,77736,161,18836156,0,36129,0,0,0,0,0,172,3870,5672417,0,1176808,0,172032,0,0,0,0,16745256,0,0,0,0
query,1408,4096,18772095,64842,9477,1784,18176045,431942,1623,86222,160,18772095,0,36129,0,0,0,0,0,181,3858,5657773,0,1175463,0,172032,0,0,0,0,16682138,0,0,0,0
query,1409,4096,19436764,64741,9759,1432,18817691,461327,1573,80080,161,19436764,0,36129,0,0,0,0,0,168,3871,5677701,0,1170701,0,172032,0,0,0,0,17236936,0,0,0,0
query,1410,4096,18866172,64642,9788,1894,18267056,442321,1863,78438,170,18866172,0,36129,0,0,0,0,0,179,3855,5654309,0,1155873,0,172032,0,0,0,0,16757517,0,0,0,0
query,1411,4096,19118105,65192,9568,1423,18496407,459534,1913,83928,140,19118105,0,36129,0,0,0,0,0,180,3867,5670737,0,1176699,0,172032,0,0,0,0,16969095,0,0,0,0
query,1412,4096,19078391,68408,11272,1462,18479195,437613,1542,78748,151,19078391,0,36129,0,0,0,0,0,156,3882,5692200,0,1195912,0,172032,0,0,0,0,16962261,0,0,0,0
query,1413,4096,18818372,64571,9588,1052,18224075,439146,1232,78477,231,18818372,0,36129,0,0,0,0,0,170,3876,5687069,0,1184778,0,172032,0,0,0,0,16741400,0,0,0,0
query,1414,4096,19483872,64831,9679,1583,18793485,530667,1803,81654,170,19483872,0,36129,0,0,0,0,0,189,3857,5655891,0,1165918,0,172032,0,0,0,0,17173057,0,0,0,0
query,1415,4096,18958826,65083,9738,1783,18360893,435338,1483,84388,120,18958826,0,36129,0,0,0,0,0,179,3852,5651704,0,1158354,0,172032,0,0,0,0,16829157,0,0,0,0
query,1416,4096,18862886,64912,9348,1462,18259552,445437,1483,80451,241,18862886,0,36129,0,0,0,0,0,188,3843,5634554,0,1161222,0,172032,0,0,0,0,16750242,0,0,0,0
query,1417,4096,18835564,66756,10099,1212,18245806,433765,1483,76263,180,18835564,0,36129,0,0,0,0,0,179,3876,5686593,0,1186710,0,172032,0,0,0,0,16762426,0,0,0,0
query,1418,4096,18765843,65253,10379,1523,18173270,432843,1172,81273,130,18765843,0,36129,0,0,0,0,0,173,3867,5671072,0,1160045,0,172032,0,0,0,0,16694081,0,0,0,0
query,1419,4096,18893193,64832,10270,1522,18233864,490001,1934,90630,140,18893193,0,36129,0,0,0,0,0,193,3843,5636069,0,1153834,0,172032,0,0,0,0,16733405,0,0,0,0
query,1420,4096,21620467,84098,8936,1333,20998979,446599,1363,78919,240,21620467,0,36129,2,0,0,0,0,171,3871,5678632,0,1218076,0,172032,0,0,0,0,19042327,0,0,0,0
query,1421,4096,19423630,70453,10690,1423,18641740,609235,1071,88877,141,19423630,0,36129,0,0,0,0,0,175,3860,5660568,0,1175579,0,172032,0,0,0,0,17040332,0,0,0,0
query,1422,4096,19184480,65072,10841,1643,18568642,452411,1312,84378,181,19184480,0,36129,0,0,0,0,0,180,3844,5636236,0,1167972,0,172032,0,0,0,0,17048170,0,0,0,0
query,1423,4096,18897120,65032,10930,1353,18292203,448954,1172,77295,181,18897120,0,36129,0,0,0,0,0,177,3861,5661306,0,1178744,0,172032,0,0,0,0,16795123,0,0,0,0
query,1424,4096,18939550,65053,10589,1563,18324925,457169,1523,78498,230,18939550,0,36129,0,0,0,0,0,170,3860,5659558,0,1177571,0,172032,0,0,0,0,16835052,0,0,0,0
query,1425,4096,19639435,64882,10870,1222,19024660,457039,1382,79149,231,19639435,0,36129,0,0,0,0,0,192,3854,5653597,0,1191137,0,172032,0,0,0,0,17421466,0,0,0,0
query,1426,4096,19008459,65152,10610,1463,18402240,445988,1442,81323,241,19008459,0,36129,0,0,0,0,0,197,3837,5626847,0,1164703,0,172032,0,0,0,0,16850159,0,0,0,0
query,1427,4096,18844200,97062,9668,1173,18236027,425920,1053,73167,130,18844200,0,36129,11,0,0,0,0,176,3855,5656647,0,1194292,0,172032,0,0,0,0,16747087,0,0,0,0
query,1428,4096,18800248,80802,8496,1312,18209187,424147,892,75292,120,18800248,0,36129,11,0,0,0,0,194,3848,5641842,0,1165423,0,172032,0,0,0,0,16730551,0,0,0,0
query,1429,4096,18850131,81122,9097,1443,18240205,440948,1143,75953,220,18850131,0,36129,11,0,0,0,0,159,3879,5689535,0,1175540,0,172032,0,0,0,0,16757357,0,0,0,0
query,1430,4096,19440491,96531,9148,1112,18741327,512203,1382,78638,150,19440491,0,36129,11,0,0,0,0,158,3868,5672301,0,1187996,0,172032,0,0,0,0,17156478,0,0,0,0
query,1431,4096,19083039,80952,9648,1122,18469777,445938,1513,73969,120,19083039,0,36129,11,0,0,0,0,173,3878,5687230,0,1168133,0,172032,0,0,0,0,16944542,0,0,0,0
query,1432,4096,18882442,87585,9618,1262,18261355,445548,1462,75272,340,18882442,0,36129,11,0,0,0,0,210,3849,5646045,0,1187938,0,172032,0,0,0,0,16780336,0,0,0,0
query,1433,4096,18997568,80831,8627,1002,18301941,506271,2244,96091,561,18997568,0,36129,11,0,0,0,0,205,3832,5622987,0,1157961,0,172032,0,0,0,0,16788129,0,0,0,0
query,1434,4096,19069414,83838,11391,1363,18446052,448914,1552,76174,130,19069414,0,36129,11,0,0,0,0,156,3879,5691403,0,1194371,0,172032,0,0,0,0,16875955,0,0,0,0
query,1435,4096,18985266,96632,8616,1202,18296161,502524,1403,78608,120,18985266,0,36129,11,0,0,0,0,158,3885,5694997,0,1175006,0,172032,0,0,0,0,16795061,0,0,0,0
query,1436,4096,19293555,82285,8385,1423,18670694,452511,1082,77004,171,19293555,0,36129,11,0,0,0,0,180,3846,5642510,0,1163498,0,172032,0,0,0,0,17101391,0,0,0,0
query,1437,4096,19769318,96661,8987,1102,19025381,555785,1382,79880,140,19769318,0,36129,11,0,0,0,0,196,3856,5654136,0,1179149,0,172032,0,0,0,0,17392817,0,0,0,0
query,1438,4096,20119387,111099,11381,1403,19349590,554472,1723,89569,150,20119387,0,36129,11,0,0,0,0,181,3863,5665541,0,1185805,0,172032,0,0,0,0,17701566,0,0,0,0
query,1439,4096,19129036,75392,9758,1002,18514000,452060,972,75632,220,19129036,0,36129,11,0,0,0,0,161,3881,5691482,0,1178968,0,172032,0,0,0,0,17007330,0,0,0,0
query,1440,4096,19084732,108644,8145,1383,18429370,460295,1243,75502,150,19084732,0,36129,11,0,0,0,0,165,3881,5694429,0,1176476,0,172032,0,0,0,0,16895308,0,0,0,0
query,1441,4096,19537724,81503,8516,1152,18922328,446559,1172,76353,141,19537724,0,36129,11,0,0,0,0,174,3857,5654910,0,1172249,0,172032,0,0,0,0,17350901,0,0,0,0
query,1442,4096,18968584,81423,8556,1172,18330926,469012,1412,75953,130,18968584,0,36129,11,0,0,0,0,181,3866,5670298,0,1166339,0,172032,0,0,0,0,16809323,0,0,0,0
query,1443,4096,19077529,81623,8176,1262,18454649,451198,1332,79049,240,19077529,0,36129,11,0,0,0,0,165,3876,5684671,0,1173432,0,172032,0,0,0,0,16946822,0,0,0,0
query,1444,4096,18841145,81553,8797,1312,18234014,438404,771,76093,201,18841145,0,36129,11,0,0,0,0,172,3867,5669026,0,1184348,0,172032,0,0,0,0,16742027,0,0,0,0
query,1445,4096,19190882,84509,8075,1172,18572159,447111,1893,75692,271,19190882,0,36129,11,0,0,0,0,165,3875,5684003,0,1204272,0,172032,0,0,0,0,17075635,0,0,0,0
query,1446,4096,21433756,81433,8977,1352,20768617,493838,1693,77706,140,21433756,0,36129,3,0,0,0,0,167,3873,5679027,0,1228314,0,172032,0,0,0,0,19035800,0,0,0,0
query,1447,4096,19138373,81062,10009,1342,18417499,547940,1312,79068,141,19138373,0,36129,3,0,0,0,0,177,3865,5670755,0,1184490,0,172032,0,0,0,0,16858462,0,0,0,0
query,1448,4096,19158211,83778,8987,1312,18543746,443924,1172,75162,130,19158211,0,36129,3,0,0,0,0,178,3872,5679976,0,1175185,0,172032,0,0,0,0,17012948,0,0,0,0
query,1449,4096,18979184,82024,9127,1132,18370811,433735,1092,81023,240,18979184,0,36129,3,0,0,0,0,196,3843,5635622,0,1151391,0,172032,0,0,0,0,16859220,0,0,0,0
query,1450,4096,18854580,97263,9057,1513,18223444,445858,1222,76193,30,18854580,0,36129,3,0,0,0,0,173,3868,5674910,0,1164580,0,172032,0,0,0,0,16717325,0,0,0,0
query,1451,4096,19002377,81282,8156,921,18379598,454825,1372,75963,260,19002377,0,36129,3,0,0,0,0,167,3872,5676524,0,1161439,0,172032,0,0,0,0,16864420,0,0,0,0
query,1452,4096,18911156,96482,7794,1383,18287153,443683,1033,73508,120,18911156,0,36129,3,0,0,0,0,168,3868,5671575,0,1185845,0,172032,0,0,0,0,16772684,0,0,0,0
query,1453,4096,18783607,81934,7715,1743,18170905,446149,1282,73759,120,18783607,0,36129,3,0,0,0,0,181,3854,5648770,0,1157642,0,172032,0,0,0,0,16695899,0,0,0,0
query,1454,4096,18825335,81944,7534,932,18223194,433554,1363,76784,30,18825335,0,36129,3,0,0,0,0,167,3859,5658646,0,1158370,0,172032,0,0,0,0,16729344,0,0,0,0
query,1455,4096,19029438,87664,13456,1963,18397171,444555,1162,83407,60,19029438,0,36129,8,0,0,0,0,181,3836,5629471,0,1165720,0,172032,0,0,0,0,16704539,0,0,0,0
query,1456,4096,18848138,70893,9057,1363,18228413,460405,1343,76243,421,18848138,0,36129,8,0,0,0,0,164,3871,5675214,0,1173438,0,172032,0,0,0,0,16719396,0,0,0,0
query,1457,4096,18911026,81613,9157,1163,18307812,425349,1443,84348,141,18911026,0,36129,8,0,0,0,0,155,3884,5694801,0,1187498,0,172032,0,0,0,0,16783275,0,0,0,0
query,1458,4096,18940071,69992,8696,1272,18334112,450577,1252,73979,191,18940071,0,36129,8,0,0,0,0,174,3867,5671408,0,1188389,0,172032,0,0,0,0,16817592,0,0,0,0
query,1459,4096,18816418,80872,9057,1052,18218184,431941,1344,73838,130,18816418,0,36129,8,0,0,0,0,160,3876,5683956,0,1187359,0,172032,0,0,0,0,16724153,0,0,0,0
query,1460,4096,18935081,80471,8767,1012,18319093,447661,1323,76534,220,18935081,0,36129,8,0,0,0,0,147,3882,5693308,0,1171948,0,172032,0,0,0,0,16780295,0,0,0,0
query,1461,4096,18855371,96701,8556,1173,18219055,448583,902,80200,201,18855371,0,36129,8,0,0,0,0,188,3862,5661127,0,1166170,0,172032,0,0,0,0,16714659,0,0,0,0
query,1462,4096,19529227,81884,7884,992,18909353,451208,1853,75923,130,19529227,0,36129,8,0,0,0,0,181,3866,5667139,0,1187496,0,172032,0,0,0,0,17318712,0,0,0,0
query,1463,4096,19203716,80862,8366,1192,18536372,491734,1443,83567,180,19203716,0,36129,8,0,0,0,0,177,3861,5664154,0,1176551,0,172032,0,0,0,0,17004300,0,0,0,0
query,1464,4096,18863908,96251,9348,1232,18249102,432273,1001,74581,120,18863908,0,36129,3,0,0,0,0,188,3845,5639639,0,1161126,0,172032,0,0,0,0,16738315,0,0,0,0
query,1465,4096,18896840,86122,8486,1192,18236489,482367,1332,80431,421,18896840,0,36129,3,0,0,0,0,196,3841,5635657,0,1168383,0,172032,0,0,0,0,16661371,0,0,0,0
query,1466,4096,19521413,74630,9218,1993,18874618,482216,1593,76924,221,19521413,0,36129,3,0,0,0,0,175,3868,5673228,0,1176175,0,172032,0,0,0,0,17189996,0,0,0,0
query,1467,4096,19590062,80712,9969,1142,18915294,503576,1453,77736,180,19590062,0,36129,3,0,0,0,0,185,3851,5647861,0,1171992,0,172032,0,0,0,0,17339670,0,0,0,0
query,1468,4096,19036121,96862,10560,2304,18389827,458812,1342,76264,150,19036121,0,36129,8,0,0,0,0,173,3854,5652271,0,1178478,0,172032,0,0,0,0,16868244,0,0,0,0
query,1469,4096,18925563,85250,8827,1152,18319304,435148,1242,74510,130,18925563,0,36129,8,0,0,0,0,173,3868,5674190,0,1193499,0,172032,0,0,0,0,16797965,0,0,0,0
query,1470,4096,18719316,81243,8586,1302,18128867,423185,1292,74721,120,18719316,0,36129,8,0,0,0,0,186,3855,5651471,0,1163256,0,172032,0,0,0,0,16646704,0,0,0,0
query,1471,4096,18978112,81423,9598,1142,18315688,492515,1864,75712,170,18978112,0,36129,8,0,0,0,0,197,3834,5622099,0,1169840,0,172032,0,0,0,0,16745504,0,0,0,0
query,1472,4096,19276453,80842,9388,1252,18465719,631997,1394,85631,230,19276453,0,36129,8,0,0,0,0,187,3855,5653979,0,1183546,0,172032,0,0,0,0,16868402,0,0,0,0
query,1473,4096,19231368,82034,10249,1413,18589131,471035,1383,75592,531,19231368,0,36129,8,0,0,0,0,166,3863,5667841,0,1177680,0,172032,0,0,0,0,17054416,0,0,0,0
query,1474,4096,19468554,96191,9157,1233,18844100,439776,1102,76404,591,19468554,0,36129,8,0,0,0,0,153,3882,5692021,0,1190653,0,172032,0,0,0,0,17258061,0,0,0,0
query,1475,4096,19056700,98265,8666,972,18247158,603404,2294,95520,421,19056700,0,36129,8,0,0,0,0,175,3860,5662584,0,1169045,0,172032,0,0,0,0,16737384,0,0,0,0
query,1476,4096,19530330,72597,10960,1663,18893834,473069,1513,76353,341,19530330,0,36129,8,0,0,0,0,182,3859,5657193,0,1179813,0,172032,0,0,0,0,17270953,0,0,0,0
query,1477,4096,18921696,81052,9097,1222,18280081,472708,1112,76163,261,18921696,0,36129,8,0,0,0,0,163,3874,5681259,0,1176377,0,172032,0,0,0,0,16794819,0,0,0,0
query,1478,4096,21422014,82335,8045,1102,20756754,493437,1283,78898,160,21422014,0,36129,8,0,0,0,0,159,3872,5678385,0,1203303,0,172032,0,0,0,0,18979821,0,0,0,0
query,1479,4096,19088459,96651,9188,1162,18461892,441139,1222,76995,210,19088459,0,36129,8,0,0,0,0,160,3874,5681523,0,1175033,0,172032,0,0,0,0,16921612,0,0,0,0
query,1480,4096,18803144,81333,8657,1192,18199769,435920,881,75191,201,18803144,0,36129,8,0,0,0,0,164,3874,5678947,0,1180900,0,172032,0,0,0,0,16699804,0,0,0,0
query,1481,4096,18836916,81843,8166,1452,18223384,444014,1063,76884,110,18836916,0,36129,8,0,0,0,0,169,3880,5692308,0,1172422,0,172032,0,0,0,0,16733435,0,0,0,0
query,1482,4096,18830034,82325,7915,1162,18183830,436450,971,117271,110,18830034,0,36129,8,0,0,0,0,181,3852,5645822,0,1180462,0,172032,0,0,0,0,16709955,0,0,0,0
query,1483,4096,19490815,74830,7274,1613,18856844,472127,1233,76774,120,19490815,0,36129,8,0,0,0,0,172,3863,5667726,0,1176221,0,172032,0,0,0,0,17263787,0,0,0,0
query,1484,4096,19824883,80802,8416,1292,19124687,527722,1272,80151,541,19824883,0,36129,8,0,0,0,0,212,3833,5620234,0,1189229,0,172032,0,0,0,0,17432210,0,0,0,0
query,1485,4096,19262707,81173,8947,1132,18643794,447100,1162,79269,130,19262707,0,36129,8,0,0,0,0,172,3871,5682802,0,1192878,0,172032,0,0,0,0,17128386,0,0,0,0
query,1486,4096,19114508,96842,8105,1263,18494893,435919,1253,76023,210,19114508,0,36129,8,0,0,0,0,162,3885,5696799,0,1175847,0,172032,0,0,0,0,16948684,0,0,0,0
query,1487,4096,18852235,80922,7915,1503,18245635,440879,1142,74129,110,18852235,0,36129,8,0,0,0,0,171,3861,5658290,0,1178024,0,172032,0,0,0,0,16732953,0,0,0,0
query,1488,4096,19423459,81062,7665,1362,18736288,509978,1212,85751,141,19423459,0,36129,8,0,0,0,0,177,3856,5652645,0,1190649,0,172032,0,0,0,0,17144816,0,0,0,0
query,1489,4096,18994583,96983,8796,1293,18369718,437563,1372,78828,30,18994583,0,36129,8,0,0,0,0,169,3871,5675953,0,1175672,0,172032,0,0,0,0,16890936,0,0,0,0
query,1490,4096,18861052,81193,7574,1142,18265272,432002,1172,72567,130,18861052,0,36129,8,0,0,0,0,171,3862,5663590,0,1178782,0,172032,0,0,0,0,16769201,0,0,0,0
query,1491,4096,18732009,104396,10369,1293,18112825,427222,923,74781,200,18732009,0,36129,8,0,0,0,0,179,3865,5670150,0,1169362,0,172032,0,0,0,0,16633613,0,0,0,0
query,1492,4096,18794817,82014,7815,1102,18178018,449204,1102,75282,280,18794817,0,36129,8,0,0,0,0,162,3875,5682932,0,1174160,0,172032,0,0,0,0,16699914,0,0,0,0
query,1493,4096,19597276,82105,7834,1353,18890327,525567,1724,88065,301,19597276,0,36129,8,0,0,0,0,175,3866,5669451,0,1190815,0,172032,0,0,0,0,17160582,0,0,0,0
query,1494,4096,19261274,78748,10470,1503,18650135,445377,1022,73879,140,19261274,0,36129,8,0,0,0,0,178,3869,5674857,0,1174102,0,172032,0,0,0,0,17080830,0,0,0,0
query,1495,4096,18881660,97032,8105,1904,18252438,445818,1232,74881,250,18881660,0,36129,8,0,0,0,0,189,3848,5642066,0,1166466,0,172032,0,0,0,0,16752722,0,0,0,0
query,1496,4096,18742409,81413,8245,1513,18150888,424287,851,75082,130,18742409,0,36129,8,0,0,0,0,171,3869,5674559,0,1182046,0,172032,0,0,0,0,16687440,0,0,0,0
query,1497,4096,18751366,102012,8997,1322,18133214,430178,923,74610,110,18751366,0,36129,8,0,0,0,0,175,3871,5677027,0,1176100,0,172032,0,0,0,0,16650247,0,0,0,0
query,1498,4096,18843779,81233,7604,1192,18246427,432012,1092,74099,120,18843779,0,36129,8,0,0,0,0,169,3887,5706017,0,1182922,0,172032,0,0,0,0,16750068,0,0,0,0
query,1499,4096,19422397,81293,7394,1543,18807531,446960,1062,76393,221,19422397,0,36129,8,0,0,0,0,176,3861,5663177,0,1176552,0,172032,0,0,0,0,17238219,0,0,0,0
query,1500,4096,18811008,83186,8196,1382,18211852,431049,1123,74009,211,18811008,0,36129,8,0,0,0,0,175,3855,5656812,0,1167630,0,172032,0,0,0,0,16739965,0,0,0,0
query,1501,4096,18735616,81743,8987,1333,18138734,427724,962,76012,121,18735616,0,36129,8,0,0,0,0,166,3864,5667583,0,1170198,0,172032,0,0,0,0,16632570,0,0,0,0
query,1502,4096,18858537,81934,7574,1172,18250715,437442,1373,78197,130,18858537,0,36129,8,0,0,0,0,153,3886,5698065,0,1188801,0,172032,0,0,0,0,16731225,0,0,0,0
query,1503,4096,18742449,81864,8015,1002,18130549,442241,821,77747,210,18742449,0,36129,8,0,0,0,0,172,3865,5668441,0,1180546,0,172032,0,0,0,0,16636024,0,0,0,0
query,1504,4096,20883322,82815,8506,1112,19864287,803611,1863,120967,161,20883322,0,36129,8,0,0,0,0,193,3843,5636878,0,1195297,0,172032,0,0,0,0,18074267,0,0,0,0
query,1505,4096,19157238,70753,10760,1693,18515623,480453,1262,76334,360,19157238,0,36129,8,0,0,0,0,175,3850,5644126,0,1177436,0,172032,0,0,0,0,16933493,0,0,0,0
query,1506,4096,18857676,97363,7905,1012,18238362,431120,1262,80532,120,18857676,0,36129,8,0,0,0,0,187,3856,5658220,0,1181854,0,172032,0,0,0,0,16738753,0,0,0,0
query,1507,4096,18724526,79510,7744,1132,18130950,430109,861,74089,131,18724526,0,36129,8,0,0,0,0,170,3868,5670491,0,1175074,0,172032,0,0,0,0,16654235,0,0,0,0
query,1508,4096,18761756,81383,7705,932,18145477,447561,1382,77045,271,18761756,0,36129,8,0,0,0,0,178,3859,5657567,0,1169555,0,172032,0,0,0,0,16646704,0,0,0,0
query,1509,4096,19083841,83607,8166,651,18342898,565834,1382,81032,271,19083841,0,36129,8,0,0,0,0,165,3853,5647969,0,1182814,0,172032,0,0,0,0,16760920,0,0,0,0
query,1510,4096,18998129,84759,7734,1403,18389135,435308,1413,78147,230,18998129,0,36129,8,0,0,0,0,193,3840,5630699,0,1160526,0,172032,0,0,0,0,16865596,0,0,0,0
query,1511,4096,18803925,97624,8105,912,18180853,440949,1062,74149,271,18803925,0,36129,8,0,0,0,0,159,3874,5682558,0,1177090,0,172032,0,0,0,0,16711738,0,0,0,0
query,1512,4096,18717392,81533,7534,1082,18101264,437783,1022,87023,151,18717392,0,36129,8,0,0,0,0,162,3877,5684480,0,1159700,0,172032,0,0,0,0,16616966,0,0,0,0
query,1513,4096,18811689,79028,7815,862,18203546,444676,1452,74110,200,18811689,0,36129,8,0,0,0,0,158,3870,5680629,0,1163783,0,172032,0,0,0,0,16722193,0,0,0,0
query,1514,4096,18770321,87364,8195,1012,18166337,430869,912,75482,150,18770321,0,36129,8,0,0,0,0,172,3861,5661370,0,1173263,0,172032,0,0,0,0,16679239,0,0,0,0
query,1515,4096,19427837,97463,8145,1253,18781823,458131,921,79870,231,19427837,0,36129,8,0,0,0,0,165,3862,5660694,0,1156188,0,172032,0,0,0,0,17190074,0,0,0,0
query,1516,4096,18993732,82425,8446,1643,18376722,447792,1042,75491,171,18993732,0,36129,8,0,0,0,0,166,3858,5661832,0,1159102,0,172032,0,0,0,0,16840153,0,0,0,0
query,1517,4096,18767666,81753,9398,1062,18174311,425249,1012,74611,270,18767666,0,36129,8,0,0,0,0,159,3876,5684108,0,1184371,0,172032,0,0,0,0,16692787,0,0,0,0
query,1518,4096,18511776,101741,9518,1252,17887373,433404,1323,76944,221,18511776,0,36129,8,0,0,0,0,202,3840,5629801,0,1140056,0,172032,0,0,0,0,16425477,0,0,0,0
query,1519,4096,18525431,95249,8506,1162,17915606,428095,1362,74981,470,18525431,0,36129,8,0,0,0,0,196,3833,5621080,0,1128970,0,172032,0,0,0,0,16432399,0,0,0,0
query,1520,4096,19125438,114505,8396,1072,18347747,561505,1373,90680,160,19125438,0,36129,8,0,0,0,0,166,3866,5669748,0,1131242,0,172032,0,0,0,0,16764656,0,0,0,0
query,1521,4096,18396670,118373,10499,1293,17767577,421703,1222,75842,161,18396670,0,36129,8,0,0,0,0,179,3855,5654428,0,1117813,0,172032,0,0,0,0,16311817,0,0,0,0
query,1522,4096,18111974,95549,9237,1082,17513440,418216,1613,72636,201,18111974,0,36129,8,0,0,0,0,184,3862,5664352,0,1109900,0,172032,0,0,0,0,16069721,0,0,0,0
query,1523,4096,17984805,92303,8146,1432,17387002,421873,962,73047,40,17984805,0,36129,8,0,0,0,0,179,3861,5660449,0,1115039,0,172032,0,0,0,0,15971230,0,0,0,0
query,1524,4096,17980106,91371,8557,831,17380730,423727,971,73679,240,17980106,0,36129,8,0,0,0,0,156,3883,5692130,0,1096199,0,172032,0,0,0,0,15950424,0,0,0,0
query,1525,4096,17826007,95098,8697,921,17227663,417885,742,74760,241,17826007,0,36129,8,0,0,0,0,164,3864,5666699,0,1113245,0,172032,0,0,0,0,15816044,0,0,0,0
query,1526,4096,18276033,90901,8546,1142,17507689,580411,1202,85891,251,18276033,0,36129,8,0,0,0,0,182,3852,5647824,0,1074074,0,172032,0,0,0,0,16000246,0,0,0,0
query,1527,4096,17695953,89689,9127,1372,17111505,413306,712,70121,121,17695953,0,36129,8,0,0,0,0,165,3866,5668629,0,1061280,0,172032,0,0,0,0,15712802,0,0,0,0
query,1528,4096,17481589,88576,8195,1002,16903173,409370,971,70152,150,17481589,0,36129,8,0,0,0,0,162,3874,5686920,0,1065045,0,172032,0,0,0,0,15544216,0,0,0,0
query,1529,4096,17386611,89047,7214,802,16807913,410541,1013,69931,150,17386611,0,36129,8,0,0,0,0,192,3847,5640394,0,1064687,0,172032,0,0,0,0,15449246,0,0,0,0
query,1530,4096,17628265,88586,7084,1011,17020634,437883,1432,71395,240,17628265,0,36129,8,0,0,0,0,176,3862,5662932,0,1065444,0,172032,0,0,0,0,15605648,0,0,0,0
query,1531,4096,17614159,89608,7364,892,16959238,481936,1292,73709,120,17614159,0,36129,8,0,0,0,0,162,3864,5665708,0,1066061,0,172032,0,0,0,0,15591258,0,0,0,0
query,1532,4096,18099961,89428,8275,1263,17507638,418958,1623,72636,140,18099961,0,36129,8,0,0,0,0,188,3856,5654816,0,1068326,0,172032,0,0,0,0,15999168,0,0,0,0
query,1533,4096,17593761,89719,8415,1153,16993292,426962,982,73127,111,17593761,0,36129,8,0,0,0,0,173,3872,5681045,0,1079198,0,172032,0,0,0,0,15592357,0,0,0,0
query,1534,4096,17581337,89498,8045,842,17003291,406794,1082,71665,120,17581337,0,36129,8,0,0,0,0,167,3880,5690990,0,1071321,0,172032,0,0,0,0,15636869,0,0,0,0
query,1535,4096,17503170,89318,7424,1122,16897191,434657,1142,72066,250,17503170,0,36129,8,0,0,0,0,166,3866,5667883,0,1063855,0,172032,0,0,0,0,15511696,0,0,0,0
query,1536,4096,17533116,91201,7314,681,16952055,409369,1092,71294,110,17533116,0,36129,8,0,0,0,0,166,3873,5677725,0,1074003,0,172032,0,0,0,0,15582978,0,0,0,0
query,1537,4096,20136609,89018,8375,922,19374647,580832,1402,81233,180,20136609,0,36129,8,0,0,0,0,179,3853,5651797,0,1145447,0,172032,0,0,0,0,17669932,0,0,0,0
query,1538,4096,17830084,97493,8556,1303,17236619,413186,1363,71454,110,17830084,0,36129,8,0,0,0,0,177,3856,5657084,0,1066290,0,172032,0,0,0,0,15809292,0,0,0,0
query,1539,4096,17829072,89548,7654,1042,17221451,436581,1512,71164,120,17829072,0,36129,8,0,0,0,0,183,3866,5670877,0,1082853,0,172032,0,0,0,0,15724532,0,0,0,0
query,1540,4096,17602787,89118,8055,1192,17017337,417164,1242,68549,130,17602787,0,36129,8,0,0,0,0,179,3860,5663243,0,1082346,0,172032,0,0,0,0,15622829,0,0,0,0
query,1541,4096,17601044,89729,7594,872,17020864,408447,1092,72296,150,17601044,0,36129,8,0,0,0,0,164,3873,5677500,0,1082953,0,172032,0,0,0,0,15635145,0,0,0,0
query,1542,4096,17695171,89007,7234,751,17111595,413968,901,71515,200,17695171,0,36129,8,0,0,0,0,153,3895,5709004,0,1098261,0,172032,0,0,0,0,15702882,0,0,0,0
query,1543,4096,18319655,89659,8556,1022,17676926,468431,1342,73478,241,18319655,0,36129,8,0,0,0,0,174,3869,5673176,0,1090853,0,172032,0,0,0,0,16211936,0,0,0,0
query,1544,4096,17711742,89257,8035,1092,17029771,513325,1112,68989,161,17711742,0,36129,8,0,0,0,0,171,3856,5652618,0,1084890,0,172032,0,0,0,0,15655851,0,0,0,0
query,1545,4096,17648723,89718,6753,1262,17066470,412716,931,70643,230,17648723,0,36129,8,0,0,0,0,156,3887,5701685,0,1094521,0,172032,0,0,0,0,15682999,0,0,0,0
query,1546,4096,17532055,90380,7735,941,16942467,418537,1112,70753,130,17532055,0,36129,8,0,0,0,0,153,3873,5679495,0,1081248,0,172032,0,0,0,0,15571612,0,0,0,0
query,1547,4096,18003921,89147,7404,1503,17376793,454464,1182,73167,261,18003921,0,36129,8,0,0,0,0,146,3891,5709722,0,1109273,0,172032,0,0,0,0,15922769,0,0,0,0
query,1548,4096,18791631,89287,8056,991,18127033,478940,2224,84859,241,18791631,0,36129,8,0,0,0,0,182,3865,5664215,0,1089438,0,172032,0,0,0,0,16589279,0,0,0,0
query,1549,4096,18285982,122921,9508,1473,17631341,444015,1192,75331,201,18285982,0,36129,8,0,0,0,0,194,3848,5642829,0,1082941,0,172032,0,0,0,0,16154613,0,0,0,0
query,1550,4096,18165054,90089,8997,1092,17567391,423596,1112,72536,241,18165054,0,36129,8,0,0,0,0,191,3854,5651711,0,1083206,0,172032,0,0,0,0,16112009,0,0,0,0
query,1551,4096,17849732,107462,8827,1092,17212955,446058,982,72105,251,17849732,0,36129,8,0,0,0,0,179,3865,5670524,0,1097218,0,172032,0,0,0,0,15800520,0,0,0,0
query,1552,4096,18956611,89748,8366,1533,18258670,521029,1923,75031,311,18956611,0,36129,8,0,0,0,0,173,3860,5661116,0,1096897,0,172032,0,0,0,0,16635468,0,0,0,0
query,1553,4096,18249002,90360,8957,932,17575726,493457,1423,77977,170,18249002,0,36129,8,0,0,0,0,192,3850,5650132,0,1077794,0,172032,0,0,0,0,16104365,0,0,0,0
query,1554,4096,18817831,89478,9027,1012,18123686,515759,1273,77435,161,18817831,0,36129,8,0,0,0,0,186,3856,5659187,0,1089616,0,172032,0,0,0,0,16559907,0,0,0,0
query,1555,4096,18140989,89618,9208,1142,17517827,449374,1163,72516,141,18140989,0,36129,8,0,0,0,0,179,3858,5657546,0,1085203,0,172032,0,0,0,0,16079009,0,0,0,0
query,1556,4096,18305227,91262,8345,1012,17636721,490972,1544,75071,300,18305227,0,36129,8,0,0,0,0,179,3864,5665712,0,1116898,0,172032,0,0,0,0,16152600,0,0,0,0
query,1557,4096,18339672,81483,9458,1402,17710871,461016,1303,73989,150,18339672,0,36129,8,0,0,0,0,166,3869,5673784,0,1088954,0,172032,0,0,0,0,16207271,0,0,0,0
query,1558,4096,17897772,90440,8776,1052,17297213,428264,1163,70653,211,17897772,0,36129,8,0,0,0,0,166,3872,5679003,0,1095911,0,172032,0,0,0,0,15866170,0,0,0,0
query,1559,4096,17807643,90080,8415,1333,17218615,417334,1463,70282,121,17807643,0,36129,8,0,0,0,0,171,3869,5670931,0,1093713,0,172032,0,0,0,0,15816259,0,0,0,0
query,1560,4096,18377853,89518,7554,1302,17787395,419799,1342,70723,220,18377853,0,36129,8,0,0,0,0,175,3860,5663807,0,1117456,0,172032,0,0,0,0,16314166,0,0,0,0
query,1561,4096,17712162,89688,8045,1223,17123095,418446,993,70552,120,17712162,0,36129,8,0,0,0,0,158,3868,5672539,0,1103911,0,172032,0,0,0,0,15751614,0,0,0,0
query,1562,4096,17726570,90089,7374,1192,17134889,422454,931,69501,140,17726570,0,36129,8,0,0,0,0,165,3866,5671403,0,1088678,0,172032,0,0,0,0,15705465,0,0,0,0
query,1563,4096,17566348,90119,8245,1433,16981821,412555,1082,70973,120,17566348,0,36129,8,0,0,0,0,183,3862,5667935,0,1080672,0,172032,0,0,0,0,15597413,0,0,0,0
query,1564,4096,17520613,89388,7584,1052,16933860,417494,1293,69681,261,17520613,0,36129,8,0,0,0,0,178,3860,5662370,0,1070713,0,172032,0,0,0,0,15586638,0,0,0,0
query,1565,4096,19768678,90050,8285,1182,18560487,1019516,1843,87144,171,19768678,0,36129,8,0,0,0,0,186,3849,5640576,0,1096835,0,172032,0,0,0,0,16791964,0,0,0,0
query,1566,4096,17912760,104156,8996,1744,17325205,398929,1514,72035,181,17912760,0,36129,8,0,0,0,0,197,3840,5631654,0,1064677,0,172032,0,0,0,0,15922266,0,0,0,0
query,1567,4096,17551891,103745,8656,1573,16944360,421893,962,70482,220,17551891,0,36129,8,0,0,0,0,185,3846,5637784,0,1063689,0,172032,0,0,0,0,15521144,0,0,0,0
query,1568,4096,17650958,89779,7624,1142,17057263,422283,812,71825,230,17650958,0,36129,8,0,0,0,0,153,3888,5701644,0,1078978,0,172032,0,0,0,0,15681299,0,0,0,0
query,1569,4096,17678069,90189,7965,1483,17089273,414940,1402,72606,211,17678069,0,36129,8,0,0,0,0,154,3891,5710072,0,1076665,0,172032,0,0,0,0,15691594,0,0,0,0
query,1570,4096,17520833,90369,8526,842,16927448,418496,1413,73619,120,17520833,0,36129,8,0,0,0,0,164,3865,5664639,0,1068545,0,172032,0,0,0,0,15547015,0,0,0,0
query,1571,4096,18386389,90149,7264,1042,17770041,444976,1323,71374,220,18386389,0,36129,8,0,0,0,0,196,3844,5636129,0,1070832,0,172032,0,0,0,0,16259822,0,0,0,0
query,1572,4096,17621433,89548,8266,1252,17026765,423385,1013,71043,161,17621433,0,36129,8,0,0,0,0,176,3846,5639133,0,1066883,0,172032,0,0,0,0,15629281,0,0,0,0
query,1573,4096,17467553,93506,7634,1022,16879137,412205,1282,72627,140,17467553,0,36129,8,0,0,0,0,176,3844,5635991,0,1082092,0,172032,0,0,0,0,15481894,0,0,0,0
query,1574,4096,17693147,89348,6973,1172,17081277,427483,1443,85140,311,17693147,0,36129,8,0,0,0,0,139,3901,5723480,0,1089527,0,172032,0,0,0,0,15683499,0,0,0,0
query,1575,4096,17682847,89858,8386,1122,17053926,452230,1252,75803,270,17682847,0,36129,8,0,0,0,0,185,3847,5644434,0,1076736,0,172032,0,0,0,0,15664320,0,0,0,0
query,1576,4096,17848098,90069,7775,1202,17255395,415230,1333,76533,561,17848098,0,36129,8,0,0,0,0,175,3873,5677036,0,1089773,0,172032,0,0,0,0,15849971,0,0,0,0
query,1577,4096,18232651,86733,8365,1453,17637533,424207,1232,72627,501,18232651,0,36129,8,0,0,0,0,176,3858,5657182,0,1081345,0,172032,0,0,0,0,16130785,0,0,0,0
query,1578,4096,17694239,89729,8155,1262,17105533,417034,1523,70873,130,17694239,0,36129,8,0,0,0,0,169,3866,5670323,0,1096188,0,172032,0,0,0,0,15708269,0,0,0,0
query,1579,4096,17624087,107362,8866,1533,17031965,407786,892,65563,120,17624087,0,36129,8,0,0,0,0,187,3859,5660649,0,1079441,0,172032,0,0,0,0,15645579,0,0,0,0
query,1580,4096,17699109,90921,7494,1262,17093200,433384,1203,71384,261,17699109,0,36129,8,0,0,0,0,189,3839,5628990,0,1075279,0,172032,0,0,0,0,15690992,0,0,0,0
query,1581,4096,17840003,117261,7654,1132,17198257,439866,1323,74270,240,17840003,0,36129,8,0,0,0,0,153,3876,5684616,0,1105931,0,172032,0,0,0,0,15816482,0,0,0,0
query,1582,4096,19928427,89838,8216,1453,19263047,483428,1523,80491,431,19928427,0,36129,8,0,0,0,0,185,3842,5633805,0,1150854,0,172032,0,0,0,0,17634329,0,0,0,0
query,1583,4096,18227672,89128,9197,1182,17609019,445057,1202,72656,231,18227672,0,36129,8,0,0,0,0,172,3874,5681279,0,1084264,0,172032,0,0,0,0,16111841,0,0,0,0
query,1584,4096,17539518,90730,8186,992,16955190,413878,1062,69350,130,17539518,0,36129,8,0,0,0,0,182,3851,5645391,0,1078824,0,172032,0,0,0,0,15584192,0,0,0,0
query,1585,4096,17646670,89719,7303,872,17035842,440428,1422,70964,120,17646670,0,36129,8,0,0,0,0,174,3848,5646267,0,1090115,0,172032,0,0,0,0,15630109,0,0,0,0
query,1586,4096,17743822,89648,7655,841,17122896,448162,902,73488,230,17743822,0,36129,8,0,0,0,0,163,3879,5688439,0,1098600,0,172032,0,0,0,0,15722400,0,0,0,0
query,1587,4096,17638775,90270,7874,1112,17030462,435459,1292,72115,191,17638775,0,36129,8,0,0,0,0,187,3844,5637989,0,1076900,0,172032,0,0,0,0,15626702,0,0,0,0
query,1588,4096,18309094,89468,7965,1062,17699038,435318,1363,74760,120,18309094,0,36129,8,0,0,0,0,164,3875,5684763,0,1086614,0,172032,0,0,0,0,16215979,0,0,0,0
query,1589,4096,17601675,90300,8736,1283,17009212,416953,1092,73609,490,17601675,0,36129,8,0,0,0,0,184,3858,5656559,0,1068510,0,172032,0,0,0,0,15610861,0,0,0,0
query,1590,4096,17459638,89638,7725,1593,16875641,412325,1142,71364,210,17459638,0,36129,8,0,0,0,0,172,3849,5644625,0,1064236,0,172032,0,0,0,0,15490570,0,0,0,0
query,1591,4096,17626201,90640,8195,1183,17035120,418737,731,71354,241,17626201,0,36129,8,0,0,0,0,140,3894,5713092,0,1080966,0,172032,0,0,0,0,15652530,0,0,0,0
query,1592,4096,17616062,94698,8065,882,17010844,423315,1193,76845,220,17616062,0,36129,8,0,0,0,0,170,3876,5686645,0,1079979,0,172032,0,0,0,0,15617484,0,0,0,0
query,1593,4096,17698347,85130,7644,1453,16960881,559120,2135,81713,271,17698347,0,36129,8,0,0,0,0,197,3840,5631793,0,1060528,0,172032,0,0,0,0,15558527,0,0,0,0
query,1594,4096,18033025,90670,8045,1273,17422458,435539,1582,73168,290,18033025,0,36129,8,0,0,0,0,164,3869,5673320,0,1073116,0,172032,0,0,0,0,15981115,0,0,0,0
query,1595,4096,17639586,88676,7975,912,17033718,435098,1222,71734,251,17639586,0,36129,8,0,0,0,0,170,3867,5670781,0,1073283,0,172032,0,0,0,0,15632767,0,0,0,0
query,1596,4096,17540360,89448,7985,1162,16945753,421172,1242,73468,130,17540360,0,36129,8,0,0,0,0,194,3854,5654689,0,1065125,0,172032,0,0,0,0,15543348,0,0,0,0
query,1597,4096,17552884,90480,8186,901,16932528,441610,1543,77485,151,17552884,0,36129,8,0,0,0,0,184,3855,5653840,0,1073261,0,172032,0,0,0,0,15549735,0,0,0,0
query,1598,4096,17659925,97143,8796,1523,17062843,415591,1763,72165,101,17659925,0,36129,8,0,0,0,0,157,3880,5688735,0,1084608,0,172032,0,0,0,0,15655151,0,0,0,0
query,1599,4096,20355069,59652,8726,1593,19406477,765789,1222,111299,311,20355069,0,36129,8,0,0,0,0,174,3859,5659195,0,1170126,0,172032,0,0,0,0,17701130,0,0,0,0
query,1600,4096,18003741,108855,10419,1373,17398543,412374,933,71084,160,18003741,0,36129,8,0,0,0,0,163,3875,5682911,0,1093449,0,172032,0,0,0,0,15959701,0,0,0,0
query,1601,4096,17619419,90671,7504,972,17040250,410561,1062,68268,131,17619419,0,36129,8,0,0,0,0,170,3872,5677748,0,1090093,0,172032,0,0,0,0,15630660,0,0,0,0
query,1602,4096,17546752,89749,7614,962,16951794,425369,1022,70102,140,17546752,0,36129,8,0,0,0,0,172,3858,5656958,0,1092017,0,172032,0,0,0,0,15578099,0,0,0,0
query,1603,4096,17661317,89618,7133,892,17046452,449044,1452,66586,140,17661317,0,36129,8,0,0,0,0,162,3870,5675801,0,1092052,0,172032,0,0,0,0,15667112,0,0,0,0
query,1604,4096,17525211,89248,7704,1303,16941564,414459,992,69821,120,17525211,0,36129,8,0,0,0,0,182,3836,5625226,0,1061726,0,172032,0,0,0,0,15566122,0,0,0,0
query,1605,4096,18627012,88637,8045,2084,17981038,470253,1192,75613,150,18627012,0,36129,8,0,0,0,0,185,3854,5650435,0,1082187,0,172032,0,0,0,0,16388404,0,0,0,0
query,1606,4096,17662549,89528,8195,1193,17083341,408648,1022,70332,290,17662549,0,36129,8,0,0,0,0,186,3861,5663743,0,1072427,0,172032,0,0,0,0,15687105,0,0,0,0
query,1607,4096,17576709,90340,8396,1302,16998432,408137,1042,68949,111,17576709,0,36129,8,0,0,0,0,180,3873,5680694,0,1072598,0,172032,0,0,0,0,15615383,0,0,0,0
query,1608,4096,17468355,88837,7334,1252,16890900,409068,1503,69250,211,17468355,0,36129,8,0,0,0,0,197,3841,5633499,0,1070311,0,172032,0,0,0,0,15537198,0,0,0,0
query,1609,4096,17649565,89559,7353,1563,17058835,421242,922,69961,130,17649565,0,36129,8,0,0,0,0,154,3874,5681498,0,1084243,0,172032,0,0,0,0,15657324,0,0,0,0
query,1610,4096,18016755,89328,7113,1153,17222111,614414,1874,80422,340,18016755,0,36129,8,0,0,0,0,177,3847,5642901,0,1064864,0,172032,0,0,0,0,15687925,0,0,0,0
query,1611,4096,17961722,60384,8987,2114,17338110,477066,1162,73729,170,17961722,0,36129,8,0,0,0,0,170,3863,5664251,0,1081483,0,172032,0,0,0,0,15902147,0,0,0,0
query,1612,4096,17791672,60384,8876,1744,17222442,423586,1523,72897,220,17791672,0,36129,8,0,0,0,0,171,3853,5651772,0,1079737,0,172032,0,0,0,0,15744432,0,0,0,0
query,1613,4096,17882543,60263,9197,1423,17308534,429267,1523,72135,201,17882543,0,36129,8,0,0,0,0,170,3867,5671388,0,1075654,0,172032,0,0,0,0,15896963,0,0,0,0
query,1614,4096,17584563,66395,9207,1683,17006156,424247,1583,75151,141,17584563,0,36129,8,0,0,0,0,207,3834,5622730,0,1072144,0,172032,0,0,0,0,15622627,0,0,0,0
query,1615,4096,17427668,59892,9929,1403,16862105,412515,1363,80341,120,17427668,0,36129,8,0,0,0,0,189,3844,5635738,0,1056249,0,172032,0,0,0,0,15476505,0,0,0,0
query,1616,4096,18170484,63710,9908,2165,17533517,483849,1683,75512,140,18170484,0,36129,8,0,0,0,0,170,3862,5663379,0,1071606,0,172032,0,0,0,0,16082563,0,0,0,0
query,1617,4096,17859740,89889,8877,1302,17257168,425249,1182,75823,250,17859740,0,36129,8,0,0,0,0,165,3864,5665411,0,1075436,0,172032,0,0,0,0,15850292,0,0,0,0
query,1618,4096,17535501,86873,7995,1163,16957424,408277,932,72717,120,17535501,0,36129,8,0,0,0,0,189,3854,5651172,0,1068661,0,172032,0,0,0,0,15565586,0,0,0,0
query,1619,4096,17698597,88747,8646,1152,17092078,433024,2033,72767,150,17698597,0,36129,8,0,0,0,0,200,3836,5623300,0,1083172,0,172032,0,0,0,0,15696438,0,0,0,0
query,1620,4096,17693587,60163,10519,1613,17126903,413967,1173,79109,140,17693587,0,36129,8,0,0,0,0,165,3881,5693367,0,1091464,0,172032,0,0,0,0,15729755,0,0,0,0
query,1621,4096,17472092,68869,9929,1222,16890519,426141,1172,74089,151,17472092,0,36129,8,0,0,0,0,171,3862,5663691,0,1077674,0,172032,0,0,0,0,15508192,0,0,0,0
query,1622,4096,18290108,59672,10479,1103,17710479,431470,1664,75071,170,18290108,0,36129,8,0,0,0,0,166,3867,5671012,0,1093615,0,172032,0,0,0,0,16229691,0,0,0,0
query,1623,4096,17714066,59772,9378,1383,17151659,418006,1252,72476,140,17714066,0,36129,8,0,0,0,0,178,3862,5664488,0,1078477,0,172032,0,0,0,0,15777255,0,0,0,0
query,1624,4096,17419213,59873,9387,1373,16866113,409319,1303,71364,481,17419213,0,36129,8,0,0,0,0,176,3854,5653774,0,1067641,0,172032,0,0,0,0,15503060,0,0,0,0
query,1625,4096,17712344,89799,8847,1252,17105583,432383,1452,72877,151,17712344,0,36129,8,0,0,0,0,151,3895,5711129,0,1082712,0,172032,0,0,0,0,15676632,0,0,0,0
query,1626,4096,17524019,89638,8576,1213,16937947,414318,1504,70592,231,17524019,0,36129,8,0,0,0,0,170,3872,5679753,0,1077462,0,172032,0,0,0,0,15544661,0,0,0,0
query,1627,4096,17802933,89147,7605,1182,17063664,561305,2164,77575,291,17802933,0,36129,8,0,0,0,0,215,3820,5601627,0,1065472,0,172032,0,0,0,0,15650899,0,0,0,0
query,1628,4096,17985446,95910,9568,1763,17385199,421231,992,70653,130,17985446,0,36129,8,0,0,0,0,171,3853,5649346,0,1092428,0,172032,0,0,0,0,15959022,0,0,0,0
query,1629,4096,17644766,110137,10270,1362,17039619,411974,751,70373,280,17644766,0,36129,8,0,0,0,0,184,3852,5647783,0,1094147,0,172032,0,0,0,0,15651577,0,0,0,0
query,1630,4096,17641841,90210,8335,1343,17046401,424318,1663,69340,231,17641841,0,36129,8,0,0,0,0,175,3865,5668502,0,1105603,0,172032,0,0,0,0,15631469,0,0,0,0
query,1631,4096,17732441,90701,8436,1162,17121222,437872,1424,71394,230,17732441,0,36129,8,0,0,0,0,171,3867,5670299,0,1093691,0,172032,0,0,0,0,15719204,0,0,0,0
query,1632,4096,17713024,96952,8356,1012,17107717,423967,1031,73749,240,17713024,0,36129,8,0,0,0,0,180,3849,5644894,0,1084398,0,172032,0,0,0,0,15706471,0,0,0,0
query,1633,4096,19882842,89839,8606,1613,19102245,593756,1302,85320,161,19882842,0,36129,8,0,0,0,0,179,3857,5654536,0,1111532,0,172032,0,0,0,0,17448764,0,0,0,0
query,1634,4096,17897040,60354,11722,1483,17331116,415561,1192,75372,240,17897040,0,36129,8,0,0,0,0,176,3867,5669624,0,1083522,0,172032,0,0,0,0,15921640,0,0,0,0
query,1635,4096,17663842,59712,10380,1713,17094582,421563,1502,74250,140,17663842,0,36129,8,0,0,0,0,147,3882,5693572,0,1086347,0,172032,0,0,0,0,15694446,0,0,0,0
query,1636,4096,17704879,60223,8947,1633,17132343,424347,1784,75382,220,17704879,0,36129,8,0,0,0,0,178,3864,5667633,0,1080724,0,172032,0,0,0,0,15730627,0,0,0,0
query,1637,4096,17573001,59772,9588,1383,17000645,426893,1282,73318,120,17573001,0,36129,8,0,0,0,0,180,3833,5616987,0,1081682,0,172032,0,0,0,0,15610994,0,0,0,0
query,1638,4096,18226119,59933,8886,1513,17608067,471557,1472,74530,161,18226119,0,36129,8,0,0,0,0,179,3854,5652620,0,1106403,0,172032,0,0,0,0,16112413,0,0,0,0
query,1639,4096,18315757,60103,9157,1653,17748722,420330,841,74811,140,18315757,0,36129,8,0,0,0,0,169,3869,5672133,0,1094228,0,172032,0,0,0,0,16271742,0,0,0,0
query,1640,4096,17599401,59823,14567,1623,17031484,413787,1523,76363,231,17599401,0,36129,8,0,0,0,0,171,3867,5672267,0,1084641,0,172032,0,0,0,0,15657099,0,0,0,0
query,1641,4096,17757548,59683,9758,1242,17169914,442862,1323,72616,150,17757548,0,36129,8,0,0,0,0,171,3876,5684191,0,1092870,0,172032,0,0,0,0,15750008,0,0,0,0
query,1642,4096,17752278,59672,9087,1132,17161278,442922,1042,76924,221,17752278,0,36129,8,0,0,0,0,157,3891,5705922,0,1086654,0,172032,0,0,0,0,15781951,0,0,0,0
query,1643,4096,17721911,59923,9588,1352,17125400,443674,1713,80141,120,17721911,0,36129,8,0,0,0,0,159,3877,5683603,0,1098968,0,172032,0,0,0,0,15743902,0,0,0,0
query,1644,4096,18191845,59733,8916,1153,17430743,606059,2174,82936,131,18191845,0,36129,8,0,0,0,0,175,3866,5668810,0,1106688,0,172032,0,0,0,0,15942090,0,0,0,0
query,1645,4096,17831347,71394,9318,1943,17244985,424107,1122,78307,171,17831347,0,36129,8,0,0,0,0,189,3852,5648560,0,1077474,0,172032,0,0,0,0,15828661,0,0,0,0
query,1646,4096,17660215,60524,9527,1433,17081177,431782,1642,73989,141,17660215,0,36129,8,0,0,0,0,161,3869,5672067,0,1083337,0,172032,0,0,0,0,15688778,0,0,0,0
query,1647,4096,17708536,59953,9457,1393,17122094,441249,1313,72927,150,17708536,0,36129,8,0,0,0,0,172,3875,5681744,0,1085061,0,172032,0,0,0,0,15724294,0,0,0,0
query,1648,4096,18949007,59361,9518,1734,18296340,495621,1573,84669,191,18949007,0,36129,8,0,0,0,0,161,3868,5672010,0,1176320,0,172032,0,0,0,0,16877326,0,0,0,0
query,1649,4096,20693965,76934,9518,1162,20061327,461888,1182,81724,230,20693965,0,36129,3,0,0,0,0,161,3870,5675407,0,1310001,0,172032,0,0,0,0,18387610,0,0,0,0
query,1650,4096,20597124,80912,9558,1223,19969985,456267,1102,77847,230,20597124,0,36129,3,0,0,0,0,186,3861,5665127,0,1255194,0,172032,0,0,0,0,18208909,0,0,0,0
query,1651,4096,19880267,81844,9468,1242,19254922,455877,1091,75572,251,19880267,0,36129,3,0,0,0,0,159,3873,5679463,0,1259769,0,172032,0,0,0,0,17661467,0,0,0,0
query,1652,4096,19983680,97693,9007,1272,19353407,446579,972,74520,230,19983680,0,36129,3,0,0,0,0,172,3860,5662054,0,1245395,0,172032,0,0,0,0,17794186,0,0,0,0
query,1653,4096,20052540,97112,9067,1132,19402218,456838,1313,84649,211,20052540,0,36129,3,0,0,0,0,161,3891,5704098,0,1256265,0,172032,0,0,0,0,17844146,0,0,0,0
query,1654,4096,19975064,75982,9268,1192,19319072,485342,1363,82545,300,19975064,0,36129,3,0,0,0,0,165,3876,5684467,0,1241053,0,172032,0,0,0,0,17670033,0,0,0,0
query,1655,4096,20457552,75963,7925,992,19796008,488719,1242,86562,141,20457552,0,36129,3,0,0,0,0,187,3844,5636197,0,1223957,0,172032,0,0,0,0,18044392,0,0,0,0
query,1656,4096,19247037,88467,8756,1433,18636840,430679,1152,79440,270,19247037,0,36129,3,0,0,0,0,195,3834,5624992,0,1188798,0,172032,0,0,0,0,17118346,0,0,0,0
query,1657,4096,19397620,79259,7735,1442,18726910,493638,1151,86954,531,19397620,0,36129,3,0,0,0,0,191,3856,5653499,0,1212277,0,172032,0,0,0,0,17214050,0,0,0,0
query,1658,4096,20052370,92794,8165,1162,19382442,479992,1342,86262,211,20052370,0,36129,3,0,0,0,0,180,3847,5639018,0,1250043,0,172032,0,0,0,0,17678568,0,0,0,0
query,1659,4096,20232899,93676,9277,1302,19550417,487406,1373,89308,140,20232899,0,36129,3,0,0,0,0,172,3868,5672825,0,1264583,0,172032,0,0,0,0,17830244,0,0,0,0
query,1660,4096,20882229,93916,8837,1352,20182615,500721,1192,93376,220,20882229,0,36129,3,0,0,0,0,193,3847,5640303,0,1257654,0,172032,0,0,0,0,18346120,0,0,0,0
query,1661,4096,20298412,95810,9498,1703,19667848,446058,1032,75992,471,20298412,0,36129,3,0,0,0,0,179,3856,5655940,0,1392108,0,172032,0,0,0,0,18050444,0,0,0,0
query,1662,4096,20722128,82475,8566,1001,20089761,462529,1473,76133,190,20722128,0,36129,3,0,0,0,0,174,3858,5660747,0,1334373,0,172032,0,0,0,0,18533361,0,0,0,0
query,1663,4096,19156346,82254,8336,1072,18518337,468801,1182,75873,491,19156346,0,36129,3,0,0,0,0,162,3877,5685868,0,1180125,0,172032,0,0,0,0,16987524,0,0,0,0
query,1664,4096,18912257,81974,8556,1433,18289026,453583,1272,76173,240,18912257,0,36129,3,0,0,0,0,173,3859,5660075,0,1168824,0,172032,0,0,0,0,16789316,0,0,0,0
query,1665,4096,21368513,97132,7845,1413,20659411,516019,1633,84910,150,21368513,0,36129,3,0,0,0,0,178,3859,5660772,0,1233542,0,172032,0,0,0,0,18872889,0,0,0,0
query,1666,4096,18957874,80892,9107,1403,18342016,442832,1132,80311,181,18957874,0,36129,3,0,0,0,0,186,3855,5655911,0,1183206,0,172032,0,0,0,0,16846868,0,0,0,0
query,1667,4096,18922316,78888,8326,1042,18302642,455476,1042,74540,360,18922316,0,36129,3,0,0,0,0,183,3851,5648644,0,1183016,0,172032,0,0,0,0,16806797,0,0,0,0
query,1668,4096,18900887,95009,7664,1153,18280390,437933,1392,77226,120,18900887,0,36129,3,0,0,0,0,170,3867,5667228,0,1184497,0,172032,0,0,0,0,16765258,0,0,0,0
query,1669,4096,18880718,81473,8536,1513,18265702,444195,1583,77255,461,18880718,0,36129,3,0,0,0,0,168,3863,5667839,0,1190710,0,172032,0,0,0,0,16767360,0,0,0,0
query,1670,4096,19667748,80983,8666,992,18956991,539204,1232,79549,131,19667748,0,36129,3,0,0,0,0,157,3871,5677550,0,1192635,0,172032,0,0,0,0,17332251,0,0,0,0
query,1671,4096,19006314,82424,8857,1142,18380609,457149,1623,74400,110,19006314,0,36129,3,0,0,0,0,192,3843,5635343,0,1169110,0,172032,0,0,0,0,16858631,0,0,0,0
query,1672,4096,18840773,81463,8085,1172,18228874,445908,1242,73889,140,18840773,0,36129,3,0,0,0,0,177,3854,5654502,0,1169559,0,172032,0,0,0,0,16728235,0,0,0,0
query,1673,4096,19641778,80862,7965,1122,18824072,619344,1633,106680,100,19641778,0,36129,3,0,0,0,0,174,3851,5648941,0,1252311,0,172032,0,0,0,0,17209335,0,0,0,0
query,1674,4096,19259440,68078,10229,1193,18662989,440979,1182,74660,130,19259440,0,36129,3,0,0,0,0,204,3840,5634608,0,1179065,0,172032,0,0,0,0,16850781,0,0,0,0
query,1675,4096,19031432,80512,8085,1423,18295949,557979,1643,85621,220,19031432,0,36129,3,0,0,0,0,196,3851,5646161,0,1179037,0,172032,0,0,0,0,16780990,0,0,0,0
query,1676,4096,19352034,138641,9357,2044,18692394,431130,1243,77065,160,19352034,0,36129,3,0,0,0,0,161,3881,5693445,0,1181767,0,172032,0,0,0,0,17127776,0,0,0,0
query,1677,4096,18934349,98184,9328,1643,18306870,437642,1102,79369,211,18934349,0,36129,3,0,0,0,0,168,3859,5659203,0,1196882,0,172032,0,0,0,0,16816599,0,0,0,0
query,1678,4096,18859198,74531,8676,1653,18245695,449274,1243,77896,230,18859198,0,36129,3,0,0,0,0,185,3846,5637904,0,1163966,0,172032,0,0,0,0,16733733,0,0,0,0
query,1679,4096,18739563,81393,8165,1563,18132412,435658,1283,79059,30,18739563,0,36129,3,0,0,0,0,182,3858,5655390,0,1181316,0,172032,0,0,0,0,16660679,0,0,0,0
query,1680,4096,19106222,80932,7705,1292,18462452,477167,1252,75302,120,19106222,0,36129,3,0,0,0,0,172,3868,5668670,0,1183715,0,172032,0,0,0,0,16906223,0,0,0,0
query,1681,4096,19578429,80962,8326,1312,18955118,453312,1373,77826,200,19578429,0,36129,3,0,0,0,0,164,3872,5677876,0,1176904,0,172032,0,0,0,0,17365791,0,0,0,0
query,1682,4096,18772585,97413,8927,1292,18151028,438684,1663,73458,120,18772585,0,36129,3,0,0,0,0,191,3839,5631453,0,1162920,0,172032,0,0,0,0,16645498,0,0,0,0
query,1683,4096,19836374,81543,8326,1363,19137981,483999,1764,121308,90,19836374,0,36129,3,0,0,0,0,152,3890,5705752,0,1226019,0,172032,0,0,0,0,17463087,0,0,0,0
query,1684,4096,19260572,80552,7814,1163,18654773,437122,1593,77435,120,19260572,0,36129,1,0,0,0,0,167,3860,5660993,0,1179042,0,172032,0,0,0,0,17024947,0,0,0,0
query,1685,4096,19053263,64992,10510,1443,18450360,446008,1052,78778,120,19053263,0,36129,0,0,0,0,0,169,3867,5669813,0,1180391,0,172032,0,0,0,0,16923439,0,0,0,0
query,1686,4096,19490114,64692,10650,1322,18839922,490272,1622,81403,231,19490114,0,36129,0,0,0,0,0,166,3877,5685569,0,1178929,0,172032,0,0,0,0,17251274,0,0,0,0
query,1687,4096,18845863,64902,10419,1834,18247969,436010,1853,82655,221,18845863,0,36129,0,0,0,0,0,165,3860,5663782,0,1169594,0,172032,0,0,0,0,16733447,0,0,0,0
query,1688,4096,18881490,64952,10119,1723,18280200,445207,1362,77787,140,18881490,0,36129,0,0,0,0,0,181,3863,5663635,0,1174386,0,172032,0,0,0,0,16780181,0,0,0,0
query,1689,4096,18938327,64762,9598,1813,18327970,451619,1843,80601,121,18938327,0,36129,0,0,0,0,0,173,3880,5690009,0,1177845,0,172032,0,0,0,0,16803484,0,0,0,0
query,1690,4096,19452142,64712,10379,1513,18783376,508315,1533,82174,140,19452142,0,36129,0,0,0,0,0,179,3852,5653224,0,1176740,0,172032,0,0,0,0,17165763,0,0,0,0
query,1691,4096,19577788,69821,9828,1343,18871741,540535,1564,82826,130,19577788,0,36129,0,0,0,0,0,173,3863,5665510,0,1187696,0,172032,0,0,0,0,17265117,0,0,0,0
query,1692,4096,18960789,64762,9808,1443,18358307,442962,1814,81573,120,18960789,0,36129,0,0,0,0,0,196,3846,5643741,0,1174317,0,172032,0,0,0,0,16834894,0,0,0,0
query,1693,4096,18898292,64792,10049,1964,18297692,444976,1353,77316,150,18898292,0,36129,0,0,0,0,0,171,3865,5668561,0,1173425,0,172032,0,0,0,0,16776749,0,0,0,0
query,1694,4096,18970957,64611,9087,1513,18363055,452420,1884,78237,150,18970957,0,36129,0,0,0,0,0,178,3863,5663506,0,1170122,0,172032,0,0,0,0,16842789,0,0,0,0
query,1695,4096,18912418,64792,9648,1422,18310898,444746,1523,79239,150,18912418,0,36129,0,0,0,0,0,159,3873,5679982,0,1184629,0,172032,0,0,0,0,16805923,0,0,0,0
query,1696,4096,18916936,64752,9738,1693,18325175,429216,1413,84789,160,18916936,0,36129,0,0,0,0,0,164,3858,5661187,0,1181475,0,172032,0,0,0,0,16799266,0,0,0,0
query,1697,4096,21728991,64822,10039,1713,21129775,444315,1422,76765,140,21728991,0,36129,0,0,0,0,0,169,3874,5683667,0,1233819,0,172032,0,0,0,0,19355834,0,0,0,0
query,1698,4096,18882211,82144,9599,1182,18267325,445808,1343,74650,160,18882211,0,36129,0,0,0,0,0,155,3886,5702206,0,1173929,0,172032,0,0,0,0,16764540,0,0,0,0
query,1699,4096,18811018,82575,7605,1382,18212573,428776,1222,76654,231,18811018,0,36129,0,0,0,0,0,174,3861,5663665,0,1164872,0,172032,0,0,0,0,16682495,0,0,0,0
query,1700,4096,18926544,102873,15399,1964,18302461,429096,1123,73408,220,18926544,0,36129,3,0,0,0,0,191,3839,5630171,0,1183306,0,172032,0,0,0,0,16688097,0,0,0,0
query,1701,4096,20202011,80993,8215,1182,19495133,531629,1543,83166,150,20202011,0,36129,3,0,0,0,0,189,3846,5638667,0,1211113,0,172032,0,0,0,0,17784148,0,0,0,0
query,1702,4096,19149924,97233,10440,1382,18492469,468380,1202,78648,170,19149924,0,36129,3,0,0,0,0,186,3853,5651241,0,1181005,0,172032,0,0,0,0,16990803,0,0,0,0
query,1703,4096,19270360,97944,9748,1313,18611662,469331,1835,78307,220,19270360,0,36129,3,0,0,0,0,188,3848,5642473,0,1212849,0,172032,0,0,0,0,17051257,0,0,0,0
query,1704,4096,19061888,73227,9318,1462,18385057,510991,1172,80521,140,19061888,0,36129,3,0,0,0,0,172,3865,5667317,0,1197282,0,172032,0,0,0,0,16884245,0,0,0,0
query,1705,4096,19135227,80462,9547,1072,18518528,443464,1011,80962,181,19135227,0,36129,3,0,0,0,0,171,3870,5673863,0,1180180,0,172032,0,0,0,0,16991395,0,0,0,0
query,1706,4096,19191652,96421,9789,1322,18527996,476375,1372,77826,551,19191652,0,36129,3,0,0,0,0,146,3895,5713970,0,1226585,0,172032,0,0,0,0,17016004,0,0,0,0
query,1707,4096,19861261,81373,8887,1733,19173538,512443,2104,80872,311,19861261,0,36129,3,0,0,0,0,187,3848,5643806,0,1203489,0,172032,0,0,0,0,17537501,0,0,0,0
query,1708,4096,19302481,97593,9678,1353,18623715,483067,1213,85721,141,19302481,0,36129,0,0,0,0,0,187,3854,5653611,0,1181439,0,172032,0,0,0,0,17027231,0,0,0,0
query,1709,4096,19462361,80190,10079,1243,18740965,547429,2004,79950,501,19462361,0,36129,0,0,0,0,0,168,3864,5667158,0,1200780,0,172032,0,0,0,0,17173736,0,0,0,0
query,1710,4096,19834871,80671,9328,1333,19089230,572175,1202,80792,140,19834871,0,36129,3,0,0,0,0,170,3860,5661561,0,1171854,0,172032,0,0,0,0,17441386,0,0,0,0
query,1711,4096,20787752,83016,9578,1172,20064102,545555,1924,82244,161,20787752,0,36129,3,0,0,0,0,173,3869,5676955,0,1276553,0,172032,0,0,0,0,18328391,0,0,0,0
query,1712,4096,21457039,99036,7294,1242,20678396,585611,1562,83728,170,21457039,0,36129,0,0,0,0,0,165,3866,5668679,0,1205093,0,172032,0,0,0,0,18809836,0,0,0,0
query,1713,4096,19338539,81744,8686,1152,18696823,472688,1152,76143,151,19338539,0,36129,0,0,0,0,0,178,3862,5663403,0,1185530,0,172032,0,0,0,0,17137231,0,0,0,0
query,1714,4096,19340963,95489,10821,1863,18674651,474993,1613,81393,140,19340963,0,36129,1,0,0,0,0,188,3857,5659408,0,1181365,0,172032,0,0,0,0,17104558,0,0,0,0
query,1715,4096,19426303,82094,8476,1703,18800738,456338,1883,74801,270,19426303,0,36129,3,0,0,0,0,177,3863,5665144,0,1182478,0,172032,0,0,0,0,17234734,0,0,0,0
query,1716,4096,19147159,81794,9467,1383,18502638,474922,702,76123,130,19147159,0,36129,11,0,0,0,0,151,3891,5703737,0,1180192,0,172032,0,0,0,0,16966016,0,0,0,0
query,1717,4096,19266112,81954,9257,1543,18473162,616549,1372,82014,261,19266112,0,36129,11,0,0,0,0,168,3865,5665971,0,1175970,0,172032,0,0,0,0,16928551,0,0,0,0
query,1718,4096,19372793,84619,11813,1873,18707964,488267,1052,76975,230,19372793,0,36129,11,0,0,0,0,172,3863,5668622,0,1169782,0,172032,0,0,0,0,17134979,0,0,0,0
query,1719,4096,18999811,82104,8616,1212,18343759,486163,1123,76504,330,18999811,0,36129,11,0,0,0,0,189,3855,5652523,0,1191781,0,172032,0,0,0,0,16831917,0,0,0,0
query,1720,4096,19157358,81484,7684,1142,18527445,460836,1031,77506,230,19157358,0,36129,11,0,0,0,0,172,3875,5682593,0,1181142,0,172032,0,0,0,0,16996898,0,0,0,0
query,1721,4096,19285378,97513,8776,1393,18604619,492896,1573,78468,140,19285378,0,36129,11,0,0,0,0,162,3883,5696471,0,1181145,0,172032,0,0,0,0,17075035,0,0,0,0
query,1722,4096,19066928,86703,8556,1472,18443557,442371,1223,82895,151,19066928,0,36129,11,0,0,0,0,177,3858,5658193,0,1168771,0,172032,0,0,0,0,16915955,0,0,0,0
query,1723,4096,21706448,96261,9297,1583,20990132,525177,1413,82435,150,21706448,0,36129,11,0,0,0,0,169,3871,5675932,0,1240849,0,172032,0,0,0,0,19147612,0,0,0,0
query,1724,4096,19108746,97854,9397,1273,18468814,452230,1202,77856,120,19108746,0,36129,11,0,0,0,0,155,3881,5693389,0,1174773,0,172032,0,0,0,0,16966382,0,0,0,0
query,1725,4096,19257877,85070,8907,1172,18603868,476916,1042,80752,150,19257877,0,36129,11,0,0,0,0,170,3864,5667491,0,1180464,0,172032,0,0,0,0,17032021,0,0,0,0
query,1726,4096,19011795,98115,9528,1222,18342497,484571,1182,74560,120,19011795,0,36129,11,0,0,0,0,185,3870,5679773,0,1168775,0,172032,0,0,0,0,16824736,0,0,0,0
query,1727,4096,19149423,82004,7634,1333,18520040,459734,1352,77105,221,19149423,0,36129,11,0,0,0,0,190,3842,5631904,0,1177422,0,172032,0,0,0,0,16960029,0,0,0,0
query,1728,4096,19970987,82184,8656,1213,19291620,505580,1333,80260,141,19970987,0,36129,11,0,0,0,0,171,3875,5685109,0,1179875,0,172032,0,0,0,0,17643832,0,0,0,0
query,1729,4096,19091624,83657,8376,1292,18452123,464122,1252,80402,400,19091624,0,36129,11,0,0,0,0,174,3869,5674746,0,1175615,0,172032,0,0,0,0,16904969,0,0,0,0
query,1730,4096,19200830,81483,8526,1252,18542663,487577,1392,77706,231,19200830,0,36129,11,0,0,0,0,167,3865,5668252,0,1172994,0,172032,0,0,0,0,17011606,0,0,0,0
query,1731,4096,18946121,97323,8736,1212,18324073,435578,1272,77676,251,18946121,0,36129,11,0,0,0,0,156,3890,5704990,0,1180476,0,172032,0,0,0,0,16840535,0,0,0,0
query,1732,4096,19406376,82525,8737,1192,18773346,457911,1572,80943,150,19406376,0,36129,11,0,0,0,0,164,3881,5694961,0,1178979,0,172032,0,0,0,0,17193446,0,0,0,0
query,1733,4096,19480425,81864,8746,1303,18754241,551206,941,81974,150,19480425,0,36129,11,0,0,0,0,195,3839,5630963,0,1176503,0,172032,0,0,0,0,17125282,0,0,0,0
query,1734,4096,19122913,81403,9879,1232,18489383,462760,1452,76664,140,19122913,0,36129,11,0,0,0,0,181,3860,5660296,0,1170598,0,172032,0,0,0,0,16972380,0,0,0,0
query,1735,4096,19159582,82204,9238,1082,18482630,501823,1493,80962,150,19159582,0,36129,11,0,0,0,0,154,3878,5689602,0,1176519,0,172032,0,0,0,0,16940967,0,0,0,0
query,1736,4096,18940290,73708,11051,2134,18338589,436981,1263,76353,211,18940290,0,36129,11,0,0,0,0,173,3848,5643434,0,1166466,0,172032,0,0,0,0,16829760,0,0,0,0
query,1737,4096,19227740,97964,8666,1312,18563974,474992,1292,79320,220,19227740,0,36129,11,0,0,0,0,186,3853,5647984,0,1188379,0,172032,0,0,0,0,17009894,0,0,0,0
query,1738,4096,19062109,97133,9497,1343,18257848,607812,1142,86933,401,19062109,0,36129,11,0,0,0,0,184,3838,5625882,0,1160614,0,172032,0,0,0,0,16730372,0,0,0,0
query,1739,4096,19521833,86543,8816,1683,18858567,486755,1452,77806,211,19521833,0,36129,11,0,0,0,0,192,3852,5648860,0,1185479,0,172032,0,0,0,0,17254919,0,0,0,0
query,1740,4096,19072899,84398,8486,1543,18413490,486323,1434,77015,210,19072899,0,36129,11,0,0,0,0,168,3874,5680091,0,1179931,0,172032,0,0,0,0,16900783,0,0,0,0
query,1741,4096,19186673,81674,8185,1102,18573851,443453,1704,76434,270,19186673,0,36129,11,0,0,0,0,189,3860,5661350,0,1177437,0,172032,0,0,0,0,17040001,0,0,0,0
query,1742,4096,20712260,81353,8747,1462,20045587,494759,1734,78558,60,20712260,0,36129,11,0,0,0,0,162,3880,5696111,0,1242742,0,172032,0,0,0,0,18387999,0,0,0,0
query,1743,4096,18825675,81463,8787,1172,18203616,452561,1122,76804,150,18825675,0,36129,11,0,0,0,0,197,3840,5629625,0,1151578,0,172032,0,0,0,0,16727129,0,0,0,0
query,1744,4096,19669210,77787,8485,1333,19049485,453883,1343,76734,160,19669210,0,36129,11,0,0,0,0,202,3837,5626315,0,1157295,0,172032,0,0,0,0,17435551,0,0,0,0
query,1745,4096,19177896,97323,8906,1213,18490625,488798,1503,89308,220,19177896,0,36129,11,0,0,0,0,180,3867,5671539,0,1189138,0,172032,0,0,0,0,16946324,0,0,0,0
query,1746,4096,19156426,77165,8335,1443,18536481,447862,1433,83567,140,19156426,0,36129,11,0,0,0,0,162,3873,5680283,0,1156694,0,172032,0,0,0,0,17000077,0,0,0,0
query,1747,4096,19182956,88496,8947,1223,18512706,492205,802,78417,160,19182956,0,36129,11,0,0,0,0,174,3864,5664857,0,1176162,0,172032,0,0,0,0,16963484,0,0,0,0
query,1748,4096,19075645,86383,8355,1303,18460468,438183,1403,79339,211,19075645,0,36129,11,0,0,0,0,143,3896,5715264,0,1165753,0,172032,0,0,0,0,16953423,0,0,0,0
query,1749,4096,19823329,82585,8215,1052,19163239,487867,1573,78568,230,19823329,0,36129,11,0,0,0,0,168,3878,5687401,0,1194751,0,172032,0,0,0,0,17559811,0,0,0,0
query,1750,4096,19016563,97242,9068,1292,18343429,482226,1262,81814,230,19016563,0,36129,11,0,0,0,0,177,3853,5654543,0,1166370,0,172032,0,0,0,0,16844694,0,0,0,0
query,1751,4096,19160134,95490,8957,1292,18518017,455857,1582,78788,151,19160134,0,36129,11,0,0,0,0,176,3862,5661999,0,1171342,0,172032,0,0,0,0,16979233,0,0,0,0
query,1752,4096,18987609,95489,9739,1543,18316588,486063,1643,76394,150,18987609,0,36129,11,0,0,0,0,175,3848,5643597,0,1168473,0,172032,0,0,0,0,16794627,0,0,0,0
query,1753,4096,19494932,81784,9037,1412,18808423,505570,1532,86964,210,19494932,0,36129,11,0,0,0,0,179,3854,5653634,0,1173199,0,172032,0,0,0,0,17219308,0,0,0,0
query,1754,4096,22659880,86854,8265,1212,21882198,595078,1503,84629,141,22659880,0,36129,11,0,0,0,0,193,3842,5634016,0,1272385,0,172032,0,0,0,0,19976120,0,0,0,0
query,1755,4096,18979784,85811,8847,961,18367033,441640,1303,73989,200,18979784,0,36129,11,0,0,0,0,182,3849,5646675,0,1181291,0,172032,0,0,0,0,16870815,0,0,0,0
query,1756,4096,19339140,82796,7654,942,18710288,459624,1272,76373,191,19339140,0,36129,11,0,0,0,0,165,3867,5669362,0,1183225,0,172032,0,0,0,0,17151880,0,0,0,0
query,1757,4096,18975245,84769,9939,1483,18308673,493137,961,76053,230,18975245,0,36129,11,0,0,0,0,187,3859,5661556,0,1169853,0,172032,0,0,0,0,16782143,0,0,0,0
query,1758,4096,19056628,80992,8907,1042,18440030,447721,1413,76293,230,19056628,0,36129,11,0,0,0,0,161,3866,5667168,0,1169899,0,172032,0,0,0,0,16917609,0,0,0,0
query,1759,4096,19628714,114145,9518,1322,18799686,618873,1553,83477,140,19628714,0,36129,11,0,0,0,0,189,3844,5641090,0,1179041,0,172032,0,0,0,0,17175884,0,0,0,0
query,1760,4096,19068140,80662,9818,1383,18449197,450868,1452,74630,130,19068140,0,36129,11,0,0,0,0,157,3867,5670146,0,1230627,0,172032,0,0,0,0,16936397,0,0,0,0
query,1761,4096,19366101,81984,8126,1342,18710589,478549,1523,83807,181,19366101,0,36129,11,0,0,0,0,148,3889,5700811,0,1178397,0,172032,0,0,0,0,17133444,0,0,0,0
query,1762,4096,18906306,78066,8837,1483,18298674,441730,1393,75892,231,18906306,0,36129,11,0,0,0,0,186,3859,5661484,0,1162844,0,172032,0,0,0,0,16781275,0,0,0,0
query,1763,4096,19332627,103064,9858,1924,18673258,463481,1332,79480,230,19332627,0,36129,11,0,0,0,0,169,3869,5674558,0,1170346,0,172032,0,0,0,0,17151955,0,0,0,0
query,1764,4096,19061567,64781,10490,1363,18414842,489860,1303,78868,60,19061567,0,36129,11,0,0,0,0,167,3880,5689167,0,1176262,0,172032,0,0,0,0,16867202,0,0,0,0
query,1765,4096,19521542,64341,9778,1573,18925432,436160,1442,82575,241,19521542,0,36129,11,0,0,0,0,168,3864,5663217,0,1179851,0,172032,0,0,0,0,17351300,0,0,0,0
query,1766,4096,18891458,64081,10289,1823,18244172,491945,1472,77416,260,18891458,0,36129,11,0,0,0,0,181,3858,5659281,0,1149222,0,172032,0,0,0,0,16691353,0,0,0,0
query,1767,4096,18637741,63299,9678,1322,18053554,431662,1492,76684,50,18637741,0,36129,11,0,0,0,0,187,3858,5658705,0,1141094,0,172032,0,0,0,0,16587951,0,0,0,0
query,1768,4096,18622904,62748,9548,1863,18000164,459734,1382,87314,151,18622904,0,36129,11,0,0,0,0,181,3848,5640350,0,1150789,0,172032,0,0,0,0,16489816,0,0,0,0
query,1769,4096,18244092,66395,9337,1503,17652210,436660,1323,76513,151,18244092,0,36129,11,0,0,0,0,158,3880,5687712,0,1136942,0,172032,0,0,0,0,16217673,0,0,0,0
query,1770,4096,18966239,61736,9448,1402,18355982,461077,1192,75251,151,18966239,0,36129,11,0,0,0,0,171,3865,5671876,0,1119308,0,172032,0,0,0,0,16799853,0,0,0,0
query,1771,4096,18180492,93425,8937,1703,17529910,468731,1502,75993,291,18180492,0,36129,11,0,0,0,0,141,3902,5723949,0,1111350,0,172032,0,0,0,0,16085388,0,0,0,0
query,1772,4096,17990646,90671,8646,1182,17377133,439506,1432,71795,281,17990646,0,36129,11,0,0,0,0,168,3852,5650594,0,1090434,0,172032,0,0,0,0,15928334,0,0,0,0
query,1773,4096,17747759,89538,8676,1323,17118747,456027,1643,71404,401,17747759,0,36129,11,0,0,0,0,165,3870,5675211,0,1076885,0,172032,0,0,0,0,15702618,0,0,0,0
query,1774,4096,17742309,89348,8045,1222,17149335,421622,1453,71133,151,17742309,0,36129,11,0,0,0,0,162,3876,5689344,0,1077753,0,172032,0,0,0,0,15739503,0,0,0,0
query,1775,4096,17692004,88246,8906,1303,16996928,520278,1633,74570,140,17692004,0,36129,11,0,0,0,0,173,3862,5665329,0,1066091,0,172032,0,0,0,0,15603392,0,0,0,0
query,1776,4096,18185261,87895,9177,1814,17591505,420209,1584,72937,140,18185261,0,36129,11,0,0,0,0,161,3886,5698070,0,1088895,0,172032,0,0,0,0,16155593,0,0,0,0
query,1777,4096,17967852,88947,8676,1363,17338199,456027,1443,72947,250,17967852,0,36129,11,0,0,0,0,172,3877,5685833,0,1079668,0,172032,0,0,0,0,15881318,0,0,0,0
query,1778,4096,17610922,88056,8556,1362,17025362,417304,1283,68859,140,17610922,0,36129,11,0,0,0,0,157,3875,5684450,0,1086089,0,172032,0,0,0,0,15652193,0,0,0,0
query,1779,4096,17973603,89027,7544,1503,17352998,448112,1292,72937,190,17973603,0,36129,11,0,0,0,0,184,3867,5668864,0,1090165,0,172032,0,0,0,0,15926458,0,0,0,0
query,1780,4096,17560377,88226,8846,1032,16963355,428445,1043,69079,351,17560377,0,36129,11,0,0,0,0,171,3853,5649440,0,1078550,0,172032,0,0,0,0,15587925,0,0,0,0
query,1781,4096,18152409,89258,7834,1503,17540760,433455,1342,78077,180,18152409,0,36129,11,0,0,0,0,187,3863,5666468,0,1082196,0,172032,0,0,0,0,16104543,0,0,0,0
query,1782,4096,17649064,86513,8626,1272,17023248,449034,1703,78498,170,17649064,0,36129,11,0,0,0,0,163,3867,5675026,0,1075440,0,172032,0,0,0,0,15620601,0,0,0,0
query,1783,4096,17731970,60233,10350,1923,17150177,432653,1653,74760,221,17731970,0,36129,11,0,0,0,0,177,3850,5645162,0,1069751,0,172032,0,0,0,0,15741085,0,0,0,0
query,1784,4096,17605892,59702,9167,1513,17013109,442181,1152,78858,210,17605892,0,36129,11,0,0,0,0,195,3829,5615034,0,1067147,0,172032,0,0,0,0,15626674,0,0,0,0
query,1785,4096,17895176,59202,9588,1703,17322269,427503,1303,73458,150,17895176,0,36129,11,0,0,0,0,174,3865,5666816,0,1077079,0,172032,0,0,0,0,15890387,0,0,0,0
query,1786,4096,17742610,59733,9327,1383,17075345,519175,1303,76103,241,17742610,0,36129,11,0,0,0,0,197,3838,5630992,0,1078299,0,172032,0,0,0,0,15634561,0,0,0,0
query,1787,4096,20706779,60463,9528,1313,20084720,472619,1262,76694,180,20706779,0,36129,11,0,0,0,0,197,3840,5628203,0,1170475,0,172032,0,0,0,0,18352722,0,0,0,0
query,1788,4096,18050739,59652,9548,1443,17435232,469903,1513,73277,171,18050739,0,36129,11,0,0,0,0,169,3860,5663208,0,1095478,0,172032,0,0,0,0,15981778,0,0,0,0
query,1789,4096,17605482,89538,8506,1373,17013529,410472,1152,80331,581,17605482,0,36129,11,0,0,0,0,179,3862,5662948,0,1082526,0,172032,0,0,0,0,15627265,0,0,0,0
query,1790,4096,17980396,87083,6923,1152,17353148,450316,1202,80412,160,17980396,0,36129,11,0,0,0,0,164,3889,5704721,0,1090028,0,172032,0,0,0,0,15915648,0,0,0,0
query,1791,4096,17421235,94066,8096,1372,16837689,408177,1293,70322,220,17421235,0,36129,11,0,0,0,0,194,3844,5640525,0,1078387,0,172032,0,0,0,0,15479153,0,0,0,0
query,1792,4096,17949709,89669,7875,1322,17287805,485903,1062,75882,191,17949709,0,36129,11,0,0,0,0,166,3879,5696536,0,1081511,0,172032,0,0,0,0,15826259,0,0,0,0
query,1793,4096,17610061,90200,9698,2074,16996557,437662,1273,72476,121,17610061,0,36129,11,0,0,0,0,155,3869,5675422,0,1070362,0,172032,0,0,0,0,15601765,0,0,0,0
query,1794,4096,17830575,108704,7855,1342,17216682,421432,1182,73227,151,17830575,0,36129,11,0,0,0,0,169,3880,5689436,0,1074658,0,172032,0,0,0,0,15798845,0,0,0,0
query,1795,4096,18969244,89798,8797,1352,18273828,517513,1412,76414,130,18969244,0,36129,11,0,0,0,0,183,3861,5661590,0,1112455,0,172032,0,0,0,0,16718752,0,0,0,0
query,1796,4096,17854780,89328,8866,1333,17264611,418577,761,71084,220,17854780,0,36129,11,0,0,0,0,163,3866,5668287,0,1062141,0,172032,0,0,0,0,15849177,0,0,0,0
query,1797,4096,17641329,89649,8436,1212,17018599,444515,922,77736,260,17641329,0,36129,11,0,0,0,0,183,3850,5645949,0,1068757,0,172032,0,0,0,0,15619666,0,0,0,0
query,1798,4096,18359579,90720,8937,1132,17702715,480052,941,74941,141,18359579,0,36129,11,0,0,0,0,161,3879,5687443,0,1066601,0,172032,0,0,0,0,16230873,0,0,0,0
query,1799,4096,17896809,99567,8506,1272,17220609,490451,1203,75071,130,17896809,0,36129,11,0,0,0,0,173,3865,5669861,0,1072028,0,172032,0,0,0,0,15790194,0,0,0,0
query,1800,4096,17641689,59311,9117,1553,17068002,426442,1713,75351,200,17641689,0,36129,11,0,0,0,0,174,3864,5667434,0,1062783,0,172032,0,0,0,0,15683854,0,0,0,0
query,1801,4096,17877212,59551,8927,1333,17260102,465194,1654,80230,221,17877212,0,36129,11,0,0,0,0,190,3844,5637179,0,1076684,0,172032,0,0,0,0,15801810,0,0,0,0
query,1802,4096,17686955,60343,9668,1553,17116974,422624,1613,73588,592,17686955,0,36129,11,0,0,0,0,167,3865,5668182,0,1064924,0,172032,0,0,0,0,15727883,0,0,0,0
query,1803,4096,17873235,59472,9327,1764,17267587,461046,1182,72707,150,17873235,0,36129,11,0,0,0,0,171,3863,5663429,0,1075896,0,172032,0,0,0,0,15840715,0,0,0,0
query,1804,4096,17823521,89939,8716,1182,17179030,471045,1113,72266,230,17823521,0,36129,11,0,0,0,0,163,3885,5697153,0,1075242,0,172032,0,0,0,0,15797855,0,0,0,0
query,1805,4096,17895737,89308,7925,1082,17287554,436060,1252,72266,290,17895737,0,36129,11,0,0,0,0,155,3877,5686892,0,1079751,0,172032,0,0,0,0,15856942,0,0,0,0
query,1806,4096,17626842,89768,7865,1553,17024059,431832,1112,70382,271,17626842,0,36129,11,0,0,0,0,166,3853,5648306,0,1069780,0,172032,0,0,0,0,15629862,0,0,0,0
query,1807,4096,17877753,94788,7073,1453,17264701,435569,1142,72766,261,17877753,0,36129,11,0,0,0,0,181,3858,5657856,0,1080068,0,172032,0,0,0,0,15832486,0,0,0,0
query,1808,4096,17678980,88887,8246,1082,17023238,484881,1302,71214,130,17678980,0,36129,11,0,0,0,0,180,3859,5661392,0,1059283,0,172032,0,0,0,0,15624606,0,0,0,0
query,1809,4096,18198296,91001,8506,1022,17373706,636466,1653,85661,281,18198296,0,36129,11,0,0,0,0,170,3852,5645230,0,1057579,0,172032,0,0,0,0,15883314,0,0,0,0
query,1810,4096,18037092,90870,8897,1513,17412769,449685,1553,71635,170,18037092,0,36129,11,0,0,0,0,162,3880,5688023,0,1065419,0,172032,0,0,0,0,15974748,0,0,0,0
query,1811,4096,17775020,90209,8937,1152,17192666,410041,1081,70793,141,17775020,0,36129,11,0,0,0,0,172,3867,5671287,0,1060982,0,172032,0,0,0,0,15769804,0,0,0,0
query,1812,4096,17921345,90069,8165,1363,17247499,497856,1282,74881,230,17921345,0,36129,11,0,0,0,0,174,3878,5689972,0,1075549,0,172032,0,0,0,0,15803806,0,0,0,0
query,1813,4096,17646048,89268,8305,1463,17049647,423586,1403,72246,130,17646048,0,36129,11,0,0,0,0,156,3882,5692855,0,1067717,0,172032,0,0,0,0,15661420,0,0,0,0
query,1814,4096,17779939,89458,8055,1823,17142011,465465,1613,71274,240,17779939,0,36129,11,0,0,0,0,168,3873,5680173,0,1068394,0,172032,0,0,0,0,15716903,0,0,0,0
query,1815,4096,17726810,89328,7945,1593,17135939,420740,1233,69791,241,17726810,0,36129,11,0,0,0,0,187,3865,5668281,0,1064294,0,172032,0,0,0,0,15759166,0,0,0,0
query,1816,4096,18027865,89799,7864,1203,17399224,454414,1352,73869,140,18027865,0,36129,11,0,0,0,0,159,3875,5682432,0,1079550,0,172032,0,0,0,0,15963483,0,0,0,0
query,1817,4096,17493592,89318,8356,1433,16904905,417615,951,70904,110,17493592,0,36129,11,0,0,0,0,183,3854,5652770,0,1061159,0,172032,0,0,0,0,15530603,0,0,0,0
query,1818,4096,17878164,90090,6963,1172,17253971,441921,1552,82295,200,17878164,0,36129,11,0,0,0,0,170,3867,5672926,0,1061105,0,172032,0,0,0,0,15814963,0,0,0,0
query,1819,4096,17633804,86753,8315,1022,17032896,430810,1202,72586,220,17633804,0,36129,11,0,0,0,0,168,3867,5670359,0,1070288,0,172032,0,0,0,0,15631135,0,0,0,0
query,1820,4096,17968985,89458,7805,1152,17359500,435177,1443,74029,421,17968985,0,36129,11,0,0,0,0,165,3887,5700040,0,1077367,0,172032,0,0,0,0,15909965,0,0,0,0
query,1821,4096,20655864,90761,8646,1252,19997998,481064,1382,74621,140,20655864,0,36129,3,0,0,0,0,163,3884,5694335,0,1156171,0,172032,0,0,0,0,18273654,0,0,0,0
query,1822,4096,17865270,89749,9367,1052,17262618,430068,871,71395,150,17865270,0,36129,3,0,0,0,0,177,3855,5656598,0,1072351,0,172032,0,0,0,0,15836442,0,0,0,0
query,1823,4096,17905666,93876,9108,1402,17270152,443473,1323,86212,120,17905666,0,36129,3,0,0,0,0,167,3866,5669240,0,1088865,0,172032,0,0,0,0,15847473,0,0,0,0
query,1824,4096,17729916,87445,9828,1132,17149866,409760,1012,70652,221,17729916,0,36129,3,0,0,0,0,172,3877,5684368,0,1078523,0,172032,0,0,0,0,15747472,0,0,0,0
query,1825,4096,17905416,89599,9017,1092,17262868,468781,1252,72566,241,17905416,0,36129,3,0,0,0,0,174,3857,5654931,0,1089274,0,172032,0,0,0,0,15835072,0,0,0,0
query,1826,4096,17759491,88647,8636,1373,17164252,425098,1143,70032,310,17759491,0,36129,3,0,0,0,0,166,3881,5692374,0,1087373,0,172032,0,0,0,0,15800299,0,0,0,0
query,1827,4096,18164492,89488,8196,1182,17538606,453212,1432,72166,210,18164492,0,36129,3,0,0,0,0,158,3887,5702407,0,1084544,0,172032,0,0,0,0,16066138,0,0,0,0
query,1828,4096,17563202,88286,8236,951,16974657,419308,981,70563,220,17563202,0,36129,3,0,0,0,0,170,3871,5676304,0,1063561,0,172032,0,0,0,0,15585610,0,0,0,0
query,1829,4096,17918139,89348,7093,852,17305147,442442,1212,71905,140,17918139,0,36129,3,0,0,0,0,181,3855,5654875,0,1066398,0,172032,0,0,0,0,15857263,0,0,0,0
query,1830,4096,17707794,88777,8185,1293,17092638,446088,881,69691,241,17707794,0,36129,3,0,0,0,0,165,3862,5666023,0,1165473,0,172032,0,0,0,0,15690865,0,0,0,0
query,1831,4096,17856543,89558,8095,982,17255794,428595,1544,71725,250,17856543,0,36129,3,0,0,0,0,184,3859,5654234,0,1066621,0,172032,0,0,0,0,15837648,0,0,0,0
query,1832,4096,18413019,89558,8436,1563,17750244,487025,1423,74630,140,18413019,0,36129,3,0,0,0,0,170,3858,5659483,0,1084940,0,172032,0,0,0,0,16277302,0,0,0,0
query,1833,4096,18246005,90009,8506,1303,17642120,422564,1112,80041,350,18246005,0,36129,3,0,0,0,0,190,3848,5640785,0,1087758,0,172032,0,0,0,0,16217099,0,0,0,0
query,1834,4096,17796059,89788,8136,1082,17178449,445978,1242,71124,260,17796059,0,36129,3,0,0,0,0,160,3879,5689890,0,1093178,0,172032,0,0,0,0,15771788,0,0,0,0
query,1835,4096,17896228,89919,7665,641,17301150,418166,1232,77275,180,17896228,0,36129,3,0,0,0,0,171,3871,5679622,0,1083728,0,172032,0,0,0,0,15888703,0,0,0,0
query,1836,4096,17784658,85992,7914,1263,17160565,454283,1324,73047,270,17784658,0,36129,3,0,0,0,0,175,3861,5662914,0,1100832,0,172032,0,0,0,0,15742827,0,0,0,0
query,1837,4096,20679157,88546,9438,1422,20023506,472348,2103,81564,230,20679157,0,36129,3,0,0,0,0,160,3882,5695155,0,1170000,0,172032,0,0,0,0,18183840,0,0,0,0
query,1838,4096,21685478,246042,11502,1863,20656084,505350,1683,262824,130,21685478,0,36129,4,0,0,0,0,200,3826,5610910,0,1216210,0,172032,0,0,0,0,18830468,0,0,0,0
query,1839,4096,21898488,87384,9117,1843,21223330,484300,1493,90811,210,21898488,0,36129,1,0,0,0,0,166,3868,5670832,0,1287287,0,172032,0,0,0,0,19372804,0,0,0,0
query,1840,4096,21623452,74570,9969,1653,20971417,480092,1442,84159,150,21623452,0,36129,0,0,0,0,0,174,3868,5672993,0,1324536,0,172032,0,0,0,0,19251499,0,0,0,0
query,1841,4096,20911073,74620,10149,1283,20187954,548100,1102,87705,160,20911073,0,36129,0,0,0,0,0,189,3836,5632376,0,1293834,0,172032,0,0,0,0,18414202,0,0,0,0
query,1842,4096,21655041,80952,11582,1232,20920852,552027,1312,86924,160,21655041,0,36129,0,0,0,0,0,173,3842,5635512,0,1325589,0,172032,0,0,0,0,19123188,0,0,0,0
query,1843,4096,20575202,108794,10029,1172,19901005,473720,1293,79048,141,20575202,0,36129,0,0,0,0,0,173,3881,5692124,0,1282191,0,172032,0,0,0,0,18242647,0,0,0,0
query,1844,4096,20771631,88717,8255,1293,20047270,537169,1433,87354,140,20771631,0,36129,0,0,0,0,0,167,3861,5664080,0,1304196,0,172032,0,0,0,0,18395637,0,0,0,0
query,1845,4096,20475104,76344,9387,1413,19803291,502293,1214,80912,250,20475104,0,36129,0,0,0,0,0,175,3869,5674697,0,1279146,0,172032,0,0,0,0,18187435,0,0,0,0
query,1846,4096,20291990,94748,7664,1133,19615538,494459,1172,77125,151,20291990,0,36129,0,0,0,0,0,171,3874,5682896,0,1273731,0,172032,0,0,0,0,18008447,0,0,0,0
query,1847,4096,20976897,82004,8656,1383,20288403,515929,1313,78998,211,20976897,0,36129,0,0,0,0,0,177,3853,5653276,0,1277724,0,172032,0,0,0,0,18566287,0,0,0,0
query,1848,4096,20045577,81584,8726,1353,19431312,445066,1183,76093,260,20045577,0,36129,0,0,0,0,0,185,3842,5633092,0,1251432,0,172032,0,0,0,0,17778090,0,0,0,0
query,1849,4096,22133480,97082,7945,1292,21431822,512533,1543,81102,161,22133480,0,36129,0,0,0,0,0,177,3862,5664433,0,1359616,0,172032,0,0,0,0,19585204,0,0,0,0
query,1850,4096,19853355,97112,9157,1022,19142450,511091,861,91402,260,19853355,0,36129,0,0,0,0,0,192,3846,5638652,0,1220517,0,172032,0,0,0,0,17464267,0,0,0,0
query,1851,4096,19407418,82145,9918,1263,18802951,433004,1182,76694,261,19407418,0,36129,0,0,0,0,0,191,3831,5619610,0,1172285,0,172032,0,0,0,0,17019412,0,0,0,0
query,1852,4096,21433054,98445,8807,1122,20694726,543692,1603,84509,150,21433054,0,36129,0,0,0,0,0,172,3854,5654407,0,1222605,0,172032,0,0,0,0,18849060,0,0,0,0
query,1853,4096,19094630,81163,9588,1222,18486357,438935,1102,76153,110,19094630,0,36129,0,0,0,0,0,182,3852,5652163,0,1166328,0,172032,0,0,0,0,16899460,0,0,0,0
query,1854,4096,19315544,80551,8245,1433,18670052,474541,1403,79169,150,19315544,0,36129,0,0,0,0,0,152,3885,5696212,0,1194654,0,172032,0,0,0,0,17100220,0,0,0,0
query,1855,4096,18915473,97703,8947,1242,18285620,446129,981,74540,311,18915473,0,36129,0,0,0,0,0,172,3865,5667785,0,1168766,0,172032,0,0,0,0,16772124,0,0,0,0
query,1856,4096,19017094,81052,8005,1423,18412608,436571,731,76423,281,19017094,0,36129,0,0,0,0,0,179,3866,5675061,0,1166117,0,172032,0,0,0,0,16873426,0,0,0,0
query,1857,4096,19617212,82054,8345,1213,18897469,543491,1724,82615,301,19617212,0,36129,0,0,0,0,0,192,3847,5641642,0,1159001,0,172032,0,0,0,0,17290232,0,0,0,0
query,1858,4096,19596072,83156,12474,2454,18986296,433374,1524,76523,271,19596072,0,36129,1,0,0,0,0,161,3870,5674061,0,1201726,0,172032,0,0,0,0,17228514,0,0,0,0
query,1859,4096,19136008,81964,9248,1583,18477861,487025,1202,76614,511,19136008,0,36129,3,0,0,0,0,169,3863,5661589,0,1171203,0,172032,0,0,0,0,16941192,0,0,0,0
query,1860,4096,18903851,98776,10399,2104,18287784,429256,1673,73729,130,18903851,0,36129,0,0,0,0,0,177,3862,5665163,0,1177805,0,172032,0,0,0,0,16795529,0,0,0,0
query,1861,4096,19619897,81794,8706,1122,18964355,471476,1603,90690,151,19619897,0,36129,0,0,0,0,0,174,3863,5667734,0,1188581,0,172032,0,0,0,0,17359096,0,0,0,0
query,1862,4096,19259690,65012,10250,1222,18461540,630265,2334,88777,290,19259690,0,36129,3,0,0,0,0,185,3845,5638309,0,1172537,0,172032,0,0,0,0,16905082,0,0,0,0
query,1863,4096,19600751,66004,11352,1763,18988090,450096,1582,81724,140,19600751,0,36129,3,0,0,0,0,181,3849,5643902,0,1207375,0,172032,0,0,0,0,17353476,0,0,0,0
query,1864,4096,19483200,65033,11521,1493,18723703,574700,1813,104797,140,19483200,0,36129,3,0,0,0,0,147,3883,5692512,0,1183243,0,172032,0,0,0,0,17103052,0,0,0,0
query,1865,4096,19441722,72636,9649,1342,18823630,451669,1483,81052,261,19441722,0,36129,3,0,0,0,0,178,3852,5649203,0,1176158,0,172032,0,0,0,0,17251374,0,0,0,0
query,1866,4096,19316306,82204,8566,1233,18652669,491594,1543,78367,130,19316306,0,36129,3,0,0,0,0,175,3854,5651529,0,1175516,0,172032,0,0,0,0,17092863,0,0,0,0
query,1867,4096,19562018,84779,8897,1162,18853827,532080,1433,79609,231,19562018,0,36129,3,0,0,0,0,165,3867,5668491,0,1234027,0,172032,0,0,0,0,17277723,0,0,0,0
query,1868,4096,19816786,80811,9218,1112,19174069,471316,1252,78868,140,19816786,0,36129,0,0,0,0,0,177,3852,5650141,0,1170563,0,172032,0,0,0,0,17515207,0,0,0,0
query,1869,4096,19675891,106981,10119,2023,18961349,514086,1563,79620,150,19675891,0,36129,3,0,0,0,0,146,3889,5703151,0,1203980,0,172032,0,0,0,0,17343317,0,0,0,0
query,1870,4096,19101813,80230,9138,1693,18497738,436671,1152,75071,120,19101813,0,36129,3,0,0,0,0,172,3856,5657982,0,1170833,0,172032,0,0,0,0,16915759,0,0,0,0
query,1871,4096,19491225,81584,9447,1213,18822889,493858,1503,80591,140,19491225,0,36129,3,0,0,0,0,163,3881,5689509,0,1200379,0,172032,0,0,0,0,17271139,0,0,0,0
query,1872,4096,18842275,80721,9037,1403,18176524,493808,1012,79650,120,18842275,0,36129,3,0,0,0,0,190,3834,5625340,0,1165094,0,172032,0,0,0,0,16660277,0,0,0,0
query,1873,4096,19816066,80081,8185,1343,19184549,462348,1553,77877,130,19816066,0,36129,3,0,0,0,0,194,3847,5642375,0,1175933,0,172032,0,0,0,0,17516213,0,0,0,0
query,1874,4096,19094449,80120,9829,1924,18442314,482216,1913,75913,220,19094449,0,36129,3,0,0,0,0,178,3859,5659687,0,1181711,0,172032,0,0,0,0,16917885,0,0,0,0
query,1875,4096,19077097,84970,9107,1493,18444007,454684,1613,81102,121,19077097,0,36129,3,0,0,0,0,193,3832,5621681,0,1182188,0,172032,0,0,0,0,16931828,0,0,0,0
query,1876,4096,19633753,78467,8336,1313,18967250,494680,1923,81643,141,19633753,0,36129,3,0,0,0,0,179,3855,5651730,0,1188721,0,172032,0,0,0,0,17374365,0,0,0,0
query,1877,4096,19309413,65142,10089,1243,18692123,458632,2244,79770,170,19309413,0,36129,3,0,0,0,0,187,3860,5659233,0,1178587,0,172032,0,0,0,0,17125631,0,0,0,0
query,1878,4096,20077737,79419,9298,1763,19376900,514807,1723,93666,161,20077737,0,36129,3,0,0,0,0,181,3849,5643172,0,1202013,0,172032,0,0,0,0,17711790,0,0,0,0
query,1879,4096,19151246,64772,10049,1833,18528205,467519,1182,77466,220,19151246,0,36129,3,0,0,0,0,180,3868,5674407,0,1181238,0,172032,0,0,0,0,16996487,0,0,0,0
query,1880,4096,19345060,65062,9618,2024,18726739,460044,1753,79650,170,19345060,0,36129,3,0,0,0,0,162,3875,5681182,0,1188023,0,172032,0,0,0,0,17089584,0,0,0,0
query,1881,4096,19276992,64672,10038,1553,18646618,474131,1563,78247,170,19276992,0,36129,3,0,0,0,0,154,3882,5693344,0,1182770,0,172032,0,0,0,0,17121544,0,0,0,0
query,1882,4096,19006003,97173,9037,972,18390406,430499,1212,76394,310,19006003,0,36129,0,0,0,0,0,182,3860,5658316,0,1165382,0,172032,0,0,0,0,16853176,0,0,0,0
query,1883,4096,21054742,81312,9338,1423,19687163,1140423,2053,132880,150,21054742,0,36129,0,0,0,0,0,174,3854,5653348,0,1190495,0,172032,0,0,0,0,17881877,0,0,0,0
query,1884,4096,20266071,67527,13716,2134,19641878,463421,1613,75582,200,20266071,0,36129,0,0,0,0,0,157,3894,5712342,0,1198926,0,172032,0,0,0,0,17471106,0,0,0,0
query,1885,4096,19247958,82826,7013,1513,18605410,472799,1763,76504,130,19247958,0,36129,3,0,0,0,0,180,3857,5653795,0,1188481,0,172032,0,0,0,0,17037626,0,0,0,0
query,1886,4096,19080163,81524,9467,1794,18428808,480823,1554,75923,270,19080163,0,36129,3,0,0,0,0,199,3834,5619693,0,1168655,0,172032,0,0,0,0,16904873,0,0,0,0
query,1887,4096,19170993,80782,9728,1443,18551840,449044,931,76775,450,19170993,0,36129,3,0,0,0,0,168,3876,5684223,0,1227116,0,172032,0,0,0,0,17038895,0,0,0,0
query,1888,4096,19893160,81473,9167,1242,19040478,673856,2144,84650,150,19893160,0,36129,3,0,0,0,0,182,3869,5669239,0,1216908,0,172032,0,0,0,0,17385302,0,0,0,0
query,1889,4096,19776060,81894,10620,1983,19129055,472788,1563,77926,231,19776060,0,36129,0,0,0,0,0,173,3860,5658719,0,1183167,0,172032,0,0,0,0,17533587,0,0,0,0
query,1890,4096,19407597,81773,9889,1533,18716078,516550,1834,79780,160,19407597,0,36129,0,0,0,0,0,168,3880,5690502,0,1179572,0,172032,0,0,0,0,17114101,0,0,0,0
query,1891,4096,19074813,96672,9698,1213,18404412,485503,1282,75803,230,19074813,0,36129,0,0,0,0,0,188,3851,5646542,0,1165973,0,172032,0,0,0,0,16881103,0,0,0,0
query,1892,4096,19250723,80822,9107,1192,18610901,458071,1432,89048,150,19250723,0,36129,0,0,0,0,0,168,3857,5657511,0,1159733,0,172032,0,0,0,0,17041424,0,0,0,0
query,1893,4096,19204636,96852,9758,1313,18467942,543632,1212,83697,230,19204636,0,36129,0,0,0,0,0,158,3868,5673889,0,1165074,0,172032,0,0,0,0,16909008,0,0,0,0
query,1894,4096,19695569,73589,9548,1422,19054675,478008,1162,77025,140,19695569,0,36129,0,0,0,0,0,155,3891,5707594,0,1174927,0,172032,0,0,0,0,17471558,0,0,0,0
query,1895,4096,19340601,97192,8907,1553,18662057,483689,1553,85500,150,19340601,0,36129,0,0,0,0,0,171,3867,5671725,0,1163250,0,172032,0,0,0,0,17111887,0,0,0,0
query,1896,4096,18928527,77245,9938,1052,18301089,460665,1063,77215,260,18928527,0,36129,0,0,0,0,0,169,3861,5660865,0,1157954,0,172032,0,0,0,0,16806083,0,0,0,0
query,1897,4096,19120408,96992,8747,1473,18476798,457369,1263,77506,260,19120408,0,36129,0,0,0,0,0,181,3853,5649239,0,1157861,0,172032,0,0,0,0,16956662,0,0,0,0
query,1898,4096,19008137,96983,9898,1483,18348207,473530,1643,76253,140,19008137,0,36129,0,0,0,0,0,191,3848,5646042,0,1157009,0,172032,0,0,0,0,16795288,0,0,0,0
query,1899,4096,19585762,81262,9378,1102,18950078,464373,1342,77987,240,19585762,0,36129,0,0,0,0,0,169,3857,5656113,0,1157758,0,172032,0,0,0,0,17373005,0,0,0,0
query,1900,4096,19537001,85280,9277,1413,18820735,536548,1212,82375,161,19537001,0,36129,0,0,0,0,0,186,3843,5634996,0,1170471,0,172032,0,0,0,0,17219731,0,0,0,0
query,1901,4096,19007436,96471,10109,1283,18397109,426742,1042,74530,150,19007436,0,36129,0,0,0,0,0,178,3873,5681230,0,1160189,0,172032,0,0,0,0,16877948,0,0,0,0
query,1902,4096,18992939,81784,8646,1363,18352345,469742,1463,77355,241,18992939,0,36129,0,0,0,0,0,183,3842,5631897,0,1151970,0,172032,0,0,0,0,16824424,0,0,0,0
query,1903,4096,19115018,96301,8756,1322,18451001,478199,2053,77165,221,19115018,0,36129,0,0,0,0,0,207,3834,5622178,0,1154290,0,172032,0,0,0,0,16875960,0,0,0,0
query,1904,4096,19683095,80892,9227,1122,18991977,519296,1232,79139,210,19683095,0,36129,3,0,0,0,0,178,3855,5651709,0,1174599,0,172032,0,0,0,0,17402383,0,0,0,0
query,1905,4096,19580784,82025,9507,1263,18908129,497816,1362,80461,221,19580784,0,36129,3,0,0,0,0,179,3856,5654898,0,1192099,0,172032,0,0,0,0,17349803,0,0,0,0
query,1906,4096,18935270,79719,9969,1112,18338990,430609,1262,73468,141,18935270,0,36129,0,0,0,0,0,180,3864,5665418,0,1190966,0,172032,0,0,0,0,16821907,0,0,0,0
query,1907,4096,18918198,80712,8456,1122,18307000,443453,1192,76043,220,18918198,0,36129,0,0,0,0,0,178,3849,5647059,0,1174146,0,172032,0,0,0,0,16783470,0,0,0,0
query,1908,4096,18920122,96371,9448,1693,18288054,449134,1192,73759,471,18920122,0,36129,0,0,0,0,0,157,3888,5704281,0,1173105,0,172032,0,0,0,0,16773490,0,0,0,0
query,1909,4096,19447873,80681,8556,1503,18628935,631617,1513,94848,220,19447873,0,36129,0,0,0,0,0,170,3861,5659737,0,1171683,0,172032,0,0,0,0,17012507,0,0,0,0
query,1910,4096,19335873,122200,10269,1373,18631750,490341,1263,78387,290,19335873,0,36129,0,0,0,0,0,166,3870,5674664,0,1179335,0,172032,0,0,0,0,17066878,0,0,0,0
query,1911,4096,19054785,96412,9387,1173,18416635,454174,1462,75332,210,19054785,0,36129,0,0,0,0,0,182,3872,5678628,0,1183429,0,172032,0,0,0,0,16874229,0,0,0,0
query,1912,4096,18912047,81153,7985,1242,18294646,449785,862,76123,251,18912047,0,36129,0,0,0,0,0,171,3867,5672493,0,1176701,0,172032,0,0,0,0,16805394,0,0,0,0
query,1913,4096,18969655,81273,7504,1102,18367423,435608,1143,75392,210,18969655,0,36129,0,0,0,0,0,157,3884,5696861,0,1181206,0,172032,0,0,0,0,16877123,0,0,0,0
query,1914,4096,19742087,81664,8586,1363,19093026,476095,1392,79820,141,19742087,0,36129,0,0,0,0,0,180,3861,5662659,0,1172306,0,172032,0,0,0,0,17465250,0,0,0,0
query,1915,4096,22037239,82084,8636,1553,21386977,479371,1623,76854,141,22037239,0,36129,0,0,0,0,0,163,3871,5678338,0,1266721,0,172032,0,0,0,0,19524772,0,0,0,0
query,1916,4096,19051599,81483,9057,1383,18437184,442843,1232,78197,220,19051599,0,36129,0,0,0,0,0,173,3866,5669594,0,1170734,0,172032,0,0,0,0,16929271,0,0,0,0
query,1917,4096,18969354,97774,8486,1613,18316056,465535,1042,78628,220,18969354,0,36129,0,0,0,0,0,160,3881,5692815,0,1174258,0,172032,0,0,0,0,16815508,0,0,0,0
query,1918,4096,18860610,81513,8767,1112,18268086,420259,1003,79649,221,18860610,0,36129,0,0,0,0,0,176,3868,5673268,0,1167880,0,172032,0,0,0,0,16774111,0,0,0,0
query,1919,4096,18975044,79619,7855,1282,18351193,453112,1182,80270,531,18975044,0,36129,0,0,0,0,0,184,3854,5652743,0,1167126,0,172032,0,0,0,0,16852017,0,0,0,0
query,1920,4096,19578459,77987,8496,1092,18963353,446579,1252,79289,411,19578459,0,36129,0,0,0,0,0,159,3883,5696192,0,1178048,0,172032,0,0,0,0,17366589,0,0,0,0
query,1921,4096,18929960,70994,8155,1883,18330464,441249,1423,75662,130,18929960,0,36129,0,0,0,0,0,178,3859,5655098,0,1180099,0,172032,0,0,0,0,16826516,0,0,0,0
query,1922,4096,18921083,95790,8506,1462,18274910,463090,1432,75673,220,18921083,0,36129,0,0,0,0,0,170,3858,5662424,0,1192420,0,172032,0,0,0,0,16764875,0,0,0,0
query,1923,4096,18849979,81012,8135,1553,18246215,438243,1163,73468,190,18849979,0,36129,0,0,0,0,0,177,3857,5655404,0,1173182,0,172032,0,0,0,0,16738595,0,0,0,0
query,1924,4096,18948936,81854,8496,1824,18318621,462269,1062,74580,230,18948936,0,36129,0,0,0,0,0,155,3880,5690939,0,1179914,0,172032,0,0,0,0,16809273,0,0,0,0
query,1925,4096,19534025,81563,7975,1583,18865369,496202,1453,79730,150,19534025,0,36129,0,0,0,0,0,163,3877,5684769,0,1175256,0,172032,0,0,0,0,17289251,0,0,0,0
query,1926,4096,18993660,82715,8707,1432,18382201,441259,1192,75923,231,18993660,0,36129,0,0,0,0,0,196,3842,5634753,0,1166197,0,172032,0,0,0,0,16856047,0,0,0,0
query,1927,4096,19010661,82204,8656,1263,18384074,458702,1523,73929,310,19010661,0,36129,0,0,0,0,0,160,3879,5691661,0,1201094,0,172032,0,0,0,0,16878670,0,0,0,0
query,1928,4096,18984984,81624,8315,1263,18374516,441941,1222,75972,131,18984984,0,36129,0,0,0,0,0,185,3851,5651049,0,1170227,0,172032,0,0,0,0,16820705,0,0,0,0
query,1929,4096,18989141,86964,8365,1644,18355129,460094,1083,75722,140,18989141,0,36129,0,0,0,0,0,175,3852,5648858,0,1180886,0,172032,0,0,0,0,16828109,0,0,0,0
query,1930,4096,19450479,97804,8827,1022,18634965,625285,1323,81102,151,19450479,0,36129,0,0,0,0,0,163,3877,5685525,0,1185607,0,172032,0,0,0,0,17006205,0,0,0,0
query,1931,4096,19274788,83066,9127,1934,18655404,446198,1353,77495,211,19274788,0,36129,0,0,0,0,0,149,3893,5705780,0,1181288,0,172032,0,0,0,0,17102637,0,0,0,0
query,1932,4096,19016502,81753,8546,1563,18351814,492415,902,79379,130,19016502,0,36129,0,0,0,0,0,198,3830,5619046,0,1158371,0,172032,0,0,0,0,16779599,0,0,0,0
query,1933,4096,19109848,97082,8316,1192,18487679,438955,1613,74791,220,19109848,0,36129,0,0,0,0,0,181,3859,5661128,0,1167980,0,172032,0,0,0,0,16962776,0,0,0,0
query,1934,4096,18715397,81163,8606,1523,18111652,434887,1493,75923,150,18715397,0,36129,0,0,0,0,0,187,3843,5634869,0,1182444,0,172032,0,0,0,0,16645610,0,0,0,0
query,1935,4096,18929168,77005,7664,1352,18306800,456418,1091,78588,250,18929168,0,36129,0,0,0,0,0,175,3856,5655798,0,1183818,0,172032,0,0,0,0,16811140,0,0,0,0
query,1936,4096,19661524,81142,8155,1403,19018506,471476,1493,79209,140,19661524,0,36129,0,0,0,0,0,167,3875,5681427,0,1182645,0,172032,0,0,0,0,17418783,0,0,0,0
query,1937,4096,18927826,101040,10008,1283,18302541,436190,1272,75261,231,18927826,0,36129,8,0,0,0,0,182,3856,5657009,0,1170655,0,172032,0,0,0,0,16785785,0,0,0,0
query,1938,4096,19037292,96061,9357,1293,18396647,454864,1183,77727,160,19037292,0,36129,8,0,0,0,0,170,3869,5673677,0,1174075,0,172032,0,0,0,0,16863404,0,0,0,0
query,1939,4096,18861932,106580,9619,1352,18239092,429167,1091,74801,230,18861932,0,36129,8,0,0,0,0,173,3871,5674753,0,1191310,0,172032,0,0,0,0,16740623,0,0,0,0
query,1940,4096,18943315,97814,9438,1302,18306629,450206,1072,76624,230,18943315,0,36129,8,0,0,0,0,172,3858,5659798,0,1182466,0,172032,0,0,0,0,16775551,0,0,0,0
query,1941,4096,19428497,80812,8967,1072,18780268,479070,882,77215,211,19428497,0,36129,8,0,0,0,0,188,3864,5667236,0,1205617,0,172032,0,0,0,0,17200514,0,0,0,0
query,1942,4096,19491265,80912,9037,1242,18736637,574720,1362,87214,141,19491265,0,36129,8,0,0,0,0,187,3854,5654403,0,1190475,0,172032,0,0,0,0,17132077,0,0,0,0
query,1943,4096,19666474,102373,10439,1203,18979864,492786,1232,78247,330,19666474,0,36129,8,0,0,0,0,156,3889,5701138,0,1186502,0,172032,0,0,0,0,17400296,0,0,0,0
query,1944,4096,19081385,82165,9528,1152,18430542,478769,1202,77777,250,19081385,0,36129,8,0,0,0,0,183,3856,5652879,0,1184865,0,172032,0,0,0,0,16897523,0,0,0,0
query,1945,4096,19151206,86593,8315,932,18478632,499439,1783,75181,331,19151206,0,36129,8,0,0,0,0,175,3867,5668522,0,1196302,0,172032,0,0,0,0,16884232,0,0,0,0
query,1946,4096,21828878,79981,8556,1072,20952460,699785,1403,85491,130,21828878,0,36129,8,0,0,0,0,181,3861,5662003,0,1231310,0,172032,0,0,0,0,19069288,0,0,0,0
query,1947,4096,19194698,81173,11040,1533,18584331,441079,891,74360,291,19194698,0,36129,8,0,0,0,0,170,3870,5676858,0,1179013,0,172032,0,0,0,0,17045121,0,0,0,0
query,1948,4096,18913930,80592,8636,1212,18286972,460285,1122,74811,300,18913930,0,36129,8,0,0,0,0,196,3839,5627321,0,1169760,0,172032,0,0,0,0,16762350,0,0,0,0
query,1949,4096,18828389,81032,7885,1493,18221870,440988,952,73949,220,18828389,0,36129,8,0,0,0,0,158,3872,5680768,0,1159791,0,172032,0,0,0,0,16737369,0,0,0,0
query,1950,4096,19046720,81303,7845,1643,18419551,460104,1323,74820,131,19046720,0,36129,8,0,0,0,0,183,3859,5660206,0,1158129,0,172032,0,0,0,0,16914386,0,0,0,0
query,1951,4096,19394192,80732,8426,1442,18588449,620766,1623,92454,300,19394192,0,36129,8,0,0,0,0,194,3853,5654216,0,1155921,0,172032,0,0,0,0,16986773,0,0,0,0
query,1952,4096,20005441,110357,9408,1563,19314843,489540,1413,78176,141,20005441,0,36129,8,0,0,0,0,180,3858,5655629,0,1195204,0,172032,0,0,0,0,17639548,0,0,0,0
query,1953,4096,19122141,80912,9067,1242,18486276,467368,1483,75582,211,19122141,0,36129,8,0,0,0,0,146,3888,5703288,0,1194799,0,172032,0,0,0,0,16968164,0,0,0,0
query,1954,4096,18799254,81984,8386,1042,18195209,437102,1041,74260,230,18799254,0,36129,8,0,0,0,0,178,3843,5638790,0,1173114,0,172032,0,0,0,0,16690779,0,0,0,0
query,1955,4096,18877051,97293,7354,952,18208103,486915,1012,75292,130,18877051,0,36129,8,0,0,0,0,199,3841,5633417,0,1163010,0,172032,0,0,0,0,16694838,0,0,0,0
query,1956,4096,18913779,80862,8185,952,18279357,466055,1153,76955,260,18913779,0,36129,8,0,0,0,0,174,3862,5663119,0,1176793,0,172032,0,0,0,0,16775197,0,0,0,0
query,1957,4096,19626529,97353,7804,1032,18974194,464653,1102,80160,231,19626529,0,36129,8,0,0,0,0,177,3861,5660536,0,1171769,0,172032,0,0,0,0,17361950,0,0,0,0
query,1958,4096,18648281,95770,8827,1442,18024619,439997,1453,75922,251,18648281,0,36129,8,0,0,0,0,168,3871,5675544,0,1151877,0,172032,0,0,0,0,16544138,0,0,0,0
query,1959,4096,18511283,95629,7635,1012,17902259,428264,1112,75112,260,18511283,0,36129,8,0,0,0,0,197,3851,5649561,0,1139667,0,172032,0,0,0,0,16440887,0,0,0,0
query,1960,4096,18423298,94788,8206,1192,17789597,452230,872,75952,461,18423298,0,36129,8,0,0,0,0,147,3883,5697978,0,1137341,0,172032,0,0,0,0,16284749,0,0,0,0
query,1961,4096,18295047,93566,8065,1723,17689499,426251,1142,74661,140,18295047,0,36129,8,0,0,0,0,182,3869,5674765,0,1124007,0,172032,0,0,0,0,16211948,0,0,0,0
query,1962,4096,18845291,109406,9969,1523,18159813,487345,1383,75642,210,18845291,0,36129,8,0,0,0,0,168,3868,5672622,0,1141338,0,172032,0,0,0,0,16633085,0,0,0,0
query,1963,4096,17952343,91902,7935,1172,17365290,412385,1082,72366,211,17952343,0,36129,8,0,0,0,0,178,3855,5653905,0,1111982,0,172032,0,0,0,0,15950808,0,0,0,0
query,1964,4096,18179139,91853,7774,1112,17552111,452159,1213,72777,140,18179139,0,36129,8,0,0,0,0,170,3870,5675733,0,1098494,0,172032,0,0,0,0,16112838,0,0,0,0
query,1965,4096,17814564,92594,7835,1262,17220688,419057,963,72015,150,17814564,0,36129,8,0,0,0,0,171,3869,5675116,0,1091309,0,172032,0,0,0,0,15805092,0,0,0,0
query,1966,4096,17745504,90570,8476,1292,17133815,439606,1132,70392,221,17745504,0,36129,8,0,0,0,0,167,3868,5669398,0,1074779,0,172032,0,0,0,0,15698312,0,0,0,0
query,1967,4096,17593018,88737,9007,1403,16990766,429828,1212,71845,220,17593018,0,36129,8,0,0,0,0,164,3862,5664903,0,1061951,0,172032,0,0,0,0,15568912,0,0,0,0
query,1968,4096,18363416,93526,7845,852,17744772,442772,1093,72315,241,18363416,0,36129,8,0,0,0,0,162,3880,5691707,0,1077923,0,172032,0,0,0,0,16234065,0,0,0,0
query,1969,4096,17719044,89508,7945,1413,17125569,422564,1092,70743,210,17719044,0,36129,8,0,0,0,0,160,3889,5704869,0,1072124,0,172032,0,0,0,0,15707161,0,0,0,0
query,1970,4096,18281602,90259,7795,1062,17633654,472217,1904,74500,211,18281602,0,36129,8,0,0,0,0,184,3846,5642061,0,1092005,0,172032,0,0,0,0,16184570,0,0,0,0
query,1971,4096,17703305,89818,8386,1343,17057732,471907,1342,72566,211,17703305,0,36129,8,0,0,0,0,172,3865,5669121,0,1081736,0,172032,0,0,0,0,15674674,0,0,0,0
query,1972,4096,17870950,89659,8265,1293,17255102,438183,1033,77275,140,17870950,0,36129,8,0,0,0,0,170,3876,5685757,0,1097339,0,172032,0,0,0,0,15835059,0,0,0,0
query,1973,4096,18265862,92333,7765,901,17521734,566455,1322,75201,151,18265862,0,36129,8,0,0,0,0,163,3871,5677344,0,1083655,0,172032,0,0,0,0,16044212,0,0,0,0
query,1974,4096,17870899,90209,8426,1112,17258930,438173,922,72677,450,17870899,0,36129,8,0,0,0,0,174,3858,5659020,0,1077145,0,172032,0,0,0,0,15858990,0,0,0,0
query,1975,4096,17800888,91011,7684,1122,17167739,458532,1152,73417,231,17800888,0,36129,8,0,0,0,0,163,3878,5686477,0,1095135,0,172032,0,0,0,0,15756280,0,0,0,0
query,1976,4096,17711741,96511,8576,1313,17113126,414278,1483,76293,161,17711741,0,36129,8,0,0,0,0,182,3847,5639334,0,1071630,0,172032,0,0,0,0,15734663,0,0,0,0
query,1977,4096,17845773,62808,9077,1373,17236959,460896,1472,72587,601,17845773,0,36129,8,0,0,0,0,169,3880,5687684,0,1076901,0,172032,0,0,0,0,15820519,0,0,0,0
query,1978,4096,17711410,60233,9658,1734,17131290,431100,1142,76043,210,17711410,0,36129,8,0,0,0,0,164,3871,5678948,0,1074106,0,172032,0,0,0,0,15739336,0,0,0,0
query,1979,4096,20260911,59703,8846,1894,19587576,520989,1562,80171,170,20260911,0,36129,8,0,0,0,0,178,3843,5633829,0,1108749,0,172032,0,0,0,0,17904451,0,0,0,0
query,1980,4096,17995924,60413,9388,1613,17416746,431691,1874,74049,150,17995924,0,36129,8,0,0,0,0,160,3879,5690267,0,1106291,0,172032,0,0,0,0,15956297,0,0,0,0
query,1981,4096,17820526,60174,9588,1512,17245696,428535,1252,73548,221,17820526,0,36129,8,0,0,0,0,176,3859,5660339,0,1073044,0,172032,0,0,0,0,15786706,0,0,0,0
query,1982,4096,17515912,59972,9398,1463,16955880,414378,1283,73078,460,17515912,0,36129,8,0,0,0,0,195,3840,5635243,0,1073153,0,172032,0,0,0,0,15573576,0,0,0,0
query,1983,4096,17723302,60123,9818,1292,17147311,430138,1453,72997,170,17723302,0,36129,8,0,0,0,0,208,3826,5609239,0,1066046,0,172032,0,0,0,0,15726720,0,0,0,0
query,1984,4096,17816548,59863,8576,1493,17215278,455886,1473,73418,561,17816548,0,36129,8,0,0,0,0,164,3865,5668925,0,1081943,0,172032,0,0,0,0,15806423,0,0,0,0
query,1985,4096,18341945,59722,9468,1673,17743170,451007,1574,75101,230,18341945,0,36129,8,0,0,0,0,190,3840,5633072,0,1087300,0,172032,0,0,0,0,16254666,0,0,0,0
query,1986,4096,17865790,60513,9077,1353,17262617,454614,1353,76113,150,17865790,0,36129,8,0,0,0,0,174,3874,5683027,0,1099805,0,172032,0,0,0,0,15854306,0,0,0,0
query,1987,4096,17670533,59852,8997,1393,17106173,420270,1432,72186,230,17670533,0,36129,8,0,0,0,0,192,3857,5651399,0,1084029,0,172032,0,0,0,0,15706444,0,0,0,0
query,1988,4096,17795418,60614,9208,1412,17196844,447470,1473,78257,140,17795418,0,36129,8,0,0,0,0,174,3872,5680370,0,1083313,0,172032,0,0,0,0,15772970,0,0,0,0
query,1989,4096,17707373,59893,8736,1683,17123907,436841,1793,74390,130,17707373,0,36129,8,0,0,0,0,158,3882,5695024,0,1094112,0,172032,0,0,0,0,15737318,0,0,0,0
query,1990,4096,18435281,59983,9548,1302,17767696,516882,1492,78257,121,18435281,0,36129,8,0,0,0,0,139,3897,5715205,0,1085332,0,172032,0,0,0,0,16271560,0,0,0,0
query,1991,4096,17813743,60303,9659,2304,17224295,425389,1343,90239,211,17813743,0,36129,8,0,0,0,0,178,3869,5675002,0,1069593,0,172032,0,0,0,0,15813337,0,0,0,0
query,1992,4096,17729874,59622,9077,1863,17147871,435378,1253,74610,200,17729874,0,36129,8,0,0,0,0,179,3852,5648974,0,1066208,0,172032,0,0,0,0,15732414,0,0,0,0
query,1993,4096,17655966,59812,8807,2374,17083450,426141,1363,73898,121,17655966,0,36129,8,0,0,0,0,188,3865,5669419,0,1084612,0,172032,0,0,0,0,15695704,0,0,0,0
query,1994,4096,17820685,60033,9247,1703,17243381,429748,1482,74971,120,17820685,0,36129,8,0,0,0,0,169,3872,5675620,0,1076587,0,172032,0,0,0,0,15831690,0,0,0,0
query,1995,4096,17623045,60554,11812,1593,17053534,417875,1503,76053,121,17623045,0,36129,8,0,0,0,0,184,3857,5656148,0,1076135,0,172032,0,0,0,0,15651837,0,0,0,0
query,1996,4096,18308572,60022,9618,1503,17716600,439345,1023,80210,251,18308572,0,36129,8,0,0,0,0,190,3832,5620958,0,1068761,0,172032,0,0,0,0,16195776,0,0,0,0
query,1997,4096,18042242,60113,9297,1714,17423128,468300,1483,78087,120,18042242,0,36129,8,0,0,0,0,194,3849,5642507,0,1085588,0,172032,0,0,0,0,15942579,0,0,0,0
query,1998,4096,17823280,59432,10008,1233,17250734,419108,1553,81082,130,17823280,0,36129,8,0,0,0,0,179,3855,5655930,0,1087164,0,172032,0,0,0,0,15822456,0,0,0,0
query,1999,4096,17694959,59923,9157,1382,17098529,451959,1132,72767,110,17694959,0,36129,8,0,0,0,0,204,3835,5623633,0,1087984,0,172032,0,0,0,0,15695337,0,0,0,0
query,2000,4096,17918840,59832,9378,1533,17331175,443202,1294,72275,151,17918840,0,36129,8,0,0,0,0,176,3877,5686845,0,1089035,0,172032,0,0,0,0,15905335,0,0,0,0
query,2001,4096,17899604,60033,9398,1432,17230647,511370,1213,85361,150,17899604,0,36129,8,0,0,0,0,180,3853,5650748,0,1079688,0,172032,0,0,0,0,15790194,0,0,0,0
query,2002,4096,18228181,65012,9929,1813,17646448,425991,1402,77476,110,18228181,0,36129,8,0,0,0,0,153,3880,5689966,0,1107874,0,172032,0,0,0,0,16141735,0,0,0,0
query,2003,4096,17756986,59902,9378,1412,17167088,442442,1542,75111,111,17756986,0,36129,8,0,0,0,0,213,3818,5594836,0,1095093,0,172032,0,0,0,0,15750561,0,0,0,0
query,2004,4096,17655726,60324,11561,1703,17080135,425760,1693,74349,201,17655726,0,36129,8,0,0,0,0,179,3868,5674977,0,1092905,0,172032,0,0,0,0,15686857,0,0,0,0
query,2005,4096,17962412,60203,9147,1634,17362654,451939,1423,74941,471,17962412,0,36129,8,0,0,0,0,170,3868,5673878,0,1084260,0,172032,0,0,0,0,15915064,0,0,0,0
query,2006,4096,17647690,59992,9268,1623,17086566,414389,1132,74600,120,17647690,0,36129,8,0,0,0,0,183,3861,5662899,0,1080759,0,172032,0,0,0,0,15703329,0,0,0,0
query,2007,4096,18873473,59962,9268,1593,18166024,555594,1463,79449,120,18873473,0,36129,8,0,0,0,0,181,3860,5661098,0,1092134,0,172032,0,0,0,0,16590743,0,0,0,0
query,2008,4096,17861993,62447,9818,1403,17233522,479241,1462,73959,141,17861993,0,36129,8,0,0,0,0,168,3856,5655126,0,1084407,0,172032,0,0,0,0,15816349,0,0,0,0
query,2009,4096,17889134,59772,9949,1773,17307662,433164,1503,75181,130,17889134,0,36129,8,0,0,0,0,176,3862,5663849,0,1080895,0,172032,0,0,0,0,15888362,0,0,0,0
query,2010,4096,17948376,60234,9557,1734,17335003,465615,1302,74781,150,17948376,0,36129,8,0,0,0,0,150,3894,5710567,0,1113447,0,172032,0,0,0,0,15911733,0,0,0,0
query,2011,4096,17820565,60002,9368,1593,17245906,428335,1162,74069,130,17820565,0,36129,8,0,0,0,0,181,3864,5664628,0,1081534,0,172032,0,0,0,0,15828109,0,0,0,0
query,2012,4096,17878514,59913,10099,1533,17265121,466016,1132,74570,130,17878514,0,36129,8,0,0,0,0,158,3871,5677497,0,1084039,0,172032,0,0,0,0,15853154,0,0,0,0
query,2013,4096,20335811,59912,8767,1883,19736736,450096,1813,76464,140,20335811,0,36129,8,0,0,0,0,175,3870,5674544,0,1146826,0,172032,0,0,0,0,18051629,0,0,0,0
query,2014,4096,18048755,60324,9167,1773,17431996,465895,1343,78116,141,18048755,0,36129,8,0,0,0,0,170,3866,5669576,0,1090416,0,172032,0,0,0,0,15991505,0,0,0,0
query,2015,4096,17607435,60103,9308,1432,17045629,414799,1113,74911,140,17607435,0,36129,8,0,0,0,0,184,3847,5641090,0,1088743,0,172032,0,0,0,0,15659786,0,0,0,0
query,2016,4096,17812220,60063,9508,1423,17225136,439316,1593,75051,130,17812220,0,36129,8,0,0,0,0,176,3861,5665681,0,1099289,0,172032,0,0,0,0,15819691,0,0,0,0
query,2017,4096,17666897,59852,8787,1613,17097497,421582,1463,75952,151,17666897,0,36129,8,0,0,0,0,183,3860,5660314,0,1075675,0,172032,0,0,0,0,15700159,0,0,0,0
query,2018,4096,18304023,60373,9498,1533,17640847,512303,1503,77826,140,18304023,0,36129,8,0,0,0,0,192,3846,5640983,0,1091264,0,172032,0,0,0,0,16131258,0,0,0,0
query,2019,4096,18238771,60073,9678,1724,17612093,477888,1583,75592,140,18238771,0,36129,8,0,0,0,0,155,3876,5685376,0,1091975,0,172032,0,0,0,0,16152866,0,0,0,0
query,2020,4096,18322828,59782,9137,1583,17691092,484039,1303,75742,150,18322828,0,36129,8,0,0,0,0,164,3875,5682520,0,1085890,0,172032,0,0,0,0,16187296,0,0,0,0
query,2021,4096,18366150,59882,9007,1423,17768467,450297,1312,75632,130,18366150,0,36129,8,0,0,0,0,174,3856,5654162,0,1081497,0,172032,0,0,0,0,16272527,0,0,0,0
query,2022,4096,17920723,59842,9548,1623,17341134,433976,1092,73398,110,17920723,0,36129,8,0,0,0,0,153,3888,5703662,0,1089328,0,172032,0,0,0,0,15924558,0,0,0,0
query,2023,4096,17963323,60123,9718,1603,17352906,464403,1513,72907,150,17963323,0,36129,8,0,0,0,0,177,3855,5654675,0,1090229,0,172032,0,0,0,0,15911581,0,0,0,0
query,2024,4096,18297401,59592,9418,1613,17708535,441890,1703,74510,140,18297401,0,36129,8,0,0,0,0,185,3855,5652720,0,1071560,0,172032,0,0,0,0,16223006,0,0,0,0
query,2025,4096,17820074,69831,8887,1543,17220608,442762,1703,74600,140,17820074,0,36129,8,0,0,0,0,191,3845,5639927,0,1068526,0,172032,0,0,0,0,15799254,0,0,0,0
query,2026,4096,17572279,60183,9037,1453,16982491,445357,1512,72026,220,17572279,0,36129,8,0,0,0,0,193,3833,5620238,0,1063215,0,172032,0,0,0,0,15598226,0,0,0,0
query,2027,4096,17825414,65382,9168,1462,17234925,437933,1423,74980,141,17825414,0,36129,8,0,0,0,0,179,3866,5669061,0,1071865,0,172032,0,0,0,0,15822433,0,0,0,0
query,2028,4096,17727480,59732,9227,1834,17160645,421943,1743,72126,230,17727480,0,36129,8,0,0,0,0,161,3874,5679068,0,1073603,0,172032,0,0,0,0,15756538,0,0,0,0
query,2029,4096,17843438,60113,16100,1924,17191744,497244,1633,74340,340,17843438,0,36129,8,0,0,0,0,169,3865,5669459,0,1082742,0,172032,0,0,0,0,15784265,0,0,0,0
query,2030,4096,18119607,60343,10370,2314,17536451,431320,1965,76443,401,18119607,0,36129,8,0,0,0,0,182,3858,5655809,0,1072520,0,172032,0,0,0,0,16085557,0,0,0,0
query,2031,4096,17851965,60013,10620,1353,17276783,428776,1883,72396,141,17851965,0,36129,8,0,0,0,0,179,3864,5665984,0,1080464,0,172032,0,0,0,0,15841370,0,0,0,0
query,2032,4096,17640908,60274,9047,1893,17039528,453853,1422,74691,200,17640908,0,36129,8,0,0,0,0,194,3837,5632573,0,1070070,0,172032,0,0,0,0,15645166,0,0,0,0
query,2033,4096,17760773,60314,8906,1483,17191744,423636,1903,72577,210,17760773,0,36129,8,0,0,0,0,160,3883,5692181,0,1076449,0,172032,0,0,0,0,15794366,0,0,0,0
query,2034,4096,18105671,59662,8887,1743,17480166,479811,1273,73979,150,18105671,0,36129,8,0,0,0,0,171,3869,5675757,0,1077801,0,172032,0,0,0,0,16015768,0,0,0,0
query,2035,4096,18388933,60103,10289,1463,17755102,483088,1733,76995,160,18388933,0,36129,8,0,0,0,0,186,3861,5661552,0,1070885,0,172032,0,0,0,0,16261839,0,0,0,0
query,2036,4096,17901408,60434,10079,1753,17297112,455887,1422,74480,241,17901408,0,36129,8,0,0,0,0,158,3885,5695441,0,1080752,0,172032,0,0,0,0,15889044,0,0,0,0
query,2037,4096,17650356,59793,9437,1333,17085804,419257,1344,73237,151,17650356,0,36129,8,0,0,0,0,195,3844,5637368,0,1080192,0,172032,0,0,0,0,15704098,0,0,0,0
query,2038,4096,17886199,59422,9438,1503,17276232,463461,1272,74741,130,17886199,0,36129,8,0,0,0,0,185,3856,5656045,0,1099428,0,172032,0,0,0,0,15832673,0,0,0,0
query,2039,4096,17657840,60083,9197,1613,17096455,414950,1142,74279,121,17657840,0,36129,8,0,0,0,0,179,3869,5672357,0,1081147,0,172032,0,0,0,0,15714654,0,0,0,0
query,2040,4096,17832528,60153,8797,1472,17240996,445857,1514,73608,131,17832528,0,36129,8,0,0,0,0,176,3835,5626547,0,1072253,0,172032,0,0,0,0,15809569,0,0,0,0
query,2041,4096,18456640,60163,9097,1473,17866832,438313,1653,78989,120,18456640,0,36129,8,0,0,0,0,166,3884,5698063,0,1085161,0,172032,0,0,0,0,16357087,0,0,0,0
query,2042,4096,18017035,59713,8956,1463,17436554,429056,1342,79841,110,18017035,0,36129,8,0,0,0,0,163,3882,5693725,0,1099567,0,172032,0,0,0,0,15993314,0,0,0,0
query,2043,4096,17600713,60254,9347,1413,17002999,457139,1292,68068,201,17600713,0,36129,8,0,0,0,0,183,3850,5645761,0,1076205,0,172032,0,0,0,0,15607362,0,0,0,0
query,2044,4096,17983972,60654,9688,2024,17412929,422524,1723,74320,110,17983972,0,36129,8,0,0,0,0,149,3880,5694427,0,1098687,0,172032,0,0,0,0,15976372,0,0,0,0
query,2045,4096,19586333,59763,9237,1833,18961309,474542,1553,77956,140,19586333,0,36129,8,0,0,0,0,169,3864,5666451,0,1216140,0,172032,0,0,0,0,17518226,0,0,0,0
query,2046,4096,23841258,96862,9618,1473,23061222,578127,2143,91582,231,23841258,0,36129,3,0,0,0,0,164,3886,5698449,0,1385854,0,172032,0,0,0,0,21173448,0,0,0,0
query,2047,4096,18785478,96081,8826,1162,18163680,442382,1442,71745,160,18785478,0,36129,1,0,0,0,0,188,3857,5657658,0,1129449,0,172032,0,0,0,0,16587821,0,0,0,0
query,2048,4096,17550217,89898,8797,1333,16966139,412656,1142,70041,211,17550217,0,36129,0,0,0,0,0,183,3853,5647010,0,1082436,0,172032,0,0,0,0,15606817,0,0,0,0
query,2049,4096,17821527,92283,8586,1223,17212252,425970,1062,74480,5671,17821527,0,36129,0,0,0,0,0,169,3868,5670883,0,1079294,0,172032,0,0,0,0,15808549,0,0,0,0
query,2050,4096,17737620,89990,8115,1122,17103097,461257,1422,72427,190,17737620,0,36129,0,0,0,0,0,181,3859,5660631,0,1076753,0,172032,0,0,0,0,15706255,0,0,0,0
query,2051,4096,17728662,105688,8947,1002,17133244,406163,1633,71815,170,17728662,0,36129,0,0,0,0,0,204,3832,5618360,0,1068993,0,172032,0,0,0,0,15737489,0,0,0,0
query,2052,4096,18060867,90360,8716,1273,17407729,478760,1142,72676,211,18060867,0,36129,0,0,0,0,0,168,3877,5687741,0,1083536,0,172032,0,0,0,0,15987375,0,0,0,0
query,2053,4096,17742840,90130,8846,982,17159423,410392,1572,71264,231,17742840,0,36129,0,0,0,0,0,181,3845,5639684,0,1073869,0,172032,0,0,0,0,15749416,0,0,0,0
query,2054,4096,17756184,89458,9037,821,17124407,457058,1103,74150,150,17756184,0,36129,0,0,0,0,0,186,3860,5657784,0,1075841,0,172032,0,0,0,0,15691698,0,0,0,0
query,2055,4096,17657248,89768,7905,952,17039588,446399,1142,71324,170,17657248,0,36129,0,0,0,0,0,199,3828,5611296,0,1079677,0,172032,0,0,0,0,15659917,0,0,0,0
query,2056,4096,17911165,96662,8195,912,17257326,472888,1614,73388,180,17911165,0,36129,0,0,0,0,0,173,3871,5674353,0,1079841,0,172032,0,0,0,0,15836550,0,0,0,0
query,2057,4096,17880568,89849,8787,952,17286301,423636,1222,69681,140,17880568,0,36129,0,0,0,0,0,153,3892,5709313,0,1102963,0,172032,0,0,0,0,15892171,0,0,0,0
query,2058,4096,17998179,88597,6843,1032,17365931,461287,1071,73138,280,17998179,0,36129,0,0,0,0,0,132,3903,5726449,0,1093558,0,172032,0,0,0,0,15915623,0,0,0,0
query,2059,4096,17684109,89969,8106,1302,17095142,419749,1082,68629,130,17684109,0,36129,0,0,0,0,0,172,3870,5672998,0,1093032,0,172032,0,0,0,0,15678406,0,0,0,0
query,2060,4096,17888433,89599,7113,882,17269780,447170,1192,72547,150,17888433,0,36129,0,0,0,0,0,179,3838,5625668,0,1070223,0,172032,0,0,0,0,15835782,0,0,0,0
query,2061,4096,17597266,89909,7995,972,16999743,423316,1342,73728,261,17597266,0,36129,0,0,0,0,0,184,3844,5640322,0,1064456,0,172032,0,0,0,0,15619813,0,0,0,0
query,2062,4096,17905966,90149,7424,1092,17229565,486204,1472,89919,141,17905966,0,36129,0,0,0,0,0,161,3875,5686129,0,1069585,0,172032,0,0,0,0,15820929,0,0,0,0
query,2063,4096,18986345,82064,9979,1873,18360079,455867,1061,75272,150,18986345,0,36129,0,0,0,0,0,176,3860,5659167,0,1093033,0,172032,0,0,0,0,16297936,0,0,0,0
query,2064,4096,17968133,89268,8516,1333,17281943,506141,1162,79710,60,17968133,0,36129,0,0,0,0,0,191,3851,5645404,0,1075945,0,172032,0,0,0,0,15853125,0,0,0,0
query,2065,4096,18517184,88306,8726,1212,17756124,583386,1153,78137,140,18517184,0,36129,0,0,0,0,0,178,3855,5653840,0,1097515,0,172032,0,0,0,0,16250939,0,0,0,0
query,2066,4096,17831295,89959,8727,1222,17241557,417264,1122,71214,230,17831295,0,36129,0,0,0,0,0,192,3848,5645579,0,1083880,0,172032,0,0,0,0,15844606,0,0,0,0
query,2067,4096,17893232,90420,7975,832,17227491,492285,1032,73047,150,17893232,0,36129,0,0,0,0,0,176,3856,5653818,0,1079888,0,172032,0,0,0,0,15794885,0,0,0,0
query,2068,4096,17773106,95430,8295,982,17175623,420861,972,70793,150,17773106,0,36129,0,0,0,0,0,158,3877,5687383,0,1083195,0,172032,0,0,0,0,15777583,0,0,0,0
query,2069,4096,18051389,89929,9167,1202,17398122,476856,1432,74530,151,18051389,0,36129,0,0,0,0,0,172,3861,5666819,0,1076499,0,172032,0,0,0,0,15985547,0,0,0,0
query,2070,4096,18114678,89228,8115,1062,17505503,435869,1393,73358,150,18114678,0,36129,0,0,0,0,0,186,3851,5648870,0,1081237,0,172032,0,0,0,0,16064960,0,0,0,0
query,2071,4096,17910163,99066,8666,1212,17281884,446048,1733,71284,270,17910163,0,36129,0,0,0,0,0,162,3875,5682549,0,1081353,0,172032,0,0,0,0,15865201,0,0,0,0
query,2072,4096,17717662,89348,8667,1242,17103227,439466,1202,74290,220,17717662,0,36129,0,0,0,0,0,185,3850,5647664,0,1072210,0,172032,0,0,0,0,15680387,0,0,0,0
query,2073,4096,17845171,89047,8015,1042,17228573,445377,1603,71253,261,17845171,0,36129,0,0,0,0,0,179,3851,5645255,0,1072965,0,172032,0,0,0,0,15800444,0,0,0,0
query,2074,4096,18206811,89789,8786,1243,17526803,503997,1242,74791,160,18206811,0,36129,0,0,0,0,0,184,3865,5666890,0,1079137,0,172032,0,0,0,0,16040907,0,0,0,0
query,2075,4096,17823030,90751,8526,1072,17219014,430749,1423,71264,231,17823030,0,36129,0,0,0,0,0,180,3853,5650129,0,1076212,0,172032,0,0,0,0,15817373,0,0,0,0
query,2076,4096,17739503,90119,8366,922,17098678,464362,1313,75532,211,17739503,0,36129,0,0,0,0,0,183,3857,5655957,0,1078035,0,172032,0,0,0,0,15691298,0,0,0,0
query,2077,4096,18148972,89869,8025,942,17545849,429887,1253,72887,260,18148972,0,36129,0,0,0,0,0,187,3844,5639328,0,1097601,0,172032,0,0,0,0,16095459,0,0,0,0
query,2078,4096,17890427,89689,8255,1213,17263538,454053,1253,72195,231,17890427,0,36129,0,0,0,0,0,138,3908,5733764,0,1101489,0,172032,0,0,0,0,15850849,0,0,0,0
query,2079,4096,17692424,90229,8005,1102,17095783,424778,1003,71304,220,17692424,0,36129,0,0,0,0,0,167,3861,5665225,0,1081436,0,172032,0,0,0,0,15713708,0,0,0,0
query,2080,4096,19496274,95901,7153,1773,18842746,472788,822,74951,140,19496274,0,36129,0,0,0,0,0,188,3845,5634977,0,1077131,0,172032,0,0,0,0,17279714,0,0,0,0
query,2081,4096,17725958,90290,8195,1082,17131370,421191,1003,72275,552,17725958,0,36129,0,0,0,0,0,181,3870,5676675,0,1084925,0,172032,0,0,0,0,15742469,0,0,0,0
query,2082,4096,17853938,89589,7684,972,17232500,449445,1112,72356,280,17853938,0,36129,0,0,0,0,0,163,3873,5679762,0,1094065,0,172032,0,0,0,0,15820044,0,0,0,0
query,2083,4096,21070361,85801,11451,2064,20424779,461687,1613,82806,160,21070361,0,36129,1,0,0,0,0,176,3869,5676233,0,1347091,0,172032,0,0,0,0,18743117,0,0,0,0
query,2084,4096,20759247,95319,8666,1062,20082796,424999,1603,144661,141,20759247,0,36129,3,0,0,0,0,167,3873,5678592,0,1232713,0,172032,0,0,0,0,18200650,0,0,0,0
query,2085,4096,18592275,89538,8446,1253,17926324,488678,1042,76844,150,18592275,0,36129,0,0,0,0,0,179,3867,5670951,0,1078137,0,172032,0,0,0,0,16377637,0,0,0,0
query,2086,4096,17966178,89778,9077,1463,17371010,422193,1083,71364,210,17966178,0,36129,0,0,0,0,0,160,3889,5699930,0,1082892,0,172032,0,0,0,0,15985221,0,0,0,0
query,2087,4096,17812039,89608,8847,1152,17159272,478198,1153,73588,221,17812039,0,36129,0,0,0,0,0,187,3843,5637804,0,1073434,0,172032,0,0,0,0,15741685,0,0,0,0
query,2088,4096,17765291,89388,8586,1352,17155656,437943,902,71243,221,17765291,0,36129,0,0,0,0,0,171,3873,5679811,0,1090112,0,172032,0,0,0,0,15769489,0,0,0,0
query,2089,4096,17893762,96882,8376,1012,17239142,473740,1403,73067,140,17893762,0,36129,0,0,0,0,0,175,3862,5664617,0,1079084,0,172032,0,0,0,0,15800090,0,0,0,0
query,2090,4096,17671655,89859,9177,1323,17077779,422364,881,70142,130,17671655,0,36129,0,0,0,0,0,171,3876,5686008,0,1082500,0,172032,0,0,0,0,15692524,0,0,0,0
query,2091,4096,18467300,89609,7894,862,17838308,456076,1204,73217,130,18467300,0,36129,0,0,0,0,0,170,3882,5686013,0,1092149,0,172032,0,0,0,0,16344695,0,0,0,0
query,2092,4096,17633052,98625,7684,1122,17049116,405572,812,70001,120,17633052,0,36129,0,0,0,0,0,173,3860,5663646,0,1081374,0,172032,0,0,0,0,15656837,0,0,0,0
query,2093,4096,18115870,90000,7724,982,17425462,514376,1183,75983,160,18115870,0,36129,0,0,0,0,0,192,3844,5642727,0,1089241,0,172032,0,0,0,0,15941958,0,0,0,0
query,2094,4096,18584581,89669,8255,1503,17859819,545425,1513,78267,130,18584581,0,36129,0,0,0,0,0,170,3865,5669645,0,1095284,0,172032,0,0,0,0,16320339,0,0,0,0
query,2095,4096,18598768,88476,8817,1373,17946622,477507,1012,74740,221,18598768,0,36129,0,0,0,0,0,172,3872,5679047,0,1095108,0,172032,0,0,0,0,16430733,0,0,0,0
query,2096,4096,22275726,104566,11873,1733,21496913,572065,1603,86803,170,22275726,0,36129,1,0,0,0,0,167,3875,5682825,0,1410828,0,172032,0,0,0,0,19694550,0,0,0,0
query,2097,4096,20985742,74350,9367,1223,20344557,472829,1202,82084,130,20985742,0,36129,3,0,0,0,0,166,3875,5685120,0,1344810,0,172032,0,0,0,0,18647162,0,0,0,0
query,2098,4096,21245541,74781,8746,1713,20588957,486685,1663,82795,201,21245541,0,36129,3,0,0,0,0,165,3872,5677815,0,1368186,0,172032,0,0,0,0,18869073,0,0,0,0
query,2099,4096,20660411,74290,9487,1553,19988469,506923,1642,77907,140,20660411,0,36129,3,0,0,0,0,185,3855,5655933,0,1291804,0,172032,0,0,0,0,18321750,0,0,0,0
query,2100,4096,19690138,80922,9949,952,19086704,433254,1192,76574,591,19690138,0,36129,3,0,0,0,0,167,3873,5678252,0,1221781,0,172032,0,0,0,0,17514540,0,0,0,0
query,2101,4096,21253355,91762,9618,1263,20538011,524085,1633,86843,140,21253355,0,36129,3,0,0,0,0,183,3855,5652293,0,1305413,0,172032,0,0,0,0,18898325,0,0,0,0
query,2102,4096,20077045,77074,10009,1102,19422305,491614,1503,73177,261,20077045,0,36129,3,0,0,0,0,179,3871,5680670,0,1261911,0,172032,0,0,0,0,17837663,0,0,0,0
query,2103,4096,18304885,81584,8065,1202,17707092,429647,1403,75472,420,18304885,0,36129,3,0,0,0,0,176,3866,5669153,0,1089977,0,172032,0,0,0,0,16078404,0,0,0,0
query,2104,4096,17771894,87925,9017,1273,17138784,460706,861,73188,140,17771894,0,36129,8,0,0,0,0,179,3849,5645215,0,1106446,0,172032,0,0,0,0,15696411,0,0,0,0
query,2105,4096,17871451,59342,10179,1583,17305367,416072,1522,77246,140,17871451,0,36129,8,0,0,0,0,167,3868,5672026,0,1083565,0,172032,0,0,0,0,15900803,0,0,0,0
query,2106,4096,18415443,59782,10310,1713,17654934,606810,1663,80070,161,18415443,0,36129,8,0,0,0,0,177,3860,5660275,0,1114528,0,172032,0,0,0,0,16121308,0,0,0,0
query,2107,4096,17961770,88426,8757,1011,17379747,410962,1604,71023,240,17961770,0,36129,8,0,0,0,0,175,3850,5648496,0,1085015,0,172032,0,0,0,0,15925899,0,0,0,0
query,2108,4096,17939368,89157,8576,1303,17281191,483559,1472,73879,231,17939368,0,36129,8,0,0,0,0,187,3845,5645728,0,1083542,0,172032,0,0,0,0,15842095,0,0,0,0
query,2109,4096,17691723,89298,8476,1252,17096725,423917,1202,70482,371,17691723,0,36129,8,0,0,0,0,170,3870,5674004,0,1080586,0,172032,0,0,0,0,15719932,0,0,0,0
query,2110,4096,18199587,89929,7905,1312,17543024,480242,1403,75512,260,18199587,0,36129,8,0,0,0,0,151,3888,5703097,0,1097974,0,172032,0,0,0,0,16087579,0,0,0,0
query,2111,4096,17674200,88085,8957,1192,17068242,432262,1813,73498,151,17674200,0,36129,8,0,0,0,0,189,3846,5642505,0,1078766,0,172032,0,0,0,0,15692802,0,0,0,0
query,2112,4096,19856260,70232,8376,1562,19228681,467648,1504,78077,180,19856260,0,36129,8,0,0,0,0,180,3863,5665595,0,1137873,0,172032,0,0,0,0,17593574,0,0,0,0
query,2113,4096,17686834,87915,9268,1062,17083730,430409,842,73247,361,17686834,0,36129,8,0,0,0,0,165,3876,5683344,0,1083087,0,172032,0,0,0,0,15715581,0,0,0,0
query,2114,4096,18000563,89558,7414,992,17402479,425900,1453,72617,150,18000563,0,36129,8,0,0,0,0,166,3877,5686831,0,1087760,0,172032,0,0,0,0,15982384,0,0,0,0
query,2115,4096,17679030,89068,8846,1183,17045639,459614,1141,73388,151,17679030,0,36129,8,0,0,0,0,184,3850,5647587,0,1076597,0,172032,0,0,0,0,15649272,0,0,0,0
query,2116,4096,18207141,90109,8236,1432,17420934,578987,1514,105659,270,18207141,0,36129,8,0,0,0,0,180,3854,5651609,0,1083358,0,172032,0,0,0,0,15961514,0,0,0,0
query,2117,4096,18273165,76063,10790,1593,17600251,501653,1052,81343,420,18273165,0,36129,8,0,0,0,0,194,3833,5621942,0,1076565,0,172032,0,0,0,0,16024891,0,0,0,0
query,2118,4096,18327899,90210,9578,1433,17744171,407055,1242,74029,181,18327899,0,36129,8,0,0,0,0,180,3854,5650635,0,1094477,0,172032,0,0,0,0,16229687,0,0,0,0
query,2119,4096,17921936,88166,8706,1193,17271864,475243,1442,75172,150,17921936,0,36129,8,0,0,0,0,183,3848,5641936,0,1085470,0,172032,0,0,0,0,15847309,0,0,0,0
query,2120,4096,17638583,94257,9027,1052,17046480,414680,1292,71755,40,17638583,0,36129,8,0,0,0,0,178,3853,5650190,0,1073641,0,172032,0,0,0,0,15669709,0,0,0,0
query,2121,4096,18052350,88145,8646,1243,17416015,462889,1563,73609,240,18052350,0,36129,8,0,0,0,0,202,3837,5629333,0,1090356,0,172032,0,0,0,0,15953731,0,0,0,0
query,2122,4096,17628925,90300,10450,1983,17017717,435649,1472,71194,160,17628925,0,36129,8,0,0,0,0,194,3834,5625335,0,1085595,0,172032,0,0,0,0,15640570,0,0,0,0
query,2123,4096,18695399,89147,8637,941,18026442,491925,1372,76774,161,18695399,0,36129,8,0,0,0,0,152,3881,5689885,0,1100545,0,172032,0,0,0,0,16494488,0,0,0,0
query,2124,4096,17761374,98605,9408,1352,17168821,411784,1202,70061,141,17761374,0,36129,8,0,0,0,0,153,3880,5692338,0,1086947,0,172032,0,0,0,0,15782129,0,0,0,0
query,2125,4096,17948886,88646,9147,1213,17353187,423425,1232,71886,150,17948886,0,36129,8,0,0,0,0,180,3868,5672113,0,1100362,0,172032,0,0,0,0,15895526,0,0,0,0
query,2126,4096,17741316,89127,8837,1523,17091525,474221,771,75161,151,17741316,0,36129,8,0,0,0,0,167,3868,5675600,0,1083150,0,172032,0,0,0,0,15693529,0,0,0,0
query,2127,4096,17829953,89217,8056,1282,17231468,425609,1734,72436,151,17829953,0,36129,8,0,0,0,0,182,3863,5663410,0,1089091,0,172032,0,0,0,0,15831679,0,0,0,0
query,2128,4096,17645526,89598,8967,1413,17030149,442361,1353,71414,271,17645526,0,36129,8,0,0,0,0,185,3849,5644703,0,1087194,0,172032,0,0,0,0,15639616,0,0,0,0
query,2129,4096,18448214,89678,7815,1202,17845301,430008,1173,72826,211,18448214,0,36129,8,0,0,0,0,170,3881,5691512,0,1089783,0,172032,0,0,0,0,16336779,0,0,0,0
query,2130,4096,17852906,89879,8366,1372,17181645,492736,1442,77315,151,17852906,0,36129,8,0,0,0,0,172,3872,5681334,0,1085197,0,172032,0,0,0,0,15775468,0,0,0,0
query,2131,4096,17724956,104817,8366,1242,17128044,411353,912,70051,171,17724956,0,36129,8,0,0,0,0,167,3881,5691608,0,1087785,0,172032,0,0,0,0,15741772,0,0,0,0
query,2132,4096,17853627,96722,8185,1503,17197294,475383,912,73468,160,17853627,0,36129,8,0,0,0,0,209,3835,5623818,0,1102271,0,172032,0,0,0,0,15766163,0,0,0,0
query,2133,4096,17587056,89498,8296,1543,17006054,409399,1503,70653,110,17587056,0,36129,8,0,0,0,0,195,3842,5632543,0,1083259,0,172032,0,0,0,0,15617338,0,0,0,0
query,2134,4096,18290538,89478,7124,1222,17488962,618061,1403,84088,200,18290538,0,36129,8,0,0,0,0,180,3876,5682072,0,1081892,0,172032,0,0,0,0,15983886,0,0,0,0
query,2135,4096,17852545,90249,9328,1573,17263167,415882,1112,71113,121,17852545,0,36129,8,0,0,0,0,182,3861,5664645,0,1083083,0,172032,0,0,0,0,15849432,0,0,0,0
query,2136,4096,17774308,88356,7204,1292,17162178,441149,942,73027,160,17774308,0,36129,8,0,0,0,0,192,3833,5620851,0,1085208,0,172032,0,0,0,0,15753986,0,0,0,0
query,2137,4096,17669871,89257,8606,1072,17050929,445457,1092,73328,130,17669871,0,36129,8,0,0,0,0,175,3854,5652899,0,1067908,0,172032,0,0,0,0,15629160,0,0,0,0
query,2138,4096,18008969,93926,8256,1042,17402880,427223,1352,74130,160,18008969,0,36129,8,0,0,0,0,170,3871,5673703,0,1089392,0,172032,0,0,0,0,15966400,0,0,0,0
query,2139,4096,17800527,113082,9488,1362,17143132,457169,1193,74940,161,17800527,0,36129,8,0,0,0,0,160,3868,5672146,0,1081962,0,172032,0,0,0,0,15726744,0,0,0,0
query,2140,4096,18519729,88987,8797,1292,17875028,470464,1282,73739,140,18519729,0,36129,8,0,0,0,0,165,3878,5686787,0,1092007,0,172032,0,0,0,0,16394711,0,0,0,0
query,2141,4096,18641598,92574,10069,1523,17888001,568778,1113,79199,341,18641598,0,36129,8,0,0,0,0,199,3832,5615260,0,1075724,0,172032,0,0,0,0,16341458,0,0,0,0
query,2142,4096,18698926,109646,10169,2084,18063482,435037,1823,76434,251,18698926,0,36129,8,0,0,0,0,149,3894,5710502,0,1105753,0,172032,0,0,0,0,16565322,0,0,0,0
query,2143,4096,17824543,60143,10149,1453,17223112,454413,1424,73698,151,17824543,0,36129,8,0,0,0,0,159,3887,5701116,0,1098416,0,172032,0,0,0,0,15818616,0,0,0,0
query,2144,4096,17913530,63640,10910,1433,17308202,454343,1604,73278,120,17913530,0,36129,8,0,0,0,0,192,3852,5650299,0,1089588,0,172032,0,0,0,0,15870598,0,0,0,0
query,2145,4096,17737339,59733,10139,1983,17114448,472898,1814,76113,211,17737339,0,36129,8,0,0,0,0,183,3839,5627782,0,1083524,0,172032,0,0,0,0,15696721,0,0,0,0
query,2146,4096,20048722,60494,10610,1643,19478830,422013,1674,73297,161,20048722,0,36129,8,0,0,0,0,181,3843,5637904,0,1122436,0,172032,0,0,0,0,17856647,0,0,0,0
query,2147,4096,19051968,89728,8847,1252,18386569,487276,1733,76413,150,19051968,0,36129,8,0,0,0,0,178,3860,5660239,0,1103010,0,172032,0,0,0,0,16831339,0,0,0,0
query,2148,4096,17883423,89788,8717,1082,17201281,471626,1102,109576,251,17883423,0,36129,8,0,0,0,0,173,3860,5659159,0,1077064,0,172032,0,0,0,0,15793866,0,0,0,0
query,2149,4096,18218212,131146,8847,1052,17534988,466848,1402,73789,140,18218212,0,36129,8,0,0,0,0,184,3854,5654311,0,1084724,0,172032,0,0,0,0,16066914,0,0,0,0
query,2150,4096,17574843,89167,8346,1292,16994563,408698,1152,71494,131,17574843,0,36129,8,0,0,0,0,196,3836,5623828,0,1072819,0,172032,0,0,0,0,15571667,0,0,0,0
query,2151,4096,18483010,89779,7454,1082,17808011,498947,1614,75672,451,18483010,0,36129,8,0,0,0,0,170,3858,5659168,0,1101195,0,172032,0,0,0,0,16315779,0,0,0,0
query,2152,4096,17789487,88437,8516,1482,17087728,425750,1032,176302,240,17789487,0,36129,8,0,0,0,0,170,3863,5665568,0,1089090,0,172032,0,0,0,0,15719657,0,0,0,0
query,2153,4096,17973172,84429,7253,1022,17362955,440608,1713,75041,151,17973172,0,36129,8,0,0,0,0,191,3843,5634994,0,1086729,0,172032,0,0,0,0,15931030,0,0,0,0
query,2154,4096,17813272,89398,8296,1523,17127713,504027,1433,80641,241,17813272,0,36129,8,0,0,0,0,192,3857,5660633,0,1085661,0,172032,0,0,0,0,15741526,0,0,0,0
query,2155,4096,17829662,86662,7264,1122,17245294,415180,1293,72686,161,17829662,0,36129,8,0,0,0,0,172,3861,5662259,0,1083484,0,172032,0,0,0,0,15834326,0,0,0,0
query,2156,4096,18093868,89828,8977,1313,17450990,467429,1432,73769,130,18093868,0,36129,8,0,0,0,0,163,3869,5677154,0,1091299,0,172032,0,0,0,0,16002397,0,0,0,0
query,2157,4096,18572728,91532,10479,1323,17965186,428936,1353,73738,181,18572728,0,36129,8,0,0,0,0,146,3904,5727529,0,1096654,0,172032,0,0,0,0,16468696,0,0,0,0
query,2158,4096,17960137,89789,8305,1353,17321717,459474,1272,78007,220,17960137,0,36129,8,0,0,0,0,173,3867,5671359,0,1089745,0,172032,0,0,0,0,15908065,0,0,0,0
query,2159,4096,17966509,88687,8295,1172,17331156,461066,1373,74510,250,17966509,0,36129,8,0,0,0,0,180,3862,5666323,0,1094143,0,172032,0,0,0,0,15879283,0,0,0,0
query,2160,4096,18020942,89729,8315,1032,17357475,488037,1583,74420,351,18020942,0,36129,8,0,0,0,0,163,3880,5691752,0,1088929,0,172032,0,0,0,0,15929417,0,0,0,0
query,2161,4096,17650445,88566,7915,1333,17060366,413417,942,77756,150,17650445,0,36129,8,0,0,0,0,187,3845,5639974,0,1080350,0,172032,0,0,0,0,15686712,0,0,0,0
query,2162,4096,18596894,87054,7734,1613,17818000,600328,1663,80271,231,18596894,0,36129,8,0,0,0,0,167,3871,5679687,0,1094216,0,172032,0,0,0,0,16296564,0,0,0,0
query,2163,4096,18040438,129884,14006,1703,17351995,468440,1122,72987,301,18040438,0,36129,8,0,0,0,0,172,3885,5694329,0,1082064,0,172032,0,0,0,0,15932563,0,0,0,0
query,2164,4096,18086795,89317,9027,992,17480867,432853,1413,72175,151,18086795,0,36129,8,0,0,0,0,172,3888,5702860,0,1091198,0,172032,0,0,0,0,16044739,0,0,0,0
query,2165,4096,17958304,87945,8957,1423,17346674,436641,1262,75131,271,17958304,0,36129,8,0,0,0,0,172,3875,5683860,0,1080267,0,172032,0,0,0,0,15931125,0,0,0,0
query,2166,4096,18116341,88597,8055,1292,17512637,432743,1212,71665,140,18116341,0,36129,8,0,0,0,0,170,3870,5675598,0,1088378,0,172032,0,0,0,0,15998685,0,0,0,0
query,2167,4096,17912087,59923,9217,1803,17304886,461558,1442,73048,210,17912087,0,36129,8,0,0,0,0,171,3865,5671875,0,1128398,0,172032,0,0,0,0,15900066,0,0,0,0
query,2168,4096,18333820,60394,9307,1313,17733481,453853,1192,74159,121,18333820,0,36129,8,0,0,0,0,192,3848,5643645,0,1070646,0,172032,0,0,0,0,16225180,0,0,0,0
query,2169,4096,18016563,60233,9318,1883,17396278,472748,1924,74039,140,18016563,0,36129,8,0,0,0,0,162,3889,5705719,0,1094482,0,172032,0,0,0,0,15976870,0,0,0,0
query,2170,4096,17800968,60003,9658,1152,17226428,431361,1162,71044,160,17800968,0,36129,8,0,0,0,0,185,3842,5633596,0,1080829,0,172032,0,0,0,0,15808583,0,0,0,0
query,2171,4096,17851513,60484,8917,6953,17206861,491834,1653,74681,130,17851513,0,36129,8,0,0,0,0,175,3862,5663720,0,1094715,0,172032,0,0,0,0,15792791,0,0,0,0
query,2172,4096,18563511,60203,9839,1262,17978061,435148,1713,76784,501,18563511,0,36129,8,0,0,0,0,171,3869,5675241,0,1091935,0,172032,0,0,0,0,16481966,0,0,0,0
query,2173,4096,17974424,60163,9709,1563,17350611,474581,1524,76023,250,17974424,0,36129,8,0,0,0,0,193,3851,5646312,0,1069465,0,172032,0,0,0,0,15907963,0,0,0,0
query,2174,4096,18300416,60233,9418,1212,17706320,448543,1222,73328,140,18300416,0,36129,8,0,0,0,0,188,3853,5646891,0,1067759,0,172032,0,0,0,0,16217823,0,0,0,0
query,2175,4096,17952813,60564,10099,1763,17365430,438324,1322,75161,150,17952813,0,36129,8,0,0,0,0,179,3843,5633232,0,1081405,0,172032,0,0,0,0,15928868,0,0,0,0
query,2176,4096,17794607,59813,9508,2013,17179040,469913,1543,72636,141,17794607,0,36129,8,0,0,0,0,165,3877,5686378,0,1094496,0,172032,0,0,0,0,15772051,0,0,0,0
query,2177,4096,18040708,60644,9157,1513,17428157,466808,1512,72747,170,18040708,0,36129,8,0,0,0,0,177,3864,5664818,0,1103213,0,172032,0,0,0,0,15989674,0,0,0,0
query,2178,4096,17756124,59703,9748,1132,17157709,452139,1724,73749,220,17756124,0,36129,8,0,0,0,0,180,3850,5647025,0,1106603,0,172032,0,0,0,0,15751786,0,0,0,0
query,2179,4096,20203202,60254,9788,1282,19468782,581903,1554,79499,140,20203202,0,36129,8,0,0,0,0,175,3856,5654603,0,1109636,0,172032,0,0,0,0,17731874,0,0,0,0
query,2180,4096,17893573,89719,8446,1082,17258409,463090,1092,71524,211,17893573,0,36129,8,0,0,0,0,184,3862,5666920,0,1079584,0,172032,0,0,0,0,15853325,0,0,0,0
query,2181,4096,17753920,95549,8146,1062,17138122,430229,1132,79459,221,17753920,0,36129,8,0,0,0,0,176,3865,5666373,0,1152698,0,172032,0,0,0,0,15754284,0,0,0,0
query,2182,4096,17912207,86763,7925,882,17264239,477297,1533,73428,140,17912207,0,36129,8,0,0,0,0,184,3865,5669582,0,1081587,0,172032,0,0,0,0,15842816,0,0,0,0
query,2183,4096,17645566,67357,8546,1483,17081426,410181,1502,74941,130,17645566,0,36129,8,0,0,0,0,183,3854,5651491,0,1083532,0,172032,0,0,0,0,15713480,0,0,0,0
query,2184,4096,17832467,59973,8997,1673,17213594,472829,1422,73819,160,17832467,0,36129,8,0,0,0,0,189,3834,5624421,0,1078618,0,172032,0,0,0,0,15782665,0,0,0,0
query,2185,4096,18287242,60524,9027,1723,17691212,447601,1883,75051,221,18287242,0,36129,8,0,0,0,0,172,3852,5651920,0,1088858,0,172032,0,0,0,0,16222161,0,0,0,0
query,2186,4096,17946020,60744,9187,1684,17354749,445367,1162,72957,170,17946020,0,36129,8,0,0,0,0,184,3851,5645217,0,1074714,0,172032,0,0,0,0,15925964,0,0,0,0
query,2187,4096,17747096,60233,9528,1352,17157028,441770,1243,75812,130,17747096,0,36129,8,0,0,0,0,177,3877,5685621,0,1080887,0,172032,0,0,0,0,15750850,0,0,0,0
query,2188,4096,17913129,60413,8907,1473,17336305,430208,1774,73908,141,17913129,0,36129,8,0,0,0,0,178,3851,5648644,0,1071115,0,172032,0,0,0,0,15916177,0,0,0,0
query,2189,4096,17715708,60684,8927,1362,17100111,456067,1493,86793,271,17715708,0,36129,8,0,0,0,0,176,3858,5657769,0,1071474,0,172032,0,0,0,0,15704910,0,0,0,0
query,2190,4096,18076055,59903,9338,1683,17327628,579259,1703,96371,170,18076055,0,36129,8,0,0,0,0,183,3871,5676700,0,1076148,0,172032,0,0,0,0,15873703,0,0,0,0
query,2191,4096,18046709,61174,9809,1563,17442895,455706,1393,73959,210,18046709,0,36129,8,0,0,0,0,170,3853,5651616,0,1077105,0,172032,0,0,0,0,16003785,0,0,0,0
query,2192,4096,17807350,60323,10410,1462,17237610,422524,1352,73548,121,17807350,0,36129,8,0,0,0,0,186,3852,5648378,0,1071593,0,172032,0,0,0,0,15836035,0,0,0,0
query,2193,4096,17825244,67767,9127,1273,17215578,456348,1673,73257,221,17825244,0,36129,8,0,0,0,0,161,3865,5669516,0,1085829,0,172032,0,0,0,0,15794501,0,0,0,0
query,2194,4096,17717200,60073,9498,1502,17152169,420610,1794,71344,210,17717200,0,36129,8,0,0,0,0,172,3870,5678959,0,1081023,0,172032,0,0,0,0,15752182,0,0,0,0
query,2195,4096,17952522,59742,9117,1593,17319062,481855,1664,79349,140,17952522,0,36129,8,0,0,0,0,183,3863,5662525,0,1075944,0,172032,0,0,0,0,15908710,0,0,0,0
query,2196,4096,18245944,60012,9658,1493,17622543,476736,1432,73939,131,18245944,0,36129,8,0,0,0,0,177,3864,5669376,0,1073115,0,172032,0,0,0,0,16156696,0,0,0,0
query,2197,4096,17942795,60143,8967,1904,17345732,451067,1484,73358,140,17942795,0,36129,8,0,0,0,0,176,3857,5654139,0,1071023,0,172032,0,0,0,0,15900342,0,0,0,0
query,2198,4096,17672737,60103,8857,1753,17100181,422804,1634,77265,140,17672737,0,36129,8,0,0,0,0,169,3869,5672631,0,1074041,0,172032,0,0,0,0,15723178,0,0,0,0
query,2199,4096,17843868,59652,9207,1523,17262446,435008,1653,74229,150,17843868,0,36129,8,0,0,0,0,185,3842,5635016,0,1063278,0,172032,0,0,0,0,15831268,0,0,0,0
query,2200,4096,17583389,60143,8977,1823,16998180,437963,1212,74971,120,17583389,0,36129,8,0,0,0,0,202,3838,5629161,0,1073580,0,172032,0,0,0,0,15611861,0,0,0,0
query,2201,4096,18046529,60694,9648,1313,17448966,451689,1413,72656,150,18046529,0,36129,8,0,0,0,0,181,3862,5662264,0,1087912,0,172032,0,0,0,0,16034228,0,0,0,0
query,2202,4096,18407358,61135,9007,1263,17793093,467950,1692,73018,200,18407358,0,36129,8,0,0,0,0,177,3861,5661862,0,1080389,0,172032,0,0,0,0,16307098,0,0,0,0
query,2203,4096,17767906,59592,9788,1734,17206290,414950,1102,74329,121,17767906,0,36129,8,0,0,0,0,184,3854,5651339,0,1091603,0,172032,0,0,0,0,15801558,0,0,0,0
query,2204,4096,17839430,60604,9237,1493,17226559,467077,1563,72787,110,17839430,0,36129,8,0,0,0,0,180,3861,5665733,0,1087602,0,172032,0,0,0,0,15798788,0,0,0,0
query,2205,4096,17893371,60153,9157,1663,17332177,416914,1302,71785,220,17893371,0,36129,8,0,0,0,0,195,3851,5647217,0,1070246,0,172032,0,0,0,0,15915117,0,0,0,0
query,2206,4096,18024779,89268,8827,1082,17328089,520929,1222,75211,151,18024779,0,36129,8,0,0,0,0,196,3855,5653137,0,1071449,0,172032,0,0,0,0,15894887,0,0,0,0
query,2207,4096,19034406,88897,8496,1192,18311748,541838,1683,80412,140,19034406,0,36129,8,0,0,0,0,179,3867,5670593,0,1077391,0,172032,0,0,0,0,16683814,0,0,0,0
query,2208,4096,18215517,60263,9688,1543,17597456,461687,1834,82865,181,18215517,0,36129,8,0,0,0,0,181,3862,5664309,0,1096603,0,172032,0,0,0,0,16169600,0,0,0,0
query,2209,4096,18891497,79740,8776,1263,18224143,501001,1322,75112,140,18891497,0,36129,8,0,0,0,0,172,3876,5680575,0,1107201,0,172032,0,0,0,0,16668470,0,0,0,0
query,2210,4096,18185821,59531,9629,1522,17590653,450417,1572,72366,131,18185821,0,36129,8,0,0,0,0,182,3855,5654241,0,1093125,0,172032,0,0,0,0,16101247,0,0,0,0
query,2211,4096,18457792,60674,9748,1533,17778616,526289,1623,79019,290,18457792,0,36129,8,0,0,0,0,179,3853,5645408,0,1080568,0,172032,0,0,0,0,16274492,0,0,0,0
query,2212,4096,18380607,59572,9397,1433,17724384,502735,1913,81033,140,18380607,0,36129,8,0,0,0,0,172,3865,5668320,0,1099947,0,172032,0,0,0,0,16247975,0,0,0,0
query,2213,4096,20753806,68288,9228,1533,20106409,489549,1274,77375,150,20753806,0,36129,8,0,0,0,0,179,3851,5646618,0,1107998,0,172032,0,0,0,0,18411661,0,0,0,0
query,2214,4096,18444638,60504,10580,1914,17769649,521500,1893,78468,130,18444638,0,36129,8,0,0,0,0,197,3841,5629532,0,1085787,0,172032,0,0,0,0,16236489,0,0,0,0
query,2215,4096,18745132,60714,9628,1643,18078239,513064,1373,80331,140,18745132,0,36129,8,0,0,0,0,179,3860,5661583,0,1082547,0,172032,0,0,0,0,16526759,0,0,0,0
query,2216,4096,18138873,60204,9147,1202,17539306,446208,1383,81303,120,18138873,0,36129,8,0,0,0,0,197,3841,5633239,0,1074772,0,172032,0,0,0,0,16091055,0,0,0,0
query,2217,4096,18228100,61024,9568,1333,17614217,464122,1162,76524,150,18228100,0,36129,8,0,0,0,0,200,3836,5626548,0,1094017,0,172032,0,0,0,0,16124897,0,0,0,0
query,2218,4096,18343467,59963,9758,1613,17648962,544473,1213,77345,140,18343467,0,36129,8,0,0,0,0,185,3854,5649746,0,1094074,0,172032,0,0,0,0,16166893,0,0,0,0
query,2219,4096,18175031,61485,9368,1593,17599479,427834,1824,73327,121,18175031,0,36129,8,0,0,0,0,174,3865,5666926,0,1107384,0,172032,0,0,0,0,16156573,0,0,0,0
query,2220,4096,17843377,60353,9738,1443,17227500,468610,1584,73919,230,17843377,0,36129,8,0,0,0,0,186,3840,5630437,0,1093433,0,172032,0,0,0,0,15805539,0,0,0,0
query,2221,4096,18065636,60384,9588,1272,17492118,426582,1052,74520,120,18065636,0,36129,8,0,0,0,0,171,3872,5678852,0,1105138,0,172032,0,0,0,0,16062126,0,0,0,0
query,2222,4096,17828950,60804,9368,1362,17226519,456578,1392,72807,120,17828950,0,36129,8,0,0,0,0,191,3853,5649195,0,1085415,0,172032,0,0,0,0,15815276,0,0,0,0
query,2223,4096,17703334,59522,9137,1303,17141057,419197,1504,71464,150,17703334,0,36129,8,0,0,0,0,178,3864,5665928,0,1072836,0,172032,0,0,0,0,15755512,0,0,0,0
query,2224,4096,18397428,90059,9047,1393,17749030,470584,1242,75813,260,18397428,0,36129,8,0,0,0,0,185,3859,5662606,0,1077889,0,172032,0,0,0,0,16273776,0,0,0,0
query,2225,4096,17660904,89878,8857,1192,17061429,425159,1342,72817,230,17660904,0,36129,8,0,0,0,0,184,3856,5655094,0,1062990,0,172032,0,0,0,0,15658527,0,0,0,0
query,2226,4096,17904873,90249,7865,1022,17253439,477057,1252,73769,220,17904873,0,36129,8,0,0,0,0,163,3870,5673468,0,1073877,0,172032,0,0,0,0,15821096,0,0,0,0
query,2227,4096,18454987,91773,8486,1202,17818941,455215,1714,77516,140,18454987,0,36129,8,0,0,0,0,184,3860,5664693,0,1086641,0,172032,0,0,0,0,16317128,0,0,0,0
query,2228,4096,18181202,60354,9928,1573,17561318,467669,1282,78608,470,18181202,0,36129,8,0,0,0,0,167,3859,5661860,0,1080177,0,172032,0,0,0,0,16060959,0,0,0,0
query,2229,4096,17798894,60083,9568,1502,17173389,472348,1953,79820,231,17798894,0,36129,8,0,0,0,0,166,3871,5677112,0,1081159,0,172032,0,0,0,0,15779498,0,0,0,0
query,2230,4096,18299505,60614,10560,1913,17716299,434066,1793,74039,221,18299505,0,36129,8,0,0,0,0,178,3836,5624585,0,1065145,0,172032,0,0,0,0,16225429,0,0,0,0
query,2231,4096,17872873,67687,9117,1313,17248419,469382,1192,75312,451,17872873,0,36129,8,0,0,0,0,178,3856,5656317,0,1089171,0,172032,0,0,0,0,15838356,0,0,0,0
query,2232,4096,17870178,59872,9739,1362,17307441,416072,1703,73868,121,17870178,0,36129,8,0,0,0,0,194,3840,5632484,0,1066534,0,172032,0,0,0,0,15885385,0,0,0,0
query,2233,4096,17954125,60173,9898,2134,17332889,473740,1062,73999,230,17954125,0,36129,8,0,0,0,0,169,3880,5690128,0,1090214,0,172032,0,0,0,0,15917804,0,0,0,0
query,2234,4096,17941993,60544,8956,1303,17380427,416713,1093,72806,151,17941993,0,36129,8,0,0,0,0,159,3886,5698093,0,1077102,0,172032,0,0,0,0,15965027,0,0,0,0
query,2235,4096,18351874,90060,8746,1673,17664211,510199,1252,75592,141,18351874,0,36129,8,0,0,0,0,201,3833,5624747,0,1064205,0,172032,0,0,0,0,16172363,0,0,0,0
query,2236,4096,17749782,92584,8676,972,17156487,416623,1513,72686,241,17749782,0,36129,8,0,0,0,0,173,3862,5662817,0,1064556,0,172032,0,0,0,0,15752321,0,0,0,0
query,2237,4096,17855951,89999,8406,1232,17208605,471546,1212,74801,150,17855951,0,36129,8,0,0,0,0,185,3851,5647249,0,1075064,0,172032,0,0,0,0,15790812,0,0,0,0
query,2238,4096,17620218,89268,9047,982,17030470,418055,1323,70853,220,17620218,0,36129,8,0,0,0,0,174,3849,5646533,0,1066655,0,172032,0,0,0,0,15652128,0,0,0,0
query,2239,4096,17908390,90280,7744,1193,17260151,472588,1343,74910,181,17908390,0,36129,8,0,0,0,0,181,3848,5647682,0,1062958,0,172032,0,0,0,0,15829880,0,0,0,0
query,2240,4096,17687124,89669,8896,1142,17087367,426441,1223,72246,140,17687124,0,36129,8,0,0,0,0,178,3866,5666052,0,1080135,0,172032,0,0,0,0,15718660,0,0,0,0
query,2241,4096,18482428,89819,7484,1122,17857103,450115,1283,75362,140,18482428,0,36129,8,0,0,0,0,170,3861,5664412,0,1084667,0,172032,0,0,0,0,16375049,0,0,0,0
query,2242,4096,17658731,89388,8225,1213,17044326,442021,1352,72085,121,17658731,0,36129,8,0,0,0,0,174,3866,5670847,0,1076063,0,172032,0,0,0,0,15661601,0,0,0,0
query,2243,4096,17850751,92955,8385,1333,17246816,427955,1162,72005,140,17850751,0,36129,8,0,0,0,0,199,3828,5614852,0,1080454,0,172032,0,0,0,0,15804244,0,0,0,0
query,2244,4096,17694348,90651,8887,1442,17026753,489590,1183,75582,260,17694348,0,36129,8,0,0,0,0,172,3865,5667527,0,1078382,0,172032,0,0,0,0,15651976,0,0,0,0
query,2245,4096,18152188,89268,7845,982,17508648,467108,1442,76755,140,18152188,0,36129,8,0,0,0,0,177,3860,5660986,0,1078520,0,172032,0,0,0,0,15994591,0,0,0,0
query,2246,4096,19906504,89919,8697,1062,18244010,1453000,1593,107993,230,19906504,0,36129,8,0,0,0,0,170,3875,5680535,0,1098312,0,172032,0,0,0,0,16440049,0,0,0,0
query,2247,4096,18539175,78467,11412,2044,17923888,437973,1212,84038,141,18539175,0,36129,8,0,0,0,0,180,3857,5652937,0,1079897,0,172032,0,0,0,0,16267543,0,0,0,0
query,2248,4096,17662117,88767,8296,1312,17052532,437893,1292,71795,230,17662117,0,36129,8,0,0,0,0,166,3874,5682364,0,1087425,0,172032,0,0,0,0,15659026,0,0,0,0
query,2249,4096,17924860,90420,7414,1282,17313392,437412,1192,73268,480,17924860,0,36129,8,0,0,0,0,163,3871,5677468,0,1098060,0,172032,0,0,0,0,15868936,0,0,0,0
query,2250,4096,17787202,91763,8916,1453,17132913,476846,1422,73749,140,17787202,0,36129,8,0,0,0,0,179,3862,5663124,0,1071942,0,172032,0,0,0,0,15713286,0,0,0,0
query,2251,4096,17810616,90109,7805,992,17215207,422655,1282,72326,240,17810616,0,36129,8,0,0,0,0,172,3860,5664508,0,1071721,0,172032,0,0,0,0,15795295,0,0,0,0
query,2252,4096,18415452,90890,8066,1132,17770190,470424,961,73649,140,18415452,0,36129,8,0,0,0,0,166,3871,5673046,0,1070645,0,172032,0,0,0,0,16257158,0,0,0,0
query,2253,4096,17793304,88998,7514,1192,17200389,421682,1243,71815,471,17793304,0,36129,8,0,0,0,0,162,3872,5679111,0,1069850,0,172032,0,0,0,0,15815397,0,0,0,0
query,2254,4096,17659071,89999,8005,1162,17028166,460044,982,70492,221,17659071,0,36129,8,0,0,0,0,208,3825,5609334,0,1058668,0,172032,0,0,0,0,15638253,0,0,0,0
query,2255,4096,17650184,90029,7805,1192,17055627,423316,1673,70392,150,17650184,0,36129,8,0,0,0,0,200,3850,5647569,0,1062701,0,172032,0,0,0,0,15677715,0,0,0,0
query,2256,4096,17869477,90100,8235,1343,17230385,464944,922,73398,150,17869477,0,36129,8,0,0,0,0,197,3857,5657064,0,1065822,0,172032,0,0,0,0,15788465,0,0,0,0
query,2257,4096,17617914,89348,7605,1232,17024539,421322,1212,72436,220,17617914,0,36129,8,0,0,0,0,174,3865,5669966,0,1076880,0,172032,0,0,0,0,15670599,0,0,0,0
query,2258,4096,18493599,90350,6963,962,17862563,458090,783,73678,210,18493599,0,36129,8,0,0,0,0,170,3871,5676818,0,1074432,0,172032,0,0,0,0,16357789,0,0,0,0
query,2259,4096,17592066,89188,8676,1022,17005704,415380,952,70913,231,17592066,0,36129,8,0,0,0,0,190,3841,5630099,0,1064798,0,172032,0,0,0,0,15618074,0,0,0,0
query,2260,4096,17778625,93135,7584,1573,17163189,439365,1033,72506,240,17778625,0,36129,8,0,0,0,0,203,3832,5617847,0,1073307,0,172032,0,0,0,0,15762796,0,0,0,0
query,2261,4096,17655725,89107,8686,1203,17036311,446549,992,72686,191,17655725,0,36129,8,0,0,0,0,185,3862,5661614,0,1078246,0,172032,0,0,0,0,15640107,0,0,0,0
query,2262,4096,18739782,89949,7785,1182,18013627,550584,1293,75162,200,18739782,0,36129,8,0,0,0,0,177,3857,5655776,0,1084401,0,172032,0,0,0,0,16467710,0,0,0,0
query,2263,4096,18990332,88937,8716,1243,18253678,560584,941,76073,160,18990332,0,36129,8,0,0,0,0,176,3864,5669703,0,1082868,0,172032,0,0,0,0,16668960,0,0,0,0
query,2264,4096,19938013,96241,9658,972,19181091,566464,1583,81784,220,19938013,0,36129,8,0,0,0,0,167,3874,5684879,0,1131870,0,172032,0,0,0,0,17519948,0,0,0,0
query,2265,4096,18851542,117180,11231,1122,18157257,489139,1644,73818,151,18851542,0,36129,8,0,0,0,0,194,3844,5639729,0,1083648,0,172032,0,0,0,0,16621407,0,0,0,0
query,2266,4096,18073790,89348,8866,1032,17459967,440398,1493,72205,481,18073790,0,36129,8,0,0,0,0,175,3860,5660740,0,1086829,0,172032,0,0,0,0,16020295,0,0,0,0
query,2267,4096,18380136,88646,8436,1352,17730796,469382,1573,79710,241,18380136,0,36129,8,0,0,0,0,169,3865,5669340,0,1096773,0,172032,0,0,0,0,16274415,0,0,0,0
query,2268,4096,17825344,89058,9067,901,17248650,406884,812,69751,221,17825344,0,36129,8,0,0,0,0,186,3858,5658265,0,1083795,0,172032,0,0,0,0,15847222,0,0,0,0
query,2269,4096,18188696,88847,7814,1303,17586875,429416,1434,72777,230,18188696,0,36129,8,0,0,0,0,183,3857,5656096,0,1077229,0,172032,0,0,0,0,16160997,0,0,0,0
query,2270,4096,17588829,88056,8546,1363,16998199,415761,1823,74741,340,17588829,0,36129,8,0,0,0,0,185,3857,5656714,0,1062799,0,172032,0,0,0,0,15630190,0,0,0,0
query,2271,4096,17827257,82345,7334,1472,17241487,421863,1212,71304,240,17827257,0,36129,8,0,0,0,0,171,3871,5680857,0,1079832,0,172032,0,0,0,0,15845977,0,0,0,0
query,2272,4096,17981777,89037,8105,1513,17295187,512142,1243,74280,270,17981777,0,36129,8,0,0,0,0,178,3855,5651660,0,1082604,0,172032,0,0,0,0,15862407,0,0,0,0
query,2273,4096,17971639,89168,9297,1042,17359198,440268,1061,71354,251,17971639,0,36129,8,0,0,0,0,194,3846,5639088,0,1097541,0,172032,0,0,0,0,15910618,0,0,0,0
query,2274,4096,18424750,89318,6602,1754,17715988,531559,1082,78257,190,18424750,0,36129,8,0,0,0,0,172,3861,5663983,0,1114304,0,172032,0,0,0,0,16206745,0,0,0,0
query,2275,4096,17929689,60353,9137,1904,17366581,417645,1192,72587,290,17929689,0,36129,8,0,0,0,0,165,3883,5698593,0,1116955,0,172032,0,0,0,0,15925884,0,0,0,0
query,2276,4096,18087796,60042,9789,1463,17461119,475103,1763,78297,220,18087796,0,36129,8,0,0,0,0,200,3838,5630631,0,1095099,0,172032,0,0,0,0,15997878,0,0,0,0
query,2277,4096,17701801,60273,9277,1443,17131841,418917,1513,78407,130,17701801,0,36129,8,0,0,0,0,187,3846,5642170,0,1083106,0,172032,0,0,0,0,15744824,0,0,0,0
query,2278,4096,17901797,60824,10069,1743,17283886,470574,1483,73077,141,17901797,0,36129,8,0,0,0,0,179,3867,5672311,0,1090727,0,172032,0,0,0,0,15872505,0,0,0,0
query,2279,4096,17744622,59903,8816,1463,17185942,415251,1312,71735,200,17744622,0,36129,8,0,0,0,0,168,3863,5666547,0,1090341,0,172032,0,0,0,0,15804224,0,0,0,0
query,2280,4096,20141635,66755,9077,1874,19537721,446809,1593,77656,150,20141635,0,36129,8,0,0,0,0,188,3852,5650096,0,1135940,0,172032,0,0,0,0,17934156,0,0,0,0
query,2281,4096,17786841,60964,9869,1613,17202233,438333,1563,72136,130,17786841,0,36129,8,0,0,0,0,182,3857,5655324,0,1085893,0,172032,0,0,0,0,15776183,0,0,0,0
query,2282,4096,18463222,60554,9107,1302,17787663,526029,1482,76975,110,18463222,0,36129,8,0,0,0,0,184,3845,5637925,0,1098722,0,172032,0,0,0,0,16262868,0,0,0,0
query,2283,4096,17864467,59942,9648,1513,17272345,446579,1312,72998,130,17864467,0,36129,8,0,0,0,0,164,3870,5673253,0,1087652,0,172032,0,0,0,0,15842888,0,0,0,0
query,2284,4096,18423287,60884,9408,1593,17802921,470143,1574,76554,210,18423287,0,36129,8,0,0,0,0,147,3895,5709500,0,1104049,0,172032,0,0,0,0,16342854,0,0,0,0
query,2285,4096,18037332,61035,9237,1984,17291200,592794,1372,79570,140,18037332,0,36129,8,0,0,0,0,206,3836,5624935,0,1090368,0,172032,0,0,0,0,15802529,0,0,0,0
query,2286,4096,18118966,60554,11903,3125,17547342,421141,1292,73498,111,18118966,0,36129,8,0,0,0,0,144,3886,5702721,0,1109577,0,172032,0,0,0,0,16096376,0,0,0,0
query,2287,4096,17874366,60273,9077,1644,17300417,428495,1843,72447,170,17874366,0,36129,8,0,0,0,0,182,3859,5659043,0,1077418,0,172032,0,0,0,0,15909340,0,0,0,0
query,2288,4096,17778485,60113,9768,1753,17197314,432983,1212,75122,220,17778485,0,36129,8,0,0,0,0,181,3848,5641751,0,1072576,0,172032,0,0,0,0,15804325,0,0,0,0
query,2289,4096,17792041,59862,9378,1593,17174451,471977,1142,73087,551,17792041,0,36129,8,0,0,0,0,191,3840,5633599,0,1070579,0,172032,0,0,0,0,15760945,0,0,0,0
query,2290,4096,17989131,60023,9468,1132,17404823,438995,1453,73097,140,17989131,0,36129,8,0,0,0,0,158,3883,5693978,0,1090154,0,172032,0,0,0,0,15997366,0,0,0,0
query,2291,4096,18270831,59903,8947,1492,17649073,474331,1713,75162,210,18270831,0,36129,8,0,0,0,0,177,3858,5655110,0,1085344,0,172032,0,0,0,0,16172326,0,0,0,0
query,2292,4096,17745053,67777,9368,1934,17163700,429988,1693,70392,201,17745053,0,36129,8,0,0,0,0,189,3836,5626700,0,1078498,0,172032,0,0,0,0,15781563,0,0,0,0
query,2293,4096,17659392,60243,9127,1573,17087999,429316,1383,69611,140,17659392,0,36129,8,0,0,0,0,158,3880,5690641,0,1090960,0,172032,0,0,0,0,15713625,0,0,0,0
query,2294,4096,18212691,68609,8807,1723,17548493,501622,1263,82054,120,18212691,0,36129,8,0,0,0,0,174,3869,5671284,0,1122255,0,172032,0,0,0,0,16084572,0,0,0,0
query,2295,4096,18534787,60143,9228,1242,17861281,519827,1162,81764,140,18534787,0,36129,8,0,0,0,0,178,3852,5650092,0,1092604,0,172032,0,0,0,0,16314304,0,0,0,0
query,2296,4096,18938775,60293,9428,1212,18317699,472377,1092,76534,140,18938775,0,36129,8,0,0,0,0,175,3867,5670546,0,1093923,0,172032,0,0,0,0,16717360,0,0,0,0
query,2297,4096,20526789,59892,9809,1412,19767804,451048,1913,234771,140,20526789,0,36129,8,0,0,0,0,189,3848,5643815,0,1136358,0,172032,0,0,0,0,18054946,0,0,0,0
query,2298,4096,21503073,208431,11532,1303,20599536,427954,1573,252604,140,21503073,0,36129,4,0,0,0,0,144,3878,5689282,0,1204251,0,172032,0,0,0,0,18714591,0,0,0,0
query,2299,4096,19093696,191700,7704,1172,18408109,413958,1162,69621,270,19093696,0,36129,0,0,0,0,0,176,3852,5648581,0,1075892,0,172032,0,0,0,0,16964786,0,0,0,0
query,2300,4096,17955007,93095,7424,972,17321727,458171,1052,72436,130,17955007,0,36129,0,0,0,0,0,194,3844,5639415,0,1060695,0,172032,0,0,0,0,15896972,0,0,0,0
query,2301,4096,18149513,90080,8125,1292,17522465,452170,1382,73849,150,18149513,0,36129,0,0,0,0,0,152,3884,5695191,0,1073310,0,172032,0,0,0,0,16075952,0,0,0,0
query,2302,4096,18359317,90009,8286,1282,17730405,452981,1303,74921,130,18359317,0,36129,0,0,0,0,0,168,3877,5686400,0,1092879,0,172032,0,0,0,0,16251228,0,0,0,0
query,2303,4096,17601542,89277,8005,922,17017816,414449,1483,69450,140,17601542,0,36129,0,0,0,0,0,166,3871,5674237,0,1071554,0,172032,0,0,0,0,15650135,0,0,0,0
query,2304,4096,17614307,88977,7294,1393,17024839,421893,1593,68178,140,17614307,0,36129,0,0,0,0,0,203,3828,5614671,0,1078760,0,172032,0,0,0,0,15615882,0,0,0,0
query,2305,4096,17656877,89088,6863,1222,17053042,430800,1282,74270,310,17656877,0,36129,0,0,0,0,0,151,3899,5716658,0,1095830,0,172032,0,0,0,0,15675635,0,0,0,0
query,2306,4096,17815014,89298,7143,992,17191713,452250,1292,72176,150,17815014,0,36129,0,0,0,0,0,170,3865,5668056,0,1075131,0,172032,0,0,0,0,15751376,0,0,0,0
query,2307,4096,23274332,108594,11391,2034,22471213,589898,1734,89307,161,23274332,0,36129,1,0,0,0,0,185,3845,5642327,0,1438662,0,172032,0,0,0,0,20614973,0,0,0,0
query,2308,4096,20802938,75101,10349,1523,20137989,486985,1633,89238,120,20802938,0,36129,3,0,0,0,0,184,3851,5647262,0,1292489,0,172032,0,0,0,0,18437401,0,0,0,0
query,2309,4096,19880656,71615,9367,1193,19288562,432753,1033,75992,141,19880656,0,36129,3,0,0,0,0,160,3885,5695027,0,1245421,0,172032,0,0,0,0,17642156,0,0,0,0
query,2310,4096,20233188,91061,9618,1794,19571424,471826,1253,86031,181,20233188,0,36129,3,0,0,0,0,179,3858,5656422,0,1269221,0,172032,0,0,0,0,17916103,0,0,0,0
query,2311,4096,20638039,74079,8997,1413,19969993,497806,1342,84248,161,20638039,0,36129,3,0,0,0,0,189,3841,5633587,0,1272445,0,172032,0,0,0,0,18210680,0,0,0,0
query,2312,4096,23408203,74991,10079,1352,22581551,598805,1533,139502,390,23408203,0,36129,3,0,0,0,0,209,3825,5612023,0,1384679,0,172032,0,0,0,0,20691909,0,0,0,0
query,2313,4096,19036459,96231,9548,1162,18436261,421853,1432,69821,151,19036459,0,36129,3,0,0,0,0,180,3858,5664308,0,1184535,0,172032,0,0,0,0,16919340,0,0,0,0
query,2314,4096,17609899,89428,8466,1503,17024469,413216,962,71635,220,17609899,0,36129,0,0,0,0,0,162,3877,5685086,0,1077935,0,172032,0,0,0,0,15650910,0,0,0,0
query,2315,4096,17636118,88857,9107,1272,17031352,433575,1182,70623,150,17636118,0,36129,0,0,0,0,0,164,3879,5687763,0,1094640,0,172032,0,0,0,0,15660824,0,0,0,0
query,2316,4096,17765952,89809,8826,762,17141478,450296,1363,73197,221,17765952,0,36129,0,0,0,0,0,178,3857,5655380,0,1090186,0,172032,0,0,0,0,15749965,0,0,0,0
query,2317,4096,18313100,89187,8647,1673,17655284,483328,1352,73288,341,18313100,0,36129,0,0,0,0,0,189,3853,5649604,0,1081506,0,172032,0,0,0,0,16169738,0,0,0,0
query,2318,4096,18432604,88496,9097,1363,17823960,436400,942,72125,221,18432604,0,36129,0,0,0,0,0,199,3836,5623110,0,1084214,0,172032,0,0,0,0,16336656,0,0,0,0
query,2319,4096,17859698,108935,9157,1252,17247528,421021,741,70803,261,17859698,0,36129,0,0,0,0,0,167,3888,5702119,0,1094162,0,172032,0,0,0,0,15848113,0,0,0,0
query,2320,4096,17553002,89959,8516,1363,16956100,426101,851,69992,120,17553002,0,36129,0,0,0,0,0,189,3844,5637257,0,1077094,0,172032,0,0,0,0,15598298,0,0,0,0
query,2321,4096,17711700,88807,7394,972,17128954,413928,1182,70323,140,17711700,0,36129,0,0,0,0,0,174,3861,5661503,0,1089581,0,172032,0,0,0,0,15734284,0,0,0,0
query,2322,4096,17751986,89829,7675,1062,17097345,478049,1172,76644,210,17751986,0,36129,0,0,0,0,0,179,3853,5651572,0,1080375,0,172032,0,0,0,0,15700346,0,0,0,0
query,2323,4096,18331285,89819,8186,1162,17619336,533673,1172,77786,151,18331285,0,36129,0,0,0,0,0,191,3843,5635631,0,1078996,0,172032,0,0,0,0,16129169,0,0,0,0
query,2324,4096,17763296,89608,8135,1133,17179590,413727,1322,69230,551,17763296,0,36129,0,0,0,0,0,175,3859,5658209,0,1084394,0,172032,0,0,0,0,15778933,0,0,0,0
query,2325,4096,19209144,99748,14637,2295,18588938,429206,1413,72757,150,19209144,0,36129,1,0,0,0,0,169,3868,5670315,0,1176412,0,172032,0,0,0,0,16905849,0,0,0,0
query,2326,4096,17732008,90120,8676,922,17094350,463190,1042,73127,581,17732008,0,36129,0,0,0,0,0,179,3855,5651441,0,1066517,0,172032,0,0,0,0,15655077,0,0,0,0
query,2327,4096,21287007,92203,15990,1593,20573046,516361,1392,86282,140,21287007,0,36129,1,0,0,0,0,154,3890,5701804,0,1372655,0,172032,0,0,0,0,18859745,0,0,0,0
query,2328,4096,20547258,75412,10710,1082,19720213,638159,1423,100078,181,20547258,0,36129,3,0,0,0,0,185,3862,5663789,0,1280300,0,172032,0,0,0,0,18001062,0,0,0,0
query,2329,4096,20615567,88677,11401,1904,19989991,445778,1442,76143,231,20615567,0,36129,3,0,0,0,0,167,3874,5682846,0,1284412,0,172032,0,0,0,0,18282250,0,0,0,0
query,2330,4096,19985352,80852,9328,1322,19322577,484070,1272,85771,160,19985352,0,36129,3,0,0,0,0,199,3843,5635093,0,1241242,0,172032,0,0,0,0,17685102,0,0,0,0
query,2331,4096,19745521,90380,11561,1453,19093556,464273,911,83137,250,19745521,0,36129,3,0,0,0,0,183,3846,5641934,0,1221496,0,172032,0,0,0,0,17392892,0,0,0,0
query,2332,4096,20139983,96562,9628,1162,19378331,481975,1253,170791,281,20139983,0,36129,3,0,0,0,0,185,3860,5662535,0,1255800,0,172032,0,0,0,0,17749176,0,0,0,0
query,2333,4096,21714532,109206,8826,1753,20857672,639341,1352,96111,271,21714532,0,36129,3,0,0,0,0,180,3851,5649317,0,1325758,0,172032,0,0,0,0,19013939,0,0,0,0
query,2334,4096,21460684,85401,9177,1683,20771068,502234,1453,89448,220,21460684,0,36129,3,0,0,0,0,169,3876,5681349,0,1387150,0,172032,0,0,0,0,19002062,0,0,0,0
query,2335,4096,22233136,79500,10359,1383,21549030,499519,1512,91663,170,22233136,0,36129,3,0,0,0,0,172,3864,5665636,0,1359108,0,172032,0,0,0,0,19688522,0,0,0,0
query,2336,4096,20591290,80872,11401,1643,19977998,444735,1153,73328,160,20591290,0,36129,3,0,0,0,0,184,3856,5654705,0,1313218,0,172032,0,0,0,0,18209191,0,0,0,0
query,2337,4096,19212129,81042,8526,1273,18521060,521490,1443,77075,220,19212129,0,36129,3,0,0,0,0,188,3847,5641879,0,1264249,0,172032,0,0,0,0,16986936,0,0,0,0
query,2338,4096,19773464,80371,9318,1012,19060254,540565,1563,80241,140,19773464,0,36129,3,0,0,0,0,183,3845,5639327,0,1168560,0,172032,0,0,0,0,17419528,0,0,0,0
query,2339,4096,19345449,81543,8556,1312,18711389,462218,1774,78447,210,19345449,0,36129,3,0,0,0,0,162,3871,5678613,0,1175381,0,172032,0,0,0,0,17157107,0,0,0,0
query,2340,4096,19242035,81433,8816,1463,18604097,466426,1373,78196,231,19242035,0,36129,3,0,0,0,0,179,3859,5656196,0,1183003,0,172032,0,0,0,0,17091247,0,0,0,0
query,2341,4096,19006213,79991,8275,1353,18394733,447381,1302,72947,231,19006213,0,36129,3,0,0,0,0,170,3863,5666756,0,1186877,0,172032,0,0,0,0,16866944,0,0,0,0
query,2342,4096,18909651,81523,7965,1313,18301347,442341,932,73999,231,18909651,0,36129,3,0,0,0,0,190,3854,5651849,0,1168910,0,172032,0,0,0,0,16776346,0,0,0,0
query,2343,4096,19738247,80401,7414,961,19019227,549573,1402,79059,210,19738247,0,36129,3,0,0,0,0,173,3869,5671175,0,1173432,0,172032,0,0,0,0,17423986,0,0,0,0
query,2344,4096,21379411,80150,9178,1593,20749277,459734,1553,77796,130,21379411,0,36129,3,0,0,0,0,168,3884,5694224,0,1207144,0,172032,0,0,0,0,18711654,0,0,0,0
query,2345,4096,19074680,80310,8787,1393,18465075,441430,871,76263,551,19074680,0,36129,3,0,0,0,0,165,3866,5667719,0,1171001,0,172032,0,0,0,0,16922557,0,0,0,0
query,2346,4096,18899661,87774,7835,1323,18269628,456167,942,75722,270,18899661,0,36129,3,0,0,0,0,177,3861,5662900,0,1173690,0,172032,0,0,0,0,16781791,0,0,0,0
query,2347,4096,18990543,96371,7825,1162,18345281,462419,1232,76033,220,18990543,0,36129,3,0,0,0,0,178,3861,5662085,0,1179160,0,172032,0,0,0,0,16823569,0,0,0,0
query,2348,4096,19320593,81273,7975,1002,18606591,540275,1453,81884,140,19320593,0,36129,3,0,0,0,0,176,3866,5668252,0,1177570,0,172032,0,0,0,0,17045407,0,0,0,0
query,2349,4096,19954955,80872,8606,1282,19305715,479901,1644,76754,181,19954955,0,36129,3,0,0,0,0,168,3881,5692394,0,1185798,0,172032,0,0,0,0,17678593,0,0,0,0
query,2350,4096,19127890,80401,9067,1152,18488990,471166,661,76203,250,19127890,0,36129,3,0,0,0,0,163,3882,5690754,0,1195385,0,172032,0,0,0,0,16963473,0,0,0,0
query,2351,4096,18904461,81132,8306,1352,18289075,447842,1522,75112,120,18904461,0,36129,3,0,0,0,0,175,3859,5657406,0,1190019,0,172032,0,0,0,0,16795446,0,0,0,0
query,2352,4096,19026129,96942,7985,1733,18397508,445567,983,75201,210,19026129,0,36129,3,0,0,0,0,174,3860,5661751,0,1192909,0,172032,0,0,0,0,16871330,0,0,0,0
query,2353,4096,19365618,81053,7864,1092,18678176,515228,1533,80521,151,19365618,0,36129,3,0,0,0,0,176,3852,5646061,0,1192834,0,172032,0,0,0,0,17117330,0,0,0,0
query,2354,4096,19770768,95018,9638,1333,19108133,477627,1223,77646,150,19770768,0,36129,3,0,0,0,0,170,3878,5688445,0,1174194,0,172032,0,0,0,0,17501742,0,0,0,0
query,2355,4096,19002024,81112,8666,1463,18378763,455926,1063,74801,230,19002024,0,36129,3,0,0,0,0,188,3842,5633062,0,1158341,0,172032,0,0,0,0,16875267,0,0,0,0
query,2356,4096,18849097,97072,7555,1052,18229172,436570,1282,76164,230,18849097,0,36129,3,0,0,0,0,166,3870,5675047,0,1161386,0,172032,0,0,0,0,16765899,0,0,0,0
query,2357,4096,18923887,97072,8125,992,18306718,436871,1402,72547,160,18923887,0,36129,3,0,0,0,0,172,3869,5672930,0,1180914,0,172032,0,0,0,0,16780740,0,0,0,0
query,2358,4096,18826134,81643,7274,1172,18222289,439556,1303,72686,211,18826134,0,36129,3,0,0,0,0,171,3859,5656262,0,1183205,0,172032,0,0,0,0,16726246,0,0,0,0
query,2359,4096,20107291,81333,7514,1292,19370306,557597,1644,87445,160,20107291,0,36129,3,0,0,0,0,155,3887,5699918,0,1196817,0,172032,0,0,0,0,17733387,0,0,0,0
query,2360,4096,19290286,94598,9097,1824,18606731,499849,1173,76774,240,19290286,0,36129,3,0,0,0,0,157,3891,5707466,0,1184823,0,172032,0,0,0,0,17081347,0,0,0,0
query,2361,4096,18886948,96711,9027,1413,18251875,451478,1072,75131,241,18886948,0,36129,3,0,0,0,0,178,3846,5641681,0,1174847,0,172032,0,0,0,0,16762684,0,0,0,0
query,2362,4096,18857362,96962,7684,1623,18233741,432112,1503,83587,150,18857362,0,36129,3,0,0,0,0,181,3865,5666286,0,1185152,0,172032,0,0,0,0,16751264,0,0,0,0
query,2363,4096,18835511,78136,7314,1052,18240153,431591,1202,75913,150,18835511,0,36129,3,0,0,0,0,168,3872,5676218,0,1178385,0,172032,0,0,0,0,16759589,0,0,0,0
query,2364,4096,19298241,95890,7905,1082,18641707,473039,1784,76614,220,19298241,0,36129,3,0,0,0,0,152,3883,5693031,0,1191518,0,172032,0,0,0,0,17108532,0,0,0,0
query,2365,4096,19679077,96792,10310,1382,19041969,445016,1844,81623,141,19679077,0,36129,3,0,0,0,0,168,3877,5686963,0,1179190,0,172032,0,0,0,0,17448201,0,0,0,0
query,2366,4096,18938885,64701,10770,1804,18336964,444855,1204,78467,120,18938885,0,36129,0,0,0,0,0,190,3852,5648740,0,1191241,0,172032,0,0,0,0,16839068,0,0,0,0
query,2367,4096,19095390,65443,10750,1303,18482027,453682,1754,80290,141,19095390,0,36129,0,0,0,0,0,174,3867,5669742,0,1212659,0,172032,0,0,0,0,16942385,0,0,0,0
query,2368,4096,18822287,65143,10780,1423,18229372,436771,1292,77395,111,18822287,0,36129,0,0,0,0,0,184,3848,5645941,0,1171675,0,172032,0,0,0,0,16743453,0,0,0,0
query,2369,4096,18893070,65413,10199,1904,18293643,440327,1513,79910,161,18893070,0,36129,0,0,0,0,0,166,3872,5677673,0,1178185,0,172032,0,0,0,0,16810184,0,0,0,0
query,2370,4096,19577175,64521,11021,1713,18957260,458221,1223,82715,501,19577175,0,36129,0,0,0,0,0,165,3883,5694866,0,1171600,0,172032,0,0,0,0,17370398,0,0,0,0
query,2371,4096,18889623,64682,10139,1603,18284155,448373,1463,79068,140,18889623,0,36129,0,0,0,0,0,173,3865,5667730,0,1179047,0,172032,0,0,0,0,16787432,0,0,0,0
query,2372,4096,18869255,65393,10079,1302,18275800,437402,1312,77847,120,18869255,0,36129,0,0,0,0,0,182,3865,5670440,0,1162388,0,172032,0,0,0,0,16778810,0,0,0,0
query,2373,4096,18839639,72717,9167,1653,18247086,428375,1042,79449,150,18839639,0,36129,0,0,0,0,0,166,3876,5683970,0,1177480,0,172032,0,0,0,0,16770123,0,0,0,0
query,2374,4096,18769447,65253,9768,1543,18171193,442392,1803,77265,230,18769447,0,36129,0,0,0,0,0,179,3854,5653093,0,1157632,0,172032,0,0,0,0,16679220,0,0,0,0
query,2375,4096,21192710,65052,9558,1132,20490611,543472,1492,81253,140,21192710,0,36129,0,0,0,0,0,180,3856,5654505,0,1203704,0,172032,0,0,0,0,18686518,0,0,0,0
query,2376,4096,18931873,80181,9127,1202,18321516,443493,1152,74991,211,18931873,0,36129,0,0,0,0,0,170,3878,5688927,0,1156885,0,172032,0,0,0,0,16848666,0,0,0,0
query,2377,4096,18810614,97342,7765,912,18203223,424358,1252,75452,310,18810614,0,36129,0,0,0,0,0,173,3856,5654329,0,1164200,0,172032,0,0,0,0,16719669,0,0,0,0
query,2378,4096,19009729,90060,8085,1032,18303952,517422,2275,86552,351,19009729,0,36129,0,0,0,0,0,190,3842,5633522,0,1150764,0,172032,0,0,0,0,16796568,0,0,0,0
query,2379,4096,19260830,65643,11842,2084,18613224,482637,1422,83748,230,19260830,0,36129,0,0,0,0,0,159,3878,5688055,0,1164828,0,172032,0,0,0,0,17080065,0,0,0,0
query,2380,4096,19635775,65253,10119,1573,18889733,582845,1723,84359,170,19635775,0,36129,0,0,0,0,0,164,3880,5690064,0,1168458,0,172032,0,0,0,0,17296425,0,0,0,0
query,2381,4096,19813519,65043,9738,1613,19188985,467458,1584,78948,150,19813519,0,36129,0,0,0,0,0,161,3867,5670032,0,1187458,0,172032,0,0,0,0,17530676,0,0,0,0
query,2382,4096,18808691,97032,9067,1142,18179599,440668,1082,79880,221,18808691,0,36129,0,0,0,0,0,188,3848,5643611,0,1165881,0,172032,0,0,0,0,16680958,0,0,0,0
query,2383,4096,18994270,80631,7334,1303,18355319,449324,1322,98776,261,18994270,0,36129,0,0,0,0,0,208,3834,5621073,0,1164111,0,172032,0,0,0,0,16856449,0,0,0,0
query,2384,4096,18984521,91512,8386,1392,18281290,508555,1564,91452,370,18984521,0,36129,0,0,0,0,0,189,3850,5651079,0,1173798,0,172032,0,0,0,0,16775096,0,0,0,0
query,2385,4096,19188084,76023,8376,1252,18573379,450587,1492,76765,210,19188084,0,36129,0,0,0,0,0,190,3844,5639758,0,1170501,0,172032,0,0,0,0,17061006,0,0,0,0
query,2386,4096,19010930,79629,8476,1343,18396957,447421,1553,75321,230,19010930,0,36129,0,0,0,0,0,171,3880,5688361,0,1171018,0,172032,0,0,0,0,16905461,0,0,0,0
query,2387,4096,19622790,96491,7594,1313,18999559,439596,1513,76574,150,19622790,0,36129,0,0,0,0,0,199,3842,5634181,0,1182125,0,172032,0,0,0,0,17325780,0,0,0,0
query,2388,4096,19008827,80351,9258,1252,18373864,467579,1492,74821,210,19008827,0,36129,0,0,0,0,0,197,3851,5646036,0,1166569,0,172032,0,0,0,0,16871519,0,0,0,0
query,2389,4096,18789956,81002,7394,1253,18198374,425930,842,74610,551,18789956,0,36129,0,0,0,0,0,192,3850,5646207,0,1162686,0,172032,0,0,0,0,16710389,0,0,0,0
query,2390,4096,18885345,97263,7915,881,18260090,441399,1694,75863,240,18885345,0,36129,0,0,0,0,0,221,3823,5610280,0,1159198,0,172032,0,0,0,0,16756735,0,0,0,0
query,2391,4096,19342203,96421,8125,1553,18685369,468260,1022,81303,150,19342203,0,36129,0,0,0,0,0,205,3843,5633661,0,1166842,0,172032,0,0,0,0,17120690,0,0,0,0
query,2392,4096,19035327,97423,14047,961,18393912,450326,1543,76845,270,19035327,0,36129,0,0,0,0,0,194,3845,5640022,0,1167483,0,172032,0,0,0,0,16889757,0,0,0,0
query,2393,4096,19152357,101140,12233,2054,18428667,510569,1984,95559,151,19152357,0,36129,1,0,0,0,0,175,3853,5649727,0,1169338,0,172032,0,0,0,0,16857203,0,0,0,0
query,2394,4096,19010981,65062,11141,1683,18389233,462850,1332,79460,220,19010981,0,36129,0,0,0,0,0,171,3862,5662299,0,1169651,0,172032,0,0,0,0,16848262,0,0,0,0
query,2395,4096,19419709,65473,10740,1944,18788292,471156,1783,80070,251,19419709,0,36129,0,0,0,0,0,165,3873,5679268,0,1173410,0,172032,0,0,0,0,17178162,0,0,0,0
query,2396,4096,19658067,64551,11292,1773,18972990,523814,1442,81985,220,19658067,0,36129,0,0,0,0,0,178,3869,5674555,0,1174308,0,172032,0,0,0,0,17395688,0,0,0,0
query,2397,4096,19011582,65573,10660,1824,18400113,451278,1382,80592,160,19011582,0,36129,0,0,0,0,0,174,3859,5657734,0,1176070,0,172032,0,0,0,0,16909730,0,0,0,0
query,2398,4096,18871839,65062,11111,1843,18274327,435118,1492,82746,140,18871839,0,36129,0,0,0,0,0,173,3863,5666766,0,1169108,0,172032,0,0,0,0,16786274,0,0,0,0
query,2399,4096,18957761,65023,10439,2034,18348486,441820,1854,87945,160,18957761,0,36129,0,0,0,0,0,177,3870,5677569,0,1183465,0,172032,0,0,0,0,16856409,0,0,0,0
query,2400,4096,18959364,64651,9879,1343,18332806,470905,1403,78137,240,18959364,0,36129,0,0,0,0,0,178,3869,5676719,0,1187032,0,172032,0,0,0,0,16822429,0,0,0,0
query,2401,4096,19152788,70894,9568,1563,18380957,594938,1993,92644,231,19152788,0,36129,0,0,0,0,0,177,3877,5688366,0,1185622,0,172032,0,0,0,0,16881257,0,0,0,0
query,2402,4096,19361960,66364,13656,2094,18732447,460525,1894,84830,150,19361960,0,36129,0,0,0,0,0,169,3861,5661101,0,1178816,0,172032,0,0,0,0,17174927,0,0,0,0
query,2403,4096,18998257,65392,10140,2284,18386908,452941,1202,79259,131,18998257,0,36129,0,0,0,0,0,150,3891,5706801,0,1192806,0,172032,0,0,0,0,16910905,0,0,0,0
query,2404,4096,19052089,64902,10109,1924,18428577,464623,1533,80270,151,19052089,0,36129,0,0,0,0,0,187,3853,5649989,0,1175405,0,172032,0,0,0,0,16918849,0,0,0,0
query,2405,4096,19739710,64952,9638,1603,19125406,456989,1282,79680,160,19739710,0,36129,0,0,0,0,0,163,3864,5669557,0,1188920,0,172032,0,0,0,0,17503713,0,0,0,0
query,2406,4096,19091462,64721,10079,1663,18474263,457890,1573,81132,141,19091462,0,36129,0,0,0,0,0,166,3871,5673631,0,1184298,0,172032,0,0,0,0,16956418,0,0,0,0
query,2407,4096,21992633,64862,10099,1583,21354233,479381,1273,81152,50,21992633,0,36129,0,0,0,0,0,157,3879,5689716,0,1244582,0,172032,0,0,0,0,19564280,0,0,0,0
query,2408,4096,18985273,81153,8947,1092,18380576,435739,1072,76433,261,18985273,0,36129,0,0,0,0,0,175,3861,5662432,0,1174118,0,172032,0,0,0,0,16888646,0,0,0,0
query,2409,4096,19027432,96702,8536,1593,18393491,449705,1322,75763,320,19027432,0,36129,0,0,0,0,0,199,3844,5640891,0,1163933,0,172032,0,0,0,0,16879204,0,0,0,0
query,2410,4096,18864225,80271,8326,1532,18257576,439415,1122,75763,220,18864225,0,36129,0,0,0,0,0,176,3859,5658886,0,1159101,0,172032,0,0,0,0,16762996,0,0,0,0
query,2411,4096,19033654,81423,7885,1633,18404452,459543,1763,76745,210,19033654,0,36129,0,0,0,0,0,175,3863,5665968,0,1185524,0,172032,0,0,0,0,16893933,0,0,0,0
query,2412,4096,19643299,82054,7444,1443,18988268,487707,1272,74901,210,19643299,0,36129,3,0,0,0,0,199,3840,5630837,0,1184453,0,172032,0,0,0,0,17398350,0,0,0,0
query,2413,4096,19143550,111299,9007,1713,18478470,466066,1182,75672,141,19143550,0,36129,3,0,0,0,0,165,3867,5671781,0,1185709,0,172032,0,0,0,0,17006391,0,0,0,0
query,2414,4096,19314060,80280,8997,1072,18644262,500771,1363,77175,140,19314060,0,36129,3,0,0,0,0,172,3871,5676911,0,1207927,0,172032,0,0,0,0,17088714,0,0,0,0
query,2415,4096,19115116,80831,9388,1022,18468391,476766,1002,77596,120,19115116,0,36129,3,0,0,0,0,169,3865,5668126,0,1238994,0,172032,0,0,0,0,16955242,0,0,0,0
query,2416,4096,19344207,80160,8827,1252,18709655,460856,1092,82204,161,19344207,0,36129,3,0,0,0,0,161,3881,5691857,0,1182104,0,172032,0,0,0,0,17136108,0,0,0,0
query,2417,4096,19926441,85541,8856,1213,19218681,530747,1583,79509,311,19926441,0,36129,3,0,0,0,0,149,3885,5700026,0,1196015,0,172032,0,0,0,0,17548011,0,0,0,0
query,2418,4096,19217639,81252,8446,1383,18601050,441359,1343,82555,251,19217639,0,36129,3,0,0,0,0,168,3870,5674487,0,1170403,0,172032,0,0,0,0,17078277,0,0,0,0
query,2419,4096,19188695,81353,8797,921,18526571,492866,1283,76744,160,19188695,0,36129,3,0,0,0,0,175,3865,5672462,0,1177274,0,172032,0,0,0,0,17018235,0,0,0,0
query,2420,4096,19031981,97073,8947,1102,18402708,444014,1723,76163,251,19031981,0,36129,3,0,0,0,0,176,3861,5660795,0,1174049,0,172032,0,0,0,0,16903587,0,0,0,0
query,2421,4096,19161303,81032,8085,1723,18461549,529635,1463,77596,220,19161303,0,36129,3,0,0,0,0,189,3845,5642377,0,1218338,0,172032,0,0,0,0,16943595,0,0,0,0
query,2422,4096,19570351,81453,8105,1563,18807048,590760,1623,79619,180,19570351,0,36129,3,0,0,0,0,155,3886,5696950,0,1190938,0,172032,0,0,0,0,17209063,0,0,0,0
query,2423,4096,19421212,88817,13155,2385,18775789,462018,1312,77526,210,19421212,0,36129,0,0,0,0,0,158,3884,5696011,0,1185645,0,172032,0,0,0,0,17250887,0,0,0,0
query,2424,4096,19098054,80270,8516,1283,18424549,502735,1262,79209,230,19098054,0,36129,3,0,0,0,0,176,3869,5675583,0,1176980,0,172032,0,0,0,0,16908893,0,0,0,0
query,2425,4096,19122481,81603,9368,1232,18501674,449805,1323,77335,141,19122481,0,36129,3,0,0,0,0,189,3857,5659015,0,1179886,0,172032,0,0,0,0,16979160,0,0,0,0
query,2426,4096,19263776,97783,9448,1413,18577837,498226,1312,77616,141,19263776,0,36129,3,0,0,0,0,181,3866,5669814,0,1187556,0,172032,0,0,0,0,17011284,0,0,0,0
query,2427,4096,19324009,80862,8806,1313,18518475,616468,2545,95319,221,19324009,0,36129,3,0,0,0,0,171,3863,5668197,0,1183072,0,172032,0,0,0,0,16977401,0,0,0,0
query,2428,4096,19888279,83166,8436,1713,19237397,472738,1583,83086,160,19888279,0,36129,2,0,0,0,0,182,3844,5639933,0,1187458,0,172032,0,0,0,0,17543881,0,0,0,0
query,2429,4096,18969362,95710,8656,1222,18333338,454374,881,74751,430,18969362,0,36129,3,0,0,0,0,195,3848,5644680,0,1168633,0,172032,0,0,0,0,16839753,0,0,0,0
query,2430,4096,19406695,96742,7664,1463,18771902,451909,1252,75592,171,19406695,0,36129,3,0,0,0,0,174,3865,5669237,0,1199131,0,172032,0,0,0,0,17237605,0,0,0,0
query,2431,4096,19211157,82014,8586,1102,18569612,472057,1393,76253,140,19211157,0,36129,3,0,0,0,0,174,3874,5683255,0,1184161,0,172032,0,0,0,0,17044662,0,0,0,0
query,2432,4096,19168006,81003,8165,1152,18524968,475363,842,76353,160,19168006,0,36129,3,0,0,0,0,169,3854,5655495,0,1191414,0,172032,0,0,0,0,17018195,0,0,0,0
query,2433,4096,19997424,80020,8727,901,19344268,483057,1303,79008,140,19997424,0,36129,3,0,0,0,0,159,3867,5667826,0,1176310,0,172032,0,0,0,0,17719542,0,0,0,0
query,2434,4096,19035827,80852,8696,1352,18414130,454684,802,75011,300,19035827,0,36129,3,0,0,0,0,190,3854,5651138,0,1187866,0,172032,0,0,0,0,16891595,0,0,0,0
query,2435,4096,19153940,81584,8145,1302,18512404,466617,1042,82716,130,19153940,0,36129,3,0,0,0,0,194,3841,5631655,0,1227666,0,172032,0,0,0,0,16976424,0,0,0,0
query,2436,4096,19028835,79670,8526,1262,18346944,515979,862,75442,150,19028835,0,36129,3,0,0,0,0,189,3835,5625060,0,1196871,0,172032,0,0,0,0,16834964,0,0,0,0
query,2437,4096,19022572,82655,7845,1052,18390304,465484,1183,73939,110,19022572,0,36129,3,0,0,0,0,178,3860,5661297,0,1180162,0,172032,0,0,0,0,16900393,0,0,0,0
query,2438,4096,21725812,81693,7084,1362,20910891,635955,2184,86472,171,21725812,0,36129,3,0,0,0,0,186,3851,5646021,0,1235763,0,172032,0,0,0,0,19023976,0,0,0,0
query,2439,4096,19302950,88867,8997,1453,18681682,445788,1382,74611,170,19302950,0,36129,3,0,0,0,0,187,3850,5646209,0,1185968,0,172032,0,0,0,0,17135524,0,0,0,0
query,2440,4096,19238458,82595,8657,1472,18597524,466115,1033,81002,60,19238458,0,36129,3,0,0,0,0,169,3862,5663286,0,1171531,0,172032,0,0,0,0,17060496,0,0,0,0
query,2441,4096,19187142,96441,9057,1092,18541058,459824,1353,77986,331,19187142,0,36129,3,0,0,0,0,184,3872,5680257,0,1187863,0,172032,0,0,0,0,17005557,0,0,0,0
query,2442,1664,7865358,35506,8987,1243,7642880,134883,1103,40716,40,7865358,0,36129,3,0,0,0,0,78,1580,2318138,0,492227,0,69888,0,0,0,0,7115460,0,0,0,0
