mode,batch_index,transaction_count,dispatch_wait_ns,batch_gate_wait_ns,key_prep_ns,query_wall_ns,lookup_blocking_pool_wait_ns,native_get_ns,decode_ns,lookup_submit_to_collection_ns,apply_blocking_pool_wait_ns,apply_submit_to_collection_ns,sequential_apply_build_ns,sync_write_batch_ns,memory_publish_ns,get_calls,keys_looked_up,hits,misses,groups_submitted,max_in_flight_groups,max_running_query_jobs
chunked_256_p4,0,2048,4719,300,142447,20570257,515787,2983060,0,80353197,16952,9263510,1953842,7229828,236373,8,2048,0,2048,8,4,4
chunked_256_p4,1,2048,4218,4839,115917,1474553,183142,3153730,0,3461415,9227,9442765,1581653,7798664,112261,8,2048,0,2048,8,4,4
chunked_256_p4,2,2048,1643,417713,116729,1340432,61624,2844571,0,3052980,8847,9307111,1474904,7736027,200546,8,2048,0,2048,8,4,4
chunked_256_p4,3,2048,3978,593281,119194,1119738,58760,2830293,0,2982519,10390,8357461,1344570,6912864,216466,8,2048,0,2048,8,4,4
chunked_256_p4,4,2048,1994,1040880,66945,924763,57369,2484856,0,2722491,6802,8874600,1382180,7420755,222718,8,2048,0,2048,8,4,4
chunked_256_p4,5,2048,3767,1017646,64451,982621,65552,2569938,0,2794194,9278,8471305,1053805,7343772,230813,8,2048,0,2048,8,4,4
chunked_256_p4,6,2048,1643,826438,117820,1151989,71964,2915854,0,3126990,9518,8356830,915996,7372005,215744,8,2048,0,2048,8,4,4
chunked_256_p4,7,2048,1804,520505,117049,1200811,58882,2890738,0,3095050,6803,8211969,903363,7239907,224370,8,2048,0,2048,8,4,4
chunked_256_p4,8,2048,2916,301475,90639,1154363,100410,3003959,0,3238550,10028,47482739,991618,46381637,276197,8,2048,0,2048,8,4,4
chunked_256_p4,9,2048,1433,14281963,73348,949750,68718,2540800,0,2856611,7103,8208492,945622,7183151,55364,8,2048,0,2048,8,4,4
chunked_256_p4,10,2048,1192,2023743,70712,1157960,69461,3031732,0,3272153,8737,9217883,1536309,7609239,250870,8,2048,0,2048,8,4,4
chunked_256_p4,11,2048,1563,1921271,70162,1042784,72976,2675013,0,2951210,11652,8372720,933319,7369640,224310,8,2048,0,2048,8,4,4
chunked_256_p4,12,2048,1714,215243,76403,1016064,77205,2698648,0,2943156,10440,8634220,1101013,7472924,137688,8,2048,0,2048,8,4,4
chunked_256_p4,13,2048,2585,2104964,67928,1000375,59462,2723863,0,2896068,6983,8446689,911298,7465009,237184,8,2048,0,2048,8,4,4
chunked_256_p4,14,2048,2304,333695,70172,969828,65945,2852176,0,3023105,7223,8567034,917089,7588230,219291,8,2048,0,2048,8,4,4
chunked_256_p4,15,2048,1743,1904579,76193,1128675,63349,3117382,0,3353665,7715,7863074,909935,6859264,213289,8,2048,0,2048,8,4,4
chunked_256_p4,16,2048,1743,162255,142046,1006015,88034,2568123,0,2833697,7414,9243522,1084262,8093236,261080,8,2048,0,2048,8,4,4
chunked_256_p4,17,2048,1382,792475,65763,1121722,69670,3091523,0,3279557,9097,9038057,1319893,7577951,215524,8,2048,0,2048,8,4,4
chunked_256_p4,18,2048,1312,968936,65623,1049537,63256,2893523,0,3077075,7344,8541256,1369066,7092721,233558,8,2048,0,2048,8,4,4
chunked_256_p4,19,2048,1903,743884,73818,1128335,70544,3064395,0,3314713,8225,8493686,998531,7427589,240020,8,2048,0,2048,8,4,4
chunked_256_p4,20,2048,1483,817723,67627,1087818,65511,3203322,0,3394691,11802,8398729,931376,7402682,222898,8,2048,0,2048,8,4,4
chunked_256_p4,21,2048,2144,993142,65342,973765,62146,2810607,0,2998256,7504,8777568,945812,7742880,242264,8,2048,0,2048,8,4,4
chunked_256_p4,22,2048,1563,884448,67376,1043886,67124,2956521,0,3207968,8937,8905038,1046501,7772786,236784,8,2048,0,2048,8,4,4
chunked_256_p4,23,2048,2504,1014432,68188,1090023,67397,3085640,0,3341714,7284,8641844,892843,7685482,219001,8,2048,0,2048,8,4,4
chunked_256_p4,24,2048,2064,631894,111218,1075807,67947,2945479,0,3180180,10760,8823033,941394,7811017,230461,8,2048,0,2048,8,4,4
chunked_256_p4,25,2048,1492,968775,84439,1139836,61146,3070493,0,3242997,8656,9055340,946194,8033965,221034,8,2048,0,2048,8,4,4
chunked_256_p4,26,2048,1443,818955,66194,1133283,61997,3490542,0,3705663,7615,8861025,1027475,7761906,249898,8,2048,0,2048,8,4,4
chunked_256_p4,27,2048,1553,763501,220763,1262316,61105,2936053,0,3164231,7454,8330952,934130,7329114,263213,8,2048,0,2048,8,4,4
chunked_256_p4,28,2048,2064,356799,72276,918101,72265,2649786,0,2859939,7093,9437555,1031313,8334048,225422,8,2048,0,2048,8,4,4
chunked_256_p4,29,2048,1703,249638,72716,1033897,51527,2916545,0,3095912,8827,9261145,963516,8215395,244038,8,2048,0,2048,8,4,4
chunked_256_p4,30,2048,1623,157566,84769,1201402,69511,3013306,0,3188507,9337,8702017,1049256,7579814,245460,8,2048,0,2048,8,4,4
chunked_256_p4,31,2048,2635,1748918,67687,1213003,70221,3137358,0,3428555,10891,8666430,1042223,7544408,257182,8,2048,0,2048,8,4,4
chunked_256_p4,32,2048,1623,2140411,66164,1238221,65873,3256082,0,3520226,12193,8734858,936084,7728933,204703,8,2048,0,2048,8,4,4
chunked_256_p4,33,2048,1312,1963810,129413,1157299,76954,2803585,0,3185800,9237,8626265,935303,7618737,301345,8,2048,0,2048,8,4,4
chunked_256_p4,34,2048,1593,2777305,174397,1305606,80561,3205306,0,3431961,9287,8481844,992119,7426797,195787,8,2048,0,2048,8,4,4
chunked_256_p4,35,2048,1353,205816,162775,1231698,74089,3444424,0,3680206,11051,9182628,1029068,8087977,132458,8,2048,0,2048,8,4,4
chunked_256_p4,36,2048,1673,381274,95649,1214475,66564,3400553,0,3701284,8025,8708470,987080,7644045,219211,8,2048,0,2048,8,4,4
chunked_256_p4,37,2048,1743,2453387,105177,1203766,79560,3297118,0,3690397,11622,8838052,1200059,7568202,66064,8,2048,0,2048,8,4,4
chunked_256_p4,38,2048,3046,2707644,215424,1336374,82034,3236815,0,3488989,10089,9076389,917109,8065184,234018,8,2048,0,2048,8,4,4
chunked_256_p4,39,2048,1553,1939795,75151,1075055,69923,2944509,0,3184988,7534,8859412,944190,7836545,238046,8,2048,0,2048,8,4,4
chunked_256_p4,40,2048,2264,2152604,153708,1316107,70714,3412654,0,3642626,10079,9368556,978604,8299733,247434,8,2048,0,2048,8,4,4
chunked_256_p4,41,2048,1663,217909,140083,1256034,70021,3258536,0,3600868,7524,9530009,984125,8471405,266339,8,2048,0,2048,8,4,4
chunked_256_p4,42,2048,1563,342211,241863,1193206,69200,2825267,0,3158952,8917,10363621,997539,9230097,283552,8,2048,0,2048,8,4,4
chunked_256_p4,43,2048,1633,859631,66084,1185101,80202,3276952,0,3542189,9899,8777809,986308,7711281,64822,8,2048,0,2048,8,4,4
chunked_256_p4,44,2048,1353,1062721,69711,1154784,71316,3269769,0,3665269,8496,9162420,959599,8136277,172213,8,2048,0,2048,8,4,4
chunked_256_p4,45,2048,1543,777387,65893,1219455,67886,3079609,0,3320311,10419,9636678,890048,8643518,249798,8,2048,0,2048,8,4,4
chunked_256_p4,46,2048,2595,260779,129964,1256315,69691,3162105,0,3423897,7965,9216451,1221920,7907118,264716,8,2048,0,2048,8,4,4
chunked_256_p4,47,2048,1753,338845,136686,1172537,77285,3092835,0,3367069,9468,9015144,953366,7978622,71013,8,2048,0,2048,8,4,4
chunked_256_p4,48,2048,1332,3068961,226404,1335102,69540,3333899,0,3574117,10028,8758432,988903,7698447,247184,8,2048,0,2048,8,4,4
chunked_256_p4,49,2048,1904,119504,73919,1122644,71312,3185501,0,3525855,9949,9128977,939772,8121449,206718,8,2048,0,2048,8,4,4
chunked_256_p4,50,2048,1883,2881500,65553,1323961,107641,3573136,0,3904786,12394,9748649,994554,8665829,90840,8,2048,0,2048,8,4,4
chunked_256_p4,51,2048,1423,199384,65102,1089321,61024,3110761,0,3417123,8526,9626570,975207,8570320,252133,8,2048,0,2048,8,4,4
chunked_256_p4,52,2048,1783,2212176,69881,1152640,65282,3171864,0,3397716,8666,9251737,942296,8247835,230232,8,2048,0,2048,8,4,4
chunked_256_p4,53,2048,1513,2997187,92413,1168790,70253,3163560,0,3487707,11171,9738750,929141,8745018,247704,8,2048,0,2048,8,4,4
chunked_256_p4,54,2048,1693,660638,68588,1148071,63120,3092895,0,3394000,7975,9152682,906068,8186521,178775,8,2048,0,2048,8,4,4
chunked_256_p4,55,2048,1523,1777381,65513,1194057,78147,3384792,0,3746011,15770,9108749,929753,8084209,63268,8,2048,0,2048,8,4,4
chunked_256_p4,56,2048,1112,393217,142748,1223984,93033,3120959,0,3578826,9809,10221455,1085194,9018881,258835,8,2048,0,2048,8,4,4
chunked_256_p4,57,2048,1553,2611894,86362,1180242,85410,3355790,0,3589859,8305,9262838,939350,8235653,260618,8,2048,0,2048,8,4,4
chunked_256_p4,58,2048,2004,313157,72776,1220537,68347,3305144,0,3606296,9859,9905452,1266443,8566483,252302,8,2048,0,2048,8,4,4
chunked_256_p4,59,2048,1784,126286,72075,1330554,71304,3516769,0,3742384,8947,9637811,935884,8620074,235421,8,2048,0,2048,8,4,4
chunked_256_p4,60,2048,1563,2736538,104295,1189619,75623,3302688,0,3603766,8857,8960171,961732,7930602,72245,8,2048,0,2048,8,4,4
chunked_256_p4,61,2048,1552,2858527,213750,1357655,75494,3570072,0,3827564,8355,9188228,948828,8134273,246582,8,2048,0,2048,8,4,4
chunked_256_p4,62,2048,1663,2699729,65734,1176786,54080,3347914,0,3730891,9988,9359819,944409,8350789,238417,8,2048,0,2048,8,4,4
chunked_256_p4,63,2048,1844,170880,114054,1232550,86944,3298501,0,3536217,9478,9901986,1096725,8713338,167554,8,2048,0,2048,8,4,4
chunked_256_p4,64,2048,1603,699380,135734,1275590,71754,3376398,0,3722006,8596,9119349,941004,8089910,128281,8,2048,0,2048,8,4,4
chunked_256_p4,65,2048,1513,399548,70092,1111162,74328,3129264,0,3401292,7775,9488941,947436,8414849,208481,8,2048,0,2048,8,4,4
chunked_256_p4,66,2048,1804,756327,68658,1187195,62668,3376585,0,3685928,10700,10121527,1414130,8622067,236092,8,2048,0,2048,8,4,4
chunked_256_p4,67,2048,1353,833081,69500,1158571,66532,3482795,0,3671397,9638,9296501,931536,8288052,224330,8,2048,0,2048,8,4,4
chunked_256_p4,68,2048,1533,689362,66685,1200590,73879,3283473,0,3512213,7735,9895774,960029,8850956,270527,8,2048,0,2048,8,4,4
chunked_256_p4,69,2048,1482,712365,91091,1233772,73439,3427052,0,3632950,9207,9949755,927849,8938049,229650,8,2048,0,2048,8,4,4
chunked_256_p4,70,2048,1833,362880,67216,1173148,64551,3547677,0,3810780,8616,9746545,926817,8736702,234509,8,2048,0,2048,8,4,4
chunked_256_p4,71,2048,1724,870090,78347,1294857,77626,3717756,0,3938942,9057,10127358,1113166,8922680,251712,8,2048,0,2048,8,4,4
chunked_256_p4,72,2048,1523,992550,66235,1113787,67608,3342915,0,3576683,8976,9580232,893985,8610826,254126,8,2048,0,2048,8,4,4
chunked_256_p4,73,2048,1953,728666,66795,1544254,76071,4718442,0,4922935,9427,6232469,914574,5250489,251211,8,2048,0,2048,8,4,4
chunked_256_p4,74,2048,1854,1291380,66564,1470515,68177,4323903,0,4520941,9328,6557288,918180,5572232,216526,8,2048,0,2048,8,4,4
chunked_256_p4,75,2048,1422,1133274,66675,1556316,69621,4530961,0,4733451,10259,7052606,953858,6027625,221805,8,2048,0,2048,8,4,4
chunked_256_p4,76,2048,1733,990517,67286,1654771,65743,5092302,0,5295974,9167,7036536,916146,6043445,243396,8,2048,0,2048,8,4,4
chunked_256_p4,77,2048,1923,1336345,65593,1607382,67488,4581064,0,4811998,8726,9615860,1404933,8130366,235291,8,2048,0,2048,8,4,4
chunked_256_p4,78,2048,2464,1044418,69070,1758105,69038,5118311,0,5403795,7003,7053177,916488,6067570,234209,8,2048,0,2048,8,4,4
chunked_256_p4,79,2048,2935,896921,66635,1624785,70383,5222437,0,5414718,9268,7935310,1029770,6823487,224080,8,2048,0,2048,8,4,4
chunked_256_p4,80,2048,1492,779020,66595,1635565,66694,4986345,0,5276418,11091,7954697,916047,6980952,197210,8,2048,0,2048,8,4,4
chunked_256_p4,81,2048,1673,937336,70703,1695167,89446,5022131,0,5244778,8305,7742629,964357,6694325,251341,8,2048,0,2048,8,4,4
chunked_256_p4,82,2048,2194,928080,66394,1783462,64722,5798356,0,6039600,7634,7337821,1162899,6107315,249557,8,2048,0,2048,8,4,4
chunked_256_p4,83,2048,1864,1421714,66104,1759326,68267,5489988,0,5706824,9307,7782894,915225,6787058,248976,8,2048,0,2048,8,4,4
chunked_256_p4,84,2048,2013,1000185,67857,1808108,65333,5654767,0,5929693,9768,7538086,937938,6525288,259917,8,2048,0,2048,8,4,4
chunked_256_p4,85,2048,1273,1298854,66585,1920419,59962,5520595,0,5738414,7654,7677938,1094761,6520630,243847,8,2048,0,2048,8,4,4
chunked_256_p4,86,2048,2675,1393281,70422,1665081,75524,5273623,0,5536727,8816,11491655,1401136,9930138,326622,8,2048,0,2048,8,4,4
chunked_256_p4,87,2048,2134,2992708,74089,1752063,71983,5497772,0,5738793,9618,7681435,905778,6695116,240460,8,2048,0,2048,8,4,4
chunked_256_p4,88,2048,2004,1475675,73127,1928564,70943,5554718,0,5786103,10630,8853721,1006206,7760502,242714,8,2048,0,2048,8,4,4
chunked_256_p4,89,2048,1583,1001386,71845,1918355,71562,5993665,0,6194916,8075,8655109,936204,7650887,258595,8,2048,0,2048,8,4,4
chunked_256_p4,90,2048,2364,1483660,67998,1964071,74119,5965569,0,6164753,8195,8718378,908082,7737981,247915,8,2048,0,2048,8,4,4
chunked_256_p4,91,2048,2154,36198213,78066,1795725,82376,5693469,0,5902762,9498,8920897,1570052,7288217,245019,8,2048,0,2048,8,4,4
chunked_256_p4,92,2048,1703,1613694,72025,2887631,70844,9523464,0,9727980,9178,9348759,1525879,7757257,238036,8,2048,0,2048,8,4,4
chunked_256_p4,93,2048,1653,1599087,66615,2868435,73036,9502847,0,9804342,14458,8744617,1421023,7220621,260268,8,2048,0,2048,8,4,4
chunked_256_p4,94,2048,2414,2680583,66515,2620090,66244,9151766,0,9367715,12183,8953078,1304204,7543266,248526,8,2048,0,2048,8,4,4
chunked_256_p4,95,2048,1993,1684627,88246,2287827,81732,7171008,0,7382314,9408,9907827,1178609,8626586,264185,8,2048,0,2048,8,4,4
chunked_256_p4,96,2048,1713,1636687,68238,2397032,68550,7586946,0,7769701,10049,9141240,1482829,7524480,245981,8,2048,0,2048,8,4,4
chunked_256_p4,97,2048,2565,1830019,71113,2029282,77064,6681512,0,6988387,9027,9585853,1001066,8468069,323386,8,2048,0,2048,8,4,4
chunked_256_p4,98,2048,1863,1558290,65934,2048439,75721,6777991,0,7003073,9497,9270131,930413,8195258,237235,8,2048,0,2048,8,4,4
chunked_256_p4,99,2048,1844,1183508,69441,2064459,69119,6444466,0,6650121,10530,8277642,932297,7266337,253736,8,2048,0,2048,8,4,4
chunked_256_p4,100,2048,2414,1343648,70973,1913305,84098,6371589,0,6631837,8746,8137359,927689,7136133,237535,8,2048,0,2048,8,4,4
chunked_256_p4,101,2048,2775,2375170,73548,2025456,83878,6296591,0,6599258,10249,8605807,978183,7555860,70021,8,2048,0,2048,8,4,4
chunked_256_p4,102,2048,1282,743242,196037,2042187,69900,5737571,0,5937958,8746,8277411,933640,7275143,139201,8,2048,0,2048,8,4,4
chunked_256_p4,103,2048,1473,515325,134392,1895091,60262,5846728,0,6084453,8926,9338289,917299,8301397,258304,8,2048,0,2048,8,4,4
chunked_256_p4,104,2048,1994,902181,65923,1709534,72957,5618738,0,5877025,10430,8993654,936465,7925662,307616,8,2048,0,2048,8,4,4
chunked_256_p4,105,2048,1272,2359652,68518,1903657,75424,6156207,0,6383573,7514,8470744,936976,7423081,245691,8,2048,0,2048,8,4,4
chunked_256_p4,106,2048,1773,598953,69610,1915349,70192,5913201,0,6106183,10149,8836499,973084,7745625,255178,8,2048,0,2048,8,4,4
chunked_256_p4,107,2048,1543,1135859,71444,1964281,69020,5948014,0,6441473,21460,9555336,1406105,8070133,251772,8,2048,0,2048,8,4,4
chunked_256_p4,108,2048,2695,193032,68909,1813548,65500,5952782,0,6164871,11040,9170635,1133133,7934769,237856,8,2048,0,2048,8,4,4
chunked_256_p4,109,2048,1843,449623,162204,2148416,71708,6377830,0,6640726,14027,8424317,991408,7366935,102913,8,2048,0,2048,8,4,4
chunked_256_p4,110,2048,1603,737341,65483,2210121,72555,6796195,0,7160576,11151,8651232,981179,7569074,55714,8,2048,0,2048,8,4,4
chunked_256_p4,111,2048,1763,1669058,66645,2459338,107169,6965453,0,7259562,10430,9777392,966681,8696627,239649,8,2048,0,2048,8,4,4
chunked_256_p4,112,2048,1944,803936,91782,1885323,72107,5917850,0,6140378,10770,8037672,971731,6987364,235602,8,2048,0,2048,8,4,4
chunked_256_p4,113,2048,1734,1096514,78567,2316751,67896,6489361,0,7779500,7855,10063609,927518,8982693,234269,8,2048,0,2048,8,4,4
chunked_256_p4,114,2048,1283,1357504,66124,1863381,75100,6121061,0,6389521,9138,8879439,928891,7881018,189325,8,2048,0,2048,8,4,4
chunked_256_p4,115,2048,1913,1283796,67988,1850308,74378,6076097,0,6337486,9487,9675841,981109,8623190,146184,8,2048,0,2048,8,4,4
chunked_256_p4,116,2048,1853,1785827,66424,1838074,68217,5923812,0,6160523,7815,8682070,936455,7675624,225463,8,2048,0,2048,8,4,4
chunked_256_p4,117,2048,1502,1301819,69080,2033901,65293,6145236,0,6322950,12253,9308033,1096004,8111400,132659,8,2048,0,2048,8,4,4
chunked_256_p4,118,2048,1694,2084817,64782,1863663,78385,6136539,0,6351172,9458,9709625,1034549,8574649,223559,8,2048,0,2048,8,4,4
chunked_256_p4,119,2048,1563,2511507,66225,1951598,75984,6420363,0,6669590,11090,8777458,944430,7758048,218079,8,2048,0,2048,8,4,4
chunked_256_p4,120,2048,2014,1450529,66915,2018473,62406,6137039,0,6314512,9167,8933561,1104861,7755253,221996,8,2048,0,2048,8,4,4
chunked_256_p4,121,2048,1242,1675831,66805,1763395,69670,5923891,0,6120969,11611,9631428,941946,8567665,177402,8,2048,0,2048,8,4,4
chunked_256_p4,122,2048,1433,1863342,67677,1935507,79117,6563810,0,6814218,7294,10021159,908091,9012879,193903,8,2048,0,2048,8,4,4
chunked_256_p4,123,2048,1413,1361631,70492,1943452,73589,6545628,0,6846571,9989,9329583,1003861,8198053,204163,8,2048,0,2048,8,4,4
chunked_256_p4,124,2048,1292,1632590,66976,1978067,73258,6592514,0,6801156,9868,9028018,914854,7997126,219301,8,2048,0,2048,8,4,4
chunked_256_p4,125,2048,1583,1822716,71864,2013975,71134,6577967,0,6803849,9688,11469132,924482,10420467,244489,8,2048,0,2048,8,4,4
chunked_256_p4,126,2048,1382,1747996,68328,1958019,68138,6541378,0,6768715,12743,8954009,932748,7939108,226524,8,2048,0,2048,8,4,4
chunked_256_p4,127,2048,1743,1345171,68789,2137445,77996,6958531,0,7226452,9939,9484003,976630,8426511,125826,8,2048,0,2048,8,4,4
chunked_256_p4,128,2048,1413,1662675,66134,1944174,72114,6425101,0,6623431,9037,10821779,1280971,9456431,122540,8,2048,0,2048,8,4,4
chunked_256_p4,129,2048,1362,1592034,112060,2300992,81531,7235550,0,7473883,11381,10774531,1155185,9553252,145552,8,2048,0,2048,8,4,4
chunked_256_p4,130,2048,1563,1458283,67547,2045152,79939,6795554,0,7011700,7734,9196914,1031974,8097044,247564,8,2048,0,2048,8,4,4
chunked_256_p4,131,2048,1413,1488139,70171,2020437,63368,6460566,0,6851789,9037,9844237,963866,8772169,213399,8,2048,0,2048,8,4,4
chunked_256_p4,132,2048,2084,1379525,72435,1976654,66105,6467560,0,6703053,12403,9812388,936626,8764203,179857,8,2048,0,2048,8,4,4
chunked_256_p4,133,2048,1763,1544074,68889,2002252,83517,6375327,0,6656485,10851,9919519,921347,8878508,121327,8,2048,0,2048,8,4,4
chunked_256_p4,134,2048,1813,1393852,70021,1904709,63707,6547689,0,6765246,8967,9160306,913482,8174619,205726,8,2048,0,2048,8,4,4
chunked_256_p4,135,2048,1723,1461880,67226,2141403,73148,7046947,0,7529030,10831,10263093,976469,9173641,247904,8,2048,0,2048,8,4,4
chunked_256_p4,136,2048,1683,1490654,68278,1961105,68277,6431252,0,6688193,10670,8960091,1023428,7860801,249858,8,2048,0,2048,8,4,4
chunked_256_p4,137,2048,1863,1157930,84980,2276045,78597,7371914,0,7766285,10890,10470881,974506,9381200,267280,8,2048,0,2048,8,4,4
chunked_256_p4,138,2048,2184,791894,70702,2110885,67638,6583626,0,6827704,10420,10133841,912660,9153814,294963,8,2048,0,2048,8,4,4
chunked_256_p4,139,2048,2936,671208,69981,1955715,62105,6555325,0,6765780,10600,9922695,944140,8862558,220142,8,2048,0,2048,8,4,4
chunked_256_p4,140,2048,1613,637745,242925,2538467,77545,7047275,0,7286884,9588,10304270,941675,9248661,257753,8,2048,0,2048,8,4,4
chunked_256_p4,141,2048,2234,356218,68137,2251699,82154,7081691,0,7413744,9649,10574826,1044207,9458885,277671,8,2048,0,2048,8,4,4
chunked_256_p4,142,2048,1783,448611,134502,2182239,111871,6887207,0,7238014,11001,9950898,986418,8879579,241512,8,2048,0,2048,8,4,4
chunked_256_p4,143,2048,1814,731320,74059,2152464,80230,6996201,0,7272628,11291,10419586,1058844,9298024,256921,8,2048,0,2048,8,4,4
chunked_256_p4,144,2048,2244,375574,80270,2395419,83074,7474628,0,7888363,13185,9921272,1103228,8736301,273373,8,2048,0,2048,8,4,4
chunked_256_p4,145,2048,1373,725750,65433,2177360,75472,7161951,0,7466021,12423,10460863,1155555,9203347,236103,8,2048,0,2048,8,4,4
chunked_256_p4,146,2048,2084,292258,67827,2058647,69137,6680277,0,7062654,11942,10068137,950491,9018550,241422,8,2048,0,2048,8,4,4
chunked_256_p4,147,2048,1654,563866,168596,2124211,75792,6635946,0,6947991,8225,9794304,965960,8755407,283661,8,2048,0,2048,8,4,4
chunked_256_p4,148,2048,1443,597510,223068,2342640,71554,7105144,0,7383485,12604,19523456,957273,18456676,261480,8,2048,0,2048,8,4,4
chunked_256_p4,149,2048,1924,2000218,69099,2093102,80441,6902134,0,7301253,10059,9800405,984495,8685957,297707,8,2048,0,2048,8,4,4
chunked_256_p4,150,2048,1914,1400384,67286,2067274,93304,6746594,0,7025283,8917,9860628,921297,8855094,242615,8,2048,0,2048,8,4,4
chunked_256_p4,151,2048,1924,1659309,69771,2152023,73509,7297385,0,7663622,10720,9717550,973134,8652003,247564,8,2048,0,2048,8,4,4
chunked_256_p4,152,2048,1863,1441251,68028,2270184,72496,7636301,0,7856463,8426,9914490,934762,8911810,246963,8,2048,0,2048,8,4,4
chunked_256_p4,153,2048,1523,884467,68929,2348701,70913,7314158,0,7556891,7163,9729893,935854,8719550,245801,8,2048,0,2048,8,4,4
chunked_256_p4,154,2048,1563,296195,67717,2376273,97404,7922818,0,8154461,11923,9765200,1000004,8664637,202018,8,2048,0,2048,8,4,4
chunked_256_p4,155,2048,2224,76103,217458,2231101,73358,6411344,0,6638250,7955,9467601,1078151,8316224,259437,8,2048,0,2048,8,4,4
chunked_256_p4,156,2048,1583,455684,71524,2255867,79617,7260937,0,7502256,9978,10499816,987250,9436203,239058,8,2048,0,2048,8,4,4
chunked_256_p4,157,2048,1453,264646,79419,2310480,76393,7478816,0,7763458,14697,9293074,1006707,8199686,242965,8,2048,0,2048,8,4,4
chunked_256_p4,158,2048,1372,1140437,97773,1975492,73768,6465827,0,6708010,10510,9232441,957194,8170131,241523,8,2048,0,2048,8,4,4
chunked_256_p4,159,2048,1793,531817,115526,2298718,92426,6934365,0,7263883,6553,9876348,984645,8813956,283622,8,2048,0,2048,8,4,4
chunked_256_p4,160,2048,1603,1261233,66625,2155990,71585,6895151,0,7250517,13946,9239985,973334,8185510,206648,8,2048,0,2048,8,4,4
chunked_256_p4,161,2048,2034,413104,69150,2066452,72237,6533183,0,6861428,10159,9041734,959809,8001094,77085,8,2048,0,2048,8,4,4
chunked_256_p4,162,2048,1593,586479,66736,1912865,67637,6249541,0,6491875,10260,9594390,941855,8572143,222807,8,2048,0,2048,8,4,4
chunked_256_p4,163,2048,1422,1028086,68708,1902424,74830,6432003,0,6620666,8556,9532543,918641,8490481,140654,8,2048,0,2048,8,4,4
chunked_256_p4,164,2048,2475,688189,112390,2491939,116406,8014398,0,8408235,10650,10209001,976270,9132804,181680,8,2048,0,2048,8,4,4
chunked_256_p4,165,2048,1753,590797,65243,2034713,64880,6991531,0,7178692,11893,9494543,1019090,8391836,117780,8,2048,0,2048,8,4,4
chunked_256_p4,166,2048,1674,541354,66725,2195815,76133,7308668,0,7527296,9528,9461119,918090,8459412,230742,8,2048,0,2048,8,4,4
chunked_256_p4,167,2048,2524,350988,70713,2198149,77806,7089705,0,7315899,11041,10562704,1034629,9435872,241162,8,2048,0,2048,8,4,4
chunked_256_p4,168,2048,1393,588162,112220,2211654,94619,6915499,0,7185485,10289,10538519,1112926,9348849,260238,8,2048,0,2048,8,4,4
chunked_256_p4,169,2048,1563,548738,66825,2174065,78827,6959243,0,7188260,9858,10701854,913412,9713262,253855,8,2048,0,2048,8,4,4
chunked_256_p4,170,2048,1523,807864,65473,2015156,62660,6876858,0,7121868,18545,11093108,1798370,9189290,152015,8,2048,0,2048,8,4,4
chunked_256_p4,171,2048,1323,524954,107151,2133979,74931,6831610,0,7139610,11431,9838808,965239,8797747,180307,8,2048,0,2048,8,4,4
chunked_256_p4,172,2048,1293,916988,77936,2132346,73859,6736334,0,7022791,11021,9756353,953266,8716074,148909,8,2048,0,2048,8,4,4
chunked_256_p4,173,2048,1834,1540026,73938,2320528,80100,7050032,0,7271695,14217,10395491,892923,9427086,243266,8,2048,0,2048,8,4,4
chunked_256_p4,174,2048,2054,1091455,66645,2243004,73919,7078154,0,7352799,10700,11068421,979836,9998506,142127,8,2048,0,2048,8,4,4
chunked_256_p4,175,2048,2234,659897,182742,2217525,79738,6975912,0,7236240,7554,10666538,938017,9650614,167914,8,2048,0,2048,8,4,4
chunked_256_p4,176,2048,1613,1335032,74569,2199471,69360,7276926,0,7486230,14147,11463542,1404953,9945096,220032,8,2048,0,2048,8,4,4
chunked_256_p4,177,2048,1343,1471016,72205,2220742,70341,7570056,0,7795627,11011,10145452,923140,9135439,250089,8,2048,0,2048,8,4,4
chunked_256_p4,178,2048,1714,317845,67216,2110244,68669,6789114,0,6979030,12784,10466324,1069143,9295869,252182,8,2048,0,2048,8,4,4
chunked_256_p4,179,2048,1352,585217,75031,2156982,73719,7322632,0,7541141,9027,9828688,935734,8824076,186229,8,2048,0,2048,8,4,4
chunked_256_p4,180,2048,1362,766016,79018,2279551,75451,7703116,0,7984973,10409,10207508,969747,9159124,264345,8,2048,0,2048,8,4,4
chunked_256_p4,181,2048,1543,120476,198912,2365122,73495,7330604,0,7515009,10109,10718977,911217,9710096,197941,8,2048,0,2048,8,4,4
chunked_256_p4,182,2048,2315,3506,69691,2168063,69287,7145049,0,7466861,11452,10156753,955200,9045892,302566,8,2048,0,2048,8,4,4
chunked_256_p4,183,2048,1933,204684,96852,2420857,67406,7743631,0,8090689,7934,9838837,946504,8792797,243937,8,2048,0,2048,8,4,4
chunked_256_p4,184,2048,1793,1048084,119384,2267048,85039,6917665,0,7242644,8395,10153877,1137922,8932509,251221,8,2048,0,2048,8,4,4
chunked_256_p4,185,2048,1463,463509,70272,2005658,71724,6744989,0,6987775,7645,10120526,909595,9130690,245219,8,2048,0,2048,8,4,4
chunked_256_p4,186,2048,1413,267992,193964,2274753,80762,6859954,0,7283619,13555,10461134,907150,9472671,251661,8,2048,0,2048,8,4,4
chunked_256_p4,187,2048,1312,460634,192000,2320919,73597,6815691,0,7137946,9348,10323215,1008681,9242259,63599,8,2048,0,2048,8,4,4
chunked_256_p4,188,2048,1173,383919,67256,2265024,73138,7341176,0,7618679,9247,10434403,943769,9421145,259356,8,2048,0,2048,8,4,4
chunked_256_p4,189,2048,1473,1026253,69761,2599742,86321,8000832,0,8407605,6492,10549740,963415,9486928,253384,8,2048,0,2048,8,4,4
chunked_256_p4,190,2048,2014,804778,66925,2223907,69080,7214830,0,7508453,9288,10517499,1000134,9422156,248075,8,2048,0,2048,8,4,4
chunked_256_p4,191,2048,1774,621294,155742,2180175,73278,6912273,0,7154107,9618,10798957,910716,9784766,225473,8,2048,0,2048,8,4,4
chunked_256_p4,192,2048,1643,1268798,124233,2106217,70671,6781949,0,7006499,10149,11134095,1032374,10002765,223609,8,2048,0,2048,8,4,4
chunked_256_p4,193,2048,1452,567354,65493,2300100,63327,6997841,0,7275212,10990,10544870,936765,9521743,266800,8,2048,0,2048,8,4,4
chunked_256_p4,194,2048,2325,444092,92223,2261138,69311,7239407,0,7462354,9938,11100612,965900,10036327,249157,8,2048,0,2048,8,4,4
chunked_256_p4,195,2048,2345,461364,67226,2171569,74027,7328393,0,7603279,12945,10998341,1043255,9841352,191599,8,2048,0,2048,8,4,4
chunked_256_p4,196,2048,1873,868738,70802,2179053,77234,7061013,0,7338372,9909,10945331,972151,9892147,270678,8,2048,0,2048,8,4,4
chunked_256_p4,197,2048,1633,1644371,131486,2206936,66325,6976828,0,7405457,10930,10348973,925575,9349470,214072,8,2048,0,2048,8,4,4
chunked_256_p4,198,2048,3336,1421063,213991,2534118,74629,7653814,0,7958122,9748,10290975,960400,9263149,208360,8,2048,0,2048,8,4,4
chunked_256_p4,199,2048,2214,658184,69340,2292606,77237,7713846,0,7965088,12714,10951282,975558,9902897,177753,8,2048,0,2048,8,4,4
chunked_256_p4,200,2048,1493,2954697,65292,2343621,67157,7713216,0,7949897,11201,11126440,990176,10027290,247995,8,2048,0,2048,8,4,4
chunked_256_p4,201,2048,1954,1241907,226815,4301210,80431,8433374,0,13218570,15109,12020216,1491245,10428673,253435,8,2048,0,2048,8,4,4
chunked_256_p4,202,2048,1643,1152220,74459,2160869,75060,7246489,0,7574684,10219,10482183,903664,9497317,266680,8,2048,0,2048,8,4,4
chunked_256_p4,203,2048,1453,710802,69269,2192949,70643,7447218,0,7717913,9257,10645509,983974,9579772,195176,8,2048,0,2048,8,4,4
chunked_256_p4,204,2048,2545,389189,107681,2221483,71022,7198117,0,7443870,12072,10164758,891030,9194480,239398,8,2048,0,2048,8,4,4
chunked_256_p4,205,2048,1653,1107726,139962,2226122,62097,7046323,0,7370251,9849,11262876,933810,10227265,227887,8,2048,0,2048,8,4,4
chunked_256_p4,206,2048,1583,1651134,74279,2156912,67387,7119963,0,7335717,8506,11310555,989884,10245419,248025,8,2048,0,2048,8,4,4
chunked_256_p4,207,2048,1603,545512,70933,2808493,81224,9072131,0,9376211,7965,6612592,910546,5622677,275476,8,2048,0,2048,8,4,4
chunked_256_p4,208,2048,2625,1026133,137197,3056878,86070,9289909,0,9522523,8967,6985921,1157429,5770413,259586,8,2048,0,2048,8,4,4
chunked_256_p4,209,2048,2063,1769505,85610,2843589,87283,9212153,0,9478343,8836,8919475,978785,7880798,219080,8,2048,0,2048,8,4,4
chunked_256_p4,210,2048,1633,1550756,69180,2720719,82165,9695110,0,10023993,7814,7653923,1017897,6520559,256180,8,2048,0,2048,8,4,4
chunked_256_p4,211,2048,1503,2536594,71454,2868355,74380,9566916,0,9780568,9448,7353480,935273,6362623,209443,8,2048,0,2048,8,4,4
chunked_256_p4,212,2048,2204,1952178,66284,2577199,67127,8795121,0,9007910,7515,7860220,974376,6829297,243727,8,2048,0,2048,8,4,4
chunked_256_p4,213,2048,1774,1418959,71003,2437968,66796,8586540,0,8838754,11272,8456017,972994,7410767,192120,8,2048,0,2048,8,4,4
chunked_256_p4,214,2048,1804,3011072,68459,3228170,94929,10254216,0,10507191,10670,7493232,958286,6467470,246782,8,2048,0,2048,8,4,4
chunked_256_p4,215,2048,1773,1585431,69971,2551762,72987,8688601,0,8880451,10640,8395272,1073542,7241209,228448,8,2048,0,2048,8,4,4
chunked_256_p4,216,2048,1633,1398140,69180,2698247,74119,9168161,0,9395207,7464,8055776,980077,6988907,254427,8,2048,0,2048,8,4,4
chunked_256_p4,217,2048,2655,1093108,76804,2666397,86984,8899846,0,9119420,11792,8751169,1113597,7573272,246712,8,2048,0,2048,8,4,4
chunked_256_p4,218,2048,1863,1028197,66425,2794296,78448,9413142,0,9828139,8647,7842497,1063252,6696329,252223,8,2048,0,2048,8,4,4
chunked_256_p4,219,2048,1913,1456009,90700,2679111,67647,9215321,0,9438578,11722,8293962,956582,7260236,226314,8,2048,0,2048,8,4,4
chunked_256_p4,220,2048,1553,1360389,68419,2631782,80750,9447624,0,9700808,9388,9289458,1026864,8147118,268383,8,2048,0,2048,8,4,4
chunked_256_p4,221,2048,1834,1248940,67797,2867153,88317,9851719,0,10124404,10690,8980840,997970,7865069,244037,8,2048,0,2048,8,4,4
chunked_256_p4,222,2048,1442,601618,72667,2941673,68978,9821282,0,10038391,10409,8405532,949810,7384639,268182,8,2048,0,2048,8,4,4
chunked_256_p4,223,2048,1863,716863,69119,2930001,78096,9990572,0,10195955,9127,8641533,971460,7600243,253545,8,2048,0,2048,8,4,4
chunked_256_p4,224,2048,1923,1294216,65243,2870539,68608,9881878,0,10093425,10068,55353889,972993,54274357,238787,8,2048,0,2048,8,4,4
chunked_256_p4,225,2048,1503,1110150,69901,4547702,78708,15963978,0,16174932,11071,8341622,1067781,7208278,246672,8,2048,0,2048,8,4,4
chunked_256_p4,226,2048,1764,1061329,68688,4196293,96461,14673498,0,14919059,11662,9033428,948067,8000493,236022,8,2048,0,2048,8,4,4
chunked_256_p4,227,2048,2004,1057241,178985,4970755,70293,15855975,0,16051499,10640,8143120,968525,7107599,221816,8,2048,0,2048,8,4,4
chunked_256_p4,228,2048,2605,816591,130704,4580223,66816,16444234,0,16658358,9508,8693612,1122113,7497039,247263,8,2048,0,2048,8,4,4
chunked_256_p4,229,2048,1332,808505,133871,4120943,76904,13893864,0,14129186,11121,9142473,956603,8100139,236723,8,2048,0,2048,8,4,4
chunked_256_p4,230,2048,1943,1017377,67426,4331186,80140,14699547,0,14998727,10079,9382432,1081677,8223550,179265,8,2048,0,2048,8,4,4
chunked_256_p4,231,2048,1683,673012,67246,4289178,84888,15588282,0,15829664,10920,9238833,966120,8182323,116759,8,2048,0,2048,8,4,4
chunked_256_p4,232,2048,1583,570789,145162,4302723,77206,15177242,0,15421219,10369,9001518,1153672,7772344,265788,8,2048,0,2048,8,4,4
chunked_256_p4,233,2048,1653,650379,70032,3969108,71685,14425353,0,14690618,11151,8493466,991428,7430785,290445,8,2048,0,2048,8,4,4
chunked_256_p4,234,2048,1643,1257867,66806,3953509,73711,14492959,0,14704215,9287,9015294,1122314,7806999,240100,8,2048,0,2048,8,4,4
chunked_256_p4,235,2048,1933,1608604,71163,4105153,76904,14292715,0,14513686,10169,8714149,1170363,7460441,257542,8,2048,0,2048,8,4,4
chunked_256_p4,236,2048,1943,1036302,69981,4871539,72716,16593514,0,17455751,22352,9994269,1366320,8541697,233438,8,2048,0,2048,8,4,4
chunked_256_p4,237,2048,1593,1033827,68348,3724359,71933,13677931,0,13900506,10389,8917551,965059,7820946,274594,8,2048,0,2048,8,4,4
chunked_256_p4,238,2048,1533,2493452,64130,4386229,68891,14990752,0,15202440,8265,9247519,1162829,8011524,250169,8,2048,0,2048,8,4,4
chunked_256_p4,239,2048,1703,2539639,70332,4216742,72255,14576114,0,14809231,10801,9012909,978153,7955868,248656,8,2048,0,2048,8,4,4
chunked_256_p4,240,2048,1353,2098963,67297,4621200,87885,16359746,0,16623482,9729,9035963,1040570,7908470,242214,8,2048,0,2048,8,4,4
chunked_256_p4,241,2048,2154,1587505,71684,4244023,81813,14793102,0,15343453,7865,9334402,966641,8233589,250450,8,2048,0,2048,8,4,4
chunked_256_p4,242,2048,1563,1041963,79689,4475868,87044,14920119,0,15187903,10049,9040822,990206,7976488,179086,8,2048,0,2048,8,4,4
chunked_256_p4,243,2048,1794,778679,70642,4227231,77047,14455681,0,14696544,8897,8686698,1006847,7606975,113382,8,2048,0,2048,8,4,4
chunked_256_p4,244,2048,1813,950872,65453,4099282,69710,14705287,0,14948673,9769,8866315,972382,7816137,183955,8,2048,0,2048,8,4,4
chunked_256_p4,245,2048,2655,843611,80470,4327199,75200,15218781,0,15444582,11051,9458615,1175684,8186060,256191,8,2048,0,2048,8,4,4
chunked_256_p4,246,2048,1763,1618203,88947,3882065,74590,13982916,0,14234144,8996,9102758,932658,8087906,254837,8,2048,0,2048,8,4,4
chunked_256_p4,247,2048,1413,724988,64381,3796314,77204,13481453,0,13737542,9377,9946539,1066279,8792697,241433,8,2048,0,2048,8,4,4
chunked_256_p4,248,2048,1833,392676,69080,4285841,75683,14890114,0,15104724,9899,9262788,949790,8234851,261189,8,2048,0,2048,8,4,4
chunked_256_p4,249,2048,2465,571411,67847,3981481,81363,14119800,0,14429261,9218,9577908,957224,8530065,236834,8,2048,0,2048,8,4,4
chunked_256_p4,250,2048,1513,649357,81272,4067853,65053,14337115,0,14550248,9407,9003492,965279,7965226,219090,8,2048,0,2048,8,4,4
chunked_256_p4,251,2048,1884,601567,73739,3981161,72475,14496738,0,14806036,9969,9710938,983603,8600917,242935,8,2048,0,2048,8,4,4
chunked_256_p4,252,2048,1733,1207894,152866,4121413,72594,14339641,0,14606622,9878,9309435,943609,8273664,250650,8,2048,0,2048,8,4,4
chunked_256_p4,253,2048,1633,1311919,107862,4111033,71375,14649944,0,15014539,11121,10320951,1184550,9045871,245800,8,2048,0,2048,8,4,4
chunked_256_p4,254,2048,1603,1457101,65062,4340905,78127,15035616,0,15299491,9899,9903639,984044,8802044,246873,8,2048,0,2048,8,4,4
chunked_256_p4,255,2048,1633,427812,69881,4433308,102520,15307336,0,15577910,10009,9550668,959358,8514265,256921,8,2048,0,2048,8,4,4
chunked_256_p4,256,2048,2074,1747625,69761,4100615,79046,14836532,0,15129562,9628,9742617,977331,8683032,242124,8,2048,0,2048,8,4,4
chunked_256_p4,257,2048,2455,1439287,68138,4346675,86621,15448321,0,15682518,11140,9133936,1171645,7879966,244378,8,2048,0,2048,8,4,4
chunked_256_p4,258,2048,1753,2153926,76693,4212303,81242,14390154,0,14677776,10320,9936641,938268,8914355,262382,8,2048,0,2048,8,4,4
chunked_256_p4,259,2048,1744,1628481,73046,4267147,80120,15504465,0,15819938,16341,9862401,1164963,8575039,246502,8,2048,0,2048,8,4,4
chunked_256_p4,260,2048,1482,1509920,66204,4080246,84178,14794444,0,15013296,10690,9896907,1056610,8748825,251411,8,2048,0,2048,8,4,4
chunked_256_p4,261,2048,1613,1068933,65894,4159886,75663,14759219,0,14954945,8776,9405375,989334,8342083,211917,8,2048,0,2048,8,4,4
chunked_256_p4,262,2048,1684,1660842,101921,4107296,71503,14588036,0,14876367,10610,10051647,1079393,8854903,235551,8,2048,0,2048,8,4,4
chunked_256_p4,263,2048,1493,1292853,67848,4233303,95219,14653659,0,14886887,8696,10281577,1165664,9020364,275797,8,2048,0,2048,8,4,4
chunked_256_p4,264,2048,2184,1597644,78998,4253861,83937,15230142,0,15520003,11481,9843415,981950,8742543,201257,8,2048,0,2048,8,4,4
chunked_256_p4,265,2048,1563,1935277,65864,4441733,73637,15434293,0,15657509,10811,9404032,998090,8300144,173816,8,2048,0,2048,8,4,4
chunked_256_p4,266,2048,1463,2190775,67055,4453225,75802,15224190,0,15461724,9277,9449628,928991,8425209,226053,8,2048,0,2048,8,4,4
chunked_256_p4,267,2048,1723,1888990,73848,4584371,76775,16171004,0,16516721,8766,9872340,1104189,8677581,235521,8,2048,0,2048,8,4,4
chunked_256_p4,268,2048,2084,1944042,70882,4138795,80962,15243595,0,15558997,9618,10205654,945351,9197005,249278,8,2048,0,2048,8,4,4
chunked_256_p4,269,2048,2705,1349840,98905,4254082,70583,15058568,0,15317935,8506,10113793,966211,9062242,251341,8,2048,0,2048,8,4,4
chunked_256_p4,270,2048,1623,2867894,68839,4911163,80732,16948000,0,17230588,9518,11554493,1937722,9520440,264746,8,2048,0,2048,8,4,4
chunked_256_p4,271,2048,1703,1980682,71093,4188539,72546,15365072,0,15713818,11161,10273412,980628,9179792,256741,8,2048,0,2048,8,4,4
chunked_256_p4,272,2048,1773,1928995,73297,4837014,69901,15984783,0,16211749,8987,9953412,958837,8921679,235180,8,2048,0,2048,8,4,4
chunked_256_p4,273,2048,1573,2022490,72185,4222342,76223,15123752,0,15348563,11982,10154769,944149,9078082,267101,8,2048,0,2048,8,4,4
chunked_256_p4,274,2048,1954,2840653,72536,4424802,71012,15676396,0,15893093,10099,9982116,958176,8940223,242976,8,2048,0,2048,8,4,4
chunked_256_p4,275,2048,1422,2066011,75061,4616562,79750,16521670,0,16753817,11281,9520270,990847,8429526,305463,8,2048,0,2048,8,4,4
chunked_256_p4,276,2048,1913,2006851,72796,4980122,85823,16076767,0,16318480,11692,9300138,1027125,8187463,273582,8,2048,0,2048,8,4,4
chunked_256_p4,277,2048,2345,2542605,131887,4826134,89507,17366632,0,17631249,10710,15670465,932618,14642760,239418,8,2048,0,2048,8,4,4
chunked_256_p4,278,2048,1453,1852261,81923,4908920,70804,16994307,0,17235939,10569,9793562,989234,8698841,228258,8,2048,0,2048,8,4,4
chunked_256_p4,279,2048,1292,2665706,73889,4579442,70422,15959508,0,16203416,9728,9523466,1037684,8402345,232826,8,2048,0,2048,8,4,4
chunked_256_p4,280,2048,1583,2069418,114755,4602435,106238,16372542,0,16676079,9338,10204352,1002518,9005015,324317,8,2048,0,2048,8,4,4
chunked_256_p4,281,2048,3046,2582589,86883,4852704,93478,16466590,0,16791377,10510,9643972,1032605,8505288,275807,8,2048,0,2048,8,4,4
chunked_256_p4,282,2048,1543,1287923,99306,4949245,84027,17047267,0,17333123,10560,9170285,987511,8114266,253826,8,2048,0,2048,8,4,4
chunked_256_p4,283,2048,1643,823093,67547,4478692,91050,16471327,0,16744849,13084,9684728,1032936,8548179,265568,8,2048,0,2048,8,4,4
chunked_256_p4,284,2048,2184,833341,71464,4343469,100570,15933719,0,16194148,8607,10223878,973435,9118958,254677,8,2048,0,2048,8,4,4
chunked_256_p4,285,2048,2043,1623101,70292,3900439,79469,13781147,0,14000426,8757,10288550,1053714,9138726,196759,8,2048,0,2048,8,4,4
chunked_256_p4,286,2048,3727,1656464,71594,5539841,81743,16099930,0,16373282,14297,10375192,1071278,9222202,255899,8,2048,0,2048,8,4,4
chunked_256_p4,287,2048,1813,1866187,66775,4814662,76785,16637970,0,16862949,9759,10623518,993882,9513117,252022,8,2048,0,2048,8,4,4
chunked_256_p4,288,2048,1623,2838079,67456,4259371,88647,15156233,0,15402505,12343,14320315,992510,13143671,312665,8,2048,0,2048,8,4,4
chunked_256_p4,289,2048,3918,2023421,77725,6108477,79759,18746209,0,22017590,18505,11864103,1226628,10508723,250259,8,2048,0,2048,8,4,4
chunked_256_p4,290,2048,1933,2913801,65392,4836143,72546,17923257,0,18308006,8306,10289732,978975,9188579,251441,8,2048,0,2048,8,4,4
chunked_256_p4,291,2048,1843,1908106,65813,4623364,69802,16280508,0,16488749,9678,10525744,1046591,9380128,249197,8,2048,0,2048,8,4,4
chunked_256_p4,292,2048,1653,2358820,67827,4555015,84286,16729198,0,16979178,10750,10631222,1005584,9555015,263604,8,2048,0,2048,8,4,4
chunked_256_p4,293,2048,2265,2001270,69480,4455880,81464,16219224,0,16657425,9698,10110136,1038105,8977002,336871,8,2048,0,2048,8,4,4
chunked_256_p4,294,2048,2695,2728884,68358,4853034,80203,16355971,0,16580140,12393,11072719,1040910,9936590,265287,8,2048,0,2048,8,4,4
chunked_256_p4,295,2048,1353,2225570,64811,4562309,77465,16484750,0,16775638,10440,10614291,955781,9549645,241152,8,2048,0,2048,8,4,4
chunked_256_p4,296,2048,1272,2269273,66404,4649252,77416,16706497,0,16920597,12223,11325794,977371,10221725,246492,8,2048,0,2048,8,4,4
chunked_256_p4,297,2048,1643,2027861,68549,4873162,74580,16910670,0,17132303,9778,10195816,1102476,9016827,244288,8,2048,0,2048,8,4,4
chunked_256_p4,298,2048,1964,2628576,72546,4593297,81753,16534906,0,16785814,6381,10059260,939460,9053084,247614,8,2048,0,2048,8,4,4
chunked_256_p4,299,2048,1533,2005167,69029,4146029,73227,15089747,0,15370285,9428,10663263,965269,9592726,269254,8,2048,0,2048,8,4,4
chunked_256_p4,300,2048,3196,1794814,74780,4903809,77554,16428546,0,16647336,11091,9992686,973674,8935625,239519,8,2048,0,2048,8,4,4
chunked_256_p4,301,2048,1613,1353777,70723,4450780,68339,15907019,0,16152639,11000,13637255,968635,12537665,245280,8,2048,0,2048,8,4,4
chunked_256_p4,302,2048,1573,953176,69531,4822948,93203,16629411,0,16885041,12404,10435746,982782,9369007,241783,8,2048,0,2048,8,4,4
chunked_256_p4,303,2048,1884,1538984,93996,5067777,92944,18183064,0,18449964,12644,10456916,979806,9380128,249477,8,2048,0,2048,8,4,4
chunked_256_p4,304,2048,1813,1631998,69109,4357475,81913,15003768,0,15214649,11010,10196036,976860,9099763,270917,8,2048,0,2048,8,4,4
chunked_256_p4,305,2048,2535,748232,75461,4370681,82355,15265097,0,15518682,10650,11230175,947977,10170999,233698,8,2048,0,2048,8,4,4
chunked_256_p4,306,2048,2264,1428287,83947,4684117,77027,17316310,0,17520511,7585,10767538,993903,9668648,276227,8,2048,0,2048,8,4,4
chunked_256_p4,307,2048,1573,1419791,87754,4466290,76693,16145376,0,16405234,10399,10361507,1003971,9249893,260147,8,2048,0,2048,8,4,4
chunked_256_p4,308,2048,1924,1177146,65933,4564553,73166,15648083,0,15919560,11130,10805629,1051310,9649843,113763,8,2048,0,2048,8,4,4
chunked_256_p4,309,2048,1503,769051,72266,4429611,80682,16068303,0,16382961,11351,10668021,981399,9589901,245360,8,2048,0,2048,8,4,4
chunked_256_p4,310,2048,1623,860713,85019,4547172,85852,16177775,0,16457712,8907,10480069,995165,9391850,251532,8,2048,0,2048,8,4,4
chunked_256_p4,311,2048,1603,1164602,67617,4198047,73947,15037068,0,15439803,10309,11706417,1189839,10314800,350657,8,2048,0,2048,8,4,4
chunked_256_p4,312,2048,1824,887563,71724,4840080,75972,16625366,0,16919566,8466,10711232,956051,9622311,247354,8,2048,0,2048,8,4,4
chunked_256_p4,313,2048,1523,916588,71454,4145979,79269,15056215,0,15299000,11882,11569591,990015,10455513,220673,8,2048,0,2048,8,4,4
chunked_256_p4,314,2048,1472,1036181,72997,4194951,73317,14543122,0,14805675,9638,10564026,960250,9478783,248546,8,2048,0,2048,8,4,4
chunked_256_p4,315,2048,1923,1402528,92423,5249998,88927,17686041,0,17952372,11431,10374842,979826,9303374,247724,8,2048,0,2048,8,4,4
chunked_256_p4,316,2048,1963,824115,71664,4703123,90100,16834478,0,17199330,10830,10933168,997359,9835210,282029,8,2048,0,2048,8,4,4
chunked_256_p4,317,2048,2856,856715,73988,4856852,88547,16710083,0,16983647,10890,10837659,1012698,9706669,234840,8,2048,0,2048,8,4,4
chunked_256_p4,318,2048,2214,1589378,71504,4614638,75411,15685664,0,15915256,10089,10982190,965309,9915471,243777,8,2048,0,2048,8,4,4
chunked_256_p4,319,2048,1784,1282733,69420,4479704,78198,15619840,0,15851287,10209,11110951,1081045,9935770,247534,8,2048,0,2048,8,4,4
chunked_256_p4,320,2048,2145,2390139,69079,4929287,74721,16803529,0,17071562,13285,10642163,1030221,9505813,245099,8,2048,0,2048,8,4,4
chunked_256_p4,321,2048,1452,1003992,66505,4992847,82274,16900711,0,17178752,10950,10581830,962294,9516343,257332,8,2048,0,2048,8,4,4
chunked_256_p4,322,2048,2074,2319397,71664,4892929,73228,17777113,0,18012694,9938,10264164,968755,9198868,240971,8,2048,0,2048,8,4,4
chunked_256_p4,323,2048,1703,1188718,66274,4463414,78938,16115700,0,16483741,8276,10878015,965529,9820352,257623,8,2048,0,2048,8,4,4
chunked_256_p4,324,2048,1613,1242769,65272,4376982,82676,15673431,0,15957884,10109,10560720,988322,9491777,196068,8,2048,0,2048,8,4,4
chunked_256_p4,325,2048,1313,2815977,65663,4359680,93406,14981483,0,15214082,8917,10784019,970950,9735544,238948,8,2048,0,2048,8,4,4
chunked_256_p4,326,2048,1794,1309534,72696,4436374,67096,15572600,0,15825175,12563,10561331,987200,9496295,258665,8,2048,0,2048,8,4,4
chunked_256_p4,327,2048,1663,783007,132588,4751194,94856,16715956,0,16984197,10690,14312330,1031433,13173476,240791,8,2048,0,2048,8,4,4
chunked_256_p4,328,2048,1844,1107936,70101,4327509,79999,15531487,0,15801750,9548,11335411,1029960,10190787,245550,8,2048,0,2048,8,4,4
chunked_256_p4,329,2048,1443,1085274,68077,4371943,71542,15725768,0,15985715,9337,10808314,975177,9749941,191438,8,2048,0,2048,8,4,4
chunked_256_p4,330,2048,1603,1541739,66454,4453616,73909,15878695,0,16093038,8135,10805769,1041331,9672967,241793,8,2048,0,2048,8,4,4
chunked_256_p4,331,2048,1703,1198656,70091,4743449,84648,17214649,0,17520843,10510,11245053,1177056,9981014,139120,8,2048,0,2048,8,4,4
chunked_256_p4,332,2048,1403,1601882,97894,4466480,76902,15783876,0,16003208,9999,10999863,1077069,9822897,180939,8,2048,0,2048,8,4,4
chunked_256_p4,333,2048,1422,1500482,65643,4175425,71966,15445473,0,15700962,9788,11203424,1004382,10098013,265738,8,2048,0,2048,8,4,4
chunked_256_p4,334,2048,1573,1461369,65312,4202705,69010,14861540,0,15075511,10230,10869910,974106,9811907,140453,8,2048,0,2048,8,4,4
chunked_256_p4,335,2048,1523,2736267,67326,4399384,78107,15660086,0,15943557,11702,10743022,1002298,9642991,250670,8,2048,0,2048,8,4,4
chunked_256_p4,336,2048,1473,2763679,65463,4734412,77323,17546381,0,17756945,11161,10633336,1043656,9463293,256050,8,2048,0,2048,8,4,4
chunked_256_p4,337,2048,1804,2888082,66194,4359089,75121,15747441,0,15965369,16761,16165393,1028046,15007633,249377,8,2048,0,2048,8,4,4
chunked_256_p4,338,2048,1383,2426086,67386,4237541,71355,15810951,0,16020112,10099,10958485,1003521,9834169,262222,8,2048,0,2048,8,4,4
chunked_256_p4,339,2048,1573,2728433,69330,4574362,69861,16500271,0,16905521,8166,11046821,962013,9983508,242545,8,2048,0,2048,8,4,4
chunked_256_p4,340,2048,1413,2936844,67196,4443046,79719,15945772,0,16204936,10239,10773138,1028547,9632461,274414,8,2048,0,2048,8,4,4
chunked_256_p4,341,2048,1363,2783987,66134,4604007,78857,16171084,0,16425421,7644,6484030,960931,5457868,258895,8,2048,0,2048,8,4,4
chunked_256_p4,342,2048,1984,3283633,68879,5007233,73368,17916497,0,18170941,10079,7247722,1121181,6007458,233678,8,2048,0,2048,8,4,4
chunked_256_p4,343,2048,2114,2728673,66905,5808666,83967,19677743,0,19907286,10008,6876085,968635,5807533,239980,8,2048,0,2048,8,4,4
chunked_256_p4,344,2048,1473,2553435,71043,4986334,76282,17837514,0,18105849,10951,6983096,1018629,5889717,290745,8,2048,0,2048,8,4,4
chunked_256_p4,345,2048,2074,1883510,71324,4440111,65682,16283986,0,16474611,10269,7242051,965940,6207743,244679,8,2048,0,2048,8,4,4
chunked_256_p4,346,2048,2455,2928358,119654,5150572,67154,18448579,0,18648455,11261,7329806,978093,6280950,262361,8,2048,0,2048,8,4,4
chunked_256_p4,347,2048,2385,2752508,67857,4644022,72937,17383055,0,17597508,10751,7977560,1037704,6860706,237365,8,2048,0,2048,8,4,4
chunked_256_p4,348,2048,2234,2775702,70873,4988408,69410,18306017,0,18540242,11502,7498803,1055869,6373814,236984,8,2048,0,2048,8,4,4
chunked_256_p4,349,2048,1362,3130917,70312,4957761,76354,18019756,0,18231637,13004,7968032,1103077,6794623,241472,8,2048,0,2048,8,4,4
chunked_256_p4,350,2048,2073,2813873,69992,4873814,65864,18034857,0,18233769,10068,7794326,976740,6751642,246342,8,2048,0,2048,8,4,4
chunked_256_p4,351,2048,1974,2321149,71423,5107561,65473,18142017,0,18381484,11451,7557532,1002499,6472730,237305,8,2048,0,2048,8,4,4
chunked_256_p4,352,2048,2083,2947232,70061,5303699,76835,18732032,0,18984167,11171,18060584,975327,17013813,253355,8,2048,0,2048,8,4,4
chunked_256_p4,353,2048,2194,2988771,67487,5491611,78436,18746330,0,18966592,9057,8154341,1006937,7084826,259356,8,2048,0,2048,8,4,4
chunked_256_p4,354,2048,1793,3013287,71725,5227426,73347,18757780,0,18966864,11622,8055336,1071217,6885383,269324,8,2048,0,2048,8,4,4
chunked_256_p4,355,2048,1803,2642973,116478,6039799,81353,19676602,0,19906322,9948,41877205,975919,40795408,269235,8,2048,0,2048,8,4,4
chunked_256_p4,356,2048,1673,2954837,79338,6447583,75381,23935090,0,24160665,7925,8657544,1008309,7589593,242134,8,2048,0,2048,8,4,4
chunked_256_p4,357,2048,1944,2882401,98424,7189022,76725,26622311,0,26895723,9258,7853938,983824,6798079,256251,8,2048,0,2048,8,4,4
chunked_256_p4,358,2048,1733,3129335,70392,7544838,61909,27681615,0,27905655,10480,7931973,1018759,6827023,243025,8,2048,0,2048,8,4,4
chunked_256_p4,359,2048,1583,2897140,73968,6715624,74039,25397385,0,25606847,9688,8753794,974817,7712072,241973,8,2048,0,2048,8,4,4
chunked_256_p4,360,2048,1403,2931854,78828,7461623,68668,27578719,0,27809633,11892,8367400,1078642,7225049,268883,8,2048,0,2048,8,4,4
chunked_256_p4,361,2048,1733,2975787,73147,7356616,67217,26488858,0,26742116,10820,8546446,1002238,7478414,237945,8,2048,0,2048,8,4,4
chunked_256_p4,362,2048,2615,2712102,73457,7152934,72707,26904957,0,27108418,10209,8335480,987671,7241310,276789,8,2048,0,2048,8,4,4
chunked_256_p4,363,2048,2896,2857424,112220,7171759,70963,26573968,0,26789301,11251,8476134,991608,7416888,270207,8,2048,0,2048,8,4,4
chunked_256_p4,364,2048,1814,2567271,91712,7546151,72444,27151029,0,27382269,13505,8797666,1137051,7595123,236563,8,2048,0,2048,8,4,4
chunked_256_p4,365,2048,1573,2657770,76433,7099694,93815,26385617,0,26673322,10039,8491443,969827,7430023,248185,8,2048,0,2048,8,4,4
chunked_256_p4,366,2048,1483,2096529,78036,7219900,70551,26725220,0,26975780,9958,8538901,925625,7519511,264005,8,2048,0,2048,8,4,4
chunked_256_p4,367,2048,1914,1521140,66846,7341939,69599,26652885,0,26867740,11461,8329629,973234,7287627,255499,8,2048,0,2048,8,4,4
chunked_256_p4,368,2048,1503,1538042,65613,7500405,73809,27446345,0,27673870,10270,8479731,978153,7402362,234900,8,2048,0,2048,8,4,4
chunked_256_p4,369,2048,1724,2576548,117050,8086805,74609,28542677,0,28792545,11091,8446428,1010313,7364230,248696,8,2048,0,2048,8,4,4
chunked_256_p4,370,2048,1483,2452586,69570,7895696,84478,28054335,0,28295203,13806,9112977,950271,8068800,236654,8,2048,0,2048,8,4,4
chunked_256_p4,371,2048,1532,1079984,65042,7994602,82485,28313116,0,28538018,9928,8947978,1047944,7812450,239539,8,2048,0,2048,8,4,4
chunked_256_p4,372,2048,1733,1815352,67757,7472473,82625,27117628,0,27374168,11823,8379343,975097,7323154,220754,8,2048,0,2048,8,4,4
chunked_256_p4,373,2048,1512,2832568,66855,7380771,76874,26930155,0,27157561,10390,8483448,968826,7409154,234640,8,2048,0,2048,8,4,4
chunked_256_p4,374,2048,2404,2831085,66905,7375902,74210,26617071,0,26843975,9768,9743559,997169,8601549,238086,8,2048,0,2048,8,4,4
chunked_256_p4,375,2048,1422,2822560,66003,7083995,64101,26483430,0,26763645,13154,9105853,1052632,7972940,250218,8,2048,0,2048,8,4,4
chunked_256_p4,376,2048,1593,3198805,66455,7813632,72667,28234428,0,28491483,7474,8500410,989274,7426657,264666,8,2048,0,2048,8,4,4
chunked_256_p4,377,2048,1463,2857424,66645,7617665,73167,27633986,0,27856482,9678,8790914,974947,7708615,237304,8,2048,0,2048,8,4,4
chunked_256_p4,378,2048,1282,2864047,64982,7224628,74571,27104854,0,27366202,9428,8838413,1020733,7713044,253004,8,2048,0,2048,8,4,4
chunked_256_p4,379,2048,1623,2713425,66164,7558794,71062,27440712,0,27652019,10200,9373346,976780,8294924,242023,8,2048,0,2048,8,4,4
chunked_256_p4,380,2048,1884,2577831,68178,8254569,74659,27952862,0,28180608,8456,9710808,970820,8664737,250379,8,2048,0,2048,8,4,4
chunked_256_p4,381,2048,1884,1815813,67437,7443469,83266,27182439,0,27453175,8796,8961483,963135,7924300,258445,8,2048,0,2048,8,4,4
chunked_256_p4,382,2048,1733,1493139,72556,7625250,78246,27019232,0,27285800,9708,9792611,957064,8767399,242584,8,2048,0,2048,8,4,4
chunked_256_p4,383,2048,1924,2921024,66836,7501558,67056,27888343,0,28111810,11942,9177298,1091004,7991035,263303,8,2048,0,2048,8,4,4
chunked_256_p4,384,2048,1853,2350024,73558,6972456,73478,25998861,0,26224814,10239,8796875,977392,7729274,265688,8,2048,0,2048,8,4,4
chunked_256_p4,385,2048,2224,2699149,73067,8324730,65833,30657843,0,30885759,7674,9632190,973344,8576362,253615,8,2048,0,2048,8,4,4
chunked_256_p4,386,2048,1473,2951711,68508,7559987,77505,27245325,0,27474867,12092,9271965,1048525,8146246,239208,8,2048,0,2048,8,4,4
chunked_256_p4,387,2048,1593,1820672,68880,6920128,94205,25792242,0,26017484,8646,8810861,987370,7732120,254076,8,2048,0,2048,8,4,4
chunked_256_p4,388,2048,1924,2625880,80852,7303256,68939,26949891,0,27250936,9428,9599549,1048134,8445958,279975,8,2048,0,2048,8,4,4
chunked_256_p4,389,2048,1813,2625430,66725,7013132,74279,26596890,0,26834588,12854,10413494,1076407,9244915,252403,8,2048,0,2048,8,4,4
chunked_256_p4,390,2048,1523,2712783,68438,8479430,68690,30671368,0,30935371,15900,9351003,1055188,8211678,284794,8,2048,0,2048,8,4,4
chunked_256_p4,391,2048,1683,2190836,71013,7825565,77224,28304490,0,28556422,9327,9707692,995265,8615625,236513,8,2048,0,2048,8,4,4
chunked_256_p4,392,2048,2195,2954025,74841,7919130,68708,28128482,0,28333646,7113,9198227,985006,8141828,254737,8,2048,0,2048,8,4,4
chunked_256_p4,393,2048,1663,2725047,69851,8001294,89978,29487668,0,29775548,10981,9400055,976720,8299022,256341,8,2048,0,2048,8,4,4
chunked_256_p4,394,2048,3186,2981898,68288,7216132,71656,26969300,0,27189273,9217,11322968,1000715,10208029,281247,8,2048,0,2048,8,4,4
chunked_256_p4,395,2048,1473,2797462,68408,7577580,75191,28436319,0,28675385,10289,10591328,968585,9539587,240871,8,2048,0,2048,8,4,4
chunked_256_p4,396,2048,1453,2809525,67927,7524490,67167,27428600,0,27641419,9809,10145462,986358,9086508,248486,8,2048,0,2048,8,4,4
chunked_256_p4,397,2048,1252,2634497,121729,7658732,69709,27754199,0,27952580,10670,9574142,1078181,8413586,247584,8,2048,0,2048,8,4,4
chunked_256_p4,398,2048,1583,2691143,64191,7720758,75450,28471173,0,28797033,9699,10435055,973043,9380839,244679,8,2048,0,2048,8,4,4
chunked_256_p4,399,2048,1663,1712740,73668,7425646,83225,28086513,0,28466894,8976,9946699,974667,8862267,249408,8,2048,0,2048,8,4,4
chunked_256_p4,400,2048,1373,2589162,66675,7875499,72646,28287677,0,28573115,11772,9313874,984014,8257133,260869,8,2048,0,2048,8,4,4
chunked_256_p4,401,2048,1533,1427776,71194,7467895,71906,28331241,0,28559911,12444,9823158,981229,8752011,242714,8,2048,0,2048,8,4,4
chunked_256_p4,402,2048,1764,2416999,72716,7698436,77725,28173194,0,28396263,8857,10122019,974907,9062112,249678,8,2048,0,2048,8,4,4
chunked_256_p4,403,2048,1342,1583167,65423,7888202,74751,28940153,0,29163231,9117,9649683,926347,8626064,330940,8,2048,0,2048,8,4,4
chunked_256_p4,404,2048,1783,1550937,65442,8018035,78456,28154149,0,28387966,9317,10052007,961712,8971192,240741,8,2048,0,2048,8,4,4
chunked_256_p4,405,2048,2244,2909593,72657,7615752,82433,27118341,0,27429181,10560,10525124,964738,9461360,240210,8,2048,0,2048,8,4,4
chunked_256_p4,406,2048,1523,2368859,85590,7956610,81285,28861755,0,29101846,17553,9749340,1009482,8642145,235822,8,2048,0,2048,8,4,4
chunked_256_p4,407,2048,1252,3000673,83015,7949677,65942,28030396,0,28228527,8937,10005841,976139,8942769,250890,8,2048,0,2048,8,4,4
chunked_256_p4,408,2048,1343,1491394,73047,7466411,67747,28439525,0,28713847,9568,10646150,976991,9579822,240340,8,2048,0,2048,8,4,4
chunked_256_p4,409,2048,1363,1351393,81813,7624698,69809,27990952,0,28197610,10079,9772643,961792,8734708,189695,8,2048,0,2048,8,4,4
chunked_256_p4,410,2048,1553,2724476,133470,8086133,80544,29264630,0,29527896,10941,10188222,985637,9102789,250300,8,2048,0,2048,8,4,4
chunked_256_p4,411,2048,1553,2828901,78006,7870438,72695,29151116,0,29373222,10910,10225913,1088300,9061460,216085,8,2048,0,2048,8,4,4
chunked_256_p4,412,2048,1393,1938112,68728,7706271,71814,27544837,0,27802410,10960,11608053,1000344,10484417,251892,8,2048,0,2048,8,4,4
chunked_256_p4,413,2048,2245,1846300,66234,7746867,69009,28737753,0,29005092,8095,9972819,984445,8910488,257192,8,2048,0,2048,8,4,4
chunked_256_p4,414,2048,1673,1604577,87664,8092254,84046,28366248,0,28618087,10289,10266218,982341,9196954,245501,8,2048,0,2048,8,4,4
chunked_256_p4,415,2048,2224,1605709,67797,7876189,70744,28809577,0,29037405,8566,10462536,975117,9388394,243897,8,2048,0,2048,8,4,4
chunked_256_p4,416,2048,1563,2753630,73918,8805621,77056,31039326,0,31268284,8887,10699270,990927,9601693,299471,8,2048,0,2048,8,4,4
chunked_256_p4,417,2048,1583,2468045,71614,7719426,78087,29192333,0,29464354,10760,10787675,980798,9723972,260318,8,2048,0,2048,8,4,4
chunked_256_p4,418,2048,2124,2338091,69831,8543530,77335,29937611,0,30193591,9418,11699905,1033467,10541284,259857,8,2048,0,2048,8,4,4
chunked_256_p4,419,2048,1333,2319396,74129,7757247,90821,28792195,0,29048757,10860,10962153,980928,9873182,237264,8,2048,0,2048,8,4,4
chunked_256_p4,420,2048,1943,2500757,70542,7181087,108023,27148676,0,27407510,11201,11766560,970398,10677779,307035,8,2048,0,2048,8,4,4
chunked_256_p4,421,2048,2635,1820722,164007,8668704,80814,31936861,0,32192439,9728,10494807,1045089,9381330,235972,8,2048,0,2048,8,4,4
chunked_256_p4,422,2048,1392,2987829,66775,7993579,86923,29683023,0,29940015,11241,11604235,1017136,10475501,235622,8,2048,0,2048,8,4,4
chunked_256_p4,423,2048,1463,3152026,65994,8162907,63147,28753623,0,28966169,10880,10937536,1048625,9798642,248907,8,2048,0,2048,8,4,4
chunked_256_p4,424,2048,1452,3017665,67647,7913038,74871,29808229,0,30031257,11051,11302671,972673,10218469,251752,8,2048,0,2048,8,4,4
chunked_256_p4,425,2048,2194,2825254,71875,7692846,67045,28943276,0,29192257,11411,11657205,1004121,10541535,253415,8,2048,0,2048,8,4,4
chunked_256_p4,426,2048,1774,3008788,72606,8104908,71244,30991287,0,31251493,11321,11593385,1057252,10384339,295644,8,2048,0,2048,8,4,4
chunked_256_p4,427,2048,1573,2879025,66134,7222715,62515,27098460,0,27448566,11902,11501934,975187,10403145,241613,8,2048,0,2048,8,4,4
chunked_256_p4,428,2048,1563,2924901,69190,8121529,78117,30972480,0,31223823,9147,10759363,986358,9668198,249477,8,2048,0,2048,8,4,4
chunked_256_p4,429,2048,2174,3116060,80611,8072357,62067,28423385,0,28635471,12653,11090603,1055187,9900583,247514,8,2048,0,2048,8,4,4
chunked_256_p4,430,2048,1482,3292821,69040,8439125,73247,31256092,0,31504117,8365,10156372,972122,9100364,253355,8,2048,0,2048,8,4,4
chunked_256_p4,431,2048,1854,3248517,82725,7874787,75552,29156488,0,29381380,7685,11955524,996458,10850272,237736,8,2048,0,2048,8,4,4
chunked_256_p4,432,2048,1343,2976929,67296,7936002,69801,28712086,0,29000645,12563,10472334,983623,9409363,258033,8,2048,0,2048,8,4,4
chunked_256_p4,433,2048,1453,3215746,90640,8182413,84237,29722538,0,29960943,8366,11099179,993592,10001913,236303,8,2048,0,2048,8,4,4
chunked_256_p4,434,2048,2795,3074131,68879,8053401,64131,28311435,0,28536335,8957,11361050,1218934,10009547,283621,8,2048,0,2048,8,4,4
chunked_256_p4,435,2048,1372,3164470,69451,7866672,93077,29586374,0,29817957,13375,11633381,1001357,10515325,244037,8,2048,0,2048,8,4,4
chunked_256_p4,436,2048,1864,2941712,72355,7912988,69213,29422275,0,29835379,11592,10723645,1030371,9550888,254717,8,2048,0,2048,8,4,4
chunked_256_p4,437,2048,2084,2945610,101490,8607580,85882,31555983,0,31791937,8275,11773192,977452,10661519,357080,8,2048,0,2048,8,4,4
chunked_256_p4,438,2048,1693,2547033,74710,9656536,75502,30003223,0,30245747,12573,10669814,1188877,9372223,250669,8,2048,0,2048,8,4,4
chunked_256_p4,439,2048,1503,1783683,74019,8412304,83037,30640267,0,30910163,11341,10795039,1035971,9642139,253595,8,2048,0,2048,8,4,4
chunked_256_p4,440,2048,1934,1906132,70742,7731579,75242,27905633,0,28141958,10900,10873647,1040510,9730454,236012,8,2048,0,2048,8,4,4
chunked_256_p4,441,2048,1433,2526625,74290,7930772,82765,30149520,0,30474747,9718,11444406,986438,10292287,320952,8,2048,0,2048,8,4,4
chunked_256_p4,442,2048,2044,1544154,130184,8006925,64189,28219220,0,28450093,9117,10660066,961852,9588789,243356,8,2048,0,2048,8,4,4
chunked_256_p4,443,2048,1563,2538527,121798,7951140,66816,29550073,0,29776810,13135,10730388,956843,9688856,214903,8,2048,0,2048,8,4,4
chunked_256_p4,444,2048,2324,3282782,77606,7464618,81304,28002105,0,28268094,9287,10869078,991267,9758407,250009,8,2048,0,2048,8,4,4
chunked_256_p4,445,2048,2114,3933501,74410,8011413,85521,29151247,0,29418336,11511,11586001,1046621,10442829,243466,8,2048,0,2048,8,4,4
chunked_256_p4,446,2048,2575,2992017,106760,8163828,136977,30862283,0,31237289,9638,11341253,969867,10247313,247714,8,2048,0,2048,8,4,4
chunked_256_p4,447,2048,1673,2866532,66825,7944377,83869,28371636,0,28620724,11642,11448894,1034208,10322293,281448,8,2048,0,2048,8,4,4
chunked_256_p4,448,2048,1553,2915183,67858,7979624,87193,29735411,0,29960682,8866,11124987,934962,10079849,267762,8,2048,0,2048,8,4,4
chunked_256_p4,449,2048,2164,3021332,67837,8143771,72536,29027035,0,29267885,11301,10795760,1100383,9583889,254957,8,2048,0,2048,8,4,4
chunked_256_p4,450,2048,1442,2888813,75923,8804199,80952,32839318,0,33173464,9748,11627519,972753,10520424,243847,8,2048,0,2048,8,4,4
chunked_256_p4,451,2048,1973,2922287,65864,7204501,66857,27212415,0,27464578,8045,11071397,947275,10007794,247513,8,2048,0,2048,8,4,4
chunked_256_p4,452,2048,1453,2815346,71865,9204489,80541,33789880,0,34074353,12954,12869356,1314473,11443695,239619,8,2048,0,2048,8,4,4
chunked_256_p4,453,2048,1683,3016312,71194,8333016,71202,30818472,0,31081865,9428,11544624,1011445,10397956,242314,8,2048,0,2048,8,4,4
chunked_256_p4,454,2048,1773,2894293,65813,7796450,70602,29441440,0,29896885,10389,10704790,1014310,9547161,308108,8,2048,0,2048,8,4,4
chunked_256_p4,455,2048,1613,2360774,82906,8056307,77085,28967704,0,29241879,10700,10929201,977101,9840110,241813,8,2048,0,2048,8,4,4
chunked_256_p4,456,2048,2495,2925943,67016,8977874,73186,31743383,0,31983496,8526,10692497,1036002,9555676,254377,8,2048,0,2048,8,4,4
chunked_256_p4,457,2048,2435,3004791,68338,7777264,72998,28575147,0,28788930,9407,11707128,970469,10623538,246973,8,2048,0,2048,8,4,4
chunked_256_p4,458,2048,1542,2888182,68027,7309708,67576,27408930,0,27612505,9638,13245692,1006346,12129380,253104,8,2048,0,2048,8,4,4
chunked_256_p4,459,2048,1664,2847596,65874,7912037,67656,29606730,0,29844327,10499,11603774,1120179,10381755,245730,8,2048,0,2048,8,4,4
chunked_256_p4,460,2048,1793,3002447,66555,8042361,65183,30252130,0,30511467,8015,10584605,999503,9501395,334607,8,2048,0,2048,8,4,4
chunked_256_p4,461,2048,2515,2619850,67186,8217509,74140,30354443,0,30566209,10580,17688627,988482,16607943,247834,8,2048,0,2048,8,4,4
chunked_256_p4,462,2048,2144,2513420,76043,8759936,376345,30334717,0,30904214,9678,11402528,1006376,10299651,95790,8,2048,0,2048,8,4,4
chunked_256_p4,463,2048,1713,1620296,131637,8507994,78927,29917473,0,30171619,10630,10728795,982140,9652237,224822,8,2048,0,2048,8,4,4
chunked_256_p4,464,2048,1964,1907735,73478,7461964,88025,28117921,0,28405010,11191,11570262,990606,10480179,252483,8,2048,0,2048,8,4,4
chunked_256_p4,465,2048,1984,1626198,219301,7853447,76163,27965588,0,28182603,10410,11530648,963004,10480570,254487,8,2048,0,2048,8,4,4
chunked_256_p4,466,2048,1603,2435234,69700,7333022,75130,26907543,0,27149856,10811,11513877,983192,10380503,254707,8,2048,0,2048,8,4,4
chunked_256_p4,467,2048,1913,1668537,159469,8476655,75171,29782921,0,30002000,12494,11122824,936485,10066764,249047,8,2048,0,2048,8,4,4
chunked_256_p4,468,2048,1613,2040684,218229,7875939,65313,29239462,0,29459736,9407,11201250,992119,10089607,241072,8,2048,0,2048,8,4,4
chunked_256_p4,469,2048,1252,2502239,103383,7747398,72316,28278852,0,28518233,8857,11513866,983773,10426147,277691,8,2048,0,2048,8,4,4
chunked_256_p4,470,2048,1523,2891859,70943,7894574,68005,29128726,0,29369175,9067,11512073,976119,10431778,240501,8,2048,0,2048,8,4,4
chunked_256_p4,471,2048,2204,2608268,68879,8248717,66164,29226386,0,29461129,8867,11062040,982361,9976075,236153,8,2048,0,2048,8,4,4
chunked_256_p4,472,2048,1824,2899153,124474,8143501,72618,30020026,0,30269644,10369,11630094,991558,10541224,239389,8,2048,0,2048,8,4,4
chunked_256_p4,473,2048,1883,2960668,67396,7321860,75533,27028229,0,27251158,10781,10644918,967934,9569292,245740,8,2048,0,2048,8,4,4
chunked_256_p4,474,2048,1553,2839361,68107,7982188,73418,29136141,0,29361332,9197,11533964,1027736,10402423,256060,8,2048,0,2048,8,4,4
chunked_256_p4,475,2048,2976,3242156,68909,8358944,74619,31608754,0,31841818,9077,6417727,980778,5366156,248245,8,2048,0,2048,8,4,4
chunked_256_p4,476,2048,2224,2934019,66144,8994104,79507,32830715,0,33079798,9168,6856379,972082,5818644,247814,8,2048,0,2048,8,4,4
chunked_256_p4,477,2048,1412,3081485,105167,8550252,77595,31431241,0,31644550,8956,7437527,1029029,6312008,259106,8,2048,0,2048,8,4,4
chunked_256_p4,478,2048,1973,3095341,65743,8299693,76323,31389511,0,31808697,8756,7563744,958045,6547891,241984,8,2048,0,2048,8,4,4
chunked_256_p4,479,2048,2454,3091193,66495,9341175,93036,32983930,0,33257112,12324,7208458,983653,6148271,247454,8,2048,0,2048,8,4,4
chunked_256_p4,480,2048,1473,2762677,115116,9681352,101271,33867666,0,34197384,12553,8190068,1013799,7107680,253755,8,2048,0,2048,8,4,4
chunked_256_p4,481,2048,1303,3066336,68388,9216270,81223,33922249,0,34189309,9357,7263712,966000,6232049,272090,8,2048,0,2048,8,4,4
chunked_256_p4,482,2048,2134,2957502,67686,8948008,74232,32420245,0,32647762,10459,7365522,999713,6274198,254737,8,2048,0,2048,8,4,4
chunked_256_p4,483,2048,1383,2939508,81112,9591544,89227,34828085,0,35111136,11551,8313288,985086,7248283,256951,8,2048,0,2048,8,4,4
chunked_256_p4,484,2048,2244,2957522,67747,10225853,620573,34017769,0,34837194,15529,8593775,1507735,6879552,242334,8,2048,0,2048,8,4,4
chunked_256_p4,485,2048,1954,1575302,67657,9576215,97905,34688925,0,34952059,13335,8790833,1484643,7168593,238828,8,2048,0,2048,8,4,4
chunked_256_p4,486,2048,2695,2567361,71013,9512255,97591,33382386,0,33738122,11571,9008371,982882,7911906,247504,8,2048,0,2048,8,4,4
chunked_256_p4,487,2048,1873,2537936,69160,8348745,85279,31547609,0,31900220,12894,38075601,984846,36905308,300654,8,2048,0,2048,8,4,4
chunked_256_p4,488,2048,1513,3416272,108493,10831718,88456,39951337,0,40187850,11351,8201449,958596,7177260,253264,8,2048,0,2048,8,4,4
chunked_256_p4,489,2048,1352,2881861,152907,10470792,84436,38503303,0,38738313,10099,8861296,1573007,7165899,252403,8,2048,0,2048,8,4,4
chunked_256_p4,490,2048,1443,2477001,69460,10438721,79207,38948707,0,39212983,10079,9580964,1003711,8449203,248826,8,2048,0,2048,8,4,4
chunked_256_p4,491,2048,1443,2844781,87895,11560363,84327,39193346,0,39467309,10299,8489769,1028076,7387114,239940,8,2048,0,2048,8,4,4
chunked_256_p4,492,2048,1743,2860060,70652,12223346,81083,45000491,0,45262029,9448,8132841,993512,7062915,262411,8,2048,0,2048,8,4,4
chunked_256_p4,493,2048,2414,2708796,172443,10439894,69932,38475882,0,38719177,7525,8284215,998992,7211153,247113,8,2048,0,2048,8,4,4
chunked_256_p4,494,2048,1553,2966318,135774,10782415,91791,38757098,0,39009982,11552,8905529,1001968,7804215,256801,8,2048,0,2048,8,4,4
chunked_256_p4,495,2048,1233,4614187,67968,10675906,82574,40471070,0,40723413,8436,10789419,1515680,9175114,244128,8,2048,0,2048,8,4,4
chunked_256_p4,496,2048,1734,3330952,73087,10568364,78919,38705912,0,38944271,6933,9340484,1287022,7949867,261470,8,2048,0,2048,8,4,4
chunked_256_p4,497,2048,2315,3021392,69982,10268172,69432,38950372,0,39216010,7865,8681549,1219245,7372135,246562,8,2048,0,2048,8,4,4
chunked_256_p4,498,2048,2204,3021302,66856,10383729,68419,36341403,0,36556283,9518,8748284,985818,7650526,293400,8,2048,0,2048,8,4,4
chunked_256_p4,499,2048,2314,2559306,67967,10096580,88279,37946801,0,38193735,9699,8741470,987881,7646199,241262,8,2048,0,2048,8,4,4
chunked_256_p4,500,2048,1763,1796086,69630,10630701,84428,40830774,0,41089991,13515,17228145,1491495,15624149,239168,8,2048,0,2048,8,4,4
chunked_256_p4,501,2048,2725,2725597,72647,10744254,68578,38970289,0,39231168,10860,9135489,966211,8087786,236063,8,2048,0,2048,8,4,4
chunked_256_p4,502,2048,1973,3038363,71594,11789011,697197,39899148,0,40756528,10429,8622748,997069,7549146,247845,8,2048,0,2048,8,4,4
chunked_256_p4,503,2048,1904,4742377,66915,10020448,76696,38640822,0,38885592,12022,8749917,1009011,7656277,241552,8,2048,0,2048,8,4,4
chunked_256_p4,504,2048,2555,3222008,68288,10128020,82254,36038657,0,36308772,12403,8715483,973755,7661988,237986,8,2048,0,2048,8,4,4
chunked_256_p4,505,2048,1814,3081915,66344,11484962,85811,38669784,0,38892693,10980,8865263,986969,7787754,252703,8,2048,0,2048,8,4,4
chunked_256_p4,506,2048,2054,3100991,67366,10394709,75460,39230003,0,39459204,10119,9752726,978002,8695474,239669,8,2048,0,2048,8,4,4
chunked_256_p4,507,2048,1573,3591490,68268,13283983,984585,46545653,0,49208773,14407,9568581,992680,8457750,270377,8,2048,0,2048,8,4,4
chunked_256_p4,508,2048,2405,3069251,67506,11378433,85150,41456006,0,41693571,10450,9676884,1045048,8518423,286337,8,2048,0,2048,8,4,4
chunked_256_p4,509,2048,1483,4172819,90049,10055333,80601,36750487,0,37031826,11191,8978035,1004572,7896338,242615,8,2048,0,2048,8,4,4
chunked_256_p4,510,2048,1483,2930752,69220,10696996,72586,38899243,0,39625705,11010,8701977,963566,7666046,234379,8,2048,0,2048,8,4,4
chunked_256_p4,511,2048,1473,2905815,168406,12081580,81674,43463409,0,43789912,9558,8961043,985447,7900525,251431,8,2048,0,2048,8,4,4
chunked_256_p4,512,2048,1814,4972168,69290,11207782,62006,42589431,0,42816315,9458,9185382,967643,8105990,250038,8,2048,0,2048,8,4,4
chunked_256_p4,513,2048,1663,2912888,66314,10421429,82515,38171682,0,38413536,7634,9618484,975788,8553549,234639,8,2048,0,2048,8,4,4
chunked_256_p4,514,2048,1673,3704101,112200,11771389,71213,38312134,0,38593041,10800,9281252,1013729,8190759,250229,8,2048,0,2048,8,4,4
chunked_256_p4,515,2048,1864,3359836,92363,12218346,101400,45157734,0,45513932,14237,10796942,1290478,9403461,253556,8,2048,0,2048,8,4,4
chunked_256_p4,516,2048,1513,3148801,122660,11962938,95710,45115844,0,45378257,12884,10755375,1218293,9411997,253956,8,2048,0,2048,8,4,4
chunked_256_p4,517,2048,2795,3001965,200886,11220006,94907,42163549,0,42717190,12613,11219214,1145667,9947902,200355,8,2048,0,2048,8,4,4
chunked_256_p4,518,2048,1863,3437362,231624,13777238,89689,46724658,0,47091397,15920,10772236,1431623,9237981,245369,8,2048,0,2048,8,4,4
chunked_256_p4,519,2048,1343,3042441,67206,10700231,89618,40442176,0,40734864,10740,9861329,996136,8759845,253856,8,2048,0,2048,8,4,4
chunked_256_p4,520,2048,1302,3212420,147797,10475541,85721,39217160,0,39470336,10971,9996413,990557,8866054,245740,8,2048,0,2048,8,4,4
chunked_256_p4,521,2048,1714,2879806,66124,10841677,94016,39978889,0,40222384,13155,9250926,1010003,8145223,251331,8,2048,0,2048,8,4,4
chunked_256_p4,522,2048,1773,3199345,69149,12607656,90397,47367243,0,47660783,9097,9506525,987611,8408537,264946,8,2048,0,2048,8,4,4
chunked_256_p4,523,2048,1634,3274295,74179,11526690,89459,42614839,0,42882910,12945,10760375,1107195,9519269,212488,8,2048,0,2048,8,4,4
chunked_256_p4,524,2048,1893,3430719,68369,11642658,87034,42992727,0,43273272,11922,9880065,968725,8832993,254647,8,2048,0,2048,8,4,4
chunked_256_p4,525,2048,1433,3049775,70572,10895146,82153,41588295,0,41838011,9537,10477404,1011115,9361883,237545,8,2048,0,2048,8,4,4
chunked_256_p4,526,2048,1603,3195899,139181,11099149,87895,40815225,0,41071326,10329,10025197,980127,8912532,240821,8,2048,0,2048,8,4,4
chunked_256_p4,527,2048,2003,2802892,113142,11039197,88617,41488637,0,41764334,10510,10834744,991759,9751083,241653,8,2048,0,2048,8,4,4
chunked_256_p4,528,2048,2244,2771965,78517,10821869,79219,40127908,0,40397272,12864,10808053,1159523,9486236,246142,8,2048,0,2048,8,4,4
chunked_256_p4,529,2048,3517,2782254,82856,10845524,94797,39566906,0,39826924,12684,121742859,1038797,120563879,261530,8,2048,0,2048,8,4,4
chunked_256_p4,530,2048,2655,1489902,68128,4560957,83687,16871996,0,17191106,8977,10312836,945141,9269831,224912,8,2048,0,2048,8,4,4
chunked_256_p4,531,2048,1623,895448,242594,4785387,87102,16815100,0,17338760,11742,11000425,1233502,9633713,244107,8,2048,0,2048,8,4,4
chunked_256_p4,532,2048,1543,684202,84028,4285842,83497,15646981,0,15890880,13255,10758110,896570,9727238,232957,8,2048,0,2048,8,4,4
chunked_256_p4,533,2048,1583,1151197,66545,4128086,73207,14856181,0,15112508,15108,10887342,1315676,9452904,261500,8,2048,0,2048,8,4,4
chunked_256_p4,534,2048,1714,1438585,209934,4818740,78918,16513635,0,16767541,13716,12873775,1282413,11407807,112481,8,2048,0,2048,8,4,4
chunked_256_p4,535,2048,1493,1571415,83417,3933792,87205,14419230,0,14640325,7965,10338624,977773,9229966,233157,8,2048,0,2048,8,4,4
chunked_256_p4,536,2048,2865,983924,88696,4289719,88085,15175569,0,15492862,13145,9439750,1056800,8261472,287338,8,2048,0,2048,8,4,4
chunked_256_p4,537,2048,3347,1460567,116117,5694331,92404,16931629,0,17186558,9628,10694451,932908,9655213,228769,8,2048,0,2048,8,4,4
chunked_256_p4,538,2048,2495,1338558,84519,4517175,82404,15441856,0,15667551,11281,11123564,1244382,9763296,252252,8,2048,0,2048,8,4,4
chunked_256_p4,539,2048,2174,1248219,67166,4690299,80742,15962194,0,16234274,15459,10928870,1289466,9494392,281508,8,2048,0,2048,8,4,4
chunked_256_p4,540,2048,2214,1068352,95909,5274634,97924,17890816,0,18199807,12694,10200064,1143002,8948409,264265,8,2048,0,2048,8,4,4
chunked_256_p4,541,2048,2625,3186060,82495,4392722,86081,15099127,0,15478155,10901,10428232,1157800,9107427,286537,8,2048,0,2048,8,4,4
chunked_256_p4,542,2048,2134,2734043,66505,4478723,82263,15580416,0,15818313,12013,11512253,1305677,10060402,240080,8,2048,0,2048,8,4,4
chunked_256_p4,543,2048,1933,3006153,86081,4190673,77064,15025234,0,15246522,8656,11220056,1168309,9915722,247313,8,2048,0,2048,8,4,4
chunked_256_p4,544,2048,2344,2376554,85861,4679008,95159,16998195,0,17340425,4719,17056322,1215198,15715720,242665,8,2048,0,2048,8,4,4
chunked_256_p4,545,2048,1443,1902445,70462,4201995,70784,15265439,0,15464720,12563,10741338,1115821,9471379,270096,8,2048,0,2048,8,4,4
chunked_256_p4,546,2048,2245,1446370,66174,4271454,76203,15646561,0,15884358,9368,10705311,990807,9599609,244148,8,2048,0,2048,8,4,4
chunked_256_p4,547,2048,1603,2814525,69049,4137634,77085,14213106,0,14417197,11812,10977291,1209987,9651116,247243,8,2048,0,2048,8,4,4
chunked_256_p4,548,2048,1393,1844687,68458,4449879,74240,16077098,0,16336133,9147,10779080,1075295,9608356,259316,8,2048,0,2048,8,4,4
chunked_256_p4,549,2048,2084,2843078,66946,4370430,92263,15941675,0,16247449,3777,10489717,990045,9368927,274585,8,2048,0,2048,8,4,4
chunked_256_p4,550,2048,2745,2773107,73448,3820639,77927,13972895,0,14192137,8977,10747471,953878,9627111,293680,8,2048,0,2048,8,4,4
chunked_256_p4,551,2048,1693,2820245,71213,4106125,64180,14972087,0,15156603,9458,10781264,981860,9676363,255298,8,2048,0,2048,8,4,4
chunked_256_p4,552,2048,1403,2181858,66806,4208146,78446,14972766,0,15199554,8126,10922929,978774,9814231,265146,8,2048,0,2048,8,4,4
chunked_256_p4,553,2048,1934,1865976,73468,4012229,69810,13905317,0,14151809,15068,10439202,1020102,9297082,250128,8,2048,0,2048,8,4,4
chunked_256_p4,554,2048,2845,2624047,69210,4465248,69620,15976991,0,16227387,9217,10309780,1107566,9074866,456876,8,2048,0,2048,8,4,4
chunked_256_p4,555,2048,4067,3310734,72737,4315307,85231,15726921,0,15943869,8656,10573865,997509,9454106,307887,8,2048,0,2048,8,4,4
chunked_256_p4,556,2048,2274,1790446,91301,3693311,74421,13356328,0,13597674,8456,10239999,1000695,9104471,292478,8,2048,0,2048,8,4,4
chunked_256_p4,557,2048,1463,2867714,71684,4007580,53480,14208036,0,14424020,9037,11810211,1036863,10626383,249687,8,2048,0,2048,8,4,4
chunked_256_p4,558,2048,1473,1789153,71234,4239325,70724,14847053,0,15060844,11151,11374375,1152279,10096420,255368,8,2048,0,2048,8,4,4
chunked_256_p4,559,2048,1723,1397669,68338,4354410,76763,14741734,0,14977367,13215,10598921,1052852,9409753,257162,8,2048,0,2048,8,4,4
chunked_256_p4,560,2048,1543,783849,68237,5069390,74268,16687560,0,16967907,13946,10631062,1199328,9311810,309971,8,2048,0,2048,8,4,4
chunked_256_p4,561,2048,1794,943337,199434,4795357,82534,16354689,0,16677193,9327,10136966,981078,9066310,235541,8,2048,0,2048,8,4,4
chunked_256_p4,562,2048,2184,559519,176410,4344821,79449,15341249,0,15580557,11822,10203020,1049878,9021316,258634,8,2048,0,2048,8,4,4
chunked_256_p4,563,2048,2535,2096228,84037,4295229,86224,15652972,0,15894666,8766,10839472,1052132,9673918,259766,8,2048,0,2048,8,4,4
chunked_256_p4,564,2048,2174,2435023,70762,4225358,65041,15646872,0,15868304,3396,11533864,956873,10464360,251361,8,2048,0,2048,8,4,4
chunked_256_p4,565,2048,1893,3150314,70442,4029221,67847,14130088,0,14326445,9037,11955634,1014782,10800359,253595,8,2048,0,2048,8,4,4
chunked_256_p4,566,2048,2014,3043152,68318,4530910,80251,16593778,0,16855928,8315,10536915,1004322,9449628,253154,8,2048,0,2048,8,4,4
chunked_256_p4,567,2048,1603,3122702,70152,3783360,76855,13744317,0,13951095,8075,9971446,979465,8868379,253425,8,2048,0,2048,8,4,4
chunked_256_p4,568,2048,2214,2958113,69340,3912612,75251,13862879,0,14085866,7855,10614772,975518,9519038,254767,8,2048,0,2048,8,4,4
chunked_256_p4,569,2048,1653,3240964,71053,4016537,64020,14284808,0,14501946,11261,12102319,969898,10999683,251822,8,2048,0,2048,8,4,4
chunked_256_p4,570,2048,1634,2913589,66354,4069596,74459,14322680,0,14530480,11481,11767732,1019420,10620743,236974,8,2048,0,2048,8,4,4
chunked_256_p4,571,2048,1743,3036090,69060,4362625,92283,15553246,0,15795319,11321,10782816,996738,9697523,268453,8,2048,0,2048,8,4,4
chunked_256_p4,572,2048,1864,3133742,65794,3946275,70943,14744853,0,14944054,8536,11527683,987660,10417050,243206,8,2048,0,2048,8,4,4
chunked_256_p4,573,2048,1563,2957442,72405,4271524,63089,15141747,0,15399619,7524,11174190,1000264,10062146,258775,8,2048,0,2048,8,4,4
chunked_256_p4,574,2048,1673,3133332,65593,3859202,68167,13939332,0,14139125,7524,10601677,1018188,9462251,264616,8,2048,0,2048,8,4,4
chunked_256_p4,575,2048,1673,2913750,64841,4369989,72375,15866983,0,16124456,12002,11330282,1207994,9977317,252103,8,2048,0,2048,8,4,4
chunked_256_p4,576,2048,1853,2989582,68809,4415875,92482,15433594,0,15743161,10690,10559939,968685,9444949,274214,8,2048,0,2048,8,4,4
chunked_256_p4,577,2048,2455,3039476,77546,4154726,77384,15061204,0,15261048,10800,11760258,989014,10649366,252333,8,2048,0,2048,8,4,4
chunked_256_p4,578,2048,1693,3176693,67196,4138996,103555,14894613,0,15131227,8015,11446080,990116,10334767,246712,8,2048,0,2048,8,4,4
chunked_256_p4,579,2048,1943,2850432,67416,4288627,69683,15894786,0,16147421,15389,11693153,1126701,10449642,256180,8,2048,0,2048,8,4,4
chunked_256_p4,580,2048,2274,2655546,72906,4495143,81111,16370408,0,16696469,11241,12106377,1050759,10905847,262883,8,2048,0,2048,8,4,4
chunked_256_p4,581,2048,1763,2936773,67016,3881724,74569,13656452,0,13879107,8195,11609496,967012,10525033,267030,8,2048,0,2048,8,4,4
chunked_256_p4,582,2048,2074,2719135,71313,3956956,69039,14407550,0,14634022,10429,11620836,981910,10519964,237535,8,2048,0,2048,8,4,4
chunked_256_p4,583,2048,2264,2959205,66925,4142342,83086,14770489,0,15005359,11332,10946123,1000374,9843876,250399,8,2048,0,2048,8,4,4
chunked_256_p4,584,2048,1974,3044445,70442,4129238,80502,15136287,0,15365486,11261,10993010,1013580,9881076,258334,8,2048,0,2048,8,4,4
chunked_256_p4,585,2048,1913,2773147,79790,4679539,69551,17209408,0,17504923,10480,11184949,1121262,9957419,246211,8,2048,0,2048,8,4,4
chunked_256_p4,586,2048,1903,2953275,66224,3961033,69880,14014731,0,14259030,9197,11069163,981439,9986214,253595,8,2048,0,2048,8,4,4
chunked_256_p4,587,2048,1413,3130036,69661,3826841,67047,13350609,0,13566412,12354,10732492,1017547,9606111,250709,8,2048,0,2048,8,4,4
chunked_256_p4,588,2048,2454,3099127,70853,3946736,62194,14377775,0,14571534,9067,10830766,1088249,9633453,254507,8,2048,0,2048,8,4,4
chunked_256_p4,589,2048,2254,2769591,91131,3889899,74338,13616764,0,13851365,12844,10702216,986889,9620899,260318,8,2048,0,2048,8,4,4
chunked_256_p4,590,2048,2475,2611494,68769,4093551,74178,14159152,0,14369858,7484,12151431,1276763,10757890,246953,8,2048,0,2048,8,4,4
chunked_256_p4,591,2048,1573,2791491,70131,3744457,71924,13592401,0,13831920,10971,10858328,964207,9781710,250579,8,2048,0,2048,8,4,4
chunked_256_p4,592,2048,1623,2961880,65643,3969258,71974,14189378,0,14431756,12824,11026213,989724,9925390,252834,8,2048,0,2048,8,4,4
chunked_256_p4,593,2048,1543,2994952,68087,4085997,75571,14199800,0,14425222,7794,11539344,1008449,10425066,244408,8,2048,0,2048,8,4,4
chunked_256_p4,594,2048,2284,3274265,70892,4019802,68468,14358015,0,14608546,9287,10861453,1043876,9713843,254698,8,2048,0,2048,8,4,4
chunked_256_p4,595,2048,2275,2953034,72025,4340153,78567,15203132,0,15445264,10089,11437954,1015503,10307866,239649,8,2048,0,2048,8,4,4
chunked_256_p4,596,2048,2565,2954386,65613,4088471,86242,14489805,0,14739420,10971,11492717,977251,10383819,254347,8,2048,0,2048,8,4,4
chunked_256_p4,597,2048,1914,2585094,67667,4119720,63540,14795067,0,15089158,13505,11321225,1060878,10127027,269735,8,2048,0,2048,8,4,4
chunked_256_p4,598,2048,2184,2277177,100728,4771261,80121,15430844,0,15674713,9508,10767357,962994,9671224,255058,8,2048,0,2048,8,4,4
chunked_256_p4,599,2048,2424,2433350,67537,4386741,75280,15266690,0,15481069,10129,10654796,953497,9591203,262883,8,2048,0,2048,8,4,4
chunked_256_p4,600,2048,1503,2768007,196188,5006602,77576,16600488,0,16872006,14227,11122914,1001596,9988708,241062,8,2048,0,2048,8,4,4
chunked_256_p4,601,2048,1944,2813823,66795,3894868,64082,14209177,0,14417770,11642,11615246,982841,10522769,279434,8,2048,0,2048,8,4,4
chunked_256_p4,602,2048,2284,2975666,77154,3900098,68458,14079944,0,14273358,8175,10717073,967092,9644894,236844,8,2048,0,2048,8,4,4
chunked_256_p4,603,2048,2204,2870850,67646,4083021,76442,14313572,0,14546929,10199,11745861,1244201,10386624,245661,8,2048,0,2048,8,4,4
chunked_256_p4,604,2048,1693,3002306,66835,4066160,67156,15081761,0,15284282,8476,11285979,976229,10204233,247995,8,2048,0,2048,8,4,4
chunked_256_p4,605,2048,1623,2809956,69350,4359639,68650,15567062,0,15785623,11823,10770994,1060447,9604659,244147,8,2048,0,2048,8,4,4
chunked_256_p4,606,2048,1412,2885968,67516,3984416,76785,14182239,0,14427095,9668,10795190,1016675,9676042,250329,8,2048,0,2048,8,4,4
chunked_256_p4,607,2048,1673,2848438,73939,4184331,77867,14956427,0,15220905,9728,11365398,972072,10270055,243396,8,2048,0,2048,8,4,4
chunked_256_p4,608,2048,1382,2915012,67406,4260373,78057,15471794,0,15679664,9769,10782035,977952,9685080,269054,8,2048,0,2048,8,4,4
chunked_256_p4,609,2048,1853,2759281,65472,4172959,70351,15390832,0,15588951,10129,7001771,1502586,5429685,253765,8,2048,0,2048,8,4,4
chunked_256_p4,610,2048,2304,3077998,66705,4631610,81341,15905637,0,16203804,10499,7647290,1152370,6331785,255249,8,2048,0,2048,8,4,4
chunked_256_p4,611,2048,1413,2872543,80300,4900774,82744,16705786,0,16936918,7484,7558574,984695,6493268,242395,8,2048,0,2048,8,4,4
chunked_256_p4,612,2048,1212,3197602,120466,4652398,72786,16661824,0,16909947,10720,8163007,1303834,6775446,243616,8,2048,0,2048,8,4,4
chunked_256_p4,613,2048,1994,2969404,67716,5475662,73477,17626561,0,17845683,9838,6944904,1019089,5845995,246693,8,2048,0,2048,8,4,4
chunked_256_p4,614,2048,1624,4525240,65903,6922682,82947,18446058,0,21389794,8926,7088433,988231,6038876,247384,8,2048,0,2048,8,4,4
chunked_256_p4,615,2048,1593,2971358,66334,4911744,70172,17744723,0,17971849,11692,7536363,1141409,6285950,237966,8,2048,0,2048,8,4,4
chunked_256_p4,616,2048,1503,3222288,79068,4535910,81663,16628980,0,16924134,10810,7431396,976410,6373413,264866,8,2048,0,2048,8,4,4
chunked_256_p4,617,2048,2314,2738030,66936,4661836,76102,17152542,0,17390237,8035,8091914,966421,7043189,269165,8,2048,0,2048,8,4,4
chunked_256_p4,618,2048,2434,3740810,82134,4967269,76352,17465629,0,17694989,8466,8372730,1111703,7168493,266620,8,2048,0,2048,8,4,4
chunked_256_p4,619,2048,2325,10696424,108643,5169427,83247,19167078,0,19398533,13094,7699027,1073121,6533013,253044,8,2048,0,2048,8,4,4
chunked_256_p4,620,2048,2094,2800468,66385,4875286,77825,17665675,0,17906985,8446,8107513,991067,7017951,241453,8,2048,0,2048,8,4,4
chunked_256_p4,621,2048,2114,2767696,109114,6498908,84219,21935256,0,22202617,13135,8434816,1294777,7044070,268203,8,2048,0,2048,8,4,4
chunked_256_p4,622,2048,2044,2744753,103143,5328366,80661,19851371,0,20258052,10520,8270188,1032014,7136874,289973,8,2048,0,2048,8,4,4
chunked_256_p4,623,2048,2214,3071496,66034,4960736,91209,17728652,0,17977137,11882,8149141,993682,7061032,240802,8,2048,0,2048,8,4,4
chunked_256_p4,624,2048,1393,33556973,68989,7610211,88084,28219800,0,28499706,9528,9431244,1108287,8194496,265447,8,2048,0,2048,8,4,4
chunked_256_p4,625,2048,1362,3664698,68689,6025441,79931,22254033,0,22566890,10079,8099679,991868,7037548,249808,8,2048,0,2048,8,4,4
chunked_256_p4,626,2048,2314,3397126,85339,6218884,67277,22116737,0,22447615,16151,8618792,962894,7567972,252353,8,2048,0,2048,8,4,4
chunked_256_p4,627,2048,2064,4113729,68108,5914914,67305,21174619,0,21423556,6733,8459042,972112,7411158,256080,8,2048,0,2048,8,4,4
chunked_256_p4,628,2048,1512,3033274,166372,6120059,80390,21881876,0,22139048,12994,7977049,973004,6917984,276869,8,2048,0,2048,8,4,4
chunked_256_p4,629,2048,1693,2992418,101671,6362052,78878,22765581,0,23054364,12153,8988394,1023889,7846093,243356,8,2048,0,2048,8,4,4
chunked_256_p4,630,2048,1793,3139374,83657,5696425,85439,21051127,0,21305736,10880,8796464,965840,7745184,262773,8,2048,0,2048,8,4,4
chunked_256_p4,631,2048,2275,3562646,66064,6147210,68749,22918657,0,23171673,10971,9359529,952335,8307658,262162,8,2048,0,2048,8,4,4
chunked_256_p4,632,2048,1372,3488367,132278,6249391,76963,22672839,0,22951600,7855,8956875,994333,7865219,243827,8,2048,0,2048,8,4,4
chunked_256_p4,633,2048,1643,3983185,68619,5927097,78337,21885172,0,22148443,6582,8435648,971701,7374570,245019,8,2048,0,2048,8,4,4
chunked_256_p4,634,2048,2524,3991631,66695,5810068,56946,21562317,0,21787817,13255,8744006,999733,7628956,244548,8,2048,0,2048,8,4,4
chunked_256_p4,635,2048,1824,4452864,72776,6407597,71144,22418992,0,22637359,10199,9081168,1158030,7847064,233938,8,2048,0,2048,8,4,4
chunked_256_p4,636,2048,1763,5080721,67426,6310175,66524,22825385,0,23025557,9878,9737167,1073191,8582794,247714,8,2048,0,2048,8,4,4
chunked_256_p4,637,2048,1693,3992081,67286,6220467,72546,23276137,0,23517401,8837,9111064,1105001,7931183,253064,8,2048,0,2048,8,4,4
chunked_256_p4,638,2048,2384,4606833,67116,6138584,70822,22420455,0,22672727,10109,9393934,1001307,8304161,257522,8,2048,0,2048,8,4,4
chunked_256_p4,639,2048,1573,3690165,67286,7597157,74970,26628950,0,26925557,8636,8680016,990557,7604741,237876,8,2048,0,2048,8,4,4
chunked_256_p4,640,2048,1903,3892455,88866,6181012,76654,22987877,0,23204905,11261,9079254,980107,8023164,258084,8,2048,0,2048,8,4,4
chunked_256_p4,641,2048,1663,4713202,68689,5924542,71696,22098350,0,22333435,9558,8709812,977201,7657139,241633,8,2048,0,2048,8,4,4
chunked_256_p4,642,2048,1723,3615826,66795,6595379,78417,23074851,0,23286537,9458,9357426,981128,8299433,283381,8,2048,0,2048,8,4,4
chunked_256_p4,643,2048,1493,3310123,68188,5813845,74449,21513636,0,21759886,15880,8900639,995456,7806809,295915,8,2048,0,2048,8,4,4
chunked_256_p4,644,2048,2034,4914850,68689,5960279,70881,21668186,0,21875273,13676,8804479,1005565,7719135,246411,8,2048,0,2048,8,4,4
chunked_256_p4,645,2048,1723,3345439,68528,6146708,80171,21811303,0,22053246,10068,9613304,972592,8560011,240661,8,2048,0,2048,8,4,4
chunked_256_p4,646,2048,2224,2678589,83987,5924873,96270,21923085,0,22211292,8246,9309195,990907,8212890,246402,8,2048,0,2048,8,4,4
chunked_256_p4,647,2048,1523,2817459,86722,5599162,67506,20903172,0,21138302,9698,9050870,974596,7993098,240029,8,2048,0,2048,8,4,4
chunked_256_p4,648,2048,2234,3749006,88676,6267856,74490,22557060,0,22779086,13625,9642048,1045829,8511070,268854,8,2048,0,2048,8,4,4
chunked_256_p4,649,2048,1894,3875442,89517,6295398,69512,22929559,0,23150514,8476,9997625,1027966,8873629,255469,8,2048,0,2048,8,4,4
chunked_256_p4,650,2048,2715,4499472,70071,6333168,70762,23580208,0,23922247,10730,9933114,1083149,8743043,236734,8,2048,0,2048,8,4,4
chunked_256_p4,651,2048,1873,4762876,70342,6073241,79811,22272186,0,22514340,9738,10382366,976771,9326527,235401,8,2048,0,2048,8,4,4
chunked_256_p4,652,2048,1903,3057430,223308,6420442,81194,22758409,0,22990816,12924,9990471,1049677,8842030,259857,8,2048,0,2048,8,4,4
chunked_256_p4,653,2048,1443,4261636,155571,5997068,90250,22203991,0,22490244,11892,9315637,1014331,8213381,197550,8,2048,0,2048,8,4,4
chunked_256_p4,654,2048,1543,2987118,105878,6287442,81432,22204970,0,22457564,11792,9888010,971000,8816402,251191,8,2048,0,2048,8,4,4
chunked_256_p4,655,2048,1593,3070744,74079,6434688,523321,23041758,0,23796165,10861,9667255,999443,8586400,281538,8,2048,0,2048,8,4,4
chunked_256_p4,656,2048,2104,2418181,189926,6226137,73588,22586177,0,22850130,11772,9304556,990566,8226677,237736,8,2048,0,2048,8,4,4
chunked_256_p4,657,2048,1653,2719826,67887,5949459,80252,21659489,0,21978988,7574,9536200,968355,8494488,264185,8,2048,0,2048,8,4,4
chunked_256_p4,658,2048,2014,4581515,92824,5630982,81674,20710631,0,20951471,11201,9416556,1076768,8240552,252033,8,2048,0,2048,8,4,4
chunked_256_p4,659,2048,2054,3811072,67677,6253448,82302,23274965,0,23492984,10249,9918286,1222300,8605426,258024,8,2048,0,2048,8,4,4
chunked_256_p4,660,2048,2144,4737758,69771,6673546,93445,24710296,0,24984208,10259,20027500,1035951,18899377,252703,8,2048,0,2048,8,4,4
chunked_256_p4,661,2048,1513,4690660,69360,5982130,82395,21829966,0,22056274,9648,10158046,1011004,9058786,290033,8,2048,0,2048,8,4,4
chunked_256_p4,662,2048,1894,4427266,67978,6414961,81664,22802691,0,23038753,8967,10671628,970078,9605350,245280,8,2048,0,2048,8,4,4
chunked_256_p4,663,2048,1593,3786746,66124,6299295,78397,22250607,0,22575263,9908,10365103,1091515,9150558,257803,8,2048,0,2048,8,4,4
chunked_256_p4,664,2048,1413,3654057,67687,6449787,85180,23053690,0,23268405,11111,10283961,1019140,9164253,245641,8,2048,0,2048,8,4,4
chunked_256_p4,665,2048,1984,4709415,65313,6109720,66496,22323674,0,22622183,8105,10082364,981078,9011087,260168,8,2048,0,2048,8,4,4
chunked_256_p4,666,2048,2225,4665382,76774,7254204,80059,26019499,0,26369324,18645,10225562,1436532,8616286,237836,8,2048,0,2048,8,4,4
chunked_256_p4,667,2048,1593,4094933,67015,6468732,75010,24149544,0,24388011,10200,9714956,979355,8622318,245710,8,2048,0,2048,8,4,4
chunked_256_p4,668,2048,1654,4688085,67216,6306298,77136,23269286,0,23530726,9558,10400470,1019912,9279649,288240,8,2048,0,2048,8,4,4
chunked_256_p4,669,2048,1583,3891913,67817,6194929,80422,22607605,0,22911034,8916,9937943,1059736,8747181,275055,8,2048,0,2048,8,4,4
chunked_256_p4,670,2048,1874,4584932,71343,6729171,72966,22878751,0,23181469,10850,10602799,1015563,9470717,246792,8,2048,0,2048,8,4,4
chunked_256_p4,671,2048,2224,3737383,67376,6408058,103032,23344316,0,23595627,8375,10660517,971811,9595201,256531,8,2048,0,2048,8,4,4
chunked_256_p4,672,2048,1512,4772794,65393,5627676,74801,20692709,0,20941813,11000,9919308,1062591,8749657,251632,8,2048,0,2048,8,4,4
chunked_256_p4,673,2048,1573,3653717,80120,5911708,80721,21684767,0,22000466,11892,9793422,995786,8720141,255649,8,2048,0,2048,8,4,4
chunked_256_p4,674,2048,2324,3289314,68137,6230015,80680,22431273,0,22692935,7094,9782021,1061519,8622458,251280,8,2048,0,2048,8,4,4
chunked_256_p4,675,2048,1664,3686859,68999,6461839,82714,23913444,0,24210970,7364,10779029,981399,9699727,250239,8,2048,0,2048,8,4,4
chunked_256_p4,676,2048,2014,3421351,67596,6557107,82805,23928902,0,24172688,10490,10458068,1038907,9327980,251922,8,2048,0,2048,8,4,4
chunked_256_p4,677,2048,1703,4759509,68970,5856215,80682,21699234,0,21986121,12814,9787340,983032,8669606,253595,8,2048,0,2048,8,4,4
chunked_256_p4,678,2048,1403,3255951,70011,6586393,77706,23707506,0,23965118,12413,10963104,1103027,9740684,252874,8,2048,0,2048,8,4,4
chunked_256_p4,679,2048,1793,4334353,72476,6088720,74118,21539582,0,21767080,9558,10965729,965880,9888871,251522,8,2048,0,2048,8,4,4
chunked_256_p4,680,2048,1593,3154462,143409,6863302,70361,24249312,0,24483320,10219,10363300,1024950,9225398,243226,8,2048,0,2048,8,4,4
chunked_256_p4,681,2048,1573,3097815,85320,6615277,80382,24765899,0,25049402,10099,10590175,975708,9497528,182422,8,2048,0,2048,8,4,4
chunked_256_p4,682,2048,1573,3190769,68107,6434397,83468,23238919,0,23490398,12013,11008490,991538,9876208,220513,8,2048,0,2048,8,4,4
chunked_256_p4,683,2048,1453,3566133,71634,8041228,81071,30543827,0,30892440,11541,9791128,976600,8696487,113943,8,2048,0,2048,8,4,4
chunked_256_p4,684,2048,1613,3850175,70362,6604105,86852,24267337,0,24501985,10319,10317374,991959,9221370,301525,8,2048,0,2048,8,4,4
chunked_256_p4,685,2048,2284,3660079,68428,6946537,82325,25415557,0,25685323,9137,10707275,962714,9615459,253475,8,2048,0,2048,8,4,4
chunked_256_p4,686,2048,1814,4282275,85309,6426463,85171,24099892,0,24341073,10320,9957350,970148,8868299,300403,8,2048,0,2048,8,4,4
chunked_256_p4,687,2048,1874,3537569,68198,6086335,75321,22466841,0,22759119,7785,10789038,1001557,9641307,250599,8,2048,0,2048,8,4,4
chunked_256_p4,688,2048,1623,4277455,68859,7101117,86433,25774131,0,26046672,12694,12536954,1450718,10963014,259626,8,2048,0,2048,8,4,4
chunked_256_p4,689,2048,1462,4905433,66956,6114899,74670,23052862,0,23322634,7695,10096199,957004,9013881,239740,8,2048,0,2048,8,4,4
chunked_256_p4,690,2048,2174,3919575,69270,6028838,69671,22188639,0,22561389,9578,10682529,997760,9564603,235381,8,2048,0,2048,8,4,4
chunked_256_p4,691,2048,2144,4585854,72706,6531449,99455,24272977,0,24572728,12403,11230766,1011515,10086722,263173,8,2048,0,2048,8,4,4
chunked_256_p4,692,2048,4518,4330255,69199,6208124,83575,23508643,0,23758880,9508,11466979,973885,10343332,260528,8,2048,0,2048,8,4,4
chunked_256_p4,693,2048,1763,4569974,69520,6401506,89879,24339190,0,24653428,8396,10574265,991578,9503249,282038,8,2048,0,2048,8,4,4
chunked_256_p4,694,2048,1533,4912195,66946,6264560,78408,23429568,0,23673813,10870,11064314,983282,9958051,256631,8,2048,0,2048,8,4,4
chunked_256_p4,695,2048,2264,4564334,67487,6730623,63126,25240470,0,25502180,9748,10511728,972663,9431624,249066,8,2048,0,2048,8,4,4
chunked_256_p4,696,2048,2084,5214742,80922,5987691,72697,22122805,0,22384958,9858,11043875,1000324,9905322,336370,8,2048,0,2048,8,4,4
chunked_256_p4,697,2048,1443,4536661,128200,7821347,81923,26641867,0,26883617,18295,11108477,1044297,9934166,180378,8,2048,0,2048,8,4,4
chunked_256_p4,698,2048,1463,3276159,89708,6335643,89185,23322243,0,23642744,10149,10447649,986208,9331216,246431,8,2048,0,2048,8,4,4
chunked_256_p4,699,2048,1833,3434817,68538,6383862,83335,23273414,0,23543769,13465,10820897,1016044,9637249,236654,8,2048,0,2048,8,4,4
chunked_256_p4,700,2048,1543,4070157,104325,6361051,86622,22725657,0,22999011,10891,10739525,1011526,9613445,380033,8,2048,0,2048,8,4,4
chunked_256_p4,701,2048,2073,3022054,76584,6446991,90661,23593704,0,23884109,11481,11739459,1224916,10389128,238317,8,2048,0,2048,8,4,4
chunked_256_p4,702,2048,2856,2409625,66604,6630816,101230,24886333,0,25162663,10690,10872996,1020513,9728380,249968,8,2048,0,2048,8,4,4
chunked_256_p4,703,2048,1924,4971055,66164,6360789,73007,23435807,0,23656280,9688,11337365,997078,10211186,244007,8,2048,0,2048,8,4,4
chunked_256_p4,704,2048,1763,4478893,74921,6654771,74802,24343987,0,24618385,14296,10646661,1034710,9483902,250640,8,2048,0,2048,8,4,4
chunked_256_p4,705,2048,2315,3970761,72406,7046054,86092,26065435,0,26337485,12544,10760504,958206,9701089,252944,8,2048,0,2048,8,4,4
chunked_256_p4,706,2048,1403,3550032,103915,6223593,75873,22717781,0,22980044,9989,10835335,989154,9719464,257703,8,2048,0,2048,8,4,4
chunked_256_p4,707,2048,2054,4281604,67567,6605969,286686,23872635,0,24376280,13526,10898393,973284,9801247,297988,8,2048,0,2048,8,4,4
chunked_256_p4,708,2048,3426,4866490,142938,5923109,76355,21066686,0,21292981,13986,12012020,1361081,10509895,240741,8,2048,0,2048,8,4,4
chunked_256_p4,709,2048,1492,4839358,71484,7534580,80232,27411525,0,27659813,9317,11874612,1048835,10693730,311313,8,2048,0,2048,8,4,4
chunked_256_p4,710,2048,1943,4685239,72215,5789469,77905,21703130,0,21943670,8256,11549313,1031253,10387366,284223,8,2048,0,2048,8,4,4
chunked_256_p4,711,2048,1974,4749100,71174,6671001,85429,24567528,0,24831092,11191,10596478,981810,9498690,275736,8,2048,0,2048,8,4,4
chunked_256_p4,712,2048,2264,4826054,87484,6439758,73720,22528397,0,22761683,11662,11041802,1079352,9832436,247354,8,2048,0,2048,8,4,4
chunked_256_p4,713,2048,1392,4652249,69801,6768193,83055,25685395,0,25932215,11261,11576404,1022697,10378538,260618,8,2048,0,2048,8,4,4
chunked_256_p4,714,2048,2745,4839920,67706,6627310,63217,24002185,0,24221579,9828,11070255,969937,9984209,240671,8,2048,0,2048,8,4,4
chunked_256_p4,715,2048,1773,4937844,65673,6751431,76914,24591854,0,24817818,11261,10455452,1003280,9337969,243276,8,2048,0,2048,8,4,4
chunked_256_p4,716,2048,2274,5010940,72706,6598796,87633,25089618,0,25370753,10089,10375343,942666,9328260,264346,8,2048,0,2048,8,4,4
chunked_256_p4,717,2048,2305,4742918,65923,6440058,74609,23778718,0,24018740,17173,11332236,1064755,10151423,265267,8,2048,0,2048,8,4,4
chunked_256_p4,718,2048,1423,2829773,68930,7229979,91151,25539118,0,25767317,10930,11323179,974206,10223228,245199,8,2048,0,2048,8,4,4
chunked_256_p4,719,2048,1853,3166414,114675,6128635,73227,22744612,0,22992507,11121,11090813,983423,10010108,235913,8,2048,0,2048,8,4,4
chunked_256_p4,720,2048,1523,2939749,67045,6688694,82373,23895129,0,24132132,12023,10929722,961843,9842254,265257,8,2048,0,2048,8,4,4
chunked_256_p4,721,2048,2124,3767390,68148,6291229,71636,23177232,0,23454494,11983,10956402,981048,9874555,240872,8,2048,0,2048,8,4,4
chunked_256_p4,722,2048,1884,3082065,72456,6208905,86081,23387239,0,23648035,9638,10874368,979335,9786349,256280,8,2048,0,2048,8,4,4
chunked_256_p4,723,2048,2084,2931002,68488,7192308,77464,25635799,0,25878924,7734,11425621,954979,10355906,234560,8,2048,0,2048,8,4,4
chunked_256_p4,724,2048,1814,3506711,68298,6241987,77916,22797380,0,23047940,16761,10896419,1043185,9754269,234500,8,2048,0,2048,8,4,4
chunked_256_p4,725,2048,2395,3551154,178865,6111693,77013,22400619,0,22769088,8286,10656630,965519,9586054,240231,8,2048,0,2048,8,4,4
chunked_256_p4,726,2048,2004,4011377,66815,6991431,58609,25211845,0,25444590,9067,11069233,1020292,9959393,262362,8,2048,0,2048,8,4,4
chunked_256_p4,727,2048,1402,4702192,65523,6236056,81812,23086694,0,23362189,9889,11229834,963375,10149019,257924,8,2048,0,2048,8,4,4
chunked_256_p4,728,2048,1844,3735781,67597,5882404,82754,22054310,0,22282045,12423,11018377,961142,9948713,241773,8,2048,0,2048,8,4,4
chunked_256_p4,729,2048,2044,3095931,74089,7950058,82372,25091990,0,25342379,10520,14419071,992370,13298941,241823,8,2048,0,2048,8,4,4
chunked_256_p4,730,2048,1663,2999662,78447,6532371,73647,23366427,0,23598642,11963,11271562,969276,10180588,259055,8,2048,0,2048,8,4,4
chunked_256_p4,731,2048,1843,3287971,79859,6277123,69922,23210094,0,23419596,10239,10809286,966481,9744491,238056,8,2048,0,2048,8,4,4
chunked_256_p4,732,2048,2264,4516934,67868,6624654,78167,23538601,0,23786427,4157,10638345,981390,9567969,257312,8,2048,0,2048,8,4,4
chunked_256_p4,733,2048,2114,4384306,70021,7067524,79219,25505323,0,25747771,9257,11319813,991167,10223559,244498,8,2048,0,2048,8,4,4
chunked_256_p4,734,2048,1262,4313062,80331,6613063,76034,24776881,0,25004189,7384,11385496,975378,10289862,246261,8,2048,0,2048,8,4,4
chunked_256_p4,735,2048,2294,4730515,66044,6190701,66184,22592766,0,22860490,13145,10754604,1055658,9595010,249918,8,2048,0,2048,8,4,4
chunked_256_p4,736,2048,1433,4606603,70633,6865115,76965,24021486,0,24245645,9858,10899375,938138,9869315,250128,8,2048,0,2048,8,4,4
chunked_256_p4,737,2048,1502,4560156,64891,6940667,77655,25250608,0,25475248,10500,11889781,980277,10802503,255158,8,2048,0,2048,8,4,4
chunked_256_p4,738,2048,1373,4393743,71333,6393011,74198,23672802,0,23976780,10449,10805960,956232,9750782,258544,8,2048,0,2048,8,4,4
chunked_256_p4,739,2048,2215,4893961,71584,6280128,80021,22841503,0,24170373,9157,11542630,966521,10434925,283401,8,2048,0,2048,8,4,4
chunked_256_p4,740,2048,1984,4171828,67356,5854010,71604,21888086,0,22123369,8947,11738497,996247,10639658,265969,8,2048,0,2048,8,4,4
chunked_256_p4,741,2048,2314,4590803,111670,6741944,80412,24458123,0,24693303,10821,11330583,967554,10222947,254387,8,2048,0,2048,8,4,4
chunked_256_p4,742,2048,2255,4399955,70502,6991692,212357,25049019,0,25706772,9938,11506543,981940,10372047,288661,8,2048,0,2048,8,4,4
chunked_256_p4,743,2048,2986,3592202,67527,7057305,78688,26313881,0,26531470,10740,6389664,983974,5309460,257263,8,2048,0,2048,8,4,4
chunked_256_p4,744,2048,1282,4959454,67025,7179905,75754,26272044,0,26523798,8085,6591442,971220,5533820,269224,8,2048,0,2048,8,4,4
chunked_256_p4,745,2048,1943,5061716,67156,6971544,69782,25218800,0,25478997,8135,6884191,986379,5821589,243366,8,2048,0,2048,8,4,4
chunked_256_p4,746,2048,1383,4113558,68879,6910250,69700,25289231,0,25497191,8907,7415827,976290,6367943,245440,8,2048,0,2048,8,4,4
chunked_256_p4,747,2048,2023,4795717,72556,7271276,74721,25726909,0,26003168,7725,7236371,991067,6174881,241713,8,2048,0,2048,8,4,4
chunked_256_p4,748,2048,1393,4634024,116268,7238094,81664,26983825,0,27219729,11632,7567191,1007758,6474162,259606,8,2048,0,2048,8,4,4
chunked_256_p4,749,2048,1583,4648110,70963,8685697,562875,26354906,0,27059657,12824,8042150,980498,6985110,245229,8,2048,0,2048,8,4,4
chunked_256_p4,750,2048,1764,4861179,74450,7484686,81052,26998545,0,27830912,11001,7842887,970279,6782149,251411,8,2048,0,2048,8,4,4
chunked_256_p4,751,2048,1643,5356839,72316,7369179,85340,27252440,0,27532243,7635,7708626,998030,6629103,245530,8,2048,0,2048,8,4,4
chunked_256_p4,752,2048,1492,6254250,70091,7391171,70171,27075309,0,27306952,10880,7758088,1010754,6661353,244228,8,2048,0,2048,8,4,4
chunked_256_p4,753,2048,1844,5087493,71204,7596686,55202,28605564,0,28796484,11412,8026822,1017818,6905190,251842,8,2048,0,2048,8,4,4
chunked_256_p4,754,2048,2405,4560296,68278,7607276,81914,27925161,0,28188694,7664,8356901,976320,7299318,260999,8,2048,0,2048,8,4,4
chunked_256_p4,755,2048,1774,5237875,75942,7192639,82456,26887397,0,27114612,11722,8427934,1084081,7242833,249537,8,2048,0,2048,8,4,4
chunked_256_p4,756,2048,1753,31782589,70722,12152854,82546,45651898,0,45899835,9748,8313198,966000,7278389,256701,8,2048,0,2048,8,4,4
chunked_256_p4,757,2048,1473,4641488,67968,9428849,69102,35252681,0,35621395,7865,7918008,996418,6839577,249197,8,2048,0,2048,8,4,4
chunked_256_p4,758,2048,1874,4779176,68188,8478709,72056,30631453,0,30859670,12303,8971201,1222761,7658581,255489,8,2048,0,2048,8,4,4
chunked_256_p4,759,2048,2164,5450163,65983,7713876,70572,29487788,0,29744449,14217,8256793,999774,7151591,275106,8,2048,0,2048,8,4,4
chunked_256_p4,760,2048,2234,3333727,70342,7774950,87132,29259040,0,29517974,11031,8596529,976179,7502849,248516,8,2048,0,2048,8,4,4
chunked_256_p4,761,2048,2064,4566968,122760,8349396,77675,30309909,0,30551563,11992,10006652,984315,8897664,254136,8,2048,0,2048,8,4,4
chunked_256_p4,762,2048,1353,4150207,80501,8268334,79869,31611478,0,31832492,13244,8729568,986388,7651688,262512,8,2048,0,2048,8,4,4
chunked_256_p4,763,2048,1693,4441573,74369,9261796,74310,33580036,0,33827320,10259,8988354,982992,7909282,236072,8,2048,0,2048,8,4,4
chunked_256_p4,764,2048,1453,5286567,66264,9954474,79278,34322097,0,34610669,10480,10105317,988292,9035982,252163,8,2048,0,2048,8,4,4
chunked_256_p4,765,2048,2084,5774080,69750,8706225,76484,31431421,0,31654069,13956,9393903,1096565,8208973,270466,8,2048,0,2048,8,4,4
chunked_256_p4,766,2048,1613,4775680,65243,8610576,81612,32171437,0,32436883,9979,9415965,960029,8315864,247785,8,2048,0,2048,8,4,4
chunked_256_p4,767,2048,1373,4404904,78707,8016884,87945,30320230,0,30603477,7824,17648572,1215277,16303091,261260,8,2048,0,2048,8,4,4
chunked_256_p4,768,2048,2134,4856261,69450,8562455,76022,32408512,0,32656616,9608,9387662,997559,8307869,243927,8,2048,0,2048,8,4,4
chunked_256_p4,769,2048,1543,4607073,88596,8363022,72136,31615966,0,32137555,9728,8673203,968174,7579574,254347,8,2048,0,2048,8,4,4
chunked_256_p4,770,2048,1463,4483572,151073,8883447,85638,31950352,0,32270492,13415,8641173,969186,7568002,244879,8,2048,0,2048,8,4,4
chunked_256_p4,771,2048,1433,4101626,67086,8291417,71614,30584303,0,30830354,20288,8799260,972853,7721008,268463,8,2048,0,2048,8,4,4
chunked_256_p4,772,2048,2354,4343310,73668,8408847,66546,30888995,0,31176603,11652,9628223,1256535,8285827,249167,8,2048,0,2048,8,4,4
chunked_256_p4,773,2048,2154,4378976,84869,8164851,83827,30069859,0,30387455,11391,8837461,952385,7803894,248385,8,2048,0,2048,8,4,4
chunked_256_p4,774,2048,1974,3367140,71013,8088758,71365,30705970,0,30915065,6953,9084053,969276,8040438,243707,8,2048,0,2048,8,4,4
chunked_256_p4,775,2048,1442,4053416,77746,8824837,68557,32898087,0,33170999,11712,9290570,941604,8259839,269264,8,2048,0,2048,8,4,4
chunked_256_p4,776,2048,1482,4388625,67617,10280134,76173,34832365,0,35109164,12173,9587256,953347,8559680,245409,8,2048,0,2048,8,4,4
chunked_256_p4,777,2048,1913,3953990,119995,8354255,82947,31314592,0,31551427,7574,9778564,1041662,8637176,243406,8,2048,0,2048,8,4,4
chunked_256_p4,778,2048,1633,4814242,213640,9154435,76063,34610076,0,34850828,10389,8966102,1041371,7849800,251201,8,2048,0,2048,8,4,4
chunked_256_p4,779,2048,1814,5101730,65132,9051011,84447,32927635,0,33148857,9668,8966132,973615,7893713,232987,8,2048,0,2048,8,4,4
chunked_256_p4,780,2048,1863,5266740,65964,8926117,75393,32721396,0,33007374,9989,8796224,969608,7710970,246542,8,2048,0,2048,8,4,4
chunked_256_p4,781,2048,1303,4659452,67086,9231720,73677,33997900,0,34236407,9287,8960200,983934,7875318,263223,8,2048,0,2048,8,4,4
chunked_256_p4,782,2048,1582,4626129,65423,8881744,73900,32753230,0,32983471,10420,9169203,977792,8099749,247574,8,2048,0,2048,8,4,4
chunked_256_p4,783,2048,2003,6775868,65843,8031210,73619,30856714,0,31214935,10580,11252587,978544,10145352,279584,8,2048,0,2048,8,4,4
chunked_256_p4,784,2048,1603,4694627,71955,9778003,77264,33699480,0,33977161,3036,9991142,966431,8923562,241553,8,2048,0,2048,8,4,4
chunked_256_p4,785,2048,1503,4612964,78066,8872316,75321,34175771,0,34399882,10991,10718115,978113,9598497,248366,8,2048,0,2048,8,4,4
chunked_256_p4,786,2048,1242,4512677,112070,8404059,82706,32066027,0,32394026,11592,9820974,980828,8751019,238076,8,2048,0,2048,8,4,4
chunked_256_p4,787,2048,1252,6163280,227637,10218739,81554,34966044,0,35773248,15579,10095789,1126230,8872046,240471,8,2048,0,2048,8,4,4
chunked_256_p4,788,2048,3817,4449558,71204,8902042,80351,32768336,0,32984510,11712,9620859,977141,8557587,245851,8,2048,0,2048,8,4,4
chunked_256_p4,789,2048,1923,4628333,69660,8647525,68418,32086367,0,32339965,13134,9785487,962664,8717586,240391,8,2048,0,2048,8,4,4
chunked_256_p4,790,2048,1783,4917896,79669,8327294,74670,31346360,0,31568077,11471,9741525,1013690,8595708,247193,8,2048,0,2048,8,4,4
chunked_256_p4,791,2048,1462,5171300,67006,8691828,69751,33428902,0,33655909,26590,10195035,977953,9106504,239148,8,2048,0,2048,8,4,4
chunked_256_p4,792,2048,1382,4825393,91131,9246868,87551,34408860,0,34654919,11943,9449308,968345,8388560,238517,8,2048,0,2048,8,4,4
chunked_256_p4,793,2048,1964,4962630,71925,9330414,71445,34000133,0,34225265,10910,10648424,997259,9538785,240371,8,2048,0,2048,8,4,4
chunked_256_p4,794,2048,2364,5151253,67948,9104632,81972,33407182,0,33646220,12544,10131446,985477,9015925,241583,8,2048,0,2048,8,4,4
chunked_256_p4,795,2048,1353,5042680,77666,8511420,78876,32118768,0,32579339,11822,10406481,1063263,9252108,241011,8,2048,0,2048,8,4,4
chunked_256_p4,796,2048,1633,5114725,72196,8657754,81091,32612803,0,32840762,12875,9640726,1005424,8509696,260698,8,2048,0,2048,8,4,4
chunked_256_p4,797,2048,1753,4146922,92744,8644269,88647,31773632,0,32020154,12233,10177292,1036623,9011427,248736,8,2048,0,2048,8,4,4
chunked_256_p4,798,2048,1492,5099997,72556,8731723,79907,33449833,0,33747880,10310,10614562,1019491,9454868,236192,8,2048,0,2048,8,4,4
chunked_256_p4,799,2048,1493,3578005,65373,8916168,77105,33053901,0,33341217,9689,10013856,1296159,8598654,290474,8,2048,0,2048,8,4,4
chunked_256_p4,800,2048,1644,4882850,69771,8363773,68980,30526507,0,30777285,11922,10217517,1180572,8916609,263975,8,2048,0,2048,8,4,4
chunked_256_p4,801,2048,1533,4890054,72115,8712276,75201,32889002,0,33126556,12834,9580784,968415,8514867,247854,8,2048,0,2048,8,4,4
chunked_256_p4,802,2048,1804,5167694,73177,7995093,79650,30717573,0,31059755,12463,10296585,992851,9176015,275997,8,2048,0,2048,8,4,4
chunked_256_p4,803,2048,1603,4118898,69099,10059541,85821,37096678,0,37358347,9287,10059811,964247,8992161,245610,8,2048,0,2048,8,4,4
chunked_256_p4,804,2048,1964,4831293,72866,9196564,71403,33431720,0,33664846,11291,11437683,1322929,10012002,243987,8,2048,0,2048,8,4,4
chunked_256_p4,805,2048,2374,5044473,75872,8864812,85289,32862613,0,33150011,12523,10865100,971020,9779727,245540,8,2048,0,2048,8,4,4
chunked_256_p4,806,2048,1703,4006348,66565,9104010,84639,33618158,0,33940042,11001,10531846,1031353,9387061,311854,8,2048,0,2048,8,4,4
chunked_256_p4,807,2048,2264,4559765,66685,9151279,78026,32710187,0,32955287,14857,10333003,1207162,9047464,250900,8,2048,0,2048,8,4,4
chunked_256_p4,808,2048,1212,4787131,69751,9002851,71393,33542134,0,33793737,10239,10517369,1066238,9307232,244779,8,2048,0,2048,8,4,4
chunked_256_p4,809,2048,1913,5003827,73007,9547251,68749,32963791,0,33220093,9759,10863207,973825,9788363,249308,8,2048,0,2048,8,4,4
chunked_256_p4,810,2048,2184,5379962,69050,8841969,80270,32564863,0,32798803,12122,10537807,1034438,9402018,239238,8,2048,0,2048,8,4,4
chunked_256_p4,811,2048,1903,5244889,74380,8808687,74629,33689553,0,33909205,9398,10139511,974386,9055279,257012,8,2048,0,2048,8,4,4
chunked_256_p4,812,2048,1743,4815605,69831,8463670,72337,30882672,0,31202482,15299,11446471,1060267,10268352,247133,8,2048,0,2048,8,4,4
chunked_256_p4,813,2048,2044,4863614,69951,8622929,85479,32698766,0,32928365,8215,10784139,1010534,9632621,239098,8,2048,0,2048,8,4,4
chunked_256_p4,814,2048,1142,4973050,70101,9276594,78646,34400725,0,34662585,13205,10834062,1032665,9622102,267902,8,2048,0,2048,8,4,4
chunked_256_p4,815,2048,2325,5611145,76854,8692128,81093,32856112,0,33092943,11472,10393257,1043716,9228975,247503,8,2048,0,2048,8,4,4
chunked_256_p4,816,2048,1583,4779006,67747,8130166,79209,31034266,0,31256661,11461,10562944,992890,9401448,303960,8,2048,0,2048,8,4,4
chunked_256_p4,817,2048,1863,5534852,68308,9283777,78366,33929130,0,34180351,12364,10847638,1090293,9644553,242585,8,2048,0,2048,8,4,4
chunked_256_p4,818,2048,1954,5884868,74069,9271394,88926,32940640,0,33172082,9648,10774902,1029008,9630066,243496,8,2048,0,2048,8,4,4
chunked_256_p4,819,2048,1703,5072736,67266,8881764,76914,33374792,0,33860194,11031,11366330,992529,10228898,299892,8,2048,0,2048,8,4,4
chunked_256_p4,820,2048,1583,5064721,68940,8916700,183252,34013540,0,34380436,13345,11095222,1124838,9825763,244879,8,2048,0,2048,8,4,4
chunked_256_p4,821,2048,1593,6356682,70151,8227788,90990,31077096,0,31318751,7724,11495091,1034349,10339585,272641,8,2048,0,2048,8,4,4
chunked_256_p4,822,2048,1553,5411411,68379,8733266,72716,32905962,0,33171030,8907,10672770,1001677,9560937,249558,8,2048,0,2048,8,4,4
chunked_256_p4,823,2048,2655,5788998,86372,7987989,57578,30101780,0,30336047,9027,11025641,1009722,9863804,259637,8,2048,0,2048,8,4,4
chunked_256_p4,824,2048,1623,5535673,83376,9520972,82317,34270258,0,34563812,10209,12069397,1277223,10631182,259436,8,2048,0,2048,8,4,4
chunked_256_p4,825,2048,1934,6285449,74981,8880942,81560,33399750,0,33885166,10610,10564948,975147,9459226,244759,8,2048,0,2048,8,4,4
chunked_256_p4,826,2048,2445,4963401,74981,9366943,69379,34050279,0,34318680,9378,10634398,1009041,9470938,251762,8,2048,0,2048,8,4,4
chunked_256_p4,827,2048,2395,5391784,82755,9358407,82886,34236506,0,34499260,12473,10866573,969797,9744411,252093,8,2048,0,2048,8,4,4
chunked_256_p4,828,2048,1423,6130037,77435,9093771,72967,34289285,0,34564051,7153,10952815,983853,9841874,331501,8,2048,0,2048,8,4,4
chunked_256_p4,829,2048,3657,6598014,77435,8958748,78908,33742772,0,34010182,11732,10434674,1032555,9285611,237064,8,2048,0,2048,8,4,4
chunked_256_p4,830,2048,2214,5355025,83527,8749156,79961,32576087,0,32828380,11070,10788106,1012788,9646316,244088,8,2048,0,2048,8,4,4
chunked_256_p4,831,2048,1764,12782904,74891,9294989,86382,33233576,0,33466715,7955,10966019,1077419,9784616,248255,8,2048,0,2048,8,4,4
chunked_256_p4,832,2048,1864,6158160,71714,9783263,77637,36207469,0,36440378,8987,11745781,979476,10638987,261490,8,2048,0,2048,8,4,4
chunked_256_p4,833,2048,2655,6019721,72636,9468053,70123,34783112,0,35038029,8165,11880634,1247828,10501980,269274,8,2048,0,2048,8,4,4
chunked_256_p4,834,2048,2595,4905262,76824,8084771,90469,29472456,0,29749919,9167,10685303,984205,9610409,267491,8,2048,0,2048,8,4,4
chunked_256_p4,835,2048,2144,6203225,79359,7799456,71455,29778483,0,30029885,10229,10307014,986288,9210781,299221,8,2048,0,2048,8,4,4
chunked_256_p4,836,2048,2365,5814967,80030,9049158,84369,33745466,0,34026485,9919,11037874,1268357,9652849,240691,8,2048,0,2048,8,4,4
chunked_256_p4,837,2048,1523,4984110,79960,9230267,74871,33336532,0,33725200,11051,11157970,1044358,10000630,253876,8,2048,0,2048,8,4,4
chunked_256_p4,838,2048,1723,5054071,77285,8681328,67926,32165233,0,32381822,7264,10786603,1024991,9655574,253605,8,2048,0,2048,8,4,4
chunked_256_p4,839,2048,1302,5256020,83446,9067862,92645,32973561,0,33234670,11302,11695487,1012798,10574236,245540,8,2048,0,2048,8,4,4
chunked_256_p4,840,2048,1693,6063473,79148,7775591,69480,28850773,0,29104441,11441,10722523,1053424,9558201,246001,8,2048,0,2048,8,4,4
chunked_256_p4,841,2048,1943,4856221,65884,9378104,70089,34097387,0,34387548,7254,11166576,1040179,10032320,240641,8,2048,0,2048,8,4,4
chunked_256_p4,842,2048,2315,5231193,74440,9226620,73207,33816408,0,34075135,10019,11343658,973684,10284513,241683,8,2048,0,2048,8,4,4
chunked_256_p4,843,2048,2214,5136756,78797,9536932,80380,33876301,0,34124348,11392,11252306,990717,10178103,236964,8,2048,0,2048,8,4,4
chunked_256_p4,844,2048,1933,5021711,77675,8599755,68428,31610015,0,31969148,15980,10973915,1070276,9749069,257022,8,2048,0,2048,8,4,4
chunked_256_p4,845,2048,2224,6303332,77756,8729939,73539,32140721,0,32399405,12243,10720179,962934,9658540,250620,8,2048,0,2048,8,4,4
chunked_256_p4,846,2048,1402,4819722,68218,8854903,62427,32663188,0,32875607,11621,10571891,998681,9466811,291977,8,2048,0,2048,8,4,4
chunked_256_p4,847,2048,2504,5049543,91792,8982833,114133,33160081,0,33423883,6913,11816253,1216951,10504184,247604,8,2048,0,2048,8,4,4
chunked_256_p4,848,2048,1623,5284202,82044,8711826,64492,32531002,0,32789155,9548,10780162,976610,9714594,240470,8,2048,0,2048,8,4,4
chunked_256_p4,849,2048,1693,5590767,74179,8118053,77237,30414374,0,30634209,9888,10772797,977672,9677826,258615,8,2048,0,2048,8,4,4
chunked_256_p4,850,2048,1473,6371680,73898,8798638,89018,32739791,0,33009907,8385,11111462,963385,10022231,251952,8,2048,0,2048,8,4,4
chunked_256_p4,851,2048,2475,5912399,66975,8482015,60505,31966894,0,32234456,13395,10465432,1002098,9354820,249247,8,2048,0,2048,8,4,4
chunked_256_p4,852,2048,1522,5070501,96721,9069355,70572,33550172,0,33842198,8666,11958981,986639,10853168,254216,8,2048,0,2048,8,4,4
chunked_256_p4,853,2048,1403,6471747,73047,9090615,71434,33282838,0,33523612,9928,11396396,985587,10303528,269926,8,2048,0,2048,8,4,4
chunked_256_p4,854,2048,1583,5277329,70192,9793042,70581,36922352,0,37212264,11642,11462570,1035460,10310471,267461,8,2048,0,2048,8,4,4
chunked_256_p4,855,2048,1863,5275927,66385,8660459,70981,32092799,0,32328472,10550,11015813,972923,9941139,261370,8,2048,0,2048,8,4,4
chunked_256_p4,856,2048,1412,5556764,70582,9040671,69921,33064522,0,33306404,9317,10404347,977692,9349520,248716,8,2048,0,2048,8,4,4
chunked_256_p4,857,2048,1933,6179630,70973,8093757,74962,30778577,0,31038867,11532,11465336,996497,10339114,303499,8,2048,0,2048,8,4,4
chunked_256_p4,858,2048,2114,6056018,70442,8625724,85462,32106175,0,32416458,9668,10935703,978413,9853615,245831,8,2048,0,2048,8,4,4
chunked_256_p4,859,2048,1683,5243456,66385,9057664,70413,33488195,0,33702106,11612,10842438,1009301,9745503,259456,8,2048,0,2048,8,4,4
chunked_256_p4,860,2048,2545,6712218,71874,9189590,72907,34434990,0,34724231,7694,10961711,999283,9854547,259676,8,2048,0,2048,8,4,4
chunked_256_p4,861,2048,2225,5222326,69170,9974812,71053,34740910,0,34966225,13936,11970212,1072249,10796873,253655,8,2048,0,2048,8,4,4
chunked_256_p4,862,2048,1532,5236513,70312,9242811,94548,33864871,0,34136020,8877,11032985,1024350,9911714,245831,8,2048,0,2048,8,4,4
chunked_256_p4,863,2048,1603,6414961,76965,9238903,76925,33898204,0,34112386,7935,12151361,1138243,10920605,263433,8,2048,0,2048,8,4,4
chunked_256_p4,864,2048,1503,6199217,70762,7963263,62388,30003435,0,30201828,8816,11860886,990967,10770563,259306,8,2048,0,2048,8,4,4
chunked_256_p4,865,2048,1673,5723475,79349,8571452,74188,32220058,0,32453835,7905,11213644,987019,10105176,264005,8,2048,0,2048,8,4,4
chunked_256_p4,866,2048,2455,6359387,67577,8986220,83468,33709261,0,33928431,8115,11123314,1006015,10006531,244658,8,2048,0,2048,8,4,4
chunked_256_p4,867,2048,2745,6342075,72285,7817369,53711,29400536,0,29640895,9478,11133414,1004924,10017933,287368,8,2048,0,2048,8,4,4
chunked_256_p4,868,2048,1764,4753107,72506,8564700,66613,32007301,0,32240807,8777,12833539,1016625,11692331,249809,8,2048,0,2048,8,4,4
chunked_256_p4,869,2048,1884,4707481,67968,8663665,72115,32371942,0,32592789,9698,11407346,990997,10319327,266399,8,2048,0,2048,8,4,4
chunked_256_p4,870,2048,1393,6357493,66605,8001976,74319,30302365,0,30561269,8606,11317027,1006407,10192159,257884,8,2048,0,2048,8,4,4
chunked_256_p4,871,2048,1523,5238085,67847,8462879,64751,31822033,0,32016166,11521,11576474,998862,10440916,253505,8,2048,0,2048,8,4,4
chunked_256_p4,872,2048,1453,5075932,78747,9700388,73848,36684033,0,36942528,11872,10811480,1088189,9612302,257973,8,2048,0,2048,8,4,4
chunked_256_p4,873,2048,1653,5522499,73267,9304857,74379,33815899,0,34054436,9488,11480164,1106043,10278090,281878,8,2048,0,2048,8,4,4
chunked_256_p4,874,2048,2224,6320675,81913,8625413,75602,31429106,0,31667815,10801,12065881,1012678,10939911,250370,8,2048,0,2048,8,4,4
chunked_256_p4,875,2048,2254,5442259,67226,8639470,71283,32739262,0,32958565,12814,11783200,1028577,10646882,320160,8,2048,0,2048,8,4,4
chunked_256_p4,876,2048,2525,5234629,69320,8781977,62537,33262843,0,33472587,7604,11728558,979916,10646541,258384,8,2048,0,2048,8,4,4
chunked_256_p4,877,2048,1824,6337857,70553,8645932,68027,32404084,0,32671386,9217,6587314,1160835,5342311,239829,8,2048,0,2048,8,4,4
chunked_256_p4,878,2048,2244,7003244,75762,9906986,84258,36682901,0,36947406,12393,6677744,962103,5619380,256621,8,2048,0,2048,8,4,4
chunked_256_p4,879,2048,1833,5164638,85941,10040295,73920,35498201,0,35724306,11331,7120273,971009,6062531,290114,8,2048,0,2048,8,4,4
chunked_256_p4,880,2048,1884,6478220,122269,10032521,68268,37741134,0,37979512,9628,7253412,988943,6178067,267512,8,2048,0,2048,8,4,4
chunked_256_p4,881,2048,2595,5711423,70171,10434854,74770,36037992,0,36285295,7604,7265615,965529,6234643,237414,8,2048,0,2048,8,4,4
chunked_256_p4,882,2048,1603,5665938,70713,10276377,65994,37550226,0,37825784,11772,7834291,1265141,6480354,251561,8,2048,0,2048,8,4,4
chunked_256_p4,883,2048,1613,5521266,68068,10214261,75832,37272887,0,37509631,9638,8741642,976500,7666086,245169,8,2048,0,2048,8,4,4
chunked_256_p4,884,2048,2836,6558921,65923,9739171,74328,35751624,0,36070332,6251,8395272,975999,7347459,237435,8,2048,0,2048,8,4,4
chunked_256_p4,885,2048,2605,6485033,74360,9867942,72345,37254352,0,37477620,10580,8154641,1118445,6970432,271489,8,2048,0,2048,8,4,4
chunked_256_p4,886,2048,2184,5531526,66986,9675351,63619,36908233,0,37276785,8366,8024328,946062,6973058,246472,8,2048,0,2048,8,4,4
chunked_256_p4,887,2048,1954,5950541,69991,10308157,73799,38184273,0,38413074,11912,8950773,1007518,7834241,260699,8,2048,0,2048,8,4,4
chunked_256_p4,888,2048,2385,43258714,80101,12402331,71895,47171645,0,47393391,10600,9196755,1004973,8118224,233878,8,2048,0,2048,8,4,4
chunked_256_p4,889,2048,1763,6457922,75802,11703441,71003,42208936,0,42449807,8797,9762865,999473,8631485,268614,8,2048,0,2048,8,4,4
chunked_256_p4,890,2048,2334,6646545,71264,10365104,73497,39811080,0,40048316,9839,9204739,990195,8087095,272811,8,2048,0,2048,8,4,4
chunked_256_p4,891,2048,1633,6343708,69139,10956632,75551,40567591,0,40792863,9027,8677271,994404,7608428,259757,8,2048,0,2048,8,4,4
chunked_256_p4,892,2048,1232,6534044,70622,10743612,74649,39850588,0,40132096,8736,8829035,1011385,7741036,247113,8,2048,0,2048,8,4,4
chunked_256_p4,893,2048,1543,6423177,70161,11826231,77714,43123481,0,43385029,8376,8674806,997249,7607927,250379,8,2048,0,2048,8,4,4
chunked_256_p4,894,2048,1804,6554172,69330,9737247,69729,37708623,0,37934555,11160,8389431,1007638,7290532,259647,8,2048,0,2048,8,4,4
chunked_256_p4,895,2048,1864,6471166,67126,10367458,74328,39064394,0,39324932,9928,9042535,1022496,7937995,248867,8,2048,0,2048,8,4,4
chunked_256_p4,896,2048,1803,5358181,72245,10313056,79710,38750716,0,39009994,10740,8356750,975138,7283669,254838,8,2048,0,2048,8,4,4
chunked_256_p4,897,2048,1623,5007022,65963,10486120,71204,40259896,0,40656718,11241,8946045,991388,7876120,245500,8,2048,0,2048,8,4,4
chunked_256_p4,898,2048,1663,6880554,66655,11393871,66735,42806867,0,43040346,9557,8767479,971220,7695181,246773,8,2048,0,2048,8,4,4
chunked_256_p4,899,2048,1543,6690227,66925,10648544,78726,40634555,0,40865748,9718,9012799,961753,7953374,239699,8,2048,0,2048,8,4,4
chunked_256_p4,900,2048,2064,6687702,69270,10900848,89238,41522360,0,41797005,9137,9362595,1000966,8275799,271348,8,2048,0,2048,8,4,4
chunked_256_p4,901,2048,2205,6575882,73107,11883138,74760,45123228,0,45643211,7945,9515672,1007709,8424357,249818,8,2048,0,2048,8,4,4
chunked_256_p4,902,2048,2284,5238676,66605,10751878,75221,40970295,0,41333436,8997,8713699,1010824,7618596,250850,8,2048,0,2048,8,4,4
chunked_256_p4,903,2048,1963,6770017,65152,11029789,65764,42174363,0,42409472,8676,9829460,981800,8756209,243186,8,2048,0,2048,8,4,4
chunked_256_p4,904,2048,1663,6862951,66935,10450143,75100,40585054,0,40829411,10219,9045140,997179,7900666,261350,8,2048,0,2048,8,4,4
chunked_256_p4,905,2048,1933,7034583,75471,12160197,81354,43975253,0,44264811,8697,9350202,1088089,8198032,253816,8,2048,0,2048,8,4,4
chunked_256_p4,906,2048,1513,5362389,96280,12066622,86410,43514143,0,43754000,10850,9473082,1002288,8354014,254407,8,2048,0,2048,8,4,4
chunked_256_p4,907,2048,1623,6492486,68198,12278439,65201,44974900,0,45181456,9267,9406076,962884,8316445,254147,8,2048,0,2048,8,4,4
chunked_256_p4,908,2048,2124,6912303,73357,11950595,73316,44126621,0,44371016,9057,9500814,961481,8434575,287298,8,2048,0,2048,8,4,4
chunked_256_p4,909,2048,2945,6530738,69210,12033921,69290,43308008,0,43540261,8947,10071213,1226318,8767209,240862,8,2048,0,2048,8,4,4
chunked_256_p4,910,2048,1943,7116757,67256,10991117,72357,41645430,0,41892034,12624,10703167,1010253,9519920,276539,8,2048,0,2048,8,4,4
chunked_256_p4,911,2048,1684,6787369,71514,11035951,69171,42198888,0,42507507,11492,9062543,1052873,7885998,257172,8,2048,0,2048,8,4,4
chunked_256_p4,912,2048,1864,5453439,66815,11717507,89316,45292916,0,45548943,9016,9585592,997760,8460845,238907,8,2048,0,2048,8,4,4
chunked_256_p4,913,2048,2034,5094136,74229,11464534,96373,44056791,0,44374667,12113,9441233,979365,8326153,262842,8,2048,0,2048,8,4,4
chunked_256_p4,914,2048,2365,4909530,69770,13113684,81583,49746001,0,50031694,7765,9652528,976519,8514846,248646,8,2048,0,2048,8,4,4
chunked_256_p4,915,2048,2054,6146869,71945,11531139,86543,43705831,0,43980617,11161,9464616,1108688,8243859,259837,8,2048,0,2048,8,4,4
chunked_256_p4,916,2048,1643,6829548,84268,11100762,78350,42185514,0,42496487,10270,9814472,985016,8683342,250029,8,2048,0,2048,8,4,4
chunked_256_p4,917,2048,1693,5217597,73768,11056159,77226,41630353,0,41941177,15930,10699981,1073502,9481007,243907,8,2048,0,2048,8,4,4
chunked_256_p4,918,2048,1654,6521471,73036,11171475,85250,42594789,0,42901145,11512,10180748,971060,9094743,255038,8,2048,0,2048,8,4,4
chunked_256_p4,919,2048,1844,6586843,67517,11559292,75270,43590615,0,43832758,10139,9519419,1005574,8415050,265527,8,2048,0,2048,8,4,4
chunked_256_p4,920,2048,1744,6640293,98164,10850704,66554,41369565,0,41588954,14407,10309249,1068793,9137042,243366,8,2048,0,2048,8,4,4
chunked_256_p4,921,2048,2384,6884001,66064,11212341,81994,41239721,0,41491364,9547,9754569,1023688,8617829,239990,8,2048,0,2048,8,4,4
chunked_256_p4,922,2048,1844,6595650,64941,10586880,70481,40771252,0,41047150,9748,9974451,983963,8858540,240500,8,2048,0,2048,8,4,4
chunked_256_p4,923,2048,1543,6669818,65022,11447773,77223,42488992,0,42816884,9227,9619577,972432,8545154,242594,8,2048,0,2048,8,4,4
chunked_256_p4,924,2048,1573,5275696,81993,13192562,91192,48022632,0,48316162,11993,9913037,998351,8846227,243586,8,2048,0,2048,8,4,4
chunked_256_p4,925,2048,1433,5373439,69580,11565704,87525,42491088,0,42761873,10470,9581846,1043616,8458751,243105,8,2048,0,2048,8,4,4
chunked_256_p4,926,2048,1974,6421894,68979,12283228,88656,44547098,0,44789032,10349,10487914,974125,9410224,248696,8,2048,0,2048,8,4,4
chunked_256_p4,927,2048,2234,12630980,72677,11455888,72765,42906015,0,43221765,8516,10117440,1079182,8954931,242985,8,2048,0,2048,8,4,4
chunked_256_p4,928,2048,1924,6761290,68128,11579780,83657,43002623,0,43240020,8456,10611005,1121632,9377093,262792,8,2048,0,2048,8,4,4
chunked_256_p4,929,2048,1673,6221238,118472,11246906,97052,41250091,0,41614332,10690,10976540,1070896,9811135,251772,8,2048,0,2048,8,4,4
chunked_256_p4,930,2048,2285,7568653,65623,11811464,71285,43810156,0,44028257,11651,11967586,971020,10864189,251451,8,2048,0,2048,8,4,4
chunked_256_p4,931,2048,1743,6269418,66565,11559452,79919,43969137,0,44201321,9117,10374942,981189,9260113,299972,8,2048,0,2048,8,4,4
chunked_256_p4,932,2048,1332,6407978,68659,11415121,78826,43872744,0,44111253,9127,9855359,1018669,8736862,248666,8,2048,0,2048,8,4,4
chunked_256_p4,933,2048,1613,6726615,68649,11718570,71905,42981184,0,43263805,8045,10246421,1030691,9102217,236904,8,2048,0,2048,8,4,4
chunked_256_p4,934,2048,2124,6627990,73227,11782058,77704,43218521,0,43463196,8045,10282779,988904,9201963,241423,8,2048,0,2048,8,4,4
chunked_256_p4,935,2048,1733,6287913,70932,11764336,79720,42092679,0,42356495,10911,9971717,965810,8885220,260087,8,2048,0,2048,8,4,4
chunked_256_p4,936,2048,2374,5527297,86292,12352017,75841,45325739,0,45646258,9789,11070225,992420,9966647,241353,8,2048,0,2048,8,4,4
chunked_256_p4,937,2048,1663,5209603,144461,12228025,73308,46275928,0,46585300,11221,10797003,966441,9689969,276438,8,2048,0,2048,8,4,4
chunked_256_p4,938,2048,1412,5398657,65733,11198565,87725,42710829,0,42997264,10701,10639859,984244,9546329,256210,8,2048,0,2048,8,4,4
chunked_256_p4,939,2048,1543,5203622,69661,11997222,72256,44905239,0,45117808,24766,10552355,972342,9461740,238426,8,2048,0,2048,8,4,4
chunked_256_p4,940,2048,2375,5464330,89698,12712763,91211,46555261,0,46828816,7414,10475340,1077218,9322690,235762,8,2048,0,2048,8,4,4
chunked_256_p4,941,2048,1593,7569014,70191,12505574,77715,43986277,0,44228591,10550,10567513,973424,9509871,266158,8,2048,0,2048,8,4,4
chunked_256_p4,942,2048,2355,5458379,78387,11307770,81902,43145111,0,43383105,11762,10375693,979024,9306600,221135,8,2048,0,2048,8,4,4
chunked_256_p4,943,2048,1342,5433022,126857,10273161,85821,38721310,0,39005964,13906,10438310,1032736,9297393,217257,8,2048,0,2048,8,4,4
chunked_256_p4,944,2048,1563,5420187,107090,11712077,72519,42793754,0,43034565,8966,10455763,985848,9384386,244689,8,2048,0,2048,8,4,4
chunked_256_p4,945,2048,1613,5600615,67878,10921937,79770,42097981,0,42323392,9808,10093414,972041,9017969,279104,8,2048,0,2048,8,4,4
chunked_256_p4,946,2048,1843,6828657,67877,12753489,88334,46658164,0,46898553,10350,10084107,980528,9024261,235862,8,2048,0,2048,8,4,4
chunked_256_p4,947,2048,1483,7949577,71545,12765703,70190,47881358,0,48118690,12042,10190306,965910,9133976,251461,8,2048,0,2048,8,4,4
chunked_256_p4,948,2048,2214,6343518,69921,11612341,78607,43596637,0,43860670,10219,10708537,950371,9604819,247313,8,2048,0,2048,8,4,4
chunked_256_p4,949,2048,2214,6181284,65783,11869893,66687,44687633,0,44941987,10300,10607618,991588,9486988,284473,8,2048,0,2048,8,4,4
chunked_256_p4,950,2048,2134,7721359,71284,12970746,79710,46743906,0,47016305,12022,10145582,1071417,8978775,235902,8,2048,0,2048,8,4,4
chunked_256_p4,951,2048,1393,6233020,73819,11277393,74670,42882929,0,43126886,9929,11056029,988563,9953542,238817,8,2048,0,2048,8,4,4
chunked_256_p4,952,2048,1493,4887659,66214,11767962,75353,43157945,0,43412823,10550,10368701,981339,9283116,249728,8,2048,0,2048,8,4,4
chunked_256_p4,953,2048,1403,6106654,66695,11440469,63469,43134020,0,43383247,11292,10542296,963024,9439939,289583,8,2048,0,2048,8,4,4
chunked_256_p4,954,2048,1683,7223897,76924,11093679,74851,42161478,0,42461150,7064,10560670,1011285,9456221,235521,8,2048,0,2048,8,4,4
chunked_256_p4,955,2048,1764,6437553,76904,12167180,76917,43987049,0,44219986,10029,11004692,1004432,9912315,240591,8,2048,0,2048,8,4,4
chunked_256_p4,956,2048,1703,6122323,67386,10379130,75369,40029304,0,40289630,10850,10675615,967042,9552401,236233,8,2048,0,2048,8,4,4
chunked_256_p4,957,2048,2635,7647982,89868,10907600,80583,41994817,0,42269922,9197,10987881,1016655,9844007,250399,8,2048,0,2048,8,4,4
chunked_256_p4,958,2048,1673,7534609,70242,10492773,80241,40473588,0,40740395,7925,10756958,1083240,9546740,241623,8,2048,0,2048,8,4,4
chunked_256_p4,959,2048,1593,6002599,68308,10769501,71564,41604265,0,41824175,10409,10508813,971370,9415985,256210,8,2048,0,2048,8,4,4
chunked_256_p4,960,2048,1343,7183120,86031,11105801,78227,41421179,0,41667993,11281,10239678,1071298,9074876,249388,8,2048,0,2048,8,4,4
chunked_256_p4,961,2048,8997,6458893,73077,12781101,75882,46958797,0,47192277,10129,10427490,990666,9321769,262723,8,2048,0,2048,8,4,4
chunked_256_p4,962,2048,1863,6608144,72606,10111037,81792,38711764,0,38989183,10830,10980627,1008379,9835621,244298,8,2048,0,2048,8,4,4
chunked_256_p4,963,2048,1673,6457181,69691,10595245,73207,41355847,0,41593162,11722,10834473,964547,9739362,283701,8,2048,0,2048,8,4,4
chunked_256_p4,964,2048,1463,7911205,72656,11859153,71203,43606185,0,43828061,9698,10629600,940022,9610219,240330,8,2048,0,2048,8,4,4
chunked_256_p4,965,2048,1994,6658939,71033,11146557,78287,42895344,0,43163676,7985,10441927,978323,9371231,251822,8,2048,0,2048,8,4,4
chunked_256_p4,966,2048,1844,5544971,73998,11492657,80842,43274054,0,43548068,8677,11186453,983783,10112971,246803,8,2048,0,2048,8,4,4
chunked_256_p4,967,2048,1613,6312519,73087,11729090,84377,45326669,0,45603700,11912,10861985,1101203,9657097,261350,8,2048,0,2048,8,4,4
chunked_256_p4,968,2048,1483,6370438,72266,10926235,71273,41965581,0,42248262,11171,10517699,1067500,9343198,265829,8,2048,0,2048,8,4,4
chunked_256_p4,969,2048,1824,6150596,75040,12722521,82825,44006124,0,44328318,12403,11207823,1045148,10071834,239819,8,2048,0,2048,8,4,4
chunked_256_p4,970,2048,1413,5147927,92994,12262850,99416,47369810,0,47679880,11541,11189599,1184891,9862842,236393,8,2048,0,2048,8,4,4
chunked_256_p4,971,2048,1673,6000314,68408,11107434,73158,42265251,0,42554896,10780,10987680,983563,9860218,240982,8,2048,0,2048,8,4,4
chunked_256_p4,972,2048,1803,6050739,70983,12381773,69541,44657114,0,44885874,12835,11077678,1094892,9881367,239679,8,2048,0,2048,8,4,4
chunked_256_p4,973,2048,2023,6338759,72035,11319943,75090,43044813,0,43276526,11321,10960960,1038836,9814983,259617,8,2048,0,2048,8,4,4
chunked_256_p4,974,2048,1633,6652487,71113,11344690,76013,42115093,0,42421166,7003,11207131,999112,10069229,253535,8,2048,0,2048,8,4,4
chunked_256_p4,975,2048,1823,6649591,69350,11780877,71072,43629418,0,43836405,9387,11072248,959929,10022011,240200,8,2048,0,2048,8,4,4
chunked_256_p4,976,2048,1553,6595309,68799,11121120,68209,41483858,0,41800162,11722,11909969,968004,10858658,247353,8,2048,0,2048,8,4,4
chunked_256_p4,977,2048,1312,6434358,74971,10981819,74419,40838089,0,41068208,8586,11286540,962654,10243445,265678,8,2048,0,2048,8,4,4
chunked_256_p4,978,2048,1783,7690502,67106,10882914,67667,41086214,0,41344024,10430,12012060,997620,10900487,255038,8,2048,0,2048,8,4,4
chunked_256_p4,979,2048,1613,6525348,70171,11133394,70782,40822731,0,41046178,9618,11154423,1170273,9864615,242003,8,2048,0,2048,8,4,4
chunked_256_p4,980,2048,1733,6514809,75862,11535447,66514,43400750,0,43625420,9518,10742180,962543,9690249,249318,8,2048,0,2048,8,4,4
chunked_256_p4,981,2048,1653,7001300,78106,10666959,81723,40880680,0,41112193,12703,10970157,972412,9891185,260318,8,2048,0,2048,8,4,4
chunked_256_p4,982,2048,2044,8307979,71444,11505090,73106,43021229,0,43284111,9909,16855977,1006075,15726000,238978,8,2048,0,2048,8,4,4
chunked_256_p4,983,2048,1754,6842101,74158,11879552,69961,44593617,0,44851298,10490,11327718,977342,10200575,232756,8,2048,0,2048,8,4,4
chunked_256_p4,984,2048,1462,6941549,168456,12544328,80031,45365161,0,45668459,10660,10509945,958677,9459657,251782,8,2048,0,2048,8,4,4
chunked_256_p4,985,2048,1794,5548097,67687,11407978,75533,43977591,0,44227390,8837,11563530,1065567,10374391,259046,8,2048,0,2048,8,4,4
chunked_256_p4,986,2048,1362,6386999,65502,12634577,88456,48396023,0,48683903,15900,10851445,1010794,9713252,251682,8,2048,0,2048,8,4,4
chunked_256_p4,987,2048,1864,6624424,70882,12021007,81334,44709744,0,44940687,7975,10982961,1008430,9873692,243316,8,2048,0,2048,8,4,4
chunked_256_p4,988,2048,2916,8002757,65522,11990500,66474,44824078,0,45053477,7685,11164772,975698,10107891,249338,8,2048,0,2048,8,4,4
chunked_256_p4,989,2048,1714,6850728,72065,12356535,69601,45619959,0,45854206,9347,11098928,972543,10034404,245881,8,2048,0,2048,8,4,4
chunked_256_p4,990,2048,2134,6023598,71584,11843865,87696,44796707,0,45045234,12323,11105481,986118,10019917,246261,8,2048,0,2048,8,4,4
chunked_256_p4,991,2048,2264,6064876,68568,11692320,82686,45174784,0,45435895,10670,11773082,1028758,10622205,246532,8,2048,0,2048,8,4,4
chunked_256_p4,992,2048,1944,6361811,96330,12102599,71432,45907306,0,46203281,9748,11053393,987160,9958251,282399,8,2048,0,2048,8,4,4
chunked_256_p4,993,2048,1654,6063783,68829,12339884,79630,45721649,0,46025960,15218,11821202,978614,10748702,251792,8,2048,0,2048,8,4,4
chunked_256_p4,994,2048,1593,5891541,89558,11144854,73228,43045546,0,43419396,12573,11306247,1018760,10152926,250449,8,2048,0,2048,8,4,4
chunked_256_p4,995,2048,1823,6818397,66635,11489420,81392,43492283,0,43750906,11953,11868120,999092,10735168,250810,8,2048,0,2048,8,4,4
chunked_256_p4,996,2048,1463,7092581,71274,11132622,74860,42446662,0,42674839,11271,12094965,993592,10937566,242054,8,2048,0,2048,8,4,4
chunked_256_p4,997,2048,1744,6475314,68519,11192194,70974,43612478,0,43915746,8716,11752183,1008250,10627125,254637,8,2048,0,2048,8,4,4
chunked_256_p4,998,2048,1724,6658257,67196,12069177,78387,45887180,0,46116410,9107,11242318,978263,10136906,249047,8,2048,0,2048,8,4,4
chunked_256_p4,999,2048,2104,6453082,69280,11121571,83968,42036343,0,42283649,9658,10739665,974266,9654402,236182,8,2048,0,2048,8,4,4
chunked_256_p4,1000,2048,1713,6550856,65964,12224949,67236,45021157,0,45231220,12534,10989945,1016616,9873792,272571,8,2048,0,2048,8,4,4
chunked_256_p4,1001,2048,2294,6642117,68679,12371533,71655,46791625,0,47040001,14678,11365679,1120821,10142707,266640,8,2048,0,2048,8,4,4
chunked_256_p4,1002,2048,2555,8321344,71594,12091148,83806,45042015,0,45281065,9608,12564345,1033206,11392239,294793,8,2048,0,2048,8,4,4
chunked_256_p4,1003,2048,2645,8535164,74840,11602893,81532,43425697,0,43675685,10059,13425338,1007317,12278189,266600,8,2048,0,2048,8,4,4
chunked_256_p4,1004,2048,1803,6813669,71113,11080854,77746,42838290,0,43137659,11681,12969844,1073552,11676962,470161,8,2048,0,2048,8,4,4
chunked_256_p4,1005,2048,2755,7497830,71815,12073014,85869,45449278,0,45695079,8106,12287265,986098,11183498,243677,8,2048,0,2048,8,4,4
chunked_256_p4,1006,2048,2234,7879867,73077,11613924,71567,44164611,0,44403359,9047,12281805,988662,11149083,240310,8,2048,0,2048,8,4,4
chunked_256_p4,1007,2048,2205,6429137,72966,12215992,77766,45068826,0,45311011,10740,12050632,1118917,10773288,284924,8,2048,0,2048,8,4,4
chunked_256_p4,1008,2048,3216,6530377,64931,11663918,251785,43793257,0,44239825,9779,12079987,1119968,10823743,264425,8,2048,0,2048,8,4,4
chunked_256_p4,1009,2048,2544,6603264,68599,10933709,69220,42035113,0,42377814,9458,12373958,998311,11239722,237445,8,2048,0,2048,8,4,4
chunked_256_p4,1010,2048,3186,7032268,71353,11522803,74791,42239093,0,42475056,10289,11014641,959408,9914218,273833,8,2048,0,2048,8,4,4
chunked_256_p4,1011,2048,1973,7081871,73147,12638664,72215,46348585,0,46588284,11311,7084476,1253388,5740567,292708,8,2048,0,2048,8,4,4
chunked_256_p4,1012,2048,2474,7874255,107963,13687239,80218,48480993,0,48756415,13426,7306132,1078592,6152790,238427,8,2048,0,2048,8,4,4
chunked_256_p4,1013,2048,1513,7513249,73388,14112466,81944,50737899,0,51058420,13596,7225510,1047272,6012758,251953,8,2048,0,2048,8,4,4
chunked_256_p4,1014,2048,2495,7355123,67757,13020990,77503,49155295,0,49452409,11191,8365586,1265782,6964170,255017,8,2048,0,2048,8,4,4
chunked_256_p4,1015,2048,1443,7048558,72586,13158088,80692,49719473,0,49984679,8846,7454640,967363,6389524,244748,8,2048,0,2048,8,4,4
chunked_256_p4,1016,2048,2745,7565888,77876,13562084,78248,49471827,0,49730503,12073,7834531,967934,6782119,257222,8,2048,0,2048,8,4,4
chunked_256_p4,1017,2048,2865,7125112,95699,12820395,80982,48501329,0,48806621,10549,7770581,990055,6648960,253766,8,2048,0,2048,8,4,4
chunked_256_p4,1018,2048,1973,5939751,75932,12024694,92613,46060605,0,46307366,12553,8639680,1011465,7520382,242074,8,2048,0,2048,8,4,4
chunked_256_p4,1019,2048,9598,7272368,94086,13015109,90470,49270439,0,49518725,12344,8655961,996267,7542535,241653,8,2048,0,2048,8,4,4
chunked_256_p4,1020,2048,2174,6500632,74149,13008838,84009,48528299,0,48814707,12193,47755842,976239,46636013,263975,8,2048,0,2048,8,4,4
chunked_256_p4,1021,2048,2295,9134277,70863,14158572,75490,55359912,0,55633492,12213,8222849,1136009,6985551,247103,8,2048,0,2048,8,4,4
chunked_256_p4,1022,2048,1794,7992878,73598,15252953,88676,58456432,0,58836237,8897,10662731,992360,9542782,272080,8,2048,0,2048,8,4,4
chunked_256_p4,1023,2048,2975,8207601,72375,15367377,85632,59337526,0,59683024,8365,8917671,1023688,7791431,246552,8,2048,0,2048,8,4,4
chunked_256_p4,1024,2048,3557,8643166,73487,14758997,88145,56123592,0,56401353,9849,9200842,977942,8123513,243476,8,2048,0,2048,8,4,4
chunked_256_p4,1025,2048,2234,7485397,87193,16316566,85260,58659074,0,58928330,13325,9385027,1078892,8220345,270186,8,2048,0,2048,8,4,4
chunked_256_p4,1026,2048,1794,7807901,67527,14473452,105036,55618465,0,55904992,11852,8875762,981720,7769820,254628,8,2048,0,2048,8,4,4
chunked_256_p4,1027,2048,2255,9152200,96310,16060496,88445,59535607,0,59822592,10720,8893196,984746,7797221,259025,8,2048,0,2048,8,4,4
chunked_256_p4,1028,2048,2014,7899633,117000,15504044,89657,59127621,0,59401915,11161,8811191,1055769,7625840,259175,8,2048,0,2048,8,4,4
chunked_256_p4,1029,2048,2004,7903711,74219,14504921,90771,55659089,0,55928979,10901,8857198,1007408,7724025,262212,8,2048,0,2048,8,4,4
chunked_256_p4,1030,2048,2124,8252554,68368,14207704,83595,54709442,0,54980159,10580,8726954,1063924,7518520,242665,8,2048,0,2048,8,4,4
chunked_256_p4,1031,2048,1533,8398348,69610,14201573,77574,55269443,0,55514502,13134,8866134,1229885,7518860,251000,8,2048,0,2048,8,4,4
chunked_256_p4,1032,2048,1432,9778194,71615,15698018,86792,56813135,0,57065397,11561,9160456,983473,8103345,243817,8,2048,0,2048,8,4,4
chunked_256_p4,1033,2048,1813,7608608,67085,14365671,82967,54933952,0,55192017,7083,8678904,990916,7593870,254667,8,2048,0,2048,8,4,4
chunked_256_p4,1034,2048,1402,9079434,65242,15057928,70681,57173651,0,57487377,12132,9286141,1006806,8181682,237536,8,2048,0,2048,8,4,4
chunked_256_p4,1035,2048,1512,7109573,74690,15476031,69039,52955424,0,53185104,10018,9824841,969537,8725691,256240,8,2048,0,2048,8,4,4
chunked_256_p4,1036,2048,1703,5862366,66766,13992722,85860,53908462,0,54163879,9418,9978589,980878,8896893,251902,8,2048,0,2048,8,4,4
chunked_256_p4,1037,2048,1933,8297810,69420,14931009,98123,57367072,0,57763644,10179,9529367,997920,8415580,252303,8,2048,0,2048,8,4,4
chunked_256_p4,1038,2048,1462,8032593,74890,13734377,83005,52590654,0,53008495,8456,8976462,993592,7901617,253936,8,2048,0,2048,8,4,4
chunked_256_p4,1039,2048,1974,7700791,97633,14404202,87274,53593612,0,53851295,8416,8963417,974085,7894113,257202,8,2048,0,2048,8,4,4
chunked_256_p4,1040,2048,2394,7822148,66495,18111109,101210,60851812,0,67755520,12052,9199469,1022777,8086353,237575,8,2048,0,2048,8,4,4
chunked_256_p4,1041,2048,2545,8794260,122018,14106945,76774,54752102,0,55011628,10290,9261997,978183,8176933,242885,8,2048,0,2048,8,4,4
chunked_256_p4,1042,2048,2424,6589037,87293,15492122,102204,53462235,0,53774311,12433,9542552,974106,8480281,253105,8,2048,0,2048,8,4,4
chunked_256_p4,1043,2048,1563,6411775,87474,16399912,123852,61185740,0,61472226,9517,9225237,980508,8173216,255890,8,2048,0,2048,8,4,4
chunked_256_p4,1044,2048,1703,8199746,77776,14533725,79038,55707241,0,55997836,14657,11705916,1493138,10109745,254607,8,2048,0,2048,8,4,4
chunked_256_p4,1045,2048,1663,7580896,67196,13250080,74021,51448571,0,51673224,14056,12382404,1480555,10798706,264085,8,2048,0,2048,8,4,4
chunked_256_p4,1046,2048,2675,7244656,85750,13975620,76434,53517147,0,53747161,10710,9639895,978935,8559931,254787,8,2048,0,2048,8,4,4
chunked_256_p4,1047,2048,2565,8679875,70212,16216238,69779,58897350,0,59205759,13335,9673197,987541,8572013,236343,8,2048,0,2048,8,4,4
chunked_256_p4,1048,2048,1503,8853360,69360,15139791,99065,56368282,0,56631383,10340,9678477,989064,8578676,260819,8,2048,0,2048,8,4,4
chunked_256_p4,1049,2048,1493,7883783,88225,14829129,76664,56558109,0,56803888,11051,9611181,963385,8532951,254417,8,2048,0,2048,8,4,4
chunked_256_p4,1050,2048,2795,7088594,80000,14192886,75922,53329225,0,53560739,11411,9595701,984876,8526818,242966,8,2048,0,2048,8,4,4
chunked_256_p4,1051,2048,1553,7582719,67056,14909500,91722,57564804,0,57823337,8355,10210794,991358,9068093,246272,8,2048,0,2048,8,4,4
chunked_256_p4,1052,2048,1673,8270689,109375,13934513,75301,53394830,0,53645700,16310,10577541,1150826,9286722,249818,8,2048,0,2048,8,4,4
chunked_256_p4,1053,2048,1543,8389742,73578,14941469,82255,54758064,0,55076009,13596,9641729,987170,8581492,244558,8,2048,0,2048,8,4,4
chunked_256_p4,1054,2048,2564,7691854,70622,15005931,78457,56699542,0,56935675,10249,9916172,963946,8827413,260247,8,2048,0,2048,8,4,4
chunked_256_p4,1055,2048,1473,8590619,88937,16033285,1559704,56756528,0,58471863,8296,9742557,985006,8665839,248446,8,2048,0,2048,8,4,4
chunked_256_p4,1056,2048,1312,7839431,72767,15456315,72536,56341443,0,56560330,8966,11129085,1767973,9200582,270186,8,2048,0,2048,8,4,4
chunked_256_p4,1057,2048,2305,8099387,81062,16207843,98636,60228916,0,61141527,10199,11448874,1479122,9842123,267572,8,2048,0,2048,8,4,4
chunked_256_p4,1058,2048,2535,9437385,71574,14491296,88268,54378452,0,54652696,12684,9770840,996538,8691367,240882,8,2048,0,2048,8,4,4
chunked_256_p4,1059,2048,1553,8173837,72365,14263469,76222,54016286,0,54246494,9678,10848279,972131,9726076,279163,8,2048,0,2048,8,4,4
chunked_256_p4,1060,2048,1833,141620218,121648,14750561,80420,54361993,0,54658486,9258,10048421,975959,8979307,272651,8,2048,0,2048,8,4,4
chunked_256_p4,1061,2048,2494,7815286,121338,15930132,72503,54247837,0,54504046,10750,10073828,1007899,8976822,253245,8,2048,0,2048,8,4,4
chunked_256_p4,1062,2048,1853,8835207,73217,14079685,78227,54411643,0,54662725,2956,10103463,1008350,8984256,266470,8,2048,0,2048,8,4,4
chunked_256_p4,1063,2048,2264,7865580,73147,14273408,78047,53302327,0,53621823,11712,10202259,1041582,9056752,239188,8,2048,0,2048,8,4,4
chunked_256_p4,1064,2048,2675,7989302,70131,15760174,77776,59169420,0,59429219,9378,9888842,993682,8797236,243997,8,2048,0,2048,8,4,4
chunked_256_p4,1065,2048,2294,8169169,68799,15782726,92023,58338722,0,58712094,9698,10001412,963004,8947507,277840,8,2048,0,2048,8,4,4
chunked_256_p4,1066,2048,1813,8001294,121408,15127077,74992,57227579,0,57512286,8907,10319297,1174451,9059798,250911,8,2048,0,2048,8,4,4
chunked_256_p4,1067,2048,1803,8625003,76674,15209482,77144,58537176,0,58798284,10269,10673041,1002900,9546670,272070,8,2048,0,2048,8,4,4
chunked_256_p4,1068,2048,2194,7977149,77856,14290279,77455,54848583,0,55109442,9358,11224544,970228,10146364,269916,8,2048,0,2048,8,4,4
chunked_256_p4,1069,2048,2515,8815149,75712,14879703,292468,55567680,0,56097946,9859,10319347,1062852,9148744,252804,8,2048,0,2048,8,4,4
chunked_256_p4,1070,2048,1743,7549267,75912,14740383,73858,55188110,0,55432076,10320,12214019,1141490,10955590,271248,8,2048,0,2048,8,4,4
chunked_256_p4,1071,2048,2594,7678269,157064,15441346,79459,56418565,0,56711675,9307,11816884,1480304,10208951,247324,8,2048,0,2048,8,4,4
chunked_256_p4,1072,2048,2144,8701656,98013,14756153,89086,55254144,0,55545218,11782,11067960,1179931,9760430,246471,8,2048,0,2048,8,4,4
chunked_256_p4,1073,2048,2254,8123212,78597,15109034,91433,58023011,0,58322084,18285,10724778,1330713,9262197,254978,8,2048,0,2048,8,4,4
chunked_256_p4,1074,2048,1673,7379189,123602,14807538,77305,55677948,0,55937503,9518,10761136,982952,9641127,257683,8,2048,0,2048,8,4,4
chunked_256_p4,1075,2048,2404,7733763,73557,15700542,68357,56606276,0,56876173,10741,11118195,1387520,9621209,238237,8,2048,0,2048,8,4,4
chunked_256_p4,1076,2048,2575,9717360,79148,16016144,92664,57550526,0,57906384,7855,10695633,976740,9603176,251672,8,2048,0,2048,8,4,4
chunked_256_p4,1077,2048,1583,8646674,75822,14587927,81783,55901054,0,56191902,11662,10931325,990536,9827306,267521,8,2048,0,2048,8,4,4
chunked_256_p4,1078,2048,2715,7794787,109465,15183693,85420,57597143,0,58083515,9298,12480779,1499180,10822481,311644,8,2048,0,2048,8,4,4
chunked_256_p4,1079,2048,1673,7727621,85120,16193155,89687,62288373,0,62651374,9047,10547215,1004963,9410745,293951,8,2048,0,2048,8,4,4
chunked_256_p4,1080,2048,1713,7376513,125195,16198405,78498,59646663,0,59927270,9508,11446510,978223,10351157,253285,8,2048,0,2048,8,4,4
chunked_256_p4,1081,2048,2124,8399921,141445,16611409,92502,62129114,0,62415042,11031,10691095,1174511,9391379,257943,8,2048,0,2048,8,4,4
chunked_256_p4,1082,2048,2003,7851213,81684,15481141,93365,59327825,0,59806162,9358,12415035,1740732,10531435,261750,8,2048,0,2048,8,4,4
chunked_256_p4,1083,2048,2404,8162857,126187,14901755,90719,56834064,0,57130168,18404,111081660,1125669,109770664,280897,8,2048,0,2048,8,4,4
chunked_256_p4,1084,2048,2224,3203193,63719,5821259,79549,19467720,0,19720606,10750,13488487,2264233,11061880,265888,8,2048,0,2048,8,4,4
chunked_256_p4,1085,2048,1814,3050837,71664,5133509,79918,17908479,0,18133860,8145,11335853,963295,10274223,241433,8,2048,0,2048,8,4,4
chunked_256_p4,1086,2048,2224,3293041,77805,4591044,62577,16864442,0,17174494,11241,10647713,967453,9578349,239759,8,2048,0,2048,8,4,4
chunked_256_p4,1087,2048,2024,2911015,68118,5165310,78679,17333843,0,17593690,8997,10547335,1056179,9383023,240160,8,2048,0,2048,8,4,4
chunked_256_p4,1088,2048,2144,3286980,70032,5027351,77406,18401123,0,18687428,8416,10140543,974266,9052785,247564,8,2048,0,2048,8,4,4
chunked_256_p4,1089,2048,1823,2884004,132558,5207439,85631,19002908,0,19281533,11061,10623318,959027,9533786,251822,8,2048,0,2048,8,4,4
chunked_256_p4,1090,2048,1493,3232427,67577,4837786,69249,17290633,0,17498351,7875,10569146,982672,9483161,244929,8,2048,0,2048,8,4,4
chunked_256_p4,1091,2048,1673,2035284,68198,4648691,76453,16842782,0,17047626,30186,10556422,1050448,9393623,247524,8,2048,0,2048,8,4,4
chunked_256_p4,1092,2048,2415,2866141,70392,5234469,70404,19003583,0,19481529,10079,10875810,1004041,9783404,253795,8,2048,0,2048,8,4,4
chunked_256_p4,1093,2048,1843,3110299,78407,4825763,87134,17367948,0,17707755,10460,10402023,981960,9298645,266830,8,2048,0,2048,8,4,4
chunked_256_p4,1094,2048,1232,2503121,71454,4701240,70743,16993705,0,17250066,15769,10575388,978514,9474625,267351,8,2048,0,2048,8,4,4
chunked_256_p4,1095,2048,1834,2589983,65092,4744551,81794,16796105,0,17118732,12102,10474318,1002970,9372554,238918,8,2048,0,2048,8,4,4
chunked_256_p4,1096,2048,1363,2528598,98715,5124082,97031,18440367,0,18788969,10049,10120185,966761,9033489,241703,8,2048,0,2048,8,4,4
chunked_256_p4,1097,2048,1734,2805998,70943,4433187,106851,15841024,0,16179308,11531,10397284,966541,9288126,252533,8,2048,0,2048,8,4,4
chunked_256_p4,1098,2048,1443,4107787,65923,4668769,70453,16089130,0,16570904,11251,10558085,968966,9471038,245600,8,2048,0,2048,8,4,4
chunked_256_p4,1099,2048,1663,3165772,66093,4616852,91131,15931674,0,16272675,16411,10765184,1185451,9436614,263403,8,2048,0,2048,8,4,4
chunked_256_p4,1100,2048,1874,2381853,83657,4736686,77305,17718193,0,17968233,7214,11116661,1018589,9993768,257161,8,2048,0,2048,8,4,4
chunked_256_p4,1101,2048,2745,2876330,66284,4399294,70611,16365388,0,16608632,7314,10619180,986508,9507977,248435,8,2048,0,2048,8,4,4
chunked_256_p4,1102,2048,2485,2462545,65412,5033261,74299,17775038,0,18026670,8135,10711653,989114,9601232,233718,8,2048,0,2048,8,4,4
chunked_256_p4,1103,2048,1943,2812661,123641,4996403,82764,18191789,0,18531186,12222,18905307,1223603,17550638,246662,8,2048,0,2048,8,4,4
chunked_256_p4,1104,2048,1453,2759160,66274,4656626,89066,16957006,0,17212937,11001,11018869,1033046,9845930,246552,8,2048,0,2048,8,4,4
chunked_256_p4,1105,2048,2004,1585201,70643,5191038,80701,17488285,0,17801059,8566,10485099,1001166,9372523,271528,8,2048,0,2048,8,4,4
chunked_256_p4,1106,2048,2134,2542474,70513,5049343,80270,18340879,0,18603782,8846,10378669,979276,9304736,224911,8,2048,0,2048,8,4,4
chunked_256_p4,1107,2048,1623,2512538,87684,4599990,83536,16541134,0,16875904,9828,10515596,967083,9432115,247995,8,2048,0,2048,8,4,4
chunked_256_p4,1108,2048,2255,2837106,130634,4603447,78907,16744159,0,17136961,17893,10850273,1004773,9706659,240180,8,2048,0,2048,8,4,4
chunked_256_p4,1109,2048,2194,2505826,65112,5251401,79329,19283427,0,19557822,10640,10203972,974466,9138124,257863,8,2048,0,2048,8,4,4
chunked_256_p4,1110,2048,2214,2384048,69921,4650064,84808,17129762,0,17374568,10680,10542526,985487,9412679,287159,8,2048,0,2048,8,4,4
chunked_256_p4,1111,2048,1974,2352188,105678,4742076,92714,16986812,0,17333922,10490,11074884,986328,9955546,271849,8,2048,0,2048,8,4,4
chunked_256_p4,1112,2048,1743,2401390,67687,4609819,82493,16663277,0,17085687,14938,11891594,1071118,10642112,353111,8,2048,0,2048,8,4,4
chunked_256_p4,1113,2048,1703,2519822,65412,5231283,84658,19185505,0,19615056,11081,10604322,978063,9509611,267541,8,2048,0,2048,8,4,4
chunked_256_p4,1114,2048,3045,2294610,70863,4545798,78911,16600327,0,16827846,8015,11035920,966141,9943494,256321,8,2048,0,2048,8,4,4
chunked_256_p4,1115,2048,2194,2433801,67807,4533476,73188,16644562,0,16922453,9257,11438615,939530,10401351,267020,8,2048,0,2048,8,4,4
chunked_256_p4,1116,2048,2004,2242683,67196,4975834,79910,18356209,0,18732752,10028,11213283,1107756,10012042,249567,8,2048,0,2048,8,4,4
chunked_256_p4,1117,2048,2334,2584513,155611,4987777,78738,17763207,0,18061968,8787,10696535,969447,9567339,283832,8,2048,0,2048,8,4,4
chunked_256_p4,1118,2048,2304,2370823,70583,4548785,75051,16559872,0,16825020,11010,11204817,971321,10119002,251712,8,2048,0,2048,8,4,4
chunked_256_p4,1119,2048,1373,2321029,66043,4441524,77325,16399281,0,16765659,9357,10781073,998701,9666785,233227,8,2048,0,2048,8,4,4
chunked_256_p4,1120,2048,1713,2270515,115627,5858278,85892,20955430,0,21291909,7184,11337446,987992,10253895,238107,8,2048,0,2048,8,4,4
chunked_256_p4,1121,2048,1603,2392864,75111,4905182,81541,17627841,0,17948063,12444,10942095,981429,9848406,280836,8,2048,0,2048,8,4,4
chunked_256_p4,1122,2048,2144,2492361,68278,4897949,69361,17670992,0,17960596,10489,11004141,1010654,9899742,249067,8,2048,0,2048,8,4,4
chunked_256_p4,1123,2048,1613,3806934,66445,5009939,76714,17566438,0,17846542,12724,10549940,1024941,9429430,260428,8,2048,0,2048,8,4,4
chunked_256_p4,1124,2048,2425,2767496,74770,4830522,75429,17368317,0,17649634,10589,10944519,964137,9882269,238577,8,2048,0,2048,8,4,4
chunked_256_p4,1125,2048,1733,2972210,73117,4583710,82968,16514967,0,16821362,10379,11235244,960190,10182241,248516,8,2048,0,2048,8,4,4
chunked_256_p4,1126,2048,1503,2946011,66264,4382512,78197,16303502,0,16548421,10951,11767482,979084,10680335,250419,8,2048,0,2048,8,4,4
chunked_256_p4,1127,2048,2314,2340336,73557,4983159,77647,16717006,0,16962758,8937,12353169,968064,11297511,204975,8,2048,0,2048,8,4,4
chunked_256_p4,1128,2048,1754,2398705,66955,4437525,76944,16352235,0,16625655,10991,11412607,1001146,10315180,216656,8,2048,0,2048,8,4,4
chunked_256_p4,1129,2048,1573,2335076,131136,4679038,65753,16663627,0,17145529,9237,11271993,965890,10201317,259777,8,2048,0,2048,8,4,4
chunked_256_p4,1130,2048,1422,2349784,166823,5111098,84429,18102353,0,18383550,10841,11170483,971731,10082694,235431,8,2048,0,2048,8,4,4
chunked_256_p4,1131,2048,1613,2214971,70312,4720386,73519,17423672,0,17936682,11011,11301268,1000515,10195476,237335,8,2048,0,2048,8,4,4
chunked_256_p4,1132,2048,1693,2617555,139702,4557480,76684,16617140,0,16875674,10529,11054966,1015243,9941730,244568,8,2048,0,2048,8,4,4
chunked_256_p4,1133,2048,1673,2369440,86352,4604789,102432,16708469,0,17093261,11752,10660187,1150356,9405686,255188,8,2048,0,2048,8,4,4
chunked_256_p4,1134,2048,2214,2535601,69570,4950416,83246,17783246,0,18056588,9608,10766355,982922,9679258,251381,8,2048,0,2048,8,4,4
chunked_256_p4,1135,2048,1884,2664763,66906,4698746,73487,16776437,0,17434160,9728,11385646,964768,10319197,242254,8,2048,0,2048,8,4,4
chunked_256_p4,1136,2048,1503,2401901,68759,4820964,80509,17455721,0,17702354,10109,11712738,980427,10617677,252803,8,2048,0,2048,8,4,4
chunked_256_p4,1137,2048,1733,2743732,80932,4529568,71073,16790292,0,17159936,9228,11719051,1004653,10615062,251572,8,2048,0,2048,8,4,4
chunked_256_p4,1138,2048,2274,2814835,68057,4426485,76202,16256866,0,16497223,10840,11238440,960189,10163676,240952,8,2048,0,2048,8,4,4
chunked_256_p4,1139,2048,2314,2412612,65824,4936130,84319,17688737,0,17995123,9588,10979836,985837,9882759,236423,8,2048,0,2048,8,4,4
chunked_256_p4,1140,2048,1533,2435635,68338,4696421,70971,16528423,0,16783621,10710,11388411,976841,10304700,246582,8,2048,0,2048,8,4,4
chunked_256_p4,1141,2048,1342,2501197,67346,6128885,125443,22672106,0,23064010,8476,11069524,988102,9988838,283642,8,2048,0,2048,8,4,4
chunked_256_p4,1142,2048,2204,2569015,152054,4659262,77206,16806374,0,17051264,7774,11972666,995716,10839262,248225,8,2048,0,2048,8,4,4
chunked_256_p4,1143,2048,2204,2423962,71264,5045515,71274,19016154,0,19370370,10850,12258712,986669,11161656,270467,8,2048,0,2048,8,4,4
chunked_256_p4,1144,2048,1673,9326888,72065,4542762,71002,16792198,0,17065189,12353,12138236,965789,11055677,224581,8,2048,0,2048,8,4,4
chunked_256_p4,1145,2048,1402,2446284,157876,4990912,75933,17629777,0,17864747,11141,7053829,1045840,5934411,268263,8,2048,0,2048,8,4,4
chunked_256_p4,1146,2048,2355,3157206,105287,4745093,59850,17528208,0,17783854,10179,7571689,1003931,6497326,267051,8,2048,0,2048,8,4,4
chunked_256_p4,1147,2048,1893,2686585,68308,5360746,77737,18863609,0,19182739,9117,7256118,1004172,6175964,259637,8,2048,0,2048,8,4,4
chunked_256_p4,1148,2048,1523,3207460,67507,5495098,91831,20194494,0,20429213,8536,7698597,1174361,6457752,236864,8,2048,0,2048,8,4,4
chunked_256_p4,1149,2048,1423,3097083,66725,5442849,80413,19727978,0,20008556,14317,7338803,989244,6272354,248616,8,2048,0,2048,8,4,4
chunked_256_p4,1150,2048,2144,2132686,71695,5643586,97061,18815610,0,19213235,9839,7342129,985276,6283194,243787,8,2048,0,2048,8,4,4
chunked_256_p4,1151,2048,2144,2575216,118543,5646802,86363,19706980,0,20108493,11482,8275218,990646,7198650,248686,8,2048,0,2048,8,4,4
chunked_256_p4,1152,2048,1844,2467273,89187,5732292,108032,20076721,0,20626584,10470,7532686,982892,6474473,268594,8,2048,0,2048,8,4,4
chunked_256_p4,1153,2048,2454,2649886,114305,4984892,75381,18422133,0,18744745,10059,8583535,976870,7512869,243346,8,2048,0,2048,8,4,4
chunked_256_p4,1154,2048,1684,2677768,70362,5028453,81135,18204724,0,18635683,8997,8207831,977552,7162623,232666,8,2048,0,2048,8,4,4
chunked_256_p4,1155,2048,2265,4051582,90740,5424195,77285,20130795,0,20405971,11110,8758733,1166316,7517016,235992,8,2048,0,2048,8,4,4
chunked_256_p4,1156,2048,1523,3267312,132248,6145406,92714,21934734,0,22191567,10440,7895847,961512,6856709,250078,8,2048,0,2048,8,4,4
chunked_256_p4,1157,2048,1673,2449861,107121,5544189,78588,19744380,0,19958453,13134,8266871,975699,7207026,248947,8,2048,0,2048,8,4,4
chunked_256_p4,1158,2048,2886,4122365,137758,5536565,90650,20477333,0,20761496,9758,8154200,1120390,6938232,233768,8,2048,0,2048,8,4,4
chunked_256_p4,1159,2048,1793,4393042,81663,6416584,75068,21289875,0,21544722,9137,39639713,964538,38570569,273031,8,2048,0,2048,8,4,4
chunked_256_p4,1160,2048,1573,4801698,72897,6794202,74121,25429223,0,25701877,10350,8087836,978624,6972356,239359,8,2048,0,2048,8,4,4
chunked_256_p4,1161,2048,1412,3595047,126828,6507354,110547,23935085,0,24265782,9958,7934919,973855,6878550,295664,8,2048,0,2048,8,4,4
chunked_256_p4,1162,2048,2044,3167936,139902,6491786,88525,22695600,0,22996263,12103,9260053,967593,8162997,249367,8,2048,0,2048,8,4,4
chunked_256_p4,1163,2048,1573,3775495,74149,6002107,78136,22294560,0,22530210,8285,9267867,981459,8205486,236082,8,2048,0,2048,8,4,4
chunked_256_p4,1164,2048,1543,4535208,68819,6287843,70602,22645467,0,22883552,18645,8414469,1027275,7304519,236904,8,2048,0,2048,8,4,4
chunked_256_p4,1165,2048,2104,4487159,70281,6676471,71575,23826588,0,24101075,7634,8469461,1029610,7376523,238688,8,2048,0,2048,8,4,4
chunked_256_p4,1166,2048,1532,4546600,74480,7888964,75129,26468682,0,26708198,10950,8637837,987110,7571589,246161,8,2048,0,2048,8,4,4
chunked_256_p4,1167,2048,1673,3102925,91943,6856629,74442,24511362,0,24742676,8576,8571302,999643,7511647,250810,8,2048,0,2048,8,4,4
chunked_256_p4,1168,2048,1964,3366148,108173,6769065,84639,24833566,0,25093654,11271,8598113,983724,7492220,257462,8,2048,0,2048,8,4,4
chunked_256_p4,1169,2048,1383,2732210,80942,7720498,101499,28508003,0,29235825,11892,8755758,1246176,7428891,244388,8,2048,0,2048,8,4,4
chunked_256_p4,1170,2048,1513,3136828,111699,6034167,70632,22336328,0,22732932,11292,8532419,987240,7465610,242184,8,2048,0,2048,8,4,4
chunked_256_p4,1171,2048,1603,4045080,74088,6050378,62998,22833819,0,23079709,12784,8728156,1084562,7542424,248025,8,2048,0,2048,8,4,4
chunked_256_p4,1172,2048,1553,4501817,66425,6697400,79358,23698299,0,23946844,9858,9846501,971711,8786986,242354,8,2048,0,2048,8,4,4
chunked_256_p4,1173,2048,1432,3216819,74329,6204356,74672,22963302,0,23165564,8145,10341529,964247,9273818,276849,8,2048,0,2048,8,4,4
chunked_256_p4,1174,2048,1523,4057984,67296,6543151,87015,23314693,0,23593583,10639,9612403,977322,8513554,260327,8,2048,0,2048,8,4,4
chunked_256_p4,1175,2048,2114,2452737,66534,5973794,73990,22686704,0,22959875,10430,8699062,1036443,7563263,236463,8,2048,0,2048,8,4,4
chunked_256_p4,1176,2048,1462,2399277,70983,6040189,72537,22960807,0,23283322,9318,8791224,956522,7735996,246652,8,2048,0,2048,8,4,4
chunked_256_p4,1177,2048,1432,2729585,71443,6105752,76593,22368819,0,22729963,10670,8983916,1004993,7862353,242314,8,2048,0,2048,8,4,4
chunked_256_p4,1178,2048,2084,4415144,73327,6729450,71624,23874087,0,24101836,9738,9198257,1009100,8036900,249547,8,2048,0,2048,8,4,4
chunked_256_p4,1179,2048,2194,4027968,216305,6755770,75362,24018770,0,24266123,11131,8887876,988231,7814303,189425,8,2048,0,2048,8,4,4
chunked_256_p4,1180,2048,2054,4649943,65603,6121171,75672,22686726,0,22931953,10710,9397871,964136,8342784,244608,8,2048,0,2048,8,4,4
chunked_256_p4,1181,2048,1773,4435522,67416,6407767,74028,22902728,0,23126357,7625,21737115,961321,20686977,247273,8,2048,0,2048,8,4,4
chunked_256_p4,1182,2048,2124,4591544,70862,6198326,69943,23156154,0,23406513,10440,9656135,976670,8579377,257041,8,2048,0,2048,8,4,4
chunked_256_p4,1183,2048,1593,4444298,69380,6522323,80030,22870880,0,23113664,11471,9306029,967112,8249819,182111,8,2048,0,2048,8,4,4
chunked_256_p4,1184,2048,1483,4388534,66725,6528905,96932,24006566,0,24259861,9888,9165445,968795,8105609,219601,8,2048,0,2048,8,4,4
chunked_256_p4,1185,2048,1473,4578871,71975,6728549,74557,24621018,0,24891055,13936,9415344,964357,8355317,237816,8,2048,0,2048,8,4,4
chunked_256_p4,1186,2048,1884,4574091,70833,6885312,79098,24161035,0,24402950,12754,9422869,982791,8353644,295624,8,2048,0,2048,8,4,4
chunked_256_p4,1187,2048,2023,4319465,66234,6356962,94758,23353665,0,23587932,11913,9347597,992099,8273154,207920,8,2048,0,2048,8,4,4
chunked_256_p4,1188,2048,1363,4540108,66214,6241096,86994,23208421,0,23461336,10590,9516524,970589,8425930,243767,8,2048,0,2048,8,4,4
chunked_256_p4,1189,2048,1473,4541210,74509,8158598,78608,25347710,0,25641230,11912,9575073,969737,8535525,244818,8,2048,0,2048,8,4,4
chunked_256_p4,1190,2048,1864,4107747,94958,7009135,85700,26342493,0,26615445,11421,10341880,982131,9268849,257413,8,2048,0,2048,8,4,4
chunked_256_p4,1191,2048,1793,3115889,72566,6975041,84938,25600944,0,25867442,11401,9485966,1030421,8370997,238838,8,2048,0,2048,8,4,4
chunked_256_p4,1192,2048,1403,3121700,83085,7292145,88186,25000598,0,25240399,9387,9960515,986238,8883417,245260,8,2048,0,2048,8,4,4
chunked_256_p4,1193,2048,2174,3905729,121999,6573589,94708,24230016,0,24546489,8847,9897277,981670,8825648,229179,8,2048,0,2048,8,4,4
chunked_256_p4,1194,2048,1472,3567765,68619,6844306,80669,24895723,0,25175808,10450,9886727,1033356,8761559,279002,8,2048,0,2048,8,4,4
chunked_256_p4,1195,2048,1482,3485552,148448,6243941,77565,23117512,0,23359453,10229,13353794,1004582,12204420,255809,8,2048,0,2048,8,4,4
chunked_256_p4,1196,2048,1573,3154972,69009,6976774,79470,25231040,0,25576539,8075,9563832,994273,8483778,258745,8,2048,0,2048,8,4,4
chunked_256_p4,1197,2048,1723,4081359,74580,6285729,81132,23890851,0,24134257,11041,9868093,965920,8791425,279975,8,2048,0,2048,8,4,4
chunked_256_p4,1198,2048,1653,4458716,70351,6014871,71684,22429221,0,22738883,13626,10236553,1012277,9113809,248326,8,2048,0,2048,8,4,4
chunked_256_p4,1199,2048,2104,4514360,69290,7029754,72587,24887580,0,25104223,10219,9994288,1080445,8825038,270637,8,2048,0,2048,8,4,4
chunked_256_p4,1200,2048,1362,4295550,70763,6875805,76294,24135728,0,24374356,10920,10225612,971190,9155006,289303,8,2048,0,2048,8,4,4
chunked_256_p4,1201,2048,1433,4167300,69080,6379856,76574,23770086,0,24030382,8756,9618655,985938,8548309,268423,8,2048,0,2048,8,4,4
chunked_256_p4,1202,2048,1793,4309856,69631,6633010,70981,24693805,0,24949771,7695,9433227,1028778,8327445,247163,8,2048,0,2048,8,4,4
chunked_256_p4,1203,2048,2204,4303194,80490,6697311,70813,23511658,0,23736212,10099,9662216,1002949,8567806,249407,8,2048,0,2048,8,4,4
chunked_256_p4,1204,2048,1613,3099920,76393,6771529,81492,24959315,0,25281426,9939,9803962,1010694,8699062,243105,8,2048,0,2048,8,4,4
chunked_256_p4,1205,2048,1854,4013070,72797,6800504,75601,24676654,0,24948322,7634,10314639,1004282,9232491,237105,8,2048,0,2048,8,4,4
chunked_256_p4,1206,2048,2424,4314566,72987,6954562,76923,24866447,0,25084056,12934,10432961,964748,9378084,291787,8,2048,0,2048,8,4,4
chunked_256_p4,1207,2048,1442,3521760,96471,6930427,82303,24715115,0,24945806,9368,10106639,976099,9037877,252222,8,2048,0,2048,8,4,4
chunked_256_p4,1208,2048,2474,4516093,190857,6457011,70059,23108064,0,23342271,11181,10748862,983133,9658549,257212,8,2048,0,2048,8,4,4
chunked_256_p4,1209,2048,1413,4944476,82114,7215502,77736,24681471,0,24933035,8335,10623017,974265,9556899,281337,8,2048,0,2048,8,4,4
chunked_256_p4,1210,2048,1814,4850579,72667,6772732,65865,23795532,0,24010974,10029,10699691,979916,9628634,251231,8,2048,0,2048,8,4,4
chunked_256_p4,1211,2048,1903,4361273,69079,6583086,88906,23820808,0,24098648,9157,9768586,958947,8714410,285966,8,2048,0,2048,8,4,4
chunked_256_p4,1212,2048,1643,4766041,67286,6506723,73276,24462132,0,24676382,8065,10448951,978092,9377743,246062,8,2048,0,2048,8,4,4
chunked_256_p4,1213,2048,1863,4529118,67827,6926259,69061,25529461,0,25773126,8065,11057541,976721,9960034,249508,8,2048,0,2048,8,4,4
chunked_256_p4,1214,2048,2275,4266455,70923,7126054,81141,26458783,0,26733167,8977,10115476,981950,9020484,250179,8,2048,0,2048,8,4,4
chunked_256_p4,1215,2048,1864,3497775,76163,6573589,82465,24297683,0,24606491,12233,10040946,975648,8945674,252864,8,2048,0,2048,8,4,4
chunked_256_p4,1216,2048,1373,4470607,67427,7435234,180919,25199695,0,25684773,10890,10744104,1014220,9622351,255048,8,2048,0,2048,8,4,4
chunked_256_p4,1217,2048,2545,4821686,76613,7283459,85911,25294179,0,25729184,9618,10371386,966431,9296642,209302,8,2048,0,2048,8,4,4
chunked_256_p4,1218,2048,1613,3951334,156343,6955114,75151,25245331,0,25592860,14277,10573995,1072710,9396308,255579,8,2048,0,2048,8,4,4
chunked_256_p4,1219,2048,1633,4527454,75772,6339570,68419,23534252,0,23783811,9939,10670045,989093,9554935,241502,8,2048,0,2048,8,4,4
chunked_256_p4,1220,2048,1694,4163882,174647,6351332,81432,23530668,0,23803605,10860,10397394,979987,9306339,234840,8,2048,0,2048,8,4,4
chunked_256_p4,1221,2048,1703,3945494,100809,8805601,102133,32410205,0,32782814,9638,10250429,976189,9141772,326872,8,2048,0,2048,8,4,4
chunked_256_p4,1222,2048,1893,4021646,67436,6197654,80822,23382827,0,23660300,11251,10585035,1010183,9449347,199433,8,2048,0,2048,8,4,4
chunked_256_p4,1223,2048,1373,3272252,69781,6825150,87123,25730910,0,26019589,10370,9962500,978744,8881904,210805,8,2048,0,2048,8,4,4
chunked_256_p4,1224,2048,1593,3506731,68058,6199808,89828,23456698,0,23712185,13165,10211436,977351,9108870,242635,8,2048,0,2048,8,4,4
chunked_256_p4,1225,2048,1653,4026736,65653,7789417,75514,27679961,0,27931493,9468,11353095,1257988,10001222,249308,8,2048,0,2048,8,4,4
chunked_256_p4,1226,2048,1904,3340660,71524,6344900,74318,23823822,0,24048684,8546,10630281,948928,9554385,245961,8,2048,0,2048,8,4,4
chunked_256_p4,1227,2048,2023,3338717,73418,6561987,78265,24564733,0,24795503,8897,10360986,975128,9296010,271279,8,2048,0,2048,8,4,4
chunked_256_p4,1228,2048,1954,4343670,131296,6626558,80220,24790767,0,25043239,13235,10706684,1020983,9561518,298559,8,2048,0,2048,8,4,4
chunked_256_p4,1229,2048,1353,3248207,86663,6309244,72146,23666140,0,24049528,13876,10983783,1059615,9802991,247784,8,2048,0,2048,8,4,4
chunked_256_p4,1230,2048,1773,3887385,70031,6859604,94025,25658092,0,25931423,10450,10148387,978574,9066831,250630,8,2048,0,2048,8,4,4
chunked_256_p4,1231,2048,1522,4624647,68339,7081902,69591,25169417,0,25387024,8155,11186092,975057,10080840,238837,8,2048,0,2048,8,4,4
chunked_256_p4,1232,2048,1733,4394826,66425,6796356,83525,25417370,0,25701824,12043,10053740,1064184,8866706,237124,8,2048,0,2048,8,4,4
chunked_256_p4,1233,2048,1683,5126096,71294,6599086,83557,24344072,0,24630337,12393,11003660,959748,9910943,252123,8,2048,0,2048,8,4,4
chunked_256_p4,1234,2048,1704,3406744,66294,7261036,94426,26584818,0,26885612,10149,10520285,976500,9443026,266490,8,2048,0,2048,8,4,4
chunked_256_p4,1235,2048,1693,3024638,66414,6860897,73917,25319358,0,25550019,11171,11036201,970087,9930579,241392,8,2048,0,2048,8,4,4
chunked_256_p4,1236,2048,1553,3409268,70342,6627810,84229,24257237,0,24535478,11451,10771555,1127142,9518918,239409,8,2048,0,2048,8,4,4
chunked_256_p4,1237,2048,1513,4208376,86071,6404061,81162,23974778,0,24266947,11491,11380707,979806,10255318,276619,8,2048,0,2048,8,4,4
chunked_256_p4,1238,2048,1463,4430873,72967,7036576,90991,25127155,0,25392032,11822,10786934,1142221,9539867,262492,8,2048,0,2048,8,4,4
chunked_256_p4,1239,2048,2134,4494182,73838,6893819,96982,24431152,0,24720084,8767,10943818,979756,9847403,244859,8,2048,0,2048,8,4,4
chunked_256_p4,1240,2048,1483,2828040,93375,7296724,87225,26357823,0,26595520,16291,11346322,1238491,9966667,255769,8,2048,0,2048,8,4,4
chunked_256_p4,1241,2048,1863,3197392,68227,7152424,102160,26440810,0,26775044,7875,11573298,1014241,10428763,317855,8,2048,0,2048,8,4,4
chunked_256_p4,1242,2048,1853,4141231,66514,7252090,80379,27632081,0,27921803,7935,11215477,1158501,9926812,246241,8,2048,0,2048,8,4,4
chunked_256_p4,1243,2048,1874,4608917,69390,6196582,73027,23318388,0,23566673,9097,10631804,963716,9545087,260047,8,2048,0,2048,8,4,4
chunked_256_p4,1244,2048,1583,2879206,67958,6602884,72925,24401727,0,24675941,11852,10849221,1146208,9579502,270216,8,2048,0,2048,8,4,4
chunked_256_p4,1245,2048,1513,3191551,71384,7030725,76713,25630729,0,25887862,11882,10340898,969046,9255454,278392,8,2048,0,2048,8,4,4
chunked_256_p4,1246,2048,2705,3790073,89889,7854058,114135,27890244,0,28211516,11382,10562474,1015182,9439419,266159,8,2048,0,2048,8,4,4
chunked_256_p4,1247,2048,2265,3827502,66525,7049771,89237,26422376,0,26677212,11602,10649687,977191,9540107,259416,8,2048,0,2048,8,4,4
chunked_256_p4,1248,2048,1974,2897811,70412,6313121,73708,23556172,0,23908594,11221,14783754,965820,13686798,240591,8,2048,0,2048,8,4,4
chunked_256_p4,1249,2048,1814,3148289,170970,6667074,77826,24792379,0,25046806,10139,11498247,966932,10392565,247424,8,2048,0,2048,8,4,4
chunked_256_p4,1250,2048,1743,3317406,69240,6629143,84819,24291680,0,24568199,8957,11158340,988473,10049903,252052,8,2048,0,2048,8,4,4
chunked_256_p4,1251,2048,1894,4263790,102622,6932982,97882,25924690,0,26231807,10189,12228856,1044607,11068081,259647,8,2048,0,2048,8,4,4
chunked_256_p4,1252,2048,1703,4489232,111689,6773243,72455,24807790,0,25081582,14086,10703708,1048374,9547952,258204,8,2048,0,2048,8,4,4
chunked_256_p4,1253,2048,1804,3956995,71714,6547570,81461,24217602,0,24472850,7604,11379093,1008399,10243185,251571,8,2048,0,2048,8,4,4
chunked_256_p4,1254,2048,1443,3515558,68538,6503036,74548,24184891,0,24437014,7414,11231136,1015012,10108162,242414,8,2048,0,2048,8,4,4
chunked_256_p4,1255,2048,1473,4116253,79860,6734550,90489,24200562,0,24465616,10780,10696204,1024259,9554825,258785,8,2048,0,2048,8,4,4
chunked_256_p4,1256,2048,2044,3787097,79850,7160168,71314,25743522,0,25989243,9799,11720844,976430,10650358,253585,8,2048,0,2048,8,4,4
chunked_256_p4,1257,2048,1813,3706726,70542,6947509,79819,25300351,0,25717044,8777,10769642,963887,9679559,246121,8,2048,0,2048,8,4,4
chunked_256_p4,1258,2048,1312,2962612,72525,7173704,73135,26230935,0,26507132,10570,10606175,1001627,9502637,261961,8,2048,0,2048,8,4,4
chunked_256_p4,1259,2048,1774,4041944,70733,6714212,79269,25096850,0,25323164,6522,10687638,966120,9629756,273743,8,2048,0,2048,8,4,4
chunked_256_p4,1260,2048,1533,4174212,70672,7174244,79379,26155815,0,26429216,7514,10955861,993622,9851511,248886,8,2048,0,2048,8,4,4
chunked_256_p4,1261,2048,2194,4178299,69730,7374098,66594,25939810,0,26184628,9237,10884677,1031793,9754510,263343,8,2048,0,2048,8,4,4
chunked_256_p4,1262,2048,1663,4147863,92874,6480955,73767,24353638,0,24599167,13144,11430089,1080545,10237604,241022,8,2048,0,2048,8,4,4
chunked_256_p4,1263,2048,1432,3647015,116118,6437794,80211,24225499,0,24603527,7374,10791242,968014,9699617,259136,8,2048,0,2048,8,4,4
chunked_256_p4,1264,2048,1954,3728326,73508,6473190,68877,24650805,0,24923203,10089,11244602,969537,10149791,241412,8,2048,0,2048,8,4,4
chunked_256_p4,1265,2048,1863,4096858,71073,6854755,73510,24403201,0,24699638,8216,12070269,969857,11018217,243136,8,2048,0,2048,8,4,4
chunked_256_p4,1266,2048,2074,4782122,71223,7010247,88286,25298227,0,25578212,12845,11622650,1050759,10456314,243586,8,2048,0,2048,8,4,4
chunked_256_p4,1267,2048,1453,4037496,79609,6386729,87435,24230096,0,24471367,8917,11132592,964237,10037450,238437,8,2048,0,2048,8,4,4
chunked_256_p4,1268,2048,1393,4294337,79770,6392640,64281,24107246,0,24373945,8847,11288193,974336,10200154,255538,8,2048,0,2048,8,4,4
chunked_256_p4,1269,2048,1552,4154004,75792,6922783,77913,25067695,0,25356545,11312,11132462,981940,10001863,270457,8,2048,0,2048,8,4,4
chunked_256_p4,1270,2048,2034,4071129,82044,6841892,78676,25150430,0,25582210,7985,12990293,984214,11874803,271419,8,2048,0,2048,8,4,4
chunked_256_p4,1271,2048,1783,3886513,105427,7150039,91091,26342667,0,26640923,10810,10500206,979956,9401477,247404,8,2048,0,2048,8,4,4
chunked_256_p4,1272,2048,1653,3929374,90871,6619304,97273,24878460,0,25189033,13104,11507294,985517,10387696,237394,8,2048,0,2048,8,4,4
chunked_256_p4,1273,2048,2344,3768372,77335,6456640,73308,24067149,0,24350210,12122,11480524,993572,10358711,264455,8,2048,0,2048,8,4,4
chunked_256_p4,1274,2048,1432,4134979,111729,6435089,67856,24067481,0,24310155,11281,11464805,1067681,10271098,246782,8,2048,0,2048,8,4,4
chunked_256_p4,1275,2048,2034,3948289,105498,6616128,76594,24468052,0,24723200,20018,10873657,990206,9733239,235111,8,2048,0,2048,8,4,4
chunked_256_p4,1276,2048,1613,3012164,119565,7113040,94526,25891429,0,26153870,8376,11119126,1006556,9987896,240320,8,2048,0,2048,8,4,4
chunked_256_p4,1277,2048,1673,3164571,83517,6967687,74279,25463869,0,25707344,13185,11101023,973825,10001241,269735,8,2048,0,2048,8,4,4
chunked_256_p4,1278,2048,2315,3884890,114305,6547490,81482,24117576,0,24442212,10500,11454034,967523,10373670,265037,8,2048,0,2048,8,4,4
chunked_256_p4,1279,2048,2364,3200007,81021,6787420,84570,25280633,0,25529321,12503,6382831,1015903,5280826,237846,8,2048,0,2048,8,4,4
chunked_256_p4,1280,2048,1893,4621691,85770,6691609,75681,25483143,0,25839651,9268,7729325,979125,6635465,237415,8,2048,0,2048,8,4,4
chunked_256_p4,1281,2048,1503,4260494,70682,7244185,74268,27126136,0,27369798,11732,6985361,981600,5909143,243696,8,2048,0,2048,8,4,4
chunked_256_p4,1282,2048,1583,4240146,130765,7808442,79990,27295009,0,27638032,9899,7861241,1000285,6761961,249067,8,2048,0,2048,8,4,4
chunked_256_p4,1283,2048,1933,2066984,90921,7723804,78340,27768807,0,28077378,11100,7580986,1346303,6153751,261380,8,2048,0,2048,8,4,4
chunked_256_p4,1284,2048,1593,4854898,74129,7666346,75232,28971872,0,29228152,14377,7337650,984295,6271843,241933,8,2048,0,2048,8,4,4
chunked_256_p4,1285,2048,1353,4216131,78447,7623215,74883,28334336,0,28677702,10760,7470560,991298,6367212,238006,8,2048,0,2048,8,4,4
chunked_256_p4,1286,2048,2275,4295419,114505,7028892,80050,25683700,0,26002467,9007,7587940,963064,6513766,253805,8,2048,0,2048,8,4,4
chunked_256_p4,1287,2048,1693,2924249,70512,7370772,84499,27262248,0,27639416,12743,8356048,1016154,7256308,62857,8,2048,0,2048,8,4,4
chunked_256_p4,1288,2048,1122,2932756,74029,8228079,100688,30957593,0,31255661,7824,7726719,980177,6658768,244689,8,2048,0,2048,8,4,4
chunked_256_p4,1289,2048,2585,3060565,76894,7339523,78927,27087068,0,27314153,10960,8771617,989574,7697134,266339,8,2048,0,2048,8,4,4
chunked_256_p4,1290,2048,1974,4551149,67877,6965263,76934,26684415,0,26988855,11051,8224072,981229,7128859,241823,8,2048,0,2048,8,4,4
chunked_256_p4,1291,2048,2444,4290110,68628,8709361,71144,30355024,0,30621211,9788,8053562,989284,6997673,245971,8,2048,0,2048,8,4,4
chunked_256_p4,1292,2048,1983,38257733,73117,11097747,82475,42682445,0,42963189,8295,8598914,966081,7547353,235291,8,2048,0,2048,8,4,4
chunked_256_p4,1293,2048,1813,6144445,69631,8616537,82455,31645541,0,31929195,10780,8491633,982882,7397883,235010,8,2048,0,2048,8,4,4
chunked_256_p4,1294,2048,1513,4585263,146504,8654899,84068,32075087,0,32383526,12364,7755263,922559,6725172,245901,8,2048,0,2048,8,4,4
chunked_256_p4,1295,2048,1412,4779457,69620,10193592,85189,39373464,0,39697089,17763,9018640,1065627,7806690,255940,8,2048,0,2048,8,4,4
chunked_256_p4,1296,2048,2324,6220557,71394,8926959,62367,32055357,0,32274501,24005,9363176,986408,8282050,254307,8,2048,0,2048,8,4,4
chunked_256_p4,1297,2048,1563,6624043,70592,8320021,73527,31144535,0,31384904,10740,8213903,965299,7169946,233207,8,2048,0,2048,8,4,4
chunked_256_p4,1298,2048,1332,5322644,81583,8157877,69871,31064002,0,31273444,9888,8248306,995084,7171439,236603,8,2048,0,2048,8,4,4
chunked_256_p4,1299,2048,1533,6029880,73969,8975990,97083,33156353,0,33546584,9258,9239505,965730,8166113,252072,8,2048,0,2048,8,4,4
chunked_256_p4,1300,2048,2545,5841216,71734,8122210,65774,30986316,0,31215616,10991,9248201,1038125,8110609,283481,8,2048,0,2048,8,4,4
chunked_256_p4,1301,2048,1724,5763710,82204,9110632,77235,32846143,0,33153197,10179,9303614,1028157,8191861,246492,8,2048,0,2048,8,4,4
chunked_256_p4,1302,2048,2305,5936655,78567,9324634,84960,33559889,0,33827592,10579,9739090,964317,8708630,248386,8,2048,0,2048,8,4,4
chunked_256_p4,1303,2048,2815,6357374,81262,8375625,85130,31817525,0,32074727,10830,9383263,973564,8323157,238828,8,2048,0,2048,8,4,4
chunked_256_p4,1304,2048,2244,5153748,76093,10146895,67427,34955807,0,35257571,12393,9099622,966350,8063090,240872,8,2048,0,2048,8,4,4
chunked_256_p4,1305,2048,1663,6110451,77666,8173597,70801,31165582,0,31464411,11652,8898475,1037304,7739574,248155,8,2048,0,2048,8,4,4
chunked_256_p4,1306,2048,1503,4997585,89798,8373751,75702,31986210,0,32290341,8235,8888917,976400,7821157,289844,8,2048,0,2048,8,4,4
chunked_256_p4,1307,2048,1833,5100729,69441,8066126,68339,30736208,0,31023026,12093,9276524,986308,8200157,256210,8,2048,0,2048,8,4,4
chunked_256_p4,1308,2048,1373,4312782,86732,8092474,70893,30938696,0,31251385,10990,9059276,1011346,7961680,252934,8,2048,0,2048,8,4,4
chunked_256_p4,1309,2048,1583,5299341,68999,8477466,76722,32391831,0,32649673,10550,9307192,977171,8189527,237645,8,2048,0,2048,8,4,4
chunked_256_p4,1310,2048,1753,4228183,70582,8663545,86543,32694789,0,33020440,11241,8818566,980337,7725978,284603,8,2048,0,2048,8,4,4
chunked_256_p4,1311,2048,1342,4983309,100419,8970100,77465,33088536,0,33368350,11201,9357525,983513,8257324,243978,8,2048,0,2048,8,4,4
chunked_256_p4,1312,2048,1483,4829640,86593,9601683,85732,36287201,0,36553742,11442,9477521,984916,8376387,242504,8,2048,0,2048,8,4,4
chunked_256_p4,1313,2048,1413,6395825,74109,8694513,72607,32787119,0,33039994,10590,9866690,988793,8755637,246372,8,2048,0,2048,8,4,4
chunked_256_p4,1314,2048,1423,4758727,101299,9074355,81454,33022684,0,33264173,10419,9666915,979606,8575159,248005,8,2048,0,2048,8,4,4
chunked_256_p4,1315,2048,1573,4630888,72626,8724560,70753,33198049,0,33473068,11331,9957059,1000134,8859552,276749,8,2048,0,2048,8,4,4
chunked_256_p4,1316,2048,1793,4217433,76013,8755698,76542,33149522,0,33444983,11832,9574843,979195,8493497,251100,8,2048,0,2048,8,4,4
chunked_256_p4,1317,2048,1413,4735313,68548,9579952,76004,35261727,0,35518691,11552,9332859,992911,8250451,246152,8,2048,0,2048,8,4,4
chunked_256_p4,1318,2048,1824,4098170,150041,9576957,81723,34093218,0,34351923,16040,11433766,973705,10264926,319589,8,2048,0,2048,8,4,4
chunked_256_p4,1319,2048,2064,4237912,94056,9595952,74299,35367238,0,35586856,11472,9752325,1023949,8601308,254427,8,2048,0,2048,8,4,4
chunked_256_p4,1320,2048,1573,4181866,121878,10019997,78565,37270744,0,37621120,9207,9488982,986669,8403277,230712,8,2048,0,2048,8,4,4
chunked_256_p4,1321,2048,1283,4498299,74229,9472060,85019,34545246,0,34792923,11772,9887288,1032705,8778010,66385,8,2048,0,2048,8,4,4
chunked_256_p4,1322,2048,1283,4540559,67186,10269995,93023,36449133,0,36748343,12653,9420583,1058634,8280237,239259,8,2048,0,2048,8,4,4
chunked_256_p4,1323,2048,1974,4987466,131006,8953749,79539,33066944,0,33492834,11712,9585242,975608,8501692,249297,8,2048,0,2048,8,4,4
chunked_256_p4,1324,2048,1894,4918817,66665,9180814,74990,34332286,0,34583759,9618,9804513,1008811,8694573,252964,8,2048,0,2048,8,4,4
chunked_256_p4,1325,2048,1643,4571126,69460,8575280,64721,32840573,0,33180458,10239,9882209,1155896,8622438,257803,8,2048,0,2048,8,4,4
chunked_256_p4,1326,2048,1783,4640617,67557,9945858,96411,36537981,0,36817424,10019,9514660,981128,8455195,255549,8,2048,0,2048,8,4,4
chunked_256_p4,1327,2048,1974,4591043,69840,9055710,76033,33451316,0,33688492,6653,10441527,967934,9380839,250931,8,2048,0,2048,8,4,4
chunked_256_p4,1328,2048,1503,4180815,68909,8821080,79409,33344366,0,33616225,9628,9829259,987159,8715522,256961,8,2048,0,2048,8,4,4
chunked_256_p4,1329,2048,1553,5072336,78607,8563157,75390,32867951,0,33155259,8556,9814181,972182,8741371,250169,8,2048,0,2048,8,4,4
chunked_256_p4,1330,2048,2014,5715501,83747,8831380,73849,33608471,0,33855052,10179,10371455,989514,9291041,246973,8,2048,0,2048,8,4,4
chunked_256_p4,1331,2048,2044,5501970,70493,8415771,72517,32311189,0,32575885,8977,9925891,1043285,8767811,261330,8,2048,0,2048,8,4,4
chunked_256_p4,1332,2048,1433,6045338,80962,8744136,94960,32789376,0,33093276,9878,10879497,972683,9780639,242704,8,2048,0,2048,8,4,4
chunked_256_p4,1333,2048,1884,5599473,73047,9715637,77336,36201188,0,36473702,12834,11232128,1060949,10024615,312686,8,2048,0,2048,8,4,4
chunked_256_p4,1334,2048,1262,5144470,79168,9445801,80108,36108787,0,36333186,8556,10679703,994884,9554856,265598,8,2048,0,2048,8,4,4
chunked_256_p4,1335,2048,1783,5455172,79289,10581389,77513,37572388,0,37805796,11502,11553751,991247,10453780,232215,8,2048,0,2048,8,4,4
chunked_256_p4,1336,2048,1763,5798647,76673,11754156,69640,39644090,0,39947609,9778,10859210,1020112,9691752,266409,8,2048,0,2048,8,4,4
chunked_256_p4,1337,2048,2274,5761968,79669,9234475,91833,35010819,0,35377083,11782,10924392,1232750,9591404,308679,8,2048,0,2048,8,4,4
chunked_256_p4,1338,2048,1443,6195460,82605,8652724,85118,32913899,0,33326962,10350,11025180,973765,9928405,256371,8,2048,0,2048,8,4,4
chunked_256_p4,1339,2048,1964,5882483,85530,9180774,81211,35314928,0,35620179,11071,10199984,1025462,9052454,237715,8,2048,0,2048,8,4,4
chunked_256_p4,1340,2048,2124,5979625,67807,9276844,69970,34423718,0,34751164,14387,10346268,1065717,9163011,265257,8,2048,0,2048,8,4,4
chunked_256_p4,1341,2048,1683,6763554,146434,9370941,109336,34597844,0,34856479,9297,10455823,984374,9338720,253535,8,2048,0,2048,8,4,4
chunked_256_p4,1342,2048,1303,5090118,73097,9537302,79529,34776559,0,35006110,9037,11493378,1009432,10354834,264336,8,2048,0,2048,8,4,4
chunked_256_p4,1343,2048,2535,4743148,81563,8829787,75872,33255339,0,33658444,11632,10016761,1043305,8861776,252703,8,2048,0,2048,8,4,4
chunked_256_p4,1344,2048,1482,5543519,78197,9245155,88545,33939050,0,34222230,10930,10861323,976751,9707692,265257,8,2048,0,2048,8,4,4
chunked_256_p4,1345,2048,2485,6198866,76143,9983899,84608,36830248,0,37115241,10600,10056165,1012508,8965240,266058,8,2048,0,2048,8,4,4
chunked_256_p4,1346,2048,2094,6026864,95719,9545898,76081,34612291,0,34909760,12574,18564609,1098799,17319686,241783,8,2048,0,2048,8,4,4
chunked_256_p4,1347,2048,1703,6061869,84057,9243812,76254,34963369,0,35240711,12073,10000240,1004513,8889368,246222,8,2048,0,2048,8,4,4
chunked_256_p4,1348,2048,1483,6736835,90529,8306496,61066,31756680,0,32056612,10370,10640720,1166135,9340133,243387,8,2048,0,2048,8,4,4
chunked_256_p4,1349,2048,2295,6296148,81452,9804484,73297,36354897,0,36703301,13926,10959407,1014701,9799394,239639,8,2048,0,2048,8,4,4
chunked_256_p4,1350,2048,2134,6398070,75792,9229826,79639,34077449,0,34418097,8957,9946369,983934,8853221,248075,8,2048,0,2048,8,4,4
chunked_256_p4,1351,2048,2184,6509358,82244,8605306,68358,32591916,0,32854457,9738,10581890,983613,9472982,248335,8,2048,0,2048,8,4,4
chunked_256_p4,1352,2048,1523,6423086,83116,8752191,83388,33378690,0,33673534,10870,10177532,994895,9065789,243096,8,2048,0,2048,8,4,4
chunked_256_p4,1353,2048,1503,4595732,153547,9610590,80091,35061062,0,35617086,14307,11304665,1038476,10137156,253064,8,2048,0,2048,8,4,4
chunked_256_p4,1354,2048,3136,4862151,137538,10009657,75191,35886688,0,36127881,9258,10574176,1121362,9322740,250459,8,2048,0,2048,8,4,4
chunked_256_p4,1355,2048,1713,4775239,111950,10341850,77304,38665416,0,38967804,10900,10903673,971330,9789575,244308,8,2048,0,2048,8,4,4
chunked_256_p4,1356,2048,1362,5954449,77946,8817944,84978,33647283,0,33887532,9268,11539675,971481,10418664,268353,8,2048,0,2048,8,4,4
chunked_256_p4,1357,2048,2445,6943441,77184,9456120,77334,33986989,0,34238471,12003,11172307,1030130,10005109,246993,8,2048,0,2048,8,4,4
chunked_256_p4,1358,2048,2214,6695818,77825,10466022,82405,36351529,0,36590488,9498,11351773,1029389,10212147,243296,8,2048,0,2048,8,4,4
chunked_256_p4,1359,2048,1893,7928177,73468,9058956,93305,34630536,0,34895271,9948,11378773,990065,10274875,249357,8,2048,0,2048,8,4,4
chunked_256_p4,1360,2048,1663,6396297,72787,9191805,537237,34408627,0,35108651,10670,11436802,1030982,10275686,243036,8,2048,0,2048,8,4,4
chunked_256_p4,1361,2048,1313,6213834,73829,9345052,88867,35890717,0,36191700,9177,10743313,968364,9678037,254266,8,2048,0,2048,8,4,4
chunked_256_p4,1362,2048,1382,7117087,97813,10480840,104336,39910672,0,40208327,12944,10341359,1058123,9181676,266960,8,2048,0,2048,8,4,4
chunked_256_p4,1363,2048,1533,6419379,74419,10156272,89599,38483245,0,38721942,13155,10491290,985717,9387872,247474,8,2048,0,2048,8,4,4
chunked_256_p4,1364,2048,2284,6351973,69951,9234856,76243,34786249,0,35050152,10379,11683634,988853,10564387,235060,8,2048,0,2048,8,4,4
chunked_256_p4,1365,2048,1473,6112344,118512,9909780,87544,37845039,0,38102211,11622,11059986,1024681,9899200,253986,8,2048,0,2048,8,4,4
chunked_256_p4,1366,2048,2204,5281167,118292,8977052,78347,33309027,0,33542838,9247,11248930,988482,10145382,249588,8,2048,0,2048,8,4,4
chunked_256_p4,1367,2048,1683,5935513,73718,8862728,66765,33770306,0,34007400,9067,10549510,965659,9483631,234790,8,2048,0,2048,8,4,4
chunked_256_p4,1368,2048,1803,5853219,88436,9506154,81593,35443339,0,35758690,12133,11448614,1160294,10186840,253946,8,2048,0,2048,8,4,4
chunked_256_p4,1369,2048,2274,5423223,94147,8972343,73109,34195661,0,34414300,15590,11297772,987190,10198983,242785,8,2048,0,2048,8,4,4
chunked_256_p4,1370,2048,2104,5607108,67507,8956674,75562,33177303,0,33478658,7965,11835899,1078851,10625641,229810,8,2048,0,2048,8,4,4
chunked_256_p4,1371,2048,1263,5392104,75301,9173270,81231,33724376,0,33983382,7824,11107024,987521,9996332,250579,8,2048,0,2048,8,4,4
chunked_256_p4,1372,2048,1543,5238747,136646,9209338,77557,34499661,0,34733059,11492,13223170,1090113,11970392,280375,8,2048,0,2048,8,4,4
chunked_256_p4,1373,2048,2575,5348783,201137,9101926,64220,33585125,0,33839935,7515,11212722,978373,10118141,236463,8,2048,0,2048,8,4,4
chunked_256_p4,1374,2048,1443,5909384,69510,9610770,84238,34857692,0,35096488,11772,10819786,1049978,9637279,107181,8,2048,0,2048,8,4,4
chunked_256_p4,1375,2048,1603,5066254,203141,9096496,77344,33970289,0,34236275,10119,11605699,1030341,10474148,251621,8,2048,0,2048,8,4,4
chunked_256_p4,1376,2048,1623,5437590,203762,9200532,77775,34590820,0,34854647,10439,11614254,1024750,10465692,250931,8,2048,0,2048,8,4,4
chunked_256_p4,1377,2048,1623,5424114,66595,8783419,86351,33222096,0,33528840,13305,10725078,1082850,9535579,249207,8,2048,0,2048,8,4,4
chunked_256_p4,1378,2048,1543,3894047,67587,8780083,78426,33508724,0,33776175,10680,10284723,983573,9204919,252093,8,2048,0,2048,8,4,4
chunked_256_p4,1379,2048,1493,5716141,65844,9720456,76081,35443998,0,35689880,8877,11283916,992139,10169387,231774,8,2048,0,2048,8,4,4
chunked_256_p4,1380,2048,2254,8591680,75111,10635711,980136,36901720,0,38060243,10279,10871743,1128335,9639353,272992,8,2048,0,2048,8,4,4
chunked_256_p4,1381,2048,2384,5753132,98765,8905238,72919,33672230,0,34027808,9758,10538368,1086586,9321688,267582,8,2048,0,2048,8,4,4
chunked_256_p4,1382,2048,1773,5928479,65412,9742657,100809,36406424,0,36648796,7063,11248068,982291,10148628,253596,8,2048,0,2048,8,4,4
chunked_256_p4,1383,2048,2224,5728385,117049,10623948,1121070,38455203,0,39786126,8415,10767086,967734,9673046,250018,8,2048,0,2048,8,4,4
chunked_256_p4,1384,2048,1472,4964584,195246,9437004,69591,35784758,0,36020241,8717,10646651,968675,9582918,239929,8,2048,0,2048,8,4,4
chunked_256_p4,1385,2048,2003,4842213,75692,9142182,75401,34585322,0,34842943,7805,10791282,972802,9706860,252322,8,2048,0,2048,8,4,4
chunked_256_p4,1386,2048,2324,5486542,69701,8970520,79628,33033270,0,33426939,11592,12326029,1056289,11141078,243977,8,2048,0,2048,8,4,4
chunked_256_p4,1387,2048,2114,5915315,93776,9535128,88755,34789884,0,35054909,16040,11007127,1002289,9857322,247544,8,2048,0,2048,8,4,4
chunked_256_p4,1388,2048,1964,6026834,101089,9155557,62950,33655950,0,33920678,8646,11284908,996217,10200405,267180,8,2048,0,2048,8,4,4
chunked_256_p4,1389,2048,2234,5982330,65843,10131145,72095,36646063,0,36863960,8896,11103848,1001137,9991333,295684,8,2048,0,2048,8,4,4
chunked_256_p4,1390,2048,1383,6606340,78968,8648928,87644,32970216,0,33237495,11161,10811390,979596,9721187,271289,8,2048,0,2048,8,4,4
chunked_256_p4,1391,2048,1763,6161447,66926,9074655,74409,34070196,0,34314364,7263,11033977,991428,9948994,255318,8,2048,0,2048,8,4,4
chunked_256_p4,1392,2048,2114,5801581,72657,9831374,75421,35498785,0,35763247,7764,10960689,978323,9907076,244037,8,2048,0,2048,8,4,4
chunked_256_p4,1393,2048,1863,5786253,79138,9561898,69238,34983055,0,35216774,8175,12350855,993963,11247988,295464,8,2048,0,2048,8,4,4
chunked_256_p4,1394,2048,1994,5909364,84358,8967375,71374,33074809,0,33355537,7975,11303793,1038546,10155681,263093,8,2048,0,2048,8,4,4
chunked_256_p4,1395,2048,1543,5963205,66966,9046222,65522,33835836,0,34064483,11201,11863782,976821,10761987,246693,8,2048,0,2048,8,4,4
chunked_256_p4,1396,2048,2284,6632448,78227,9405966,83967,34011884,0,34310766,9769,12012231,989915,10927869,251942,8,2048,0,2048,8,4,4
chunked_256_p4,1397,2048,1993,7068376,73027,8707728,79339,33152267,0,33387005,9648,11544644,971751,10470271,271128,8,2048,0,2048,8,4,4
chunked_256_p4,1398,2048,1873,5833832,84799,8878387,68379,33730479,0,33951654,9689,11615216,977752,10524763,248265,8,2048,0,2048,8,4,4
chunked_256_p4,1399,2048,1443,5230872,74720,9709454,72226,37075652,0,37307722,12594,11149524,987952,10033422,244077,8,2048,0,2048,8,4,4
chunked_256_p4,1400,2048,1903,5974496,73267,8769313,77917,33339557,0,33613879,10360,11882698,1013309,10770814,241342,8,2048,0,2048,8,4,4
chunked_256_p4,1401,2048,1503,6325113,78267,8989886,73598,33937716,0,34252537,6662,11647667,953807,10575137,238657,8,2048,0,2048,8,4,4
chunked_256_p4,1402,2048,1693,5789529,75181,8757932,59744,32665104,0,32948273,8756,11633440,989635,10531586,264185,8,2048,0,2048,8,4,4
chunked_256_p4,1403,2048,1413,6292662,78017,9010996,73636,33301124,0,33655809,9849,38976199,1010874,37838387,239449,8,2048,0,2048,8,4,4
chunked_256_p4,1404,2048,1843,6243019,76373,8546416,94969,32036914,0,32337269,10600,11742725,1145797,10468297,254788,8,2048,0,2048,8,4,4
chunked_256_p4,1405,2048,1683,5963285,76293,8756139,77146,33348963,0,33593464,8927,11597232,986949,10497251,276077,8,2048,0,2048,8,4,4
chunked_256_p4,1406,2048,2745,5948437,112530,10141985,70782,37860879,0,38149400,10720,11503267,1036783,10344104,236242,8,2048,0,2048,8,4,4
chunked_256_p4,1407,2048,1673,5894646,80441,9548643,76023,34650433,0,34874503,11010,11624082,1016314,10506328,253455,8,2048,0,2048,8,4,4
chunked_256_p4,1408,2048,2374,5951854,82134,9407960,75580,35327723,0,35561351,8265,11431642,996478,10321862,247664,8,2048,0,2048,8,4,4
chunked_256_p4,1409,2048,1653,6116833,90109,9663339,70502,35217865,0,35475139,9568,11503878,978434,10423553,253755,8,2048,0,2048,8,4,4
chunked_256_p4,1410,2048,2014,6003831,92704,9757926,74069,36597140,0,36898414,8967,12396971,1004582,11271632,257212,8,2048,0,2048,8,4,4
chunked_256_p4,1411,2048,2294,6109058,93765,8618180,71512,32447913,0,32707350,9087,12163684,966571,11063432,251261,8,2048,0,2048,8,4,4
chunked_256_p4,1412,2048,1833,5981740,87604,9227291,78598,33712936,0,33970720,11752,12162501,986579,11060988,303158,8,2048,0,2048,8,4,4
chunked_256_p4,1413,2048,1563,4729593,105638,11708411,75181,43719238,0,43983162,11090,7338982,986830,6212422,269896,8,2048,0,2048,8,4,4
chunked_256_p4,1414,2048,1793,6042163,80511,10008886,90009,37101697,0,37383665,8796,6709152,985467,5662270,249388,8,2048,0,2048,8,4,4
chunked_256_p4,1415,2048,1573,5697807,105598,10329016,79600,37975372,0,38248728,6903,7777164,986609,6687663,247194,8,2048,0,2048,8,4,4
chunked_256_p4,1416,2048,1884,6972055,103544,13180720,91825,45446533,0,45715620,12844,8061878,1091766,6870886,242875,8,2048,0,2048,8,4,4
chunked_256_p4,1417,2048,1984,8807084,81412,11599136,85882,41853272,0,42155667,13195,7627494,1052182,6489491,260438,8,2048,0,2048,8,4,4
chunked_256_p4,1418,2048,2625,7061523,69791,10481301,79149,38465863,0,38772738,10710,8159721,1183658,6881886,268603,8,2048,0,2048,8,4,4
chunked_256_p4,1419,2048,1793,6870154,74500,10195696,101731,37389403,0,37781010,8957,7971468,1105231,6772181,236934,8,2048,0,2048,8,4,4
chunked_256_p4,1420,2048,1512,6927773,74159,10739035,81915,38594693,0,38847498,10610,8139583,1088190,6972977,305613,8,2048,0,2048,8,4,4
chunked_256_p4,1421,2048,2254,7262049,77426,10982321,69630,41484470,0,41709050,11080,8102884,1013279,7004726,238597,8,2048,0,2048,8,4,4
chunked_256_p4,1422,2048,2275,6378473,72526,10095659,73457,38079007,0,38347962,11571,8445376,1090885,7237993,259136,8,2048,0,2048,8,4,4
chunked_256_p4,1423,2048,2665,38155992,112000,18455164,125728,68177020,0,69328881,15319,8367931,1058513,7152944,242565,8,2048,0,2048,8,4,4
chunked_256_p4,1424,2048,2024,5748863,69190,11525699,75122,43164055,0,43437551,10499,8458040,1032806,7240408,286557,8,2048,0,2048,8,4,4
chunked_256_p4,1425,2048,1553,7562762,75531,10049131,82643,38634049,0,38874117,9177,8251213,952886,7216634,259115,8,2048,0,2048,8,4,4
chunked_256_p4,1426,2048,2304,6485022,190788,10403065,74581,39732265,0,39958992,14708,8271220,996778,7183662,244638,8,2048,0,2048,8,4,4
chunked_256_p4,1427,2048,1463,6343297,66785,10654446,67066,40530302,0,40787974,11071,8595708,1179951,7330187,277150,8,2048,0,2048,8,4,4
chunked_256_p4,1428,2048,1913,7138336,66845,11302800,84308,42038517,0,42303504,11080,8516229,1024550,7413853,251892,8,2048,0,2048,8,4,4
chunked_256_p4,1429,2048,1763,7289179,69790,10157816,66363,39067310,0,39330482,10600,8548409,1052552,7418913,287479,8,2048,0,2048,8,4,4
chunked_256_p4,1430,2048,2074,7079436,68098,10590696,72576,40619689,0,40895365,10439,8834225,995816,7739523,253134,8,2048,0,2048,8,4,4
chunked_256_p4,1431,2048,1773,7555459,67557,11075465,68679,41613022,0,41872225,10379,9140859,1015944,7999000,249778,8,2048,0,2048,8,4,4
chunked_256_p4,1432,2048,1884,7884916,67997,12288447,70582,43117618,0,43343905,11532,9078754,971340,8039866,240621,8,2048,0,2048,8,4,4
chunked_256_p4,1433,2048,1723,7455532,66695,11137241,83036,41429057,0,41687580,11051,9003192,1024489,7867303,251050,8,2048,0,2048,8,4,4
chunked_256_p4,1434,2048,2004,7491549,86783,10098995,72164,38997206,0,39313010,13916,9178690,1091746,8012555,246572,8,2048,0,2048,8,4,4
chunked_256_p4,1435,2048,1613,7620961,74309,10880680,74430,41856718,0,42099674,9949,8789662,991698,7726089,239629,8,2048,0,2048,8,4,4
chunked_256_p4,1436,2048,1814,7788295,76914,11290117,67425,42562919,0,42898398,10580,16651604,990637,15573013,323597,8,2048,0,2048,8,4,4
chunked_256_p4,1437,2048,2324,11533734,74018,11092306,70082,42346928,0,42618315,14988,8968176,970619,7898291,246392,8,2048,0,2048,8,4,4
chunked_256_p4,1438,2048,1743,7655045,68829,11011074,73130,41251402,0,41507272,7914,9364197,991207,8272773,262872,8,2048,0,2048,8,4,4
chunked_256_p4,1439,2048,2715,7429833,77705,11530457,79659,43472855,0,43772265,7845,9031385,970609,7954937,244899,8,2048,0,2048,8,4,4
chunked_256_p4,1440,2048,1994,8231796,76023,12698677,70179,44727466,0,45060479,9808,8902102,995475,7781242,251050,8,2048,0,2048,8,4,4
chunked_256_p4,1441,2048,1493,8022674,96231,11167437,78718,42346465,0,42593198,8476,9199500,985767,8091563,254126,8,2048,0,2048,8,4,4
chunked_256_p4,1442,2048,1954,6507564,75292,11535547,74028,43486191,0,43731772,10270,10518702,977011,9396969,261550,8,2048,0,2048,8,4,4
chunked_256_p4,1443,2048,2094,6257506,73799,11936859,74691,46101901,0,46329550,8767,10252994,995606,9129268,256390,8,2048,0,2048,8,4,4
chunked_256_p4,1444,2048,1302,6372803,75722,11855536,76684,43578533,0,43889218,9799,9488872,1022957,8338035,256701,8,2048,0,2048,8,4,4
chunked_256_p4,1445,2048,2114,6683675,91081,12114332,78259,46208762,0,46450088,10329,10950741,1219926,9590542,279354,8,2048,0,2048,8,4,4
chunked_256_p4,1446,2048,1743,6635054,139432,12035945,83326,44840637,0,46422834,9558,9670873,1103639,8467067,333686,8,2048,0,2048,8,4,4
chunked_256_p4,1447,2048,2935,6972606,75161,12798414,76170,44152561,0,44377389,10269,9775719,1029549,8650922,258775,8,2048,0,2048,8,4,4
chunked_256_p4,1448,2048,2044,6750931,69431,12663842,74439,45839149,0,46141496,10239,9133565,984796,8068450,254977,8,2048,0,2048,8,4,4
chunked_256_p4,1449,2048,1684,8223610,71213,11607512,74200,43955942,0,44201240,12574,9724754,1029529,8592852,249067,8,2048,0,2048,8,4,4
chunked_256_p4,1450,2048,1593,7729174,70172,11066067,70733,41212132,0,41468450,11161,9470728,987130,8372299,260839,8,2048,0,2048,8,4,4
chunked_256_p4,1451,2048,1542,7950199,79209,10402624,82436,40041125,0,40325839,11091,10138179,1131360,8895129,252653,8,2048,0,2048,8,4,4
chunked_256_p4,1452,2048,1313,7916194,72556,11954783,79702,44835057,0,45065672,8346,9376070,973645,8307798,258896,8,2048,0,2048,8,4,4
chunked_256_p4,1453,2048,1904,7920042,74820,11374375,82045,42426515,0,42655764,10339,9529037,980227,8420069,252614,8,2048,0,2048,8,4,4
chunked_256_p4,1454,2048,2194,6760680,84398,11894279,77945,45021376,0,45320487,9477,9690499,963956,8618310,251912,8,2048,0,2048,8,4,4
chunked_256_p4,1455,2048,2806,6549323,73228,11563710,75811,43632314,0,43986126,8425,10027511,1132633,8793208,250168,8,2048,0,2048,8,4,4
chunked_256_p4,1456,2048,2504,8168978,73317,12393876,71085,45663130,0,45897630,10339,10255689,973194,9191986,245720,8,2048,0,2048,8,4,4
chunked_256_p4,1457,2048,1943,6945917,69210,11953841,75414,43805709,0,44080266,11982,10916998,1050859,9782763,240962,8,2048,0,2048,8,4,4
chunked_256_p4,1458,2048,2254,7634717,78538,10597259,80940,40573040,0,40871581,9928,10129933,1007649,9002901,272771,8,2048,0,2048,8,4,4
chunked_256_p4,1459,2048,1743,7171108,78177,12209750,84649,46162698,0,46466886,12102,10740296,1164863,9430382,254346,8,2048,0,2048,8,4,4
chunked_256_p4,1460,2048,1793,7602738,79349,11643630,63479,43907309,0,44114949,10419,9877189,976470,8800171,249448,8,2048,0,2048,8,4,4
chunked_256_p4,1461,2048,1903,7121445,73298,12296914,85472,44154073,0,44431072,8306,10552706,952885,9478301,243937,8,2048,0,2048,8,4,4
chunked_256_p4,1462,2048,1643,6947910,73357,11468281,71646,43816851,0,44047042,8285,11314953,1171275,10015839,235070,8,2048,0,2048,8,4,4
chunked_256_p4,1463,2048,1273,6844807,75371,12595593,74700,46261752,0,46497915,10710,11395875,1005854,10279012,236283,8,2048,0,2048,8,4,4
chunked_256_p4,1464,2048,2265,6862520,72566,11997222,74510,46065777,0,46393319,12494,10470512,1004472,9332860,281437,8,2048,0,2048,8,4,4
chunked_256_p4,1465,2048,1924,6588567,69821,13451297,71723,46446537,0,46682491,10349,11921771,1000696,10744715,395511,8,2048,0,2048,8,4,4
chunked_256_p4,1466,2048,2044,6421013,72626,11787489,85280,45132457,0,45443758,9388,10559979,1010314,9410886,285635,8,2048,0,2048,8,4,4
chunked_256_p4,1467,2048,1893,8167325,67486,10873607,77344,41478938,0,41729228,10339,10290394,983623,9206072,185698,8,2048,0,2048,8,4,4
chunked_256_p4,1468,2048,2014,8311475,69470,11195400,89588,43043331,0,43351949,12844,10505567,1069164,9300889,329618,8,2048,0,2048,8,4,4
chunked_256_p4,1469,2048,2385,6809570,90270,14012870,85371,49018908,0,49289016,10760,10699821,980647,9564173,253315,8,2048,0,2048,8,4,4
chunked_256_p4,1470,2048,3115,7091098,76043,11798790,82614,45606334,0,45851603,9027,10693800,1004793,9554454,238828,8,2048,0,2048,8,4,4
chunked_256_p4,1471,2048,2745,6868110,76704,11682172,61666,43913683,0,44174400,8335,9758487,967353,8713479,247403,8,2048,0,2048,8,4,4
chunked_256_p4,1472,2048,1733,6935316,103865,11639322,89587,43262871,0,43538216,11090,9868232,1003621,8782919,255158,8,2048,0,2048,8,4,4
chunked_256_p4,1473,2048,1934,6532171,106800,11764266,77717,43791683,0,44036832,9017,10671117,972362,9586014,247524,8,2048,0,2048,8,4,4
chunked_256_p4,1474,2048,1803,6628562,78137,11266923,72695,42785469,0,43049901,10810,10043000,1047443,8886092,263463,8,2048,0,2048,8,4,4
chunked_256_p4,1475,2048,1753,6670801,111238,12592959,89930,46268094,0,46543200,11201,10545522,969327,9466440,250569,8,2048,0,2048,8,4,4
chunked_256_p4,1476,2048,1793,8126669,69460,11334941,70441,43481141,0,43718546,16341,10916106,963075,9826755,247824,8,2048,0,2048,8,4,4
chunked_256_p4,1477,2048,1954,6556897,66425,10870371,85040,41258476,0,41605877,9317,10383678,972552,9285932,237796,8,2048,0,2048,8,4,4
chunked_256_p4,1478,2048,2073,7791140,71063,11919907,80341,44733135,0,45007411,10970,11152609,994463,10073056,262152,8,2048,0,2048,8,4,4
chunked_256_p4,1479,2048,1824,6680499,108363,11586743,73678,43606877,0,43982260,8386,10278782,987160,9186355,241222,8,2048,0,2048,8,4,4
chunked_256_p4,1480,2048,2003,6733658,74730,11624163,70674,44812046,0,45049121,8897,11570633,969898,10473727,243957,8,2048,0,2048,8,4,4
chunked_256_p4,1481,2048,2274,7042097,68018,11818137,76985,45230017,0,45500255,13275,10372938,995165,9292664,247113,8,2048,0,2048,8,4,4
chunked_256_p4,1482,2048,1733,6469022,70291,13670628,91933,47353548,0,47703064,9408,10534281,1008751,9435942,240030,8,2048,0,2048,8,4,4
chunked_256_p4,1483,2048,1663,6277214,66344,13588033,75922,47341595,0,47731856,8346,10137447,961843,9102638,239619,8,2048,0,2048,8,4,4
chunked_256_p4,1484,2048,1703,6666082,68158,11755169,75421,44845428,0,45127036,10209,12267048,1028818,11155264,243646,8,2048,0,2048,8,4,4
chunked_256_p4,1485,2048,2665,7090958,68950,11919386,85130,44156657,0,44453263,11181,10484096,1099009,9268198,249176,8,2048,0,2048,8,4,4
chunked_256_p4,1486,2048,1463,7222775,102162,11752173,81482,44480003,0,44798659,8235,10501119,1023618,9390477,234880,8,2048,0,2048,8,4,4
chunked_256_p4,1487,2048,1713,8331543,79038,11859444,75610,44466126,0,44720272,8616,10435536,969607,9356443,244578,8,2048,0,2048,8,4,4
chunked_256_p4,1488,2048,1423,5579736,100698,11896053,93356,46043393,0,46356459,7464,10942445,992681,9841703,252403,8,2048,0,2048,8,4,4
chunked_256_p4,1489,2048,1853,5790021,102893,12427419,82495,46362642,0,46613451,10199,10948817,961522,9906545,250550,8,2048,0,2048,8,4,4
chunked_256_p4,1490,2048,1703,5786283,106139,11543071,73338,44432422,0,44670399,7444,11130248,991338,10040826,258354,8,2048,0,2048,8,4,4
chunked_256_p4,1491,2048,1713,7275003,89758,13717616,76884,48923520,0,49211119,10570,10432981,969597,9385287,248335,8,2048,0,2048,8,4,4
chunked_256_p4,1492,2048,2174,6043315,67346,11964621,79771,45302414,0,45576129,9437,10133519,965379,9074995,253354,8,2048,0,2048,8,4,4
chunked_256_p4,1493,2048,1543,6702410,120165,13012264,73710,47556950,0,47795368,18525,10169528,993442,9055770,247053,8,2048,0,2048,8,4,4
chunked_256_p4,1494,2048,1533,7157253,81303,12993249,87825,47262036,0,47522246,10610,11206791,968475,10141294,246511,8,2048,0,2048,8,4,4
chunked_256_p4,1495,2048,1383,6864864,69811,12903861,82747,49518203,0,49851149,10319,10202830,1003901,9105563,244969,8,2048,0,2048,8,4,4
chunked_256_p4,1496,2048,1603,7060061,75160,11565513,77003,44334610,0,44560683,9858,11593265,959048,10517830,237535,8,2048,0,2048,8,4,4
chunked_256_p4,1497,2048,1483,6104700,69069,11748156,74431,43586329,0,43820067,9638,10609882,965810,9572819,244388,8,2048,0,2048,8,4,4
chunked_256_p4,1498,2048,1392,7143686,70502,12969444,65230,47273538,0,47501243,9718,10622085,964918,9569683,239549,8,2048,0,2048,8,4,4
chunked_256_p4,1499,2048,1794,6886925,71514,11725863,75101,43924444,0,44179350,10028,10336049,1012858,9235056,241743,8,2048,0,2048,8,4,4
chunked_256_p4,1500,2048,1983,7245398,88205,12026216,84830,45220582,0,45562092,9938,10418012,1001406,9294156,246563,8,2048,0,2048,8,4,4
chunked_256_p4,1501,2048,1583,8119626,95078,12364982,78145,45728893,0,46019707,10840,11439707,1010945,10348673,248466,8,2048,0,2048,8,4,4
chunked_256_p4,1502,2048,1883,7931694,72245,10640439,74560,41277032,0,41588316,13526,10866974,979315,9799284,253034,8,2048,0,2048,8,4,4
chunked_256_p4,1503,2048,1804,8134063,72025,12981126,75552,46903524,0,47330845,10579,11740831,963976,10661539,270407,8,2048,0,2048,8,4,4
chunked_256_p4,1504,2048,1343,6642417,75943,10652823,73406,41344886,0,41621035,13135,10635651,992480,9542963,257052,8,2048,0,2048,8,4,4
chunked_256_p4,1505,2048,2174,8085021,72116,12974584,82846,45845030,0,46104858,9207,10675736,964608,9624876,239970,8,2048,0,2048,8,4,4
chunked_256_p4,1506,2048,1443,7441094,76223,11819469,69681,44037344,0,44336264,9889,10462506,1024540,9323342,276257,8,2048,0,2048,8,4,4
chunked_256_p4,1507,2048,2033,7338551,77084,11283434,76193,42755142,0,43042538,12783,10521666,994082,9437094,248696,8,2048,0,2048,8,4,4
chunked_256_p4,1508,2048,1572,7240157,77034,11771750,80080,44483140,0,44724601,9107,10558506,1031193,9436503,243446,8,2048,0,2048,8,4,4
chunked_256_p4,1509,2048,1303,6909948,70372,12387013,79930,46531638,0,46761238,9658,10884757,947295,9858825,248306,8,2048,0,2048,8,4,4
chunked_256_p4,1510,2048,1663,6875946,83837,11849626,80960,45449160,0,45697124,8947,10454190,974837,9369498,253134,8,2048,0,2048,8,4,4
chunked_256_p4,1511,2048,1413,6858542,76162,11718991,91693,45568191,0,45824864,5851,12742258,1144234,11487657,247665,8,2048,0,2048,8,4,4
chunked_256_p4,1512,2048,1352,7143336,76524,11627940,72968,44547658,0,44782801,11021,11260021,964447,10171872,253355,8,2048,0,2048,8,4,4
chunked_256_p4,1513,2048,1703,7244847,79228,12828650,77926,44911092,0,45194543,12113,10801211,993201,9698424,241102,8,2048,0,2048,8,4,4
chunked_256_p4,1514,2048,1462,6918385,73648,11289045,76254,43697327,0,43987021,12443,10822961,979676,9736405,241693,8,2048,0,2048,8,4,4
chunked_256_p4,1515,2048,1373,7715889,76734,11994678,82897,46449794,0,46773313,11832,11321005,964487,10211877,296806,8,2048,0,2048,8,4,4
chunked_256_p4,1516,2048,1482,7451043,75782,11252697,77153,42780379,0,43071091,12063,11103087,999613,9977748,243316,8,2048,0,2048,8,4,4
chunked_256_p4,1517,2048,2134,7446514,87003,12211563,78588,45693658,0,45979182,11621,10764852,981830,9648250,276899,8,2048,0,2048,8,4,4
chunked_256_p4,1518,2048,1663,7514632,76704,12549878,83564,46822171,0,47045799,16891,10779009,1000485,9653099,238928,8,2048,0,2048,8,4,4
chunked_256_p4,1519,2048,2224,7144729,80291,11401606,83137,44251485,0,44486496,12544,11032014,1046712,9859857,242584,8,2048,0,2048,8,4,4
chunked_256_p4,1520,2048,2394,6131500,93805,11411315,80141,43392245,0,43623799,12994,10595776,967032,9525731,240851,8,2048,0,2048,8,4,4
chunked_256_p4,1521,2048,1442,5604683,207098,11755740,76763,44508757,0,44785074,12223,10716883,980999,9629205,250750,8,2048,0,2048,8,4,4
chunked_256_p4,1522,2048,1413,10457126,76794,11887687,87164,46140225,0,46472658,16551,11173399,987681,10062055,253875,8,2048,0,2048,8,4,4
chunked_256_p4,1523,2048,1793,5865923,106189,11540095,85009,44655942,0,45187469,11201,11239422,992570,10117319,246361,8,2048,0,2048,8,4,4
chunked_256_p4,1524,2048,1362,5684843,135935,12409235,104316,45278078,0,45603129,10710,11102075,966962,9983979,230672,8,2048,0,2048,8,4,4
chunked_256_p4,1525,2048,2534,6893188,71554,12499654,97754,47717239,0,47988728,14106,11138934,977602,10040596,238186,8,2048,0,2048,8,4,4
chunked_256_p4,1526,2048,1372,6002028,107782,11672033,89596,43955358,0,44234201,9979,11155786,979355,10048461,251221,8,2048,0,2048,8,4,4
chunked_256_p4,1527,2048,1643,6197894,69250,10726190,92294,41410411,0,41746261,11531,11057000,987210,9958161,135313,8,2048,0,2048,8,4,4
chunked_256_p4,1528,2048,1563,6141498,69049,11608854,88596,44538405,0,44834496,10429,11158570,981189,10052247,235882,8,2048,0,2048,8,4,4
chunked_256_p4,1529,2048,1623,7204050,71724,11805483,79270,44893367,0,45209922,10129,11347985,976500,10221906,247053,8,2048,0,2048,8,4,4
chunked_256_p4,1530,2048,2375,7584623,71975,11047683,75884,41220874,0,41548430,14136,11371590,973465,10262812,262842,8,2048,0,2048,8,4,4
chunked_256_p4,1531,2048,1493,7733823,68408,11932791,75531,44979970,0,45251719,16150,11355820,1009482,10208260,256912,8,2048,0,2048,8,4,4
chunked_256_p4,1532,2048,1583,8110729,68077,12428050,75171,47337669,0,47719122,11612,11062090,1010414,9911904,259016,8,2048,0,2048,8,4,4
chunked_256_p4,1533,2048,2124,7382134,79028,12602175,91651,46754484,0,47065007,14897,11009431,1029169,9830111,233197,8,2048,0,2048,8,4,4
chunked_256_p4,1534,2048,1663,7439662,114044,13525887,86904,50909760,0,51186862,18104,11181434,1161586,9880185,249447,8,2048,0,2048,8,4,4
chunked_256_p4,1535,2048,1703,5944740,72116,12383526,79429,46506301,0,46816331,13696,11544604,1145677,10264916,236694,8,2048,0,2048,8,4,4
chunked_256_p4,1536,2048,2505,7190845,68969,11505712,83136,44496495,0,44823404,12082,12018381,1286772,10582581,239208,8,2048,0,2048,8,4,4
chunked_256_p4,1537,2048,2024,6021654,90330,12521795,83358,46467068,0,46827903,15368,11621367,1087398,10402233,239929,8,2048,0,2048,8,4,4
chunked_256_p4,1538,2048,1603,5884717,66555,12397823,78296,45755714,0,46094648,22532,11297921,1164773,10009337,236623,8,2048,0,2048,8,4,4
chunked_256_p4,1539,2048,1833,7199852,66645,12632303,80120,45585455,0,45882742,13125,11260421,1126241,10018464,242434,8,2048,0,2048,8,4,4
chunked_256_p4,1540,2048,1713,6599617,70432,13186281,80469,50300529,0,50628115,273192,11727076,1351192,9955076,253134,8,2048,0,2048,8,4,4
chunked_256_p4,1541,2048,2314,7645247,67527,12730186,80481,47960556,0,48286878,10129,11133764,987220,10010930,261330,8,2048,0,2048,8,4,4
chunked_256_p4,1542,2048,2265,9314425,67627,11482587,86983,43889035,0,44216939,13435,11125198,984444,10016160,257653,8,2048,0,2048,8,4,4
chunked_256_p4,1543,2048,1843,7466683,66785,11854564,77466,45540943,0,45873956,15959,11748566,1060648,10530784,250540,8,2048,0,2048,8,4,4
chunked_256_p4,1544,2048,2204,7622614,67186,11440659,78296,44388180,0,44719372,10760,11303732,990146,10176029,269535,8,2048,0,2048,8,4,4
chunked_256_p4,1545,2048,1422,7819043,73938,12266096,98356,46761057,0,47063044,12483,11578908,979526,10488685,258724,8,2048,0,2048,8,4,4
chunked_256_p4,1546,2048,1694,7185014,70231,12229627,92081,46354524,0,46670977,14848,12748821,1780446,10784880,252203,8,2048,0,2048,8,4,4
chunked_256_p4,1547,2048,2434,6280098,109605,12121154,72616,47069595,0,47318122,12774,7412541,2152804,5170930,274174,8,2048,0,2048,8,4,4
chunked_256_p4,1548,2048,2194,6927302,75381,12505975,82091,48015761,0,48283296,12794,6627590,982150,5533339,241893,8,2048,0,2048,8,4,4
chunked_256_p4,1549,2048,1413,7172450,66474,12457234,100169,45803051,0,46073868,12794,7337951,996096,6210137,295604,8,2048,0,2048,8,4,4
chunked_256_p4,1550,2048,1883,7819684,72295,13693491,98395,47644303,0,47960004,14417,7325527,997689,6221518,274134,8,2048,0,2048,8,4,4
chunked_256_p4,1551,2048,1754,7490376,78958,11992483,80991,45830654,0,46070744,15550,7490697,972923,6385767,261059,8,2048,0,2048,8,4,4
chunked_256_p4,1552,2048,2063,7758118,74850,13029687,86000,50220861,0,50541121,17402,7773817,1155866,6523574,245800,8,2048,0,2048,8,4,4
chunked_256_p4,1553,2048,2956,7905805,73077,13711835,82405,51011771,0,51331361,12834,7661087,975077,6598014,265197,8,2048,0,2048,8,4,4
chunked_256_p4,1554,2048,1603,8546797,74820,13551946,84919,50474164,0,50745762,17483,7932395,988402,6847562,272290,8,2048,0,2048,8,4,4
chunked_256_p4,1555,2048,1734,8376417,80060,13349927,89876,50275301,0,50589770,13595,8164549,1067009,7000609,266148,8,2048,0,2048,8,4,4
chunked_256_p4,1556,2048,1603,37760722,86752,16937179,91039,64415510,0,64771957,12423,8055896,977121,6986682,236734,8,2048,0,2048,8,4,4
chunked_256_p4,1557,2048,1844,9328751,70302,14664721,95079,54655911,0,54955974,11902,7756535,963756,6671322,241483,8,2048,0,2048,8,4,4
chunked_256_p4,1558,2048,1663,9092569,66084,17473254,90470,63562312,0,63888793,11982,7781552,979645,6715475,241272,8,2048,0,2048,8,4,4
chunked_256_p4,1559,2048,1573,7844550,69130,14525149,92011,53116004,0,53432459,11131,9032877,978423,7926984,251031,8,2048,0,2048,8,4,4
chunked_256_p4,1560,2048,1463,8671810,68058,13108915,81854,50802280,0,51192414,17874,8086153,1008710,6976223,243696,8,2048,0,2048,8,4,4
chunked_256_p4,1561,2048,1794,9550757,73258,14680010,93724,55741949,0,56184517,15359,8311495,984735,7221373,241122,8,2048,0,2048,8,4,4
chunked_256_p4,1562,2048,1613,9014753,71734,15242122,93415,56383330,0,56669455,15609,8423906,984805,7324385,266850,8,2048,0,2048,8,4,4
chunked_256_p4,1563,2048,3437,8763081,112161,14797510,98785,54944001,0,55207154,11983,8509266,994213,7382785,246402,8,2048,0,2048,8,4,4
chunked_256_p4,1564,2048,1853,8631365,79920,15262621,95960,57822837,0,58072143,16361,8742333,1345511,7253733,242364,8,2048,0,2048,8,4,4
chunked_256_p4,1565,2048,1723,7788174,77666,14847283,83367,55237462,0,55520805,12824,8489889,990937,7376904,242124,8,2048,0,2048,8,4,4
chunked_256_p4,1566,2048,1643,7923208,75622,16223863,91501,60025395,0,60293698,11822,8509156,978885,7426387,241723,8,2048,0,2048,8,4,4
chunked_256_p4,1567,2048,1703,9082670,79459,15716722,102193,55904813,0,56210075,9217,8508504,970328,7446644,237796,8,2048,0,2048,8,4,4
chunked_256_p4,1568,2048,1653,8874049,75572,14945166,98765,54807247,0,55157492,10449,8762731,980548,7692475,259065,8,2048,0,2048,8,4,4
chunked_256_p4,1569,2048,1503,7689520,78567,14836973,104506,55678498,0,55999148,18595,9283938,1155746,8008257,235872,8,2048,0,2048,8,4,4
chunked_256_p4,1570,2048,1333,7595082,73267,15370263,89768,58200504,0,58514462,18174,9358046,995445,8251052,237915,8,2048,0,2048,8,4,4
chunked_256_p4,1571,2048,2785,9404724,102362,15816359,85431,55838038,0,56173326,14397,9332739,977842,8257234,238166,8,2048,0,2048,8,4,4
chunked_256_p4,1572,2048,1894,8523302,91401,13809729,85819,52866990,0,53275655,11452,8614844,978934,7523799,290244,8,2048,0,2048,8,4,4
chunked_256_p4,1573,2048,1423,6996902,81583,15976720,97242,58140800,0,58429736,11221,8704111,963606,7635549,248586,8,2048,0,2048,8,4,4
chunked_256_p4,1574,2048,1724,8606107,70442,15446386,96512,57267005,0,57635908,13185,9081077,987791,7991997,264776,8,2048,0,2048,8,4,4
chunked_256_p4,1575,2048,2074,8608101,90630,14634674,85553,55650976,0,55952013,13024,9875987,990896,8747903,271388,8,2048,0,2048,8,4,4
chunked_256_p4,1576,2048,1804,8944842,79008,15539921,83396,56102482,0,56390903,11973,8843563,972372,7792222,237465,8,2048,0,2048,8,4,4
chunked_256_p4,1577,2048,2064,9899942,70803,15401041,82133,54615777,0,54905158,12063,9014603,964768,7937595,249478,8,2048,0,2048,8,4,4
chunked_256_p4,1578,2048,1603,9278868,77595,14951588,83368,51663145,0,52002478,15970,9141531,1015373,8023305,267442,8,2048,0,2048,8,4,4
chunked_256_p4,1579,2048,2265,9751764,73258,15614711,71265,56908334,0,57162490,9628,9224917,984395,8150474,241021,8,2048,0,2048,8,4,4
chunked_256_p4,1580,2048,1793,10448169,121989,15264956,84259,55473283,0,55765662,11352,9332429,990026,8240522,252143,8,2048,0,2048,8,4,4
chunked_256_p4,1581,2048,2254,9164163,73087,14548433,90942,53719689,0,54164320,14728,10072525,1489331,8468980,237586,8,2048,0,2048,8,4,4
chunked_256_p4,1582,2048,1914,8760657,85009,15562192,100719,55907918,0,56271569,18335,9393543,989534,8282922,246461,8,2048,0,2048,8,4,4
chunked_256_p4,1583,2048,1864,7483393,75712,14533565,78866,56072234,0,56325138,16982,9728541,986398,8630763,250850,8,2048,0,2048,8,4,4
chunked_256_p4,1584,2048,1783,8274827,90289,14214177,92273,54555913,0,54840588,10530,17566990,984776,16471817,240971,8,2048,0,2048,8,4,4
chunked_256_p4,1585,2048,1373,9126803,69240,13797876,74579,51850876,0,52185906,13755,9705197,1001557,8612680,256180,8,2048,0,2048,8,4,4
chunked_256_p4,1586,2048,1293,9320155,70822,13527660,90138,52205681,0,52714512,10810,9933936,1003540,8836008,246742,8,2048,0,2048,8,4,4
chunked_256_p4,1587,2048,2104,8886623,69279,13154691,76716,51143982,0,51440397,10359,9644082,977451,8582113,254617,8,2048,0,2048,8,4,4
chunked_256_p4,1588,2048,1513,9486638,71705,15750496,103144,56788038,0,57115622,17443,9934416,990857,8840016,242364,8,2048,0,2048,8,4,4
chunked_256_p4,1589,2048,2164,9934106,67046,14502627,83895,54467159,0,54765316,12354,10254707,1156207,8994275,253184,8,2048,0,2048,8,4,4
chunked_256_p4,1590,2048,1793,9452934,71293,14941479,82896,56101480,0,56474158,17433,10009558,1132222,8755036,248796,8,2048,0,2048,8,4,4
chunked_256_p4,1591,2048,1553,9051081,76894,15165549,77866,56113542,0,57790956,11832,9712951,994925,8597882,237816,8,2048,0,2048,8,4,4
chunked_256_p4,1592,2048,3437,8908353,68569,15996356,440385,60185153,0,61783970,12032,9756853,980598,8676399,270907,8,2048,0,2048,8,4,4
chunked_256_p4,1593,2048,1432,7354492,71674,14203847,96201,54248188,0,54539544,11792,10118351,985887,8998452,238768,8,2048,0,2048,8,4,4
chunked_256_p4,1594,2048,1462,7376333,70823,14566908,92823,54219766,0,54542580,12624,9764117,986689,8666741,247073,8,2048,0,2048,8,4,4
chunked_256_p4,1595,2048,1312,8507683,106820,14721107,88849,56468268,0,56766879,10780,129048470,1064595,127856717,244799,8,2048,0,2048,8,4,4
chunked_256_p4,1596,2048,1884,7893642,72075,15903823,81021,61397383,0,61674334,13756,10360214,1004332,9222893,249557,8,2048,0,2048,8,4,4
chunked_256_p4,1597,2048,1502,8624532,72065,15260036,97251,57512605,0,57804893,12243,9890283,1002779,8769824,241573,8,2048,0,2048,8,4,4
chunked_256_p4,1598,2048,1603,8086644,71123,14086848,97293,54845586,0,55287807,11782,10306233,978133,9186455,245220,8,2048,0,2048,8,4,4
chunked_256_p4,1599,2048,1633,9571356,70442,13810159,105278,53021077,0,53340678,12313,10078847,1007809,8987832,248927,8,2048,0,2048,8,4,4
chunked_256_p4,1600,2048,1472,7930512,70673,14251868,119173,54890302,0,55263121,12724,10823783,989935,9701460,245651,8,2048,0,2048,8,4,4
chunked_256_p4,1601,2048,1883,8425790,71484,14727288,82093,55026234,0,55344101,10931,9749420,986699,8662853,265778,8,2048,0,2048,8,4,4
chunked_256_p4,1602,2048,2495,7814884,72626,14685129,86784,56884560,0,57161729,14266,9856270,1002779,8754996,271348,8,2048,0,2048,8,4,4
chunked_256_p4,1603,2048,1944,8071175,70783,14464135,87242,55398836,0,55698516,12313,9944656,1063773,8757191,254377,8,2048,0,2048,8,4,4
chunked_256_p4,1604,2048,2204,8720081,96722,13857839,102220,53700932,0,54028956,13795,10115906,988382,8979056,252874,8,2048,0,2048,8,4,4
chunked_256_p4,1605,2048,2154,7973552,71323,14152531,79791,55309016,0,55576978,12112,10091741,1025161,8962796,248987,8,2048,0,2048,8,4,4
chunked_256_p4,1606,2048,1964,11524295,77335,14281653,86403,55541131,0,55802774,10540,10191037,986439,9074986,234148,8,2048,0,2048,8,4,4
chunked_256_p4,1607,2048,1774,8093647,70372,13847449,80830,53950128,0,54255072,13305,9807158,987270,8692740,268453,8,2048,0,2048,8,4,4
chunked_256_p4,1608,2048,1904,9255274,119023,15981699,84608,57320456,0,57607313,13906,10105547,1124448,8874320,254567,8,2048,0,2048,8,4,4
chunked_256_p4,1609,2048,1823,8004400,69901,14707150,87844,56034336,0,56321172,11482,9836323,979205,8745198,242555,8,2048,0,2048,8,4,4
chunked_256_p4,1610,2048,1694,8446979,73398,14281683,90649,54609324,0,54906883,12143,10094807,994423,8968968,288811,8,2048,0,2048,8,4,4
chunked_256_p4,1611,2048,1814,8264738,67677,15853489,87575,58366134,0,58684533,12394,10469059,974687,9350502,263504,8,2048,0,2048,8,4,4
chunked_256_p4,1612,2048,1593,8316985,69380,14214156,90851,55183931,0,55498290,12113,10462186,1052742,9278587,252122,8,2048,0,2048,8,4,4
chunked_256_p4,1613,2048,1823,10348432,86873,14719223,83587,57495034,0,57775569,8856,10203431,1010443,9071118,250008,8,2048,0,2048,8,4,4
chunked_256_p4,1614,2048,2795,8952937,169949,14718281,100309,55964908,0,56284252,11642,10152736,983723,9024681,291416,8,2048,0,2048,8,4,4
chunked_256_p4,1615,2048,2114,8829746,71614,15871222,86062,58883153,0,59134904,14347,10550541,1061329,9323693,244799,8,2048,0,2048,8,4,4
chunked_256_p4,1616,2048,1533,9964382,71184,14805435,100417,56004499,0,56380252,17853,23192271,1024630,22023651,257252,8,2048,0,2048,8,4,4
chunked_256_p4,1617,2048,1714,10191678,66555,14748528,102751,57328978,0,57643079,16090,10392575,1024139,9231480,282008,8,2048,0,2048,8,4,4
chunked_256_p4,1618,2048,1823,8815420,70242,14919739,80531,57160974,0,57615950,10340,10418774,1003902,9290960,258284,8,2048,0,2048,8,4,4
chunked_256_p4,1619,2048,1683,9269691,71715,14984690,88225,56866734,0,57228403,15689,10474739,980638,9376301,269705,8,2048,0,2048,8,4,4
chunked_256_p4,1620,2048,2916,10695753,71834,15815929,81231,60830421,0,61118362,12934,10874798,982721,9766883,246542,8,2048,0,2048,8,4,4
chunked_256_p4,1621,2048,1674,7903230,71213,14147341,95171,52645566,0,52989803,10359,11421674,1016856,10265928,234710,8,2048,0,2048,8,4,4
chunked_256_p4,1622,2048,1833,10093825,82013,14841432,82075,56915705,0,57241848,12163,11346943,1054125,10162194,253605,8,2048,0,2048,8,4,4
chunked_256_p4,1623,2048,1523,9408220,79970,14375489,86152,55783595,0,56205186,15619,10701634,996748,9571447,290134,8,2048,0,2048,8,4,4
chunked_256_p4,1624,2048,2294,9106075,74579,15310040,102714,58165116,0,58455432,17062,10925564,985727,9786870,244418,8,2048,0,2048,8,4,4
chunked_256_p4,1625,2048,1473,135944933,82164,14705498,79229,56065695,0,56341991,9338,10653935,1012577,9525521,255519,8,2048,0,2048,8,4,4
chunked_256_p4,1626,2048,1723,9160636,75342,14851271,88556,56138329,0,56476945,17733,10855162,995235,9734923,252033,8,2048,0,2048,8,4,4
chunked_256_p4,1627,2048,2224,9331587,81663,14913537,89468,55951699,0,56307156,18324,10313266,1006206,9192496,234650,8,2048,0,2048,8,4,4
chunked_256_p4,1628,2048,3056,9838727,112350,14363005,101850,54746450,0,55119871,15479,10446787,1012387,9343890,243266,8,2048,0,2048,8,4,4
chunked_256_p4,1629,2048,1403,8364294,76784,15103794,87885,57971285,0,58304189,12163,10430957,974576,9352727,237806,8,2048,0,2048,8,4,4
chunked_256_p4,1630,2048,2064,8800401,105057,16435619,68829,60674078,0,60972689,11792,10737121,1002879,9615429,236914,8,2048,0,2048,8,4,4
chunked_256_p4,1631,2048,1503,9241268,68588,14311889,84696,55291933,0,55565176,14387,10851294,1038596,9681924,248105,8,2048,0,2048,8,4,4
chunked_256_p4,1632,2048,1372,9192857,80100,15856484,117310,57356752,0,57764987,12022,10219120,987581,9123507,243176,8,2048,0,2048,8,4,4
chunked_256_p4,1633,2048,1884,10121687,75432,15909524,97263,58242885,0,58542043,14587,10863868,985217,9726297,234921,8,2048,0,2048,8,4,4
chunked_256_p4,1634,2048,1813,8379152,159359,15525453,86813,56699191,0,56981350,11862,11969951,1007779,10766005,350477,8,2048,0,2048,8,4,4
chunked_256_p4,1635,2048,2184,8675377,76804,14125100,91673,55051472,0,55380342,14277,10534872,1012047,9372824,254477,8,2048,0,2048,8,4,4
chunked_256_p4,1636,2048,1463,8363924,69390,15247052,104776,58079677,0,58491851,13996,10672890,997028,9557299,260598,8,2048,0,2048,8,4,4
chunked_256_p4,1637,2048,1583,8056958,70703,16348276,89167,60655434,0,60966576,15750,10616735,998751,9492890,277660,8,2048,0,2048,8,4,4
chunked_256_p4,1638,2048,1553,8872547,74840,14954183,98434,57745801,0,58049820,11161,10325900,1022907,9202505,246441,8,2048,0,2048,8,4,4
chunked_256_p4,1639,2048,1362,9602945,70001,16447251,97362,61299064,0,61599114,13225,11504950,1154934,10239879,241493,8,2048,0,2048,8,4,4
chunked_256_p4,1640,2048,1343,10015478,92233,17960036,86121,62354969,0,62663386,9377,10381614,992620,9263629,249908,8,2048,0,2048,8,4,4
chunked_256_p4,1641,2048,1613,10611205,72115,16068993,100988,59817706,0,60142984,12293,11641686,1136750,10369462,236593,8,2048,0,2048,8,4,4
chunked_256_p4,1642,2048,1313,10702255,74700,17169385,91953,63489927,0,63814383,12423,86834533,1017627,85663830,245130,8,2048,0,2048,8,4,4
chunked_256_p4,1643,2048,1403,4277315,74199,5539882,79831,19221521,0,19626169,14327,10840284,1037714,9707461,273773,8,2048,0,2048,8,4,4
chunked_256_p4,1644,2048,2745,4133406,68829,5355997,73557,18456225,0,18729228,7995,10490609,975949,9431123,245270,8,2048,0,2048,8,4,4
chunked_256_p4,1645,2048,1643,4117957,69600,4979501,90872,17773696,0,18111129,7584,11055688,1014411,9924117,236283,8,2048,0,2048,8,4,4
chunked_256_p4,1646,2048,1743,4122145,70342,4954264,77676,17829331,0,18048963,10209,11042373,989855,9933986,255799,8,2048,0,2048,8,4,4
chunked_256_p4,1647,2048,1523,3177925,72937,4725004,84619,17639866,0,17910041,11462,10699470,973986,9636047,255809,8,2048,0,2048,8,4,4
chunked_256_p4,1648,2048,1613,3923493,69069,4856201,92472,18114625,0,18479178,10099,10924381,996648,9806256,232044,8,2048,0,2048,8,4,4
chunked_256_p4,1649,2048,1342,3788079,73398,4809463,80939,17793785,0,18119442,11021,10747611,991398,9648732,203170,8,2048,0,2048,8,4,4
chunked_256_p4,1650,2048,1453,8079761,74780,5105637,81333,18428413,0,18707676,7834,10928619,956583,9857552,237105,8,2048,0,2048,8,4,4
chunked_256_p4,1651,2048,1383,4056151,70783,4890886,80672,17526933,0,17894364,9297,11626367,935773,10581109,199774,8,2048,0,2048,8,4,4
chunked_256_p4,1652,2048,1573,4073964,72967,5388508,77276,18654077,0,18950304,11371,11951556,1102155,10714518,243756,8,2048,0,2048,8,4,4
chunked_256_p4,1653,2048,1813,2958995,68478,4776621,78036,17380351,0,17646609,12033,11262505,1015764,10134602,72796,8,2048,0,2048,8,4,4
chunked_256_p4,1654,2048,1914,2713495,69219,4934206,80880,17840101,0,18076584,11131,10770113,991969,9682805,71384,8,2048,0,2048,8,4,4
chunked_256_p4,1655,2048,1473,4248872,114886,4994620,84399,18095140,0,18471025,10991,11121952,994704,10024926,247204,8,2048,0,2048,8,4,4
chunked_256_p4,1656,2048,1583,2457145,75952,5378669,77236,19066408,0,19432006,9107,11070827,999433,9948543,238406,8,2048,0,2048,8,4,4
chunked_256_p4,1657,2048,2745,2561731,155281,4888110,76666,17703126,0,17961630,13105,11560243,1005845,10454651,255629,8,2048,0,2048,8,4,4
chunked_256_p4,1658,2048,1663,2416759,114003,5424725,76513,18794067,0,19314095,7785,11366390,943939,10311734,236534,8,2048,0,2048,8,4,4
chunked_256_p4,1659,2048,1313,2351687,67416,4938154,76715,17921805,0,18235203,7935,11308612,958617,10238456,259536,8,2048,0,2048,8,4,4
chunked_256_p4,1660,2048,1503,2262670,77345,6205138,75601,20575706,0,20804946,9758,11465646,971621,10400359,258865,8,2048,0,2048,8,4,4
chunked_256_p4,1661,2048,2264,2951812,115617,5513061,94930,19602454,0,19867642,10449,11024579,968916,9937532,250970,8,2048,0,2048,8,4,4
chunked_256_p4,1662,2048,2865,2428100,72265,5751227,82644,19900372,0,20160360,8475,10883595,1031763,9776521,287168,8,2048,0,2048,8,4,4
chunked_256_p4,1663,2048,2094,2874036,70943,4653751,70432,17498642,0,17754993,8656,12021177,943298,10948016,251050,8,2048,0,2048,8,4,4
chunked_256_p4,1664,2048,2054,4074816,72065,4847464,76664,17647279,0,18069564,11893,11098769,969417,10032771,130114,8,2048,0,2048,8,4,4
chunked_256_p4,1665,2048,2124,2711501,69210,4646027,68659,17004687,0,17275382,14346,11356140,987811,10264335,134421,8,2048,0,2048,8,4,4
chunked_256_p4,1666,2048,1823,3470624,67155,5023444,87723,18369011,0,18681027,8997,11258368,983924,10173866,237745,8,2048,0,2048,8,4,4
chunked_256_p4,1667,2048,1874,2426166,76994,5501790,79318,19367306,0,19628941,10740,11662014,996197,10564006,239729,8,2048,0,2048,8,4,4
chunked_256_p4,1668,2048,1764,2812710,113392,5127609,81383,18200136,0,18471134,11221,11346603,986018,10232465,243436,8,2048,0,2048,8,4,4
chunked_256_p4,1669,2048,1452,2410267,68559,4864335,78044,17226541,0,17501715,6913,11368173,971250,10312575,284293,8,2048,0,2048,8,4,4
chunked_256_p4,1670,2048,1623,3452109,100208,5463358,83306,18874860,0,19124068,12574,11742224,994874,10635771,284212,8,2048,0,2048,8,4,4
chunked_256_p4,1671,2048,1523,2406950,66374,4744141,66023,17914510,0,18119515,11131,11652025,979215,10563726,241092,8,2048,0,2048,8,4,4
chunked_256_p4,1672,2048,1703,2743621,84258,4674991,84027,17339973,0,17618554,8345,11488959,967343,10424395,237596,8,2048,0,2048,8,4,4
chunked_256_p4,1673,2048,1883,2630760,66384,4794064,69230,17978191,0,18205467,8536,12283058,1125589,11049997,238747,8,2048,0,2048,8,4,4
chunked_256_p4,1674,2048,2114,4308744,70853,4640096,70391,17352055,0,17630727,9858,11854374,970468,10793696,245550,8,2048,0,2048,8,4,4
chunked_256_p4,1675,2048,1873,4283888,73758,4960105,85430,18300083,0,18638857,7684,12041325,989645,10938909,240440,8,2048,0,2048,8,4,4
chunked_256_p4,1676,2048,1302,4304156,71404,4984270,82776,17529330,0,17743632,10169,11864063,985396,10757680,296626,8,2048,0,2048,8,4,4
chunked_256_p4,1677,2048,1703,4319745,66013,5190297,68948,18831658,0,19074754,11391,12000698,962784,10916496,253546,8,2048,0,2048,8,4,4
chunked_256_p4,1678,2048,1724,3112432,70773,5215895,74119,18444825,0,18665400,10930,11849725,1035811,10700081,239889,8,2048,0,2048,8,4,4
chunked_256_p4,1679,2048,1613,2921996,83897,4553172,70673,16892496,0,17131133,9959,13775084,976590,12666987,249999,8,2048,0,2048,8,4,4
chunked_256_p4,1680,2048,1433,4222874,73057,5069450,60273,18435616,0,18721292,9648,12258201,1021274,11138383,271589,8,2048,0,2048,8,4,4
chunked_256_p4,1681,2048,1463,2931974,69650,5578163,71674,19837665,0,20115165,8035,6553000,1033186,5446096,274485,8,2048,0,2048,8,4,4
chunked_256_p4,1682,2048,2044,2877533,70673,5479538,73911,19340794,0,19557843,9148,7523148,975468,6458363,243636,8,2048,0,2048,8,4,4
chunked_256_p4,1683,2048,1694,3234040,68248,5486632,82694,20251499,0,20529351,7414,7618767,1054957,6476407,266689,8,2048,0,2048,8,4,4
chunked_256_p4,1684,2048,1883,4220509,69370,5496079,76082,20242834,0,20573163,12834,8040327,1019610,6937982,253315,8,2048,0,2048,8,4,4
chunked_256_p4,1685,2048,1353,4482860,128541,6209356,71944,23071525,0,23361218,10149,7599551,1090604,6411134,271479,8,2048,0,2048,8,4,4
chunked_256_p4,1686,2048,1533,3556274,79619,5614190,82807,20243274,0,20509396,9939,7173503,993782,6090283,242254,8,2048,0,2048,8,4,4
chunked_256_p4,1687,2048,1693,4186415,92343,5411861,85460,19971275,0,20322323,9398,7603409,995605,6529435,257262,8,2048,0,2048,8,4,4
chunked_256_p4,1688,2048,1703,4019994,78848,5761667,81743,21816863,0,22077432,8737,8949030,1027957,7835132,257202,8,2048,0,2048,8,4,4
chunked_256_p4,1689,2048,2434,1517804,103153,5845845,85461,21460706,0,21730311,12674,7821317,964528,6763725,257683,8,2048,0,2048,8,4,4
chunked_256_p4,1690,2048,1904,3183055,74520,5719628,87385,20758230,0,21033546,14047,8102374,990426,7041375,243526,8,2048,0,2048,8,4,4
chunked_256_p4,1691,2048,1473,2294089,80932,5676908,81042,20457426,0,20765947,11222,8441619,980517,7392503,265066,8,2048,0,2048,8,4,4
chunked_256_p4,1692,2048,2635,3619693,70782,5611866,77655,20798936,0,21121380,11762,7841375,979124,6788180,271308,8,2048,0,2048,8,4,4
chunked_256_p4,1693,2048,2295,2330757,113633,5284022,81191,19633181,0,19877940,8907,8717877,1078551,7533909,263794,8,2048,0,2048,8,4,4
chunked_256_p4,1694,2048,2234,2485407,115827,5455433,86520,19904220,0,20185503,10089,8204064,1217862,6881596,253445,8,2048,0,2048,8,4,4
chunked_256_p4,1695,2048,1472,44275691,67276,9169684,84358,33816099,0,34129868,11562,8610365,976991,7566169,247214,8,2048,0,2048,8,4,4
chunked_256_p4,1696,2048,1863,4933064,67116,7187138,73989,26647548,0,26977384,8116,8283283,956422,7233806,258454,8,2048,0,2048,8,4,4
chunked_256_p4,1697,2048,1573,3654989,69289,7103672,87415,26482106,0,26789913,11272,8134473,978234,7078585,254277,8,2048,0,2048,8,4,4
chunked_256_p4,1698,2048,1272,4109521,72887,6214325,67516,23099957,0,23401881,10310,8288593,938339,7280143,241723,8,2048,0,2048,8,4,4
chunked_256_p4,1699,2048,1753,2814535,114915,6679006,77347,23552497,0,23784761,9057,8022223,985487,6946688,318006,8,2048,0,2048,8,4,4
chunked_256_p4,1700,2048,1843,3592102,76132,6151678,77164,23142549,0,23393297,9728,8503064,1017237,7388185,238357,8,2048,0,2048,8,4,4
chunked_256_p4,1701,2048,1373,3676249,76172,6608043,71134,24076569,0,24318731,8215,8381606,986448,7291053,197290,8,2048,0,2048,8,4,4
chunked_256_p4,1702,2048,2164,3927199,99927,7230379,79229,25800698,0,26079582,8236,9256446,1121511,8065835,322645,8,2048,0,2048,8,4,4
chunked_256_p4,1703,2048,1883,3630013,73307,6166746,72557,23072406,0,23288512,9748,9001959,954338,7940160,274154,8,2048,0,2048,8,4,4
chunked_256_p4,1704,2048,3216,3754826,131988,6873431,70912,25390462,0,25596437,15849,8634510,977171,7552634,252934,8,2048,0,2048,8,4,4
chunked_256_p4,1705,2048,2214,4952311,65783,6529646,74358,23971569,0,24218064,10390,9502006,965570,8426180,249318,8,2048,0,2048,8,4,4
chunked_256_p4,1706,2048,1553,3955152,70722,6343458,62997,24171496,0,24405714,14197,13427092,1041872,12226602,281718,8,2048,0,2048,8,4,4
chunked_256_p4,1707,2048,1783,4149737,71524,6982014,83586,25014226,0,25308105,7925,8647255,978233,7578642,257272,8,2048,0,2048,8,4,4
chunked_256_p4,1708,2048,1693,4040111,116087,7163384,71763,25904625,0,26175662,12574,8980109,976039,7934639,234499,8,2048,0,2048,8,4,4
chunked_256_p4,1709,2048,1773,3663506,100788,6666122,79368,24609796,0,24907867,10670,9272547,1027847,8174188,259647,8,2048,0,2048,8,4,4
chunked_256_p4,1710,2048,2354,3738786,80501,6627319,73859,23976491,0,24215017,8787,8777658,975448,7726399,246713,8,2048,0,2048,8,4,4
chunked_256_p4,1711,2048,1854,3485001,145362,6360068,81822,23646281,0,23961561,13896,9468693,1103517,8268334,241953,8,2048,0,2048,8,4,4
chunked_256_p4,1712,2048,2054,3838293,81082,6460827,87965,23841749,0,24397480,11722,9010435,993221,7893272,229770,8,2048,0,2048,8,4,4
chunked_256_p4,1713,2048,1803,3786716,70371,6701698,79700,24806505,0,25057324,14848,9169233,1283255,7791410,241302,8,2048,0,2048,8,4,4
chunked_256_p4,1714,2048,1874,3780704,65723,6723840,100600,25437950,0,25762908,6643,8885551,1024189,7793264,237676,8,2048,0,2048,8,4,4
chunked_256_p4,1715,2048,3166,3431501,74429,7225149,77115,26383670,0,26679124,11302,9199550,999914,8092345,241162,8,2048,0,2048,8,4,4
chunked_256_p4,1716,2048,1613,3701186,103884,5992149,88326,22603358,0,22837937,10229,9069936,1007398,7963504,237625,8,2048,0,2048,8,4,4
chunked_256_p4,1717,2048,1342,4054197,69470,7026056,85430,25118741,0,25410038,9037,9006328,960801,7951591,243226,8,2048,0,2048,8,4,4
chunked_256_p4,1718,2048,1764,4067341,69711,6409000,80814,23991599,0,24294507,12383,10028824,963776,8935915,239328,8,2048,0,2048,8,4,4
chunked_256_p4,1719,2048,1272,4167810,68488,7549377,84581,27261288,0,27554106,15630,9241709,1003891,8141146,251952,8,2048,0,2048,8,4,4
chunked_256_p4,1720,2048,2415,4050009,71243,7168103,76855,26008368,0,26271332,9308,9358768,986068,8250912,235672,8,2048,0,2048,8,4,4
chunked_256_p4,1721,2048,1924,3763532,67066,7032328,75110,25759802,0,26026884,10360,9035923,1030761,7907879,239118,8,2048,0,2048,8,4,4
chunked_256_p4,1722,2048,1353,4089523,73257,7022990,75650,25886008,0,26125886,10229,8940584,984525,7847756,283001,8,2048,0,2048,8,4,4
chunked_256_p4,1723,2048,2395,3785604,78757,6208905,74640,23621003,0,23861724,11872,9724073,982381,8608632,264686,8,2048,0,2048,8,4,4
chunked_256_p4,1724,2048,1673,3687841,71334,7054379,71663,26380048,0,26632426,8316,10131817,1022066,9032165,255138,8,2048,0,2048,8,4,4
chunked_256_p4,1725,2048,2464,5536214,68458,6794032,121817,24157078,0,24426182,10389,9698825,966030,8618120,238216,8,2048,0,2048,8,4,4
chunked_256_p4,1726,2048,1472,4990282,68278,8332435,79720,25984475,0,26285468,16070,9303234,990176,8223400,249848,8,2048,0,2048,8,4,4
chunked_256_p4,1727,2048,12704,4944565,73948,7025305,69271,24988497,0,25308767,8947,10295553,1074964,9100934,233738,8,2048,0,2048,8,4,4
chunked_256_p4,1728,2048,1282,4458936,80741,7131514,73028,26202391,0,26509339,12123,9702081,1041452,8541346,246492,8,2048,0,2048,8,4,4
chunked_256_p4,1729,2048,1974,4818549,97443,6588837,84780,24698385,0,25006740,9909,9307902,1010694,8206228,261760,8,2048,0,2048,8,4,4
chunked_256_p4,1730,2048,2254,4925259,82305,6827344,72837,24582266,0,24860038,8957,10622476,972172,9543474,248466,8,2048,0,2048,8,4,4
chunked_256_p4,1731,2048,1402,4805665,73198,7001831,67868,26540704,0,26774674,9999,9838947,979716,8733396,238788,8,2048,0,2048,8,4,4
chunked_256_p4,1732,2048,2304,5097993,70683,6691339,70460,24123136,0,24362563,10700,10563606,989815,9453986,258554,8,2048,0,2048,8,4,4
chunked_256_p4,1733,2048,2074,4627121,70291,7125993,73858,26076036,0,26319532,8506,9346504,976239,8271871,274064,8,2048,0,2048,8,4,4
chunked_256_p4,1734,2048,1683,5402754,77475,6788932,90749,24992223,0,25314267,13025,9763166,995626,8604374,250279,8,2048,0,2048,8,4,4
chunked_256_p4,1735,2048,1613,3438734,68999,6738397,75622,25155040,0,25384558,9027,10237294,1056009,9071069,271859,8,2048,0,2048,8,4,4
chunked_256_p4,1736,2048,1583,3320662,70622,7171679,78889,26553861,0,26809239,10059,10800720,997369,9673567,295674,8,2048,0,2048,8,4,4
chunked_256_p4,1737,2048,1884,3572595,93264,6828787,78248,25031567,0,25320287,12694,9957720,1216900,8634030,236924,8,2048,0,2048,8,4,4
chunked_256_p4,1738,2048,1943,4170085,70161,6698933,88817,25370702,0,25736879,8396,9369128,959768,8334299,254637,8,2048,0,2048,8,4,4
chunked_256_p4,1739,2048,1563,4553793,74449,6512515,77335,24439388,0,24811939,8055,9753738,970058,8651562,244047,8,2048,0,2048,8,4,4
chunked_256_p4,1740,2048,1964,4262207,69019,7494253,72026,26745379,0,27011328,11010,9619235,1019691,8520858,240201,8,2048,0,2048,8,4,4
chunked_256_p4,1741,2048,1483,4506955,81513,6795845,81955,25657241,0,25924620,12533,9862933,974747,8739778,284192,8,2048,0,2048,8,4,4
chunked_256_p4,1742,2048,1583,4708043,75080,7083845,73439,26223631,0,26528714,8426,10359203,1026804,9212735,240881,8,2048,0,2048,8,4,4
chunked_256_p4,1743,2048,1883,4741685,73097,7435554,74418,27400776,0,27657598,9759,9864576,980948,8784982,241873,8,2048,0,2048,8,4,4
chunked_256_p4,1744,2048,1914,4808541,79769,6284156,67045,23692126,0,23959598,8316,10345727,981098,9229065,249798,8,2048,0,2048,8,4,4
chunked_256_p4,1745,2048,1623,3594005,78918,7509001,80510,28059041,0,28404275,11351,9940868,1067541,8781766,241503,8,2048,0,2048,8,4,4
chunked_256_p4,1746,2048,2815,4313574,89989,7378667,69750,26615645,0,26834294,9277,10192830,977883,9071469,266099,8,2048,0,2048,8,4,4
chunked_256_p4,1747,2048,2445,4137974,77575,6870375,71252,25435314,0,25680633,8426,9563361,969827,8506741,254908,8,2048,0,2048,8,4,4
chunked_256_p4,1748,2048,3496,4438407,87434,6617070,68229,24701630,0,24963072,9939,9765570,972473,8675337,262322,8,2048,0,2048,8,4,4
chunked_256_p4,1749,2048,1773,4047866,70002,7453087,70854,26818419,0,27093350,10981,10048691,1210558,8726924,247895,8,2048,0,2048,8,4,4
chunked_256_p4,1750,2048,1693,4792881,72245,6778733,73759,24562187,0,24828508,11171,10231233,981288,9120130,230362,8,2048,0,2048,8,4,4
chunked_256_p4,1751,2048,2224,4212965,146084,7742769,70330,26314272,0,26549011,12865,10287569,1043476,9113137,248375,8,2048,0,2048,8,4,4
chunked_256_p4,1752,2048,1543,4367936,74961,6697751,77106,24654400,0,24891118,9728,10009457,979666,8902312,237485,8,2048,0,2048,8,4,4
chunked_256_p4,1753,2048,1863,4429070,69741,7026046,70410,25828450,0,26048051,9467,18414978,1102005,17193289,249237,8,2048,0,2048,8,4,4
chunked_256_p4,1754,2048,1462,4193228,78597,7749472,78376,26979416,0,27247510,9227,9980733,978684,8905228,247765,8,2048,0,2048,8,4,4
chunked_256_p4,1755,2048,1823,4512836,70051,7197387,79489,26753454,0,26986791,11120,10066283,972312,8992791,245080,8,2048,0,2048,8,4,4
chunked_256_p4,1756,2048,1753,4953463,201889,7426367,77825,26921069,0,27136023,9167,9945176,956924,8854853,235842,8,2048,0,2048,8,4,4
chunked_256_p4,1757,2048,1453,3161374,68558,11454275,79689,30939341,0,31355860,8146,9979060,970018,8919545,251210,8,2048,0,2048,8,4,4
chunked_256_p4,1758,2048,2445,3592302,136997,7150840,67685,26951425,0,27214877,8736,10312305,981900,9241147,243175,8,2048,0,2048,8,4,4
chunked_256_p4,1759,2048,1493,4663950,69200,6644431,78117,24794253,0,25028911,10229,10530263,1009632,9420674,248746,8,2048,0,2048,8,4,4
chunked_256_p4,1760,2048,1453,5201066,67877,6228652,67287,23631203,0,23875270,12213,10394539,1025982,9284619,253325,8,2048,0,2048,8,4,4
chunked_256_p4,1761,2048,2264,5221094,72015,7206956,75485,26109948,0,26383402,10891,10323796,977442,9252038,245029,8,2048,0,2048,8,4,4
chunked_256_p4,1762,2048,1753,4148203,75622,7276355,69001,26775518,0,27176239,8747,10678371,1033647,9547782,249588,8,2048,0,2048,8,4,4
chunked_256_p4,1763,2048,1723,5218720,73598,6862930,75941,24623195,0,24847121,6943,11064013,964988,10007584,237154,8,2048,0,2048,8,4,4
chunked_256_p4,1764,2048,7544,5450133,70652,7022870,69389,24839107,0,25060513,11011,10693149,969106,9644323,243326,8,2048,0,2048,8,4,4
chunked_256_p4,1765,2048,1442,4902117,72446,6530117,72114,24045580,0,24313001,12644,10353943,1015192,9241909,236303,8,2048,0,2048,8,4,4
chunked_256_p4,1766,2048,1353,4710908,70543,7128559,75782,24664711,0,24892748,10620,10450925,1005273,9342107,271579,8,2048,0,2048,8,4,4
chunked_256_p4,1767,2048,1913,5253264,70071,6400123,83145,23890180,0,24120480,10340,10567594,977703,9466800,238607,8,2048,0,2048,8,4,4
chunked_256_p4,1768,2048,2034,4999789,67998,6003230,73438,22698487,0,22967911,12363,10510957,956232,9445511,258214,8,2048,0,2048,8,4,4
chunked_256_p4,1769,2048,1743,4801758,71403,6518805,67278,24479573,0,24754839,9197,10660687,982231,9589150,255700,8,2048,0,2048,8,4,4
chunked_256_p4,1770,2048,2043,4310527,72466,6957308,70240,25582762,0,25837577,11942,10428853,981559,9354470,240761,8,2048,0,2048,8,4,4
chunked_256_p4,1771,2048,2094,4327670,71714,6989297,100971,26070676,0,26420760,12133,10280955,971531,9226129,213249,8,2048,0,2048,8,4,4
chunked_256_p4,1772,2048,1653,3563007,70763,6547489,87233,24713200,0,25018753,12824,10330198,961221,9243642,262382,8,2048,0,2048,8,4,4
chunked_256_p4,1773,2048,1493,3765466,70622,7073716,71804,26282382,0,26582033,14447,10766726,966431,9702381,265818,8,2048,0,2048,8,4,4
chunked_256_p4,1774,2048,1343,3624472,73037,6367923,77186,23996779,0,24233583,10781,11465777,1007077,10351378,238827,8,2048,0,2048,8,4,4
chunked_256_p4,1775,2048,2254,3720613,76654,6793901,63889,25658711,0,25878263,8907,10716192,975819,9638091,242865,8,2048,0,2048,8,4,4
chunked_256_p4,1776,2048,1743,4205691,73207,6968739,81734,25424605,0,25737261,8085,10185758,965709,9121042,246321,8,2048,0,2048,8,4,4
chunked_256_p4,1777,2048,1503,3343105,69029,7235990,75742,26478038,0,26821592,11411,10858007,983783,9777653,288681,8,2048,0,2048,8,4,4
chunked_256_p4,1778,2048,1753,4306040,68118,6938913,96769,25728926,0,26064313,9228,10661219,996557,9531642,234529,8,2048,0,2048,8,4,4
chunked_256_p4,1779,2048,1713,4318453,109616,7700009,82265,27268611,0,27573323,9818,10517148,981550,9438287,231624,8,2048,0,2048,8,4,4
chunked_256_p4,1780,2048,1352,3365086,68278,7586757,85670,27119049,0,27404285,9758,10634859,1008280,9531852,238377,8,2048,0,2048,8,4,4
chunked_256_p4,1781,2048,2214,4217984,68058,6699214,86595,24649212,0,24936471,8676,10838741,951162,9751744,280436,8,2048,0,2048,8,4,4
chunked_256_p4,1782,2048,3386,3774353,83457,7334134,96921,27090117,0,27393943,12323,10596007,988612,9493511,249778,8,2048,0,2048,8,4,4
chunked_256_p4,1783,2048,1453,3056397,67296,6158571,66493,23489369,0,23711573,8937,11344529,961281,10261619,222056,8,2048,0,2048,8,4,4
chunked_256_p4,1784,2048,1713,4308043,134122,6760068,69510,24299958,0,24566215,11652,10471383,983744,9385207,253686,8,2048,0,2048,8,4,4
chunked_256_p4,1785,2048,1913,4853366,73338,6401256,67077,23958456,0,24210440,10349,10607788,975218,9524458,251441,8,2048,0,2048,8,4,4
chunked_256_p4,1786,2048,2475,4294708,74700,7152333,79839,24969430,0,25260656,9318,10352640,991478,9253501,237365,8,2048,0,2048,8,4,4
chunked_256_p4,1787,2048,1623,4178680,104075,7303978,63269,26140205,0,26341120,13264,10511898,992549,9421245,241914,8,2048,0,2048,8,4,4
chunked_256_p4,1788,2048,1523,4203467,204454,7408523,76836,27310889,0,27633062,12133,10346940,993992,9245094,238838,8,2048,0,2048,8,4,4
chunked_256_p4,1789,2048,1973,4499462,74269,6537360,67858,24454755,0,24705796,8055,10491431,966201,9412268,239459,8,2048,0,2048,8,4,4
chunked_256_p4,1790,2048,1483,4416787,74109,7163665,69350,26819647,0,27070237,8576,10508061,973725,9442775,261340,8,2048,0,2048,8,4,4
chunked_256_p4,1791,2048,1963,4469887,67487,6218163,62017,23629550,0,23855134,11071,10435386,961752,9383814,253535,8,2048,0,2048,8,4,4
chunked_256_p4,1792,2048,1843,4605400,71795,7079607,72013,25975115,0,26234802,11191,10745587,997920,9653510,238257,8,2048,0,2048,8,4,4
chunked_256_p4,1793,2048,1994,4624166,69450,6644722,63510,24687012,0,24909979,15269,10589284,963065,9520411,231584,8,2048,0,2048,8,4,4
chunked_256_p4,1794,2048,1664,4801427,69009,7639366,72555,28213219,0,28484497,8336,10575027,969266,9525060,287339,8,2048,0,2048,8,4,4
chunked_256_p4,1795,2048,1443,4847133,75402,6813288,75873,25583401,0,25795621,8166,10546644,984625,9439719,235141,8,2048,0,2048,8,4,4
chunked_256_p4,1796,2048,1964,4865728,68028,6390295,67266,24416195,0,24741646,11962,10710812,974336,9612883,237304,8,2048,0,2048,8,4,4
chunked_256_p4,1797,2048,2024,4554785,72616,6432945,66515,23829757,0,24136090,11191,10514794,1003942,9409914,240591,8,2048,0,2048,8,4,4
chunked_256_p4,1798,2048,2094,4458565,84639,7169255,72637,25729374,0,25945734,11051,10666478,1035000,9507807,260788,8,2048,0,2048,8,4,4
chunked_256_p4,1799,2048,1603,4612654,79819,7417780,80903,26879008,0,27105214,6693,10718677,1023839,9596654,237845,8,2048,0,2048,8,4,4
chunked_256_p4,1800,2048,1353,4517114,76303,6905010,78786,25772386,0,26022284,9608,10785051,1022676,9637811,250589,8,2048,0,2048,8,4,4
chunked_256_p4,1801,2048,1623,4568441,75422,6438015,78056,24155166,0,24583138,9668,10678771,967894,9617593,282249,8,2048,0,2048,8,4,4
chunked_256_p4,1802,2048,1623,4616932,98325,7586547,81391,27556648,0,27999067,12694,10959848,992791,9864726,241302,8,2048,0,2048,8,4,4
chunked_256_p4,1803,2048,1664,5112200,78607,6651644,63939,24506866,0,24718271,11140,10830455,975097,9759389,236122,8,2048,0,2048,8,4,4
chunked_256_p4,1804,2048,1814,4516804,79569,7109342,74630,25046036,0,25249867,8465,10942245,968114,9882559,264095,8,2048,0,2048,8,4,4
chunked_256_p4,1805,2048,1483,5617818,82504,6550405,75982,24014852,0,24239553,9007,10464390,984565,9385708,296155,8,2048,0,2048,8,4,4
chunked_256_p4,1806,2048,1663,4796959,80410,6590951,73867,23580927,0,23784492,10459,12555528,967683,11470775,244198,8,2048,0,2048,8,4,4
chunked_256_p4,1807,2048,1903,4965666,85360,7411348,85327,27362186,0,27608496,11261,10817852,1011897,9696050,240892,8,2048,0,2048,8,4,4
chunked_256_p4,1808,2048,2695,4533676,125335,8228189,64169,29635883,0,29981393,8536,11350600,987921,10230451,263904,8,2048,0,2048,8,4,4
chunked_256_p4,1809,2048,1553,6844707,91923,7512659,75079,27142973,0,27399546,10419,11256103,973505,10176360,241833,8,2048,0,2048,8,4,4
chunked_256_p4,1810,2048,1513,4592947,86482,7375581,75471,26165063,0,26411124,8857,11456739,1010154,10329517,246863,8,2048,0,2048,8,4,4
chunked_256_p4,1811,2048,1954,4800847,88346,7275915,70733,26589998,0,26821542,8957,11031332,963606,9967459,259617,8,2048,0,2048,8,4,4
chunked_256_p4,1812,2048,1874,4857943,85591,7700611,187239,28216346,0,28582951,9067,11752483,1037764,10593371,244839,8,2048,0,2048,8,4,4
chunked_256_p4,1813,2048,1794,4927173,88315,6962136,74089,25294137,0,25576248,10720,11198715,992350,10059191,246101,8,2048,0,2048,8,4,4
chunked_256_p4,1814,2048,1563,4688235,116538,6877458,87984,24390418,0,24702329,9398,11515008,1233020,10162193,251361,8,2048,0,2048,8,4,4
chunked_256_p4,1815,2048,2074,4183520,85810,7447415,80992,26091824,0,26326694,10269,7391741,1368735,5938258,236833,8,2048,0,2048,8,4,4
chunked_256_p4,1816,2048,2575,5143709,96110,7512478,82463,27950037,0,28268112,8496,6684827,980257,5624911,250800,8,2048,0,2048,8,4,4
chunked_256_p4,1817,2048,1633,4751935,90279,7731589,78508,27655917,0,27916575,12113,7137856,986068,6036192,257152,8,2048,0,2048,8,4,4
chunked_256_p4,1818,2048,2004,6287482,89728,8027803,79827,28944731,0,29230475,12243,14275542,988573,13170681,252053,8,2048,0,2048,8,4,4
chunked_256_p4,1819,2048,1984,5050334,119493,7951210,87272,29436922,0,29728440,12363,7107589,984255,6030441,242114,8,2048,0,2048,8,4,4
chunked_256_p4,1820,2048,2254,4306551,83387,7605232,80240,27945126,0,28217519,11913,7409445,1005013,6304554,258405,8,2048,0,2048,8,4,4
chunked_256_p4,1821,2048,2424,4229966,78427,7758368,80030,28377979,0,28623809,10801,7599201,970990,6540276,243807,8,2048,0,2048,8,4,4
chunked_256_p4,1822,2048,2174,4328942,78016,7242502,80792,27108999,0,27509120,13475,7889064,1199658,6565213,248956,8,2048,0,2048,8,4,4
chunked_256_p4,1823,2048,1453,4190943,75611,7166820,85720,27325435,0,27623985,9387,7692295,983262,6627570,253214,8,2048,0,2048,8,4,4
chunked_256_p4,1824,2048,1723,4217473,108934,7131023,79919,26940544,0,27198417,9277,7809685,977992,6745230,268423,8,2048,0,2048,8,4,4
chunked_256_p4,1825,2048,1553,4404183,72325,7878483,89258,28444753,0,28787607,8626,7985204,976300,6920278,261109,8,2048,0,2048,8,4,4
chunked_256_p4,1826,2048,1983,4029390,111629,7925673,87212,27971346,0,28319968,10540,8275658,977481,7201005,251742,8,2048,0,2048,8,4,4
chunked_256_p4,1827,2048,1533,33264907,78738,9972388,97824,37643029,0,37926184,10109,8205477,974316,7128608,241202,8,2048,0,2048,8,4,4
chunked_256_p4,1828,2048,2655,4596293,74760,9005155,80652,33582602,0,33820859,11441,7904983,1006826,6811694,242144,8,2048,0,2048,8,4,4
chunked_256_p4,1829,2048,1793,5347040,114775,9491336,81563,33125004,0,33359716,13936,8036430,1020082,6934154,237616,8,2048,0,2048,8,4,4
chunked_256_p4,1830,2048,1654,6125358,71855,8964719,72086,33163397,0,33400210,11992,7949757,976921,6899159,256851,8,2048,0,2048,8,4,4
chunked_256_p4,1831,2048,1673,6223292,69801,8250350,73288,31207449,0,31467157,12293,8057108,972353,6999967,233438,8,2048,0,2048,8,4,4
chunked_256_p4,1832,2048,1974,5603480,69881,8682942,77947,33271910,0,33688740,11662,8280588,980788,7205593,240160,8,2048,0,2048,8,4,4
chunked_256_p4,1833,2048,1653,5912249,69521,10686566,72196,37955023,0,38192681,9628,8644931,976620,7536814,295684,8,2048,0,2048,8,4,4
chunked_256_p4,1834,2048,1904,5992710,75281,10018133,84738,36890172,0,37222152,11161,8523482,970649,7420085,247224,8,2048,0,2048,8,4,4
chunked_256_p4,1835,2048,1914,4526422,79188,8476054,73917,32303204,0,32540577,13846,8649809,993282,7537465,172083,8,2048,0,2048,8,4,4
chunked_256_p4,1836,2048,1693,5731471,68368,9390156,85069,34685777,0,35058386,16611,8385043,1013550,7284581,211205,8,2048,0,2048,8,4,4
chunked_256_p4,1837,2048,1673,5703318,67847,9384456,82265,34583788,0,34885564,12614,8664387,1006766,7528528,239859,8,2048,0,2048,8,4,4
chunked_256_p4,1838,2048,1623,5374401,72816,9494172,79537,35722050,0,36010158,10289,8457739,977522,7371263,289141,8,2048,0,2048,8,4,4
chunked_256_p4,1839,2048,3115,5663683,72516,9355712,97621,35034803,0,35317252,10179,8989466,1024980,7875558,238727,8,2048,0,2048,8,4,4
chunked_256_p4,1840,2048,1653,4878011,66354,8840417,77405,33679171,0,33921439,8486,8871976,971961,7738681,277300,8,2048,0,2048,8,4,4
chunked_256_p4,1841,2048,1583,4403532,65653,9423188,76904,35114622,0,35360702,13345,8736332,976249,7660756,251441,8,2048,0,2048,8,4,4
chunked_256_p4,1842,2048,1593,4702563,69200,8818445,68437,33049404,0,33305801,10069,9148383,1086005,7916856,247855,8,2048,0,2048,8,4,4
chunked_256_p4,1843,2048,1893,5697237,83145,8682310,84177,33226724,0,33522380,10690,9074054,974826,7949276,255669,8,2048,0,2048,8,4,4
chunked_256_p4,1844,2048,2995,4429411,75923,8486624,77034,31786044,0,32030164,12243,9201483,965850,8104848,242555,8,2048,0,2048,8,4,4
chunked_256_p4,1845,2048,1402,4033238,69229,9451342,77395,35094075,0,35391831,10690,9163251,987641,8079190,236964,8,2048,0,2048,8,4,4
chunked_256_p4,1846,2048,2485,5184004,74920,8675487,80712,32933696,0,33200285,11572,9313824,1003060,8173657,238707,8,2048,0,2048,8,4,4
chunked_256_p4,1847,2048,1543,4131472,66905,8896231,74619,34293975,0,34521020,11071,9008762,966190,7943356,256521,8,2048,0,2048,8,4,4
chunked_256_p4,1848,2048,1593,4905012,71293,8732485,72004,32960567,0,33195908,15219,9252128,978694,8149332,242465,8,2048,0,2048,8,4,4
chunked_256_p4,1849,2048,1874,5528821,74880,8961393,81865,33603902,0,33864130,15940,10394829,981990,9246959,325049,8,2048,0,2048,8,4,4
chunked_256_p4,1850,2048,1894,4335174,69981,10057227,82443,38172963,0,38437881,9898,9055209,983543,7983350,207689,8,2048,0,2048,8,4,4
chunked_256_p4,1851,2048,1764,4709816,66034,8815019,81442,33502262,0,33746015,11922,10592400,1368404,9076279,236723,8,2048,0,2048,8,4,4
chunked_256_p4,1852,2048,1593,4094834,121968,9195581,78047,34642989,0,34929677,10810,9415945,978022,8314931,243025,8,2048,0,2048,8,4,4
chunked_256_p4,1853,2048,2024,4506836,72095,9124148,81402,34075788,0,34336515,12002,9879704,1056790,8667583,259005,8,2048,0,2048,8,4,4
chunked_256_p4,1854,2048,1723,4783995,75833,9333451,74320,34851920,0,35141274,12173,9645204,978273,8529954,246281,8,2048,0,2048,8,4,4
chunked_256_p4,1855,2048,1673,4301110,99206,10568495,86971,37864627,0,38119244,11872,9478833,982351,8403558,284914,8,2048,0,2048,8,4,4
chunked_256_p4,1856,2048,2785,4853456,65433,9992155,79758,36418859,0,36702156,10139,10003245,1001688,8866655,248837,8,2048,0,2048,8,4,4
chunked_256_p4,1857,2048,1533,11870585,68588,9700478,75531,35846855,0,36226015,10710,9674690,1050739,8509286,243707,8,2048,0,2048,8,4,4
chunked_256_p4,1858,2048,1753,5759092,68659,8532810,76102,32689187,0,32965736,12743,9208215,963586,8140525,246142,8,2048,0,2048,8,4,4
chunked_256_p4,1859,2048,1462,5541926,137247,9630476,68237,36639368,0,37019301,14187,9367094,972382,8281068,303258,8,2048,0,2048,8,4,4
chunked_256_p4,1860,2048,3106,4458695,70291,9095455,71144,34463151,0,34715524,13315,10051105,1052873,8873949,316203,8,2048,0,2048,8,4,4
chunked_256_p4,1861,2048,2224,5754945,72246,9534747,77474,34172839,0,34417815,13024,9861229,980146,8729860,279183,8,2048,0,2048,8,4,4
chunked_256_p4,1862,2048,1873,4427427,79699,8838042,87603,33910797,0,34222470,14457,9481718,971660,8412114,116959,8,2048,0,2048,8,4,4
chunked_256_p4,1863,2048,3707,5583663,73478,9343740,80972,33719458,0,34081276,14998,9953753,983633,8838654,245770,8,2048,0,2048,8,4,4
chunked_256_p4,1864,2048,1994,5239358,83196,9243091,74162,35151135,0,35411440,13345,9893250,996047,8734558,257703,8,2048,0,2048,8,4,4
chunked_256_p4,1865,2048,1513,4899341,69992,9381591,70103,35287647,0,35607626,16440,10669884,988943,9563792,274284,8,2048,0,2048,8,4,4
chunked_256_p4,1866,2048,2545,4789996,86271,8885230,76482,33435356,0,33665878,12143,9771241,1008360,8630633,243446,8,2048,0,2048,8,4,4
chunked_256_p4,1867,2048,2385,5461054,70262,8783500,69598,33548667,0,33816710,9989,9953733,979105,8841077,235361,8,2048,0,2048,8,4,4
chunked_256_p4,1868,2048,1894,5709159,70402,9687784,86761,36967214,0,37239786,11472,9533475,962644,8477997,253304,8,2048,0,2048,8,4,4
chunked_256_p4,1869,2048,1823,6223412,69931,8842590,83717,34041431,0,34291972,10790,9933985,983923,8827221,237145,8,2048,0,2048,8,4,4
chunked_256_p4,1870,2048,1402,6253639,70813,9166087,75181,34436852,0,34997083,11011,10013415,989464,8902824,235511,8,2048,0,2048,8,4,4
chunked_256_p4,1871,2048,2284,5535784,79349,9003181,74461,33140080,0,33466337,14377,10061185,1013399,8939813,236433,8,2048,0,2048,8,4,4
chunked_256_p4,1872,2048,1774,5875270,69651,8571062,66065,32737719,0,33012942,11321,9633463,989344,8547798,237194,8,2048,0,2048,8,4,4
chunked_256_p4,1873,2048,1503,4869425,77515,9161027,77103,34585039,0,34819058,9769,9815253,977822,8715993,244879,8,2048,0,2048,8,4,4
chunked_256_p4,1874,2048,1763,4677867,77545,9001698,83766,33868978,0,34193956,14006,9563120,991077,8464893,227126,8,2048,0,2048,8,4,4
chunked_256_p4,1875,2048,1913,5384150,76072,8628178,79448,32849818,0,33156131,12404,9765020,1119909,8529654,256821,8,2048,0,2048,8,4,4
chunked_256_p4,1876,2048,1503,5858218,90158,9283367,81994,34127320,0,34374075,14046,9609348,984816,8540955,182301,8,2048,0,2048,8,4,4
chunked_256_p4,1877,2048,1473,5882213,74840,9167289,83977,33816409,0,34293484,10219,9399775,962855,8343395,237665,8,2048,0,2048,8,4,4
chunked_256_p4,1878,2048,1443,5816420,75171,9022558,81284,33833803,0,34120503,17202,9698334,990937,8624532,144471,8,2048,0,2048,8,4,4
chunked_256_p4,1879,2048,2765,4989600,92123,8503866,87342,32478480,0,32833447,10169,10149028,1041091,8995407,246171,8,2048,0,2048,8,4,4
chunked_256_p4,1880,2048,1563,4725936,84709,9917535,86574,35207997,0,35444502,10469,10038932,965019,8952636,249728,8,2048,0,2048,8,4,4
chunked_256_p4,1881,2048,1503,4785107,75461,9159053,72555,34450918,0,34720335,7694,10030045,975848,8931407,247073,8,2048,0,2048,8,4,4
chunked_256_p4,1882,2048,1422,6244372,80401,8718859,72057,32983248,0,33327736,11952,9948253,1006516,8809739,238056,8,2048,0,2048,8,4,4
chunked_256_p4,1883,2048,1964,5271108,76573,9220709,76712,35130852,0,35422310,9558,9876318,967573,8786345,275657,8,2048,0,2048,8,4,4
chunked_256_p4,1884,2048,1674,6031032,73758,8702668,81182,33361317,0,33623498,12083,9827697,985296,8733517,249778,8,2048,0,2048,8,4,4
chunked_256_p4,1885,2048,1553,6530558,76934,8707628,78617,32383514,0,32855008,11762,10158256,982181,9074265,198702,8,2048,0,2048,8,4,4
chunked_256_p4,1886,2048,1372,6092077,69250,8974287,94637,33994173,0,34256775,14627,10232024,1006266,9128716,273102,8,2048,0,2048,8,4,4
chunked_256_p4,1887,2048,2274,6782260,79209,10278662,88014,37114140,0,37432605,9488,10316282,1007288,9199520,239249,8,2048,0,2048,8,4,4
chunked_256_p4,1888,2048,1974,6153952,80231,8967565,82655,34428687,0,34741434,13586,10200966,995475,9074324,243266,8,2048,0,2048,8,4,4
chunked_256_p4,1889,2048,1433,5285875,91933,9566247,86413,35002621,0,35286405,11321,10658954,998852,9518948,259075,8,2048,0,2048,8,4,4
chunked_256_p4,1890,2048,2103,5945511,86973,9212284,77224,33898144,0,34190100,12213,11301619,1088730,10077685,233477,8,2048,0,2048,8,4,4
chunked_256_p4,1891,2048,2254,6084001,90099,8832832,76484,33548418,0,33972493,8927,10022301,998651,8932700,267661,8,2048,0,2048,8,4,4
chunked_256_p4,1892,2048,1823,5624730,80671,8826380,71654,33781773,0,34146599,12093,10412643,953607,9327790,245460,8,2048,0,2048,8,4,4
chunked_256_p4,1893,2048,1863,4906034,77174,8840477,65793,33210733,0,33506679,12323,10523210,982642,9423950,204574,8,2048,0,2048,8,4,4
chunked_256_p4,1894,2048,1964,4945297,71544,9559324,83968,35047227,0,35298367,10029,10659946,984946,9525520,260217,8,2048,0,2048,8,4,4
chunked_256_p4,1895,2048,1403,5030376,71904,9554013,75042,35374099,0,35637482,13926,10577161,973674,9506013,228639,8,2048,0,2048,8,4,4
chunked_256_p4,1896,2048,1302,5668011,81002,9533425,84879,36122742,0,36380032,11272,10164258,963435,9108910,242614,8,2048,0,2048,8,4,4
chunked_256_p4,1897,2048,1923,5433052,82976,9026996,72766,34667315,0,35162853,14457,10612267,1149303,9343940,271339,8,2048,0,2048,8,4,4
chunked_256_p4,1898,2048,1623,5743884,105598,8969569,81552,33643395,0,33926667,11491,10182622,996457,9069356,236874,8,2048,0,2048,8,4,4
chunked_256_p4,1899,2048,1613,4576095,76924,8868680,82874,33735978,0,33994083,10790,10306634,1008260,9170826,245600,8,2048,0,2048,8,4,4
chunked_256_p4,1900,2048,1603,5622075,114124,8284906,77436,31535857,0,31826130,11201,10380863,1039117,9239885,228659,8,2048,0,2048,8,4,4
chunked_256_p4,1901,2048,1452,4671624,72216,8962175,77083,33623379,0,33885989,12273,10269725,1062060,9086698,237886,8,2048,0,2048,8,4,4
chunked_256_p4,1902,2048,1303,4537373,75281,9262106,73049,34787790,0,35083904,12594,10528910,1102927,9294357,268513,8,2048,0,2048,8,4,4
chunked_256_p4,1903,2048,2073,4724583,76182,8487354,68780,32647240,0,32904411,13004,10805849,991428,9681403,246632,8,2048,0,2048,8,4,4
chunked_256_p4,1904,2048,2084,4929468,73197,8741812,81524,33093857,0,33358733,12193,10421068,971731,9341967,236242,8,2048,0,2048,8,4,4
chunked_256_p4,1905,2048,1452,5119514,72707,10190286,83724,37666433,0,37941189,7414,10470742,976790,9378625,235391,8,2048,0,2048,8,4,4
chunked_256_p4,1906,2048,1463,5374632,141565,8976832,73467,33764762,0,34162619,13135,10190136,966772,9118197,240441,8,2048,0,2048,8,4,4
chunked_256_p4,1907,2048,1673,4584260,73077,8871444,69812,34123022,0,34375770,11251,10392966,971982,9259321,235001,8,2048,0,2048,8,4,4
chunked_256_p4,1908,2048,1733,5421149,127889,8786896,79578,33206625,0,33435486,13926,10711042,991218,9596493,289733,8,2048,0,2048,8,4,4
chunked_256_p4,1909,2048,1703,5725420,72185,9006408,77816,33831137,0,34106523,10470,10326131,1015784,9186715,244268,8,2048,0,2048,8,4,4
chunked_256_p4,1910,2048,1703,5822150,113142,8916890,77785,34319211,0,34543813,12433,10488495,987190,9386209,245109,8,2048,0,2048,8,4,4
chunked_256_p4,1911,2048,1833,5662582,69019,8665670,70001,33012575,0,33313077,11181,10454010,989444,9350131,236523,8,2048,0,2048,8,4,4
chunked_256_p4,1912,2048,1362,4364299,70642,10416299,75260,36700775,0,37172067,951353,13034957,1552579,10255107,241032,8,2048,0,2048,8,4,4
chunked_256_p4,1913,2048,2254,6191964,131276,8814198,84478,33206355,0,33459039,10590,10564587,982871,9461079,246352,8,2048,0,2048,8,4,4
chunked_256_p4,1914,2048,2805,5500418,73518,8607740,67998,32771463,0,33026431,12143,10415178,1076347,9238903,252974,8,2048,0,2048,8,4,4
chunked_256_p4,1915,2048,2004,4994259,65102,8820509,88776,33569968,0,33814615,14277,10391523,998541,9277716,243737,8,2048,0,2048,8,4,4
chunked_256_p4,1916,2048,1713,6978287,66154,8883697,86742,34150125,0,34366130,11051,10256350,993051,9163832,264456,8,2048,0,2048,8,4,4
chunked_256_p4,1917,2048,1634,5386684,70432,9458134,80912,34857230,0,35168675,11221,10276157,982802,9202696,249587,8,2048,0,2048,8,4,4
chunked_256_p4,1918,2048,1573,4088822,67957,8891632,88388,34219916,0,34501024,11091,10396903,1010373,9276604,246232,8,2048,0,2048,8,4,4
chunked_256_p4,1919,2048,1703,4394354,148899,9827837,85158,36056587,0,36298470,11221,10929942,961341,9817027,237074,8,2048,0,2048,8,4,4
chunked_256_p4,1920,2048,1693,4767504,68418,8900930,89177,34217141,0,34461409,10800,10579295,1001086,9462371,259907,8,2048,0,2048,8,4,4
chunked_256_p4,1921,2048,1793,4985723,69630,9716378,80021,36055116,0,36412616,11050,10575427,1038686,9427417,245030,8,2048,0,2048,8,4,4
chunked_256_p4,1922,2048,1463,4541651,179487,9266916,86222,34869062,0,35139860,10490,17294208,978964,16199938,256822,8,2048,0,2048,8,4,4
chunked_256_p4,1923,2048,1302,6363325,78076,9095674,82806,34301188,0,34594097,13465,10701624,970719,9592806,254597,8,2048,0,2048,8,4,4
chunked_256_p4,1924,2048,1483,5654616,125836,8941035,80792,33953025,0,34207986,10199,10548647,982782,9467231,243827,8,2048,0,2048,8,4,4
chunked_256_p4,1925,2048,1393,4360631,87885,10019656,80042,38392685,0,38659667,15169,11209636,1243851,9829009,246091,8,2048,0,2048,8,4,4
chunked_256_p4,1926,2048,1803,4799884,95910,9368156,63911,34147181,0,34388754,9247,11060206,985296,9935008,233387,8,2048,0,2048,8,4,4
chunked_256_p4,1927,2048,2384,5557505,70001,9318783,72696,35411287,0,35623447,10570,11296750,969337,10211536,246772,8,2048,0,2048,8,4,4
chunked_256_p4,1928,2048,1442,4690129,102392,9014693,77295,34241568,0,34520900,10820,10866653,987300,9749730,217538,8,2048,0,2048,8,4,4
chunked_256_p4,1929,2048,1393,4586955,143639,8790323,73957,33565851,0,33919274,11381,11020381,982481,9941200,257433,8,2048,0,2048,8,4,4
chunked_256_p4,1930,2048,1853,5682669,110967,10319198,83287,38546654,0,38886411,8767,11200509,1003571,10074198,241002,8,2048,0,2048,8,4,4
chunked_256_p4,1931,2048,1372,5774341,111468,8972625,80241,34058143,0,34458584,13815,10957293,1038546,9808731,233548,8,2048,0,2048,8,4,4
chunked_256_p4,1932,2048,1633,4703574,66315,10090129,67155,36539761,0,36878289,14387,11285418,1034308,10129362,188643,8,2048,0,2048,8,4,4
chunked_256_p4,1933,2048,1443,5436918,65833,9511724,79538,35806810,0,36038464,10610,13666791,968875,12563864,244539,8,2048,0,2048,8,4,4
chunked_256_p4,1934,2048,1473,4720696,67386,9892688,81905,36047762,0,36378654,9017,11040880,971130,9961337,243146,8,2048,0,2048,8,4,4
chunked_256_p4,1935,2048,2175,5620813,95208,9786419,68669,36612249,0,36834284,10630,11230395,986769,10129993,235161,8,2048,0,2048,8,4,4
chunked_256_p4,1936,2048,1312,5188363,70573,10256030,62910,36395112,0,36648999,11702,10837529,967754,9733891,257021,8,2048,0,2048,8,4,4
chunked_256_p4,1937,2048,1663,6321165,70733,8978896,79860,34290561,0,34572608,10350,11031122,990405,9925990,253175,8,2048,0,2048,8,4,4
chunked_256_p4,1938,2048,1573,4639404,66946,8990217,71502,34647085,0,34973567,8897,11175453,976970,10053610,239018,8,2048,0,2048,8,4,4
chunked_256_p4,1939,2048,1613,6281481,70532,9205791,88648,35233787,0,35779798,7924,11345931,974397,10270686,247775,8,2048,0,2048,8,4,4
chunked_256_p4,1940,2048,2004,6711357,70683,9297944,75180,35728393,0,36085684,14537,11514678,983363,10388668,258024,8,2048,0,2048,8,4,4
chunked_256_p4,1941,2048,1413,6711407,80360,9329402,76423,34556929,0,34790171,9709,11088589,994033,9982587,247163,8,2048,0,2048,8,4,4
chunked_256_p4,1942,2048,1373,6410032,76383,9580524,71772,35724132,0,35991623,10980,11568699,981739,10450583,248195,8,2048,0,2048,8,4,4
chunked_256_p4,1943,2048,1503,6421053,73658,9801568,73477,36033485,0,36381206,10149,11091234,956752,10021249,247294,8,2048,0,2048,8,4,4
chunked_256_p4,1944,2048,2054,6307079,77815,8643067,77844,33288151,0,33571772,15088,11224364,1013199,10052368,237795,8,2048,0,2048,8,4,4
chunked_256_p4,1945,2048,3386,5707355,79208,9147762,92754,33574878,0,33848671,10309,11779003,970709,10680565,243836,8,2048,0,2048,8,4,4
chunked_256_p4,1946,2048,1433,4690820,83426,9149575,77264,34339320,0,34646795,9798,11649611,957434,10553577,255278,8,2048,0,2048,8,4,4
chunked_256_p4,1947,2048,1573,5474990,87294,9869284,83497,37490377,0,37769558,14256,11293764,1026012,10162704,232245,8,2048,0,2048,8,4,4
chunked_256_p4,1948,2048,1532,6422244,73939,9321428,79198,35747538,0,35992569,12333,11191933,972393,10110136,263494,8,2048,0,2048,8,4,4
chunked_256_p4,1949,2048,1403,6659309,76464,9350974,75493,35971050,0,36231736,10630,6639211,996918,5565419,244959,8,2048,0,2048,8,4,4
chunked_256_p4,1950,2048,1443,5760745,69310,10194684,81954,39424919,0,39687733,11622,6752835,1007208,5649888,243216,8,2048,0,2048,8,4,4
chunked_256_p4,1951,2048,1653,6559452,181320,12172801,102072,46587593,0,46899487,13535,7047957,989674,5957735,290144,8,2048,0,2048,8,4,4
chunked_256_p4,1952,2048,1563,6035580,90920,10502491,83457,37382983,0,37668730,13335,7549337,979896,6451530,254437,8,2048,0,2048,8,4,4
chunked_256_p4,1953,2048,1793,7343692,70001,10640770,83798,39237346,0,39530650,13886,7265325,990406,6183407,248585,8,2048,0,2048,8,4,4
chunked_256_p4,1954,2048,2605,5886972,116117,10370083,86965,38559631,0,38823713,10509,7660866,1132813,6439628,264836,8,2048,0,2048,8,4,4
chunked_256_p4,1955,2048,2204,5871593,73567,10450214,89817,39254039,0,39537490,13145,8157937,986539,7036807,231333,8,2048,0,2048,8,4,4
chunked_256_p4,1956,2048,1703,5740678,88727,10496269,88375,39119358,0,39418827,11551,7846524,979205,6770978,244107,8,2048,0,2048,8,4,4
chunked_256_p4,1957,2048,1513,5773349,82134,9376020,71506,35634489,0,35946221,11993,7759471,975528,6677022,255208,8,2048,0,2048,8,4,4
chunked_256_p4,1958,2048,1583,5570559,79339,10376164,70094,39725824,0,39985151,16111,7943175,986098,6872349,324808,8,2048,0,2048,8,4,4
chunked_256_p4,1959,2048,2976,40101548,96440,13448652,85770,50795297,0,51135205,13194,7894634,961722,6842453,251992,8,2048,0,2048,8,4,4
chunked_256_p4,1960,2048,2514,6520549,72706,12243163,88856,46274916,0,46606018,18034,8056547,999463,6947058,247714,8,2048,0,2048,8,4,4
chunked_256_p4,1961,2048,1633,13654578,68108,12870018,83896,47362523,0,47620238,11131,8365807,971921,7265355,250479,8,2048,0,2048,8,4,4
chunked_256_p4,1962,2048,3136,5800279,123953,11790755,81474,44395857,0,44798280,15659,8081674,1003010,6987855,240110,8,2048,0,2048,8,4,4
chunked_256_p4,1963,2048,1613,7142675,71614,11586943,76172,44435330,0,44725201,11952,8630633,1230465,7264934,269325,8,2048,0,2048,8,4,4
chunked_256_p4,1964,2048,1423,7371083,68408,12169835,80370,45311601,0,45709045,13907,8574978,1017236,7430003,278592,8,2048,0,2048,8,4,4
chunked_256_p4,1965,2048,1533,7123629,83557,12830734,88356,45606874,0,45931964,14848,8694223,992069,7574915,237705,8,2048,0,2048,8,4,4
chunked_256_p4,1966,2048,1703,7149288,110547,12467774,72435,48305121,0,48532327,14287,8774173,995235,7623046,241162,8,2048,0,2048,8,4,4
chunked_256_p4,1967,2048,1423,7019965,67817,12059168,76725,45799887,0,46080484,17924,8718929,975357,7626081,249808,8,2048,0,2048,8,4,4
chunked_256_p4,1968,2048,1593,6373654,73046,12295000,90120,45789264,0,46145164,15749,8620775,993922,7529230,238387,8,2048,0,2048,8,4,4
chunked_256_p4,1969,2048,2074,7225390,71614,11666662,85382,44739232,0,45015047,13675,8768181,1133334,7523488,249858,8,2048,0,2048,8,4,4
chunked_256_p4,1970,2048,2064,6104330,78878,10806561,74449,41378188,0,41710012,11231,11401526,1526300,9720676,279183,8,2048,0,2048,8,4,4
chunked_256_p4,1971,2048,2415,8447770,82354,11163359,80540,42539185,0,42816734,16271,9367164,1102486,8123032,245811,8,2048,0,2048,8,4,4
chunked_256_p4,1972,2048,1523,8465904,75601,10838281,85862,41996188,0,42308323,20909,8900459,966512,7796430,248015,8,2048,0,2048,8,4,4
chunked_256_p4,1973,2048,1953,7760523,73848,11403409,85380,43870249,0,44165053,12003,9028079,968464,7923338,284693,8,2048,0,2048,8,4,4
chunked_256_p4,1974,2048,2915,6988336,83196,11300587,80232,44082799,0,44355300,13015,8974648,970769,7877051,259036,8,2048,0,2048,8,4,4
chunked_256_p4,1975,2048,2435,8030168,65603,11135998,73819,42656828,0,42918306,13195,8430288,955641,7382986,247965,8,2048,0,2048,8,4,4
chunked_256_p4,1976,2048,1543,7507468,147616,10876672,73078,41229921,0,41518886,10139,9725505,1001086,8629220,237976,8,2048,0,2048,8,4,4
chunked_256_p4,1977,2048,1573,7672178,70262,11435028,80784,44089852,0,44348657,9938,9038748,1098849,7836074,252383,8,2048,0,2048,8,4,4
chunked_256_p4,1978,2048,1653,7843418,70292,11060577,80830,42242880,0,42504852,16040,9046863,974216,7967611,273613,8,2048,0,2048,8,4,4
chunked_256_p4,1979,2048,1883,7698036,69120,11087067,83535,42790106,0,43170808,13605,8948879,984845,7851773,244989,8,2048,0,2048,8,4,4
chunked_256_p4,1980,2048,1783,7610782,70142,10910366,69560,42094594,0,42536911,12053,9167830,1023588,8018346,248015,8,2048,0,2048,8,4,4
chunked_256_p4,1981,2048,1483,7120022,73006,11247347,82193,43402203,0,43671527,12354,9127806,996507,8023275,236182,8,2048,0,2048,8,4,4
chunked_256_p4,1982,2048,1353,7592849,115606,11430159,72998,42996262,0,43240501,12023,9384336,1027716,8250391,234790,8,2048,0,2048,8,4,4
chunked_256_p4,1983,2048,1363,7735115,83536,11655752,85200,43146816,0,43596357,10660,9402730,993302,8300344,249347,8,2048,0,2048,8,4,4
chunked_256_p4,1984,2048,1513,7569785,77946,12134800,105297,44557780,0,44892145,11462,8808227,1007307,7712332,248676,8,2048,0,2048,8,4,4
chunked_256_p4,1985,2048,1373,7582188,82074,12084405,82836,44938942,0,45353831,13605,9194520,997088,8093397,259456,8,2048,0,2048,8,4,4
chunked_256_p4,1986,2048,1382,7286234,81302,10622726,71878,40967583,0,41253760,19175,8931166,1013700,7808453,247855,8,2048,0,2048,8,4,4
chunked_256_p4,1987,2048,1963,7019194,79579,13060144,146884,50762158,0,51170430,14707,9001308,984034,7936121,236773,8,2048,0,2048,8,4,4
chunked_256_p4,1988,2048,1894,7185024,80491,11586051,75871,43184964,0,43533259,11692,9129729,985737,8039045,235080,8,2048,0,2048,8,4,4
chunked_256_p4,1989,2048,2715,7292014,117420,11710325,86713,43403727,0,43689140,10921,9211843,985055,8136617,246322,8,2048,0,2048,8,4,4
chunked_256_p4,1990,2048,1603,7279812,91872,11839035,89437,44668847,0,45023141,14738,9316770,994384,8230173,118392,8,2048,0,2048,8,4,4
chunked_256_p4,1991,2048,2926,5984835,93205,10993271,65953,41416973,0,41683543,9228,9345073,999242,8264247,248435,8,2048,0,2048,8,4,4
chunked_256_p4,1992,2048,1813,7139309,78237,10480129,69631,39975542,0,40326139,11091,9285902,976981,8224132,252834,8,2048,0,2048,8,4,4
chunked_256_p4,1993,2048,1523,6855336,73849,11222110,80543,43233658,0,43483105,13465,10923410,1282533,9525229,249578,8,2048,0,2048,8,4,4
chunked_256_p4,1994,2048,1934,6724050,72456,13617379,75140,46300866,0,46562926,12383,9233122,981369,8158899,235832,8,2048,0,2048,8,4,4
chunked_256_p4,1995,2048,1913,6043305,72116,11900221,71214,46335109,0,46624801,12684,9647909,1004302,8545945,244287,8,2048,0,2048,8,4,4
chunked_256_p4,1996,2048,1824,6313601,98785,11611440,86600,43993181,0,44256201,15599,9535769,988803,8441870,241844,8,2048,0,2048,8,4,4
chunked_256_p4,1997,2048,1372,7557663,70742,11559421,83868,43557453,0,43828413,10800,9175774,940562,8151556,244658,8,2048,0,2048,8,4,4
chunked_256_p4,1998,2048,1303,5831588,79559,11399963,79530,43148839,0,43447299,13145,9690119,1005304,8593493,234990,8,2048,0,2048,8,4,4
chunked_256_p4,1999,2048,1543,7217425,81523,11692070,86681,44880632,0,45192418,15920,9927123,986769,8846919,232385,8,2048,0,2048,8,4,4
chunked_256_p4,2000,2048,1523,7760322,76653,12342650,95577,45501478,0,45757635,9318,9625287,1008179,8520377,247925,8,2048,0,2048,8,4,4
chunked_256_p4,2001,2048,1643,7286755,70252,11263036,101008,42428359,0,42721257,11021,9832526,1011796,8730070,211636,8,2048,0,2048,8,4,4
chunked_256_p4,2002,2048,1392,7565959,70523,11566325,79739,43418182,0,43692617,10981,10469770,959097,9413942,238998,8,2048,0,2048,8,4,4
chunked_256_p4,2003,2048,1933,7316541,87133,12447816,73879,46251274,0,46507072,13275,9932012,1024240,8808767,259577,8,2048,0,2048,8,4,4
chunked_256_p4,2004,2048,1392,7612014,136116,11644842,82364,43441037,0,43731551,9789,10012974,977963,8915527,244077,8,2048,0,2048,8,4,4
chunked_256_p4,2005,2048,2174,7518168,71854,12158755,86362,44816205,0,45113931,13385,9800386,976730,8712927,235341,8,2048,0,2048,8,4,4
chunked_256_p4,2006,2048,1382,7288739,69750,11709793,86021,42726245,0,43018236,15930,11286240,979034,10158075,237806,8,2048,0,2048,8,4,4
chunked_256_p4,2007,2048,1954,6956596,102612,12089745,85570,46788300,0,47051422,11572,9929919,998541,8834806,271869,8,2048,0,2048,8,4,4
chunked_256_p4,2008,2048,2194,6539785,66815,10585467,67916,40939478,0,41280776,16290,9944796,984365,8853240,257162,8,2048,0,2048,8,4,4
chunked_256_p4,2009,2048,2104,7172541,111349,13429406,73358,46835207,0,47136671,10480,10489487,1297842,9085886,240010,8,2048,0,2048,8,4,4
chunked_256_p4,2010,2048,1813,7163665,77495,11730262,84291,44182404,0,44435301,12102,10251641,966882,9181596,245420,8,2048,0,2048,8,4,4
chunked_256_p4,2011,2048,1433,6119808,64941,10123671,78427,39405364,0,39690068,17282,10048550,1021374,8924244,61155,8,2048,0,2048,8,4,4
chunked_256_p4,2012,2048,1352,6120419,68478,11924045,83857,42828589,0,43107399,15248,9706690,1005895,8573386,56015,8,2048,0,2048,8,4,4
chunked_256_p4,2013,2048,1814,6440499,137608,10750075,89958,41456508,0,41759613,13225,9737497,1008730,8642105,196107,8,2048,0,2048,8,4,4
chunked_256_p4,2014,2048,1814,5950431,185998,11385987,81183,43418935,0,43747441,10690,9719484,968194,8655520,264766,8,2048,0,2048,8,4,4
chunked_256_p4,2015,2048,1984,7031256,68889,12594612,79999,45880588,0,46160872,9989,9807859,975457,8722084,249858,8,2048,0,2048,8,4,4
chunked_256_p4,2016,2048,1894,6794532,67166,12149528,79449,46064602,0,46341861,11412,10018454,1060928,8857809,246281,8,2048,0,2048,8,4,4
chunked_256_p4,2017,2048,1934,6821042,66404,11533212,100548,44806073,0,45129891,15199,9663880,979996,8579448,245360,8,2048,0,2048,8,4,4
chunked_256_p4,2018,2048,1593,6531510,91592,11301007,83387,43622968,0,43857528,9127,9663408,984785,8583796,262702,8,2048,0,2048,8,4,4
chunked_256_p4,2019,2048,1453,6729741,68348,13374443,76723,44581874,0,45004034,14828,9929267,964237,8864381,261540,8,2048,0,2048,8,4,4
chunked_256_p4,2020,2048,1683,7831586,66184,13007044,86100,46092904,0,46390223,11341,9821965,999583,8733596,69140,8,2048,0,2048,8,4,4
chunked_256_p4,2021,2048,1283,7650466,72456,12647711,91531,47102728,0,47403390,12463,9914559,988603,8823815,239880,8,2048,0,2048,8,4,4
chunked_256_p4,2022,2048,1703,7466902,66925,11889330,83495,43423774,0,43787144,14798,10288200,1002258,9185924,211376,8,2048,0,2048,8,4,4
chunked_256_p4,2023,2048,1643,7490887,82295,12775781,85561,46528370,0,46789751,12804,10394098,1038376,9258570,127639,8,2048,0,2048,8,4,4
chunked_256_p4,2024,2048,1593,6666633,71174,11790535,85841,43964106,0,44237178,14327,10314429,1019000,9202585,204363,8,2048,0,2048,8,4,4
chunked_256_p4,2025,2048,1713,7058147,69541,11319683,79557,43856434,0,44167174,12143,11568809,1160826,10022992,303088,8,2048,0,2048,8,4,4
chunked_256_p4,2026,2048,1974,8454082,64921,11972305,89648,45412421,0,45716990,14678,10351829,1014020,9209679,241673,8,2048,0,2048,8,4,4
chunked_256_p4,2027,2048,1523,9191745,74720,11329120,77767,43643766,0,43927639,14898,11252807,983743,10153106,246001,8,2048,0,2048,8,4,4
chunked_256_p4,2028,2048,1453,6814700,71003,11006365,78208,42314616,0,42678898,17333,10243346,988873,9156368,267932,8,2048,0,2048,8,4,4
chunked_256_p4,2029,2048,1814,7141061,67356,11899669,84568,44589739,0,44846951,12293,10051035,980387,8960051,257402,8,2048,0,2048,8,4,4
chunked_256_p4,2030,2048,1523,7964325,69881,12241360,93266,47069034,0,47389745,11341,10435545,995265,9321629,250931,8,2048,0,2048,8,4,4
chunked_256_p4,2031,2048,2034,7082923,68078,10910205,86400,42088450,0,42386178,11331,10515295,973995,9429380,245330,8,2048,0,2048,8,4,4
chunked_256_p4,2032,2048,2174,7756856,74620,11306738,78388,43268221,0,43684363,12734,10401302,966070,9318673,233097,8,2048,0,2048,8,4,4
chunked_256_p4,2033,2048,1743,6808399,80801,12148265,69791,45157833,0,45386072,12293,10235040,974667,9155427,259206,8,2048,0,2048,8,4,4
chunked_256_p4,2034,2048,1643,6439998,99116,13202932,87616,47834399,0,48087927,10159,10942025,1000324,9807279,239950,8,2048,0,2048,8,4,4
chunked_256_p4,2035,2048,1503,6249200,67727,11545896,79207,42863224,0,43137748,12624,10324668,960510,9259863,66825,8,2048,0,2048,8,4,4
chunked_256_p4,2036,2048,1563,6888649,77475,12207015,92632,43911427,0,44181072,11631,10665416,997940,9556688,256371,8,2048,0,2048,8,4,4
chunked_256_p4,2037,2048,1463,7178723,68849,11786647,78236,44154372,0,44404972,15059,10433292,997309,9332028,235351,8,2048,0,2048,8,4,4
chunked_256_p4,2038,2048,1603,6706919,71895,13558398,93337,50043006,0,50301444,10449,10129792,974937,9049619,258033,8,2048,0,2048,8,4,4
chunked_256_p4,2039,2048,2144,7280293,67597,12515443,83055,46396817,0,46657313,15660,10537066,967513,9433588,246182,8,2048,0,2048,8,4,4
chunked_256_p4,2040,2048,1593,7425225,71053,11922773,85439,45664847,0,45966048,15649,10581559,992641,9475877,235632,8,2048,0,2048,8,4,4
chunked_256_p4,2041,2048,1523,7800027,70583,12639827,98455,47171135,0,47533938,13906,10462316,969136,9381020,244449,8,2048,0,2048,8,4,4
chunked_256_p4,2042,2048,2013,7586647,71574,11699264,95520,44825007,0,45162174,12393,10819345,1047093,9652358,238828,8,2048,0,2048,8,4,4
chunked_256_p4,2043,2048,1533,7800878,84940,12911446,93307,47186466,0,47529499,14097,10732602,996918,9611751,241763,8,2048,0,2048,8,4,4
chunked_256_p4,2044,2048,1463,8154762,75912,14265633,88825,51733545,0,53135110,13756,10940842,972292,9851501,257824,8,2048,0,2048,8,4,4
chunked_256_p4,2045,2048,1674,8001935,85710,11840468,100968,44925379,0,45193541,15639,10847037,979986,9757245,245119,8,2048,0,2048,8,4,4
chunked_256_p4,2046,2048,1573,7161450,79199,12682245,88536,47481168,0,47818057,12763,10812081,971360,9698344,256331,8,2048,0,2048,8,4,4
chunked_256_p4,2047,2048,2114,6081847,98635,11996942,79842,43641040,0,43938579,12714,10418844,975257,9342507,242365,8,2048,0,2048,8,4,4
chunked_256_p4,2048,2048,2585,7293317,91261,12298978,80214,45512800,0,45808654,13235,10724457,984364,9626108,263194,8,2048,0,2048,8,4,4
chunked_256_p4,2049,2048,2655,5966080,69080,12338612,76024,47291801,0,47564673,13135,10862897,1003420,9703604,253104,8,2048,0,2048,8,4,4
chunked_256_p4,2050,2048,1312,8024548,69941,13146175,90219,47909681,0,48189443,12554,11039888,1039017,9885114,241232,8,2048,0,2048,8,4,4
chunked_256_p4,2051,2048,1863,9078733,75231,11894260,81494,45931132,0,46321755,13936,10870350,989404,9766132,245440,8,2048,0,2048,8,4,4
chunked_256_p4,2052,2048,1683,7942865,68688,12059870,75682,46341943,0,46639519,14166,10962593,1121813,9699055,255870,8,2048,0,2048,8,4,4
chunked_256_p4,2053,2048,1754,7647441,67316,12214088,80341,45210462,0,45521806,10900,10711001,984545,9635156,252002,8,2048,0,2048,8,4,4
chunked_256_p4,2054,2048,2274,8303881,88636,11349177,64933,42857961,0,43128891,10449,10800549,975318,9713262,249278,8,2048,0,2048,8,4,4
chunked_256_p4,2055,2048,1663,8190759,78207,11203014,75309,41051289,0,41554407,11572,11097977,1014682,9971526,259526,8,2048,0,2048,8,4,4
chunked_256_p4,2056,2048,1664,8418515,79670,13219002,82035,47795715,0,48073118,12283,11347935,1095483,10095920,257182,8,2048,0,2048,8,4,4
chunked_256_p4,2057,2048,2334,7741638,74740,11451709,74390,42414574,0,42807108,11892,11179680,986037,10064961,243807,8,2048,0,2048,8,4,4
chunked_256_p4,2058,2048,2294,8100510,92523,12069999,73567,45380582,0,45629347,11441,11135818,975248,10059962,250029,8,2048,0,2048,8,4,4
chunked_256_p4,2059,2048,1763,8258276,104216,12360123,75961,44643118,0,44939873,10279,11122312,993352,10029364,237956,8,2048,0,2048,8,4,4
chunked_256_p4,2060,2048,1633,7937164,80851,12422288,88617,44688824,0,44996691,9158,11158490,1002589,10049512,264556,8,2048,0,2048,8,4,4
chunked_256_p4,2061,2048,1522,8425639,82645,10871442,73284,41363152,0,41784259,12564,11148482,976460,10070902,251171,8,2048,0,2048,8,4,4
chunked_256_p4,2062,2048,1413,8075353,84889,13454072,80150,45940591,0,46287972,17964,11345541,1066659,10122488,256350,8,2048,0,2048,8,4,4
chunked_256_p4,2063,2048,1854,8500109,85790,11703101,84266,44682221,0,44958517,10970,11968728,1200279,10627896,245521,8,2048,0,2048,8,4,4
chunked_256_p4,2064,2048,1583,8097394,87073,12111105,71493,45889134,0,46225724,13395,12031998,998562,10874117,283191,8,2048,0,2048,8,4,4
chunked_256_p4,2065,2048,2835,8384292,125385,13727825,90659,51805872,0,52237821,18695,12298727,1049467,11040930,249948,8,2048,0,2048,8,4,4
chunked_256_p4,2066,2048,1563,6309343,76112,13170891,83827,48698788,0,49050418,14918,11317980,1013730,10178033,242454,8,2048,0,2048,8,4,4
chunked_256_p4,2067,2048,1823,7292666,75441,12102439,198960,46195658,0,46572514,11201,11827504,1036141,10633767,240881,8,2048,0,2048,8,4,4
chunked_256_p4,2068,2048,1623,8199045,83307,12193931,94629,45985232,0,46385475,11662,11343487,979686,10240660,242525,8,2048,0,2048,8,4,4
chunked_256_p4,2069,2048,1864,8015561,84939,11280599,69099,42644002,0,42925460,8787,11104550,980197,10006692,240751,8,2048,0,2048,8,4,4
chunked_256_p4,2070,2048,1733,7930221,80711,11620266,74470,43996326,0,44390493,11171,11272525,998471,10144830,259857,8,2048,0,2048,8,4,4
chunked_256_p4,2071,2048,1734,7814514,85350,10970037,90929,42494933,0,42786047,11081,11658176,993582,10533660,279443,8,2048,0,2048,8,4,4
chunked_256_p4,2072,2048,1893,7353961,83396,11871516,81514,45333242,0,45604441,11962,11314082,970899,10235771,234339,8,2048,0,2048,8,4,4
chunked_256_p4,2073,2048,1703,7751426,78647,11532901,74000,43755004,0,44126782,11090,12106927,1067520,10901619,235671,8,2048,0,2048,8,4,4
chunked_256_p4,2074,2048,1683,7609981,134171,12201485,75462,45878663,0,46126017,12674,11412677,992800,10302316,241362,8,2048,0,2048,8,4,4
chunked_256_p4,2075,2048,1723,8136808,79078,11866177,75172,43883023,0,44278564,12483,11281030,981138,10175478,243737,8,2048,0,2048,8,4,4
chunked_256_p4,2076,2048,1363,7815937,80371,11815552,78237,44286310,0,44555775,10851,11261824,1050900,10096881,264556,8,2048,0,2048,8,4,4
chunked_256_p4,2077,2048,2474,7153105,86762,13914024,84548,49607509,0,49924546,16902,11538293,1083170,10311844,251311,8,2048,0,2048,8,4,4
chunked_256_p4,2078,2048,1523,7453608,79368,11309814,86703,43492364,0,43823164,12213,10986618,972462,9890635,239830,8,2048,0,2048,8,4,4
chunked_256_p4,2079,2048,2043,6522473,85871,11391728,77296,43323636,0,43578094,9318,11079332,987731,9976024,246081,8,2048,0,2048,8,4,4
chunked_256_p4,2080,2048,1683,8103205,93635,11604646,86642,44774795,0,45097530,13134,11153060,1084983,9927794,240691,8,2048,0,2048,8,4,4
chunked_256_p4,2081,2048,1533,7303506,70462,11623291,68257,43884907,0,44160073,14648,11336755,981359,10236473,241693,8,2048,0,2048,8,4,4
chunked_256_p4,2082,2048,1332,7704809,73238,11239012,75871,43364304,0,43586829,10570,11097766,972702,10035837,243877,8,2048,0,2048,8,4,4
chunked_256_p4,2083,2048,1644,8108765,79850,12434140,85741,48222078,0,48488155,11942,6717608,989505,5628517,280565,8,2048,0,2048,8,4,4
chunked_256_p4,2084,2048,1753,8831129,84468,12696012,95729,48292669,0,48573313,15419,7153185,1014902,6018328,243667,8,2048,0,2048,8,4,4
chunked_256_p4,2085,2048,2765,8084680,111088,12243223,86672,46854322,0,47131460,11712,7071301,975148,6007588,241373,8,2048,0,2048,8,4,4
chunked_256_p4,2086,2048,1593,7966529,100208,12934649,79181,45529160,0,45775532,9648,7377685,971450,6324081,259507,8,2048,0,2048,8,4,4
chunked_256_p4,2087,2048,2484,8982763,198883,13173697,80339,49179968,0,49467970,12273,7281656,982842,6211510,260899,8,2048,0,2048,8,4,4
chunked_256_p4,2088,2048,2374,7608608,132508,13268774,75493,48014667,0,48315773,10119,7495977,978804,6438906,244699,8,2048,0,2048,8,4,4
chunked_256_p4,2089,2048,2505,7956831,77455,12129420,74971,46025801,0,46267353,10469,7502950,979586,6437413,235231,8,2048,0,2048,8,4,4
chunked_256_p4,2090,2048,2054,7277718,71595,13125537,86373,50727350,0,51012005,12243,8003849,1289226,6608524,233658,8,2048,0,2048,8,4,4
chunked_256_p4,2091,2048,1733,7171339,195707,13175009,80941,49414421,0,49686900,11461,7808602,966672,6722187,247794,8,2048,0,2048,8,4,4
chunked_256_p4,2092,2048,2023,44952278,85380,14552781,95901,56237826,0,56527810,11261,8267813,984585,7180987,272190,8,2048,0,2048,8,4,4
chunked_256_p4,2093,2048,1863,8693992,125274,14489673,89308,53612074,0,53898934,16741,8215706,980337,7148385,249607,8,2048,0,2048,8,4,4
chunked_256_p4,2094,2048,1713,7948465,72516,15172172,76344,55325026,0,55591867,11552,8436950,969577,7364701,248084,8,2048,0,2048,8,4,4
chunked_256_p4,2095,2048,1613,6991311,69680,16066368,92264,60259091,0,60551660,12233,7892330,962123,6831652,252143,8,2048,0,2048,8,4,4
chunked_256_p4,2096,2048,2344,6957578,68990,16409471,88666,58334795,0,58596045,12814,8393629,1010023,7292095,233838,8,2048,0,2048,8,4,4
chunked_256_p4,2097,2048,1623,9976245,127960,14593868,91851,55024463,0,55339560,13836,8146807,956602,7082943,238878,8,2048,0,2048,8,4,4
chunked_256_p4,2098,2048,1764,8883777,70191,15237233,102843,58338022,0,58610342,12394,8221467,983633,7154878,245240,8,2048,0,2048,8,4,4
chunked_256_p4,2099,2048,1613,8614333,76554,15604412,102072,58657072,0,58924371,12854,9427537,970459,8351651,243186,8,2048,0,2048,8,4,4
chunked_256_p4,2100,2048,1794,9782261,73387,15433301,95519,55154605,0,55497759,13295,8559069,1123806,7352308,250309,8,2048,0,2048,8,4,4
chunked_256_p4,2101,2048,1853,9345934,74269,14448325,84750,55236893,0,55633505,8907,8620324,965108,7572951,238768,8,2048,0,2048,8,4,4
chunked_256_p4,2102,2048,1724,9119239,69190,14172659,81132,53905494,0,54219483,14467,8398769,954850,7343651,243506,8,2048,0,2048,8,4,4
chunked_256_p4,2103,2048,1803,9177338,71925,14851641,86795,55477704,0,55737091,13836,8542739,982221,7459258,236123,8,2048,0,2048,8,4,4
chunked_256_p4,2104,2048,1543,9000146,68077,15370313,86152,57974932,0,58244768,11131,8784802,988833,7703345,252864,8,2048,0,2048,8,4,4
chunked_256_p4,2105,2048,2144,9685980,67146,16280989,90370,58448180,0,58705241,9658,8751159,963095,7703656,236764,8,2048,0,2048,8,4,4
chunked_256_p4,2106,2048,2825,8446138,110968,14195762,80421,53974756,0,54233120,11752,8769483,988753,7662670,390733,8,2048,0,2048,8,4,4
chunked_256_p4,2107,2048,2184,8844484,137187,15572051,86281,56577843,0,56882685,11381,8581602,962794,7512348,266950,8,2048,0,2048,8,4,4
chunked_256_p4,2108,2048,2515,9477190,126497,15207828,110085,58908789,0,59222530,17312,9745222,1158861,8474020,246362,8,2048,0,2048,8,4,4
chunked_256_p4,2109,2048,1883,10446116,87804,15477173,96050,59453282,0,59829287,13215,9832986,1183588,8525396,265097,8,2048,0,2048,8,4,4
chunked_256_p4,2110,2048,2445,9066670,87784,15295624,114934,58524122,0,58814404,11531,9679248,1191353,8392126,243016,8,2048,0,2048,8,4,4
chunked_256_p4,2111,2048,1462,7908470,73427,14552069,94566,54339249,0,54695294,12333,9643251,1139886,8386907,241753,8,2048,0,2048,8,4,4
chunked_256_p4,2112,2048,1613,9121864,94337,16804651,128822,63801251,0,64231697,17703,9426816,1082248,8233710,261400,8,2048,0,2048,8,4,4
chunked_256_p4,2113,2048,2344,8453401,78326,14772844,93225,55659342,0,56004840,11241,9779166,1093890,8556495,242094,8,2048,0,2048,8,4,4
chunked_256_p4,2114,2048,1663,8863260,91712,14527584,77464,56289674,0,56547345,13706,9900493,1099791,8683693,244739,8,2048,0,2048,8,4,4
chunked_256_p4,2115,2048,1823,9136342,78377,15871883,81252,60200952,0,60481358,16270,10098654,1143983,8844905,258034,8,2048,0,2048,8,4,4
chunked_256_p4,2116,2048,2605,10220363,106459,16228551,92093,62844869,0,63166572,15299,9762585,1114549,8528111,247594,8,2048,0,2048,8,4,4
chunked_256_p4,2117,2048,1623,9061560,69480,15176059,91372,56358451,0,56706164,12484,10388538,1124848,9128496,247804,8,2048,0,2048,8,4,4
chunked_256_p4,2118,2048,1513,9823689,67667,16785575,85081,58840334,0,59225426,10721,9847363,986679,8708630,237475,8,2048,0,2048,8,4,4
chunked_256_p4,2119,2048,1934,8152928,104566,15785351,89668,59660870,0,59971673,13545,10293399,1135849,9041012,246633,8,2048,0,2048,8,4,4
chunked_256_p4,2120,2048,1973,8522841,75221,15562844,134302,59235563,0,59554863,17643,10283310,1143553,8994375,285265,8,2048,0,2048,8,4,4
chunked_256_p4,2121,2048,1623,8513434,77936,15136775,100578,56695654,0,57088770,15559,10198451,983223,9115562,245741,8,2048,0,2048,8,4,4
chunked_256_p4,2122,2048,2104,8297749,113934,15071984,101460,58045312,0,58319749,14527,9947732,1110461,8711575,250860,8,2048,0,2048,8,4,4
chunked_256_p4,2123,2048,2364,8479010,109214,17271616,91201,59473412,0,59797236,10890,9099001,972171,8007516,239108,8,2048,0,2048,8,4,4
chunked_256_p4,2124,2048,1674,8858540,73768,16653708,90691,61740309,0,62056983,14688,10108453,1085855,8903525,263274,8,2048,0,2048,8,4,4
chunked_256_p4,2125,2048,1643,9743799,70212,15954938,99749,60227804,0,60547333,13355,11486715,1120500,10220102,230331,8,2048,0,2048,8,4,4
chunked_256_p4,2126,2048,1593,9079304,65944,15208470,91800,56369143,0,57032103,12924,10637514,1138603,9344101,249377,8,2048,0,2048,8,4,4
chunked_256_p4,2127,2048,1503,9395777,93576,15508582,100899,58460621,0,58758149,14097,10272150,1128093,9008090,242895,8,2048,0,2048,8,4,4
chunked_256_p4,2128,2048,1603,10217177,69921,18467356,128752,68583231,0,68925431,14437,147496920,1001387,146391650,244899,8,2048,0,2048,8,4,4
chunked_256_p4,2129,2048,1863,10821158,65984,17081550,102613,61427453,0,61747180,9087,9601443,958636,8550283,249037,8,2048,0,2048,8,4,4
chunked_256_p4,2130,2048,1713,9929988,93155,15473256,107964,58702277,0,59005183,11241,9509621,964558,8432381,275787,8,2048,0,2048,8,4,4
chunked_256_p4,2131,2048,2084,10751117,71914,15160059,101450,56176240,0,56476141,14307,9687273,966330,8613020,243647,8,2048,0,2048,8,4,4
chunked_256_p4,2132,2048,1462,9561108,119193,15033262,104736,56663042,0,57008502,16010,10021780,1008681,8898715,241944,8,2048,0,2048,8,4,4
chunked_256_p4,2133,2048,1713,10053149,128952,17681815,106229,60511353,0,60882540,13455,9800486,1160434,8529434,260528,8,2048,0,2048,8,4,4
chunked_256_p4,2134,2048,1503,8955993,71194,15002634,76143,57287733,0,57677142,14397,9600601,1035351,8439856,248305,8,2048,0,2048,8,4,4
chunked_256_p4,2135,2048,2044,9332218,69911,15830295,119314,61428744,0,61804459,12143,9915922,999493,8780855,288110,8,2048,0,2048,8,4,4
chunked_256_p4,2136,2048,2063,9557810,69901,16114307,95539,61046629,0,61357188,12965,10283361,1128465,9005075,244649,8,2048,0,2048,8,4,4
chunked_256_p4,2137,2048,2906,10097432,79799,17448187,103113,65010488,0,65373407,13124,9821565,990225,8734037,252844,8,2048,0,2048,8,4,4
chunked_256_p4,2138,2048,2985,9172229,81673,14850729,86854,56837941,0,57142404,10279,10119403,976710,9023540,251692,8,2048,0,2048,8,4,4
chunked_256_p4,2139,2048,1433,10248665,73859,15842739,97162,58840283,0,59102322,13555,10405108,1284487,9003191,266990,8,2048,0,2048,8,4,4
chunked_256_p4,2140,2048,1443,9480977,86603,13320963,83794,51456669,0,51774131,11832,11729140,1152320,10428232,249458,8,2048,0,2048,8,4,4
chunked_256_p4,2141,2048,1733,9581185,77806,15034343,92712,56261401,0,56610984,12533,9966867,981209,8869701,284122,8,2048,0,2048,8,4,4
chunked_256_p4,2142,2048,1823,9642941,83136,15444722,83576,58545502,0,58856734,14838,10193101,996658,9054608,264205,8,2048,0,2048,8,4,4
chunked_256_p4,2143,2048,1382,8832222,77345,15223047,101701,56348473,0,56747363,17383,10080460,990166,8983675,243637,8,2048,0,2048,8,4,4
chunked_256_p4,2144,2048,1523,10681186,78507,14060628,74389,54305035,0,54562036,17172,10046446,1068052,8869521,253024,8,2048,0,2048,8,4,4
chunked_256_p4,2145,2048,1683,9344922,83396,14703363,88537,57311899,0,57596583,12002,9835671,1113066,8598533,245380,8,2048,0,2048,8,4,4
chunked_256_p4,2146,2048,1583,9472771,80090,14396347,93677,55753968,0,56111541,8516,9598116,1020192,8487746,253135,8,2048,0,2048,8,4,4
chunked_256_p4,2147,2048,2325,10082684,78758,15741509,82744,58854260,0,59145474,11291,10223278,973714,9118537,242525,8,2048,0,2048,8,4,4
chunked_256_p4,2148,2048,1493,10348994,137598,13902903,89528,52273456,0,52849366,11121,9970394,988553,8871785,302246,8,2048,0,2048,8,4,4
chunked_256_p4,2149,2048,1793,9142433,87173,14670792,91984,54290469,0,54558499,11672,10035005,1006466,8943740,260088,8,2048,0,2048,8,4,4
chunked_256_p4,2150,2048,1563,8921519,79068,14922183,84258,55425404,0,55762647,11592,9722610,996557,8621887,251020,8,2048,0,2048,8,4,4
chunked_256_p4,2151,2048,1523,8964358,81984,14112316,79379,53591667,0,53931385,11031,10823082,995516,9679780,275176,8,2048,0,2048,8,4,4
chunked_256_p4,2152,2048,1623,8945954,85881,14450760,85409,55281333,0,55628073,10540,10192460,973334,9124699,250099,8,2048,0,2048,8,4,4
chunked_256_p4,2153,2048,1453,8932669,83897,14321248,81021,55689588,0,55996887,16161,10363210,1026413,9222803,276438,8,2048,0,2048,8,4,4
chunked_256_p4,2154,2048,2245,9313934,83877,14861350,89549,57668607,0,57983719,10700,10243035,976109,9178560,248215,8,2048,0,2048,8,4,4
chunked_256_p4,2155,2048,1422,9239856,80110,15572182,92430,58279173,0,58611252,12343,10153317,976179,9080366,257072,8,2048,0,2048,8,4,4
chunked_256_p4,2156,2048,1943,9340083,76824,14268439,92932,55231487,0,55569562,14607,10149479,984755,9059977,245971,8,2048,0,2048,8,4,4
chunked_256_p4,2157,2048,1964,9437015,74469,16046270,96538,62814981,0,63264942,14828,10402223,993331,9284048,240210,8,2048,0,2048,8,4,4
chunked_256_p4,2158,2048,1944,9320286,72456,13887655,85701,53646169,0,54077387,11602,10080370,995646,8975690,232396,8,2048,0,2048,8,4,4
chunked_256_p4,2159,2048,1533,9513367,84208,13952586,102472,54013027,0,54313510,11151,10369723,993792,9239114,240921,8,2048,0,2048,8,4,4
chunked_256_p4,2160,2048,1823,151862832,119644,15439623,97780,56124055,0,56391743,11692,10112390,980156,9003522,251661,8,2048,0,2048,8,4,4
chunked_256_p4,2161,2048,1583,9368025,146324,16797367,93066,60692855,0,60968812,13365,10437970,1101604,9214788,248205,8,2048,0,2048,8,4,4
chunked_256_p4,2162,2048,1953,12633615,75101,15061935,101231,56163338,0,56521038,11321,10963425,986058,9867301,239870,8,2048,0,2048,8,4,4
chunked_256_p4,2163,2048,1513,9903940,77876,14103870,94257,54991481,0,55336860,14437,10690944,1002368,9541370,242845,8,2048,0,2048,8,4,4
chunked_256_p4,2164,2048,1243,9604708,83006,14393092,94487,55560216,0,55946107,14758,10521427,1040119,9366833,252543,8,2048,0,2048,8,4,4
chunked_256_p4,2165,2048,1823,10039534,76423,14123036,83056,54764356,0,55062815,13575,10467004,1050559,9295640,247734,8,2048,0,2048,8,4,4
chunked_256_p4,2166,2048,1453,9655884,75442,13991169,69521,54445898,0,54776378,11702,10227416,966872,9140770,240831,8,2048,0,2048,8,4,4
chunked_256_p4,2167,2048,1743,9989520,80150,15895858,83367,56796664,0,57158862,16762,10602649,1125639,9352746,242926,8,2048,0,2048,8,4,4
chunked_256_p4,2168,2048,2655,9949555,104596,15595796,98765,59427825,0,59729480,12143,10646451,1055659,9471609,301495,8,2048,0,2048,8,4,4
chunked_256_p4,2169,2048,1633,9553763,101660,16960262,82603,59101945,0,60358689,22722,11987233,1617742,10149840,252092,8,2048,0,2048,8,4,4
chunked_256_p4,2170,2048,1633,9988038,71925,15212999,100740,56429775,0,56822362,16431,10661919,989945,9582798,248165,8,2048,0,2048,8,4,4
chunked_256_p4,2171,2048,1763,10621875,80621,14227211,93504,54317539,0,54564820,17132,10658523,1075395,9451772,319179,8,2048,0,2048,8,4,4
chunked_256_p4,2172,2048,1863,9711749,90751,14484674,86270,55662438,0,56400929,12023,10817882,977822,9718522,294292,8,2048,0,2048,8,4,4
chunked_256_p4,2173,2048,2114,8276911,71484,15256290,90911,57888348,0,58197498,14026,10943197,973504,9845170,239930,8,2048,0,2048,8,4,4
chunked_256_p4,2174,2048,1834,8449253,73869,14080736,75582,54703188,0,54988694,10860,10854040,970850,9782702,308428,8,2048,0,2048,8,4,4
chunked_256_p4,2175,2048,2675,8926628,73317,14050530,83626,54806134,0,55094482,14908,10720129,971540,9636618,241934,8,2048,0,2048,8,4,4
chunked_256_p4,2176,2048,1362,8700384,79589,15625651,86393,59786677,0,60069167,13605,10509854,979365,9425543,249848,8,2048,0,2048,8,4,4
chunked_256_p4,2177,2048,1383,7927866,74239,14676292,85111,57053765,0,57330273,13165,10733264,1008079,9591784,239408,8,2048,0,2048,8,4,4
chunked_256_p4,2178,2048,1292,9460679,74550,14975473,91823,56324179,0,56701708,14568,11775386,986408,10665056,240601,8,2048,0,2048,8,4,4
chunked_256_p4,2179,2048,1643,8975049,88035,14118638,89627,54486565,0,54792015,15639,10810027,993983,9695409,250630,8,2048,0,2048,8,4,4
chunked_256_p4,2180,2048,1993,8343966,79389,15408926,99896,57791701,0,58101098,27852,11092476,1000034,9943273,230573,8,2048,0,2048,8,4,4
chunked_256_p4,2181,2048,1633,9815645,87384,15064891,77816,57822104,0,58106449,14207,10700853,1016865,9557480,253425,8,2048,0,2048,8,4,4
chunked_256_p4,2182,2048,3056,11377130,97323,15858428,92471,61086451,0,61409628,14848,11282623,994223,10133169,274003,8,2048,0,2048,8,4,4
chunked_256_p4,2183,2048,2214,8870783,72335,18808896,91231,64943770,0,65255204,11050,11232278,960450,10126327,253375,8,2048,0,2048,8,4,4
chunked_256_p4,2184,2048,1743,8397406,86111,16718359,102474,59187394,0,59495821,14427,10717234,1012046,9581074,251381,8,2048,0,2048,8,4,4
chunked_256_p4,2185,2048,1954,8621316,86843,18439535,985740,67528754,0,70194140,12233,10584795,1013058,9464657,239369,8,2048,0,2048,8,4,4
chunked_256_p4,2186,2048,1813,8359426,73137,16228321,92904,57351283,0,57675201,13566,11646154,994834,10503473,237546,8,2048,0,2048,8,4,4
chunked_256_p4,2187,2048,2915,8254378,91772,16683063,93053,61485069,0,61759643,16350,143647788,1106874,142397104,328616,8,2048,0,2048,8,4,4
chunked_256_p4,2188,2048,2735,10619150,88836,16804871,100038,62943893,0,63228628,11983,10824385,982722,9725856,274364,8,2048,0,2048,8,4,4
chunked_256_p4,2189,2048,1894,8465223,82514,17012931,107073,61859703,0,62213486,23324,12685582,1804382,10726401,252163,8,2048,0,2048,8,4,4
chunked_256_p4,2190,2048,2625,9229155,84508,16791656,86472,61782297,0,62093722,15569,12730626,1191113,11376749,248616,8,2048,0,2048,8,4,4
chunked_256_p4,2191,2048,2324,7659504,66304,15594112,99396,59391668,0,59718368,13476,11415161,1082298,10191858,237675,8,2048,0,2048,8,4,4
chunked_256_p4,2192,2048,2534,9487819,68408,14179793,87183,55466702,0,55731036,18094,11494280,1215117,10162394,254436,8,2048,0,2048,8,4,4
chunked_256_p4,2193,2048,1843,9548484,92674,16269929,98464,59024007,0,59337075,13154,12057655,1510340,10433381,253836,8,2048,0,2048,8,4,4
chunked_256_p4,2194,2048,2174,9452343,70943,15811590,96901,60417740,0,60725166,13976,11549794,990847,10433643,270738,8,2048,0,2048,8,4,4
chunked_256_p4,2195,2048,2685,8814057,77315,15714027,101492,59016013,0,59331424,20689,12282256,999333,11151458,243827,8,2048,0,2048,8,4,4
chunked_256_p4,2196,2048,1513,8500259,77155,14054207,79349,54260590,0,54560322,13595,11076596,1026504,9923396,237995,8,2048,0,2048,8,4,4
chunked_256_p4,2197,2048,2114,8383490,69430,17040413,91460,65761544,0,66104245,12423,11287813,995265,10183363,255589,8,2048,0,2048,8,4,4
chunked_256_p4,2198,2048,1784,9286652,70482,14785507,79127,56035638,0,56327764,11051,11152099,1015133,10031979,250820,8,2048,0,2048,8,4,4
chunked_256_p4,2199,2048,2004,9394956,67757,16301027,87966,61341280,0,61616567,9377,10967242,958476,9884944,326712,8,2048,0,2048,8,4,4
chunked_256_p4,2200,2048,2154,8745629,132639,14702391,107692,55908060,0,56296997,14196,10983763,996447,9866119,239960,8,2048,0,2048,8,4,4
chunked_256_p4,2201,2048,1643,9008942,87705,15350907,94007,56997087,0,57294709,12093,79977183,966993,78854198,271268,8,2048,0,2048,8,4,4
chunked_256_p4,2202,2048,2735,3735621,102852,5521708,78958,20626576,0,20902059,12072,11636927,1061709,10430766,276598,8,2048,0,2048,8,4,4
chunked_256_p4,2203,2048,2434,4477912,75091,4823038,69119,17845732,0,18149681,9397,11613002,975398,10508342,252072,8,2048,0,2048,8,4,4
chunked_256_p4,2204,2048,1483,4166868,73077,5264535,73527,19242109,0,19626107,9749,11631257,1197254,10321923,238036,8,2048,0,2048,8,4,4
chunked_256_p4,2205,2048,1573,4545498,72235,4992485,79208,18559308,0,18921387,10149,11549313,1019480,10351929,274665,8,2048,0,2048,8,4,4
chunked_256_p4,2206,2048,2064,3946536,75031,4638562,71523,17244785,0,17571807,11823,12534969,1308532,11098678,252673,8,2048,0,2048,8,4,4
chunked_256_p4,2207,2048,1943,4214268,73718,5891340,73839,21429509,0,21798620,10750,11127472,967694,10050674,264757,8,2048,0,2048,8,4,4
chunked_256_p4,2208,2048,2945,4579141,78828,5228798,72024,18549110,0,18923911,6592,11849445,968375,10765604,257853,8,2048,0,2048,8,4,4
chunked_256_p4,2209,2048,2505,2388265,72877,5882443,94157,19599529,0,19844397,10509,10913631,1037955,9774287,277360,8,2048,0,2048,8,4,4
chunked_256_p4,2210,2048,1823,2498993,104576,5254617,90329,19133956,0,19459005,10340,11116552,1006265,10003326,254537,8,2048,0,2048,8,4,4
chunked_256_p4,2211,2048,1994,2279873,125134,5448991,83248,18951605,0,19297434,10149,11309303,949309,10233878,270828,8,2048,0,2048,8,4,4
chunked_256_p4,2212,2048,2094,2484526,143368,5592340,130446,18486061,0,18791905,8816,11352073,1068953,10193833,264005,8,2048,0,2048,8,4,4
chunked_256_p4,2213,2048,2084,4312351,80762,5469830,74231,19803929,0,20057346,12303,11367291,985617,10260828,238307,8,2048,0,2048,8,4,4
chunked_256_p4,2214,2048,1713,3839555,73187,4870657,71464,17925512,0,18165921,12142,11776067,1017447,10618308,271479,8,2048,0,2048,8,4,4
chunked_256_p4,2215,2048,2996,3865274,72526,5660648,89487,19399344,0,19667568,10209,11259570,1001557,10152816,264706,8,2048,0,2048,8,4,4
chunked_256_p4,2216,2048,2364,3389843,85620,5042830,81712,18331824,0,18597150,10780,11848834,1000124,10736670,258314,8,2048,0,2048,8,4,4
chunked_256_p4,2217,2048,1513,3909456,86883,6648139,85070,20844272,0,21924617,11602,8426851,992630,7305761,264946,8,2048,0,2048,8,4,4
chunked_256_p4,2218,2048,1673,3850225,75551,5870221,85751,21151215,0,21556757,9799,6569651,974697,5500377,241813,8,2048,0,2048,8,4,4
chunked_256_p4,2219,2048,1834,4069496,101400,6278695,83435,22672697,0,22976537,7393,7605302,982491,6545346,253685,8,2048,0,2048,8,4,4
chunked_256_p4,2220,2048,2004,4272025,130284,6047873,71573,21020191,0,21259498,11441,8049043,1008119,6961054,302857,8,2048,0,2048,8,4,4
chunked_256_p4,2221,2048,2044,3814509,74990,5639759,68470,20578093,0,20806522,9388,7504002,1009812,6378012,241122,8,2048,0,2048,8,4,4
chunked_256_p4,2222,2048,1542,3735269,83978,6198907,72834,21764685,0,22030874,13385,8284474,1523404,6660661,267932,8,2048,0,2048,8,4,4
chunked_256_p4,2223,2048,2845,3883668,79739,6205338,79638,23159731,0,23731151,10560,7924009,1045659,6795234,251542,8,2048,0,2048,8,4,4
chunked_256_p4,2224,2048,2385,5063298,83646,5920444,82592,21590901,0,21883066,12373,8255330,1027445,7130542,259957,8,2048,0,2048,8,4,4
chunked_256_p4,2225,2048,2615,3682881,87684,5571390,77976,20653242,0,20943248,9517,9309876,1400254,7773347,239569,8,2048,0,2048,8,4,4
chunked_256_p4,2226,2048,1733,3870593,84238,5563255,72725,20602166,0,20839642,18755,8354356,1124167,7116085,280285,8,2048,0,2048,8,4,4
chunked_256_p4,2227,2048,1954,2279021,85590,6059816,80081,22703457,0,23112103,13325,9822095,1011486,8724028,273743,8,2048,0,2048,8,4,4
chunked_256_p4,2228,2048,3176,2240799,70472,5992650,84167,21424240,0,21742974,12353,8729158,1040169,7574314,288420,8,2048,0,2048,8,4,4
chunked_256_p4,2229,2048,2695,2974274,82565,5544621,67318,20197427,0,20444181,9397,8097714,982130,7036957,244017,8,2048,0,2048,8,4,4
chunked_256_p4,2230,2048,1523,3817835,110767,5791203,69289,20567702,0,20812082,12013,47831073,998260,46703018,277430,8,2048,0,2048,8,4,4
chunked_256_p4,2231,2048,1733,7105596,85921,7139128,72946,26689714,0,26952949,9448,9346014,1015534,8245171,255670,8,2048,0,2048,8,4,4
chunked_256_p4,2232,2048,1753,3765096,74900,6371169,72264,23930624,0,24140897,13185,8556064,990557,7477903,245971,8,2048,0,2048,8,4,4
chunked_256_p4,2233,2048,1683,3029327,122269,7034653,86642,25386420,0,25768028,8806,9086918,1000425,8002927,244799,8,2048,0,2048,8,4,4
chunked_256_p4,2234,2048,2134,2765923,75682,6114809,74341,23160952,0,23473990,11561,9062803,1073051,7887000,268894,8,2048,0,2048,8,4,4
chunked_256_p4,2235,2048,1503,3066647,72806,6679837,80639,24899380,0,25171699,8897,8802765,985396,7739082,246793,8,2048,0,2048,8,4,4
chunked_256_p4,2236,2048,2074,4065980,92073,6089271,73957,22928045,0,23236693,10910,8121790,973064,7047907,227356,8,2048,0,2048,8,4,4
chunked_256_p4,2237,2048,1744,3910899,237836,6304915,76544,22868235,0,23263934,25618,8512922,1058895,7358169,225202,8,2048,0,2048,8,4,4
chunked_256_p4,2238,2048,1373,4249303,70663,6785616,75782,24806918,0,25071663,8977,8427653,971991,7382385,239850,8,2048,0,2048,8,4,4
chunked_256_p4,2239,2048,1844,5118902,170139,6694125,73507,24363184,0,24603304,10730,9978930,1018268,8818385,241332,8,2048,0,2048,8,4,4
chunked_256_p4,2240,2048,2274,4950918,70472,7240168,78195,26163339,0,26407685,14266,8955752,1056419,7779989,236252,8,2048,0,2048,8,4,4
chunked_256_p4,2241,2048,1353,3267002,74590,6380526,75151,23851075,0,24182587,11140,9318592,1103158,8101822,251461,8,2048,0,2048,8,4,4
chunked_256_p4,2242,2048,1653,3141257,75742,6425030,80292,23949781,0,24203931,11091,9277125,981570,8213592,257983,8,2048,0,2048,8,4,4
chunked_256_p4,2243,2048,2464,3444054,148909,6453774,67086,24037886,0,24302873,11482,9434911,1034398,8318098,247884,8,2048,0,2048,8,4,4
chunked_256_p4,2244,2048,2064,4127093,71875,7963333,448801,30022249,0,30635479,9698,8879750,957554,7833309,260278,8,2048,0,2048,8,4,4
chunked_256_p4,2245,2048,1583,4144877,66705,6385666,67336,23423083,0,23749577,9929,8794731,971591,7722582,237736,8,2048,0,2048,8,4,4
chunked_256_p4,2246,2048,1824,3467448,67968,6941548,69781,25386062,0,25615022,7734,8929723,1004191,7841405,255649,8,2048,0,2048,8,4,4
chunked_256_p4,2247,2048,1883,4853355,115577,7767436,87826,27117839,0,27416516,9928,8737594,972262,7663822,237054,8,2048,0,2048,8,4,4
chunked_256_p4,2248,2048,1633,2884055,84989,6761761,92955,25056777,0,25335878,11201,8832601,995095,7755583,247293,8,2048,0,2048,8,4,4
chunked_256_p4,2249,2048,1813,3066747,108554,6340462,83909,23536097,0,23824685,12363,9014633,984154,7952963,257192,8,2048,0,2048,8,4,4
chunked_256_p4,2250,2048,1643,2961410,108192,7063817,86543,25650228,0,25932998,9739,8945564,1047272,7815676,233317,8,2048,0,2048,8,4,4
chunked_256_p4,2251,2048,1513,4023590,70021,6351903,73168,23838009,0,24159755,11211,9049898,971300,8005361,241793,8,2048,0,2048,8,4,4
chunked_256_p4,2252,2048,1292,3586832,70963,6908165,79036,25283720,0,25539549,11432,9560236,968344,8455365,244057,8,2048,0,2048,8,4,4
chunked_256_p4,2253,2048,1703,4256166,75782,6320715,69641,23920607,0,24125809,11101,9488581,987891,8383690,234710,8,2048,0,2048,8,4,4
chunked_256_p4,2254,2048,1804,2641590,105197,6822565,79751,24489982,0,24845798,9979,9141311,979055,8062439,276087,8,2048,0,2048,8,4,4
chunked_256_p4,2255,2048,1443,4090976,72986,6462611,74119,24140668,0,24425003,8376,9188168,969396,8141356,248465,8,2048,0,2048,8,4,4
chunked_256_p4,2256,2048,1553,3557897,111048,6882788,92075,25277600,0,25576219,9848,9191133,976180,8112833,246562,8,2048,0,2048,8,4,4
chunked_256_p4,2257,2048,2505,4212584,68568,6900140,80501,24549134,0,24812177,10801,9043477,1005605,7948685,262311,8,2048,0,2048,8,4,4
chunked_256_p4,2258,2048,1994,3674175,70192,6272044,75873,23756637,0,24007780,10479,9011416,994864,7891048,265036,8,2048,0,2048,8,4,4
chunked_256_p4,2259,2048,2475,3795002,69731,6343738,69649,23858879,0,24181424,8616,9957209,1090654,8771598,234640,8,2048,0,2048,8,4,4
chunked_256_p4,2260,2048,1563,4303404,71654,6918625,81373,25409546,0,25624639,9989,9520000,982702,8452089,253355,8,2048,0,2048,8,4,4
chunked_256_p4,2261,2048,1653,4479585,71595,7310039,86725,26239251,0,26519888,7484,9449167,976309,8387528,304180,8,2048,0,2048,8,4,4
chunked_256_p4,2262,2048,2084,4629656,67316,6115190,84228,23169556,0,23438493,8977,9780458,1003861,8695525,237606,8,2048,0,2048,8,4,4
chunked_256_p4,2263,2048,1673,4478533,68648,6487778,76564,24051152,0,24344091,10079,9857743,996076,8753203,234500,8,2048,0,2048,8,4,4
chunked_256_p4,2264,2048,1353,4531522,67977,6975461,70332,25344855,0,25674714,10580,9860919,978573,8798829,248195,8,2048,0,2048,8,4,4
chunked_256_p4,2265,2048,2354,4242731,68999,6839476,75852,25387274,0,25642061,12653,9919067,996067,8804970,244247,8,2048,0,2048,8,4,4
chunked_256_p4,2266,2048,1643,4814633,67436,7031968,74870,25985926,0,26317387,9217,9782101,978033,8704121,243847,8,2048,0,2048,8,4,4
chunked_256_p4,2267,2048,1643,4250305,96050,6728439,69471,24315858,0,24565946,8666,10302777,991188,9222442,247063,8,2048,0,2048,8,4,4
chunked_256_p4,2268,2048,1884,5180237,71754,6971915,68729,25383728,0,25643293,11271,9728761,957625,8682280,235963,8,2048,0,2048,8,4,4
chunked_256_p4,2269,2048,1593,4849388,70151,7072854,68749,26187865,0,26482106,10580,10020338,978895,8945213,258905,8,2048,0,2048,8,4,4
chunked_256_p4,2270,2048,1963,4154526,73568,7025245,81583,24565242,0,24833675,12223,11194097,1116121,9952230,265407,8,2048,0,2048,8,4,4
chunked_256_p4,2271,2048,1452,3389331,130925,6946397,83265,25121466,0,25489376,9798,10212517,973424,9152240,219381,8,2048,0,2048,8,4,4
chunked_256_p4,2272,2048,1262,3567476,73788,6550805,80442,24921774,0,25256521,8455,10573634,979365,9522134,247103,8,2048,0,2048,8,4,4
chunked_256_p4,2273,2048,1403,4223825,72766,6840498,82095,25589014,0,25837038,8376,10058248,959488,8997510,228699,8,2048,0,2048,8,4,4
chunked_256_p4,2274,2048,1512,3432623,70452,6752003,69791,24749689,0,25045863,8937,10580577,981850,9493149,111439,8,2048,0,2048,8,4,4
chunked_256_p4,2275,2048,2364,3504598,138910,6973517,79789,24735213,0,24984470,11001,10586198,979055,9515442,254807,8,2048,0,2048,8,4,4
chunked_256_p4,2276,2048,1673,2937835,109205,6921861,76937,25348971,0,25584485,11261,10670897,989344,9550026,223669,8,2048,0,2048,8,4,4
chunked_256_p4,2277,2048,1754,3770846,68018,6691460,81814,24619257,0,24858603,9708,10764412,1249201,9419692,69370,8,2048,0,2048,8,4,4
chunked_256_p4,2278,2048,1273,4549255,72656,6822885,78477,25035075,0,25355535,11051,19330515,1040600,18171642,246482,8,2048,0,2048,8,4,4
chunked_256_p4,2279,2048,1463,4188749,85570,6708932,76053,24327699,0,24659643,9468,10213079,968946,9117896,249468,8,2048,0,2048,8,4,4
chunked_256_p4,2280,2048,1653,4773435,69911,6535888,68026,24013931,0,24285037,10901,9605861,973064,8548810,243827,8,2048,0,2048,8,4,4
chunked_256_p4,2281,2048,1422,3206289,109977,7038470,83927,25864467,0,26136069,10440,10897792,972653,9807138,243397,8,2048,0,2048,8,4,4
chunked_256_p4,2282,2048,1483,3851948,71444,6555044,69509,24433707,0,24812366,12283,11555244,984525,10450754,253425,8,2048,0,2048,8,4,4
chunked_256_p4,2283,2048,1372,3092595,66715,6916441,70172,25080308,0,25352829,10881,10293961,1009873,9176306,263714,8,2048,0,2048,8,4,4
chunked_256_p4,2284,2048,1593,3390383,107322,6757844,90531,24571355,0,24896545,12223,10480991,1042463,9349541,62246,8,2048,0,2048,8,4,4
chunked_256_p4,2285,2048,1613,2946291,163796,6572527,80671,24804432,0,25082845,8496,10805168,979415,9735012,243537,8,2048,0,2048,8,4,4
chunked_256_p4,2286,2048,1533,4258781,69370,6911282,70582,25491209,0,25738441,10029,10301194,1005424,9182768,283521,8,2048,0,2048,8,4,4
chunked_256_p4,2287,2048,1744,3653456,67717,7192188,96020,26205880,0,26555001,11321,10918981,980237,9836353,251781,8,2048,0,2048,8,4,4
chunked_256_p4,2288,2048,1283,4254933,70091,6768814,73819,25222885,0,25506729,9878,10472995,962814,9415814,243556,8,2048,0,2048,8,4,4
chunked_256_p4,2289,2048,1743,4593528,67456,6680849,94556,25319720,0,25631812,7845,10424786,982571,9348870,237725,8,2048,0,2048,8,4,4
chunked_256_p4,2290,2048,1342,4783745,67977,6505220,71835,24535507,0,24741253,11522,9960856,967152,8905559,244367,8,2048,0,2048,8,4,4
chunked_256_p4,2291,2048,1713,6434548,70733,6787490,102452,25455823,0,25802340,12333,10245569,976029,9165716,256821,8,2048,0,2048,8,4,4
chunked_256_p4,2292,2048,1553,4447936,67597,6534496,90028,24585361,0,24915709,10950,10091872,964848,9028028,222366,8,2048,0,2048,8,4,4
chunked_256_p4,2293,2048,1573,4542412,69911,6643089,75361,25281906,0,25499936,11892,9845821,968826,8791775,240510,8,2048,0,2048,8,4,4
chunked_256_p4,2294,2048,1362,4566998,67596,6515990,78367,24817397,0,25086439,9338,9948844,958967,8903224,277791,8,2048,0,2048,8,4,4
chunked_256_p4,2295,2048,1292,4270693,90069,7895856,78859,27642110,0,27892749,10310,10172192,961231,9086027,282549,8,2048,0,2048,8,4,4
chunked_256_p4,2296,2048,1232,4418520,69881,7278890,85480,26259810,0,26517321,9267,10215263,966110,9137784,245911,8,2048,0,2048,8,4,4
chunked_256_p4,2297,2048,1623,4791148,93956,6610268,70182,24861108,0,25080573,12063,10632114,960210,9556809,234029,8,2048,0,2048,8,4,4
chunked_256_p4,2298,2048,1453,4545218,74499,7138787,72647,26564092,0,26884381,9158,10234249,957855,9150999,238206,8,2048,0,2048,8,4,4
chunked_256_p4,2299,2048,1363,4713352,79529,6741674,89287,25306102,0,25593960,12593,10268602,999483,9168171,245189,8,2048,0,2048,8,4,4
chunked_256_p4,2300,2048,1283,4562880,75141,6577416,69176,24678103,0,24903386,11481,10343062,955711,9275191,240541,8,2048,0,2048,8,4,4
chunked_256_p4,2301,2048,2204,4484764,77345,6610949,88744,24840017,0,25298768,9909,10178063,983092,9101135,239659,8,2048,0,2048,8,4,4
chunked_256_p4,2302,2048,1433,4687614,96230,7164335,80690,26078461,0,26323459,11000,10388437,978283,9283066,232165,8,2048,0,2048,8,4,4
chunked_256_p4,2303,2048,1614,4341255,73718,6379545,81583,23597611,0,23867797,9698,10534581,977081,9438677,249708,8,2048,0,2048,8,4,4
chunked_256_p4,2304,2048,1443,5949709,74310,6778673,70030,24962657,0,25192660,9879,10186739,974867,9123477,218710,8,2048,0,2048,8,4,4
chunked_256_p4,2305,2048,1443,4623304,79479,6428096,87584,23994243,0,24358477,10630,10389359,971040,9334362,237335,8,2048,0,2048,8,4,4
chunked_256_p4,2306,2048,1844,4742647,77947,7063667,77705,25810215,0,26114776,9368,10343133,985857,9261346,223739,8,2048,0,2048,8,4,4
chunked_256_p4,2307,2048,1643,4801929,83316,7159266,79498,26033695,0,26375103,10520,10501279,969337,9426805,267291,8,2048,0,2048,8,4,4
chunked_256_p4,2308,2048,1353,5076643,79699,6293263,79581,23486774,0,23744457,8667,10347711,923200,9319154,114143,8,2048,0,2048,8,4,4
chunked_256_p4,2309,2048,1653,4637411,147687,6555865,75951,24166696,0,24423598,10700,10754132,965079,9687143,239199,8,2048,0,2048,8,4,4
chunked_256_p4,2310,2048,2144,4219107,130725,6986603,82576,25368801,0,25620350,11932,10497071,1050618,9332027,116067,8,2048,0,2048,8,4,4
chunked_256_p4,2311,2048,1463,4462302,117460,6416214,81893,24075846,0,24375218,9778,10588422,962043,9517826,233117,8,2048,0,2048,8,4,4
chunked_256_p4,2312,2048,1342,5101951,93375,7042497,84158,25244214,0,25521415,13826,10936665,997159,9799523,238647,8,2048,0,2048,8,4,4
chunked_256_p4,2313,2048,1733,4191104,78457,8250090,80471,29394133,0,29695678,11221,10881231,967733,9801788,274625,8,2048,0,2048,8,4,4
chunked_256_p4,2314,2048,1914,4901194,93906,7532375,82544,27220728,0,27532906,11462,11257055,949179,10184685,236874,8,2048,0,2048,8,4,4
chunked_256_p4,2315,2048,1473,4913608,85992,7657600,81192,27899924,0,28159196,9939,11482017,972152,10275616,371516,8,2048,0,2048,8,4,4
chunked_256_p4,2316,2048,2375,5969086,84708,7252601,80151,26861690,0,27209229,13295,11211309,978193,10112931,246562,8,2048,0,2048,8,4,4
chunked_256_p4,2317,2048,1473,5128831,101110,7146392,83045,26477339,0,26739449,11222,11557117,1062781,10381074,224942,8,2048,0,2048,8,4,4
chunked_256_p4,2318,2048,1492,4092369,84168,8977153,77504,28948478,0,29216319,12794,11164101,1008360,10043070,247103,8,2048,0,2048,8,4,4
chunked_256_p4,2319,2048,1463,4671424,110236,6937781,85672,26089322,0,26390694,11020,12825063,965780,11734370,299762,8,2048,0,2048,8,4,4
chunked_256_p4,2320,2048,1433,3424317,78878,7383666,77765,26831449,0,27147624,8707,11157459,994133,10044623,252974,8,2048,0,2048,8,4,4
chunked_256_p4,2321,2048,2394,4999269,95519,7016859,81854,24843554,0,25210114,9007,10881401,943277,9781890,232546,8,2048,0,2048,8,4,4
chunked_256_p4,2322,2048,2786,4897818,125425,7039351,82094,26537690,0,26796725,10690,10935994,988653,9833036,263684,8,2048,0,2048,8,4,4
chunked_256_p4,2323,2048,2244,4371963,80430,6580461,73417,24692270,0,24927592,9909,11814901,972833,10699811,244618,8,2048,0,2048,8,4,4
chunked_256_p4,2324,2048,1613,3530916,118802,7743681,89380,28676018,0,29014631,11562,11132031,1001607,10008967,234660,8,2048,0,2048,8,4,4
chunked_256_p4,2325,2048,1823,4707943,84539,6628702,71473,25061113,0,25449209,8476,11326235,979215,10227065,259536,8,2048,0,2048,8,4,4
chunked_256_p4,2326,2048,1232,4885625,75532,6989278,83115,26543270,0,26909184,8095,11707890,994113,10604923,236423,8,2048,0,2048,8,4,4
chunked_256_p4,2327,2048,2375,4396098,74790,7129420,78065,25768799,0,26344416,10069,12459709,996107,11339941,259857,8,2048,0,2048,8,4,4
chunked_256_p4,2328,2048,1673,4543314,81072,6753125,78547,25193903,0,25541412,11121,11568739,975789,10427380,242144,8,2048,0,2048,8,4,4
chunked_256_p4,2329,2048,1593,4343900,69711,7531113,78166,27722820,0,28029445,12794,11557468,1268657,10151804,264957,8,2048,0,2048,8,4,4
chunked_256_p4,2330,2048,1623,4515822,96040,6747294,79049,25011181,0,25283250,9899,11494530,992961,10386794,247513,8,2048,0,2048,8,4,4
chunked_256_p4,2331,2048,1803,4668298,80581,7387184,84878,26512234,0,26752723,8746,11316506,1038015,10167053,250689,8,2048,0,2048,8,4,4
chunked_256_p4,2332,2048,1643,4901164,79539,7052746,83606,25818033,0,26044747,8486,10917720,1008419,9809462,238947,8,2048,0,2048,8,4,4
chunked_256_p4,2333,2048,1443,5035677,166452,7481420,94105,27483431,0,27832086,13866,11261413,979836,10147396,243657,8,2048,0,2048,8,4,4
chunked_256_p4,2334,2048,2836,4670803,148929,6869403,69670,25101639,0,25402031,12784,11224044,997550,10093585,244208,8,2048,0,2048,8,4,4
chunked_256_p4,2335,2048,2194,3782337,146314,7372225,84870,27067784,0,27395308,10339,13584256,1048325,12390639,240641,8,2048,0,2048,8,4,4
chunked_256_p4,2336,2048,1633,3898896,66906,6854956,76272,25819122,0,26247117,15940,11999046,1080424,10802504,238767,8,2048,0,2048,8,4,4
chunked_256_p4,2337,2048,1583,3594256,69631,6754187,72757,25578863,0,25860672,10890,11830420,998631,10708978,234750,8,2048,0,2048,8,4,4
chunked_256_p4,2338,2048,1613,4278417,67256,7749873,81713,27871538,0,28284172,12764,11234403,1004954,10105747,308778,8,2048,0,2048,8,4,4
chunked_256_p4,2339,2048,1924,4583860,74159,8324269,105327,28270778,0,28553487,13075,11544955,981249,10428843,256060,8,2048,0,2048,8,4,4
chunked_256_p4,2340,2048,1393,3541667,64762,7835223,82074,29273677,0,29561947,9348,11398741,975438,10325479,278161,8,2048,0,2048,8,4,4
chunked_256_p4,2341,2048,1523,3275969,78577,6212682,68027,23696405,0,23968766,8547,11664939,971330,10579746,245801,8,2048,0,2048,8,4,4
chunked_256_p4,2342,2048,1322,4114000,133140,6986793,80110,26081846,0,26349025,10980,12056263,979365,10950341,287098,8,2048,0,2048,8,4,4
chunked_256_p4,2343,2048,1603,5085830,106680,7552002,80291,28060254,0,28376998,13645,11526450,986468,10424284,246021,8,2048,0,2048,8,4,4
chunked_256_p4,2344,2048,1312,3766058,117811,12799325,604694,38715290,0,39552078,17182,17523839,1415422,15970358,270908,8,2048,0,2048,8,4,4
chunked_256_p4,2345,2048,2404,4614007,66014,6661123,80101,25235119,0,25572354,12844,11844877,995736,10723405,241713,8,2048,0,2048,8,4,4
chunked_256_p4,2346,2048,1924,4579512,96962,7517287,88027,27406159,0,27854588,10530,11761761,993933,10651210,238047,8,2048,0,2048,8,4,4
chunked_256_p4,2347,2048,2344,4423830,66805,6757203,71944,25783296,0,26038343,12414,11938342,1119067,10652613,253575,8,2048,0,2048,8,4,4
chunked_256_p4,2348,2048,2154,3329760,74830,7554627,86884,27972529,0,28213731,10680,12225530,957514,11125088,237074,8,2048,0,2048,8,4,4
chunked_256_p4,2349,2048,1884,3306055,68688,7303737,64510,26834406,0,27144548,11902,11598484,1032945,10467826,242133,8,2048,0,2048,8,4,4
chunked_256_p4,2350,2048,2435,4007770,70983,6453864,78878,24450378,0,24745933,10370,11841861,965108,10765925,278993,8,2048,0,2048,8,4,4
chunked_256_p4,2351,2048,2756,3331112,105438,7722011,85660,26359678,0,26734437,10720,6050538,969036,5017412,231383,8,2048,0,2048,8,4,4
chunked_256_p4,2352,2048,1563,4006939,116057,7156131,83837,26765067,0,27015445,11451,6683765,970418,5618309,251171,8,2048,0,2048,8,4,4
chunked_256_p4,2353,2048,2244,4040491,67947,7442717,75221,27470219,0,27709945,10059,6938773,987401,5874398,252163,8,2048,0,2048,8,4,4
chunked_256_p4,2354,2048,1593,4443217,66184,7551370,111929,27107387,0,27387703,11512,7029242,996588,5941384,254317,8,2048,0,2048,8,4,4
chunked_256_p4,2355,2048,1422,3979548,81443,8268114,93475,30182902,0,30499906,10961,7048248,983443,5983774,240421,8,2048,0,2048,8,4,4
chunked_256_p4,2356,2048,1623,4049378,68679,7398454,80943,26975800,0,27259452,8546,7134459,976871,6075124,250129,8,2048,0,2048,8,4,4
chunked_256_p4,2357,2048,1503,3928342,67807,7721329,81563,28670716,0,28929081,14738,7243814,977301,6184489,232886,8,2048,0,2048,8,4,4
chunked_256_p4,2358,2048,2104,5428523,67938,7959376,78338,28801801,0,29084082,9107,7415736,971441,6370909,260829,8,2048,0,2048,8,4,4
chunked_256_p4,2359,2048,3086,4412879,65853,7528998,71466,28175671,0,28420557,9678,9007028,1441561,7424173,252232,8,2048,0,2048,8,4,4
chunked_256_p4,2360,2048,1503,4516934,65723,8113975,73828,30153394,0,30386303,8736,7617525,973744,6558330,238206,8,2048,0,2048,8,4,4
chunked_256_p4,2361,2048,2134,5449392,67336,7991726,77955,29968609,0,30242733,12624,7631712,989184,6565834,243416,8,2048,0,2048,8,4,4
chunked_256_p4,2362,2048,1894,4006768,68428,7561800,88646,28262282,0,28553497,9929,7817650,991347,6719982,240881,8,2048,0,2048,8,4,4
chunked_256_p4,2363,2048,1483,31121149,82384,11245633,86833,41327875,0,41584025,8415,7811758,1004542,6727306,256752,8,2048,0,2048,8,4,4
chunked_256_p4,2364,2048,1933,6162639,71775,9309836,67637,34099681,0,34414321,11140,8151305,993852,7041755,237385,8,2048,0,2048,8,4,4
chunked_256_p4,2365,2048,1453,5862396,231905,9741806,69188,34900943,0,35124390,11812,8355638,977010,7285091,237415,8,2048,0,2048,8,4,4
chunked_256_p4,2366,2048,1933,5973154,71083,11099770,70883,38918043,0,39172636,9618,8221447,989515,7145260,260468,8,2048,0,2048,8,4,4
chunked_256_p4,2367,2048,1543,5822892,71114,8304001,76654,31679856,0,31945523,15158,8268494,988072,7197468,250740,8,2048,0,2048,8,4,4
chunked_256_p4,2368,2048,2364,5712355,105799,9137563,73327,33156795,0,33414127,13575,8209013,963576,7161841,249327,8,2048,0,2048,8,4,4
chunked_256_p4,2369,2048,1833,6056860,74009,8746931,77626,31920638,0,32263209,14257,8371047,975569,7307363,251131,8,2048,0,2048,8,4,4
chunked_256_p4,2370,2048,1753,5973084,70582,8662743,84469,31575801,0,31970730,12865,8587914,993341,7481220,238356,8,2048,0,2048,8,4,4
chunked_256_p4,2371,2048,1633,5305012,99166,10029996,76885,34222371,0,34463263,11722,8295996,964608,7226422,260328,8,2048,0,2048,8,4,4
chunked_256_p4,2372,2048,2585,5328916,85280,9293275,79338,34006977,0,34270851,14007,8492645,992630,7418532,263394,8,2048,0,2048,8,4,4
chunked_256_p4,2373,2048,9738,4391048,89007,8401624,75412,31918324,0,32154194,11131,8556324,980838,7483193,243306,8,2048,0,2048,8,4,4
chunked_256_p4,2374,2048,1262,5117580,73718,8641163,89028,32871420,0,33256651,11923,8863791,1044828,7707042,247073,8,2048,0,2048,8,4,4
chunked_256_p4,2375,2048,1502,4169854,104666,8791495,74519,32617454,0,32864716,12674,8787227,990486,7691844,214963,8,2048,0,2048,8,4,4
chunked_256_p4,2376,2048,1353,4111034,73959,8589356,79059,32646537,0,32936352,8907,8849884,1015753,7754211,248465,8,2048,0,2048,8,4,4
chunked_256_p4,2377,2048,2415,5659085,68508,9203737,86591,34074183,0,34305496,10710,9036394,990657,7923458,250019,8,2048,0,2048,8,4,4
chunked_256_p4,2378,2048,2575,5703167,77254,8782488,97252,33292580,0,33571372,9578,8716123,991187,7636931,286667,8,2048,0,2048,8,4,4
chunked_256_p4,2379,2048,1542,5951523,147417,9139277,74359,33401933,0,33660277,14497,9112516,990065,8030449,250880,8,2048,0,2048,8,4,4
chunked_256_p4,2380,2048,1923,6145697,79789,8365687,69521,32133507,0,32408433,11110,9423078,960109,8333697,242935,8,2048,0,2048,8,4,4
chunked_256_p4,2381,2048,2044,6623422,194335,9393323,73960,33680645,0,34168410,8706,9094112,967333,8040207,236213,8,2048,0,2048,8,4,4
chunked_256_p4,2382,2048,2044,6388312,78887,10561130,62198,39664118,0,39919588,11040,17968742,982431,16883349,242264,8,2048,0,2048,8,4,4
chunked_256_p4,2383,2048,2334,6339571,80841,9107627,68990,33804920,0,34128837,11221,9596774,988843,8502213,253004,8,2048,0,2048,8,4,4
chunked_256_p4,2384,2048,1693,6508286,111839,9441243,70291,34353735,0,34606750,10870,9103950,973925,8009500,256811,8,2048,0,2048,8,4,4
chunked_256_p4,2385,2048,1553,6559522,87204,9227332,63069,33835487,0,34209428,9939,9157731,978514,8100440,238426,8,2048,0,2048,8,4,4
chunked_256_p4,2386,2048,2053,6200530,87764,8788249,76422,32610168,0,32929728,10389,9253100,1010814,8138231,234399,8,2048,0,2048,8,4,4
chunked_256_p4,2387,2048,1944,6450778,82074,8736441,70902,32068366,0,32305708,12213,9236409,1015462,8099277,234139,8,2048,0,2048,8,4,4
chunked_256_p4,2388,2048,1573,6026974,84539,9293015,72404,33659006,0,33903242,13085,9171066,989274,8085211,252554,8,2048,0,2048,8,4,4
chunked_256_p4,2389,2048,1743,6421083,82495,9706900,69971,35234417,0,35494424,14577,9393893,1041762,8237096,250350,8,2048,0,2048,8,4,4
chunked_256_p4,2390,2048,1613,6609897,88185,9172208,81663,33533009,0,33809298,10169,9258821,961682,8198634,239889,8,2048,0,2048,8,4,4
chunked_256_p4,2391,2048,1924,5902421,78567,8584788,71645,32970965,0,33261460,12894,9199159,1005174,8101041,257773,8,2048,0,2048,8,4,4
chunked_256_p4,2392,2048,1513,6011776,80841,8263255,87374,31494168,0,31842409,15479,9485586,1065486,8320862,261670,8,2048,0,2048,8,4,4
chunked_256_p4,2393,2048,1363,5908552,69711,8323518,79479,31879340,0,32236469,9398,9461871,974917,8400292,234740,8,2048,0,2048,8,4,4
chunked_256_p4,2394,2048,1613,6349338,190026,8632778,76183,32415867,0,32675960,8936,9624295,1000515,8500189,233668,8,2048,0,2048,8,4,4
chunked_256_p4,2395,2048,1172,4544146,70623,8845296,77565,33970138,0,34212082,12965,9299767,969357,8235342,221264,8,2048,0,2048,8,4,4
chunked_256_p4,2396,2048,1343,6012457,76193,9276734,75858,35026469,0,35268260,13626,9122265,964187,8060585,255659,8,2048,0,2048,8,4,4
chunked_256_p4,2397,2048,2595,5790171,98755,9056010,71883,33292037,0,33622866,14447,9439199,989905,8342383,252153,8,2048,0,2048,8,4,4
chunked_256_p4,2398,2048,2554,4817027,78968,9622993,80772,34227167,0,34493910,11651,9412318,983663,8338245,245200,8,2048,0,2048,8,4,4
chunked_256_p4,2399,2048,1252,5799929,115717,8374513,74298,31615949,0,31857949,11792,9451191,982291,8380194,258354,8,2048,0,2048,8,4,4
chunked_256_p4,2400,2048,1814,5374030,81493,9131212,76192,33421509,0,33751887,14066,10301384,1027225,9149847,250640,8,2048,0,2048,8,4,4
chunked_256_p4,2401,2048,2034,5476282,74750,8660669,71464,32593148,0,32848045,13856,9431664,963897,8376757,238026,8,2048,0,2048,8,4,4
chunked_256_p4,2402,2048,1693,4325065,75682,8506871,72847,32133036,0,32363476,13045,9749942,980698,8665990,235862,8,2048,0,2048,8,4,4
chunked_256_p4,2403,2048,2104,4241198,86833,8575270,76542,32467993,0,32914809,9397,9825502,984655,8699683,243457,8,2048,0,2048,8,4,4
chunked_256_p4,2404,2048,1653,5226995,105478,8654347,82574,32886898,0,33142917,10369,10859680,1048955,9667346,250640,8,2048,0,2048,8,4,4
chunked_256_p4,2405,2048,2214,5766075,80852,9088802,80672,34532853,0,34814300,15048,10376185,998261,9282995,234199,8,2048,0,2048,8,4,4
chunked_256_p4,2406,2048,1523,5255268,68869,8785363,71473,33750838,0,34054807,12844,10716853,970328,9633453,236393,8,2048,0,2048,8,4,4
chunked_256_p4,2407,2048,1863,5249398,77576,9558352,73887,34370840,0,34608623,12443,10191208,997549,9089033,235942,8,2048,0,2048,8,4,4
chunked_256_p4,2408,2048,1854,6089241,72846,9475116,70040,34165325,0,34426102,9578,9916303,957805,8859072,243356,8,2048,0,2048,8,4,4
chunked_256_p4,2409,2048,1683,6205749,79920,9030663,76865,33827871,0,34081717,9638,9733420,976910,8672652,241833,8,2048,0,2048,8,4,4
chunked_256_p4,2410,2048,2204,4757085,199855,8663626,77124,32428039,0,32747276,12133,9829800,992340,8750057,248857,8,2048,0,2048,8,4,4
chunked_256_p4,2411,2048,1894,5117850,69280,8787136,61506,33987541,0,34254302,8546,10002404,967263,8921999,266549,8,2048,0,2048,8,4,4
chunked_256_p4,2412,2048,2124,5456155,72786,8979357,76171,34031564,0,34282583,13014,9730995,955811,8673143,275917,8,2048,0,2048,8,4,4
chunked_256_p4,2413,2048,2915,4193419,68939,8827573,82126,33985886,0,34261926,10179,9760240,970699,8683663,240982,8,2048,0,2048,8,4,4
chunked_256_p4,2414,2048,1553,5529422,67647,8579207,76185,32525371,0,32751946,14908,9869034,977241,8789361,272040,8,2048,0,2048,8,4,4
chunked_256_p4,2415,2048,1974,4370890,68268,9900563,77366,35630408,0,35914954,14427,9890835,987721,8791495,238687,8,2048,0,2048,8,4,4
chunked_256_p4,2416,2048,1814,5873737,77505,9102147,97492,34594647,0,34881545,8816,9568210,948728,8523883,248656,8,2048,0,2048,8,4,4
chunked_256_p4,2417,2048,1603,5481883,91792,9246368,95107,34905871,0,35153685,10770,9760851,983122,8658456,247504,8,2048,0,2048,8,4,4
chunked_256_p4,2418,2048,3056,4423900,93906,9616781,89738,35968653,0,36230826,12573,10150802,1014952,9034891,241312,8,2048,0,2048,8,4,4
chunked_256_p4,2419,2048,2334,4914480,69130,9882620,80779,36464233,0,36755567,11592,10106359,1036483,8976381,242694,8,2048,0,2048,8,4,4
chunked_256_p4,2420,2048,1954,5782777,68759,8767169,84868,33562857,0,33832136,13075,9968711,978374,8878908,248095,8,2048,0,2048,8,4,4
chunked_256_p4,2421,2048,1794,5710000,69921,8707317,88407,33634431,0,33862347,12413,10153326,973444,9092980,250700,8,2048,0,2048,8,4,4
chunked_256_p4,2422,2048,1633,4636929,76002,8978456,73626,34440130,0,34676259,13795,10174737,974366,9049508,438672,8,2048,0,2048,8,4,4
chunked_256_p4,2423,2048,2214,6837413,69400,8845617,70423,33701987,0,33950559,8987,9841432,998521,8725060,246021,8,2048,0,2048,8,4,4
chunked_256_p4,2424,2048,1593,6273967,70101,8869190,76632,33802233,0,34185291,11662,9776711,992500,8703360,234670,8,2048,0,2048,8,4,4
chunked_256_p4,2425,2048,2775,5923931,84338,8997681,73638,34140005,0,34364487,12063,10511788,1006937,9389205,253555,8,2048,0,2048,8,4,4
chunked_256_p4,2426,2048,1824,5850403,74129,8615926,74840,33174416,0,33397675,15619,10711533,1016635,9565545,238587,8,2048,0,2048,8,4,4
chunked_256_p4,2427,2048,1573,6381969,81613,10246651,73609,34760230,0,35049482,11362,10404187,1008149,9269621,237485,8,2048,0,2048,8,4,4
chunked_256_p4,2428,2048,1312,5842097,69560,8316204,76734,31796766,0,32182689,13476,10463478,973905,9387853,252213,8,2048,0,2048,8,4,4
chunked_256_p4,2429,2048,1723,5110226,74910,9383013,80100,34911942,0,35218970,13385,10136836,975798,9024280,248335,8,2048,0,2048,8,4,4
chunked_256_p4,2430,2048,1743,4805515,87113,10080530,75511,35627073,0,35937275,13786,10956652,1000756,9813199,243456,8,2048,0,2048,8,4,4
chunked_256_p4,2431,2048,1273,4753377,71795,9736015,92854,36524125,0,36800913,9067,10098985,982762,9029881,250069,8,2048,0,2048,8,4,4
chunked_256_p4,2432,2048,1503,6103537,69621,9270032,79129,34882407,0,35195323,15208,10201447,1002008,9094873,257903,8,2048,0,2048,8,4,4
chunked_256_p4,2433,2048,1483,5815518,70482,11256505,79059,40266647,0,40565167,14667,10497331,985376,9385959,237305,8,2048,0,2048,8,4,4
chunked_256_p4,2434,2048,1283,6735572,77535,8831680,79900,33674555,0,34019572,14126,10431608,992150,9325465,253395,8,2048,0,2048,8,4,4
chunked_256_p4,2435,2048,1323,6148061,77455,9505944,93017,34930007,0,35218729,27281,10390952,974286,9288256,274685,8,2048,0,2048,8,4,4
chunked_256_p4,2436,2048,2806,5330479,121267,10017813,78218,37726979,0,38029093,13756,10369793,996627,9277546,238857,8,2048,0,2048,8,4,4
chunked_256_p4,2437,2048,1403,6489601,84438,9308554,78497,35569947,0,35832830,11802,10422331,988232,9317480,248916,8,2048,0,2048,8,4,4
chunked_256_p4,2438,2048,1453,6358796,83306,9156579,84449,34931399,0,35296884,13696,10841436,995506,9717861,237185,8,2048,0,2048,8,4,4
chunked_256_p4,2439,2048,2024,6166596,79328,9616350,78578,35726367,0,36238628,10881,10594664,1001326,9472892,262833,8,2048,0,2048,8,4,4
chunked_256_p4,2440,2048,2224,6087337,80641,8579959,72054,32745684,0,33045102,13034,11075965,1069414,9860738,314780,8,2048,0,2048,8,4,4
chunked_256_p4,2441,2048,2635,7135522,84849,9256887,91802,34373403,0,34671782,10469,11185190,980467,10075862,242694,8,2048,0,2048,8,4,4
chunked_256_p4,2442,2048,1773,5814146,83075,9404132,92684,35450241,0,35834562,10930,10984645,977272,9902887,236112,8,2048,0,2048,8,4,4
chunked_256_p4,2443,2048,2866,6209556,100398,9387552,74419,34413450,0,34723931,11161,11356722,1158170,10070592,256150,8,2048,0,2048,8,4,4
chunked_256_p4,2444,2048,2144,5896771,83878,9854527,73959,37452035,0,37928536,11752,10930202,1007729,9823879,242164,8,2048,0,2048,8,4,4
chunked_256_p4,2445,2048,1863,5155962,87394,8515438,84158,32739041,0,33102422,11481,37240016,961743,36135967,257022,8,2048,0,2048,8,4,4
chunked_256_p4,2446,2048,1903,6347234,87965,9532514,74892,35171008,0,35445474,12834,11467860,1019701,10313627,279684,8,2048,0,2048,8,4,4
chunked_256_p4,2447,2048,1984,6383192,87494,9041343,82754,33065251,0,33315753,11211,10990485,975488,9900503,242404,8,2048,0,2048,8,4,4
chunked_256_p4,2448,2048,2074,6436111,105187,9536221,75131,34452170,0,34672126,8746,10835996,970158,9738560,251241,8,2048,0,2048,8,4,4
chunked_256_p4,2449,2048,1603,6197494,84729,9471219,84487,35195634,0,35574764,12363,11476717,992239,10297346,283591,8,2048,0,2048,8,4,4
chunked_256_p4,2450,2048,2665,5621945,77966,11484782,115227,38387045,0,38744397,15169,10840144,985236,9742878,247785,8,2048,0,2048,8,4,4
chunked_256_p4,2451,2048,3296,5773860,96010,8965020,83798,34266792,0,34563822,11672,10672199,1021885,9524509,257012,8,2048,0,2048,8,4,4
chunked_256_p4,2452,2048,1643,5010659,85350,9131843,92153,35052607,0,35354714,12243,10925875,1064936,9727860,243065,8,2048,0,2048,8,4,4
chunked_256_p4,2453,2048,1933,6085714,192540,9303263,72156,35264514,0,35516278,8907,10870881,986338,9769608,278883,8,2048,0,2048,8,4,4
chunked_256_p4,2454,2048,1953,6056951,78437,9416506,84147,34980494,0,35347629,13706,10777266,976190,9686211,284753,8,2048,0,2048,8,4,4
chunked_256_p4,2455,2048,2084,6202764,88746,8830488,72325,33803135,0,34044147,10850,11438765,1108808,10206857,243898,8,2048,0,2048,8,4,4
chunked_256_p4,2456,2048,1854,5818483,81312,9141220,91180,34947559,0,35265754,10950,11147840,1022536,10014016,240171,8,2048,0,2048,8,4,4
chunked_256_p4,2457,2048,1542,3421061,71744,10229279,86693,38992908,0,39284153,10469,11834617,963315,10763711,265668,8,2048,0,2048,8,4,4
chunked_256_p4,2458,2048,1392,6086917,72886,9266935,75191,34593928,0,34881123,9298,11080094,1086846,9896084,189155,8,2048,0,2048,8,4,4
chunked_256_p4,2459,2048,1513,6585561,113613,9036383,81681,34044227,0,34442240,12353,10861774,1027135,9732518,241282,8,2048,0,2048,8,4,4
chunked_256_p4,2460,2048,1573,5580238,76192,10316231,84758,37657166,0,37945487,11211,12147153,1030892,10964898,251200,8,2048,0,2048,8,4,4
chunked_256_p4,2461,2048,1713,5567433,74720,9602234,74751,35533238,0,35778738,12483,11108677,973985,10019666,245259,8,2048,0,2048,8,4,4
chunked_256_p4,2462,2048,1694,4669780,142617,9051582,85242,34300458,0,34674940,11011,11338598,1059516,10124894,277551,8,2048,0,2048,8,4,4
chunked_256_p4,2463,2048,1844,5093324,103474,9906534,80101,35612798,0,35915362,12744,11059816,985998,9971356,245540,8,2048,0,2048,8,4,4
chunked_256_p4,2464,2048,1362,6117995,78026,9091266,72535,34372453,0,34710034,8356,10906378,967934,9822156,240530,8,2048,0,2048,8,4,4
chunked_256_p4,2465,2048,2104,5650108,68869,8429787,67056,32572880,0,32879484,15338,11232198,974176,10125465,249949,8,2048,0,2048,8,4,4
chunked_256_p4,2466,2048,1623,6323540,68028,9929207,75611,36118777,0,36344597,13746,11195590,971891,10126256,245560,8,2048,0,2048,8,4,4
chunked_256_p4,2467,2048,2265,6696248,71955,8806253,75130,33432200,0,33729909,12633,11541518,1010864,10388578,250750,8,2048,0,2048,8,4,4
chunked_256_p4,2468,2048,1533,6736113,74870,8987081,70213,34366071,0,34600609,10831,10766296,1010453,9643842,246402,8,2048,0,2048,8,4,4
chunked_256_p4,2469,2048,2014,6382641,100839,9056251,75411,33935875,0,34184660,14507,10862666,982982,9771101,244889,8,2048,0,2048,8,4,4
chunked_256_p4,2470,2048,2425,6532701,79770,9022648,73687,33844974,0,34113317,11532,10947165,978995,9872360,246061,8,2048,0,2048,8,4,4
chunked_256_p4,2471,2048,3276,6633821,67055,8954851,74790,33289794,0,33562704,10449,11080183,997930,9948443,248226,8,2048,0,2048,8,4,4
chunked_256_p4,2472,2048,2475,6081887,87805,9281693,95960,33939740,0,34245637,11121,10598742,927187,9550718,240891,8,2048,0,2048,8,4,4
chunked_256_p4,2473,2048,2775,5500809,110277,8885190,71604,33653626,0,33945161,15308,10986999,973714,9898859,245720,8,2048,0,2048,8,4,4
chunked_256_p4,2474,2048,2274,5688991,89207,9605159,86390,35507458,0,35811719,11342,11751592,980427,10642454,232435,8,2048,0,2048,8,4,4
chunked_256_p4,2475,2048,1382,5435426,70763,8978736,82887,34665661,0,34916093,11391,11270049,995446,10180397,198932,8,2048,0,2048,8,4,4
chunked_256_p4,2476,2048,1864,5840715,74870,9877149,88003,36660869,0,36941917,15008,10996597,970970,9905993,252634,8,2048,0,2048,8,4,4
chunked_256_p4,2477,2048,1613,5819505,73247,10840364,80761,38247846,0,38502843,14467,10911598,962223,9820172,252092,8,2048,0,2048,8,4,4
chunked_256_p4,2478,2048,2144,4963682,72116,9173020,79045,34879634,0,35274532,14127,11101674,1045780,9928526,249348,8,2048,0,2048,8,4,4
chunked_256_p4,2479,2048,1523,5535012,69270,9612744,81585,36083861,0,36344370,11472,11346833,1051440,10188062,238077,8,2048,0,2048,8,4,4
chunked_256_p4,2480,2048,2334,6062501,69179,9008741,67095,34001358,0,34255782,10289,11459574,1082519,10263213,237836,8,2048,0,2048,8,4,4
chunked_256_p4,2481,2048,1903,6808509,73047,10308527,75934,37758678,0,38041397,14567,11693763,1077900,10457908,256611,8,2048,0,2048,8,4,4
chunked_256_p4,2482,2048,1923,6553390,67085,9880745,71272,35446595,0,35701241,9998,11591702,971581,10500868,248666,8,2048,0,2048,8,4,4
chunked_256_p4,2483,2048,1944,6692041,70513,8611568,71264,32831545,0,33079079,15630,11726054,990376,10621164,246643,8,2048,0,2048,8,4,4
chunked_256_p4,2484,2048,1763,6977275,71995,8992472,59661,33180526,0,33388339,11131,11959171,1047883,10800530,236823,8,2048,0,2048,8,4,4
chunked_256_p4,2485,2048,1764,7183692,78657,9358477,72638,34448733,0,34782402,14537,6554322,996377,5477163,261580,8,2048,0,2048,8,4,4
chunked_256_p4,2486,2048,1853,5937827,70853,9797500,70612,36505698,0,36801203,13225,6816434,1006055,5710983,255639,8,2048,0,2048,8,4,4
chunked_256_p4,2487,2048,2574,6321856,126828,10014657,65595,37057121,0,37353090,9969,6993586,975738,5913161,254587,8,2048,0,2048,8,4,4
chunked_256_p4,2488,2048,3106,6273396,90219,11518815,83586,41992101,0,42364928,11902,7498782,1077910,6301759,245961,8,2048,0,2048,8,4,4
chunked_256_p4,2489,2048,2384,5791994,82445,10503443,74502,38321743,0,38600346,9719,7448708,957234,6401246,240571,8,2048,0,2048,8,4,4
chunked_256_p4,2490,2048,1542,6821493,74530,9591955,83988,36754387,0,36994075,10199,7597457,973715,6528284,243476,8,2048,0,2048,8,4,4
chunked_256_p4,2491,2048,1452,5373559,75371,10378689,87083,39055450,0,39350379,11572,7973612,987430,6881656,238748,8,2048,0,2048,8,4,4
chunked_256_p4,2492,2048,2214,5559217,74510,10434975,72684,38921978,0,39194999,13686,8030389,994915,6948000,257312,8,2048,0,2048,8,4,4
chunked_256_p4,2493,2048,2074,6384484,67697,9467412,71625,36302519,0,36555354,11051,7980144,996096,6885183,242485,8,2048,0,2048,8,4,4
chunked_256_p4,2494,2048,2034,9972618,96120,10329788,87033,39178980,0,39435862,12744,8002356,982521,6928664,267832,8,2048,0,2048,8,4,4
chunked_256_p4,2495,2048,1753,50319346,74219,12963853,93746,49651643,0,49943732,14487,8291949,1062160,7131634,243977,8,2048,0,2048,8,4,4
chunked_256_p4,2496,2048,2174,6957979,71224,11176885,75100,42999911,0,43236152,9277,8205226,975829,7139459,262161,8,2048,0,2048,8,4,4
chunked_256_p4,2497,2048,1553,7560017,70332,10313096,88727,40020194,0,40388366,18315,8192092,960490,7142184,291156,8,2048,0,2048,8,4,4
chunked_256_p4,2498,2048,2104,7803623,74340,12268000,79929,45947944,0,46256149,13025,8544121,970979,7484235,248054,8,2048,0,2048,8,4,4
chunked_256_p4,2499,2048,1533,7886268,77285,11119808,91952,42796989,0,43066774,12013,8124064,1023508,7016138,247213,8,2048,0,2048,8,4,4
chunked_256_p4,2500,2048,1774,6700055,80390,10789519,71726,41009892,0,41276299,9598,8107853,977591,7048077,243857,8,2048,0,2048,8,4,4
chunked_256_p4,2501,2048,1733,7164446,78898,12901677,80639,47237430,0,47554091,11872,8210115,989604,7115624,263374,8,2048,0,2048,8,4,4
chunked_256_p4,2502,2048,1963,6986923,70512,11281891,81331,42882860,0,43141704,14046,8561203,981560,7495586,252684,8,2048,0,2048,8,4,4
chunked_256_p4,2503,2048,1603,5767487,72115,10976489,80691,42431894,0,42704125,16411,8516600,956763,7460150,242013,8,2048,0,2048,8,4,4
chunked_256_p4,2504,2048,2034,5645530,74940,11519116,75821,44640062,0,44875153,7855,8960943,972612,7863186,281377,8,2048,0,2048,8,4,4
chunked_256_p4,2505,2048,2635,5628698,73387,12091108,75734,44729893,0,45110054,9357,8841999,980687,7770211,239879,8,2048,0,2048,8,4,4
chunked_256_p4,2506,2048,1874,6195880,71273,11224674,95060,43310942,0,43691778,14156,8814458,990546,7696223,236894,8,2048,0,2048,8,4,4
chunked_256_p4,2507,2048,1883,6218303,100969,11493669,93875,43054678,0,43349576,15328,8685025,1002208,7581077,236073,8,2048,0,2048,8,4,4
chunked_256_p4,2508,2048,1743,6746753,70523,12407772,83805,45936611,0,46297139,14287,8871575,978714,7807130,240120,8,2048,0,2048,8,4,4
chunked_256_p4,2509,2048,1613,7066773,66284,10704139,75921,41138130,0,41378751,14657,8991920,1095944,7803022,210525,8,2048,0,2048,8,4,4
chunked_256_p4,2510,2048,1523,7049270,86281,12029312,93315,44849015,0,45117507,11662,8858310,936525,7799275,250981,8,2048,0,2048,8,4,4
chunked_256_p4,2511,2048,1774,6131850,72666,13290476,80970,46319600,0,46639370,13024,8864081,992390,7780561,241272,8,2048,0,2048,8,4,4
chunked_256_p4,2512,2048,1673,5857587,65022,11467429,73557,44152689,0,44363242,16020,8662873,1000825,7556730,232777,8,2048,0,2048,8,4,4
chunked_256_p4,2513,2048,2705,5934381,66685,10965388,71994,42437965,0,42765369,11662,8675107,983994,7593079,247734,8,2048,0,2048,8,4,4
chunked_256_p4,2514,2048,2484,5221415,133450,11127171,77375,42202915,0,42446714,12163,9257549,1001336,8166244,219481,8,2048,0,2048,8,4,4
chunked_256_p4,2515,2048,2385,5845003,114565,11238249,77826,42981153,0,43270056,14457,9125390,997729,8016964,241382,8,2048,0,2048,8,4,4
chunked_256_p4,2516,2048,2765,5582171,78096,11976223,82985,45263210,0,45607905,10500,9039189,1026815,7909291,287058,8,2048,0,2048,8,4,4
chunked_256_p4,2517,2048,2405,6561636,75912,11640383,75100,44216658,0,44458343,15039,8989316,987450,7878144,237746,8,2048,0,2048,8,4,4
chunked_256_p4,2518,2048,1693,7016338,70782,14740342,672231,52698677,0,54331866,11893,9288617,986198,8205947,252142,8,2048,0,2048,8,4,4
chunked_256_p4,2519,2048,1884,6444977,69480,11866286,89297,43728243,0,44102206,11882,9308744,976450,8237407,246392,8,2048,0,2048,8,4,4
chunked_256_p4,2520,2048,1633,7647852,66444,11127642,83898,42727802,0,42975935,17283,9238523,1007658,8136959,236283,8,2048,0,2048,8,4,4
chunked_256_p4,2521,2048,1573,7484866,67166,11756441,85040,43826981,0,44124967,14377,9615339,1028708,8458781,227937,8,2048,0,2048,8,4,4
chunked_256_p4,2522,2048,1763,6905731,66475,11361501,72636,43721431,0,44226809,9007,9559985,978263,8451297,244458,8,2048,0,2048,8,4,4
chunked_256_p4,2523,2048,1333,7826396,66856,12487631,101702,45763558,0,46030108,20539,9513998,979085,8428264,202409,8,2048,0,2048,8,4,4
chunked_256_p4,2524,2048,1432,7597387,69971,11458553,78256,44192002,0,44616620,6763,9138856,944270,8117832,263193,8,2048,0,2048,8,4,4
chunked_256_p4,2525,2048,1292,7048198,69530,11670850,72555,44799742,0,45364762,10991,9370039,1052713,8200037,251732,8,2048,0,2048,8,4,4
chunked_256_p4,2526,2048,1713,7615982,105618,12823340,88375,45839870,0,46157936,12333,10676387,988482,9569863,251722,8,2048,0,2048,8,4,4
chunked_256_p4,2527,2048,2505,5910957,68468,11615958,78606,44984228,0,45235047,12173,10199243,1002308,9075898,236092,8,2048,0,2048,8,4,4
chunked_256_p4,2528,2048,1853,6932872,83266,11319842,86302,43599492,0,43882865,11252,10088755,996898,8963107,226395,8,2048,0,2048,8,4,4
chunked_256_p4,2529,2048,1543,6260953,72636,11837443,75843,45500906,0,45861832,16431,10009567,982772,8877486,232867,8,2048,0,2048,8,4,4
chunked_256_p4,2530,2048,1263,6930998,76454,13039946,73536,48130593,0,48375683,11773,9595020,977862,8519065,230102,8,2048,0,2048,8,4,4
chunked_256_p4,2531,2048,1573,7202096,92333,11912713,86193,45950818,0,46259487,16040,10044152,1081547,8807886,242014,8,2048,0,2048,8,4,4
chunked_256_p4,2532,2048,1944,7008123,66184,11430600,93597,44249691,0,44594307,15229,9805776,979535,8688572,236794,8,2048,0,2048,8,4,4
chunked_256_p4,2533,2048,1542,7484074,74058,12642742,102702,47084232,0,47374527,9468,9990973,999092,8878648,242815,8,2048,0,2048,8,4,4
chunked_256_p4,2534,2048,1252,6854335,74480,12863576,92082,48462937,0,48753020,10509,10001963,971751,8900859,243246,8,2048,0,2048,8,4,4
chunked_256_p4,2535,2048,1343,6241556,205656,12517818,85720,46999996,0,47260183,9748,9758236,961452,8672422,254167,8,2048,0,2048,8,4,4
chunked_256_p4,2536,2048,1533,6919537,71423,12312522,72336,46001274,0,46298320,10981,10023593,1000584,8930194,135494,8,2048,0,2048,8,4,4
chunked_256_p4,2537,2048,1763,9095214,71684,13344106,97153,47873291,0,48972864,16842,10308738,1031193,9098440,249919,8,2048,0,2048,8,4,4
chunked_256_p4,2538,2048,1683,7371514,179917,12381061,90370,45622945,0,45931546,12464,10266940,956031,9195502,252233,8,2048,0,2048,8,4,4
chunked_256_p4,2539,2048,2334,7819323,136266,12581137,70453,46785053,0,47085375,15058,10278581,979466,9149986,270868,8,2048,0,2048,8,4,4
chunked_256_p4,2540,2048,2725,7664663,75081,13071275,82865,48552674,0,48835724,9097,18698680,984976,17569515,252744,8,2048,0,2048,8,4,4
chunked_256_p4,2541,2048,1563,6788542,77405,11580100,78197,44846790,0,45148825,15479,10295172,971992,9196183,247063,8,2048,0,2048,8,4,4
chunked_256_p4,2542,2048,1443,7799596,83587,11745931,94246,44404109,0,44670530,13776,11000615,956573,9906214,239779,8,2048,0,2048,8,4,4
chunked_256_p4,2543,2048,1333,5993481,307737,13839695,87285,50256839,0,50618398,12103,10914223,1002739,9774678,248145,8,2048,0,2048,8,4,4
chunked_256_p4,2544,2048,1543,7252821,76173,11772801,91430,45069799,0,45318703,11431,11084692,987581,9966396,245410,8,2048,0,2048,8,4,4
chunked_256_p4,2545,2048,1452,8871094,74980,11520169,81152,42514369,0,42862825,10880,11022064,982721,9907777,243847,8,2048,0,2048,8,4,4
chunked_256_p4,2546,2048,1853,8182013,82284,13012945,110188,47400817,0,47694718,11792,10604833,1073682,9392521,245410,8,2048,0,2048,8,4,4
chunked_256_p4,2547,2048,1523,8472337,78757,10533951,83017,40811769,0,41255371,10920,10877454,989804,9751203,245470,8,2048,0,2048,8,4,4
chunked_256_p4,2548,2048,1443,8052079,77515,11750349,102682,44015241,0,44377551,14978,10864359,986068,9756814,236823,8,2048,0,2048,8,4,4
chunked_256_p4,2549,2048,2425,7821938,96410,12437508,91861,48203261,0,48516488,10930,10629679,1122343,9346304,256550,8,2048,0,2048,8,4,4
chunked_256_p4,2550,2048,1663,8336663,81914,12601624,84998,45981166,0,46229610,10830,10739525,996989,9614647,263183,8,2048,0,2048,8,4,4
chunked_256_p4,2551,2048,1553,8789361,75712,12447777,88677,46311567,0,46559930,9478,10286797,1016334,9147021,245971,8,2048,0,2048,8,4,4
chunked_256_p4,2552,2048,1463,8507232,105477,12528037,77895,46388348,0,46672490,13526,10623528,1237499,9244834,237796,8,2048,0,2048,8,4,4
chunked_256_p4,2553,2048,2635,7578722,104045,12732580,479057,44555664,0,45260657,12524,10319368,989374,9200220,278212,8,2048,0,2048,8,4,4
chunked_256_p4,2554,2048,2084,8108635,96952,12457855,99334,44947568,0,45221722,12253,10515646,986810,9392130,248646,8,2048,0,2048,8,4,4
chunked_256_p4,2555,2048,2354,8060445,83847,13508745,87833,50378167,0,51320952,14857,10640129,1011245,9491186,253866,8,2048,0,2048,8,4,4
chunked_256_p4,2556,2048,1744,8098486,78858,11413187,66283,42236359,0,42518806,10509,10229208,990636,9136652,242314,8,2048,0,2048,8,4,4
chunked_256_p4,2557,2048,1814,7399196,87935,11721886,84787,42856852,0,43140641,10950,10226924,973484,9161458,246022,8,2048,0,2048,8,4,4
chunked_256_p4,2558,2048,1643,8218642,84728,12762957,88827,48156325,0,48502479,12022,10317935,1023318,9200131,255770,8,2048,0,2048,8,4,4
chunked_256_p4,2559,2048,2204,7770802,119094,10504736,66776,40426149,0,40776783,14707,10417572,965209,9349790,250560,8,2048,0,2048,8,4,4
chunked_256_p4,2560,2048,1442,8456147,111640,12451313,89818,44685508,0,44950414,12964,10660197,1019731,9531091,251221,8,2048,0,2048,8,4,4
chunked_256_p4,2561,2048,1603,8187032,86081,11553911,70792,42909281,0,43245890,12323,10703067,1052433,9542141,264135,8,2048,0,2048,8,4,4
chunked_256_p4,2562,2048,1834,7916345,84108,11188396,79210,42571046,0,42855460,13214,11604716,1293935,10173855,247334,8,2048,0,2048,8,4,4
chunked_256_p4,2563,2048,1793,7186107,87955,11148611,74138,43174035,0,43562953,15048,11234753,991738,10125043,240641,8,2048,0,2048,8,4,4
chunked_256_p4,2564,2048,1713,7465951,101260,11964000,75462,44119297,0,44428006,10730,11056489,1007969,9929969,247244,8,2048,0,2048,8,4,4
chunked_256_p4,2565,2048,2645,8184657,116288,11283534,82193,41738416,0,42178139,11411,10958746,996889,9810334,244147,8,2048,0,2048,8,4,4
chunked_256_p4,2566,2048,3036,6864163,90820,11480774,76583,42609728,0,42935579,10160,11185200,1161056,9896996,238908,8,2048,0,2048,8,4,4
chunked_256_p4,2567,2048,1563,7772666,82465,11044356,76204,42385228,0,42633655,16110,11401956,1076978,10202770,262962,8,2048,0,2048,8,4,4
chunked_256_p4,2568,2048,1763,8374924,87414,11922462,70604,45521364,0,45888343,9338,10848129,970108,9762204,255800,8,2048,0,2048,8,4,4
chunked_256_p4,2569,2048,1502,8165572,88085,11987995,78468,44121448,0,44406917,12473,10862596,976069,9769538,238767,8,2048,0,2048,8,4,4
chunked_256_p4,2570,2048,2194,6681601,81203,11550014,78961,43730527,0,44072621,12193,11017827,1070636,9833217,239639,8,2048,0,2048,8,4,4
chunked_256_p4,2571,2048,1783,6022917,90510,11933142,69920,43830814,0,44168159,10509,10686305,997098,9564984,252694,8,2048,0,2048,8,4,4
chunked_256_p4,2572,2048,1743,7452787,113783,12905494,78916,47329193,0,47584900,12944,10960229,990175,9822897,270417,8,2048,0,2048,8,4,4
chunked_256_p4,2573,2048,1784,7587037,82354,12492731,77747,45856374,0,46115698,12544,12024634,1028467,10813975,418835,8,2048,0,2048,8,4,4
chunked_256_p4,2574,2048,2224,8011713,81061,12603799,95389,45100786,0,45367035,10550,10879738,995746,9765320,238157,8,2048,0,2048,8,4,4
chunked_256_p4,2575,2048,1863,7921474,81343,10656830,86343,41315142,0,41680307,13285,10756668,1012548,9622993,232676,8,2048,0,2048,8,4,4
chunked_256_p4,2576,2048,2204,6890633,81853,12337279,78258,44610116,0,44897445,11001,11024529,972142,9946439,247774,8,2048,0,2048,8,4,4
chunked_256_p4,2577,2048,1664,8353393,73808,10842609,77478,41058642,0,41370296,15439,11047382,985927,9946840,239699,8,2048,0,2048,8,4,4
chunked_256_p4,2578,2048,2525,7286715,126688,10835425,76764,41094999,0,41454284,16150,10875420,981239,9779366,287789,8,2048,0,2048,8,4,4
chunked_256_p4,2579,2048,1813,8357161,81373,11315334,77154,42024953,0,42470505,13405,11155715,1140387,9891997,233798,8,2048,0,2048,8,4,4
chunked_256_p4,2580,2048,3186,7398254,84458,11621878,71123,43145042,0,43444383,12333,11267935,1210839,9932764,246021,8,2048,0,2048,8,4,4
chunked_256_p4,2581,2048,2044,6748837,77295,11609946,68807,43172341,0,43448008,14717,10887051,975418,9795717,244297,8,2048,0,2048,8,4,4
chunked_256_p4,2582,2048,1883,7421808,70863,12321159,79007,44977304,0,45269894,11833,11082368,1081256,9890414,245080,8,2048,0,2048,8,4,4
chunked_256_p4,2583,2048,1974,7501918,78778,12206865,86423,46302078,0,46581202,11892,11101073,974487,10023443,241663,8,2048,0,2048,8,4,4
chunked_256_p4,2584,2048,2244,7803774,71764,12294559,77705,45620009,0,45861029,11983,11238901,979055,10149059,253856,8,2048,0,2048,8,4,4
chunked_256_p4,2585,2048,2064,7882581,75962,11618001,61395,42755251,0,43015098,10199,11392980,977121,10313116,247083,8,2048,0,2048,8,4,4
chunked_256_p4,2586,2048,1853,8279365,79038,11790775,72358,43435636,0,43745507,14137,11591963,977381,10471413,255929,8,2048,0,2048,8,4,4
chunked_256_p4,2587,2048,1563,8268996,72366,11771188,77065,43138901,0,43384529,15749,11149513,977703,10042880,273212,8,2048,0,2048,8,4,4
chunked_256_p4,2588,2048,1884,7434612,71845,10775283,62918,41528100,0,41831419,9859,11164231,973023,10091341,253815,8,2048,0,2048,8,4,4
chunked_256_p4,2589,2048,2094,7955758,87454,11400704,89559,42251528,0,42518787,10690,11051570,983033,9957640,241111,8,2048,0,2048,8,4,4
chunked_256_p4,2590,2048,1663,7711962,74440,11566134,71216,44458833,0,44760350,9187,10679994,973254,9612955,256090,8,2048,0,2048,8,4,4
chunked_256_p4,2591,2048,1543,7621823,77806,13395362,90549,45578070,0,45842205,12484,10727824,969948,9660483,246893,8,2048,0,2048,8,4,4
chunked_256_p4,2592,2048,1984,8394451,78357,11062500,85169,42900043,0,43209410,9898,10824214,985777,9750823,234449,8,2048,0,2048,8,4,4
chunked_256_p4,2593,2048,1794,7824623,98815,10807883,69030,41526067,0,41788588,12774,10835435,971922,9762755,247333,8,2048,0,2048,8,4,4
chunked_256_p4,2594,2048,1914,7666066,75160,12388074,80169,44589006,0,44935837,11160,10897431,948718,9796308,253044,8,2048,0,2048,8,4,4
chunked_256_p4,2595,2048,1553,9077040,81272,11753886,86242,44583336,0,44859002,9818,11214726,965038,10147616,249537,8,2048,0,2048,8,4,4
chunked_256_p4,2596,2048,1372,7956660,106630,12287406,86422,44974421,0,45236230,11561,10915545,969517,9841703,239058,8,2048,0,2048,8,4,4
chunked_256_p4,2597,2048,1413,8300575,81443,12645257,89659,46876876,0,47231419,11321,10875951,1067671,9704777,234509,8,2048,0,2048,8,4,4
chunked_256_p4,2598,2048,2074,7546872,83777,12755232,76324,48408083,0,48671449,11873,10581199,979486,9499611,241563,8,2048,0,2048,8,4,4
chunked_256_p4,2599,2048,1373,8227928,80220,11657144,67367,45048238,0,45348290,11421,11049285,1011615,9886086,238998,8,2048,0,2048,8,4,4
chunked_256_p4,2600,2048,2625,7581808,83817,13104697,92353,45427649,0,45811457,15870,11038606,1032274,9905433,246993,8,2048,0,2048,8,4,4
chunked_256_p4,2601,2048,2825,7931574,88506,12570076,89788,45189902,0,45475719,13184,10965629,1012838,9839028,249227,8,2048,0,2048,8,4,4
chunked_256_p4,2602,2048,2014,7719005,76183,12219850,78076,46302197,0,46545573,9928,11039417,982812,9948773,254247,8,2048,0,2048,8,4,4
chunked_256_p4,2603,2048,1764,8957556,71183,11582575,85790,44697912,0,45031174,13706,10556472,969487,9484333,248095,8,2048,0,2048,8,4,4
chunked_256_p4,2604,2048,1974,7915102,74129,11846440,81403,45817028,0,46118486,14578,10522338,977131,9446712,245931,8,2048,0,2048,8,4,4
chunked_256_p4,2605,2048,1683,9083722,73508,11598435,70039,44392911,0,44631073,8025,10745817,973344,9665723,245560,8,2048,0,2048,8,4,4
chunked_256_p4,2606,2048,2004,6782500,79609,12179243,70893,45507129,0,45749141,13144,10635450,1007738,9510742,231804,8,2048,0,2048,8,4,4
chunked_256_p4,2607,2048,2325,7005137,81552,12312002,81181,45244426,0,45558131,17152,10399117,978795,9307642,247274,8,2048,0,2048,8,4,4
chunked_256_p4,2608,2048,1462,7040855,78978,10639919,77204,41288161,0,41622387,13125,10901589,981209,9822727,243156,8,2048,0,2048,8,4,4
chunked_256_p4,2609,2048,1493,7296774,73578,11126520,76005,42151670,0,42427978,12494,10823413,985166,9713352,303048,8,2048,0,2048,8,4,4
chunked_256_p4,2610,2048,1503,7204361,76203,13009640,82124,47243469,0,47508067,18214,10964116,1058553,9773205,233819,8,2048,0,2048,8,4,4
chunked_256_p4,2611,2048,2645,7144178,75432,12255106,76062,43961582,0,44272716,10439,10955770,967333,9885745,247564,8,2048,0,2048,8,4,4
chunked_256_p4,2612,2048,2565,7087351,68759,12161890,83496,44692601,0,44965834,14006,10859640,1022226,9731536,251631,8,2048,0,2048,8,4,4
chunked_256_p4,2613,2048,1433,7335937,70763,13137279,79299,49201661,0,49462440,9007,10626073,997029,9525731,277480,8,2048,0,2048,8,4,4
chunked_256_p4,2614,2048,2494,7231301,72425,12052916,84200,43484157,0,43800359,15760,10556763,991528,9459696,286718,8,2048,0,2048,8,4,4
chunked_256_p4,2615,2048,2033,7571018,75381,11544083,101029,43533237,0,43819406,12463,10952504,1012177,9826294,245159,8,2048,0,2048,8,4,4
chunked_256_p4,2616,2048,1804,7986125,82454,13587191,86382,47701601,0,48041337,13806,11411624,1000545,10265577,270236,8,2048,0,2048,8,4,4
chunked_256_p4,2617,2048,2555,9012619,69000,12410156,80122,45359643,0,45709149,12493,11185311,1010313,10055303,256130,8,2048,0,2048,8,4,4
chunked_256_p4,2618,2048,1993,8647916,75131,13638277,79199,51194156,0,51629081,13445,11182756,979295,10079148,241713,8,2048,0,2048,8,4,4
chunked_256_p4,2619,2048,1993,8437361,76103,13587803,91763,51016222,0,51350559,10970,6419059,1059926,5263444,252253,8,2048,0,2048,8,4,4
chunked_256_p4,2620,2048,2364,9016907,70121,13166553,96753,45562881,0,45872764,10660,6830140,1146148,5595536,241112,8,2048,0,2048,8,4,4
chunked_256_p4,2621,2048,1443,9456050,70883,11746022,71784,43625182,0,44147981,13485,6829598,1039468,5682759,253245,8,2048,0,2048,8,4,4
chunked_256_p4,2622,2048,2264,8242506,82735,13654357,89038,51252404,0,51592942,13254,7296844,1176003,6003570,249998,8,2048,0,2048,8,4,4
chunked_256_p4,2623,2048,1513,11083090,72816,12852394,97060,46976241,0,47273125,12673,8686738,1098769,7467254,239048,8,2048,0,2048,8,4,4
chunked_256_p4,2624,2048,1603,9017699,75040,11464524,91221,43862797,0,44121412,14778,7888132,1026112,6727517,240049,8,2048,0,2048,8,4,4
chunked_256_p4,2625,2048,1453,8841479,73347,11728448,96641,45272298,0,45586836,10801,8326594,982070,7229017,259216,8,2048,0,2048,8,4,4
chunked_256_p4,2626,2048,2294,8105189,69501,13580870,88577,51709840,0,51991749,11842,8072678,985167,6961746,237285,8,2048,0,2048,8,4,4
chunked_256_p4,2627,2048,2084,6747064,67106,15449932,87686,53210543,0,53508924,12303,8357431,974516,7245257,249938,8,2048,0,2048,8,4,4
chunked_256_p4,2628,2048,1513,35234127,73508,16231426,88797,63411349,0,63713818,12353,8237226,984615,7144739,285775,8,2048,0,2048,8,4,4
chunked_256_p4,2629,2048,4088,8481303,71744,13750918,85469,53307405,0,53700901,9809,7869227,998371,6785586,256461,8,2048,0,2048,8,4,4
chunked_256_p4,2630,2048,2294,7256328,68989,16571204,84197,61505277,0,61904054,14898,8190869,973564,7019694,394229,8,2048,0,2048,8,4,4
chunked_256_p4,2631,2048,2224,9249643,68869,16703031,87302,59933502,0,60211762,13565,8395041,984335,7286224,240420,8,2048,0,2048,8,4,4
chunked_256_p4,2632,2048,1963,8360437,77365,14153042,117029,54795553,0,55264933,15289,8604805,989414,7487922,239339,8,2048,0,2048,8,4,4
chunked_256_p4,2633,2048,1483,7405517,91051,14907826,86461,57332529,0,57596845,16852,8435498,1008630,7278820,240050,8,2048,0,2048,8,4,4
chunked_256_p4,2634,2048,1523,7521374,71194,15265737,88795,58503863,0,58816038,10801,8404560,1013860,7257360,235201,8,2048,0,2048,8,4,4
chunked_256_p4,2635,2048,2104,9019632,111519,13888616,92694,53452096,0,53886921,16772,8641915,1016155,7503872,239699,8,2048,0,2048,8,4,4
chunked_256_p4,2636,2048,1613,8738255,75511,15135433,82062,56751348,0,57029520,23124,8781887,1129646,7525492,266159,8,2048,0,2048,8,4,4
chunked_256_p4,2637,2048,1914,10178274,70592,14290971,90739,55527114,0,55851371,12994,8592342,1054376,7448158,241112,8,2048,0,2048,8,4,4
chunked_256_p4,2638,2048,1463,10153267,98795,14720997,84259,56442410,0,56749666,11922,8743415,976740,7654764,249508,8,2048,0,2048,8,4,4
chunked_256_p4,2639,2048,1904,8689704,74690,16100211,81433,58120746,0,58478275,14046,9314405,981890,8199315,233988,8,2048,0,2048,8,4,4
chunked_256_p4,2640,2048,1603,8441179,72426,14768115,85088,55622805,0,56024137,11502,9414092,976620,8352391,233006,8,2048,0,2048,8,4,4
chunked_256_p4,2641,2048,2634,8882124,89829,16168539,93356,57789404,0,58132286,15239,9643091,1039758,8489318,237645,8,2048,0,2048,8,4,4
chunked_256_p4,2642,2048,2645,9710306,79258,15283791,102571,57999408,0,58321622,13044,9317140,992720,8220144,242254,8,2048,0,2048,8,4,4
chunked_256_p4,2643,2048,1543,8920517,104606,15160460,83634,56877415,0,57305386,9618,9033438,987791,7960627,256721,8,2048,0,2048,8,4,4
chunked_256_p4,2644,2048,1583,10844863,81573,15778218,94117,58520696,0,58889075,11000,8868429,1000926,7784207,246612,8,2048,0,2048,8,4,4
chunked_256_p4,2645,2048,2414,8281600,71433,15191387,83316,56280697,0,56594005,11151,9922704,1071729,8723898,247835,8,2048,0,2048,8,4,4
chunked_256_p4,2646,2048,1934,9040381,72485,14897718,96480,56096941,0,56374481,13035,8814007,970890,7756385,242535,8,2048,0,2048,8,4,4
chunked_256_p4,2647,2048,2635,10355295,76393,14488080,98783,55796419,0,56110967,14627,9982396,1972566,7918018,257993,8,2048,0,2048,8,4,4
chunked_256_p4,2648,2048,1723,8840597,73758,15776724,88666,59483470,0,59806973,12844,9267046,975408,8198042,247705,8,2048,0,2048,8,4,4
chunked_256_p4,2649,2048,1403,9265282,70432,14902225,81212,56409688,0,56673931,9758,9128476,981900,8057359,253095,8,2048,0,2048,8,4,4
chunked_256_p4,2650,2048,1673,9580333,73668,16751161,81442,57964361,0,58262871,11842,10838180,983883,9741424,236684,8,2048,0,2048,8,4,4
chunked_256_p4,2651,2048,2194,9268178,71674,14601693,91432,56279606,0,56575961,14607,9325295,977812,8255400,259146,8,2048,0,2048,8,4,4
chunked_256_p4,2652,2048,1904,8991720,75862,15077324,89217,56316514,0,56588353,11321,9334122,987200,8251704,257382,8,2048,0,2048,8,4,4
chunked_256_p4,2653,2048,2084,9571917,78597,14967809,109606,55634965,0,55979343,9588,9492769,989194,8403758,235261,8,2048,0,2048,8,4,4
chunked_256_p4,2654,2048,1673,8220445,78557,14993868,81222,56598272,0,56857478,14357,9407499,980427,8322636,248516,8,2048,0,2048,8,4,4
chunked_256_p4,2655,2048,1402,8555473,79008,15182542,92524,56415629,0,56722315,9458,9348659,969937,8275378,250279,8,2048,0,2048,8,4,4
chunked_256_p4,2656,2048,1543,8948780,132338,15235080,96952,57807740,0,58179425,15098,9614678,1021454,8478479,239949,8,2048,0,2048,8,4,4
chunked_256_p4,2657,2048,1663,8479380,83907,16399642,104836,58761446,0,59144793,13325,9291261,977462,8209314,245701,8,2048,0,2048,8,4,4
chunked_256_p4,2658,2048,2334,7850121,93795,14302692,86311,54904788,0,55170104,13145,9255785,1022156,8126809,266961,8,2048,0,2048,8,4,4
chunked_256_p4,2659,2048,2625,8948148,88586,17362126,106219,59780936,0,60098120,14467,9797520,1008911,8684274,293790,8,2048,0,2048,8,4,4
chunked_256_p4,2660,2048,2395,8660760,132168,13883697,93625,52510583,0,52915149,16641,9457723,987119,8362801,244258,8,2048,0,2048,8,4,4
chunked_256_p4,2661,2048,2605,8921248,135775,14641688,93026,54394953,0,54757374,11501,10935843,975728,9864245,266419,8,2048,0,2048,8,4,4
chunked_256_p4,2662,2048,2905,9137252,83586,14712431,88105,55406097,0,55769729,16130,9679770,987551,8591911,243596,8,2048,0,2048,8,4,4
chunked_256_p4,2663,2048,1312,7627473,73958,14861891,83005,57260935,0,57569450,14688,9868042,987691,8759154,248907,8,2048,0,2048,8,4,4
chunked_256_p4,2664,2048,2004,8130897,74600,17204250,101477,61171020,0,61498253,12203,9794775,1014872,8657754,249428,8,2048,0,2048,8,4,4
chunked_256_p4,2665,2048,1754,9894281,71434,15856995,89978,57922584,0,58225310,12604,11421774,1287643,9991012,249798,8,2048,0,2048,8,4,4
chunked_256_p4,2666,2048,1943,10345086,94777,17547362,95690,64460285,0,64756381,18084,11312379,1183668,9980132,236262,8,2048,0,2048,8,4,4
chunked_256_p4,2667,2048,1723,128087839,72596,15448590,91500,57295228,0,57626708,19086,11048584,1480173,9451812,244198,8,2048,0,2048,8,4,4
chunked_256_p4,2668,2048,1392,8106922,66825,15514663,84258,58342770,0,58635480,12925,9946019,980136,8861125,239368,8,2048,0,2048,8,4,4
chunked_256_p4,2669,2048,2585,10736189,115035,15776675,96801,57329740,0,57649291,11782,10128972,967362,9056251,277069,8,2048,0,2048,8,4,4
chunked_256_p4,2670,2048,2084,8664016,118082,14989890,91841,57330804,0,57621329,11351,10128230,989935,9034059,237845,8,2048,0,2048,8,4,4
chunked_256_p4,2671,2048,1764,8742152,118753,13947527,86261,53056253,0,53503323,10750,9632000,1017958,8490981,323646,8,2048,0,2048,8,4,4
chunked_256_p4,2672,2048,3216,10386964,71714,14065969,85650,54262213,0,54555424,13365,9654132,985236,8569569,274684,8,2048,0,2048,8,4,4
chunked_256_p4,2673,2048,2494,8415591,173224,15183182,82626,56783159,0,57059266,9819,9431675,981459,8358053,261460,8,2048,0,2048,8,4,4
chunked_256_p4,2674,2048,1864,8691617,65874,15623438,90581,57080595,0,57353120,10409,9928205,1015272,8798478,252603,8,2048,0,2048,8,4,4
chunked_256_p4,2675,2048,1503,8407625,81914,13888557,90718,53973591,0,54230583,15219,15533409,992259,14424702,246232,8,2048,0,2048,8,4,4
chunked_256_p4,2676,2048,1483,8919635,66995,14258840,88676,54707798,0,55007289,15309,9892979,1161467,8631765,242906,8,2048,0,2048,8,4,4
chunked_256_p4,2677,2048,1563,10426028,115527,15889125,97415,59241837,0,59531659,11822,10164337,1296790,8753624,240802,8,2048,0,2048,8,4,4
chunked_256_p4,2678,2048,1994,8574719,80671,14827265,93674,55164102,0,55516135,11882,10098113,964948,9022677,262362,8,2048,0,2048,8,4,4
chunked_256_p4,2679,2048,1362,8669136,69601,14878672,91794,55909050,0,56254148,10490,10137938,979255,9025483,244739,8,2048,0,2048,8,4,4
chunked_256_p4,2680,2048,2515,8049634,68369,15608279,91992,55133657,0,55475076,16732,10100438,1224595,8754896,256591,8,2048,0,2048,8,4,4
chunked_256_p4,2681,2048,1693,7829051,69961,16413197,90490,59299031,0,59590780,13314,9945266,1065126,8766448,240340,8,2048,0,2048,8,4,4
chunked_256_p4,2682,2048,1343,6774836,68168,14278717,77315,54958308,0,55349031,10119,10336731,994503,9228734,247614,8,2048,0,2048,8,4,4
chunked_256_p4,2683,2048,1553,8099819,111839,14228363,90491,54204618,0,54492606,12584,10131275,1054386,8962225,260858,8,2048,0,2048,8,4,4
chunked_256_p4,2684,2048,1473,8183856,73568,14486156,85918,55273148,0,55598839,12043,9722159,985216,8630834,270668,8,2048,0,2048,8,4,4
chunked_256_p4,2685,2048,1764,11938522,74219,15527588,106068,58354162,0,58742048,10539,9969201,987861,8862839,245931,8,2048,0,2048,8,4,4
chunked_256_p4,2686,2048,2595,8817213,73628,14493189,81763,54137350,0,54488638,20338,10010660,995315,8895139,273392,8,2048,0,2048,8,4,4
chunked_256_p4,2687,2048,2554,9521273,70593,14932954,90681,54508935,0,54788399,11021,10070321,970379,8986810,247063,8,2048,0,2048,8,4,4
chunked_256_p4,2688,2048,1723,9976696,70473,15983662,94337,59832522,0,60169024,22712,9943573,1099340,8724730,243205,8,2048,0,2048,8,4,4
chunked_256_p4,2689,2048,2284,9755161,80802,15446146,92663,54901061,0,55240888,12864,9848976,978093,8773912,267652,8,2048,0,2048,8,4,4
chunked_256_p4,2690,2048,2254,9763396,120185,14275371,81662,52894561,0,53240580,11512,9854878,970859,8775675,247303,8,2048,0,2048,8,4,4
chunked_256_p4,2691,2048,1874,9433267,80531,14378394,87963,55164404,0,55467963,8666,10324758,984084,9220288,254226,8,2048,0,2048,8,4,4
chunked_256_p4,2692,2048,1874,9437305,73638,15100828,85782,55560547,0,55827318,11341,10199453,985497,9120371,247404,8,2048,0,2048,8,4,4
chunked_256_p4,2693,2048,1583,11052341,77636,15591467,93033,56895388,0,57179612,9768,10461755,990026,9365450,243887,8,2048,0,2048,8,4,4
chunked_256_p4,2694,2048,2374,10038140,79600,15450293,86754,56332265,0,56620832,10861,11043205,964347,9959193,268523,8,2048,0,2048,8,4,4
chunked_256_p4,2695,2048,2545,9576626,85260,14819200,83587,55160847,0,55482782,13515,10578654,990847,9450129,245690,8,2048,0,2048,8,4,4
chunked_256_p4,2696,2048,1844,9999238,87434,14083361,104326,53335266,0,53878196,11051,10633847,994954,9512045,239559,8,2048,0,2048,8,4,4
chunked_256_p4,2697,2048,1754,10284532,95409,15722443,89669,57269229,0,57605251,10300,10730257,1479182,9117626,250269,8,2048,0,2048,8,4,4
chunked_256_p4,2698,2048,2415,10087263,96470,14905122,95330,56509977,0,56852550,11922,10550201,969367,9445140,283621,8,2048,0,2048,8,4,4
chunked_256_p4,2699,2048,2194,10114624,89988,14970143,86492,55554336,0,55928756,10840,10966411,969336,9865057,235000,8,2048,0,2048,8,4,4
chunked_256_p4,2700,2048,1483,9413350,118171,16228682,108995,60005177,0,60300401,14297,10570278,1051861,9394986,249238,8,2048,0,2048,8,4,4
chunked_256_p4,2701,2048,1363,130446760,138580,15996286,103065,60661385,0,61068050,11712,10883806,985416,9764578,244919,8,2048,0,2048,8,4,4
chunked_256_p4,2702,2048,1943,8798558,123040,14216341,104835,54592142,0,54947686,17483,10412052,988643,9303985,253124,8,2048,0,2048,8,4,4
chunked_256_p4,2703,2048,2605,10042489,90380,15127789,83298,58183833,0,58539472,11652,11697841,1055177,10498123,273653,8,2048,0,2048,8,4,4
chunked_256_p4,2704,2048,1593,9647068,76593,14598387,95269,56770405,0,57094293,10520,10710521,990546,9575875,237255,8,2048,0,2048,8,4,4
chunked_256_p4,2705,2048,1823,9481047,87924,14416967,99727,56010801,0,56432991,9217,10466624,963195,9402760,252824,8,2048,0,2048,8,4,4
chunked_256_p4,2706,2048,1904,17242562,82555,16156436,112000,59589137,0,59985039,17883,11020131,970708,9914689,238687,8,2048,0,2048,8,4,4
chunked_256_p4,2707,2048,1874,8889137,85811,15617145,99816,58014779,0,58451975,9899,10347391,997299,9212534,260338,8,2048,0,2048,8,4,4
chunked_256_p4,2708,2048,1533,10686666,155471,14847042,92222,55732418,0,56085170,12714,10704540,991679,9587166,293260,8,2048,0,2048,8,4,4
chunked_256_p4,2709,2048,2044,7833379,86482,16642517,80951,59580982,0,59914294,29295,11163099,1003691,10007353,266550,8,2048,0,2048,8,4,4
chunked_256_p4,2710,2048,1623,7539328,76854,15503814,82306,57868201,0,58255277,9668,10948236,970318,9851621,241662,8,2048,0,2048,8,4,4
chunked_256_p4,2711,2048,1723,8605847,95870,17478875,105769,61076153,0,61461887,13675,10538639,1072380,9333520,250930,8,2048,0,2048,8,4,4
chunked_256_p4,2712,2048,1803,8483137,86202,15193241,81685,57147282,0,57418610,14247,10423683,1004242,9283396,255529,8,2048,0,2048,8,4,4
chunked_256_p4,2713,2048,2855,9294708,88105,15937035,65283,59238630,0,59455546,11912,11003109,999873,9855919,242585,8,2048,0,2048,8,4,4
chunked_256_p4,2714,2048,1663,9173912,109255,14395036,105117,55999539,0,56397496,10971,10755155,1128826,9505793,309059,8,2048,0,2048,8,4,4
chunked_256_p4,2715,2048,2014,9358037,93606,15274404,106349,56722745,0,57062943,11541,10412582,985878,9327529,253125,8,2048,0,2048,8,4,4
chunked_256_p4,2716,2048,2284,8830077,120716,16216939,83256,55846324,0,56126035,13496,12423871,1110461,11129406,317215,8,2048,0,2048,8,4,4
chunked_256_p4,2717,2048,2455,10133790,132689,15854460,77607,59025222,0,59431542,13695,10595735,976780,9501956,250088,8,2048,0,2048,8,4,4
chunked_256_p4,2718,2048,2184,8973476,127519,16766359,84047,57286724,0,57587686,14908,10587370,991528,9479845,254848,8,2048,0,2048,8,4,4
chunked_256_p4,2719,2048,1262,8755046,79148,14784665,98917,56170531,0,56496964,18094,10829133,989314,9736235,264816,8,2048,0,2048,8,4,4
chunked_256_p4,2720,2048,1583,8607009,91201,14734392,88776,53013063,0,53459461,15399,10638837,997188,9527414,247594,8,2048,0,2048,8,4,4
chunked_256_p4,2721,2048,1783,9222291,74420,15072295,82422,55686954,0,55968671,11161,10345958,971551,9268749,247063,8,2048,0,2048,8,4,4
chunked_256_p4,2722,2048,2525,9742236,71724,15681577,85582,57512306,0,57823940,12764,11184800,971140,10091842,251932,8,2048,0,2048,8,4,4
chunked_256_p4,2723,2048,1593,9605350,75160,14067552,77063,54788943,0,55187348,10079,10962944,975869,9877299,240992,8,2048,0,2048,8,4,4
chunked_256_p4,2724,2048,1814,9688165,70061,15253694,87484,57244652,0,57531259,11632,11337676,1025271,10174076,270256,8,2048,0,2048,8,4,4
chunked_256_p4,2725,2048,2675,9127184,77555,15675895,83225,58800417,0,59066709,12413,10568715,976840,9481588,241012,8,2048,0,2048,8,4,4
chunked_256_p4,2726,2048,2194,10460072,85520,17988600,89106,64866147,0,65166959,16000,12290101,1469584,10685734,247644,8,2048,0,2048,8,4,4
chunked_256_p4,2727,2048,1843,11062220,97363,16272744,103914,61807665,0,62110814,37841,11538112,1429710,9963501,245741,8,2048,0,2048,8,4,4
chunked_256_p4,2728,2048,1653,11376509,89267,16290898,111098,59912182,0,60220641,13035,133934936,1343347,132425688,247093,8,2048,0,2048,8,4,4
chunked_256_p4,2729,2048,1302,8205136,127419,16078931,98954,60278947,0,60623615,13575,10981198,966952,9893540,245520,8,2048,0,2048,8,4,4
chunked_256_p4,2730,2048,1503,8379463,73267,14811226,121245,55185503,0,55517876,17593,10857176,980447,9748388,285425,8,2048,0,2048,8,4,4
chunked_256_p4,2731,2048,2425,9726356,69210,14398542,83574,53699770,0,53991356,11431,11337716,991668,10222967,236523,8,2048,0,2048,8,4,4
chunked_256_p4,2732,2048,1703,8972935,67887,16250793,102853,58687647,0,59004733,14126,10961070,992670,9855869,244338,8,2048,0,2048,8,4,4
chunked_256_p4,2733,2048,1694,9717049,74369,14782661,90448,54905199,0,55183029,11622,10833521,1019530,9715856,250931,8,2048,0,2048,8,4,4
chunked_256_p4,2734,2048,1482,10130514,76734,15508973,93165,58141302,0,58412913,14267,12575246,1347455,11078070,244979,8,2048,0,2048,8,4,4
chunked_256_p4,2735,2048,2063,7544678,91932,16263788,94566,60395689,0,60725535,12884,10832109,976310,9716127,245230,8,2048,0,2048,8,4,4
chunked_256_p4,2736,2048,2555,8748013,88846,16192684,87895,61632126,0,61963958,15840,11732436,1142901,10431848,245681,8,2048,0,2048,8,4,4
chunked_256_p4,2737,2048,1914,7968001,88546,15224580,93372,58120274,0,58470559,11742,19058865,972722,17959204,251782,8,2048,0,2048,8,4,4
chunked_256_p4,2738,2048,2444,7596676,103574,15406391,96361,58720779,0,59043394,13445,11691309,1124126,10428362,244538,8,2048,0,2048,8,4,4
chunked_256_p4,2739,2048,1864,8715051,79068,16254520,89646,60265576,0,60587666,14056,11677623,1102156,10453078,244027,8,2048,0,2048,8,4,4
chunked_256_p4,2740,2048,2154,8825579,79369,15033272,88274,58439464,0,58797952,11902,11963960,1122353,10703598,240290,8,2048,0,2048,8,4,4
chunked_256_p4,2741,2048,1583,10088796,81022,16857530,113833,64028305,0,64335479,10701,11932390,1104920,10718346,256170,8,2048,0,2048,8,4,4
chunked_256_p4,2742,2048,3597,10077765,79549,17642952,96572,63986367,0,64314624,13425,10926285,1146358,9629295,252122,8,2048,0,2048,8,4,4
chunked_256_p4,2743,2048,2054,10321131,78177,14558813,99788,56753382,0,57024551,18835,11871556,1144304,10596667,228388,8,2048,0,2048,8,4,4
chunked_256_p4,2744,2048,1523,9217593,69841,18130456,83566,65390141,0,65683577,19787,11904028,1106313,10663763,238366,8,2048,0,2048,8,4,4
chunked_256_p4,2745,2048,1573,9603636,75772,15024856,90971,57450982,0,57763236,27902,12023431,1116823,10770063,248746,8,2048,0,2048,8,4,4
chunked_256_p4,2746,2048,1503,8478168,115967,15959898,98234,60395520,0,60716307,18484,12502950,1122563,11211540,379691,8,2048,0,2048,8,4,4
chunked_256_p4,2747,2048,1943,10218299,97623,17193720,95750,63542594,0,63860972,15840,12601715,1118506,11352443,257784,8,2048,0,2048,8,4,4
chunked_256_p4,2748,2048,2235,10267801,111168,16612471,103165,62087768,0,62391649,20419,12331559,1102115,11090062,245220,8,2048,0,2048,8,4,4
chunked_256_p4,2749,2048,2434,10811920,89067,15461313,100118,59393579,0,59714342,12333,11506141,1058443,10324477,243285,8,2048,0,2048,8,4,4
chunked_256_p4,2750,2048,1583,10838180,82975,16683865,100679,62847612,0,63173404,12013,12259965,1184781,10942425,279384,8,2048,0,2048,8,4,4
chunked_256_p4,2751,2048,2765,9649172,80441,15843850,93849,59660690,0,59968339,18254,12633624,1122644,11374976,259766,8,2048,0,2048,8,4,4
chunked_256_p4,2752,2048,1934,9753818,111840,16821793,88554,65549516,0,65957290,10801,11253348,970368,10168746,256170,8,2048,0,2048,8,4,4
chunked_256_p4,2753,2048,2294,10072947,170399,18673994,100758,66976780,0,67322378,11371,128376700,1050258,127175750,241954,8,2048,0,2048,8,4,4
chunked_256_p4,2754,2048,1723,10061845,72957,15772056,95810,59787086,0,60104372,10670,7545510,1297662,6142601,245179,8,2048,0,2048,8,4,4
chunked_256_p4,2755,2048,1513,8253186,68098,18232938,104857,69457879,0,69788471,10650,6725433,975428,5659957,212999,8,2048,0,2048,8,4,4
chunked_256_p4,2756,2048,2745,10395591,117771,18928842,112529,70299407,0,70611750,15820,8092485,1144746,6844736,247524,8,2048,0,2048,8,4,4
chunked_256_p4,2757,2048,1854,11870164,137778,16287341,93234,61658284,0,61973334,12433,33198261,1562969,31497885,275877,8,2048,0,2048,8,4,4
chunked_256_p4,2758,2048,2484,13068670,85631,18376066,96411,67913676,0,68494115,15559,8934583,1088190,7737880,244799,8,2048,0,2048,8,4,4
chunked_256_p4,2759,2048,1633,11716526,96782,19049368,85991,70973279,0,71323116,11181,8088227,1075155,6894931,241512,8,2048,0,2048,8,4,4
chunked_256_p4,2760,2048,1593,9878332,92824,18502382,92854,68689561,0,68964947,16882,9226269,1123736,7978431,243436,8,2048,0,2048,8,4,4
chunked_256_p4,2761,2048,1804,9819130,89117,18297448,94366,67279608,0,67613412,14357,9056852,1115260,7788265,304812,8,2048,0,2048,8,4,4
chunked_256_p4,2762,2048,1583,10290414,86052,19938664,109156,73667146,0,74008478,15589,49002317,1120880,47721437,245771,8,2048,0,2048,8,4,4
chunked_256_p4,2763,2048,1954,4183209,67998,7504573,75971,27785158,0,28019426,10980,8258897,1032495,7122698,252423,8,2048,0,2048,8,4,4
chunked_256_p4,2764,2048,2365,4090565,65373,7397392,81454,26620917,0,26953419,9968,7665184,1071879,6524537,228208,8,2048,0,2048,8,4,4
chunked_256_p4,2765,2048,1453,2994341,82284,6831001,78557,23610123,0,23821450,11281,8567655,1098749,7386011,232586,8,2048,0,2048,8,4,4
chunked_256_p4,2766,2048,1283,4513197,101881,7451253,86201,26716665,0,27028998,13916,8327856,1140147,7099173,244609,8,2048,0,2048,8,4,4
chunked_256_p4,2767,2048,2074,4739121,81903,6734690,80461,25428582,0,25791623,10049,7835723,986759,6740451,241343,8,2048,0,2048,8,4,4
chunked_256_p4,2768,2048,2796,4718301,80030,7302816,77434,25800330,0,26047709,11021,8464352,1013709,7327711,237986,8,2048,0,2048,8,4,4
chunked_256_p4,2769,2048,1653,3229813,82224,6536780,71643,23990319,0,24198667,11071,17392192,1141579,16160544,245480,8,2048,0,2048,8,4,4
chunked_256_p4,2770,2048,2425,4097017,83577,7204712,81141,26765666,0,26994594,12072,7800187,944651,6781909,238938,8,2048,0,2048,8,4,4
chunked_256_p4,2771,2048,1563,4238312,81923,7347398,79629,27067101,0,27306812,12343,8295606,975428,7209901,238808,8,2048,0,2048,8,4,4
chunked_256_p4,2772,2048,1603,4308744,85230,7054961,75875,26061048,0,26281371,9127,8801173,1093489,7627624,251090,8,2048,0,2048,8,4,4
chunked_256_p4,2773,2048,1302,4375850,82214,6910400,88386,25070251,0,25309531,11401,8735941,1102205,7561219,233087,8,2048,0,2048,8,4,4
chunked_256_p4,2774,2048,1834,4548072,84469,6543582,58400,25037680,0,25217176,11903,9447173,1102396,8186952,399419,8,2048,0,2048,8,4,4
chunked_256_p4,2775,2048,3417,4970935,81081,6961185,81583,24614688,0,24886317,11591,9153894,1110631,7961229,251591,8,2048,0,2048,8,4,4
chunked_256_p4,2776,2048,2304,4805686,83286,7155268,96103,26071234,0,26370980,11291,8066496,951483,7042777,246271,8,2048,0,2048,8,4,4
chunked_256_p4,2777,2048,1723,4794745,91822,7035423,91872,25263840,0,25506138,11792,9024200,1090654,7838199,245430,8,2048,0,2048,8,4,4
chunked_256_p4,2778,2048,1673,5109465,83907,6862881,89718,25166611,0,25428030,10700,8308169,946364,7284961,227467,8,2048,0,2048,8,4,4
chunked_256_p4,2779,2048,2033,4881037,83687,7847466,86662,27936301,0,28231606,12313,9087550,1081166,7920603,247504,8,2048,0,2048,8,4,4
chunked_256_p4,2780,2048,1614,5070401,83967,7340796,89469,25645237,0,25939219,9418,8173717,911328,7190876,245129,8,2048,0,2048,8,4,4
chunked_256_p4,2781,2048,2134,4527274,69921,7397202,85308,26569057,0,26844194,9308,9444309,1172698,8193805,242514,8,2048,0,2048,8,4,4
chunked_256_p4,2782,2048,1673,4925941,96250,7301613,94728,26540165,0,26793870,8316,9134848,1104861,7951370,242474,8,2048,0,2048,8,4,4
chunked_256_p4,2783,2048,1403,5761336,94036,7172020,73277,25272510,0,25501248,14027,9185022,1216550,7884925,248997,8,2048,0,2048,8,4,4
chunked_256_p4,2784,2048,2615,4829420,92182,6848333,87804,24894551,0,25157745,12253,9291041,1132833,8064914,255259,8,2048,0,2048,8,4,4
chunked_256_p4,2785,2048,2725,4494041,84348,6892877,84500,25261770,0,25551801,11081,9047324,1122012,7797411,241764,8,2048,0,2048,8,4,4
chunked_256_p4,2786,2048,1663,3211087,78337,7113090,78218,24422116,0,24696009,16892,9714284,1211510,8401735,251240,8,2048,0,2048,8,4,4
chunked_256_p4,2787,2048,1924,4683637,98134,6818788,82315,24540297,0,24845590,12393,10496480,1148232,9201864,253765,8,2048,0,2048,8,4,4
chunked_256_p4,2788,2048,2043,5770563,80591,6476576,70464,24021144,0,24465058,16240,9194500,1046481,8033715,275596,8,2048,0,2048,8,4,4
chunked_256_p4,2789,2048,2735,4688316,85050,7066032,99436,25628265,0,26019288,9558,9123897,968816,8029567,240620,8,2048,0,2048,8,4,4
chunked_256_p4,2790,2048,2274,4617874,91612,6998044,72407,25867637,0,26147058,9188,9258520,978594,8157216,254967,8,2048,0,2048,8,4,4
chunked_256_p4,2791,2048,1744,4711138,82344,7525452,73759,27509400,0,27753257,11942,9167269,966822,8104187,283401,8,2048,0,2048,8,4,4
chunked_256_p4,2792,2048,1643,5180178,84268,6514328,76914,24286120,0,24587697,10299,10150792,1067380,8955292,263083,8,2048,0,2048,8,4,4
chunked_256_p4,2793,2048,1633,4573511,78457,6984238,84018,26548591,0,26775716,8005,9430703,1119047,8232898,239359,8,2048,0,2048,8,4,4
chunked_256_p4,2794,2048,2404,5895869,90029,7339434,74758,26913312,0,27261236,10961,9493320,967072,8418907,239619,8,2048,0,2048,8,4,4
chunked_256_p4,2795,2048,1553,4592556,84839,6874894,74249,24625418,0,24930600,13195,9985432,1016986,8851808,265418,8,2048,0,2048,8,4,4
chunked_256_p4,2796,2048,1894,4734031,118241,7775722,77986,28597479,0,28824233,7865,9672175,996156,8532289,279524,8,2048,0,2048,8,4,4
chunked_256_p4,2797,2048,2465,4752967,86523,6829008,69451,24622771,0,24854937,11581,9723641,988843,8619573,250229,8,2048,0,2048,8,4,4
chunked_256_p4,2798,2048,2214,4668599,116298,6883158,77927,25719837,0,25949319,10169,9240786,975107,8190268,258193,8,2048,0,2048,8,4,4
chunked_256_p4,2799,2048,1733,5139070,88045,6512484,81684,24779096,0,25013875,10189,10261730,968154,9175204,244739,8,2048,0,2048,8,4,4
chunked_256_p4,2800,2048,1613,4798281,89097,6986863,73108,25523099,0,25790070,8767,10429204,1224545,9077481,244318,8,2048,0,2048,8,4,4
chunked_256_p4,2801,2048,1703,4845300,81874,6561136,76253,24075246,0,24343761,7744,9635646,1188497,8361569,246802,8,2048,0,2048,8,4,4
chunked_256_p4,2802,2048,1693,4952440,80931,6467089,67294,23828643,0,24119598,8426,9268308,982992,8197392,254096,8,2048,0,2048,8,4,4
chunked_256_p4,2803,2048,1833,5096420,79840,6921691,76321,24686121,0,24991280,16100,9308955,962263,8255000,232375,8,2048,0,2048,8,4,4
chunked_256_p4,2804,2048,1583,5145893,82705,6570232,68939,24186484,0,24466588,10400,9826855,969537,8776336,268664,8,2048,0,2048,8,4,4
chunked_256_p4,2805,2048,1573,4828960,92414,6893268,56278,25156604,0,25451527,6683,9401829,967693,8361219,244688,8,2048,0,2048,8,4,4
chunked_256_p4,2806,2048,1914,4915371,87634,7088674,64750,24900834,0,25128939,13485,9576596,995596,8464462,254728,8,2048,0,2048,8,4,4
chunked_256_p4,2807,2048,1713,4930580,85721,7009846,75193,25846645,0,26095072,11983,9449348,971130,8393599,268373,8,2048,0,2048,8,4,4
chunked_256_p4,2808,2048,1312,3103816,81482,6763244,79179,25316301,0,25544120,12613,9510963,1033266,8370065,243857,8,2048,0,2048,8,4,4
chunked_256_p4,2809,2048,2625,3805812,88125,6663256,78328,24806616,0,25231763,9668,9697212,951293,8637145,237915,8,2048,0,2048,8,4,4
chunked_256_p4,2810,2048,1793,3295786,82345,6341133,95979,23692069,0,23993250,8406,9919729,1014581,8827902,245601,8,2048,0,2048,8,4,4
chunked_256_p4,2811,2048,2405,4703274,89107,6310876,71996,23512691,0,23770844,10400,9753478,1007137,8664928,240080,8,2048,0,2048,8,4,4
chunked_256_p4,2812,2048,1994,4677856,83466,7031296,81123,25401329,0,25652974,6853,9726517,985386,8661581,242855,8,2048,0,2048,8,4,4
chunked_256_p4,2813,2048,1372,5216305,92553,6608214,74978,23722534,0,24002557,9337,9940508,999263,8864351,233768,8,2048,0,2048,8,4,4
chunked_256_p4,2814,2048,2214,4821525,83858,6394734,81843,23620763,0,23873678,10099,9728841,964908,8680196,248115,8,2048,0,2048,8,4,4
chunked_256_p4,2815,2048,2114,4917345,78978,6915248,74067,25445916,0,25742369,10350,9989970,989594,8900780,236824,8,2048,0,2048,8,4,4
chunked_256_p4,2816,2048,2254,5059922,86472,7068686,70411,26680469,0,27006169,9408,10004999,948888,8961654,243997,8,2048,0,2048,8,4,4
chunked_256_p4,2817,2048,1402,4893180,78568,7065741,76414,26021534,0,26253870,10710,10175819,974196,9116784,257393,8,2048,0,2048,8,4,4
chunked_256_p4,2818,2048,1423,5131025,83276,6203455,73368,23485661,0,23703087,9457,10549178,961211,9453446,252734,8,2048,0,2048,8,4,4
chunked_256_p4,2819,2048,2215,4640426,83607,6815081,67547,25094336,0,25411981,9628,10094406,958647,9028108,244548,8,2048,0,2048,8,4,4
chunked_256_p4,2820,2048,2334,4400076,88106,7080078,83575,25629527,0,25857863,13275,10170810,967423,9115903,244608,8,2048,0,2048,8,4,4
chunked_256_p4,2821,2048,1423,4198077,195386,6543171,79800,24258127,0,24601592,19627,10298269,992840,9198728,251060,8,2048,0,2048,8,4,4
chunked_256_p4,2822,2048,2485,4820333,82364,6766630,90880,25331741,0,25660207,9989,10285785,1008881,9193278,259005,8,2048,0,2048,8,4,4
chunked_256_p4,2823,2048,1763,3731653,113313,6492387,72216,24108468,0,24339072,8676,10235480,979065,9167409,252312,8,2048,0,2048,8,4,4
chunked_256_p4,2824,2048,1743,4749661,80401,6765057,83627,25348253,0,25611213,9989,10193552,987170,9121113,282760,8,2048,0,2048,8,4,4
chunked_256_p4,2825,2048,1783,3634020,68809,6690508,70042,25157715,0,25371684,10139,10358712,975679,9287264,239449,8,2048,0,2048,8,4,4
chunked_256_p4,2826,2048,2205,4288225,84198,7079707,70323,26475855,0,26771900,11332,10042319,969677,8990548,253285,8,2048,0,2048,8,4,4
chunked_256_p4,2827,2048,2024,4212764,78578,6543633,73857,23808675,0,24124858,9698,10027571,1000926,8938470,248375,8,2048,0,2048,8,4,4
chunked_256_p4,2828,2048,1703,5165500,79509,6993225,76153,26335232,0,26723981,10980,9972057,967753,8912732,242785,8,2048,0,2048,8,4,4
chunked_256_p4,2829,2048,2375,4841943,76323,6858503,68738,25336790,0,25585947,8676,9964854,960400,8901190,243286,8,2048,0,2048,8,4,4
chunked_256_p4,2830,2048,1562,4640936,67316,7063567,69362,25318005,0,25653953,12012,10109985,984595,9031855,241763,8,2048,0,2048,8,4,4
chunked_256_p4,2831,2048,1443,4749149,77345,6524717,70962,24336143,0,24609976,7464,10181299,977832,9125321,247193,8,2048,0,2048,8,4,4
chunked_256_p4,2832,2048,1563,4856952,73859,7331279,66745,25987711,0,26238279,7274,10525063,971881,9450590,249607,8,2048,0,2048,8,4,4
chunked_256_p4,2833,2048,2304,4937543,77896,7039972,60704,25415137,0,25612046,10019,10144570,964167,9054848,261560,8,2048,0,2048,8,4,4
chunked_256_p4,2834,2048,1644,4027196,69139,6550735,71866,24250704,0,24541111,9969,10670295,990095,9588799,239088,8,2048,0,2048,8,4,4
chunked_256_p4,2835,2048,1422,4839539,73828,6665320,76684,24775068,0,25037810,10670,14152872,970609,13049133,239259,8,2048,0,2048,8,4,4
chunked_256_p4,2836,2048,1543,4236669,67607,7375080,76082,26628660,0,26851809,10931,11568198,1006175,10461535,246251,8,2048,0,2048,8,4,4
chunked_256_p4,2837,2048,1593,5153547,80100,7327221,64843,26120277,0,26398981,8726,10842498,1398431,9350041,244989,8,2048,0,2048,8,4,4
chunked_256_p4,2838,2048,1393,5050524,74239,6959702,66695,26623108,0,26971264,11161,10505507,1065477,9327029,249377,8,2048,0,2048,8,4,4
chunked_256_p4,2839,2048,1443,5017222,70342,6564401,73548,24232330,0,24504138,9959,10310261,983383,9241599,235982,8,2048,0,2048,8,4,4
chunked_256_p4,2840,2048,1583,4865928,66444,6644301,74270,24281113,0,24523015,7955,10385802,981029,9304185,246913,8,2048,0,2048,8,4,4
chunked_256_p4,2841,2048,2014,4871909,90189,6814790,84789,25305532,0,25588281,8616,10397314,982010,9315497,214842,8,2048,0,2048,8,4,4
chunked_256_p4,2842,2048,2795,4180213,99476,7375050,65203,26159963,0,26386256,9548,11014511,984855,9927193,246863,8,2048,0,2048,8,4,4
chunked_256_p4,2843,2048,2014,4876448,69641,7089816,72354,26618952,0,26952876,6903,10961121,1142602,9729843,253455,8,2048,0,2048,8,4,4
chunked_256_p4,2844,2048,1803,4583599,75591,7071301,63660,25718846,0,25952015,10259,10775172,964117,9715236,254226,8,2048,0,2048,8,4,4
chunked_256_p4,2845,2048,1683,4576015,68438,6820952,67397,24891516,0,25121877,10259,10512189,986469,9438397,249668,8,2048,0,2048,8,4,4
chunked_256_p4,2846,2048,1853,4144587,72536,7074747,72537,25814896,0,26073581,10369,11610317,982852,10496731,250860,8,2048,0,2048,8,4,4
chunked_256_p4,2847,2048,2335,4001559,71785,6237869,84467,23790993,0,24025491,8936,10568094,959378,9488050,236072,8,2048,0,2048,8,4,4
chunked_256_p4,2848,2048,1473,4150778,67156,7551301,85450,26162896,0,26447743,10009,10750125,990957,9668077,231875,8,2048,0,2048,8,4,4
chunked_256_p4,2849,2048,1383,3462348,69179,7553234,95739,27481407,0,27714064,10920,10426970,965159,9345182,235902,8,2048,0,2048,8,4,4
chunked_256_p4,2850,2048,2114,4110372,70653,6969100,80079,25684702,0,25918420,12173,10734967,989023,9652919,238707,8,2048,0,2048,8,4,4
chunked_256_p4,2851,2048,1623,3293001,101640,7028080,85921,26154313,0,26447492,12083,10738734,999412,9633502,253756,8,2048,0,2048,8,4,4
chunked_256_p4,2852,2048,1583,3229282,95589,7620421,89768,26310796,0,27094733,8756,10672239,957113,9636929,258505,8,2048,0,2048,8,4,4
chunked_256_p4,2853,2048,1593,4747376,70662,7171709,75422,25601255,0,25843851,10801,11025161,950992,9983058,248356,8,2048,0,2048,8,4,4
chunked_256_p4,2854,2048,1773,4269902,66936,7141974,74900,26225824,0,26527921,12724,11291700,1049296,10146434,249929,8,2048,0,2048,8,4,4
chunked_256_p4,2855,2048,1733,3701476,74459,7395348,73970,26369515,0,26675138,11933,10642203,967493,9601884,238376,8,2048,0,2048,8,4,4
chunked_256_p4,2856,2048,1522,4973651,88816,7370522,75321,27243233,0,27542292,11551,10726090,976029,9659311,247423,8,2048,0,2048,8,4,4
chunked_256_p4,2857,2048,1633,4922044,69060,6824389,65494,25208449,0,25520224,10780,10677750,988853,9608345,258724,8,2048,0,2048,8,4,4
chunked_256_p4,2858,2048,1664,3979417,76704,6559171,72277,24521872,0,24789405,10019,11743046,1123806,10523440,282950,8,2048,0,2048,8,4,4
chunked_256_p4,2859,2048,1543,4491567,75171,6502225,73557,24736164,0,24952800,10700,11088960,965109,10019045,262772,8,2048,0,2048,8,4,4
chunked_256_p4,2860,2048,2074,5059311,80110,6668787,69922,25238938,0,25507281,9047,10605014,968154,9527403,249147,8,2048,0,2048,8,4,4
chunked_256_p4,2861,2048,1463,4207554,85099,6639502,81862,24799723,0,25039512,11111,10606336,966521,9551769,247704,8,2048,0,2048,8,4,4
chunked_256_p4,2862,2048,1984,4147692,75812,6703512,77656,24351713,0,24602494,9277,10850263,987801,9757646,242865,8,2048,0,2048,8,4,4
chunked_256_p4,2863,2048,2104,4454758,66825,6665882,66115,25504596,0,25722202,11652,11084271,1140678,9841292,247173,8,2048,0,2048,8,4,4
chunked_256_p4,2864,2048,2394,4440672,74289,6562808,76474,24867682,0,25142084,3106,10400991,942988,9338369,243396,8,2048,0,2048,8,4,4
chunked_256_p4,2865,2048,1243,4441954,66355,7008704,76564,25186770,0,25514354,11461,10483165,1007528,9383314,243105,8,2048,0,2048,8,4,4
chunked_256_p4,2866,2048,1412,5391554,66795,6673616,72505,24898727,0,25357877,9368,10492062,981319,9407700,249578,8,2048,0,2048,8,4,4
chunked_256_p4,2867,2048,1373,5037240,67567,6376900,71945,24035124,0,24277123,10871,10424114,962584,9378925,244077,8,2048,0,2048,8,4,4
chunked_256_p4,2868,2048,1964,4796037,72486,6707389,102744,25147054,0,25393907,10509,10725859,1066759,9552421,240601,8,2048,0,2048,8,4,4
chunked_256_p4,2869,2048,1994,4802449,72326,7490557,72826,25819414,0,26076967,8396,10561532,982602,9489984,245530,8,2048,0,2048,8,4,4
chunked_256_p4,2870,2048,1873,4596514,74801,6272555,67688,23860443,0,24170546,9999,10651440,976490,9572158,239258,8,2048,0,2048,8,4,4
chunked_256_p4,2871,2048,1593,4502047,76644,8157857,81022,30165890,0,30464198,11171,10790331,1013639,9670101,241613,8,2048,0,2048,8,4,4
chunked_256_p4,2872,2048,1393,4683196,76564,6134977,76904,23186148,0,23415951,10960,10615924,957474,9574101,246732,8,2048,0,2048,8,4,4
chunked_256_p4,2873,2048,1553,4910372,79840,6661694,68337,24542981,0,25074708,11191,10885348,977462,9817217,244619,8,2048,0,2048,8,4,4
chunked_256_p4,2874,2048,2194,4507517,84308,8118814,74591,25658511,0,25876291,8797,11695036,1079803,10491912,246842,8,2048,0,2048,8,4,4
chunked_256_p4,2875,2048,1503,4914730,83577,6933403,73418,25419647,0,25704027,14577,11510049,1087308,10309760,232706,8,2048,0,2048,8,4,4
chunked_256_p4,2876,2048,1493,4816997,80381,7061683,69111,26570973,0,26801265,8847,10804457,986569,9718632,245120,8,2048,0,2048,8,4,4
chunked_256_p4,2877,2048,1563,5014637,80451,6766029,73348,24350801,0,24644835,10319,10831878,969567,9753527,277981,8,2048,0,2048,8,4,4
chunked_256_p4,2878,2048,1884,4921943,90379,6665982,74309,25089567,0,25324023,10650,10648174,965399,9597435,247584,8,2048,0,2048,8,4,4
chunked_256_p4,2879,2048,1733,4507757,85660,6573899,73788,24613256,0,24932211,6963,10911888,993482,9791860,247163,8,2048,0,2048,8,4,4
chunked_256_p4,2880,2048,1542,4917164,86833,7160889,74679,25723033,0,25993581,7123,10716903,983723,9641127,232896,8,2048,0,2048,8,4,4
chunked_256_p4,2881,2048,1583,4068715,187983,7029443,80392,25453148,0,25751329,7515,10761987,1000255,9667436,250530,8,2048,0,2048,8,4,4
chunked_256_p4,2882,2048,1523,4171237,93314,7127166,98174,26491554,0,26828426,11812,10952053,975247,9861230,253195,8,2048,0,2048,8,4,4
chunked_256_p4,2883,2048,1754,4695819,88035,6607802,66665,24224896,0,24502727,9307,11954802,973805,10859139,254898,8,2048,0,2048,8,4,4
chunked_256_p4,2884,2048,2144,4392331,88375,7215191,85129,26686610,0,26925606,9779,11527472,964247,10421981,242545,8,2048,0,2048,8,4,4
chunked_256_p4,2885,2048,1844,4625388,80150,6969460,78119,25447407,0,25683522,16851,11562688,1068893,10334978,239799,8,2048,0,2048,8,4,4
chunked_256_p4,2886,2048,1844,5320651,84999,6977476,87906,26271372,0,26541970,7243,11463903,968514,10380933,248826,8,2048,0,2048,8,4,4
chunked_256_p4,2887,2048,2244,4949285,81072,8285186,70942,30951592,0,31274726,37601,6975592,1311057,5535754,238798,8,2048,0,2048,8,4,4
chunked_256_p4,2888,2048,1503,4413421,210394,8512262,85021,28459032,0,28759323,10530,7028261,1001787,5942255,270788,8,2048,0,2048,8,4,4
chunked_256_p4,2889,2048,2916,4163983,83537,7654615,78317,28166824,0,28426609,8045,7156902,1021805,6039738,257442,8,2048,0,2048,8,4,4
chunked_256_p4,2890,2048,1874,4068304,127298,8614463,82836,30208539,0,30471762,12904,7153716,977522,6096475,272370,8,2048,0,2048,8,4,4
chunked_256_p4,2891,2048,1533,4181446,79589,7703656,82556,28311725,0,28646361,9398,8568287,959849,7290322,404588,8,2048,0,2048,8,4,4
chunked_256_p4,2892,2048,2665,4660964,80921,7805688,88617,28624922,0,28965831,12263,7730296,1038386,6605579,237515,8,2048,0,2048,8,4,4
chunked_256_p4,2893,2048,2925,5348133,84419,7457876,90921,28039675,0,28298950,9087,7697294,973124,6606731,275276,8,2048,0,2048,8,4,4
chunked_256_p4,2894,2048,2194,4599750,72275,8768802,92865,30648064,0,30929652,10900,8166303,1093489,6940035,232586,8,2048,0,2048,8,4,4
chunked_256_p4,2895,2048,1703,4505393,76483,8015069,78258,29952178,0,30375634,10179,7726028,976470,6676161,249287,8,2048,0,2048,8,4,4
chunked_256_p4,2896,2048,1913,5466364,76424,7926775,87553,29004483,0,29252098,7694,8289915,976109,7192248,260158,8,2048,0,2048,8,4,4
chunked_256_p4,2897,2048,1883,4943153,129783,8334328,97733,31111271,0,31386246,13916,8094508,971751,7033230,241462,8,2048,0,2048,8,4,4
chunked_256_p4,2898,2048,2054,7631972,80371,7567040,81123,27705219,0,27941329,9388,8393499,974746,7300440,255879,8,2048,0,2048,8,4,4
chunked_256_p4,2899,2048,2544,45860120,75913,12389277,100778,41404650,0,41676962,12013,8460515,997930,7343111,241262,8,2048,0,2048,8,4,4
chunked_256_p4,2900,2048,1583,5365725,120566,11307740,78196,36930124,0,37195251,12734,8134995,977351,7056233,262231,8,2048,0,2048,8,4,4
chunked_256_p4,2901,2048,2544,5562063,215975,9424531,78028,34904048,0,35278390,10320,8426451,1030431,7320789,234169,8,2048,0,2048,8,4,4
chunked_256_p4,2902,2048,1793,5167663,194605,9725225,74490,34952902,0,35186259,11962,8464232,976640,7342319,247724,8,2048,0,2048,8,4,4
chunked_256_p4,2903,2048,1603,6285789,67035,8591480,122272,32006909,0,32354773,12804,8511490,984065,7443909,246081,8,2048,0,2048,8,4,4
chunked_256_p4,2904,2048,1884,6085484,79809,9083822,82958,32533806,0,32773268,11061,8618380,967694,7520072,238437,8,2048,0,2048,8,4,4
chunked_256_p4,2905,2048,1383,4877190,75100,9375219,74311,34448935,0,34723028,9488,8274516,970759,7224098,286477,8,2048,0,2048,8,4,4
chunked_256_p4,2906,2048,1934,6150125,85450,8671129,98273,32653341,0,33090139,13896,8761268,990126,7633595,255929,8,2048,0,2048,8,4,4
chunked_256_p4,2907,2048,1963,5997750,71293,8362601,88545,32042564,0,32362946,9978,8330480,970508,7286084,261409,8,2048,0,2048,8,4,4
chunked_256_p4,2908,2048,1994,6185481,75311,8269958,69823,31771168,0,32009413,12122,8735229,1021875,7605032,247714,8,2048,0,2048,8,4,4
chunked_256_p4,2909,2048,1984,5895097,75441,9359088,78147,33974166,0,34203156,11742,8724489,978173,7642913,248445,8,2048,0,2048,8,4,4
chunked_256_p4,2910,2048,2715,6182927,73217,8679114,89917,32083882,0,32391511,11923,9127425,1123836,7881410,246482,8,2048,0,2048,8,4,4
chunked_256_p4,2911,2048,1563,6321015,80531,8837932,92403,32301261,0,32580343,9929,9219537,979706,8112542,242996,8,2048,0,2048,8,4,4
chunked_256_p4,2912,2048,1904,6244481,75200,9114891,73977,33689432,0,33967243,13125,8780524,986488,7714797,252873,8,2048,0,2048,8,4,4
chunked_256_p4,2913,2048,2164,5922248,83065,9161488,82935,33334897,0,33579887,7113,9267857,975718,8168538,246622,8,2048,0,2048,8,4,4
chunked_256_p4,2914,2048,3737,7869798,83297,8944261,90330,33925363,0,34306760,10269,9022307,970128,7927996,259747,8,2048,0,2048,8,4,4
chunked_256_p4,2915,2048,1653,5718276,113091,9079956,69050,34328861,0,34633161,9728,8840176,979335,7764160,231945,8,2048,0,2048,8,4,4
chunked_256_p4,2916,2048,1483,6371089,86492,8869481,86073,32887309,0,33138623,12384,9126433,976880,7999060,256941,8,2048,0,2048,8,4,4
chunked_256_p4,2917,2048,1253,6158821,97042,9084123,84218,34419539,0,34718562,12964,9096726,1063703,7903330,269906,8,2048,0,2048,8,4,4
chunked_256_p4,2918,2048,2574,7365342,107652,9404433,66495,34370499,0,34599188,11963,9218435,1067239,8044244,251802,8,2048,0,2048,8,4,4
chunked_256_p4,2919,2048,1573,6747735,90089,8713739,76473,33298451,0,33581250,13125,9387842,1098769,8166112,266319,8,2048,0,2048,8,4,4
chunked_256_p4,2920,2048,2946,5683150,90409,9371542,71115,34374716,0,34624586,10660,8866175,961602,7822419,254778,8,2048,0,2048,8,4,4
chunked_256_p4,2921,2048,1723,5892102,82725,8785764,69591,33256852,0,33524473,13155,9017178,994664,7949817,245360,8,2048,0,2048,8,4,4
chunked_256_p4,2922,2048,1513,5638196,78637,8673804,73989,33070773,0,33295707,10890,8922450,1027445,7819163,306083,8,2048,0,2048,8,4,4
chunked_256_p4,2923,2048,1703,5966812,136967,8570130,76612,32396188,0,32697973,11081,8677461,977432,7596445,239319,8,2048,0,2048,8,4,4
chunked_256_p4,2924,2048,2004,5654747,184686,9277165,89558,33972833,0,34239873,11362,9274160,996798,8188315,246622,8,2048,0,2048,8,4,4
chunked_256_p4,2925,2048,1623,6165544,78858,9188870,82574,35013474,0,35299739,10009,9250565,985557,8168417,237024,8,2048,0,2048,8,4,4
chunked_256_p4,2926,2048,2063,5493886,82564,8741772,76424,32885116,0,33121408,11862,9066170,978253,7978050,245139,8,2048,0,2048,8,4,4
chunked_256_p4,2927,2048,1433,5909264,113683,8320822,72524,31622138,0,31919251,15068,9336306,997960,8249650,242444,8,2048,0,2048,8,4,4
chunked_256_p4,2928,2048,2224,4920180,119404,8696126,86131,32659152,0,32955225,9178,9305549,996407,8206709,236874,8,2048,0,2048,8,4,4
chunked_256_p4,2929,2048,2425,5440815,97613,8702448,72615,32832938,0,33116967,10119,9382112,984184,8316575,266179,8,2048,0,2048,8,4,4
chunked_256_p4,2930,2048,1523,5961562,121378,8718839,74199,32891827,0,33140462,9618,9394354,992741,8319320,258855,8,2048,0,2048,8,4,4
chunked_256_p4,2931,2048,2104,5996377,80120,9605390,73148,35659062,0,35896988,12193,9421626,984765,8348525,240240,8,2048,0,2048,8,4,4
chunked_256_p4,2932,2048,1473,5975567,104816,9078893,78045,33267479,0,33524602,11922,9334693,980798,8265138,269615,8,2048,0,2048,8,4,4
chunked_256_p4,2933,2048,1593,6237128,78226,9438127,78047,34837995,0,35152465,11441,9691361,999113,8608983,273122,8,2048,0,2048,8,4,4
chunked_256_p4,2934,2048,1983,5572462,77626,9404113,68078,33479939,0,33695374,10069,9424762,981810,8344748,249317,8,2048,0,2048,8,4,4
chunked_256_p4,2935,2048,1303,6290217,81032,8384391,81643,31847850,0,32142303,9508,9535759,969997,8464251,235031,8,2048,0,2048,8,4,4
chunked_256_p4,2936,2048,1593,6227390,76434,9120471,73296,33443261,0,33703840,10579,11632348,987110,10515676,240501,8,2048,0,2048,8,4,4
chunked_256_p4,2937,2048,1834,6301509,75692,8715943,78197,33167293,0,33485891,13986,9247730,967343,8182774,248476,8,2048,0,2048,8,4,4
chunked_256_p4,2938,2048,1513,6270861,81783,9749230,75543,35566480,0,35835324,10890,9285009,968314,8233510,241743,8,2048,0,2048,8,4,4
chunked_256_p4,2939,2048,1944,5975988,93716,9034681,80492,34065166,0,34374606,14347,18871434,1011525,17760642,245379,8,2048,0,2048,8,4,4
chunked_256_p4,2940,2048,1913,7422099,77365,8376276,65411,31758585,0,31985366,12202,9817858,966111,8747052,246492,8,2048,0,2048,8,4,4
chunked_256_p4,2941,2048,1663,6665040,78537,9488801,77605,36477777,0,36753343,10069,9875737,1015062,8759796,241002,8,2048,0,2048,8,4,4
chunked_256_p4,2942,2048,1493,4939025,74810,8824607,82746,33589205,0,34129258,8536,10065712,1011405,8964378,235270,8,2048,0,2048,8,4,4
chunked_256_p4,2943,2048,1803,6240004,87574,8534433,71454,32263211,0,32563231,8275,9909209,979666,8831840,242685,8,2048,0,2048,8,4,4
chunked_256_p4,2944,2048,1914,6012707,92544,8997771,72024,32612433,0,32813030,10260,9738009,981789,8634921,242244,8,2048,0,2048,8,4,4
chunked_256_p4,2945,2048,1834,6155465,77906,9132384,74659,33364222,0,33598060,13155,9762465,971020,8698621,252934,8,2048,0,2048,8,4,4
chunked_256_p4,2946,2048,2074,6569310,71074,8198895,71504,31584107,0,31942440,15810,9757435,970800,8686177,243326,8,2048,0,2048,8,4,4
chunked_256_p4,2947,2048,1583,5966080,75301,10495798,78476,36738707,0,36978304,12814,10861283,995265,9749069,248075,8,2048,0,2048,8,4,4
chunked_256_p4,2948,2048,2194,6330082,74990,8825428,67977,34040620,0,34271591,10460,9566457,1001306,8469691,246672,8,2048,0,2048,8,4,4
chunked_256_p4,2949,2048,1263,5732632,71354,8325772,71602,32107327,0,32397159,15239,9953943,983362,8868789,248236,8,2048,0,2048,8,4,4
chunked_256_p4,2950,2048,2485,6095152,72937,9437635,78530,35462424,0,35810359,9277,9716167,994604,8622568,241994,8,2048,0,2048,8,4,4
chunked_256_p4,2951,2048,1633,5789238,97352,8771147,75602,33320432,0,33523432,8766,9682845,974366,8625824,241532,8,2048,0,2048,8,4,4
chunked_256_p4,2952,2048,1292,5471884,91050,8548469,70745,32328100,0,32625199,9668,10077705,1062170,8910268,260579,8,2048,0,2048,8,4,4
chunked_256_p4,2953,2048,1974,6196572,72085,8628489,76112,32898219,0,33131488,15689,9810154,981319,8733526,236122,8,2048,0,2048,8,4,4
chunked_256_p4,2954,2048,1793,4492800,72085,9721257,87172,34607641,0,34919527,10500,10415949,964618,9335675,258605,8,2048,0,2048,8,4,4
chunked_256_p4,2955,2048,3466,5783938,74469,9485204,68337,33620281,0,33845766,9037,10078547,1007017,8980348,251421,8,2048,0,2048,8,4,4
chunked_256_p4,2956,2048,1633,5888023,72236,8119346,67918,31119738,0,31569729,14276,9732438,974587,8669867,210815,8,2048,0,2048,8,4,4
chunked_256_p4,2957,2048,2124,6213925,82765,8831219,67357,33239288,0,33545223,12944,10149991,980717,9075717,267632,8,2048,0,2048,8,4,4
chunked_256_p4,2958,2048,1723,6525218,72907,10305031,84569,37312702,0,37615871,24937,11400073,2132095,9114891,249808,8,2048,0,2048,8,4,4
chunked_256_p4,2959,2048,1603,5740257,78267,9599920,84238,35023532,0,35332531,15308,9936610,995165,8845887,271458,8,2048,0,2048,8,4,4
chunked_256_p4,2960,2048,1723,6256074,87644,8258055,83265,31478089,0,31808828,15248,10362939,970749,9279820,259817,8,2048,0,2048,8,4,4
chunked_256_p4,2961,2048,1392,5979736,73949,9142362,66373,34445379,0,34686881,10790,10353361,977281,9267788,247695,8,2048,0,2048,8,4,4
chunked_256_p4,2962,2048,2284,6697701,76844,8720912,75271,32950288,0,33265909,12613,10053820,970127,8973846,252654,8,2048,0,2048,8,4,4
chunked_256_p4,2963,2048,2615,4372744,95318,8890290,73500,33296997,0,33556384,13285,10340617,996998,9248261,255028,8,2048,0,2048,8,4,4
chunked_256_p4,2964,2048,1713,6265080,75111,9531722,67600,33982551,0,34200391,13696,10091090,988292,9005516,254277,8,2048,0,2048,8,4,4
chunked_256_p4,2965,2048,2014,6077228,73938,9477820,75842,33994384,0,34244633,11352,10394548,967974,9308774,247924,8,2048,0,2048,8,4,4
chunked_256_p4,2966,2048,2054,6592133,75401,8911860,76201,32919940,0,33195004,12354,10213649,970438,9151259,250430,8,2048,0,2048,8,4,4
chunked_256_p4,2967,2048,2044,6552740,75641,9467862,74279,34281290,0,34552308,14257,10174126,977292,9093681,252553,8,2048,0,2048,8,4,4
chunked_256_p4,2968,2048,1543,6604456,73538,8984887,75621,33439784,0,33836668,9819,10598430,982932,9531251,249056,8,2048,0,2048,8,4,4
chunked_256_p4,2969,2048,2294,6446491,72436,9270061,61285,35817849,0,36042693,9227,10275375,972082,9200561,242264,8,2048,0,2048,8,4,4
chunked_256_p4,2970,2048,1844,5803125,66675,8564249,79719,32783034,0,33046437,9287,10246631,1018709,9138375,247224,8,2048,0,2048,8,4,4
chunked_256_p4,2971,2048,2725,7196736,75001,10141174,72874,36130818,0,36491280,13295,10563576,995004,9469024,240391,8,2048,0,2048,8,4,4
chunked_256_p4,2972,2048,1663,6432043,74800,8419528,70373,31875292,0,32281222,10530,10703377,979225,9596883,264495,8,2048,0,2048,8,4,4
chunked_256_p4,2973,2048,1673,6670650,76994,8847891,68239,32447586,0,32687608,10880,10496960,972151,9420003,245860,8,2048,0,2048,8,4,4
chunked_256_p4,2974,2048,1553,6704274,74730,9640666,68266,34583860,0,34820069,12694,10361477,1000985,9269660,241583,8,2048,0,2048,8,4,4
chunked_256_p4,2975,2048,1553,6258858,77956,8774543,81684,33227527,0,33564769,14988,10139351,982531,9059778,266960,8,2048,0,2048,8,4,4
chunked_256_p4,2976,2048,1713,6351833,75221,9155617,73617,33803535,0,34086226,16451,10778619,995716,9653380,248085,8,2048,0,2048,8,4,4
chunked_256_p4,2977,2048,1353,6792909,74279,9044088,71703,33444801,0,33717864,9508,10611515,979665,9510392,275797,8,2048,0,2048,8,4,4
chunked_256_p4,2978,2048,1503,6237319,74499,9609838,63168,35610243,0,35837347,11942,10776645,975619,9696250,294542,8,2048,0,2048,8,4,4
chunked_256_p4,2979,2048,1643,6359187,72496,8808447,66163,32733770,0,32974753,12443,10535774,976650,9462723,246462,8,2048,0,2048,8,4,4
chunked_256_p4,2980,2048,1784,7719135,81492,8799731,86180,33885470,0,34219023,15419,10602949,981870,9520060,245089,8,2048,0,2048,8,4,4
chunked_256_p4,2981,2048,2294,6013419,93114,8682380,76001,32780621,0,33055503,10610,10775142,965029,9701189,243958,8,2048,0,2048,8,4,4
chunked_256_p4,2982,2048,1633,6305957,96180,9518817,73066,34307148,0,34650763,12724,10634649,967202,9574241,238537,8,2048,0,2048,8,4,4
chunked_256_p4,2983,2048,2414,7187850,79920,8391566,76013,31311537,0,31606149,10209,11242418,1031273,10059411,248065,8,2048,0,2048,8,4,4
chunked_256_p4,2984,2048,2254,7000298,81403,8366919,71405,32181809,0,32577018,8055,10946944,985948,9866760,258044,8,2048,0,2048,8,4,4
chunked_256_p4,2985,2048,1663,6624113,73858,10197249,74130,37984600,0,38197721,10930,10909313,965750,9841472,239719,8,2048,0,2048,8,4,4
chunked_256_p4,2986,2048,1583,6793871,77896,9420764,68469,34722457,0,35025085,10339,10614721,979105,9549305,250049,8,2048,0,2048,8,4,4
chunked_256_p4,2987,2048,2265,7602907,75011,8536678,74762,31965303,0,32215350,14677,10857586,1030351,9726197,263213,8,2048,0,2048,8,4,4
chunked_256_p4,2988,2048,1764,6110520,79339,9176086,66945,34687972,0,34975471,10980,10540863,983012,9452063,261490,8,2048,0,2048,8,4,4
chunked_256_p4,2989,2048,1583,6393742,71774,8947226,67154,33473188,0,33783117,15690,10603761,975578,9537012,237966,8,2048,0,2048,8,4,4
chunked_256_p4,2990,2048,1963,6447643,75832,9496766,63641,33960662,0,34176647,13365,11056890,1054997,9856170,249879,8,2048,0,2048,8,4,4
chunked_256_p4,2991,2048,2044,6523394,80842,8788168,71695,32223144,0,32673859,9598,10763189,1027125,9605491,246953,8,2048,0,2048,8,4,4
chunked_256_p4,2992,2048,1452,5956292,80601,9226861,98275,34429400,0,34771550,11551,10826909,983594,9701500,248676,8,2048,0,2048,8,4,4
chunked_256_p4,2993,2048,2786,6457952,80100,9435091,83566,36150274,0,36490110,9708,10592550,1029189,9439409,241613,8,2048,0,2048,8,4,4
chunked_256_p4,2994,2048,1833,8429116,97853,8620775,80631,32232214,0,32630097,10519,10714037,1022276,9561348,248015,8,2048,0,2048,8,4,4
chunked_256_p4,2995,2048,1803,6307280,77395,9401258,79321,34925368,0,35195767,9007,11219986,974456,10127849,246341,8,2048,0,2048,8,4,4
chunked_256_p4,2996,2048,1453,5945591,71885,10055623,77875,37117156,0,37399014,14918,10637034,986208,9537392,259606,8,2048,0,2048,8,4,4
chunked_256_p4,2997,2048,2525,6342566,73848,9235838,77085,34286831,0,34599317,20959,11117303,1311879,9662928,241232,8,2048,0,2048,8,4,4
chunked_256_p4,2998,2048,1583,6778152,74350,9267657,75143,34817587,0,35095968,11021,11280990,984575,10162925,246292,8,2048,0,2048,8,4,4
chunked_256_p4,2999,2048,2946,5678732,253024,8872226,78498,33504636,0,33841837,9818,11190781,988923,10078707,252964,8,2048,0,2048,8,4,4
chunked_256_p4,3000,2048,1573,6607131,78507,9763917,116499,36087626,0,36412004,10530,10922569,976450,9828468,282259,8,2048,0,2048,8,4,4
chunked_256_p4,3001,2048,3737,9104682,75782,9697833,80791,35890738,0,36144352,12684,10905557,971150,9799894,271870,8,2048,0,2048,8,4,4
chunked_256_p4,3002,2048,1713,6329932,79659,9385017,73948,34595322,0,34866495,11932,11281441,1093329,10051826,249808,8,2048,0,2048,8,4,4
chunked_256_p4,3003,2048,1573,7015757,72255,9559835,87696,34502045,0,34833086,14256,11335021,1010113,10147395,238637,8,2048,0,2048,8,4,4
chunked_256_p4,3004,2048,1532,17210141,78767,9692683,80550,37287465,0,37538205,9208,10576770,965510,9524348,243396,8,2048,0,2048,8,4,4
chunked_256_p4,3005,2048,2976,6361191,75171,9504361,73269,34293023,0,34515031,11071,10941053,1021524,9776311,271699,8,2048,0,2048,8,4,4
chunked_256_p4,3006,2048,1743,7100465,79489,9698114,94848,35410689,0,35683340,10240,11810072,973113,10710961,244188,8,2048,0,2048,8,4,4
chunked_256_p4,3007,2048,1432,6339230,102201,10349314,77195,39278596,0,39536441,9848,11415271,969387,10310531,238587,8,2048,0,2048,8,4,4
chunked_256_p4,3008,2048,2064,6062230,70943,9265923,77755,35663471,0,36120898,15750,11147149,991829,10026920,243827,8,2048,0,2048,8,4,4
chunked_256_p4,3009,2048,3146,6352234,72105,8924775,72455,34360541,0,34721226,15349,11497526,1078251,10300031,249979,8,2048,0,2048,8,4,4
chunked_256_p4,3010,2048,1593,6917623,65683,9504451,70926,34850147,0,35102071,11612,12192107,1129677,10937376,239159,8,2048,0,2048,8,4,4
chunked_256_p4,3011,2048,2324,7230500,68248,9981725,76625,37407529,0,37811998,13645,11554091,990776,10421059,251642,8,2048,0,2048,8,4,4
chunked_256_p4,3012,2048,2044,6842462,102161,9969392,96460,36372541,0,36616467,10510,11147209,994914,10009968,245210,8,2048,0,2048,8,4,4
chunked_256_p4,3013,2048,1623,6151698,70462,9139857,82804,35044262,0,35358409,10951,10790151,981419,9698123,239188,8,2048,0,2048,8,4,4
chunked_256_p4,3014,2048,2515,6811194,80230,9773896,81172,35494896,0,35779939,12904,11089031,1036252,9945968,238467,8,2048,0,2048,8,4,4
chunked_256_p4,3015,2048,1713,6977025,78638,9578730,79218,35782866,0,36020131,13836,11128985,995636,9984280,245540,8,2048,0,2048,8,4,4
chunked_256_p4,3016,2048,1522,6815472,78697,9753016,86001,35213487,0,35454971,14047,11514197,1010203,10374842,249076,8,2048,0,2048,8,4,4
chunked_256_p4,3017,2048,1894,6452862,74239,10363390,85029,38140464,0,38485599,10180,12017359,1055147,10835505,249257,8,2048,0,2048,8,4,4
chunked_256_p4,3018,2048,1993,7038230,76814,9722790,81743,36746020,0,37039769,9648,11282082,988693,10164047,314249,8,2048,0,2048,8,4,4
chunked_256_p4,3019,2048,2124,6385065,69811,9135079,79128,35166910,0,35503171,13115,11647567,1250673,10265727,248436,8,2048,0,2048,8,4,4
chunked_256_p4,3020,2048,1814,7107970,75462,10268543,89195,33785071,0,37435951,21380,13201409,1013519,11998975,307286,8,2048,0,2048,8,4,4
chunked_256_p4,3021,2048,1954,5823553,79409,10120665,77105,37116573,0,37406148,12223,6375127,998110,5276949,239509,8,2048,0,2048,8,4,4
chunked_256_p4,3022,2048,1313,5475440,107171,9990832,216675,37866088,0,38338002,15680,6882809,976129,5807202,251120,8,2048,0,2048,8,4,4
chunked_256_p4,3023,2048,1583,5505557,79559,10011381,83647,36802936,0,37037668,11502,7097902,1019300,5969186,252834,8,2048,0,2048,8,4,4
chunked_256_p4,3024,2048,1683,6366350,74510,10668152,92485,38074218,0,38342050,12564,7923598,1008430,6784804,295273,8,2048,0,2048,8,4,4
chunked_256_p4,3025,2048,2024,5641421,93204,11381247,98825,39497876,0,39802898,16150,8522160,1408540,7029102,237665,8,2048,0,2048,8,4,4
chunked_256_p4,3026,2048,1673,5543418,145002,10154750,82203,36282581,0,36561836,11281,7675393,973785,6595911,243757,8,2048,0,2048,8,4,4
chunked_256_p4,3027,2048,2024,5652172,70913,9956748,70251,36679226,0,36899116,10320,7803544,976480,6705205,251611,8,2048,0,2048,8,4,4
chunked_256_p4,3028,2048,1523,5638556,74189,10768930,83397,39347366,0,39909940,12003,7632824,971280,6571905,247994,8,2048,0,2048,8,4,4
chunked_256_p4,3029,2048,1533,5530073,128941,9741896,99656,35972160,0,36367701,12193,7486710,1000525,6393752,250559,8,2048,0,2048,8,4,4
chunked_256_p4,3030,2048,1493,5516798,91522,9804132,107921,37133606,0,37421686,10379,7766193,990506,6685027,236834,8,2048,0,2048,8,4,4
chunked_256_p4,3031,2048,1433,6142070,67787,10435355,81232,37851139,0,38120305,15359,31572376,998531,30448560,277610,8,2048,0,2048,8,4,4
chunked_256_p4,3032,2048,1944,8402957,74860,11481215,75622,43567253,0,43822731,13395,7779599,971631,6721215,193613,8,2048,0,2048,8,4,4
chunked_256_p4,3033,2048,1994,5894185,102472,11985761,90199,43927850,0,44217041,11782,7814595,957344,6763695,237695,8,2048,0,2048,8,4,4
chunked_256_p4,3034,2048,1874,7461182,88696,12011348,80000,43648055,0,43907259,10590,8205347,1111052,6966325,238988,8,2048,0,2048,8,4,4
chunked_256_p4,3035,2048,1984,7541712,75371,11793069,73178,42842244,0,43071624,10520,8318338,1145266,7099524,253835,8,2048,0,2048,8,4,4
chunked_256_p4,3036,2048,1623,7158044,72286,10910105,69030,40339965,0,40619810,12523,8343515,974476,7285753,258014,8,2048,0,2048,8,4,4
chunked_256_p4,3037,2048,1834,7199671,69069,11582375,74378,43130585,0,43430106,10179,8257233,966210,7201836,252874,8,2048,0,2048,8,4,4
chunked_256_p4,3038,2048,1583,7878203,106089,11227249,94678,42037994,0,42335726,15379,8407686,1115079,7196816,250179,8,2048,0,2048,8,4,4
chunked_256_p4,3039,2048,1663,7136304,75141,11138172,82265,41855164,0,42114671,12634,8501822,974526,7447606,251943,8,2048,0,2048,8,4,4
chunked_256_p4,3040,2048,1683,8313649,67667,10776294,78717,40824723,0,41214183,13165,21277673,984325,20205043,235221,8,2048,0,2048,8,4,4
chunked_256_p4,3041,2048,1473,7704328,68909,10381004,85550,39844538,0,40112047,10219,8792517,998962,7710549,266479,8,2048,0,2048,8,4,4
chunked_256_p4,3042,2048,2435,7905404,77976,11206952,75410,40730055,0,40998438,17533,8539011,974947,7469617,279243,8,2048,0,2048,8,4,4
chunked_256_p4,3043,2048,1543,6904208,77195,11628471,69220,42501336,0,42741336,11251,8620915,964287,7565197,238136,8,2048,0,2048,8,4,4
chunked_256_p4,3044,2048,2064,7342700,66946,11864924,70142,42861328,0,43089937,11001,8405321,973575,7349593,251762,8,2048,0,2048,8,4,4
chunked_256_p4,3045,2048,1432,7722732,66625,10951082,79680,41093167,0,41384312,9888,8580309,980096,7524229,245540,8,2048,0,2048,8,4,4
chunked_256_p4,3046,2048,1553,7747738,79660,10735789,88916,40756896,0,41225516,13134,8605376,971189,7533457,248706,8,2048,0,2048,8,4,4
chunked_256_p4,3047,2048,1703,7274692,79198,12256888,79360,43742171,0,44060747,10790,8962455,1029098,7826246,306404,8,2048,0,2048,8,4,4
chunked_256_p4,3048,2048,3156,7750514,78056,11695397,85500,42524599,0,42770820,12132,8995046,965610,7936022,234770,8,2048,0,2048,8,4,4
chunked_256_p4,3049,2048,1462,7434021,86121,12561419,74340,46152305,0,46421712,13345,8756710,967382,7684109,242535,8,2048,0,2048,8,4,4
chunked_256_p4,3050,2048,1473,7765632,98976,11680940,90478,43195136,0,43494636,12884,9071129,983003,7964174,249578,8,2048,0,2048,8,4,4
chunked_256_p4,3051,2048,1402,7617434,92724,11058943,82356,41938451,0,42225439,11902,8963226,979576,7893632,265628,8,2048,0,2048,8,4,4
chunked_256_p4,3052,2048,2154,7376644,98685,12024844,84318,43038071,0,43322585,11281,9103520,969026,8046539,285735,8,2048,0,2048,8,4,4
chunked_256_p4,3053,2048,1553,7524480,83967,10861133,74348,42108520,0,42345901,9087,9517736,1099530,8325592,257312,8,2048,0,2048,8,4,4
chunked_256_p4,3054,2048,2635,7473685,77816,11270090,81413,41827342,0,42159415,14677,9441443,1033016,8315763,239989,8,2048,0,2048,8,4,4
chunked_256_p4,3055,2048,1343,8369634,82385,12245448,79008,46244348,0,46486393,10920,9231960,980437,8167696,245661,8,2048,0,2048,8,4,4
chunked_256_p4,3056,2048,2164,7766544,85591,10087423,81722,38842350,0,39216799,12243,10584475,969557,9526131,249678,8,2048,0,2048,8,4,4
chunked_256_p4,3057,2048,1994,7495977,98334,12081710,77805,43885209,0,44150867,12704,11018979,967413,9927914,234620,8,2048,0,2048,8,4,4
chunked_256_p4,3058,2048,1443,7551411,97733,10895618,71435,40633115,0,40891018,15038,9527935,990837,8446188,251421,8,2048,0,2048,8,4,4
chunked_256_p4,3059,2048,1443,8923362,95910,11079703,85272,40873705,0,41243028,15709,9810384,984956,8731172,249247,8,2048,0,2048,8,4,4
chunked_256_p4,3060,2048,1773,8293582,95609,11365849,89246,43360684,0,43672961,13555,9548032,995114,8460634,243817,8,2048,0,2048,8,4,4
chunked_256_p4,3061,2048,2535,7926644,113283,12207496,80853,44910220,0,45141705,10480,9520140,1146899,8258716,263033,8,2048,0,2048,8,4,4
chunked_256_p4,3062,2048,1873,8002006,87605,12371874,73036,44410360,0,44753896,9457,9646978,969968,8590638,245159,8,2048,0,2048,8,4,4
chunked_256_p4,3063,2048,1502,7885236,95539,11147480,80270,41457070,0,41780854,16521,9666094,1096846,8462037,239248,8,2048,0,2048,8,4,4
chunked_256_p4,3064,2048,1543,7947884,98655,11554272,75011,44175450,0,44508608,17824,9774187,971581,8695305,233177,8,2048,0,2048,8,4,4
chunked_256_p4,3065,2048,2375,7073185,87033,11556085,84270,44059345,0,44345965,14677,9697993,963736,8631205,235001,8,2048,0,2048,8,4,4
chunked_256_p4,3066,2048,1823,7085658,82695,11194808,93234,43255970,0,43639065,9387,9876988,974366,8805551,253695,8,2048,0,2048,8,4,4
chunked_256_p4,3067,2048,1603,7222815,83977,12863796,78919,44533354,0,44816094,10770,9710868,977121,8644249,279544,8,2048,0,2048,8,4,4
chunked_256_p4,3068,2048,1583,7674962,84358,12127997,78767,43916036,0,44208304,16771,10032240,1013429,8908995,275997,8,2048,0,2048,8,4,4
chunked_256_p4,3069,2048,1683,7914882,81433,10611385,71744,41241916,0,41485390,14217,9782232,998341,8679495,239478,8,2048,0,2048,8,4,4
chunked_256_p4,3070,2048,1593,7910824,70873,11869322,97051,44364836,0,44670468,14076,10062557,1058904,8890270,252373,8,2048,0,2048,8,4,4
chunked_256_p4,3071,2048,1352,8057159,71364,11341814,77365,41763804,0,42065589,13976,10149960,991538,9057954,254126,8,2048,0,2048,8,4,4
chunked_256_p4,3072,2048,1623,7712763,92182,11320674,74362,41960392,0,42230860,12043,10199684,1094742,8997090,246251,8,2048,0,2048,8,4,4
chunked_256_p4,3073,2048,2034,7307133,85059,11422795,84967,42023811,0,42272337,11441,9995521,1003421,8905348,265678,8,2048,0,2048,8,4,4
chunked_256_p4,3074,2048,1533,7815376,88536,12128688,76575,43897273,0,44235545,10299,9935087,960861,8884629,250128,8,2048,0,2048,8,4,4
chunked_256_p4,3075,2048,2074,8064332,73818,11316436,79831,42961127,0,43208330,12874,10023593,980848,8936877,237915,8,2048,0,2048,8,4,4
chunked_256_p4,3076,2048,2084,7990503,75121,12179374,83557,44325233,0,44616780,11221,9934186,973515,8870593,271649,8,2048,0,2048,8,4,4
chunked_256_p4,3077,2048,2996,8683051,81803,11651424,79337,44309483,0,44592363,13154,10188623,978714,9109751,240661,8,2048,0,2048,8,4,4
chunked_256_p4,3078,2048,2364,7104484,72356,13940744,82324,45146440,0,45421056,10489,10071763,983673,9003312,245039,8,2048,0,2048,8,4,4
chunked_256_p4,3079,2048,2134,7859418,79489,13726362,77936,45878293,0,46175740,12063,10234890,1005955,9134638,244067,8,2048,0,2048,8,4,4
chunked_256_p4,3080,2048,1813,8121810,74770,11910920,71696,43184607,0,43406523,9548,10223068,972974,9169703,247173,8,2048,0,2048,8,4,4
chunked_256_p4,3081,2048,1763,7132616,84017,11192273,85639,41204707,0,41591879,10670,11257646,966862,10192921,241373,8,2048,0,2048,8,4,4
chunked_256_p4,3082,2048,1543,8346250,76944,11994818,91811,42280110,0,42535108,13345,10374371,974516,9311459,248897,8,2048,0,2048,8,4,4
chunked_256_p4,3083,2048,2284,8440147,78717,11077137,76152,41961853,0,42234904,10930,10399047,989684,9322470,244539,8,2048,0,2048,8,4,4
chunked_256_p4,3084,2048,1522,8126047,72806,11743356,70951,44866014,0,45116685,14718,10368400,1010514,9249443,247765,8,2048,0,2048,8,4,4
chunked_256_p4,3085,2048,1512,8116701,78237,11677723,81614,43779681,0,44027226,15139,10698359,982932,9597776,250399,8,2048,0,2048,8,4,4
chunked_256_p4,3086,2048,3056,8537328,109064,12382083,87755,46442992,0,46756739,8696,10549128,1125018,9326177,243136,8,2048,0,2048,8,4,4
chunked_256_p4,3087,2048,2154,7426737,71674,11751372,85962,44678836,0,44975953,8456,10667380,990957,9576596,266660,8,2048,0,2048,8,4,4
chunked_256_p4,3088,2048,2054,7147574,71394,11245093,90299,43305541,0,43632584,9457,10553597,997950,9455499,247303,8,2048,0,2048,8,4,4
chunked_256_p4,3089,2048,1593,7044510,101029,12045864,87885,46063779,0,46357992,13024,11008349,993582,9887779,259106,8,2048,0,2048,8,4,4
chunked_256_p4,3090,2048,1794,7521274,74971,11710835,80851,44932372,0,45281587,11040,10757368,975177,9648381,265457,8,2048,0,2048,8,4,4
chunked_256_p4,3091,2048,2194,7705911,77155,11749979,311754,44869872,0,45357148,12093,10827240,966701,9709855,238427,8,2048,0,2048,8,4,4
chunked_256_p4,3092,2048,1352,8191411,77415,13979577,91833,51726812,0,52072141,9217,11195560,977081,10090108,256861,8,2048,0,2048,8,4,4
chunked_256_p4,3093,2048,1292,7665575,78136,10893964,78627,42252779,0,42630536,9398,11589478,1121602,10345016,239398,8,2048,0,2048,8,4,4
chunked_256_p4,3094,2048,2014,7864267,73277,11008249,101082,42734563,0,43140857,16792,11009812,995616,9879975,248937,8,2048,0,2048,8,4,4
chunked_256_p4,3095,2048,1543,7919952,72246,11741142,92034,45426227,0,45825575,16351,10970277,972422,9864746,248115,8,2048,0,2048,8,4,4
chunked_256_p4,3096,2048,1483,7815055,73097,11735592,74811,44775055,0,45009597,14628,10926386,973414,9814221,246923,8,2048,0,2048,8,4,4
chunked_256_p4,3097,2048,1242,8200828,72667,12047727,83866,46112472,0,46464059,11762,11271723,1004823,10126246,247584,8,2048,0,2048,8,4,4
chunked_256_p4,3098,2048,2515,7689139,78317,12804665,109805,47519661,0,47984412,11652,11496785,980157,10397384,241492,8,2048,0,2048,8,4,4
chunked_256_p4,3099,2048,1493,6347294,103013,12092521,82042,46573228,0,46838011,16651,11388452,983172,10264184,242725,8,2048,0,2048,8,4,4
chunked_256_p4,3100,2048,1433,6496224,108864,11977936,86541,46152787,0,46452599,14547,10834584,981118,9725695,239679,8,2048,0,2048,8,4,4
chunked_256_p4,3101,2048,1973,6088340,70853,12415516,82746,48155924,0,48481613,15348,11250883,973424,10136496,238437,8,2048,0,2048,8,4,4
chunked_256_p4,3102,2048,1563,6257416,146194,12081189,80591,46154069,0,46404901,10580,10745256,979726,9655664,289102,8,2048,0,2048,8,4,4
chunked_256_p4,3103,2048,1583,7249175,68578,11358635,94907,43820659,0,44379443,13406,10685084,998621,9560055,271739,8,2048,0,2048,8,4,4
chunked_256_p4,3104,2048,3035,7273471,75191,12824542,99156,47793061,0,48088627,11011,11480234,1221880,10121667,263564,8,2048,0,2048,8,4,4
chunked_256_p4,3105,2048,1343,6931108,66555,12780610,100317,47757995,0,48097221,16080,11238971,978754,10119523,226625,8,2048,0,2048,8,4,4
chunked_256_p4,3106,2048,1683,7255106,84268,11975462,87185,46004680,0,46275629,17462,18097514,1018879,16952118,120375,8,2048,0,2048,8,4,4
chunked_256_p4,3107,2048,1363,7030525,71514,11467329,78567,43059369,0,43368389,9608,11169922,973424,10051396,240631,8,2048,0,2048,8,4,4
chunked_256_p4,3108,2048,1923,7875568,73367,12598449,93937,46350251,0,46670809,12113,11367251,1054466,10177492,231294,8,2048,0,2048,8,4,4
chunked_256_p4,3109,2048,1733,7871731,70262,12235409,78236,45654934,0,45964764,9237,11143562,970118,10028643,244658,8,2048,0,2048,8,4,4
chunked_256_p4,3110,2048,1733,8341872,69120,14917805,1003152,53744033,0,56671029,14657,11270340,1135678,10000892,242324,8,2048,0,2048,8,4,4
chunked_256_p4,3111,2048,1854,8568366,69470,12032127,87114,46013217,0,46292769,11742,11051770,990256,9961066,249808,8,2048,0,2048,8,4,4
chunked_256_p4,3112,2048,1803,8215165,70062,11768814,87123,45572854,0,45867584,11551,10889306,1001587,9774547,236573,8,2048,0,2048,8,4,4
chunked_256_p4,3113,2048,1283,7826857,71254,12126314,90300,45937305,0,46347744,18254,11397909,1018248,10240460,248225,8,2048,0,2048,8,4,4
chunked_256_p4,3114,2048,1703,7812220,84318,12501818,87684,47649081,0,48294773,9047,11225596,1168580,9954143,218179,8,2048,0,2048,8,4,4
chunked_256_p4,3115,2048,1513,8029507,78387,11627219,91551,44403138,0,44760468,15930,10926596,983644,9835090,237615,8,2048,0,2048,8,4,4
chunked_256_p4,3116,2048,1653,8050977,77676,12796661,91651,46856667,0,47587868,12894,11011044,975729,9922635,245731,8,2048,0,2048,8,4,4
chunked_256_p4,3117,2048,1442,8385845,77646,12404866,76463,46661763,0,46906271,12233,11148923,1100412,9943724,248185,8,2048,0,2048,8,4,4
chunked_256_p4,3118,2048,2284,7895736,73938,11782840,74750,45331539,0,45625218,11241,11202022,991358,10107561,277911,8,2048,0,2048,8,4,4
chunked_256_p4,3119,2048,1823,8367160,71244,12746306,73248,47695229,0,47988999,14557,11179339,1000766,10065192,242114,8,2048,0,2048,8,4,4
chunked_256_p4,3120,2048,1833,7682297,78738,12521415,86783,48443279,0,48878015,11672,11104189,964007,10022522,214201,8,2048,0,2048,8,4,4
chunked_256_p4,3121,2048,2044,7311712,76694,11710575,98495,44950284,0,45251670,10029,11476747,961232,10390741,244268,8,2048,0,2048,8,4,4
chunked_256_p4,3122,2048,1803,7221392,82495,11654690,75952,44347064,0,44707008,11131,11110320,974536,10039073,266961,8,2048,0,2048,8,4,4
chunked_256_p4,3123,2048,1303,7029513,76303,10494466,77306,40778157,0,41083579,10720,11364807,977341,10293680,242144,8,2048,0,2048,8,4,4
chunked_256_p4,3124,2048,1623,6439397,75021,12040664,72566,44594970,0,44815662,10750,11426943,1150716,10164147,252292,8,2048,0,2048,8,4,4
chunked_256_p4,3125,2048,1773,7274402,74950,12330236,84600,46115488,0,46425108,15749,11330032,976981,10244317,269485,8,2048,0,2048,8,4,4
chunked_256_p4,3126,2048,1833,6469013,67576,11285158,74288,43420388,0,43653644,17152,11216800,990026,10125034,206918,8,2048,0,2048,8,4,4
chunked_256_p4,3127,2048,1393,6382420,68398,11605819,76032,44436581,0,44755899,11802,11526600,1054596,10362720,241453,8,2048,0,2048,8,4,4
chunked_256_p4,3128,2048,1362,5994473,144510,12268290,83266,44905312,0,45227644,15990,14246748,1509208,12564355,288020,8,2048,0,2048,8,4,4
chunked_256_p4,3129,2048,2103,7514651,71514,12725166,86063,46993622,0,47292827,11822,13396004,994764,12259233,230382,8,2048,0,2048,8,4,4
chunked_256_p4,3130,2048,1472,6573679,119684,11640363,82325,43765093,0,44023167,10380,11285499,974085,10188944,236623,8,2048,0,2048,8,4,4
chunked_256_p4,3131,2048,1483,6923695,90931,11679056,69861,44444777,0,44745130,10370,11138303,944159,10081252,281007,8,2048,0,2048,8,4,4
chunked_256_p4,3132,2048,5600,7126535,72816,12112147,83134,45070117,0,45347519,11461,11485383,994815,10373720,253234,8,2048,0,2048,8,4,4
chunked_256_p4,3133,2048,1543,7520553,69780,12584512,80731,45276397,0,45554656,17482,11488739,974436,10396232,245460,8,2048,0,2048,8,4,4
chunked_256_p4,3134,2048,1502,7957342,116759,12535080,97000,45980103,0,46373692,12925,11257316,1006456,10132999,235752,8,2048,0,2048,8,4,4
chunked_256_p4,3135,2048,2345,6496764,108453,12846363,88055,46819759,0,47117488,11211,11456700,993141,10328846,244798,8,2048,0,2048,8,4,4
chunked_256_p4,3136,2048,1523,7822930,79429,14671744,98593,47867331,0,48227855,11311,10706043,994604,9617854,286707,8,2048,0,2048,8,4,4
chunked_256_p4,3137,2048,2184,8387758,70673,13161775,83647,49575011,0,49833317,13405,10976710,993893,9870226,236744,8,2048,0,2048,8,4,4
chunked_256_p4,3138,2048,1854,7858697,70913,11832253,90126,43633967,0,43871671,11292,11148050,1012197,10025207,252753,8,2048,0,2048,8,4,4
chunked_256_p4,3139,2048,1804,8324049,85379,11241556,84248,43444693,0,43681847,11322,11065255,978474,9970374,239930,8,2048,0,2048,8,4,4
chunked_256_p4,3140,2048,1342,7889274,75953,12335015,78978,45946340,0,46203922,12754,11249801,989514,10157766,260518,8,2048,0,2048,8,4,4
chunked_256_p4,3141,2048,1402,8246203,73277,11178198,76935,43223699,0,43456264,12083,11214265,972362,10119895,238998,8,2048,0,2048,8,4,4
chunked_256_p4,3142,2048,1433,6999266,97633,11518335,85170,44022127,0,44314453,15429,11303633,992410,10192991,260759,8,2048,0,2048,8,4,4
chunked_256_p4,3143,2048,2254,7416408,69640,14274831,89536,48529631,0,49841951,13405,11580792,1030260,10432830,256431,8,2048,0,2048,8,4,4
chunked_256_p4,3144,2048,1593,7723583,188363,12270414,77154,45246940,0,45499864,12544,11442523,966131,10340658,256811,8,2048,0,2048,8,4,4
chunked_256_p4,3145,2048,1553,7111316,71104,12177320,79880,45110495,0,45347610,10029,11751261,1008250,10622867,243877,8,2048,0,2048,8,4,4
chunked_256_p4,3146,2048,1713,7043119,118111,11889530,89339,45966258,0,46235263,9699,11777440,980056,10663984,236643,8,2048,0,2048,8,4,4
chunked_256_p4,3147,2048,1493,6324051,76242,11253799,80429,41479760,0,41772838,12232,11550635,992480,10458609,61555,8,2048,0,2048,8,4,4
chunked_256_p4,3148,2048,1242,7678519,161974,11987213,83718,45062415,0,45378839,11511,11073601,969437,9983829,240340,8,2048,0,2048,8,4,4
chunked_256_p4,3149,2048,1473,7776974,73318,12228967,77737,45710859,0,46027053,12143,11629603,976610,10556763,255118,8,2048,0,2048,8,4,4
chunked_256_p4,3150,2048,1663,7049330,70272,11061058,73669,42724744,0,43028604,10500,11561886,974486,10493584,269786,8,2048,0,2048,8,4,4
chunked_256_p4,3151,2048,1583,7206084,72797,11171545,74499,43089708,0,43367508,11622,11597443,985316,10494997,246983,8,2048,0,2048,8,4,4
chunked_256_p4,3152,2048,1773,7884796,89027,11938723,85321,44476165,0,44929347,14096,11340411,972703,10259686,235932,8,2048,0,2048,8,4,4
chunked_256_p4,3153,2048,1814,7454639,75973,10439503,76174,40335639,0,40711542,12363,11788862,1157890,10499215,261580,8,2048,0,2048,8,4,4
chunked_256_p4,3154,2048,1974,6320484,101891,10717444,77444,40764870,0,41092974,18715,11722468,1011175,10587170,246862,8,2048,0,2048,8,4,4
chunked_256_p4,3155,2048,1893,6845619,90980,11866407,76052,44950156,0,45241020,15629,6410132,982300,5336039,273994,8,2048,0,2048,8,4,4
chunked_256_p4,3156,2048,1443,7481700,78517,11724050,76373,44986171,0,45444170,16371,6505792,1007738,5398947,242895,8,2048,0,2048,8,4,4
chunked_256_p4,3157,2048,1502,8006895,74991,12797892,85761,45282086,0,45549900,12503,6832964,993291,5746319,240550,8,2048,0,2048,8,4,4
chunked_256_p4,3158,2048,2084,8539943,79599,12881058,72646,48148547,0,48424766,10319,6922452,976760,5866294,257703,8,2048,0,2048,8,4,4
chunked_256_p4,3159,2048,1934,8534864,82395,12552824,85201,47805825,0,48066295,16411,7565357,1168450,6297010,253435,8,2048,0,2048,8,4,4
chunked_256_p4,3160,2048,1653,8372550,81993,13339647,88427,47644973,0,47936759,12693,7695190,958907,6610438,257463,8,2048,0,2048,8,4,4
chunked_256_p4,3161,2048,1993,8698621,70181,13623659,93075,51740097,0,52119461,16971,7854799,1169482,6591953,262903,8,2048,0,2048,8,4,4
chunked_256_p4,3162,2048,2284,8628480,79189,13249499,91794,48483996,0,48826300,10069,7706131,989955,6629624,264966,8,2048,0,2048,8,4,4
chunked_256_p4,3163,2048,1753,8728737,83056,12957962,94036,46622856,0,47000198,13956,7636189,978293,6563861,262281,8,2048,0,2048,8,4,4
chunked_256_p4,3164,2048,1713,46413727,75562,14919528,68117,54780244,0,55019241,13305,7917517,974076,6856338,252683,8,2048,0,2048,8,4,4
chunked_256_p4,3165,2048,1653,9155677,82695,14471479,97993,50290350,0,50710458,11311,7646569,973234,6594798,255900,8,2048,0,2048,8,4,4
chunked_256_p4,3166,2048,1322,9817748,73969,14558622,91734,51068460,0,51411623,13476,7613017,980998,6543102,253405,8,2048,0,2048,8,4,4
chunked_256_p4,3167,2048,2014,8445256,79619,15279172,85751,55316501,0,55578502,14157,7780260,998842,6700927,238648,8,2048,0,2048,8,4,4
chunked_256_p4,3168,2048,2635,8440747,82615,14208005,77475,53298239,0,53686475,15459,7830634,980417,6768043,127479,8,2048,0,2048,8,4,4
chunked_256_p4,3169,2048,1904,7601485,122590,15820407,87696,54223992,0,54493821,15338,8027022,990626,6935998,225873,8,2048,0,2048,8,4,4
chunked_256_p4,3170,2048,2064,8631745,119033,15245099,85560,55864659,0,56172916,16721,8340870,998521,7258292,253204,8,2048,0,2048,8,4,4
chunked_256_p4,3171,2048,2084,8252705,76854,13891642,90771,52077540,0,52458304,19487,8338475,973925,7273370,248055,8,2048,0,2048,8,4,4
chunked_256_p4,3172,2048,1884,7498221,85851,14507957,99485,53718936,0,53985167,15589,8687389,1321697,7242963,240851,8,2048,0,2048,8,4,4
chunked_256_p4,3173,2048,1593,8534393,71615,15230782,82545,56294181,0,56526597,8175,8532099,979315,7445804,248345,8,2048,0,2048,8,4,4
chunked_256_p4,3174,2048,1613,8323999,77365,14809502,87222,55503941,0,55753498,13656,8840417,992229,7754752,238758,8,2048,0,2048,8,4,4
chunked_256_p4,3175,2048,1703,7256348,73047,13772579,83057,53201015,0,53541603,18755,8735730,989083,7630910,285796,8,2048,0,2048,8,4,4
chunked_256_p4,3176,2048,1493,8512502,82755,15216625,101339,57824301,0,58219791,16060,9669059,992900,8585219,250239,8,2048,0,2048,8,4,4
chunked_256_p4,3177,2048,2204,8384332,78146,15345817,94849,56220575,0,56577453,12614,8952777,982281,7886178,249237,8,2048,0,2048,8,4,4
chunked_256_p4,3178,2048,2044,8787607,69961,13661501,103353,53274054,0,53642862,12703,9460127,1088379,8237467,238978,8,2048,0,2048,8,4,4
chunked_256_p4,3179,2048,1733,8606949,74229,14617052,94053,56202289,0,56500867,11291,8888707,1072540,7723814,235882,8,2048,0,2048,8,4,4
chunked_256_p4,3180,2048,2044,8238779,81162,15076432,87374,55255368,0,55541722,11932,8909416,974667,7835293,276418,8,2048,0,2048,8,4,4
chunked_256_p4,3181,2048,2194,8450025,69420,14587726,109374,55769961,0,56098815,12573,9165024,987250,8066356,301906,8,2048,0,2048,8,4,4
chunked_256_p4,3182,2048,2244,9854777,69170,15521667,96469,58125504,0,58459398,14197,8742043,989805,7650576,239549,8,2048,0,2048,8,4,4
chunked_256_p4,3183,2048,1883,8644809,120796,15821158,75172,57368928,0,57685620,13946,8773681,1016555,7666617,266789,8,2048,0,2048,8,4,4
chunked_256_p4,3184,2048,2184,8569359,120646,14961167,101510,55677505,0,56015329,17994,8698731,1000555,7605001,260929,8,2048,0,2048,8,4,4
chunked_256_p4,3185,2048,1754,8844905,74930,14316038,83036,54473460,0,54847450,14808,8900840,1079653,7693508,270597,8,2048,0,2048,8,4,4
chunked_256_p4,3186,2048,2124,8593143,66635,13775404,79930,51975298,0,52282814,13866,9044670,988803,7966849,263373,8,2048,0,2048,8,4,4
chunked_256_p4,3187,2048,2365,8277482,101020,15818934,109887,59238342,0,59556727,14798,8889298,995606,7787985,294041,8,2048,0,2048,8,4,4
chunked_256_p4,3188,2048,1964,8207691,76273,14171446,118733,51836510,0,52219216,11302,9035422,972472,7936483,305934,8,2048,0,2048,8,4,4
chunked_256_p4,3189,2048,1903,8633438,100358,16853302,103413,63279962,0,63589702,13916,10564316,1178709,9230838,242715,8,2048,0,2048,8,4,4
chunked_256_p4,3190,2048,2475,10064761,87915,17296563,105036,62431826,0,62740822,14447,10022883,1157159,8754786,248626,8,2048,0,2048,8,4,4
chunked_256_p4,3191,2048,2354,9028458,81984,17753389,91831,63561760,0,63876790,16241,10160530,1139736,8894718,243917,8,2048,0,2048,8,4,4
chunked_256_p4,3192,2048,1533,10062506,81914,15842538,149110,60730386,0,61116460,15609,10140813,1154834,8869932,238357,8,2048,0,2048,8,4,4
chunked_256_p4,3193,2048,1974,9235457,73177,15141243,93796,58270245,0,58647241,15249,9333942,971381,8224683,249387,8,2048,0,2048,8,4,4
chunked_256_p4,3194,2048,1884,9097268,81282,15104866,96000,57994311,0,58287988,12584,9482490,999683,8337153,300884,8,2048,0,2048,8,4,4
chunked_256_p4,3195,2048,2084,9228354,99857,16636045,494409,63596555,0,64286811,17303,10438722,1129387,9183650,239329,8,2048,0,2048,8,4,4
chunked_256_p4,3196,2048,1593,8939602,82995,15658493,93645,59156937,0,59563317,19306,127507001,1154653,126209109,245790,8,2048,0,2048,8,4,4
chunked_256_p4,3197,2048,2144,8582493,77886,18441207,85259,65574394,0,65884404,14897,11374014,1142190,10100828,239359,8,2048,0,2048,8,4,4
chunked_256_p4,3198,2048,1833,9581976,77305,17099463,96992,62081616,0,62384845,17603,11085714,1404512,9526872,245600,8,2048,0,2048,8,4,4
chunked_256_p4,3199,2048,1853,14076919,147677,12923148,80641,48066914,0,48300331,13104,10741008,1130629,9491527,265788,8,2048,0,2048,8,4,4
chunked_256_p4,3200,2048,1813,5137347,84198,9240346,82874,32383626,0,32672416,9769,9906845,1002729,8790303,213190,8,2048,0,2048,8,4,4
chunked_256_p4,3201,2048,1713,5316703,69180,8127791,79909,29768503,0,30019474,11642,9342938,1046781,8185179,233898,8,2048,0,2048,8,4,4
chunked_256_p4,3202,2048,1633,4811306,84638,8010441,73368,29087427,0,29375978,11842,9486407,968595,8397507,236363,8,2048,0,2048,8,4,4
chunked_256_p4,3203,2048,9157,5603120,83888,8817173,81722,30356575,0,30598380,10440,10142958,949129,9058104,239399,8,2048,0,2048,8,4,4
chunked_256_p4,3204,2048,1463,4918948,73517,8631676,88898,31170502,0,31403317,8696,9603947,988933,8533251,237505,8,2048,0,2048,8,4,4
chunked_256_p4,3205,2048,2104,5313958,74089,8330421,71555,30691765,0,31026882,9929,9527524,970809,8422263,239399,8,2048,0,2048,8,4,4
chunked_256_p4,3206,2048,1653,6320194,102162,9121253,85210,31161362,0,31447340,10790,9324403,974106,8259408,258916,8,2048,0,2048,8,4,4
chunked_256_p4,3207,2048,1683,4885806,72726,7719085,91202,29061961,0,29338169,8506,9568261,1022506,8451488,236493,8,2048,0,2048,8,4,4
chunked_256_p4,3208,2048,1703,4645415,107551,7511256,76894,27929469,0,28180808,10800,9331877,986729,8268705,178454,8,2048,0,2048,8,4,4
chunked_256_p4,3209,2048,2975,4172780,146494,7917717,77105,28300064,0,28539171,10450,9345183,988402,8266571,149049,8,2048,0,2048,8,4,4
chunked_256_p4,3210,2048,1563,5074720,85130,7793094,97412,28718135,0,29030202,9799,9692053,961492,8618321,234740,8,2048,0,2048,8,4,4
chunked_256_p4,3211,2048,1313,4668769,77676,7989312,75521,29335064,0,29559734,10139,10319238,998912,9198087,272140,8,2048,0,2048,8,4,4
chunked_256_p4,3212,2048,1944,4767804,89788,8126057,89447,30198328,0,30443149,14758,9905341,982511,8825258,168305,8,2048,0,2048,8,4,4
chunked_256_p4,3213,2048,2554,4364919,123752,9962679,90330,31597764,0,31866797,9427,10095007,969567,9010204,260448,8,2048,0,2048,8,4,4
chunked_256_p4,3214,2048,1483,4978580,107080,7972550,73798,28666660,0,29008207,9799,10174315,965549,9066210,242815,8,2048,0,2048,8,4,4
chunked_256_p4,3215,2048,1563,4212164,92142,8104337,90500,29556929,0,29815163,8506,11349709,990506,10202008,241162,8,2048,0,2048,8,4,4
chunked_256_p4,3216,2048,1482,4088622,115286,9390627,81674,33089599,0,33431308,10319,9517295,980127,8429827,251782,8,2048,0,2048,8,4,4
chunked_256_p4,3217,2048,1533,3746440,80100,7786010,77185,29371063,0,29646247,11011,9406918,963225,8342283,244448,8,2048,0,2048,8,4,4
chunked_256_p4,3218,2048,1624,4206542,105428,8876564,83099,31337436,0,31646143,18896,9916253,1013108,8779632,245691,8,2048,0,2048,8,4,4
chunked_256_p4,3219,2048,2425,4506104,111519,8030359,83354,30173944,0,30438869,14046,9930980,1042564,8779643,243837,8,2048,0,2048,8,4,4
chunked_256_p4,3220,2048,1994,4340794,80601,7752287,80050,28290596,0,28540265,11071,9737257,961732,8661621,237926,8,2048,0,2048,8,4,4
chunked_256_p4,3221,2048,1522,4378145,106269,7667358,75983,28724619,0,28963007,12263,9681452,986318,8604784,226675,8,2048,0,2048,8,4,4
chunked_256_p4,3222,2048,1543,4514560,96230,7515293,81934,27877852,0,28322014,12754,9669600,970609,8608942,233418,8,2048,0,2048,8,4,4
chunked_256_p4,3223,2048,1332,4131041,92082,7562682,82504,28590646,0,28818724,8215,9992455,1003651,8889338,244929,8,2048,0,2048,8,4,4
chunked_256_p4,3224,2048,1834,4369758,94066,7536904,81482,28156542,0,28427982,7184,9662668,976510,8603462,249157,8,2048,0,2048,8,4,4
chunked_256_p4,3225,2048,1873,4988868,82584,7332881,60280,28084248,0,28311172,11882,9872881,971280,8793228,250790,8,2048,0,2048,8,4,4
chunked_256_p4,3226,2048,2204,4507256,100929,7407922,76432,27848165,0,28254127,9508,9854988,1001126,8761779,242144,8,2048,0,2048,8,4,4
chunked_256_p4,3227,2048,2494,5952154,83627,7945690,72045,29273897,0,29482269,7083,9977487,996868,8896061,248255,8,2048,0,2048,8,4,4
chunked_256_p4,3228,2048,1453,6316708,82855,7923869,76915,28930997,0,29183119,12042,9739180,986278,8644379,249728,8,2048,0,2048,8,4,4
chunked_256_p4,3229,2048,1683,5148829,80942,7986677,86020,29538652,0,29817154,8205,10023764,968064,8970109,243126,8,2048,0,2048,8,4,4
chunked_256_p4,3230,2048,1573,6319833,75381,7452215,73475,28066665,0,28338343,14768,10183674,989004,9082981,246382,8,2048,0,2048,8,4,4
chunked_256_p4,3231,2048,1864,4524188,85029,7446875,86962,28250492,0,28531706,10380,10619420,959227,9543404,243857,8,2048,0,2048,8,4,4
chunked_256_p4,3232,2048,1773,4724494,83968,8417694,73235,30672618,0,31936946,14086,10417922,980587,9310618,235962,8,2048,0,2048,8,4,4
chunked_256_p4,3233,2048,1894,4682224,96882,7403724,68389,28073788,0,28409258,10019,10267561,965309,9194540,241422,8,2048,0,2048,8,4,4
chunked_256_p4,3234,2048,1413,4325936,107121,8073259,67866,29810114,0,30009044,10810,10516257,1000595,9415774,237845,8,2048,0,2048,8,4,4
chunked_256_p4,3235,2048,1934,4984721,73929,8505829,60694,30802292,0,31041681,10129,10506569,1169151,9241268,251411,8,2048,0,2048,8,4,4
chunked_256_p4,3236,2048,2074,4974772,83787,7433480,66373,28507503,0,28729207,11421,10122749,960931,9057163,250510,8,2048,0,2048,8,4,4
chunked_256_p4,3237,2048,2144,12791671,74740,8280137,82493,31266921,0,31688773,14146,10534691,1004863,9448406,250911,8,2048,0,2048,8,4,4
chunked_256_p4,3238,2048,1864,6295818,69200,7483754,75371,28006102,0,28247183,14376,10460001,982831,9361093,245079,8,2048,0,2048,8,4,4
chunked_256_p4,3239,2048,1944,5373189,74910,7245247,76703,27813532,0,28121468,8256,10509374,1028107,9397140,235041,8,2048,0,2048,8,4,4
chunked_256_p4,3240,2048,2013,5012433,75732,8043603,71966,29663188,0,29939286,11581,10566611,967483,9464696,234980,8,2048,0,2048,8,4,4
chunked_256_p4,3241,2048,1904,5056165,129754,8263125,93606,30095256,0,30339826,10239,10623017,1181925,9331967,258935,8,2048,0,2048,8,4,4
chunked_256_p4,3242,2048,1593,4561007,71303,7610692,61596,28868816,0,29378834,11151,10462115,979696,9381741,284353,8,2048,0,2048,8,4,4
chunked_256_p4,3243,2048,1743,5776876,156734,8165472,76795,29931800,0,30219189,10479,9922063,957704,8863900,258645,8,2048,0,2048,8,4,4
chunked_256_p4,3244,2048,1833,4498049,76954,8637106,84279,31930065,0,32193980,9938,10380132,955972,9302813,235621,8,2048,0,2048,8,4,4
chunked_256_p4,3245,2048,2144,6127262,84478,7649014,78638,28248687,0,28539592,10530,10743693,983934,9632150,248054,8,2048,0,2048,8,4,4
chunked_256_p4,3246,2048,1723,5153327,77715,7553845,76142,28402605,0,28672620,11231,10506168,969427,9451251,241854,8,2048,0,2048,8,4,4
chunked_256_p4,3247,2048,2144,6389684,100328,7717272,74468,28797917,0,29083059,14708,10420858,969517,9345844,236443,8,2048,0,2048,8,4,4
chunked_256_p4,3248,2048,1653,4917946,83306,7592047,76404,27974452,0,28287067,10179,10563956,1029589,9442465,229701,8,2048,0,2048,8,4,4
chunked_256_p4,3249,2048,1673,4752486,74449,7909672,79579,28391413,0,28621875,16000,10303759,1039027,9152681,246211,8,2048,0,2048,8,4,4
chunked_256_p4,3250,2048,1814,5496049,177713,7697955,67126,28088595,0,28310332,9969,10569266,969888,9490775,241753,8,2048,0,2048,8,4,4
chunked_256_p4,3251,2048,2054,5048150,88466,7761074,66968,28108675,0,28413857,11571,10386323,961211,9328361,227958,8,2048,0,2048,8,4,4
chunked_256_p4,3252,2048,1283,5560450,109405,7695351,83747,28477034,0,28774672,11872,10588412,971480,9516774,240801,8,2048,0,2048,8,4,4
chunked_256_p4,3253,2048,1723,4747767,81463,7482953,69902,28249860,0,28667633,8786,10559598,990917,9479765,248536,8,2048,0,2048,8,4,4
chunked_256_p4,3254,2048,1512,6039388,79600,7658011,73367,27904159,0,28152345,9638,10535153,1000314,9430712,245089,8,2048,0,2048,8,4,4
chunked_256_p4,3255,2048,1773,5172192,77636,8057610,83045,29738207,0,30011730,8706,10313397,959889,9256155,245159,8,2048,0,2048,8,4,4
chunked_256_p4,3256,2048,2014,4359249,80792,7535211,70161,28420208,0,28779570,10700,10434534,953858,9374658,245781,8,2048,0,2048,8,4,4
chunked_256_p4,3257,2048,1503,6029539,83817,8407645,74178,31238469,0,31471586,12393,10896559,963676,9827156,237636,8,2048,0,2048,8,4,4
chunked_256_p4,3258,2048,1563,4753538,81513,9998797,77224,32696713,0,33029414,13565,10547215,1036282,9417859,245119,8,2048,0,2048,8,4,4
chunked_256_p4,3259,2048,2074,5860833,75262,7996836,83316,28608301,0,28862215,12403,10614681,985417,9518918,235110,8,2048,0,2048,8,4,4
chunked_256_p4,3260,2048,1543,4974231,83206,7350474,67909,27966426,0,28374040,9458,10322614,964588,9253491,273682,8,2048,0,2048,8,4,4
chunked_256_p4,3261,2048,1994,4853385,90920,7180876,65883,27276075,0,27510885,12723,10948416,970168,9851001,247774,8,2048,0,2048,8,4,4
chunked_256_p4,3262,2048,1413,5524302,85390,8706225,78607,30061023,0,30287136,11010,10809607,972703,9718322,244197,8,2048,0,2048,8,4,4
chunked_256_p4,3263,2048,1373,6362072,84699,7510164,67357,28165939,0,28422673,12363,10920875,980377,9832535,265738,8,2048,0,2048,8,4,4
chunked_256_p4,3264,2048,1523,5109815,78798,7764831,73067,28530655,0,28795902,9828,10499766,988192,9418751,272170,8,2048,0,2048,8,4,4
chunked_256_p4,3265,2048,1523,6309834,77886,7049821,72475,26634491,0,27077561,8807,10780622,960841,9713222,234068,8,2048,0,2048,8,4,4
chunked_256_p4,3266,2048,2024,5364373,81122,8031511,77835,29750249,0,30024125,12734,10758180,985046,9674530,249247,8,2048,0,2048,8,4,4
chunked_256_p4,3267,2048,1954,5904124,95068,8056658,75374,29126932,0,29400786,11091,10833131,998441,9714455,242124,8,2048,0,2048,8,4,4
chunked_256_p4,3268,2048,1834,4476959,89538,8164720,80682,29176736,0,29454266,14658,10926576,971881,9829259,242054,8,2048,0,2048,8,4,4
chunked_256_p4,3269,2048,1533,5164849,120586,7733052,58929,28161162,0,28490008,9618,11516301,978052,10425507,249858,8,2048,0,2048,8,4,4
chunked_256_p4,3270,2048,2024,4425994,83156,8219433,77444,29707490,0,30000177,11100,10940532,975148,9865577,251672,8,2048,0,2048,8,4,4
chunked_256_p4,3271,2048,1403,3919785,81613,7085467,60422,27024573,0,27301423,7114,11114588,1027014,9977537,260478,8,2048,0,2048,8,4,4
chunked_256_p4,3272,2048,1803,4433478,80511,7990082,83036,29276642,0,29543713,9878,10984594,947947,9918246,244658,8,2048,0,2048,8,4,4
chunked_256_p4,3273,2048,1723,4985333,77815,8620644,73789,30992048,0,31270100,9929,11117354,968094,10045985,240891,8,2048,0,2048,8,4,4
chunked_256_p4,3274,2048,1573,4688146,75282,7674712,76824,29112465,0,29384775,10660,10596176,979195,9483682,246883,8,2048,0,2048,8,4,4
chunked_256_p4,3275,2048,1293,6223442,84038,8311666,77505,30566929,0,30807211,10129,10850774,963446,9773685,241623,8,2048,0,2048,8,4,4
chunked_256_p4,3276,2048,1372,4805125,80320,8470834,70583,31210776,0,31581121,9879,10990616,985317,9845019,244298,8,2048,0,2048,8,4,4
chunked_256_p4,3277,2048,1372,3960512,86943,8934964,86792,33030787,0,33333715,11992,10974356,1031563,9842986,266359,8,2048,0,2048,8,4,4
chunked_256_p4,3278,2048,1854,4443907,86331,8202962,72057,31364296,0,31656384,12734,11045399,969006,9971346,250630,8,2048,0,2048,8,4,4
chunked_256_p4,3279,2048,1583,4347477,73357,8352643,93505,31590489,0,31843381,11862,11290588,975418,10162073,285515,8,2048,0,2048,8,4,4
chunked_256_p4,3280,2048,1383,4178420,69751,8549802,79418,31043231,0,31337195,7454,11191783,1027756,10061655,233558,8,2048,0,2048,8,4,4
chunked_256_p4,3281,2048,1442,6311878,133110,9563481,125526,33162034,0,33449454,9097,11427765,977792,10350045,246472,8,2048,0,2048,8,4,4
chunked_256_p4,3282,2048,1523,5266279,73438,8559530,94588,31062079,0,31406053,9758,11700406,986088,10583804,234890,8,2048,0,2048,8,4,4
chunked_256_p4,3283,2048,1333,4337458,76934,8409189,81954,31530807,0,31802816,11081,11422054,978403,10302907,242344,8,2048,0,2048,8,4,4
chunked_256_p4,3284,2048,1673,4050651,83517,8415019,73597,30563225,0,30847164,9839,12148716,975338,11046431,278081,8,2048,0,2048,8,4,4
chunked_256_p4,3285,2048,1333,5728244,72876,8267012,83397,30745756,0,31084732,8666,11759707,972432,10662792,259005,8,2048,0,2048,8,4,4
chunked_256_p4,3286,2048,1693,4875887,75331,7655877,72318,29385719,0,29701940,18765,11847511,1143924,10577221,245370,8,2048,0,2048,8,4,4
chunked_256_p4,3287,2048,2084,6181503,73578,8341472,65913,29944735,0,30307886,11241,11810101,965379,10704790,265398,8,2048,0,2048,8,4,4
chunked_256_p4,3288,2048,1393,5608269,78277,8866726,84710,32494042,0,32733664,13135,11042583,999573,9898960,237966,8,2048,0,2048,8,4,4
chunked_256_p4,3289,2048,1894,6168990,74961,8721884,73920,31914465,0,32240328,14477,6132682,978293,5072085,255990,8,2048,0,2048,8,4,4
chunked_256_p4,3290,2048,1643,5849883,78287,9049078,81855,33013996,0,33459042,9888,6610147,980077,5539390,245380,8,2048,0,2048,8,4,4
chunked_256_p4,3291,2048,2194,6096364,76363,9419211,73758,32948482,0,33207360,12714,6982925,1025461,5844893,244508,8,2048,0,2048,8,4,4
chunked_256_p4,3292,2048,2134,6362974,81312,9505633,88967,35126416,0,35430145,10720,7486669,984144,6384414,302577,8,2048,0,2048,8,4,4
chunked_256_p4,3293,2048,2996,5398517,83797,9095394,70512,33445294,0,33720729,14517,7280162,1023277,6159953,244708,8,2048,0,2048,8,4,4
chunked_256_p4,3294,2048,1704,5994152,84308,8502663,78897,32527344,0,32851021,9709,7459178,989585,6386417,259706,8,2048,0,2048,8,4,4
chunked_256_p4,3295,2048,2354,5123181,81062,8551645,77755,31545764,0,31785074,13145,7789978,986639,6653689,275476,8,2048,0,2048,8,4,4
chunked_256_p4,3296,2048,2575,4439188,79859,9702692,76804,33121098,0,33383609,11772,8153750,1036392,7019534,255879,8,2048,0,2048,8,4,4
chunked_256_p4,3297,2048,1794,6027515,77786,8715131,72647,32956278,0,33239509,12613,8033093,1009893,6906392,243036,8,2048,0,2048,8,4,4
chunked_256_p4,3298,2048,1613,5424515,110868,9269120,81043,33289472,0,33628808,10830,7951070,974035,6878320,296165,8,2048,0,2048,8,4,4
chunked_256_p4,3299,2048,1984,6317929,83857,8423065,69690,31728388,0,32013172,13605,8270298,1061639,7083884,255239,8,2048,0,2048,8,4,4
chunked_256_p4,3300,2048,2545,5828733,117851,9302913,66885,33998772,0,34229113,24396,47102217,1155265,45792653,256520,8,2048,0,2048,8,4,4
chunked_256_p4,3301,2048,1743,8421903,86041,10404487,79176,37908037,0,38159738,14628,8415831,964026,7329115,286727,8,2048,0,2048,8,4,4
chunked_256_p4,3302,2048,2274,6521561,76263,9722299,77196,36707456,0,37166027,13335,9338229,991167,8202652,262031,8,2048,0,2048,8,4,4
chunked_256_p4,3303,2048,2184,7181688,87414,11546006,76542,42186303,0,42635986,12353,8356860,1002739,7249375,246833,8,2048,0,2048,8,4,4
chunked_256_p4,3304,2048,1413,6448935,82945,10062096,78956,37349170,0,37730694,9969,8959961,1006456,7825174,244227,8,2048,0,2048,8,4,4
chunked_256_p4,3305,2048,1553,7664062,84989,9928605,87414,36830687,0,37098982,11071,8358864,975128,7298096,243316,8,2048,0,2048,8,4,4
chunked_256_p4,3306,2048,2405,7011809,82965,11675840,75060,37729525,0,41013667,15189,8534173,1088430,7363389,249477,8,2048,0,2048,8,4,4
chunked_256_p4,3307,2048,1513,6722427,87735,10024285,70200,36083248,0,36342894,10219,8737894,973644,7690521,250760,8,2048,0,2048,8,4,4
chunked_256_p4,3308,2048,1783,6718199,89788,9464546,73869,35169175,0,35403976,8756,8653626,1007348,7552933,264987,8,2048,0,2048,8,4,4
chunked_256_p4,3309,2048,2535,6854285,90670,10196668,77637,36397835,0,36650261,12583,8578205,1002358,7492711,248375,8,2048,0,2048,8,4,4
chunked_256_p4,3310,2048,1673,6458784,124935,10035276,87193,37004954,0,37277697,10159,8669326,1002619,7582229,251762,8,2048,0,2048,8,4,4
chunked_256_p4,3311,2048,1513,6281531,82144,10602288,77776,38458789,0,38754877,9197,8590328,976159,7536343,278732,8,2048,0,2048,8,4,4
chunked_256_p4,3312,2048,1924,6355399,87794,9412618,75482,34557228,0,34997303,19627,8862237,1001146,7753570,251762,8,2048,0,2048,8,4,4
chunked_256_p4,3313,2048,2044,6711146,89598,10702936,78596,39281150,0,39634030,12323,9282736,967743,8180109,255198,8,2048,0,2048,8,4,4
chunked_256_p4,3314,2048,1462,6690487,79930,10912118,79871,40343431,0,40665265,15459,8723617,1001136,7621192,282049,8,2048,0,2048,8,4,4
chunked_256_p4,3315,2048,2365,6838445,91421,9849919,62906,36256144,0,36602028,12533,8976832,973123,7931053,238537,8,2048,0,2048,8,4,4
chunked_256_p4,3316,2048,1613,6613062,89758,9689437,81413,35996776,0,36335349,12033,8764715,977462,7707002,231855,8,2048,0,2048,8,4,4
chunked_256_p4,3317,2048,2495,7130392,107382,10605023,74801,39966334,0,40250698,13756,8987452,976711,7921905,236393,8,2048,0,2048,8,4,4
chunked_256_p4,3318,2048,1823,5298039,94687,9365741,73808,34962947,0,35209351,12834,9013821,989243,7942674,251241,8,2048,0,2048,8,4,4
chunked_256_p4,3319,2048,1634,6340291,101380,9941560,67738,37094053,0,37430865,9508,9097989,1135928,7880798,250860,8,2048,0,2048,8,4,4
chunked_256_p4,3320,2048,1522,6128845,87313,9768134,72385,37351343,0,37626700,8666,8844694,1006506,7745765,247364,8,2048,0,2048,8,4,4
chunked_256_p4,3321,2048,1302,6892396,77064,10220373,81183,37790978,0,38025198,13014,8902272,983443,7848388,248476,8,2048,0,2048,8,4,4
chunked_256_p4,3322,2048,1392,6697461,77816,8922701,77586,33600205,0,33955672,9247,9036143,987410,7972039,238758,8,2048,0,2048,8,4,4
chunked_256_p4,3323,2048,1383,6233190,91011,9660223,78687,35393837,0,35629349,14898,9010766,971931,7940299,244669,8,2048,0,2048,8,4,4
chunked_256_p4,3324,2048,2024,6608063,80231,10411110,79369,38089980,0,38345035,14227,10382376,1159363,9092118,236493,8,2048,0,2048,8,4,4
chunked_256_p4,3325,2048,1813,6798130,76072,10056836,70222,36272986,0,36547107,9467,9202765,976200,8156264,249979,8,2048,0,2048,8,4,4
chunked_256_p4,3326,2048,1833,5597930,82354,10017172,78676,37485979,0,37731077,9227,10133560,1001527,9008472,256230,8,2048,0,2048,8,4,4
chunked_256_p4,3327,2048,1753,6973067,73848,9955957,84027,37851301,0,38152705,12112,9721427,994944,8628460,253155,8,2048,0,2048,8,4,4
chunked_256_p4,3328,2048,1674,7501918,74409,8753143,70221,33698700,0,34203727,14778,9347096,997800,8255090,250028,8,2048,0,2048,8,4,4
chunked_256_p4,3329,2048,1874,7070490,75191,9704375,72357,35706754,0,35937565,13666,9810334,983102,8697689,252012,8,2048,0,2048,8,4,4
chunked_256_p4,3330,2048,1814,6956917,73197,8616937,77435,33151074,0,33603101,14267,9185754,966711,8099768,232406,8,2048,0,2048,8,4,4
chunked_256_p4,3331,2048,1854,6547369,74870,8705343,70982,33500769,0,33975829,9719,9843036,970398,8761819,267782,8,2048,0,2048,8,4,4
chunked_256_p4,3332,2048,1603,7102139,77024,10335478,69259,37108169,0,37357237,10059,9301901,971811,8245362,248806,8,2048,0,2048,8,4,4
chunked_256_p4,3333,2048,2996,6837603,76714,10130734,76783,36536388,0,36797497,12825,9482640,1001266,8379071,248806,8,2048,0,2048,8,4,4
chunked_256_p4,3334,2048,1533,6623251,84879,9493841,75382,35313156,0,35644307,10009,9871489,968605,8817033,245700,8,2048,0,2048,8,4,4
chunked_256_p4,3335,2048,1923,6834508,72747,9887068,76065,37639056,0,37947203,8516,9626510,970188,8577133,245400,8,2048,0,2048,8,4,4
chunked_256_p4,3336,2048,1492,6964632,71424,9859055,64792,36097966,0,36358484,12193,9707091,1000686,8612539,269575,8,2048,0,2048,8,4,4
chunked_256_p4,3337,2048,1433,7089736,77144,9262908,73839,34884371,0,35167623,10630,9616731,972953,8559741,234660,8,2048,0,2048,8,4,4
chunked_256_p4,3338,2048,1753,6990450,94036,9647199,87004,35599091,0,35953926,12233,9698535,963756,8639820,267932,8,2048,0,2048,8,4,4
chunked_256_p4,3339,2048,2264,6693634,74389,9622692,62275,35510104,0,35782173,11221,9675672,968625,8601879,253194,8,2048,0,2048,8,4,4
chunked_256_p4,3340,2048,1733,6763104,78106,8658335,65732,33383601,0,33744746,9368,27230549,989715,26114738,247383,8,2048,0,2048,8,4,4
chunked_256_p4,3341,2048,1744,6507575,78347,9739221,70663,36059756,0,36284735,13786,10246732,990726,9147141,239018,8,2048,0,2048,8,4,4
chunked_256_p4,3342,2048,1693,5645139,75582,8825338,84079,33784082,0,34207823,10790,10041217,993382,8918623,239118,8,2048,0,2048,8,4,4
chunked_256_p4,3343,2048,2435,6679226,77425,10506729,69411,38072566,0,38312596,11502,9979662,987200,8860024,244328,8,2048,0,2048,8,4,4
chunked_256_p4,3344,2048,1793,6164061,88716,11087638,92553,40351638,0,40644275,9157,9935890,961071,8854202,300713,8,2048,0,2048,8,4,4
chunked_256_p4,3345,2048,2464,5966862,99287,12355404,677461,43106559,0,44092248,9157,10091080,964166,9014272,244999,8,2048,0,2048,8,4,4
chunked_256_p4,3346,2048,1423,6622851,71635,9848276,70111,37591915,0,37844329,9929,10099646,977101,9030703,240331,8,2048,0,2048,8,4,4
chunked_256_p4,3347,2048,2174,6774786,74559,9249423,71214,34517133,0,34789093,10429,9870536,990496,8779442,237525,8,2048,0,2048,8,4,4
chunked_256_p4,3348,2048,1764,7222735,89878,8930215,89075,34076968,0,34489031,15950,10098635,991428,9004614,236182,8,2048,0,2048,8,4,4
chunked_256_p4,3349,2048,1703,4961818,74740,9716949,91130,36054825,0,36433585,12223,9840480,984675,8750238,210635,8,2048,0,2048,8,4,4
chunked_256_p4,3350,2048,3236,5999653,81753,8849544,67366,34058111,0,34410523,13605,9942962,966862,8876664,233697,8,2048,0,2048,8,4,4
chunked_256_p4,3351,2048,2204,6146568,96300,10044472,88766,36241846,0,36492236,23704,10008906,997089,8895570,250760,8,2048,0,2048,8,4,4
chunked_256_p4,3352,2048,1623,6215167,78868,9572568,77574,36098365,0,36533170,14136,10003165,1001467,8898876,261430,8,2048,0,2048,8,4,4
chunked_256_p4,3353,2048,1914,6395795,78037,8598634,74039,33092102,0,33576248,10069,10132227,972863,9067552,245179,8,2048,0,2048,8,4,4
chunked_256_p4,3354,2048,1673,6407758,82625,9552550,74960,36002808,0,36294726,14066,10179435,969116,9117826,240651,8,2048,0,2048,8,4,4
chunked_256_p4,3355,2048,1503,7388286,76663,9337658,73670,35001972,0,35341769,16511,9956068,990276,8862167,314780,8,2048,0,2048,8,4,4
chunked_256_p4,3356,2048,2094,7555158,78717,9904701,68402,37681884,0,37916917,12363,10311483,1061770,9153433,248065,8,2048,0,2048,8,4,4
chunked_256_p4,3357,2048,1513,5583673,77205,9939716,72295,37088892,0,37434098,14076,10354433,969226,9276113,238567,8,2048,0,2048,8,4,4
chunked_256_p4,3358,2048,1493,5535723,75732,8881063,83626,33984125,0,34319771,11151,10237956,967533,9156488,248446,8,2048,0,2048,8,4,4
chunked_256_p4,3359,2048,1743,6522934,80792,11054816,70670,39906583,0,40188209,15689,10531876,974696,9451562,256080,8,2048,0,2048,8,4,4
chunked_256_p4,3360,2048,1523,6588396,74479,9323992,72637,35226573,0,35467696,13645,10387405,988262,9302763,241583,8,2048,0,2048,8,4,4
chunked_256_p4,3361,2048,1774,6591171,74841,9313072,75920,35916575,0,36212437,13305,10634840,1009562,9519900,231774,8,2048,0,2048,8,4,4
chunked_256_p4,3362,2048,1773,6439287,76894,9481026,67556,35561261,0,35797963,10259,10219230,967403,9154555,266149,8,2048,0,2048,8,4,4
chunked_256_p4,3363,2048,2785,6338608,71053,10383779,69851,37742407,0,38007755,15208,10341008,996978,9237581,245671,8,2048,0,2048,8,4,4
chunked_256_p4,3364,2048,1903,7518259,78768,9793833,77878,35817933,0,36293994,14047,10331831,972192,9272947,244788,8,2048,0,2048,8,4,4
chunked_256_p4,3365,2048,1512,6318901,91151,8877676,73556,34265152,0,34528943,13505,10400259,979736,9302903,246262,8,2048,0,2048,8,4,4
chunked_256_p4,3366,2048,1533,7094485,77726,11465506,84219,44015162,0,44379235,10069,10368400,984595,9277746,249367,8,2048,0,2048,8,4,4
chunked_256_p4,3367,2048,1272,7517437,75602,9673578,83627,35660644,0,36028005,12142,10184285,970619,9120190,275145,8,2048,0,2048,8,4,4
chunked_256_p4,3368,2048,1623,6245223,75661,9798181,57978,36312759,0,36550654,10971,10475922,976290,9386820,252273,8,2048,0,2048,8,4,4
chunked_256_p4,3369,2048,1763,5753151,220944,10112561,77766,37245176,0,37502829,10720,10545782,979346,9458154,232857,8,2048,0,2048,8,4,4
chunked_256_p4,3370,2048,1633,5626955,74961,9692403,75502,36061777,0,36327297,16271,11659950,970158,10580227,237255,8,2048,0,2048,8,4,4
chunked_256_p4,3371,2048,2645,5325289,88686,9229405,82373,35270825,0,35552273,17973,10510596,985006,9403532,240761,8,2048,0,2048,8,4,4
chunked_256_p4,3372,2048,1453,5647443,77135,9359078,85219,34681292,0,35097721,16200,10221134,964918,9154715,81232,8,2048,0,2048,8,4,4
chunked_256_p4,3373,2048,3337,5627906,96611,11044587,85170,40799004,0,41169760,17082,10359873,973153,9273709,257282,8,2048,0,2048,8,4,4
chunked_256_p4,3374,2048,1903,5563195,98986,9319525,82985,34885363,0,35166100,13335,10776805,986008,9659962,247644,8,2048,0,2048,8,4,4
chunked_256_p4,3375,2048,1533,5975277,116729,10642403,73469,39025982,0,39263870,14157,10544179,972061,9474545,228708,8,2048,0,2048,8,4,4
chunked_256_p4,3376,2048,1743,6002418,71434,10289021,69520,37914961,0,38227957,12614,10888475,1052081,9741245,250920,8,2048,0,2048,8,4,4
chunked_256_p4,3377,2048,2234,6196913,71704,9612633,63010,35259502,0,35557926,15138,10716542,979275,9620929,245991,8,2048,0,2048,8,4,4
chunked_256_p4,3378,2048,2815,5907300,83937,9635717,66244,35560508,0,35835604,15790,10553366,977021,9449307,248746,8,2048,0,2048,8,4,4
chunked_256_p4,3379,2048,2696,6286200,71324,9937292,78929,37133467,0,37426065,9507,10690082,975578,9618635,245090,8,2048,0,2048,8,4,4
chunked_256_p4,3380,2048,1593,6802548,73939,9819371,72064,36135305,0,36433344,13355,10345818,970759,9280901,247714,8,2048,0,2048,8,4,4
chunked_256_p4,3381,2048,1973,6684096,73918,10475099,73497,37777151,0,38048359,11913,10309078,957044,9261175,247324,8,2048,0,2048,8,4,4
chunked_256_p4,3382,2048,1613,5795220,73338,10405069,96381,37841745,0,38121257,10309,10602047,990326,9513638,251260,8,2048,0,2048,8,4,4
chunked_256_p4,3383,2048,2034,7176308,76213,9608306,74570,37124462,0,37467352,10660,10876442,985196,9754359,247714,8,2048,0,2048,8,4,4
chunked_256_p4,3384,2048,1503,5977391,74269,10427010,96049,38155151,0,38435566,17844,10730769,988904,9602023,251071,8,2048,0,2048,8,4,4
chunked_256_p4,3385,2048,2244,6935577,74660,10254165,88047,39522072,0,39792809,10760,11021313,971651,9936180,251461,8,2048,0,2048,8,4,4
chunked_256_p4,3386,2048,2113,6686860,75041,10123090,65652,37946247,0,38195847,17954,12227514,1109730,10947825,241543,8,2048,0,2048,8,4,4
chunked_256_p4,3387,2048,1523,5987671,68127,10919542,84459,40399217,0,40683870,13866,10839653,990657,9720756,236373,8,2048,0,2048,8,4,4
chunked_256_p4,3388,2048,2054,6212843,78728,10379611,81250,38075931,0,38324715,8897,11069213,993041,9950366,245540,8,2048,0,2048,8,4,4
chunked_256_p4,3389,2048,1994,6695637,74370,10838130,79430,40855630,0,41112934,11050,11024208,961983,9947781,273041,8,2048,0,2048,8,4,4
chunked_256_p4,3390,2048,1853,6576985,81472,10139020,85771,39196363,0,39532081,11311,10806701,974155,9698585,242104,8,2048,0,2048,8,4,4
chunked_256_p4,3391,2048,1784,7087261,69851,10666718,77865,39627750,0,40103882,10650,10840625,966681,9739862,239138,8,2048,0,2048,8,4,4
chunked_256_p4,3392,2048,1593,7576668,72586,10442589,85620,38485910,0,38767818,8596,10590236,979566,9516714,246392,8,2048,0,2048,8,4,4
chunked_256_p4,3393,2048,2706,7433810,89147,10721812,79579,39024479,0,39292561,14968,11124026,1038536,9969252,243817,8,2048,0,2048,8,4,4
chunked_256_p4,3394,2048,1874,6996421,77525,10302576,81021,37558983,0,37785388,15179,11331395,999733,10207819,259045,8,2048,0,2048,8,4,4
chunked_256_p4,3395,2048,2234,6394934,86031,10317154,88868,38401212,0,38696375,11001,11610518,953206,10522308,209092,8,2048,0,2048,8,4,4
chunked_256_p4,3396,2048,1663,5768048,210684,10590807,75923,38900557,0,39139276,14096,11565152,1119708,10303528,253135,8,2048,0,2048,8,4,4
chunked_256_p4,3397,2048,1643,7319968,74580,10812943,78137,40755203,0,41010262,14257,11674087,981920,10542686,245640,8,2048,0,2048,8,4,4
chunked_256_p4,3398,2048,1623,6675019,84328,10761697,68117,38704469,0,38958776,14026,11294184,990556,10141695,291286,8,2048,0,2048,8,4,4
chunked_256_p4,3399,2048,1683,7634747,86732,10980827,93315,39857452,0,40163631,10690,11293434,999292,10171961,240651,8,2048,0,2048,8,4,4
chunked_256_p4,3400,2048,2214,7707764,78016,10251881,73466,38652342,0,38905135,11953,10689352,973484,9601884,252483,8,2048,0,2048,8,4,4
chunked_256_p4,3401,2048,1973,8025790,87895,10018304,79007,36748044,0,37278807,12303,11089762,1079072,9890695,245671,8,2048,0,2048,8,4,4
chunked_256_p4,3402,2048,2134,7738111,85580,10089447,80992,38254345,0,38619381,12223,11259099,1038196,10070111,252704,8,2048,0,2048,8,4,4
chunked_256_p4,3403,2048,2234,7898933,89869,9831303,73469,36084819,0,36408959,8947,11504650,1007829,10370574,244278,8,2048,0,2048,8,4,4
chunked_256_p4,3404,2048,1473,6339871,88927,8930315,75992,34473179,0,34768524,11021,11843714,999333,10718306,247564,8,2048,0,2048,8,4,4
chunked_256_p4,3405,2048,2295,6762783,233047,9855018,74309,36903776,0,37211152,11622,11753625,976951,10652593,232024,8,2048,0,2048,8,4,4
chunked_256_p4,3406,2048,1263,29559513,98234,10298308,80521,38241933,0,38472204,18444,12247661,1295187,10804848,252704,8,2048,0,2048,8,4,4
chunked_256_p4,3407,2048,1553,5297567,84949,10584785,97563,39117624,0,39487386,15559,11778732,1005805,10644998,252102,8,2048,0,2048,8,4,4
chunked_256_p4,3408,2048,1372,6282533,100689,10409918,78438,38794269,0,39058425,12964,11776969,961131,10669093,239790,8,2048,0,2048,8,4,4
chunked_256_p4,3409,2048,2174,5977562,92994,11115540,93306,40828450,0,41168538,16932,11563940,995256,10439583,258545,8,2048,0,2048,8,4,4
chunked_256_p4,3410,2048,2155,6213884,73247,11118285,110616,41610196,0,41919104,13285,11581042,966892,10474148,253094,8,2048,0,2048,8,4,4
chunked_256_p4,3411,2048,1412,6047984,126267,10477213,92592,38629239,0,39088720,10519,11552218,991909,10418534,290404,8,2048,0,2048,8,4,4
chunked_256_p4,3412,2048,2615,6397178,87995,10189184,78007,39241396,0,39518607,11382,11270040,971550,10168225,275406,8,2048,0,2048,8,4,4
chunked_256_p4,3413,2048,2875,6439718,72436,10611536,73296,38845956,0,39100963,15759,11476727,1185411,10149490,246431,8,2048,0,2048,8,4,4
chunked_256_p4,3414,2048,2856,6628401,75712,10062427,67807,36870202,0,37232001,13406,11448735,984846,10317905,249848,8,2048,0,2048,8,4,4
chunked_256_p4,3415,2048,1483,8047270,83516,10109685,69912,38493827,0,38862145,20759,11170893,1058583,9993827,236283,8,2048,0,2048,8,4,4
chunked_256_p4,3416,2048,1874,7454429,72636,9911543,82374,36379712,0,36716104,12955,11448183,975407,10356808,240460,8,2048,0,2048,8,4,4
chunked_256_p4,3417,2048,1654,6663637,73708,9872450,78317,36586681,0,36846939,12132,11558991,971871,10471824,253545,8,2048,0,2048,8,4,4
chunked_256_p4,3418,2048,1944,6752193,80290,10373640,81342,39269267,0,39610618,11241,11361782,981740,10265257,246492,8,2048,0,2048,8,4,4
chunked_256_p4,3419,2048,1753,5729577,76343,10007844,72374,37638662,0,37929397,10068,11147640,996237,10051426,247824,8,2048,0,2048,8,4,4
chunked_256_p4,3420,2048,1974,7539568,79009,9468293,72916,35718786,0,35957753,12834,11235204,980778,10158847,239980,8,2048,0,2048,8,4,4
chunked_256_p4,3421,2048,1814,6724541,71925,10051205,70743,36891070,0,37136892,13685,11892856,986258,10771255,246783,8,2048,0,2048,8,4,4
chunked_256_p4,3422,2048,1693,6516291,79449,10507220,77583,36637156,0,36904105,11712,11368354,990847,10267320,232035,8,2048,0,2048,8,4,4
chunked_256_p4,3423,2048,1773,6831281,81192,11144374,81273,40318203,0,40691032,17112,6378954,1128435,5158827,248325,8,2048,0,2048,8,4,4
chunked_256_p4,3424,2048,2013,6852592,85210,10889196,81183,39135397,0,39470718,12603,6617871,988903,5546645,260699,8,2048,0,2048,8,4,4
chunked_256_p4,3425,2048,2104,6822686,82845,12345916,95138,46497716,0,46804458,11111,6883029,995095,5799047,257723,8,2048,0,2048,8,4,4
chunked_256_p4,3426,2048,2564,6683925,78687,11416534,76713,41374812,0,41926637,14567,7307954,968114,6231788,244087,8,2048,0,2048,8,4,4
chunked_256_p4,3427,2048,1834,7925873,75331,10895127,79668,39636678,0,39950912,10620,7329085,944019,6290939,256350,8,2048,0,2048,8,4,4
chunked_256_p4,3428,2048,2585,6768434,75221,10665657,74120,39019772,0,39370440,15399,7690631,985857,6598565,252282,8,2048,0,2048,8,4,4
chunked_256_p4,3429,2048,1904,6867158,74370,11530418,90349,42348016,0,42643523,11722,8056708,950581,6969380,239278,8,2048,0,2048,8,4,4
chunked_256_p4,3430,2048,2034,5400780,83477,10740247,73288,40004656,0,40264495,10049,8233259,1289026,6842923,242013,8,2048,0,2048,8,4,4
chunked_256_p4,3431,2048,1553,6078080,89618,11515339,72647,42165358,0,42448861,11221,7906527,999543,6819279,258174,8,2048,0,2048,8,4,4
chunked_256_p4,3432,2048,2245,7217785,71224,12315589,75232,46594948,0,47126062,10770,7851984,984365,6785405,246722,8,2048,0,2048,8,4,4
chunked_256_p4,3433,2048,1673,30030736,78768,14418970,81152,54418198,0,54661501,12654,8165071,993041,7085819,248887,8,2048,0,2048,8,4,4
chunked_256_p4,3434,2048,1874,7585315,80991,12571970,75542,44601190,0,44881527,9257,8192292,1041061,7059199,244538,8,2048,0,2048,8,4,4
chunked_256_p4,3435,2048,1843,7628736,101911,12416057,76895,44115111,0,44345192,12663,8015230,985387,6943742,251331,8,2048,0,2048,8,4,4
chunked_256_p4,3436,2048,1713,7159417,83586,12506506,83807,45291044,0,45572088,11021,8142259,987611,7062054,242865,8,2048,0,2048,8,4,4
chunked_256_p4,3437,2048,1593,7373247,77385,11548251,61708,42722943,0,43043100,14177,8227658,969627,7173232,233708,8,2048,0,2048,8,4,4
chunked_256_p4,3438,2048,1543,8354155,90189,11968107,89180,43881339,0,44195951,12163,8311225,989665,7238755,255960,8,2048,0,2048,8,4,4
chunked_256_p4,3439,2048,1764,7618376,89408,13104527,71806,46188855,0,46434507,14928,8292410,976780,7240748,247594,8,2048,0,2048,8,4,4
chunked_256_p4,3440,2048,1954,7800517,76644,11731344,75874,42975785,0,43407775,10680,8541176,976640,7481620,233397,8,2048,0,2048,8,4,4
chunked_256_p4,3441,2048,1543,8130386,77105,13115478,86262,48856254,0,49116174,11762,8581822,988362,7509131,246412,8,2048,0,2048,8,4,4
chunked_256_p4,3442,2048,1603,8902884,82825,11877417,113962,43629832,0,43951391,14106,8473950,994013,7392373,246782,8,2048,0,2048,8,4,4
chunked_256_p4,3443,2048,1593,8226597,82234,11442021,78787,42365680,0,42702702,11482,8628299,971280,7557011,243787,8,2048,0,2048,8,4,4
chunked_256_p4,3444,2048,1844,7597687,83827,11737776,85681,42498399,0,42885346,15910,18181972,984385,17046774,244408,8,2048,0,2048,8,4,4
chunked_256_p4,3445,2048,1633,7459799,85009,12265214,81124,45265445,0,45579967,16380,9241948,981810,8164630,234058,8,2048,0,2048,8,4,4
chunked_256_p4,3446,2048,1623,7426546,97272,11683063,72535,44821152,0,45081598,14638,9212725,974777,8135165,244869,8,2048,0,2048,8,4,4
chunked_256_p4,3447,2048,1593,8465504,81112,11632198,86623,43601397,0,43896169,10570,10133860,1066839,8969268,255559,8,2048,0,2048,8,4,4
chunked_256_p4,3448,2048,2454,7667539,79860,12632733,94137,44924734,0,45259104,16762,9019643,995676,7922376,246742,8,2048,0,2048,8,4,4
chunked_256_p4,3449,2048,1513,7716250,77435,11828616,71275,43484506,0,43728997,10800,9089022,975969,8019268,243246,8,2048,0,2048,8,4,4
chunked_256_p4,3450,2048,1513,7552944,80411,10532327,88857,40833730,0,41103355,10540,10004418,976560,8918472,270688,8,2048,0,2048,8,4,4
chunked_256_p4,3451,2048,1422,7599962,80912,12172020,83297,44530278,0,44801025,10129,9643010,965289,8588465,249087,8,2048,0,2048,8,4,4
chunked_256_p4,3452,2048,2906,8135916,93215,12138587,79447,44672173,0,45025136,15960,9413099,979556,8343725,242475,8,2048,0,2048,8,4,4
chunked_256_p4,3453,2048,1633,8605456,80110,10686506,85801,40972550,0,41333858,9448,9369839,981400,8310804,236463,8,2048,0,2048,8,4,4
chunked_256_p4,3454,2048,1503,9582306,112291,11394082,88186,42166126,0,42797110,11402,9365330,981940,8292220,270306,8,2048,0,2048,8,4,4
chunked_256_p4,3455,2048,2564,6970323,228248,12852194,72036,45403002,0,45733653,14327,9229806,1009492,8135846,253154,8,2048,0,2048,8,4,4
chunked_256_p4,3456,2048,1954,7500966,83877,12753079,90607,45585907,0,45854186,10940,9444949,992670,8367350,291697,8,2048,0,2048,8,4,4
chunked_256_p4,3457,2048,1673,8519956,90239,12775130,81696,45341689,0,45649466,10439,9774216,1000374,8682129,263233,8,2048,0,2048,8,4,4
chunked_256_p4,3458,2048,1883,8219403,82975,13794420,75451,47238353,0,47478972,16901,9493400,1094281,8294283,252403,8,2048,0,2048,8,4,4
chunked_256_p4,3459,2048,1503,7892280,82805,12500765,81453,46939593,0,47227422,12233,9175565,980898,8101131,247373,8,2048,0,2048,8,4,4
chunked_256_p4,3460,2048,1402,7514672,132428,13314060,94468,49773554,0,50057643,10750,9240506,991639,8154401,256030,8,2048,0,2048,8,4,4
chunked_256_p4,3461,2048,1744,7799055,93986,12143416,70683,46764995,0,47111835,10690,9314484,988102,8232256,235170,8,2048,0,2048,8,4,4
chunked_256_p4,3462,2048,2234,7562832,95278,11898528,79960,43366788,0,43884959,15809,9362434,971060,8291678,245209,8,2048,0,2048,8,4,4
chunked_256_p4,3463,2048,1884,7908079,74781,14269981,88235,53883254,0,54205418,11722,9527483,972051,8453923,249177,8,2048,0,2048,8,4,4
chunked_256_p4,3464,2048,2054,7997497,82484,12541742,92193,45956831,0,46229721,31018,9886938,965550,8769944,276889,8,2048,0,2048,8,4,4
chunked_256_p4,3465,2048,1853,9343299,82715,13832652,83736,51881031,0,52187777,10260,10041447,1011295,8894678,251862,8,2048,0,2048,8,4,4
chunked_256_p4,3466,2048,2194,8680507,95028,11370908,76204,43929954,0,44242117,9077,9695770,976940,8630913,243196,8,2048,0,2048,8,4,4
chunked_256_p4,3467,2048,1583,7620560,85681,12624588,76345,45540401,0,45890846,10269,9988478,961943,8933701,233628,8,2048,0,2048,8,4,4
chunked_256_p4,3468,2048,1794,8260199,90058,10561352,86121,40872833,0,41167194,15890,9900683,1003190,8806704,252013,8,2048,0,2048,8,4,4
chunked_256_p4,3469,2048,1874,7942474,91952,12019834,64470,43550061,0,43876411,13184,9733450,1016234,8601880,280275,8,2048,0,2048,8,4,4
chunked_256_p4,3470,2048,2394,7886007,120876,11780556,73016,45375390,0,45672116,12073,9675080,1018729,8532430,234950,8,2048,0,2048,8,4,4
chunked_256_p4,3471,2048,1503,8683202,112340,12703235,89648,45690241,0,46067168,12794,9759479,966652,8686147,242805,8,2048,0,2048,8,4,4
chunked_256_p4,3472,2048,1583,7901417,90940,11848083,74611,44111552,0,44578680,11651,11096374,972632,10030487,242634,8,2048,0,2048,8,4,4
chunked_256_p4,3473,2048,1493,9040331,96671,12788636,87785,45607876,0,46006743,11041,9878552,967123,8829446,238177,8,2048,0,2048,8,4,4
chunked_256_p4,3474,2048,1653,9017718,95369,11797879,85512,43331352,0,43955881,14837,10254807,985777,9184151,256941,8,2048,0,2048,8,4,4
chunked_256_p4,3475,2048,2164,8177804,88295,12091368,84228,43973756,0,44238683,13245,10169327,974146,9069005,241924,8,2048,0,2048,8,4,4
chunked_256_p4,3476,2048,2254,8946405,88576,12869176,81413,46312599,0,46643697,11813,9968561,981039,8900238,239709,8,2048,0,2048,8,4,4
chunked_256_p4,3477,2048,1563,8132470,91291,12017070,72676,44099288,0,44358915,9568,10003386,990176,8929704,260829,8,2048,0,2048,8,4,4
chunked_256_p4,3478,2048,1894,8128102,85691,11901703,85253,43834024,0,44369778,12404,10544089,1006045,9380970,266890,8,2048,0,2048,8,4,4
chunked_256_p4,3479,2048,1633,8637546,89267,11927922,79780,44229411,0,44491052,15980,10319388,1018569,9191615,246271,8,2048,0,2048,8,4,4
chunked_256_p4,3480,2048,1964,8187673,97773,11890692,77716,44136551,0,44396386,11802,10590887,1119428,9357425,247504,8,2048,0,2048,8,4,4
chunked_256_p4,3481,2048,1313,7832808,81663,12352698,100529,46906089,0,47199328,14207,11200880,1038987,10006842,238247,8,2048,0,2048,8,4,4
chunked_256_p4,3482,2048,1483,8476435,82154,12692525,82065,46804429,0,47207455,13144,10168204,1162258,8884369,233989,8,2048,0,2048,8,4,4
chunked_256_p4,3483,2048,1893,8921449,100468,11933914,84579,45986015,0,46363403,12384,9934187,1019320,8818465,237345,8,2048,0,2048,8,4,4
chunked_256_p4,3484,2048,1973,7699910,79659,11922102,79928,45080407,0,45488764,12183,15658143,1043485,14471298,262141,8,2048,0,2048,8,4,4
chunked_256_p4,3485,2048,3166,8760146,80080,12640007,76352,47930559,0,48199885,13335,9943284,986008,8802416,280806,8,2048,0,2048,8,4,4
chunked_256_p4,3486,2048,2555,7615140,78507,12285622,78937,46337213,0,46620393,17563,10184155,974516,9076839,251511,8,2048,0,2048,8,4,4
chunked_256_p4,3487,2048,3587,9128977,75301,12259744,83036,47677904,0,47985351,14377,10149410,1046230,8965080,257623,8,2048,0,2048,8,4,4
chunked_256_p4,3488,2048,2344,8493497,84528,12469717,81702,47794263,0,48105577,15329,9773004,996127,8650300,260798,8,2048,0,2048,8,4,4
chunked_256_p4,3489,2048,2975,8243198,99246,11580071,92965,44908606,0,45227062,11491,10088164,986930,8979898,265337,8,2048,0,2048,8,4,4
chunked_256_p4,3490,2048,1743,7318805,78477,13254308,82936,51631844,0,51935363,13405,10500137,1004382,9355903,241172,8,2048,0,2048,8,4,4
chunked_256_p4,3491,2048,1443,7377555,72516,12706631,100569,48672069,0,48994033,14377,10183724,974155,9058595,248907,8,2048,0,2048,8,4,4
chunked_256_p4,3492,2048,2925,6855086,78898,12153735,80331,46465612,0,46845197,14107,10158075,981409,9050721,247073,8,2048,0,2048,8,4,4
chunked_256_p4,3493,2048,2695,7275284,98194,12266597,84809,45767245,0,46043324,9418,10294712,961622,9201754,247123,8,2048,0,2048,8,4,4
chunked_256_p4,3494,2048,3627,7237202,81333,11659970,99547,44241045,0,44551589,14578,10288841,972242,9210029,266710,8,2048,0,2048,8,4,4
chunked_256_p4,3495,2048,2615,7363900,100338,12753239,86911,48519855,0,48833460,18374,10104886,976960,9009433,266900,8,2048,0,2048,8,4,4
chunked_256_p4,3496,2048,1674,8835958,97663,12493362,81265,47248100,0,47583549,13375,11799602,1022436,10647914,253596,8,2048,0,2048,8,4,4
chunked_256_p4,3497,2048,2505,8429406,92062,12956870,104398,48296336,0,48606476,12473,10903953,1006125,9781620,237345,8,2048,0,2048,8,4,4
chunked_256_p4,3498,2048,1613,7861733,72997,12238925,92465,47018238,0,47331148,11882,10948126,998121,9796919,238026,8,2048,0,2048,8,4,4
chunked_256_p4,3499,2048,1192,7763318,71865,11709763,92343,45545839,0,45891527,22612,13148299,979856,12008674,236914,8,2048,0,2048,8,4,4
chunked_256_p4,3500,2048,1593,8163238,112741,12492861,76696,48123772,0,48463881,10460,10617958,980437,9502857,237795,8,2048,0,2048,8,4,4
chunked_256_p4,3501,2048,1322,7777895,135594,13029286,80991,47259645,0,47575664,17262,10564036,982912,9445981,251270,8,2048,0,2048,8,4,4
chunked_256_p4,3502,2048,1432,8458922,83878,13932890,90169,53004729,0,53302497,16220,11549543,1099471,10302917,238547,8,2048,0,2048,8,4,4
chunked_256_p4,3503,2048,2244,8056368,84498,13401454,82433,48235150,0,48583781,12734,10655819,1017136,9479555,248035,8,2048,0,2048,8,4,4
chunked_256_p4,3504,2048,1452,8032944,77144,13214162,76525,48061153,0,48343835,14296,10389860,1048936,9221691,247173,8,2048,0,2048,8,4,4
chunked_256_p4,3505,2048,1423,9337167,80360,12827798,80782,46604463,0,47239592,17743,10314528,1058603,9120391,268373,8,2048,0,2048,8,4,4
chunked_256_p4,3506,2048,1864,8142138,78587,12730116,91089,45558003,0,45853847,29075,10399979,1038456,9201072,240421,8,2048,0,2048,8,4,4
chunked_256_p4,3507,2048,1372,8753103,80891,12900405,86594,48119565,0,48410370,9378,10448029,979686,9360752,238227,8,2048,0,2048,8,4,4
chunked_256_p4,3508,2048,2184,8778160,77495,13314020,90260,49742886,0,50090426,12653,10759913,990165,9664090,245591,8,2048,0,2048,8,4,4
chunked_256_p4,3509,2048,1502,8334459,90770,11771289,78447,44066498,0,44384313,10510,10344786,970940,9210019,258254,8,2048,0,2048,8,4,4
chunked_256_p4,3510,2048,1964,7737720,76764,12160889,76936,46330370,0,46600717,11541,10204493,988121,9114020,247453,8,2048,0,2048,8,4,4
chunked_256_p4,3511,2048,2044,8689934,97693,12386552,87125,47758956,0,48046889,17202,10323025,985877,9235356,257302,8,2048,0,2048,8,4,4
chunked_256_p4,3512,2048,1593,7964886,84999,11893979,66445,44233382,0,44549705,15499,10914133,979986,9843847,245770,8,2048,0,2048,8,4,4
chunked_256_p4,3513,2048,1753,8012565,85400,11769506,77986,44109319,0,44384965,13756,10397034,980057,9323852,242945,8,2048,0,2048,8,4,4
chunked_256_p4,3514,2048,1963,8256062,89207,12063596,78077,45454590,0,45936081,12233,10768610,988633,9678697,281898,8,2048,0,2048,8,4,4
chunked_256_p4,3515,2048,2154,8696076,79389,10862165,71103,42082580,0,42322700,15108,10381574,987230,9294357,236985,8,2048,0,2048,8,4,4
chunked_256_p4,3516,2048,1734,8441258,83697,12905314,78476,46591642,0,46860163,13776,10409858,967122,9341776,237906,8,2048,0,2048,8,4,4
chunked_256_p4,3517,2048,1814,7897128,86121,13167726,77967,46994784,0,47316609,12674,11443094,1482177,9821725,248205,8,2048,0,2048,8,4,4
chunked_256_p4,3518,2048,1663,9129568,88966,12167432,102992,44734310,0,45268580,16000,10795109,1011576,9672666,270457,8,2048,0,2048,8,4,4
chunked_256_p4,3519,2048,1613,7850351,87214,10870461,79409,42109020,0,42498560,8697,10913832,996527,9825984,244589,8,2048,0,2048,8,4,4
chunked_256_p4,3520,2048,2304,9301420,91361,12138947,79639,46297440,0,46581340,13836,10827400,1050869,9650294,251461,8,2048,0,2048,8,4,4
chunked_256_p4,3521,2048,1704,9030262,108674,11706437,73718,43578213,0,43914501,12143,10907901,968945,9834881,236934,8,2048,0,2048,8,4,4
chunked_256_p4,3522,2048,1723,8169519,94497,11089211,81381,42890865,0,43304191,13876,10622747,968876,9557029,261019,8,2048,0,2048,8,4,4
chunked_256_p4,3523,2048,1924,7951691,91070,13369704,78577,47980485,0,48272409,16220,10924412,1035300,9756874,243897,8,2048,0,2048,8,4,4
chunked_256_p4,3524,2048,2404,8703079,99667,12929169,99318,46351601,0,46670348,13145,11048144,990546,9954674,238146,8,2048,0,2048,8,4,4
chunked_256_p4,3525,2048,2084,8457388,90750,13160292,89399,47389926,0,47731246,12183,10871102,1059205,9701440,249998,8,2048,0,2048,8,4,4
chunked_256_p4,3526,2048,1463,9421415,87103,12610090,83805,46524314,0,46947998,12163,11001096,975087,9912084,264366,8,2048,0,2048,8,4,4
chunked_256_p4,3527,2048,1684,8287580,89397,11978417,98735,45302956,0,45681265,16671,10824444,1003861,9710557,266740,8,2048,0,2048,8,4,4
chunked_256_p4,3528,2048,2094,6537120,83857,11949242,73500,44688905,0,45016518,12032,10809867,982541,9691682,236363,8,2048,0,2048,8,4,4
chunked_256_p4,3529,2048,1453,8687089,89448,13416061,81973,50540882,0,50815195,10991,10765765,990597,9660193,249036,8,2048,0,2048,8,4,4
chunked_256_p4,3530,2048,1273,9229976,92624,13210776,96662,49279477,0,49618893,10619,10909293,968885,9824491,254778,8,2048,0,2048,8,4,4
chunked_256_p4,3531,2048,1453,8214644,97502,12861291,76914,46348465,0,46578885,12754,10694571,1005694,9576235,249267,8,2048,0,2048,8,4,4
chunked_256_p4,3532,2048,1803,9385849,90289,14089653,75411,52579550,0,52898457,11001,10801662,1000074,9698184,251121,8,2048,0,2048,8,4,4
chunked_256_p4,3533,2048,1694,8492915,91912,12464258,79719,47590532,0,48079819,11652,10551152,982040,9461901,238618,8,2048,0,2048,8,4,4
chunked_256_p4,3534,2048,1643,7859799,89107,11481165,69861,43936174,0,44234451,11171,10600084,968054,9525280,250539,8,2048,0,2048,8,4,4
chunked_256_p4,3535,2048,1532,8789641,92253,13093006,95558,49382130,0,49738688,10920,10737331,984805,9659412,246152,8,2048,0,2048,8,4,4
chunked_256_p4,3536,2048,2365,8934873,96160,11907314,78836,44453965,0,44887224,16190,10641351,992560,9545918,239670,8,2048,0,2048,8,4,4
chunked_256_p4,3537,2048,2205,8853961,81844,12340916,93424,46049455,0,46373541,12563,10799788,1011316,9679599,234730,8,2048,0,2048,8,4,4
chunked_256_p4,3538,2048,2595,7587589,80220,13232527,87594,47504119,0,48008284,14086,11213984,970388,10123210,251291,8,2048,0,2048,8,4,4
chunked_256_p4,3539,2048,2054,8818395,106640,11872268,90018,44109350,0,44501333,14608,11047643,998200,9941690,242735,8,2048,0,2048,8,4,4
chunked_256_p4,3540,2048,2124,8982383,98866,12908139,81753,46644148,0,46913643,9307,11223793,1012006,10092934,244378,8,2048,0,2048,8,4,4
chunked_256_p4,3541,2048,1513,7946251,108343,12269362,103354,45140819,0,45503021,14627,11080645,995396,9973419,239538,8,2048,0,2048,8,4,4
chunked_256_p4,3542,2048,1343,7844540,138710,11748926,61214,43631783,0,44519978,11131,11111973,1001717,9989190,268583,8,2048,0,2048,8,4,4
chunked_256_p4,3543,2048,1914,8246884,85841,13100680,87956,47795557,0,48070861,9307,12062975,971511,10967052,238327,8,2048,0,2048,8,4,4
chunked_256_p4,3544,2048,1613,8452810,106350,12677557,88196,46742904,0,47045281,17032,11418337,1036763,10233557,246261,8,2048,0,2048,8,4,4
chunked_256_p4,3545,2048,2414,8311636,117651,12642571,94526,47255846,0,47592596,12323,11217841,974997,10116628,260028,8,2048,0,2048,8,4,4
chunked_256_p4,3546,2048,1543,9010125,85370,10834653,79289,41891321,0,42349001,12614,10814156,1009321,9696110,245229,8,2048,0,2048,8,4,4
chunked_256_p4,3547,2048,2073,8218771,102041,12222124,77837,44581835,0,44846541,12203,10892462,993201,9780548,246362,8,2048,0,2048,8,4,4
chunked_256_p4,3548,2048,1523,7953023,83216,15678150,74490,49625956,0,49881966,11071,11173058,978644,10080610,246882,8,2048,0,2048,8,4,4
chunked_256_p4,3549,2048,1543,8292399,88115,12211193,76262,44893066,0,45261528,12283,11291651,991388,10175349,242835,8,2048,0,2048,8,4,4
chunked_256_p4,3550,2048,2766,8191710,85551,14275342,82638,48660368,0,48933449,8145,11369826,970820,10285354,243907,8,2048,0,2048,8,4,4
chunked_256_p4,3551,2048,1743,8908955,86923,12338311,73318,47753015,0,48107512,17002,11239623,1006797,10113663,242845,8,2048,0,2048,8,4,4
chunked_256_p4,3552,2048,1453,9263479,89939,12302855,91793,45185394,0,45472102,10379,11999726,1011706,10749093,397725,8,2048,0,2048,8,4,4
chunked_256_p4,3553,2048,2604,8824306,83827,12571839,91613,45622283,0,45935923,12233,10982511,980838,9892097,245059,8,2048,0,2048,8,4,4
chunked_256_p4,3554,2048,1573,9210560,92192,12688848,85751,46246814,0,46541465,12844,11079322,973674,9992285,238828,8,2048,0,2048,8,4,4
chunked_256_p4,3555,2048,1984,8915517,89668,11788701,88297,43502581,0,45442558,16942,11655733,986900,10529552,247664,8,2048,0,2048,8,4,4
chunked_256_p4,3556,2048,1573,7718404,84829,12138106,93958,44556056,0,44936880,13866,11343106,1004803,10221605,237355,8,2048,0,2048,8,4,4
chunked_256_p4,3557,2048,1553,9028749,92063,12811649,84197,47666041,0,48209381,16170,6295878,1011245,5190336,248556,8,2048,0,2048,8,4,4
chunked_256_p4,3558,2048,1783,8557246,97963,12939478,94757,48608500,0,48996486,11411,6736153,985496,5645088,303819,8,2048,0,2048,8,4,4
chunked_256_p4,3559,2048,2705,10018965,93405,13396083,81853,48416481,0,48770736,13636,6958561,976921,5871412,279974,8,2048,0,2048,8,4,4
chunked_256_p4,3560,2048,1503,8208723,92493,13927259,71873,51555213,0,51850863,11221,7243203,972834,6183477,264817,8,2048,0,2048,8,4,4
chunked_256_p4,3561,2048,1693,8590127,94056,13620465,77996,47957489,0,48297907,11792,7094274,986839,6019801,239238,8,2048,0,2048,8,4,4
chunked_256_p4,3562,2048,1532,9467361,94697,13013086,99155,48075500,0,48373439,11171,7571238,989535,6499500,235371,8,2048,0,2048,8,4,4
chunked_256_p4,3563,2048,1754,9305478,82745,14092118,86290,47761833,0,48130763,14527,7462575,985356,6391698,241342,8,2048,0,2048,8,4,4
chunked_256_p4,3564,2048,2134,8928622,88156,14792140,76213,54377369,0,54615446,17633,7719276,1009162,6627549,246392,8,2048,0,2048,8,4,4
chunked_256_p4,3565,2048,2174,9731236,93124,13910046,95278,52855038,0,53117588,11081,49112073,1000866,47930760,252012,8,2048,0,2048,8,4,4
chunked_256_p4,3566,2048,3426,8954500,95078,15838009,99677,59014471,0,59305914,17873,8656151,1031232,7499494,239309,8,2048,0,2048,8,4,4
chunked_256_p4,3567,2048,1413,8564960,77465,13464071,96771,51855235,0,52388643,14277,8211178,1031292,7079367,284613,8,2048,0,2048,8,4,4
chunked_256_p4,3568,2048,1703,9575625,78397,14585853,82135,53314977,0,53725810,13135,8126809,1002499,7032890,244298,8,2048,0,2048,8,4,4
chunked_256_p4,3569,2048,1903,10077415,89147,14250946,72276,52567951,0,53123671,10499,9657938,956722,8553018,241593,8,2048,0,2048,8,4,4
chunked_256_p4,3570,2048,1823,9852874,92253,15376014,83187,57173963,0,57442566,12864,8198674,971711,7147965,257432,8,2048,0,2048,8,4,4
chunked_256_p4,3571,2048,2014,10509384,93866,15548527,81632,57259030,0,57538775,11281,8524644,971330,7433530,298609,8,2048,0,2048,8,4,4
chunked_256_p4,3572,2048,1994,9327219,83516,15562644,74388,59325693,0,59624863,9798,8680537,996177,7558785,265758,8,2048,0,2048,8,4,4
chunked_256_p4,3573,2048,1643,10108633,91562,15459690,101931,56111811,0,56428065,15439,8667733,1015382,7511867,238617,8,2048,0,2048,8,4,4
chunked_256_p4,3574,2048,1432,10469409,87364,15689702,111970,55288455,0,55658362,13144,8615575,997429,7482211,242905,8,2048,0,2048,8,4,4
chunked_256_p4,3575,2048,1603,10861464,95058,16397057,107091,58097463,0,58418373,15248,8533992,1000315,7449751,270537,8,2048,0,2048,8,4,4
chunked_256_p4,3576,2048,2886,10727813,84829,13606328,80252,52289909,0,52565366,16861,8541186,976921,7443779,247614,8,2048,0,2048,8,4,4
chunked_256_p4,3577,2048,2274,10278291,89057,14926902,72475,56003868,0,56270899,11121,9103300,981720,7998990,241933,8,2048,0,2048,8,4,4
chunked_256_p4,3578,2048,2234,10489447,109665,16306698,95329,56504156,0,56938171,20789,9059136,1041201,7864268,239809,8,2048,0,2048,8,4,4
chunked_256_p4,3579,2048,2144,10563896,89568,14850499,94007,57024221,0,57331224,15039,8736001,979165,7661267,240661,8,2048,0,2048,8,4,4
chunked_256_p4,3580,2048,1673,10705662,88395,15749785,79878,57126833,0,57477478,12263,9077681,971831,7964735,259446,8,2048,0,2048,8,4,4
chunked_256_p4,3581,2048,3807,9236218,86462,15857136,85591,56799708,0,57135338,12143,9304686,988663,8189327,242725,8,2048,0,2048,8,4,4
chunked_256_p4,3582,2048,2074,10123040,129363,15095839,82405,57466428,0,57851372,13515,9409673,980517,8298922,259777,8,2048,0,2048,8,4,4
chunked_256_p4,3583,2048,1773,9709135,94958,15100207,90889,56363851,0,56856225,12865,9171056,1001266,8037181,239558,8,2048,0,2048,8,4,4
chunked_256_p4,3584,2048,1883,10142276,108523,15652693,88153,58053791,0,58337180,10820,8996639,972212,7925212,235121,8,2048,0,2048,8,4,4
chunked_256_p4,3585,2048,2134,11130168,93745,15171681,81202,59213074,0,59578388,10380,9340253,988032,8219803,270356,8,2048,0,2048,8,4,4
chunked_256_p4,3586,2048,2033,9722699,97733,15469439,1895570,58483126,0,60561566,16992,10066734,999624,8936767,235270,8,2048,0,2048,8,4,4
chunked_256_p4,3587,2048,1393,10970047,88887,13107693,83617,50700150,0,51101952,9457,9450990,994584,8321955,256981,8,2048,0,2048,8,4,4
chunked_256_p4,3588,2048,1472,10548989,87914,14943884,79139,54936127,0,55257529,15058,9317590,1042924,8152257,236333,8,2048,0,2048,8,4,4
chunked_256_p4,3589,2048,1953,11129246,74109,15661649,88275,57906623,0,58190616,11692,9295449,986649,8204144,265026,8,2048,0,2048,8,4,4
chunked_256_p4,3590,2048,1883,10754163,78538,14068123,92244,53948356,0,54298152,18074,9690089,975919,8583875,253726,8,2048,0,2048,8,4,4
chunked_256_p4,3591,2048,1603,9267977,78296,16140296,92052,59895351,0,60187820,14827,9779957,1083360,8539583,278331,8,2048,0,2048,8,4,4
chunked_256_p4,3592,2048,1813,11224394,98344,14041173,95300,53910065,0,54390054,12103,9676343,1054887,8529434,253695,8,2048,0,2048,8,4,4
chunked_256_p4,3593,2048,2144,10284683,92363,15069900,87925,55650114,0,56110305,12704,9799324,998511,8704612,246321,8,2048,0,2048,8,4,4
chunked_256_p4,3594,2048,2335,9406858,81804,15434403,85873,56486774,0,56764947,13635,9995451,980527,8910348,237625,8,2048,0,2048,8,4,4
chunked_256_p4,3595,2048,2024,10142366,84218,13945152,87984,52162520,0,52477228,9748,9685710,996798,8606428,235562,8,2048,0,2048,8,4,4
chunked_256_p4,3596,2048,1843,10432540,98705,14311149,80562,52604799,0,52943885,13986,9471148,970298,8402356,245931,8,2048,0,2048,8,4,4
chunked_256_p4,3597,2048,1503,10401472,89027,14086447,92505,52705737,0,53013355,14798,9679109,975118,8620464,247413,8,2048,0,2048,8,4,4
chunked_256_p4,3598,2048,1914,10211746,84138,13959880,83346,53089821,0,53461955,9338,9528276,973103,8474200,234139,8,2048,0,2048,8,4,4
chunked_256_p4,3599,2048,2425,10347731,88776,14314154,77947,53291988,0,53538468,11572,9929007,976139,8854173,259085,8,2048,0,2048,8,4,4
chunked_256_p4,3600,2048,1403,10286026,87263,15189184,88084,56146787,0,56466785,16672,9636088,972242,8575189,239128,8,2048,0,2048,8,4,4
chunked_256_p4,3601,2048,2235,10133930,87214,12741236,88967,49447643,0,49822475,12092,9656686,992770,8581582,265348,8,2048,0,2048,8,4,4
chunked_256_p4,3602,2048,1794,8868259,97633,15334736,93355,54615368,0,54918264,12844,11141138,1017496,9973199,255508,8,2048,0,2048,8,4,4
chunked_256_p4,3603,2048,1433,9395507,78357,15445354,78225,55757187,0,56008276,13485,10104064,977612,9026104,280806,8,2048,0,2048,8,4,4
chunked_256_p4,3604,2048,2364,9564814,88676,12785489,86141,49640684,0,50115151,13275,10213700,977843,9127524,238878,8,2048,0,2048,8,4,4
chunked_256_p4,3605,2048,1523,9202746,94688,14521833,88027,53918322,0,54210809,10650,9933766,990226,8842210,239639,8,2048,0,2048,8,4,4
chunked_256_p4,3606,2048,1282,9563131,85470,15543237,83827,59865154,0,60115945,11983,10069509,975718,8941607,249788,8,2048,0,2048,8,4,4
chunked_256_p4,3607,2048,1403,13483247,84007,15790460,85972,57621301,0,57933927,13045,10213480,973074,9153593,271218,8,2048,0,2048,8,4,4
chunked_256_p4,3608,2048,1663,10771144,87725,16607081,79992,61315113,0,61758773,15449,10127589,986859,9033598,236754,8,2048,0,2048,8,4,4
chunked_256_p4,3609,2048,1713,9864716,85481,14432205,90260,53115515,0,53510316,12653,11295126,970338,10221084,262742,8,2048,0,2048,8,4,4
chunked_256_p4,3610,2048,1993,9831063,87905,14433237,92235,53414917,0,53771677,11452,10380152,978584,9307352,250860,8,2048,0,2048,8,4,4
chunked_256_p4,3611,2048,1463,9438618,85179,15325759,97523,55527042,0,55896688,18084,10140714,982011,9050881,263905,8,2048,0,2048,8,4,4
chunked_256_p4,3612,2048,1513,9547852,112812,15004247,69609,55584283,0,55846041,10008,10083576,1031403,8943901,234950,8,2048,0,2048,8,4,4
chunked_256_p4,3613,2048,1914,9265162,81953,15534460,90859,56525195,0,56910446,13445,10309790,991487,9221270,247974,8,2048,0,2048,8,4,4
chunked_256_p4,3614,2048,2735,9315417,82354,16046200,99917,55735887,0,56110106,11070,10369952,970940,9313623,269225,8,2048,0,2048,8,4,4
chunked_256_p4,3615,2048,1644,10368459,85510,15210904,97804,55585713,0,55913538,10210,10126676,972613,9050080,278632,8,2048,0,2048,8,4,4
chunked_256_p4,3616,2048,1733,10751247,87264,13398849,87043,52073793,0,52384747,17814,10039524,998291,8939412,251892,8,2048,0,2048,8,4,4
chunked_256_p4,3617,2048,1883,10902711,88495,13049605,99708,50559255,0,50932203,15168,10267421,967012,9198106,247153,8,2048,0,2048,8,4,4
chunked_256_p4,3618,2048,1633,10752620,90179,12598178,90451,48985635,0,49348817,10931,10304951,990426,9225268,271739,8,2048,0,2048,8,4,4
chunked_256_p4,3619,2048,1483,11802267,85811,14378865,95559,53445405,0,53780621,10339,10182150,989504,9101997,232896,8,2048,0,2048,8,4,4
chunked_256_p4,3620,2048,1543,10729547,92083,12901076,82273,50173362,0,50684560,9197,10555380,1038496,9411897,251141,8,2048,0,2048,8,4,4
chunked_256_p4,3621,2048,1863,10707034,92593,14730174,96450,54142279,0,54445777,11442,10581019,1067821,9406077,237976,8,2048,0,2048,8,4,4
chunked_256_p4,3622,2048,2114,9428579,85961,14216371,85620,52778153,0,53117530,11171,10349204,973614,9289378,246422,8,2048,0,2048,8,4,4
chunked_256_p4,3623,2048,1603,10623338,94327,14751684,77604,56075312,0,56378210,8937,10197950,996147,9101516,246061,8,2048,0,2048,8,4,4
chunked_256_p4,3624,2048,1683,10265016,87164,16332997,89197,58317170,0,58665647,17042,10363431,1163481,9095635,237465,8,2048,0,2048,8,4,4
chunked_256_p4,3625,2048,2906,8907712,111639,15126546,76092,56525746,0,56791715,17233,10305903,1001046,9194119,255038,8,2048,0,2048,8,4,4
chunked_256_p4,3626,2048,1493,10255488,91933,16814720,91210,61997830,0,62290639,11742,10314449,1123996,9064557,291035,8,2048,0,2048,8,4,4
chunked_256_p4,3627,2048,1643,8733086,80701,15324989,84328,58577290,0,58995833,10590,10188011,993572,9088641,244328,8,2048,0,2048,8,4,4
chunked_256_p4,3628,2048,2274,8462569,97452,15557815,88514,57183458,0,57455267,12504,10516908,969277,9443436,275617,8,2048,0,2048,8,4,4
chunked_256_p4,3629,2048,1693,9087779,76464,15605334,91812,57729254,0,58144428,11021,10551904,1091826,9343188,236814,8,2048,0,2048,8,4,4
chunked_256_p4,3630,2048,1873,7779178,97462,14325365,85148,53717812,0,54019200,11832,10349183,1026243,9177197,239219,8,2048,0,2048,8,4,4
chunked_256_p4,3631,2048,1663,9934377,91030,14461500,100861,53553418,0,53965731,16130,10311373,985166,9223665,262883,8,2048,0,2048,8,4,4
chunked_256_p4,3632,2048,1913,9450199,82265,14757004,97495,54915048,0,55231481,13545,10361567,979566,9268328,236644,8,2048,0,2048,8,4,4
chunked_256_p4,3633,2048,1614,9468373,81142,13860945,99966,52549134,0,53325577,9328,10581249,983472,9499070,232426,8,2048,0,2048,8,4,4
chunked_256_p4,3634,2048,1694,9751854,81142,15855663,92421,59070535,0,59391155,10750,10992139,994143,9897327,243166,8,2048,0,2048,8,4,4
chunked_256_p4,3635,2048,1864,11879471,83146,14663649,91242,54888178,0,55229386,14387,10230181,985206,9145498,241833,8,2048,0,2048,8,4,4
chunked_256_p4,3636,2048,2124,10301484,87675,14100283,88295,53448982,0,53760705,11702,10375623,977602,9294047,245681,8,2048,0,2048,8,4,4
chunked_256_p4,3637,2048,1242,10673442,84208,12974243,91110,50392114,0,50857172,14287,10568785,986799,9471830,269134,8,2048,0,2048,8,4,4
chunked_256_p4,3638,2048,1763,10654556,96832,15508552,89938,56173057,0,56525175,13115,10617126,958326,9535419,303829,8,2048,0,2048,8,4,4
chunked_256_p4,3639,2048,1783,10073037,85209,14459076,83765,53462646,0,53937294,15910,10523951,987691,9434530,238447,8,2048,0,2048,8,4,4
chunked_256_p4,3640,2048,1713,9702842,91501,13141426,68649,51138661,0,51546035,12424,10522289,976099,9446722,248856,8,2048,0,2048,8,4,4
chunked_256_p4,3641,2048,2054,10530152,82815,14300609,89088,53044664,0,53520883,10650,10281217,993692,9163461,271649,8,2048,0,2048,8,4,4
chunked_256_p4,3642,2048,2475,10626614,90049,15620532,96071,58066886,0,58438623,11942,10591939,1017988,9459867,238858,8,2048,0,2048,8,4,4
chunked_256_p4,3643,2048,1403,10623398,96280,14509921,92544,53605824,0,53880240,12524,10079940,972242,9008231,263063,8,2048,0,2048,8,4,4
chunked_256_p4,3644,2048,2134,10097362,82044,12896377,92213,50240249,0,50604702,14267,10193813,979606,9112727,249728,8,2048,0,2048,8,4,4
chunked_256_p4,3645,2048,1603,10172883,85259,15393125,85321,55834718,0,56165402,10319,10951161,1158491,9672947,239088,8,2048,0,2048,8,4,4
chunked_256_p4,3646,2048,1543,10626013,100979,14791579,105420,57208305,0,57660123,14227,10684422,1090534,9461590,238387,8,2048,0,2048,8,4,4
chunked_256_p4,3647,2048,3106,10197990,99596,14771952,87514,56060815,0,56472385,13505,10464069,968295,9398212,255329,8,2048,0,2048,8,4,4
chunked_256_p4,3648,2048,1583,11258488,186870,15995745,82924,58513080,0,58789037,16852,11785886,985707,10663593,242995,8,2048,0,2048,8,4,4
chunked_256_p4,3649,2048,1473,10690593,86112,15897271,97602,57494952,0,57803339,10891,10387396,968985,9318111,246682,8,2048,0,2048,8,4,4
chunked_256_p4,3650,2048,2675,10785972,80410,14807668,84459,55828960,0,56214473,16771,11026072,984706,9896194,272290,8,2048,0,2048,8,4,4
chunked_256_p4,3651,2048,1704,11851629,84208,14243221,90029,54419058,0,54771268,14457,10550591,973384,9452523,239108,8,2048,0,2048,8,4,4
chunked_256_p4,3652,2048,1834,10471783,103915,14776500,101560,55086259,0,55487208,13676,10488926,1032655,9311149,232436,8,2048,0,2048,8,4,4
chunked_256_p4,3653,2048,1563,10569987,106229,13665057,84419,52199811,0,52541901,15920,10687097,1038566,9509991,271819,8,2048,0,2048,8,4,4
chunked_256_p4,3654,2048,2945,10624029,112641,14813429,76883,55609509,0,55908659,11231,10745427,1011565,9609368,243236,8,2048,0,2048,8,4,4
chunked_256_p4,3655,2048,2024,10328756,91472,15395571,91532,57525171,0,57880534,17883,10946793,1140898,9657628,233056,8,2048,0,2048,8,4,4
chunked_256_p4,3656,2048,1673,10787024,100598,17154777,87625,64398860,0,64666912,11231,10851044,977822,9740403,265077,8,2048,0,2048,8,4,4
chunked_256_p4,3657,2048,1963,10482724,83937,14405314,77627,54718361,0,55057455,10480,11183807,977482,10077455,262171,8,2048,0,2048,8,4,4
chunked_256_p4,3658,2048,2154,9285500,82214,14557630,99959,54318019,0,54900002,13986,10896770,1004723,9752175,311875,8,2048,0,2048,8,4,4
chunked_256_p4,3659,2048,2004,11080875,108243,14973399,77455,55240486,0,55552741,11542,11450508,1354829,9971305,251201,8,2048,0,2048,8,4,4
chunked_256_p4,3660,2048,2325,10093054,111730,14819010,85030,55599682,0,55902468,14067,11212252,974836,10095037,269685,8,2048,0,2048,8,4,4
chunked_256_p4,3661,2048,1373,10611004,99837,16972416,101932,60311380,0,60729895,12012,10901068,1015312,9770319,235081,8,2048,0,2048,8,4,4
chunked_256_p4,3662,2048,1743,9901865,99416,16255932,98143,58668520,0,58970307,15960,11460546,1103829,10215894,241101,8,2048,0,2048,8,4,4
chunked_256_p4,3663,2048,2304,10029585,99717,15298428,85499,58810906,0,59072647,9387,10881601,965569,9794675,250029,8,2048,0,2048,8,4,4
chunked_256_p4,3664,2048,2665,9434259,90559,16950885,112472,61068769,0,61448772,20228,11307149,982381,10196218,250890,8,2048,0,2048,8,4,4
chunked_256_p4,3665,2048,1914,9774086,80091,16040339,106361,60303006,0,60695590,10300,11449476,972713,10326972,240872,8,2048,0,2048,8,4,4
chunked_256_p4,3666,2048,1513,10136966,82044,16756391,94047,64117472,0,64434075,15038,10846857,1036913,9663800,281758,8,2048,0,2048,8,4,4
chunked_256_p4,3667,2048,2625,10064401,74360,15475100,98034,59223009,0,59499330,14076,11070435,952084,9970284,247754,8,2048,0,2048,8,4,4
chunked_256_p4,3668,2048,1653,8833874,78106,15367688,93654,58826387,0,59100901,18254,11314573,996207,10192470,238036,8,2048,0,2048,8,4,4
chunked_256_p4,3669,2048,1633,10582561,91732,15895216,107272,60589831,0,60935119,9799,10961552,983513,9838858,251962,8,2048,0,2048,8,4,4
chunked_256_p4,3670,2048,2906,8801573,162164,15992118,95368,59288766,0,59598383,15930,11216910,977312,10109484,248015,8,2048,0,2048,8,4,4
chunked_256_p4,3671,2048,1844,9219767,90659,17030805,95328,63686236,0,64099679,10770,19014492,1049837,17843878,243477,8,2048,0,2048,8,4,4
chunked_256_p4,3672,2048,1563,10510827,89368,16773813,80761,60390177,0,60659032,11732,11373303,969507,10271728,245610,8,2048,0,2048,8,4,4
chunked_256_p4,3673,2048,1463,10926005,99998,14408341,71753,53131504,0,53476982,13836,11517103,977372,10397645,243736,8,2048,0,2048,8,4,4
chunked_256_p4,3674,2048,1844,9933434,77154,15843240,94868,59778633,0,60053827,11872,11232178,993502,10120215,242073,8,2048,0,2048,8,4,4
chunked_256_p4,3675,2048,2895,10395391,91000,14683396,91583,57035071,0,57312853,12764,11273556,983032,10167753,237214,8,2048,0,2048,8,4,4
chunked_256_p4,3676,2048,1713,10095298,89758,14478452,83866,56040617,0,56324097,17433,11346572,1005484,10220582,254356,8,2048,0,2048,8,4,4
chunked_256_p4,3677,2048,1513,9725114,88346,14288436,87934,54105580,0,54513625,9929,11442182,1049817,10264134,240030,8,2048,0,2048,8,4,4
chunked_256_p4,3678,2048,1773,10632696,84097,14952210,86383,56823406,0,57137372,12744,11292682,980868,10170639,240291,8,2048,0,2048,8,4,4
chunked_256_p4,3679,2048,1643,10627565,91362,15765253,93977,57890944,0,58276539,12323,11636335,1000144,10525073,241332,8,2048,0,2048,8,4,4
chunked_256_p4,3680,2048,1833,10425467,83115,13094258,88487,50773548,0,51101281,9949,11679487,987481,10582291,243366,8,2048,0,2048,8,4,4
chunked_256_p4,3681,2048,1933,9938264,90039,15885970,93676,56933460,0,57269339,10750,12458817,994314,11340652,248977,8,2048,0,2048,8,4,4
chunked_256_p4,3682,2048,1924,10327413,92353,15745256,95039,57262677,0,57610710,9838,11356020,975848,10264635,246642,8,2048,0,2048,8,4,4
chunked_256_p4,3683,2048,1783,10685995,89207,15533389,87996,56331183,0,56701166,11011,11547880,983042,10446727,245670,8,2048,0,2048,8,4,4
chunked_256_p4,3684,2048,1744,9768566,109485,14773795,105919,56150040,0,56610105,15368,11558089,986038,10468277,250179,8,2048,0,2048,8,4,4
chunked_256_p4,3685,2048,2204,9328862,97813,17335856,77644,63297807,0,63551582,11572,11364717,1001397,10247012,245270,8,2048,0,2048,8,4,4
chunked_256_p4,3686,2048,2485,7930260,104185,14821314,91602,56241392,0,56540093,15730,11964361,1032725,10794368,261751,8,2048,0,2048,8,4,4
chunked_256_p4,3687,2048,1883,8705524,82535,15609051,96610,59431392,0,59758643,13866,11303572,986739,10187240,270617,8,2048,0,2048,8,4,4
chunked_256_p4,3688,2048,1943,9336586,87033,14516574,93484,55469157,0,55847735,10179,11502194,1002028,10396502,254427,8,2048,0,2048,8,4,4
chunked_256_p4,3689,2048,1563,9698925,98354,15597539,94225,57275461,0,57735231,17513,11326556,1024499,10188312,238958,8,2048,0,2048,8,4,4
chunked_256_p4,3690,2048,2415,10910486,105287,14109260,86173,54591773,0,54907795,10390,11212572,992971,10120856,244498,8,2048,0,2048,8,4,4
chunked_256_p4,3691,2048,2675,10732202,86352,16960703,84428,65108131,0,65362647,10459,6105030,972672,5049523,245791,8,2048,0,2048,8,4,4
chunked_256_p4,3692,2048,1794,11105922,88545,15632194,89717,58618860,0,59020079,12404,7644045,983082,6562077,247283,8,2048,0,2048,8,4,4
chunked_256_p4,3693,2048,2053,11218302,108934,16362092,84099,61376758,0,61710544,14146,6844246,1007298,5737902,269205,8,2048,0,2048,8,4,4
chunked_256_p4,3694,2048,1282,11302400,109866,15505016,84969,60329432,0,60700741,13856,7515494,1024631,6391738,241663,8,2048,0,2048,8,4,4
chunked_256_p4,3695,2048,1543,10629749,112962,16301398,91230,61470562,0,61984497,10821,8346431,1371370,6876476,255098,8,2048,0,2048,8,4,4
chunked_256_p4,3696,2048,2625,11138142,169668,17697704,95420,64025351,0,64332357,12804,8179077,1003881,7035784,251802,8,2048,0,2048,8,4,4
chunked_256_p4,3697,2048,2004,10581499,141675,18667652,396224,70479004,0,71356409,12434,7627323,981730,6552809,239268,8,2048,0,2048,8,4,4
chunked_256_p4,3698,2048,1994,45231922,109716,19548513,95919,73797913,0,74136888,17764,8073580,1088750,6873711,233167,8,2048,0,2048,8,4,4
chunked_256_p4,3699,2048,2134,11416754,110848,17270544,97644,62389697,0,62783482,13736,7920743,981109,6839046,237856,8,2048,0,2048,8,4,4
chunked_256_p4,3700,2048,1703,11559021,94206,17429342,90940,66038570,0,66317155,10600,7848989,983362,6779574,249798,8,2048,0,2048,8,4,4
chunked_256_p4,3701,2048,1693,11502766,97963,19238011,95949,68717954,0,69015330,13365,7895575,1037034,6759487,265517,8,2048,0,2048,8,4,4
chunked_256_p4,3702,2048,2364,11039969,107842,16847411,92073,64124696,0,64478550,9418,7789267,983062,6720544,238938,8,2048,0,2048,8,4,4
chunked_256_p4,3703,2048,1443,11011355,92483,17175315,88096,63158056,0,63473656,11522,8148580,995616,7069157,244268,8,2048,0,2048,8,4,4
chunked_256_p4,3704,2048,1663,11265141,100729,18181551,100299,67210310,0,67524918,10791,8154522,993953,7058988,250028,8,2048,0,2048,8,4,4
chunked_256_p4,3705,2048,1483,12049190,96120,18476484,104297,69718898,0,70051023,13265,8091974,974636,7020516,263113,8,2048,0,2048,8,4,4
chunked_256_p4,3706,2048,1713,11479712,113263,18831980,101160,71305424,0,71634690,12403,8633078,1103337,7406500,294141,8,2048,0,2048,8,4,4
chunked_256_p4,3707,2048,2335,11168138,94788,17748429,95932,64984467,0,65298766,13535,8143671,1009521,7032849,239649,8,2048,0,2048,8,4,4
chunked_256_p4,3708,2048,1322,11023107,119945,17989401,99156,66491953,0,66840928,14888,8549301,1119007,7325006,256982,8,2048,0,2048,8,4,4
chunked_256_p4,3709,2048,1944,10146784,89758,19788673,92895,73196255,0,73487521,12493,8411413,980518,7343241,275917,8,2048,0,2048,8,4,4
chunked_256_p4,3710,2048,1433,16451789,93936,19297002,93694,72132833,0,72420842,16040,8513705,982131,7420025,242685,8,2048,0,2048,8,4,4
chunked_256_p4,3711,2048,1673,10574566,92413,20603089,92812,76248295,0,76606736,16982,8513373,965289,7450842,267291,8,2048,0,2048,8,4,4
chunked_256_p4,3712,2048,1302,10374712,81713,18701606,99637,69583545,0,69936226,14227,8853751,993552,7766143,242584,8,2048,0,2048,8,4,4
chunked_256_p4,3713,2048,1473,10750916,103053,19155807,91320,70126321,0,70499723,17573,10092072,1503838,8474200,243977,8,2048,0,2048,8,4,4
chunked_256_p4,3714,2048,2444,10832880,115817,17912357,115255,67300087,0,67694997,13465,8754736,1021414,7621081,240180,8,2048,0,2048,8,4,4
chunked_256_p4,3715,2048,1513,10829304,81693,18021702,90790,67794062,0,68153806,15129,9061251,1001998,7934759,243316,8,2048,0,2048,8,4,4
chunked_256_p4,3716,2048,1903,10714809,78097,18905178,99795,71568715,0,71900988,13786,9163412,1044808,7977129,246322,8,2048,0,2048,8,4,4
chunked_256_p4,3717,2048,1463,10513882,91191,18661731,93727,69026311,0,69298992,10941,8978525,979385,7894904,270778,8,2048,0,2048,8,4,4
chunked_256_p4,3718,2048,1854,11838104,89017,19359068,94687,70327120,0,70763625,14056,8926778,976159,7834862,241813,8,2048,0,2048,8,4,4
chunked_256_p4,3719,2048,1513,11435139,78948,18146666,89589,69467699,0,69758235,12043,9202585,1153963,7939087,241974,8,2048,0,2048,8,4,4
chunked_256_p4,3720,2048,1653,11814821,105538,17544006,93395,66332685,0,66658294,11913,8923483,1006487,7803884,271268,8,2048,0,2048,8,4,4
chunked_256_p4,3721,2048,1954,11327948,93054,19330414,108075,71530905,0,73094817,14407,9362104,1114168,8110288,236373,8,2048,0,2048,8,4,4
chunked_256_p4,3722,2048,1252,11339821,91912,19668016,108413,69890281,0,70264863,8986,9168471,991238,8058291,252343,8,2048,0,2048,8,4,4
chunked_256_p4,3723,2048,2053,11260671,78076,17256357,115766,64958386,0,65268198,10349,10242343,990466,9105834,319168,8,2048,0,2048,8,4,4
chunked_256_p4,3724,2048,2344,13076364,97963,16416413,82275,62742025,0,63076402,19195,10594854,984014,9446132,229851,8,2048,0,2048,8,4,4
chunked_256_p4,3725,2048,1453,11935687,92874,18734578,85419,68833430,0,69120527,10430,9671694,1168971,8398699,246492,8,2048,0,2048,8,4,4
chunked_256_p4,3726,2048,1523,12461221,85681,18759905,123681,68989923,0,69340069,12082,10012002,1016094,8843091,238737,8,2048,0,2048,8,4,4
chunked_256_p4,3727,2048,1623,11934705,80030,17881328,101630,69115119,0,69414821,11412,9337569,1074504,8159410,248385,8,2048,0,2048,8,4,4
chunked_256_p4,3728,2048,1703,10889827,186400,19172599,87355,72011074,0,72317059,18445,9846322,981990,8721183,287499,8,2048,0,2048,8,4,4
chunked_256_p4,3729,2048,1463,10602288,80101,17419584,85501,67608875,0,67958299,13685,9316028,976350,8239039,236783,8,2048,0,2048,8,4,4
chunked_256_p4,3730,2048,2164,11465125,87334,19896735,101309,75644303,0,75986713,10330,121955949,1221279,120598024,236042,8,2048,0,2048,8,4,4
chunked_256_p4,3731,2048,1783,12929620,96430,19054968,94297,71536134,0,71979094,13826,10121717,1023408,8932148,321934,8,2048,0,2048,8,4,4
chunked_256_p4,3732,2048,2825,10147335,88646,18546185,98076,69905129,0,70179173,12393,9702231,971460,8594114,248846,8,2048,0,2048,8,4,4
chunked_256_p4,3733,2048,2114,11781027,103604,18855965,93197,70255034,0,70577971,13746,9837445,989935,8714901,281898,8,2048,0,2048,8,4,4
chunked_256_p4,3734,2048,2034,9720155,80641,18936967,98316,68747127,0,69049676,24496,10029535,1199197,8689965,247985,8,2048,0,2048,8,4,4
chunked_256_p4,3735,2048,1733,12147294,115737,20450633,97954,74682740,0,75011688,11431,9874724,967954,8765466,246402,8,2048,0,2048,8,4,4
chunked_256_p4,3736,2048,1603,11610317,96571,18229902,100670,68636081,0,69100190,12554,9943704,992109,8807956,245490,8,2048,0,2048,8,4,4
chunked_256_p4,3737,2048,1894,12304067,101310,19229415,90601,72758046,0,73074578,12564,13396444,1246586,11976533,356418,8,2048,0,2048,8,4,4
chunked_256_p4,3738,2048,1944,14278327,119243,18833684,89617,71413686,0,71692417,11852,10024435,962424,8925416,252844,8,2048,0,2048,8,4,4
chunked_256_p4,3739,2048,2384,12030183,105097,18879038,108533,68765583,0,69191693,9868,9740833,998581,8599234,293630,8,2048,0,2048,8,4,4
chunked_256_p4,3740,2048,1953,11897946,87864,17345675,95088,67690208,0,67982735,11742,10273632,1294225,8843842,249167,8,2048,0,2048,8,4,4
chunked_256_p4,3741,2048,1863,10108683,95680,19633963,104736,70685550,0,70981855,14287,10023102,979275,8890841,252293,8,2048,0,2048,8,4,4
chunked_256_p4,3742,2048,1443,11734670,82575,17350914,100520,67079974,0,67415323,17163,9730455,991989,8628900,253866,8,2048,0,2048,8,4,4
chunked_256_p4,3743,2048,2134,11729109,90900,17761814,98424,68157061,0,68480337,17884,10968184,988262,9854837,242214,8,2048,0,2048,8,4,4
chunked_256_p4,3744,2048,1553,11529185,89107,18686949,104174,70520713,0,70818971,13896,11609365,1162419,10331761,242896,8,2048,0,2048,8,4,4
chunked_256_p4,3745,2048,1473,21700736,78758,21578357,112080,78265986,0,78601614,14397,11833566,1174471,10517960,247484,8,2048,0,2048,8,4,4
chunked_256_p4,3746,2048,1453,13245591,86432,18252614,100598,70294288,0,70612363,10831,11088088,1054096,9866068,237175,8,2048,0,2048,8,4,4
chunked_256_p4,3747,2048,1573,11121201,118622,19948492,96930,75315567,0,75623272,21220,10416270,1395324,8886352,250058,8,2048,0,2048,8,4,4
chunked_256_p4,3748,2048,2124,9884733,94507,19270552,96882,73899494,0,74214404,12273,12227985,1533383,10557634,282910,8,2048,0,2048,8,4,4
chunked_256_p4,3749,2048,2695,12351045,92513,20672078,104084,72359537,0,72662234,14057,10226224,1090323,9028228,253565,8,2048,0,2048,8,4,4
chunked_256_p4,3750,2048,2415,11360168,94056,20236371,91209,73824632,0,74147196,12353,10155551,1108047,8930054,252073,8,2048,0,2048,8,4,4
chunked_256_p4,3751,2048,2014,10920655,158106,17848758,90148,68916916,0,69251564,18505,10781104,1122123,9530830,234229,8,2048,0,2048,8,4,4
chunked_256_p4,3752,2048,1613,11532121,86472,18253125,95840,69185041,0,69467560,18003,9871619,997188,8754406,240791,8,2048,0,2048,8,4,4
chunked_256_p4,3753,2048,2043,11627879,160601,18752181,88136,72214509,0,72680299,12453,10199604,1013108,9059357,246151,8,2048,0,2048,8,4,4
chunked_256_p4,3754,2048,1603,11973578,148328,19673507,104707,73557394,0,73863218,11963,133204468,1116412,131952913,255629,8,2048,0,2048,8,4,4
chunked_256_p4,3755,2048,2956,10896158,118251,19397280,90358,74262542,0,74580870,12333,11611359,1141319,10346869,253786,8,2048,0,2048,8,4,4
chunked_256_p4,3756,2048,1874,10013364,104386,21220756,96832,77112415,0,77413200,14377,11490412,1145286,10212568,243627,8,2048,0,2048,8,4,4
chunked_256_p4,3757,2048,1562,11859443,112270,23134292,98574,84636964,0,84974356,20278,11381057,1196903,9993036,271579,8,2048,0,2048,8,4,4
chunked_256_p4,3758,2048,2515,12211344,97452,19927173,117269,73385791,0,73812329,15469,10796412,1159182,9523506,248786,8,2048,0,2048,8,4,4
chunked_256_p4,3759,2048,1613,28600074,98494,14689087,97645,56510918,0,56801584,14307,10830827,1133425,9600400,243226,8,2048,0,2048,8,4,4
chunked_256_p4,3760,2048,1753,4670292,100449,8645361,101699,31395834,0,31693219,9117,14234635,960460,13154100,251421,8,2048,0,2048,8,4,4
chunked_256_p4,3761,2048,2354,5189826,121799,8532880,88387,31489941,0,31793500,12273,9943203,976650,8870894,248015,8,2048,0,2048,8,4,4
chunked_256_p4,3762,2048,2444,4572018,125175,7864127,71863,29165183,0,29456269,11752,10263423,1010895,9161518,281627,8,2048,0,2048,8,4,4
chunked_256_p4,3763,2048,1773,4488020,90710,7841264,76312,29861667,0,30179264,9999,10042028,966391,8963166,236964,8,2048,0,2048,8,4,4
chunked_256_p4,3764,2048,1763,4511665,103584,7409866,60665,27931101,0,28189206,12363,10142206,1098969,8905738,233568,8,2048,0,2048,8,4,4
chunked_256_p4,3765,2048,1753,4047435,82334,8348274,96249,31256653,0,31531066,9969,9903088,992299,8804669,246312,8,2048,0,2048,8,4,4
chunked_256_p4,3766,2048,1362,4163803,111679,8150684,81302,30038120,0,30446805,9117,10316833,1000785,9184782,236844,8,2048,0,2048,8,4,4
chunked_256_p4,3767,2048,2124,5731621,131927,7939539,68720,29115101,0,29391948,10419,9983669,958967,8927589,309240,8,2048,0,2048,8,4,4
chunked_256_p4,3768,2048,1703,4434370,115316,8106281,73540,29948642,0,30213970,8376,10148548,1001727,9040352,252954,8,2048,0,2048,8,4,4
chunked_256_p4,3769,2048,1913,5953666,89557,8557696,69439,30587909,0,30870028,10770,10289422,984676,9198587,252143,8,2048,0,2048,8,4,4
chunked_256_p4,3770,2048,1674,5202759,90079,8484800,81114,31035869,0,31274668,10640,10314258,1033286,9196735,276368,8,2048,0,2048,8,4,4
chunked_256_p4,3771,2048,1503,6103608,89708,8323377,75090,31728828,0,31958165,15649,10601938,1117485,9386950,248946,8,2048,0,2048,8,4,4
chunked_256_p4,3772,2048,1803,4849869,84679,8137730,70052,30195537,0,30498533,12223,10342180,963125,9277335,237496,8,2048,0,2048,8,4,4
chunked_256_p4,3773,2048,2084,4834459,86612,8161714,83288,29996121,0,30335488,12383,10401903,1023528,9281653,242985,8,2048,0,2048,8,4,4
chunked_256_p4,3774,2048,2064,4460739,86953,8376156,82593,30926165,0,31197171,12222,10972782,1004272,9815784,239870,8,2048,0,2048,8,4,4
chunked_256_p4,3775,2048,1874,4647569,80150,7525983,73809,28597592,0,28879280,9047,10200455,984465,9098390,247093,8,2048,0,2048,8,4,4
chunked_256_p4,3776,2048,1503,4555006,89007,7547092,72213,28592781,0,28938977,10419,10461674,961281,9374517,233667,8,2048,0,2048,8,4,4
chunked_256_p4,3777,2048,1743,4981556,86693,7155790,80793,27354151,0,27646267,11762,10386524,1053955,9243622,260728,8,2048,0,2048,8,4,4
chunked_256_p4,3778,2048,2044,4453035,238987,8378041,69990,31118446,0,31548681,11511,10418914,999633,9325135,239239,8,2048,0,2048,8,4,4
chunked_256_p4,3779,2048,1974,4584241,114384,8463430,78167,29603314,0,29941399,11592,10609191,997970,9485486,241934,8,2048,0,2048,8,4,4
chunked_256_p4,3780,2048,2244,4460950,113643,8676248,80331,31660920,0,32053536,11421,10331781,975127,9261475,241202,8,2048,0,2048,8,4,4
chunked_256_p4,3781,2048,1693,4885926,112561,9150237,76653,32580704,0,32864987,8306,10369672,972282,9281734,250479,8,2048,0,2048,8,4,4
chunked_256_p4,3782,2048,2114,4365541,85751,8375776,73059,30830275,0,31107384,12563,10291976,978403,9203467,319158,8,2048,0,2048,8,4,4
chunked_256_p4,3783,2048,1863,4627853,83236,7779919,73677,29531590,0,29745882,9698,10218800,981770,9136461,239278,8,2048,0,2048,8,4,4
chunked_256_p4,3784,2048,1984,4633924,90630,8169118,81994,30427369,0,30684109,10169,10356257,975979,9257448,247213,8,2048,0,2048,8,4,4
chunked_256_p4,3785,2048,1593,4608456,78638,7676265,81623,29107265,0,29443575,12233,10430516,976180,9363967,278382,8,2048,0,2048,8,4,4
chunked_256_p4,3786,2048,2194,4269802,98204,8527480,79319,31259498,0,31554410,13806,10451385,986188,9362405,258004,8,2048,0,2048,8,4,4
chunked_256_p4,3787,2048,1884,4211272,128561,8385284,64221,32032476,0,32376311,9948,10347811,973193,9266215,248195,8,2048,0,2048,8,4,4
chunked_256_p4,3788,2048,2525,4209037,103464,7736658,75341,28935244,0,29174381,12323,11020903,1062221,9821675,247003,8,2048,0,2048,8,4,4
chunked_256_p4,3789,2048,1563,4014212,81493,7975436,73790,30151242,0,30473606,8877,10824775,963896,9758186,237936,8,2048,0,2048,8,4,4
chunked_256_p4,3790,2048,2325,5617957,150101,8072297,68629,30801000,0,31109078,9358,10856123,1041601,9729813,251422,8,2048,0,2048,8,4,4
chunked_256_p4,3791,2048,1433,4637721,94507,8619553,80603,31377629,0,31650252,8846,10778628,991107,9670702,233949,8,2048,0,2048,8,4,4
chunked_256_p4,3792,2048,1533,4322309,98595,7889053,73336,29810144,0,30078445,11481,10802353,997269,9705647,255278,8,2048,0,2048,8,4,4
chunked_256_p4,3793,2048,2084,4229375,133360,8541647,77465,30878283,0,31247087,9678,11145136,1008349,10011911,252824,8,2048,0,2048,8,4,4
chunked_256_p4,3794,2048,1703,4405435,93054,8719008,77406,31924595,0,32164285,13074,10906508,972904,9840330,246392,8,2048,0,2048,8,4,4
chunked_256_p4,3795,2048,1563,4818330,75792,7632693,74861,28939200,0,29291623,9689,10427551,952034,9376571,239759,8,2048,0,2048,8,4,4
chunked_256_p4,3796,2048,1723,5557304,122129,8222048,69779,29169692,0,29435790,10440,10414847,1019180,9274450,241683,8,2048,0,2048,8,4,4
chunked_256_p4,3797,2048,1754,4583729,87294,7939688,69400,29926190,0,30211002,11601,10797394,1082439,9613665,238076,8,2048,0,2048,8,4,4
chunked_256_p4,3798,2048,1863,4482029,93976,8206378,80059,30001910,0,30384398,10620,11121952,986869,10020408,253766,8,2048,0,2048,8,4,4
chunked_256_p4,3799,2048,2375,5891029,85840,8550694,79029,32142803,0,32446502,11231,10674383,965599,9591504,259095,8,2048,0,2048,8,4,4
chunked_256_p4,3800,2048,2194,5436237,109906,7846985,78529,29515530,0,29796540,10570,10938157,977742,9836193,250359,8,2048,0,2048,8,4,4
chunked_256_p4,3801,2048,2124,6361350,99938,8717045,90218,32957048,0,33283230,11050,11359697,986549,10236903,243166,8,2048,0,2048,8,4,4
chunked_256_p4,3802,2048,1272,6051120,101039,8445446,81861,31349698,0,31649298,9298,10946173,974837,9824391,242575,8,2048,0,2048,8,4,4
chunked_256_p4,3803,2048,2555,6388982,119675,8046248,65985,29560337,0,29808589,13205,11350671,1015693,10212778,237525,8,2048,0,2048,8,4,4
chunked_256_p4,3804,2048,1553,5187801,117350,8138571,91642,29710427,0,30148347,11842,11786347,973905,10675405,239719,8,2048,0,2048,8,4,4
chunked_256_p4,3805,2048,1543,6433466,92994,8706936,75502,32071268,0,32416226,11672,11021884,978273,9931902,260308,8,2048,0,2048,8,4,4
chunked_256_p4,3806,2048,3126,5122119,104065,8501371,95407,31118873,0,31373422,11261,11792528,1033457,10634328,237515,8,2048,0,2048,8,4,4
chunked_256_p4,3807,2048,1503,5679153,101260,8057329,89286,30269221,0,30612775,8156,11448324,966802,10356518,247283,8,2048,0,2048,8,4,4
chunked_256_p4,3808,2048,1543,4379367,90901,9476769,82154,34857272,0,35259084,15779,11088329,963485,10000219,253194,8,2048,0,2048,8,4,4
chunked_256_p4,3809,2048,2465,4368126,104115,8021993,94488,29404904,0,29722017,12924,11117253,1011766,9989119,265227,8,2048,0,2048,8,4,4
chunked_256_p4,3810,2048,1854,4877149,124243,8908604,96438,32219155,0,32469295,11642,11056819,1014121,9911524,247134,8,2048,0,2048,8,4,4
chunked_256_p4,3811,2048,1673,5744175,99486,8688411,100669,32295959,0,32593000,13936,10815688,975909,9701120,255449,8,2048,0,2048,8,4,4
chunked_256_p4,3812,2048,2345,4464616,105899,7941232,77024,29756883,0,30085719,12704,11263757,1122563,10028132,243235,8,2048,0,2048,8,4,4
chunked_256_p4,3813,2048,2014,4470046,126086,8130266,87244,30466574,0,30843429,13355,11243239,976089,10146384,255709,8,2048,0,2048,8,4,4
chunked_256_p4,3814,2048,1292,4543204,84649,8426561,71675,31920146,0,32159539,12904,11053203,990356,9964022,344616,8,2048,0,2048,8,4,4
chunked_256_p4,3815,2048,2615,3932409,109144,9260293,91511,33470541,0,33719698,10530,11765638,972403,10671928,250530,8,2048,0,2048,8,4,4
chunked_256_p4,3816,2048,1964,4324504,105026,8278082,84337,30816015,0,31230354,9909,11161686,948237,10088786,234750,8,2048,0,2048,8,4,4
chunked_256_p4,3817,2048,1803,4714625,97873,8873559,74670,32952302,0,33216947,14337,11056880,973554,9941110,254647,8,2048,0,2048,8,4,4
chunked_256_p4,3818,2048,1703,4918006,108914,8091453,74461,30442947,0,30742070,14287,11325083,983182,10213840,248756,8,2048,0,2048,8,4,4
chunked_256_p4,3819,2048,2585,4271605,111700,9004053,99307,32422938,0,32734093,9368,11381799,1004462,10261389,238026,8,2048,0,2048,8,4,4
chunked_256_p4,3820,2048,1422,5171251,93856,8684625,83045,32448637,0,32750422,10359,11318279,998391,10219310,265297,8,2048,0,2048,8,4,4
chunked_256_p4,3821,2048,2194,6179450,105056,8184077,76714,30237333,0,30466872,10890,11993936,1025642,10827631,236083,8,2048,0,2048,8,4,4
chunked_256_p4,3822,2048,1443,5397154,153407,8512482,69742,31708552,0,32076280,9327,12191386,1240394,10793848,349275,8,2048,0,2048,8,4,4
chunked_256_p4,3823,2048,2685,5624730,90409,8927951,103293,32382242,0,32722408,11712,11364196,972823,10262501,278122,8,2048,0,2048,8,4,4
chunked_256_p4,3824,2048,2254,6445548,94367,7790759,74741,28939251,0,29286522,12864,11357474,993542,10225853,290625,8,2048,0,2048,8,4,4
chunked_256_p4,3825,2048,3297,5367288,108614,9049088,87545,33356931,0,33908002,10900,15158737,1009753,14010475,255599,8,2048,0,2048,8,4,4
chunked_256_p4,3826,2048,1953,5532438,97523,9310668,77175,32765501,0,33142597,12944,7028922,1143262,5779421,282730,8,2048,0,2048,8,4,4
chunked_256_p4,3827,2048,2785,5799789,162905,9156088,71855,33725388,0,34016245,16070,7001220,1074604,5830596,261190,8,2048,0,2048,8,4,4
chunked_256_p4,3828,2048,2204,5698499,103965,9270222,84178,33407434,0,33759344,10440,6952850,1000846,5870221,249908,8,2048,0,2048,8,4,4
chunked_256_p4,3829,2048,2384,6796736,96742,9354801,78607,35740015,0,35994411,10429,7452666,1059596,6303913,244718,8,2048,0,2048,8,4,4
chunked_256_p4,3830,2048,2434,6367563,107852,9749139,77928,36353886,0,36645975,11592,8122561,1029199,6963840,267711,8,2048,0,2048,8,4,4
chunked_256_p4,3831,2048,2114,5969136,142908,9942862,95569,33655478,0,34060439,11772,7354111,1000114,6251965,253105,8,2048,0,2048,8,4,4
chunked_256_p4,3832,2048,2495,6058313,106790,9315487,79107,34533733,0,34833546,8606,7851022,1000435,6733568,246782,8,2048,0,2048,8,4,4
chunked_256_p4,3833,2048,1513,5482664,103864,9632632,78728,35304009,0,35632143,9808,7745324,980548,6667424,252082,8,2048,0,2048,8,4,4
chunked_256_p4,3834,2048,2555,5729747,108884,10611355,83307,34214936,0,34582054,14417,9825292,1449056,8258145,247735,8,2048,0,2048,8,4,4
chunked_256_p4,3835,2048,2234,4823719,142106,11341964,82585,35410707,0,35826568,10039,41591130,1002018,40447527,251341,8,2048,0,2048,8,4,4
chunked_256_p4,3836,2048,2024,5915927,116398,12409926,90429,46264517,0,46657453,15489,8691227,1000375,7560598,243035,8,2048,0,2048,8,4,4
chunked_256_p4,3837,2048,1493,5568274,81864,10229490,79208,37814461,0,38068466,11191,8196540,979856,7134029,276108,8,2048,0,2048,8,4,4
chunked_256_p4,3838,2048,1453,5491130,88276,9367344,80380,36016281,0,36305183,12153,8422654,996176,7303917,242835,8,2048,0,2048,8,4,4
chunked_256_p4,3839,2048,1663,5967222,96120,9584301,81555,36472910,0,36806476,11261,8371187,959297,7341267,233979,8,2048,0,2048,8,4,4
chunked_256_p4,3840,2048,1523,5706533,117009,10228427,90430,38181531,0,38507841,11691,8166934,963866,7107560,267541,8,2048,0,2048,8,4,4
chunked_256_p4,3841,2048,2394,5597901,149671,10590967,73469,39844396,0,40141535,13735,8477967,1028207,7351827,244679,8,2048,0,2048,8,4,4
chunked_256_p4,3842,2048,1492,5944370,123852,9726837,78467,36673644,0,37035904,14998,8509406,990376,7423391,248556,8,2048,0,2048,8,4,4
chunked_256_p4,3843,2048,2214,7309808,115266,9839439,80734,36489479,0,36786887,10800,8585899,968735,7548316,234450,8,2048,0,2048,8,4,4
chunked_256_p4,3844,2048,1844,8623279,111649,9621340,78047,36028556,0,36417414,15018,8585990,973093,7518780,264105,8,2048,0,2048,8,4,4
chunked_256_p4,3845,2048,1543,7530642,107822,9643391,78918,36636965,0,37065810,10680,8257734,983743,7184934,268423,8,2048,0,2048,8,4,4
chunked_256_p4,3846,2048,1603,7355995,97363,10036468,74861,37284479,0,37582559,9989,8409970,979255,7347078,249618,8,2048,0,2048,8,4,4
chunked_256_p4,3847,2048,1884,7081931,105318,9179933,87313,33966319,0,34272995,15730,8663115,980979,7594862,263984,8,2048,0,2048,8,4,4
chunked_256_p4,3848,2048,1813,5547285,112020,10137848,77063,36495900,0,36780724,13295,8527711,976750,7459680,245711,8,2048,0,2048,8,4,4
chunked_256_p4,3849,2048,1954,6101373,105939,9492198,81243,35172792,0,35530413,10760,8683042,1001817,7596486,248375,8,2048,0,2048,8,4,4
chunked_256_p4,3850,2048,2504,5739716,123201,9109450,67516,34173910,0,34463693,15489,8773862,986308,7698607,256330,8,2048,0,2048,8,4,4
chunked_256_p4,3851,2048,2324,6882257,92083,10188243,73257,38622408,0,38980849,10139,8831520,960871,7784848,247874,8,2048,0,2048,8,4,4
chunked_256_p4,3852,2048,2695,5353452,136355,10097843,79147,35817630,0,36060453,13586,8634461,978855,7554988,253545,8,2048,0,2048,8,4,4
chunked_256_p4,3853,2048,1753,5057236,112621,10455523,76223,39027484,0,39329663,12273,8707327,981930,7637632,250990,8,2048,0,2048,8,4,4
chunked_256_p4,3854,2048,2124,5538259,105037,10660376,84158,39866317,0,40267670,10830,8877736,1015844,7779198,229370,8,2048,0,2048,8,4,4
chunked_256_p4,3855,2048,2514,6955424,88196,10565520,84349,38373941,0,38629652,14647,8892484,967964,7802712,252643,8,2048,0,2048,8,4,4
chunked_256_p4,3856,2048,2304,7355985,92914,9072061,85060,34580441,0,34990351,12623,9088181,1195059,7803173,239859,8,2048,0,2048,8,4,4
chunked_256_p4,3857,2048,1713,7241019,110637,8753363,74419,33399309,0,34010663,16571,9047445,990917,7965297,276338,8,2048,0,2048,8,4,4
chunked_256_p4,3858,2048,1512,6340713,101079,9790186,80091,36933651,0,37248652,8336,9411407,1001396,8320753,235922,8,2048,0,2048,8,4,4
chunked_256_p4,3859,2048,2494,7202997,101861,10408675,76552,36843975,0,37196102,11982,9361423,970579,8299463,249427,8,2048,0,2048,8,4,4
chunked_256_p4,3860,2048,1433,6625014,109465,10403346,76222,37012219,0,37293938,10770,9434259,968395,8364775,231805,8,2048,0,2048,8,4,4
chunked_256_p4,3861,2048,1623,6800124,103664,9253951,67595,35562623,0,35876739,9158,9308905,989244,8234391,265067,8,2048,0,2048,8,4,4
chunked_256_p4,3862,2048,1593,7167292,108233,10059521,77367,36464443,0,36722568,14317,9338530,970820,8269827,239369,8,2048,0,2048,8,4,4
chunked_256_p4,3863,2048,1754,6678024,101871,11254901,81162,39892458,0,40154256,15810,9599188,988573,8509306,250680,8,2048,0,2048,8,4,4
chunked_256_p4,3864,2048,1653,6568358,101189,11168399,81964,39348106,0,39765188,9848,9826885,1076928,8680737,239679,8,2048,0,2048,8,4,4
chunked_256_p4,3865,2048,2345,6554052,104736,9741625,69509,37210802,0,37511736,9818,10510777,964427,9413720,250850,8,2048,0,2048,8,4,4
chunked_256_p4,3866,2048,1874,6597623,100438,10047348,69058,36786525,0,37093369,9568,9533966,986108,8463230,250650,8,2048,0,2048,8,4,4
chunked_256_p4,3867,2048,1563,6844977,108754,10725369,73548,39101375,0,39328800,9678,9873703,963926,8813687,243586,8,2048,0,2048,8,4,4
chunked_256_p4,3868,2048,1653,6761040,113222,10060092,82094,37421837,0,37714012,9337,9752375,983784,8675066,232296,8,2048,0,2048,8,4,4
chunked_256_p4,3869,2048,1463,6439327,104967,9957530,88966,36960794,0,37321237,16140,9312782,977221,8228680,252052,8,2048,0,2048,8,4,4
chunked_256_p4,3870,2048,2074,6692601,113052,9854587,73038,37184512,0,37455481,9738,9511674,983924,8431871,252122,8,2048,0,2048,8,4,4
chunked_256_p4,3871,2048,2294,6303001,97042,10637775,70051,38954540,0,39299074,11952,9627862,994523,8544001,244548,8,2048,0,2048,8,4,4
chunked_256_p4,3872,2048,1693,6888810,93195,10752850,84289,39494432,0,39791467,10751,9879985,970939,8791054,260238,8,2048,0,2048,8,4,4
chunked_256_p4,3873,2048,1983,6747855,116558,10204753,66545,38307236,0,38687676,10189,9691852,980979,8619412,249798,8,2048,0,2048,8,4,4
chunked_256_p4,3874,2048,2295,6943311,146725,10739645,73979,39104838,0,39382021,13184,9791438,991057,8716324,247263,8,2048,0,2048,8,4,4
chunked_256_p4,3875,2048,1423,7021077,107091,9864665,75140,36839895,0,37171727,9629,9961036,975859,8904106,250329,8,2048,0,2048,8,4,4
chunked_256_p4,3876,2048,1563,6638049,128050,10370003,77505,39263477,0,39518727,12473,10179245,993882,9076890,246082,8,2048,0,2048,8,4,4
chunked_256_p4,3877,2048,2515,6741323,117851,9922855,70784,37219029,0,37576255,12142,9802800,1048144,8645722,247333,8,2048,0,2048,8,4,4
chunked_256_p4,3878,2048,2174,6969731,122299,9706439,75082,36413357,0,36711906,8707,9672886,999523,8582894,238477,8,2048,0,2048,8,4,4
chunked_256_p4,3879,2048,2204,7625780,117801,10966350,92662,38768139,0,39104278,11391,9718351,1031223,8588785,260008,8,2048,0,2048,8,4,4
chunked_256_p4,3880,2048,1402,6600149,111990,10477865,74899,36340862,0,36609153,13004,9754379,982190,8687399,295414,8,2048,0,2048,8,4,4
chunked_256_p4,3881,2048,1553,6782661,119844,9383334,74111,35941462,0,36290978,15499,9947962,991588,8856167,235862,8,2048,0,2048,8,4,4
chunked_256_p4,3882,2048,2155,6571204,113884,9532343,58699,35578784,0,35860050,11231,9889402,976320,8808046,248365,8,2048,0,2048,8,4,4
chunked_256_p4,3883,2048,2004,6596692,114405,10253555,72216,37773987,0,38133060,12754,10380924,974046,9322710,251000,8,2048,0,2048,8,4,4
chunked_256_p4,3884,2048,2154,7001580,127218,11117043,95460,39490463,0,39794124,15769,9951167,982512,8866144,287559,8,2048,0,2048,8,4,4
chunked_256_p4,3885,2048,1453,6889681,107712,9746124,80011,36977914,0,37309638,12905,9897488,963295,8809830,243887,8,2048,0,2048,8,4,4
chunked_256_p4,3886,2048,1913,6615718,112551,10985647,68347,39096064,0,39396234,26670,11474062,1738448,9535619,282820,8,2048,0,2048,8,4,4
chunked_256_p4,3887,2048,1934,6551637,122320,10197580,75852,38112201,0,38346849,14026,10063068,990797,8950422,243115,8,2048,0,2048,8,4,4
chunked_256_p4,3888,2048,1643,6712790,116919,9456691,70292,35227215,0,35555950,13835,10200054,968595,9129679,248706,8,2048,0,2048,8,4,4
chunked_256_p4,3889,2048,1423,6584148,125385,11725964,84238,41671821,0,41969698,8827,9723692,976119,8656853,247454,8,2048,0,2048,8,4,4
chunked_256_p4,3890,2048,1673,6865916,133771,9769768,71003,35989552,0,36383130,18885,9736045,1003240,8618400,247253,8,2048,0,2048,8,4,4
chunked_256_p4,3891,2048,2184,6966434,115336,10061695,73899,37931885,0,38186540,11271,9858514,1016856,8754605,243767,8,2048,0,2048,8,4,4
chunked_256_p4,3892,2048,1673,7310630,129362,10305802,66054,38410971,0,38735088,13184,10298579,972332,9210541,242925,8,2048,0,2048,8,4,4
chunked_256_p4,3893,2048,1543,6366891,105698,10594554,83919,40080058,0,40388295,13175,10039594,979365,8958728,234901,8,2048,0,2048,8,4,4
chunked_256_p4,3894,2048,1523,7659223,121488,9920711,67236,37516574,0,37850129,9678,9876007,975969,8819477,248205,8,2048,0,2048,8,4,4
chunked_256_p4,3895,2048,1954,7736778,120506,9758106,76042,35515885,0,35900234,16281,9875667,986749,8787177,265287,8,2048,0,2048,8,4,4
chunked_256_p4,3896,2048,1462,6541238,118602,9998397,72254,37156099,0,37415316,9007,10359213,997118,9231890,237074,8,2048,0,2048,8,4,4
chunked_256_p4,3897,2048,1683,6471827,120736,9834679,69300,36615054,0,36946333,16340,10005029,978042,8923572,235150,8,2048,0,2048,8,4,4
chunked_256_p4,3898,2048,2164,7871501,110957,9758207,72557,37024201,0,37341827,15158,9872921,967272,8810210,253715,8,2048,0,2048,8,4,4
chunked_256_p4,3899,2048,2104,5762138,141365,10151152,82516,38851707,0,39116122,12252,10053239,1018448,8908344,238096,8,2048,0,2048,8,4,4
chunked_256_p4,3900,2048,1523,6213484,100108,11016535,77153,39196073,0,39467050,16070,10260447,993242,9149726,246322,8,2048,0,2048,8,4,4
chunked_256_p4,3901,2048,1513,7386091,126236,10714889,82926,38923150,0,39209236,11441,10101359,962203,9036845,243146,8,2048,0,2048,8,4,4
chunked_256_p4,3902,2048,1603,6881005,107662,9727028,69002,36354426,0,36625836,10731,10296926,968745,9239715,248697,8,2048,0,2048,8,4,4
chunked_256_p4,3903,2048,1382,7783126,114214,9670191,86463,36843823,0,37455139,9898,10789849,1086045,9564162,242654,8,2048,0,2048,8,4,4
chunked_256_p4,3904,2048,1453,7557993,135895,9971075,84689,37448327,0,37900432,11952,10680434,970518,9574612,238938,8,2048,0,2048,8,4,4
chunked_256_p4,3905,2048,1843,5583143,118172,10424905,73226,39230273,0,39496473,10249,10287358,969957,9189822,251762,8,2048,0,2048,8,4,4
chunked_256_p4,3906,2048,1753,7449981,106860,11254661,86965,40799297,0,41288964,11752,10949970,967644,9821535,264826,8,2048,0,2048,8,4,4
chunked_256_p4,3907,2048,2846,8435257,125245,11290718,82454,39852472,0,40169715,12454,10696916,974867,9573059,292779,8,2048,0,2048,8,4,4
chunked_256_p4,3908,2048,1943,7662179,142838,10199163,61104,37816056,0,38088186,13145,10271158,963255,9205661,246071,8,2048,0,2048,8,4,4
chunked_256_p4,3909,2048,2495,7935651,127429,9118087,81091,34034330,0,34392248,13695,10564327,1005234,9432977,237846,8,2048,0,2048,8,4,4
chunked_256_p4,3910,2048,1803,7393305,135063,9912465,95439,37463656,0,37758617,16131,10779541,1020102,9624466,248986,8,2048,0,2048,8,4,4
chunked_256_p4,3911,2048,1563,6874022,123722,9361052,74470,35712954,0,36300797,9879,11324631,982912,10212097,236564,8,2048,0,2048,8,4,4
chunked_256_p4,3912,2048,1563,5765535,109075,9696872,80681,37269583,0,37540580,27541,10654576,977501,9547010,253866,8,2048,0,2048,8,4,4
chunked_256_p4,3913,2048,1533,6709283,217036,11201430,81315,40033901,0,40308047,18295,11211260,1047583,10001813,261740,8,2048,0,2048,8,4,4
chunked_256_p4,3914,2048,1573,6053544,129592,11949804,86193,43696384,0,44026023,15048,11170793,991047,10038312,249808,8,2048,0,2048,8,4,4
chunked_256_p4,3915,2048,1512,6361151,103685,11461228,82735,40624259,0,41076186,17553,11085845,1004783,9951980,245680,8,2048,0,2048,8,4,4
chunked_256_p4,3916,2048,1263,6356001,114234,10043461,81135,37893961,0,38223359,11902,11581233,1167508,10300653,238677,8,2048,0,2048,8,4,4
chunked_256_p4,3917,2048,1443,7175036,113903,10502190,85340,39896593,0,40165338,11973,11052092,1048776,9879003,243666,8,2048,0,2048,8,4,4
chunked_256_p4,3918,2048,1453,6936368,103073,10861334,89519,39910951,0,40204072,10319,10680855,995987,9543534,238948,8,2048,0,2048,8,4,4
chunked_256_p4,3919,2048,1623,7231301,114475,9739702,86923,36746631,0,37212384,14678,10941514,1120900,9680491,254116,8,2048,0,2048,8,4,4
chunked_256_p4,3920,2048,3727,6766370,98715,10373510,88176,39826582,0,40233175,10960,10818693,965629,9717490,236062,8,2048,0,2048,8,4,4
chunked_256_p4,3921,2048,1854,6840508,108102,12131563,101809,42146741,0,42425693,11902,11243219,1175713,9931541,236503,8,2048,0,2048,8,4,4
chunked_256_p4,3922,2048,1603,6639342,91532,10735398,76493,40853015,0,41372531,10660,10580538,1001457,9475106,253265,8,2048,0,2048,8,4,4
chunked_256_p4,3923,2048,4128,7714025,146134,10757960,81645,39898005,0,40237594,11272,10474889,968344,9400686,241132,8,2048,0,2048,8,4,4
chunked_256_p4,3924,2048,1844,7429542,94938,10266689,70514,39153123,0,39421475,19997,10821028,1079953,9620688,310231,8,2048,0,2048,8,4,4
chunked_256_p4,3925,2048,1653,6001356,115106,12410306,76873,42815123,0,43098154,13094,11295357,1083600,10084067,272450,8,2048,0,2048,8,4,4
chunked_256_p4,3926,2048,1443,8188074,100388,12966448,114815,47967195,0,49172035,15289,11298843,1174691,9971706,249337,8,2048,0,2048,8,4,4
chunked_256_p4,3927,2048,3667,7363158,122560,11641455,78728,41709521,0,42022729,16401,10823002,1112635,9555977,262272,8,2048,0,2048,8,4,4
chunked_256_p4,3928,2048,2395,7251348,114374,11292452,79619,41213862,0,41483710,13255,10775162,1054246,9588167,336561,8,2048,0,2048,8,4,4
chunked_256_p4,3929,2048,1884,12929509,123522,11720213,81471,43035114,0,43319137,14487,11754568,1263929,10310701,300183,8,2048,0,2048,8,4,4
chunked_256_p4,3930,2048,1784,6172327,88135,11513676,81572,42645757,0,43010179,12523,11032754,972171,9889091,241733,8,2048,0,2048,8,4,4
chunked_256_p4,3931,2048,1954,8129574,86262,11855416,84528,43062727,0,43301795,9869,11249290,977291,10162094,237525,8,2048,0,2048,8,4,4
chunked_256_p4,3932,2048,1823,8326173,80661,11844255,92883,42848414,0,43166310,10420,11114598,962784,10043771,295664,8,2048,0,2048,8,4,4
chunked_256_p4,3933,2048,1403,7907809,162304,10392244,71193,38819065,0,39205928,14808,11344619,991107,10228327,255780,8,2048,0,2048,8,4,4
chunked_256_p4,3934,2048,2304,8341873,93946,10523711,78176,38986138,0,39433615,13816,10989774,1047774,9808340,216846,8,2048,0,2048,8,4,4
chunked_256_p4,3935,2048,1874,7772235,77345,11239342,75572,40832927,0,41165775,10309,11112975,1008119,9977287,236934,8,2048,0,2048,8,4,4
chunked_256_p4,3936,2048,1292,6583107,100298,9909140,74571,37745734,0,38176071,15388,11176173,1005565,10060643,156544,8,2048,0,2048,8,4,4
chunked_256_p4,3937,2048,1663,6981072,112802,10483886,77565,38931486,0,39255873,9809,10991878,984875,9887329,212979,8,2048,0,2048,8,4,4
chunked_256_p4,3938,2048,1794,5573955,109134,10630300,84509,39365209,0,39759406,10210,11679626,982431,10567853,220072,8,2048,0,2048,8,4,4
chunked_256_p4,3939,2048,1402,6504409,115095,10091121,68226,38369221,0,38706494,14257,10918801,977422,9803491,237045,8,2048,0,2048,8,4,4
chunked_256_p4,3940,2048,2004,6285398,171592,10906188,84527,39788963,0,40087862,13585,10966190,1005504,9847384,256240,8,2048,0,2048,8,4,4
chunked_256_p4,3941,2048,1944,7053558,119504,10533329,72707,38954729,0,39285210,13385,10905045,979275,9812077,229380,8,2048,0,2048,8,4,4
chunked_256_p4,3942,2048,1533,7429532,107081,9955646,87535,37908859,0,38244248,14327,11197173,1044226,10048320,236584,8,2048,0,2048,8,4,4
chunked_256_p4,3943,2048,1873,6222401,100147,9969873,78448,37533325,0,37810115,8846,11120509,1020904,9968440,248325,8,2048,0,2048,8,4,4
chunked_256_p4,3944,2048,1793,5846486,102011,9996633,78257,38117000,0,38479728,9538,10563947,960751,9496906,261309,8,2048,0,2048,8,4,4
chunked_256_p4,3945,2048,1413,6147871,110607,13899567,89349,52054188,0,52476159,12624,10982841,1015423,9855038,238436,8,2048,0,2048,8,4,4
chunked_256_p4,3946,2048,1714,6358234,100017,11191562,79329,42948913,0,43221546,9498,10808926,989664,9689177,255118,8,2048,0,2048,8,4,4
chunked_256_p4,3947,2048,1683,6382471,233578,10187852,73298,37862182,0,38159600,9818,11220476,971530,10142377,250790,8,2048,0,2048,8,4,4
chunked_256_p4,3948,2048,1583,5810989,122249,10297728,66045,39075656,0,39969760,9818,11515369,1026083,10364252,265738,8,2048,0,2048,8,4,4
chunked_256_p4,3949,2048,1593,6040239,156744,10153457,82145,38436056,0,38805660,8757,10851556,979556,9760921,245179,8,2048,0,2048,8,4,4
chunked_256_p4,3950,2048,2264,5685615,125204,10425116,77057,38449953,0,38826860,10539,10782145,970358,9699266,233467,8,2048,0,2048,8,4,4
chunked_256_p4,3951,2048,2375,6981162,156313,10028954,73918,38060894,0,38478647,8676,11300757,994093,10120555,287158,8,2048,0,2048,8,4,4
chunked_256_p4,3952,2048,1654,5727973,91752,10016650,70993,38212879,0,38733285,11842,11428105,991247,10307826,244829,8,2048,0,2048,8,4,4
chunked_256_p4,3953,2048,2154,5634259,72345,10060243,77455,37935198,0,38230763,11362,11665281,989314,10548848,245490,8,2048,0,2048,8,4,4
chunked_256_p4,3954,2048,1803,6127543,122420,10444222,82514,39149154,0,39394502,11120,11198786,1015844,10065613,238366,8,2048,0,2048,8,4,4
chunked_256_p4,3955,2048,1803,6385096,94326,10639238,87205,40638625,0,40956340,15830,11089481,987370,9995451,235952,8,2048,0,2048,8,4,4
chunked_256_p4,3956,2048,1573,6308472,123661,10753813,79511,40376875,0,40643554,10660,11183597,986929,10082223,281809,8,2048,0,2048,8,4,4
chunked_256_p4,3957,2048,1823,6319984,153047,10289732,83446,39204186,0,39491156,12484,11101554,995215,9981905,247213,8,2048,0,2048,8,4,4
chunked_256_p4,3958,2048,2164,5631954,108132,11096484,88335,40301482,0,40877972,13816,11437353,1052051,10251391,239449,8,2048,0,2048,8,4,4
chunked_256_p4,3959,2048,2264,6314273,154519,11053834,76472,41553870,0,41817404,11431,6150396,966111,5084358,245289,8,2048,0,2048,8,4,4
chunked_256_p4,3960,2048,2114,6550716,108984,11321977,82694,41803245,0,42085146,11622,6602653,960700,5547165,236784,8,2048,0,2048,8,4,4
chunked_256_p4,3961,2048,1693,6479903,116368,10581820,78476,39637719,0,40035903,11962,6878049,959889,5827981,252613,8,2048,0,2048,8,4,4
chunked_256_p4,3962,2048,1413,7102610,213670,11403279,509884,42742336,0,43430284,16451,7096187,977992,6031763,250019,8,2048,0,2048,8,4,4
chunked_256_p4,3963,2048,2104,6815953,96872,10593191,100077,40387644,0,40704638,15289,7328654,985697,6253138,276849,8,2048,0,2048,8,4,4
chunked_256_p4,3964,2048,2405,5951443,92583,11128103,77455,41355386,0,41663294,13996,7461302,985527,6385405,243456,8,2048,0,2048,8,4,4
chunked_256_p4,3965,2048,1723,7035645,94548,11264559,71274,41234423,0,41520296,11641,7577560,1001908,6483139,239899,8,2048,0,2048,8,4,4
chunked_256_p4,3966,2048,2124,7073265,149570,11087618,78478,41372862,0,41739860,16621,7715609,968975,6652255,260418,8,2048,0,2048,8,4,4
chunked_256_p4,3967,2048,2444,5540983,110116,11875354,86001,43239659,0,43609512,15830,8377229,1142941,7128999,239258,8,2048,0,2048,8,4,4
chunked_256_p4,3968,2048,1854,6196642,118012,10605103,81661,39373615,0,39675428,16741,49805853,1021795,48628146,255067,8,2048,0,2048,8,4,4
chunked_256_p4,3969,2048,1624,8773220,97984,12256277,79028,46649180,0,47051583,13596,8136297,980397,7051134,250019,8,2048,0,2048,8,4,4
chunked_256_p4,3970,2048,1903,7162712,120796,13538320,77044,49072399,0,49557918,11642,7864949,994224,6787149,250319,8,2048,0,2048,8,4,4
chunked_256_p4,3971,2048,1783,6519597,105247,12419964,86914,45474268,0,45754971,12664,7747048,971851,6695167,236734,8,2048,0,2048,8,4,4
chunked_256_p4,3972,2048,1333,6588336,78568,12335406,82334,45556541,0,45804646,11763,8020840,980999,6953911,242785,8,2048,0,2048,8,4,4
chunked_256_p4,3973,2048,1393,7093313,77345,12476140,86793,45674302,0,45931485,10048,8082285,1002698,6996831,197850,8,2048,0,2048,8,4,4
chunked_256_p4,3974,2048,1383,6780195,136716,12703235,84067,47944836,0,48262432,11321,8159270,983914,7092882,248005,8,2048,0,2048,8,4,4
chunked_256_p4,3975,2048,1603,7233114,99466,11256634,77046,43419545,0,43739177,10680,8256873,968304,7188150,276949,8,2048,0,2048,8,4,4
chunked_256_p4,3976,2048,1884,7308936,103434,12532144,90489,45862434,0,46187432,17262,8271380,995416,7185094,222597,8,2048,0,2048,8,4,4
chunked_256_p4,3977,2048,1353,6701859,95549,11971143,82054,45715709,0,46003578,15169,8500921,977192,7429612,250810,8,2048,0,2048,8,4,4
chunked_256_p4,3978,2048,2535,8067238,105207,12080929,92883,46350678,0,46645571,16611,8520276,983603,7449520,255289,8,2048,0,2048,8,4,4
chunked_256_p4,3979,2048,1353,7079306,129373,12694489,74840,47157100,0,47400305,12383,8506942,984385,7428932,256761,8,2048,0,2048,8,4,4
chunked_256_p4,3980,2048,2044,7052085,109074,13258475,83525,48713655,0,48994143,15109,8806243,996537,7699227,252162,8,2048,0,2048,8,4,4
chunked_256_p4,3981,2048,1603,9371472,160891,13098446,83486,48183494,0,48440243,11591,8580770,976771,7525963,243286,8,2048,0,2048,8,4,4
chunked_256_p4,3982,2048,1503,7267789,108143,12132866,79459,46057019,0,46461115,15900,8526748,981790,7441004,303669,8,2048,0,2048,8,4,4
chunked_256_p4,3983,2048,1372,8881894,111900,13337574,79239,50352218,0,50643264,11812,8540154,975849,7476230,247844,8,2048,0,2048,8,4,4
chunked_256_p4,3984,2048,1563,7932675,119213,12333472,85822,46399091,0,46791167,11732,8834035,1175794,7563694,244468,8,2048,0,2048,8,4,4
chunked_256_p4,3985,2048,1793,7353400,102262,11291861,83086,43699161,0,44010493,19096,9106405,1002870,8011222,240812,8,2048,0,2048,8,4,4
chunked_256_p4,3986,2048,1392,7551201,87163,11493148,96700,44339562,0,44682811,17713,8854322,989995,7768408,241834,8,2048,0,2048,8,4,4
chunked_256_p4,3987,2048,2154,7382895,146925,11691720,77785,45005905,0,45386250,17322,8916830,994985,7832948,241011,8,2048,0,2048,8,4,4
chunked_256_p4,3988,2048,1663,6924255,138439,11858101,69600,44795045,0,45334093,11262,8797887,955050,7725347,241703,8,2048,0,2048,8,4,4
chunked_256_p4,3989,2048,1883,8357161,226835,12133448,79147,46569707,0,46829125,12343,8835918,1033727,7719686,243677,8,2048,0,2048,8,4,4
chunked_256_p4,3990,2048,1422,8388560,137588,12745845,111297,48993250,0,49527732,14377,8977503,971611,7904943,249879,8,2048,0,2048,8,4,4
chunked_256_p4,3991,2048,1663,7132336,83747,12133648,96391,46902132,0,47153514,15339,9065208,979556,8001003,250980,8,2048,0,2048,8,4,4
chunked_256_p4,3992,2048,1753,7286825,109345,12527706,93463,46451688,0,46778531,11040,8907472,980518,7837568,247424,8,2048,0,2048,8,4,4
chunked_256_p4,3993,2048,2464,7139960,108062,11949784,87954,45071011,0,45302583,13375,9037606,1076567,7850982,253876,8,2048,0,2048,8,4,4
chunked_256_p4,3994,2048,1563,7062775,120967,11890502,78738,45008593,0,45333172,15288,8887685,981629,7812411,243907,8,2048,0,2048,8,4,4
chunked_256_p4,3995,2048,1804,7098843,124593,12752207,78066,46900430,0,47164935,15018,9032066,986449,7952893,247584,8,2048,0,2048,8,4,4
chunked_256_p4,3996,2048,1383,7870939,150803,12685321,81206,46737645,0,47033941,14808,9489933,991828,8376767,261470,8,2048,0,2048,8,4,4
chunked_256_p4,3997,2048,1303,7675423,87184,13262814,68279,51622158,0,51927129,10640,9707431,993832,8589917,251882,8,2048,0,2048,8,4,4
chunked_256_p4,3998,2048,2104,6877779,96300,12960867,81745,48569158,0,48881774,12142,9674379,1021945,8523142,271980,8,2048,0,2048,8,4,4
chunked_256_p4,3999,2048,1462,7763829,169337,12482862,82835,47766341,0,48270366,10981,10997860,1003180,9654692,555962,8,2048,0,2048,8,4,4
chunked_256_p4,4000,2048,1653,8560642,96831,12817930,85923,48647762,0,48978012,15660,9853845,1029860,8685777,248476,8,2048,0,2048,8,4,4
chunked_256_p4,4001,2048,1302,8756289,99637,13815760,90020,50662690,0,50982409,13445,9481898,990446,8372659,239118,8,2048,0,2048,8,4,4
chunked_256_p4,4002,2048,2544,8053773,126277,12876179,76714,49266995,0,49580040,12433,9799453,991288,8715362,246451,8,2048,0,2048,8,4,4
chunked_256_p4,4003,2048,1563,8599284,117740,12036896,78997,46006043,0,46308720,18405,9816064,1037424,8675708,251872,8,2048,0,2048,8,4,4
chunked_256_p4,4004,2048,2074,8473549,147597,12378176,79969,46956894,0,47351003,12564,9437055,981499,8361129,265848,8,2048,0,2048,8,4,4
chunked_256_p4,4005,2048,2285,7583771,114404,12542244,80601,48139852,0,48603240,10981,9768516,971831,8663044,264636,8,2048,0,2048,8,4,4
chunked_256_p4,4006,2048,2395,7882942,106820,15045224,115787,50360332,0,50670486,12093,9610530,1001928,8502333,298129,8,2048,0,2048,8,4,4
chunked_256_p4,4007,2048,3466,6940977,98735,12714155,93112,48058557,0,48324887,16741,9628754,994634,8518814,266669,8,2048,0,2048,8,4,4
chunked_256_p4,4008,2048,2485,8032693,112621,13059894,87322,48160751,0,48776342,11381,11116282,992961,10019636,245309,8,2048,0,2048,8,4,4
chunked_256_p4,4009,2048,1924,8016853,110818,12558234,75019,48370682,0,48634928,11231,9726427,1042203,8559470,259406,8,2048,0,2048,8,4,4
chunked_256_p4,4010,2048,2074,7814273,113532,12877903,74892,49148040,0,49492248,10350,9941510,983623,8798718,279194,8,2048,0,2048,8,4,4
chunked_256_p4,4011,2048,2464,8061517,110187,12270604,77674,47212473,0,47613094,14737,10213750,968054,9096406,280415,8,2048,0,2048,8,4,4
chunked_256_p4,4012,2048,1573,8187883,108813,12695020,74960,49157940,0,49517531,12424,10256641,971010,9145088,243386,8,2048,0,2048,8,4,4
chunked_256_p4,4013,2048,1793,6891224,148728,13153188,78530,49869793,0,50159396,12814,10374672,1006375,9226730,241212,8,2048,0,2048,8,4,4
chunked_256_p4,4014,2048,1493,6798650,102793,12603268,83757,48453180,0,48722734,13615,10588502,1027255,9401407,246081,8,2048,0,2048,8,4,4
chunked_256_p4,4015,2048,1452,7034412,124072,13024978,78997,49454234,0,49717930,14186,10280094,987902,9143524,245741,8,2048,0,2048,8,4,4
chunked_256_p4,4016,2048,1894,8805220,100849,12736548,97684,49322847,0,49644030,11632,10197390,1016355,9040632,243145,8,2048,0,2048,8,4,4
chunked_256_p4,4017,2048,1323,7821677,136676,14354660,104115,49761889,0,51158087,15198,11038155,1394954,9456361,244127,8,2048,0,2048,8,4,4
chunked_256_p4,4018,2048,1833,7700751,93055,12458898,83887,48154580,0,48483012,15669,9773485,1028748,8642386,239900,8,2048,0,2048,8,4,4
chunked_256_p4,4019,2048,1743,8431941,113052,13472056,88324,49556366,0,49844585,12824,10501799,1018969,9321948,237935,8,2048,0,2048,8,4,4
chunked_256_p4,4020,2048,1432,8319661,111659,12418321,88996,47062442,0,47507195,16441,10840946,1514077,9210390,238166,8,2048,0,2048,8,4,4
chunked_256_p4,4021,2048,1713,7612817,116027,12599501,87654,47992366,0,48291475,10921,10155121,1032044,9007980,242154,8,2048,0,2048,8,4,4
chunked_256_p4,4022,2048,1633,6487016,95679,12390750,77607,46298922,0,46695347,17262,10389479,1084964,9162370,236824,8,2048,0,2048,8,4,4
chunked_256_p4,4023,2048,1472,8025259,108694,13551565,85099,50194062,0,50499712,14858,10450444,1045669,9260233,287178,8,2048,0,2048,8,4,4
chunked_256_p4,4024,2048,2915,8142960,116308,12485507,82275,47649671,0,48042160,14026,10450013,994834,9350994,267571,8,2048,0,2048,8,4,4
chunked_256_p4,4025,2048,2976,8856376,113523,13276309,76532,49804862,0,50059399,11882,10956672,996807,9830491,256561,8,2048,0,2048,8,4,4
chunked_256_p4,4026,2048,2495,8180680,102021,13782919,91429,50939799,0,51275125,13085,10789348,1089872,9566918,255739,8,2048,0,2048,8,4,4
chunked_256_p4,4027,2048,1503,7802832,120536,13754666,79499,51316876,0,51680557,9137,10826157,965770,9730855,241743,8,2048,0,2048,8,4,4
chunked_256_p4,4028,2048,1703,7984052,121668,12521204,97933,47766211,0,48042487,10890,10342742,1004422,9225959,234279,8,2048,0,2048,8,4,4
chunked_256_p4,4029,2048,2164,7808042,105387,12727941,82174,48491058,0,48796081,9558,10203772,1008971,9088521,275616,8,2048,0,2048,8,4,4
chunked_256_p4,4030,2048,1673,8179017,93425,13230674,79410,49725263,0,50016440,11171,10125384,980367,9046843,242625,8,2048,0,2048,8,4,4
chunked_256_p4,4031,2048,1703,8298862,118923,12334765,77364,46380326,0,46657354,14377,10544169,1018128,9417408,244949,8,2048,0,2048,8,4,4
chunked_256_p4,4032,2048,1392,8867267,114685,14089263,109945,53971530,0,54451208,14968,10503443,993602,9402790,240941,8,2048,0,2048,8,4,4
chunked_256_p4,4033,2048,1533,20873416,128901,12810646,73888,47393261,0,47698534,16461,10620964,1008710,9496787,238176,8,2048,0,2048,8,4,4
chunked_256_p4,4034,2048,2725,8689885,139832,12912177,85450,48737661,0,49187334,12063,10463959,962795,9362925,243667,8,2048,0,2048,8,4,4
chunked_256_p4,4035,2048,1463,8879770,122339,14093109,82525,49087525,0,49563018,13466,10236402,1009832,9128947,236293,8,2048,0,2048,8,4,4
chunked_256_p4,4036,2048,1854,7923578,127679,12522266,82564,47401939,0,47658209,15700,10307896,980037,9215189,246362,8,2048,0,2048,8,4,4
chunked_256_p4,4037,2048,3135,7151752,133871,13416612,62788,50646700,0,50962170,11461,10398967,1005674,9304997,249487,8,2048,0,2048,8,4,4
chunked_256_p4,4038,2048,1924,7603619,104295,12510665,84827,47694487,0,48011402,12012,10288680,982581,9197195,249026,8,2048,0,2048,8,4,4
chunked_256_p4,4039,2048,1823,8930626,142487,13158929,94708,49651725,0,49997352,10018,10353922,1022186,9185704,287168,8,2048,0,2048,8,4,4
chunked_256_p4,4040,2048,1573,7659213,98334,12538476,78557,47715014,0,48054732,11672,10541965,976780,9449358,260789,8,2048,0,2048,8,4,4
chunked_256_p4,4041,2048,1673,9505523,152065,12824473,88476,46988073,0,47284932,15920,10337692,997349,9230377,240150,8,2048,0,2048,8,4,4
chunked_256_p4,4042,2048,1753,8899197,139732,12212295,79450,46472145,0,46858802,16771,10465582,991648,9368216,276979,8,2048,0,2048,8,4,4
chunked_256_p4,4043,2048,1723,8512041,119604,12588490,84228,47476397,0,47806717,13245,10807874,1000866,9687173,255328,8,2048,0,2048,8,4,4
chunked_256_p4,4044,2048,1724,8232076,128861,12913510,79507,47081299,0,47398242,11351,10421098,977001,9343840,270127,8,2048,0,2048,8,4,4
chunked_256_p4,4045,2048,2154,9117466,140984,10922920,83888,41839775,0,42166911,16511,10352640,965700,9276784,236102,8,2048,0,2048,8,4,4
chunked_256_p4,4046,2048,1513,9094613,124293,13565100,82013,47734582,0,48049632,16311,10513963,993281,9418870,246361,8,2048,0,2048,8,4,4
chunked_256_p4,4047,2048,1643,7672528,120175,12525202,85471,47769508,0,48162847,11131,10276998,974116,9190302,247544,8,2048,0,2048,8,4,4
chunked_256_p4,4048,2048,1854,7896217,125946,11623853,66934,44270401,0,44585849,11942,10619741,990546,9494242,236102,8,2048,0,2048,8,4,4
chunked_256_p4,4049,2048,1393,8242135,132038,11583627,85750,44464413,0,44935757,13435,11592534,973995,10481142,240581,8,2048,0,2048,8,4,4
chunked_256_p4,4050,2048,1693,8107643,144751,12287927,86342,44821061,0,45219509,11252,11002768,1135758,9746715,248396,8,2048,0,2048,8,4,4
chunked_256_p4,4051,2048,2434,8316365,134683,13590859,77475,50120083,0,50441664,11982,10428001,977181,9340714,261359,8,2048,0,2048,8,4,4
chunked_256_p4,4052,2048,1573,9044309,149150,13181702,79128,49321005,0,49692279,13435,10841627,997038,9721919,261360,8,2048,0,2048,8,4,4
chunked_256_p4,4053,2048,1994,7958133,151153,12439280,103145,45791361,0,46153891,21480,10831397,981640,9716768,245099,8,2048,0,2048,8,4,4
chunked_256_p4,4054,2048,1553,8276981,149971,13289574,84666,47478280,0,47782120,11692,11007077,992360,9893159,243386,8,2048,0,2048,8,4,4
chunked_256_p4,4055,2048,1923,8696878,139862,12172821,68910,44841132,0,45250937,13104,11079712,1122323,9818429,241212,8,2048,0,2048,8,4,4
chunked_256_p4,4056,2048,2304,8399971,138009,13404309,89747,48584164,0,48886791,12684,10747510,970689,9662958,248917,8,2048,0,2048,8,4,4
chunked_256_p4,4057,2048,1603,8233639,154820,12388706,78608,45695049,0,46030710,10500,11261634,1018920,10123340,258855,8,2048,0,2048,8,4,4
chunked_256_p4,4058,2048,1833,7956490,141746,14590973,79015,52913927,0,53271634,12533,10986127,986088,9866710,250570,8,2048,0,2048,8,4,4
chunked_256_p4,4059,2048,2655,8630213,181701,12836485,71564,48910016,0,49150709,11942,11133664,1015192,9978839,247554,8,2048,0,2048,8,4,4
chunked_256_p4,4060,2048,1573,7154367,136696,12592218,76363,46960933,0,48248676,18344,11192253,1006426,10046587,233378,8,2048,0,2048,8,4,4
chunked_256_p4,4061,2048,1903,7499464,200616,12788465,87094,48587180,0,48968556,12433,11157849,1023929,10026309,245791,8,2048,0,2048,8,4,4
chunked_256_p4,4062,2048,1673,7412852,125986,12445051,83067,47452542,0,47907348,13145,10802944,1067200,9626971,229711,8,2048,0,2048,8,4,4
chunked_256_p4,4063,2048,1363,7928698,184125,12329585,76005,46743153,0,47059240,14036,10877063,976029,9778515,250550,8,2048,0,2048,8,4,4
chunked_256_p4,4064,2048,2214,7408524,138870,13345639,90060,50977448,0,51271350,8957,10954729,1006767,9826635,239178,8,2048,0,2048,8,4,4
chunked_256_p4,4065,2048,1894,7674211,281768,12251348,94717,46449413,0,46736251,11722,10867976,988923,9765721,268814,8,2048,0,2048,8,4,4
chunked_256_p4,4066,2048,1462,8928071,177643,12526243,87104,47617370,0,47926452,12784,10967583,1103718,9756213,249067,8,2048,0,2048,8,4,4
chunked_256_p4,4067,2048,1503,8151806,179937,14913938,1009602,54876396,0,56075563,13725,11254540,1152710,9969171,246001,8,2048,0,2048,8,4,4
chunked_256_p4,4068,2048,1704,7224568,164588,12308215,85539,46198384,0,46678964,14988,10522348,981709,9408120,248085,8,2048,0,2048,8,4,4
chunked_256_p4,4069,2048,1292,9448085,126477,13858080,108333,51640121,0,52027567,13195,10711543,1042093,9515251,291697,8,2048,0,2048,8,4,4
chunked_256_p4,4070,2048,1352,10362268,150181,14247109,106880,50919099,0,51234070,11281,10851675,973254,9733039,244748,8,2048,0,2048,8,4,4
chunked_256_p4,4071,2048,1613,7313074,154800,12499514,82072,47230307,0,47610218,8616,10775442,981790,9650966,252914,8,2048,0,2048,8,4,4
chunked_256_p4,4072,2048,1623,7379339,87243,12439792,91143,47711449,0,48141875,22983,11333238,985367,10227245,276838,8,2048,0,2048,8,4,4
chunked_256_p4,4073,2048,1833,9226901,119644,12422068,94979,47564184,0,47954174,17733,10964246,1016134,9813199,233297,8,2048,0,2048,8,4,4
chunked_256_p4,4074,2048,2074,7805767,122169,13819006,81313,50132178,0,50450301,17162,10705923,1016926,9571206,245129,8,2048,0,2048,8,4,4
chunked_256_p4,4075,2048,1723,8895320,109856,12765101,84028,47799884,0,48347250,12063,11563980,1272174,10152786,241322,8,2048,0,2048,8,4,4
chunked_256_p4,4076,2048,2524,8485241,105267,12360954,93746,47480044,0,47832206,9578,10681858,984234,9610229,251541,8,2048,0,2048,8,4,4
chunked_256_p4,4077,2048,1824,7480348,100418,16361210,85770,53057708,0,53437609,12083,10985757,979876,9879544,233428,8,2048,0,2048,8,4,4
chunked_256_p4,4078,2048,2044,8248758,87484,13406693,83536,50344052,0,50731346,16601,11273906,1135859,9999529,267130,8,2048,0,2048,8,4,4
chunked_256_p4,4079,2048,1583,8673003,126097,12815506,81141,46882546,0,47229036,12834,10857907,974457,9771742,57719,8,2048,0,2048,8,4,4
chunked_256_p4,4080,2048,1252,8286599,168346,11311056,81662,43278932,0,43685504,10740,10779229,991579,9664260,246271,8,2048,0,2048,8,4,4
chunked_256_p4,4081,2048,1824,8918693,132458,13968857,90731,48633938,0,48981558,11762,10746448,970058,9662337,243116,8,2048,0,2048,8,4,4
chunked_256_p4,4082,2048,1813,7840884,144861,12581858,94306,47723110,0,48004821,14898,10771095,976390,9690550,242133,8,2048,0,2048,8,4,4
chunked_256_p4,4083,2048,1543,8645371,79819,13584436,87865,50223245,0,50641228,12223,11122583,1169332,9850760,241252,8,2048,0,2048,8,4,4
chunked_256_p4,4084,2048,1683,7650486,126237,14576686,76472,53335358,0,53598079,18585,10805279,970389,9700809,231444,8,2048,0,2048,8,4,4
chunked_256_p4,4085,2048,1804,7576337,136976,13396123,76482,48201648,0,48484487,11181,10857676,969667,9753297,241963,8,2048,0,2048,8,4,4
chunked_256_p4,4086,2048,3367,8902182,119824,12863425,92033,49478809,0,49787600,17342,10942987,1011876,9807499,258073,8,2048,0,2048,8,4,4
chunked_256_p4,4087,2048,2093,7513671,130485,13518102,93776,51970480,0,52360339,10831,10935984,972472,9821766,291797,8,2048,0,2048,8,4,4
chunked_256_p4,4088,2048,2645,8433864,136335,12585685,87926,48296325,0,48637834,16791,11476456,977893,10375433,238087,8,2048,0,2048,8,4,4
chunked_256_p4,4089,2048,2054,8530586,146365,13156625,88256,49940683,0,50196155,15850,11486175,972703,10387776,233878,8,2048,0,2048,8,4,4
chunked_256_p4,4090,2048,1473,8738606,128461,14653089,96060,53271187,0,53629880,10440,11645573,1199317,10324447,291857,8,2048,0,2048,8,4,4
chunked_256_p4,4091,2048,1553,9509440,128772,12914100,79228,47800474,0,48269255,13887,11278064,1004191,10156222,252734,8,2048,0,2048,8,4,4
chunked_256_p4,4092,2048,1403,9278047,141495,12650917,78335,47481177,0,47847764,18074,11485133,1048264,10299742,303399,8,2048,0,2048,8,4,4
chunked_256_p4,4093,2048,1863,9500303,130064,14071579,87334,53545712,0,53899864,12133,6543873,968144,5486902,242114,8,2048,0,2048,8,4,4
chunked_256_p4,4094,2048,1402,9253801,133891,13957336,89207,52042364,0,52415812,12173,6709533,1000344,5595766,242394,8,2048,0,2048,8,4,4
chunked_256_p4,4095,2048,1974,8165972,142527,13442241,81463,49468942,0,50060290,11922,6772902,1001747,5665948,245139,8,2048,0,2048,8,4,4
chunked_256_p4,4096,2048,1543,7544378,144060,13638728,76644,50071008,0,50463246,13916,7216043,1037304,6066829,244699,8,2048,0,2048,8,4,4
chunked_256_p4,4097,2048,1703,6919187,143258,13369604,72838,50479666,0,50964586,12824,7486309,1007668,6364416,252193,8,2048,0,2048,8,4,4
chunked_256_p4,4098,2048,1412,7985515,147457,13563357,93224,50933316,0,51248948,11050,14684057,1126451,13441919,267581,8,2048,0,2048,8,4,4
chunked_256_p4,4099,2048,2285,8506400,127248,13102273,109786,48445444,0,48928290,16531,7916595,982932,6852882,253486,8,2048,0,2048,8,4,4
chunked_256_p4,4100,2048,2785,8283193,121818,12834551,75642,49038787,0,49402097,18224,7836235,1005435,6746252,241292,8,2048,0,2048,8,4,4
chunked_256_p4,4101,2048,1342,40306743,129894,17586947,94489,64045829,0,64351793,14768,8224863,1021504,7099234,266699,8,2048,0,2048,8,4,4
chunked_256_p4,4102,2048,2966,9063885,177814,15710230,99395,58798865,0,59274177,12844,7568132,977191,6503197,269695,8,2048,0,2048,8,4,4
chunked_256_p4,4103,2048,2865,9109982,132488,16720954,103123,61058853,0,61444594,13285,8318668,972873,7247462,239429,8,2048,0,2048,8,4,4
chunked_256_p4,4104,2048,1663,8642335,180699,15490990,88466,58705531,0,59001224,10439,8754064,1013349,7601525,245340,8,2048,0,2048,8,4,4
chunked_256_p4,4105,2048,1924,9485174,133801,15021990,116518,57096874,0,57389064,18244,8327506,1038035,7161401,260548,8,2048,0,2048,8,4,4
chunked_256_p4,4106,2048,1773,8702448,114254,15445344,107962,56242433,0,56856666,13025,8285106,1044868,7112339,215534,8,2048,0,2048,8,4,4
chunked_256_p4,4107,2048,1984,8222218,124493,15682678,82966,59173968,0,59479774,9398,9121713,1035561,7944177,266199,8,2048,0,2048,8,4,4
chunked_256_p4,4108,2048,1953,8807334,157515,15250358,92022,58078646,0,58521334,14387,8596439,979976,7478734,260267,8,2048,0,2048,8,4,4
chunked_256_p4,4109,2048,2976,8291277,126066,15735808,78066,60681105,0,60988539,10139,9013080,1025522,7850301,281738,8,2048,0,2048,8,4,4
chunked_256_p4,4110,2048,1513,9675081,138470,14962799,79769,56106449,0,56413356,11722,8804649,1135167,7522186,236583,8,2048,0,2048,8,4,4
chunked_256_p4,4111,2048,1804,9104481,135073,16351983,83980,59473911,0,59916633,14587,8773671,1006305,7659293,253936,8,2048,0,2048,8,4,4
chunked_256_p4,4112,2048,1483,9309115,134662,16524446,91421,60182891,0,60559597,12914,8759124,990807,7671827,244769,8,2048,0,2048,8,4,4
chunked_256_p4,4113,2048,2204,9784766,114404,13023285,82075,50022019,0,50291984,10530,8876995,983303,7813753,239809,8,2048,0,2048,8,4,4
chunked_256_p4,4114,2048,1693,8930235,136034,14227261,118983,53678271,0,54140666,16951,8701435,971641,7648683,249116,8,2048,0,2048,8,4,4
chunked_256_p4,4115,2048,1613,11542079,117530,13202010,86993,51093497,0,51577051,13616,8856597,997629,7769179,249588,8,2048,0,2048,8,4,4
chunked_256_p4,4116,2048,1633,10298269,135123,14314985,82194,52674687,0,53154850,10760,8731613,995726,7659523,267972,8,2048,0,2048,8,4,4
chunked_256_p4,4117,2048,1833,9849748,152586,14814291,85191,54371559,0,54635524,13055,10294281,977362,9167640,234209,8,2048,0,2048,8,4,4
chunked_256_p4,4118,2048,1453,9515121,141976,17038660,67397,63607086,0,63875440,11231,9095505,964447,8051779,236433,8,2048,0,2048,8,4,4
chunked_256_p4,4119,2048,1643,10354504,126607,15387184,87363,55081109,0,55408080,12484,9220118,985447,8133051,237234,8,2048,0,2048,8,4,4
chunked_256_p4,4120,2048,1673,9679870,171161,15822010,94067,59499430,0,59839666,11291,9227051,997890,8150473,237755,8,2048,0,2048,8,4,4
chunked_256_p4,4121,2048,2154,10735087,135314,14730143,71866,54622902,0,55020778,14557,9259161,969006,8160212,246893,8,2048,0,2048,8,4,4
chunked_256_p4,4122,2048,1743,9872972,124223,13763622,76432,53186468,0,53852045,14127,9526322,979185,8460755,247484,8,2048,0,2048,8,4,4
chunked_256_p4,4123,2048,2544,9593178,228579,15759713,99825,57811847,0,58288379,13315,9499422,991498,8419758,243035,8,2048,0,2048,8,4,4
chunked_256_p4,4124,2048,2114,10902871,132879,14090285,76354,53110076,0,53472064,13175,9531462,975498,8447510,243536,8,2048,0,2048,8,4,4
chunked_256_p4,4125,2048,1493,10464079,147587,13505549,76861,52097739,0,52530518,12233,9747636,986249,8659878,269384,8,2048,0,2048,8,4,4
chunked_256_p4,4126,2048,2395,11544884,136004,16269729,82215,59847442,0,60189594,13185,9477901,982542,8408156,246682,8,2048,0,2048,8,4,4
chunked_256_p4,4127,2048,2274,9835361,141856,14920480,75542,54689484,0,54970921,12884,9043146,975078,7963222,245059,8,2048,0,2048,8,4,4
chunked_256_p4,4128,2048,1744,10112901,146494,13529824,86843,50912068,0,51221889,11321,9228885,965940,8124726,247574,8,2048,0,2048,8,4,4
chunked_256_p4,4129,2048,2665,9918977,145453,14264551,74176,52560044,0,52915190,19417,9122666,1002318,8025530,236653,8,2048,0,2048,8,4,4
chunked_256_p4,4130,2048,2294,10000721,156012,15249837,80722,57166768,0,57460169,13426,8981682,971671,7906927,236874,8,2048,0,2048,8,4,4
chunked_256_p4,4131,2048,1773,9917385,142878,16407497,78055,59541318,0,59865242,10820,9305388,972012,8215806,249067,8,2048,0,2048,8,4,4
chunked_256_p4,4132,2048,1944,9889061,138219,14827776,86673,54430478,0,54773421,11812,9157351,937116,8127300,241943,8,2048,0,2048,8,4,4
chunked_256_p4,4133,2048,1993,8601238,138620,15627896,82445,59047102,0,59359188,12423,9564824,1017447,8434716,244037,8,2048,0,2048,8,4,4
chunked_256_p4,4134,2048,1683,9897828,180107,17056222,95710,62363787,0,62643149,10189,9455770,973224,8384022,241563,8,2048,0,2048,8,4,4
chunked_256_p4,4135,2048,1383,9765841,152456,13352082,88425,51150686,0,51518822,21059,9518226,1085244,8337724,245991,8,2048,0,2048,8,4,4
chunked_256_p4,4136,2048,1663,8880171,150021,15873136,114425,56875262,0,57271346,16611,9589810,1011816,8471765,265076,8,2048,0,2048,8,4,4
chunked_256_p4,4137,2048,3506,15175749,272150,15576781,91911,57048426,0,57376089,17232,9882689,976810,8792527,242815,8,2048,0,2048,8,4,4
chunked_256_p4,4138,2048,1793,8849784,154790,14708323,82154,55014986,0,55693708,11482,9324444,981389,8254909,248055,8,2048,0,2048,8,4,4
chunked_256_p4,4139,2048,1433,9953202,147557,15911237,80008,58433992,0,58748171,11732,9466630,1026323,8359476,247334,8,2048,0,2048,8,4,4
chunked_256_p4,4140,2048,2204,8864982,132298,16238440,85281,59215749,0,59582625,11160,9509129,997219,8400773,230642,8,2048,0,2048,8,4,4
chunked_256_p4,4141,2048,1653,9445811,154851,14550146,90982,53696534,0,54231958,11822,9687384,978213,8624291,247945,8,2048,0,2048,8,4,4
chunked_256_p4,4142,2048,2325,9948583,161943,13115678,91120,50665054,0,50996424,11802,9751945,1023588,8647355,254877,8,2048,0,2048,8,4,4
chunked_256_p4,4143,2048,1523,10379451,152245,14407027,87475,53052046,0,53562114,16250,10724857,974256,9661646,236052,8,2048,0,2048,8,4,4
chunked_256_p4,4144,2048,1904,10129121,130455,16025221,80922,58308658,0,58689630,11362,9655955,975949,8564139,269746,8,2048,0,2048,8,4,4
chunked_256_p4,4145,2048,2054,10955510,140323,14421254,90560,53094798,0,53481732,11752,9815664,967413,8735480,247884,8,2048,0,2048,8,4,4
chunked_256_p4,4146,2048,2635,10583753,143569,14141260,78908,52438015,0,52934075,12653,9682704,995956,8586080,246351,8,2048,0,2048,8,4,4
chunked_256_p4,4147,2048,1543,10450844,138830,13161654,77956,50731979,0,51063028,11341,9982476,1022176,8839004,234469,8,2048,0,2048,8,4,4
chunked_256_p4,4148,2048,1663,10391454,145422,14706509,79589,54089279,0,54539681,9858,9651456,967643,8597501,232436,8,2048,0,2048,8,4,4
chunked_256_p4,4149,2048,1973,9602114,147356,15288350,81171,57868893,0,58110997,10139,9583078,984244,8507353,241653,8,2048,0,2048,8,4,4
chunked_256_p4,4150,2048,2033,10301395,140723,15464851,90168,58144198,0,58539270,16270,10037580,976209,8919325,265347,8,2048,0,2048,8,4,4
chunked_256_p4,4151,2048,1653,10170038,139041,14577117,81172,53274183,0,53648736,12324,9562891,962574,8517000,249457,8,2048,0,2048,8,4,4
chunked_256_p4,4152,2048,2004,10115626,154479,14823738,82325,55187358,0,55501306,11621,10042429,994934,8903826,250138,8,2048,0,2048,8,4,4
chunked_256_p4,4153,2048,1593,9828247,148428,14178570,79469,53640610,0,53975528,17763,9884423,977301,8788770,250980,8,2048,0,2048,8,4,4
chunked_256_p4,4154,2048,2545,10283000,150973,14321037,82035,53354596,0,53642672,12634,10120406,975428,9018681,248325,8,2048,0,2048,8,4,4
chunked_256_p4,4155,2048,2194,10196238,148749,15774911,77244,56227228,0,56579377,13986,10086321,969647,9002480,266259,8,2048,0,2048,8,4,4
chunked_256_p4,4156,2048,2444,10750877,146956,13466656,79740,51303128,0,51897203,9648,10311914,969607,9238192,290124,8,2048,0,2048,8,4,4
chunked_256_p4,4157,2048,1653,9986995,148769,14194290,77324,53375942,0,53745376,12293,10553206,1028998,9424321,234700,8,2048,0,2048,8,4,4
chunked_256_p4,4158,2048,2114,9191855,134411,15088295,82716,54597553,0,54902254,18394,10606476,1096134,9401548,242595,8,2048,0,2048,8,4,4
chunked_256_p4,4159,2048,2435,10685755,143800,13585489,89236,52038145,0,52528865,16982,10457717,976600,9376792,249989,8,2048,0,2048,8,4,4
chunked_256_p4,4160,2048,2294,10463347,134452,14809402,85020,57388675,0,57719986,12914,10250569,971371,9181766,260368,8,2048,0,2048,8,4,4
chunked_256_p4,4161,2048,1482,11102947,146394,14178459,81653,53668301,0,54151748,11151,10378820,968676,9321187,237926,8,2048,0,2048,8,4,4
chunked_256_p4,4162,2048,2475,9599669,152616,17089445,94558,56413655,0,56832621,16511,10517619,968325,9447815,236944,8,2048,0,2048,8,4,4
chunked_256_p4,4163,2048,2805,11123866,141225,14691562,95900,55825962,0,56183344,14397,10427951,994604,9333430,289403,8,2048,0,2048,8,4,4
chunked_256_p4,4164,2048,2625,11216820,152285,13035057,92455,50092263,0,50415897,10981,11025451,981289,9937532,236273,8,2048,0,2048,8,4,4
chunked_256_p4,4165,2048,1583,9661274,161683,13548739,86884,52467342,0,52788903,13706,10629980,973635,9549956,235701,8,2048,0,2048,8,4,4
chunked_256_p4,4166,2048,1603,10905847,156894,13761148,77124,52896253,0,53409797,13926,11079252,1112615,9835592,247995,8,2048,0,2048,8,4,4
chunked_256_p4,4167,2048,1583,10457227,167544,14938995,81763,56326542,0,56750457,11902,10724918,982101,9632461,234770,8,2048,0,2048,8,4,4
chunked_256_p4,4168,2048,1613,9969523,153418,16510320,83166,58586257,0,58863819,10219,10103193,978364,9030573,232045,8,2048,0,2048,8,4,4
chunked_256_p4,4169,2048,2765,10051737,184747,15902711,91311,59151996,0,59613523,12744,10895938,1001968,9753577,237685,8,2048,0,2048,8,4,4
chunked_256_p4,4170,2048,2304,10185457,168897,13651963,94618,52210471,0,52761151,17092,10855102,989715,9737157,246362,8,2048,0,2048,8,4,4
chunked_256_p4,4171,2048,1673,9521553,159379,15264224,102050,57136710,0,57941819,11612,10821038,977592,9707701,282589,8,2048,0,2048,8,4,4
chunked_256_p4,4172,2048,2565,10031458,146956,15203992,80033,56523593,0,56835165,13435,10619851,987481,9503378,237836,8,2048,0,2048,8,4,4
chunked_256_p4,4173,2048,1462,10181349,195707,13729468,104817,52884682,0,53163314,10821,10755195,1055948,9569763,240080,8,2048,0,2048,8,4,4
chunked_256_p4,4174,2048,1913,10262321,157776,16402888,91840,59974137,0,60533884,13887,10239818,969858,9149836,236974,8,2048,0,2048,8,4,4
chunked_256_p4,4175,2048,1764,11004241,153768,15828402,87575,59341583,0,59636004,14417,10756146,982040,9635556,237555,8,2048,0,2048,8,4,4
chunked_256_p4,4176,2048,1423,10510446,171441,14561368,78598,54954701,0,55252860,11842,10837369,973966,9717460,249648,8,2048,0,2048,8,4,4
chunked_256_p4,4177,2048,1853,10944921,164949,15420246,94306,57215888,0,57667946,10750,10572502,994984,9462513,255399,8,2048,0,2048,8,4,4
chunked_256_p4,4178,2048,2004,10303308,148699,15467926,99968,59331804,0,59674106,16281,12018142,978314,10877935,319699,8,2048,0,2048,8,4,4
chunked_256_p4,4179,2048,3347,11717177,166091,19513146,112570,71452937,0,72123806,12333,10908973,1232269,9515862,250179,8,2048,0,2048,8,4,4
chunked_256_p4,4180,2048,2635,8474872,167804,15614080,85830,57880525,0,58252813,11472,10882253,1022155,9724323,244478,8,2048,0,2048,8,4,4
chunked_256_p4,4181,2048,2325,8665027,188884,15870030,106530,58410980,0,58787283,13786,10953426,1020231,9811796,243526,8,2048,0,2048,8,4,4
chunked_256_p4,4182,2048,1854,9874814,140193,16112244,103647,60148006,0,60508580,11642,10648916,974596,9565325,227005,8,2048,0,2048,8,4,4
chunked_256_p4,4183,2048,1483,9872511,110947,15738363,98686,58654787,0,58930023,11461,11110781,976470,10014206,239599,8,2048,0,2048,8,4,4
chunked_256_p4,4184,2048,1573,10241923,117119,15650438,98034,59270540,0,59731625,9417,11356111,1028748,10192931,261651,8,2048,0,2048,8,4,4
chunked_256_p4,4185,2048,1893,10616215,105678,17051033,92943,62332428,0,62762031,14246,14862201,969447,13759194,250750,8,2048,0,2048,8,4,4
chunked_256_p4,4186,2048,1363,10841416,129893,15436096,97351,59992143,0,60336656,8165,11357974,1156206,10075240,269565,8,2048,0,2048,8,4,4
chunked_256_p4,4187,2048,1743,9845791,125055,15182552,85541,58954838,0,59300565,13595,10921967,1025412,9780949,245180,8,2048,0,2048,8,4,4
chunked_256_p4,4188,2048,1573,9375099,140714,16387199,86262,61094057,0,61451946,12623,11110991,1032976,9941650,238658,8,2048,0,2048,8,4,4
chunked_256_p4,4189,2048,1563,9840020,129412,15187250,83165,58738684,0,59375786,11832,10862476,998973,9761312,242675,8,2048,0,2048,8,4,4
chunked_256_p4,4190,2048,2805,8880271,171732,15439583,91813,59314343,0,59735763,16060,11293734,1034408,10130313,244058,8,2048,0,2048,8,4,4
chunked_256_p4,4191,2048,1413,9921041,149941,15970888,92073,60460519,0,60880797,11421,10977010,1014721,9832837,244688,8,2048,0,2048,8,4,4
chunked_256_p4,4192,2048,1552,10102222,138950,15279743,111902,57659091,0,57957470,9778,10848960,971641,9768786,257051,8,2048,0,2048,8,4,4
chunked_256_p4,4193,2048,1272,10412142,135894,14396899,92992,55218626,0,55601933,11201,10793917,972553,9688946,231313,8,2048,0,2048,8,4,4
chunked_256_p4,4194,2048,1824,10100708,135023,15267431,80659,56666651,0,57087116,17422,12126083,994854,10899906,266941,8,2048,0,2048,8,4,4
chunked_256_p4,4195,2048,3727,10564638,163667,14099441,88526,54546456,0,54925237,12032,10842989,963596,9719714,243456,8,2048,0,2048,8,4,4
chunked_256_p4,4196,2048,2074,10274504,274775,13489278,68629,51604134,0,51928892,12123,11083530,974857,10010169,237195,8,2048,0,2048,8,4,4
chunked_256_p4,4197,2048,1393,9322500,154069,15859029,82504,59642218,0,59955884,15119,10975578,979685,9874985,254006,8,2048,0,2048,8,4,4
chunked_256_p4,4198,2048,1794,10720810,147736,14286902,82896,55076331,0,55598478,12082,10662351,990957,9576576,260738,8,2048,0,2048,8,4,4
chunked_256_p4,4199,2048,1503,10400229,143459,16016765,67166,60634757,0,60911315,16982,10550070,963396,9473763,244167,8,2048,0,2048,8,4,4
chunked_256_p4,4200,2048,1633,11058183,153337,14310286,99426,55120301,0,55474145,11322,11084132,986789,9974332,247684,8,2048,0,2048,8,4,4
chunked_256_p4,4201,2048,1733,10612087,148418,13968496,86401,54079664,0,54351782,13075,10766766,963336,9689808,246371,8,2048,0,2048,8,4,4
chunked_256_p4,4202,2048,1633,11385656,173065,17231882,90749,62707872,0,63056956,14297,11266774,970859,10162174,241011,8,2048,0,2048,8,4,4
chunked_256_p4,4203,2048,1773,9490805,163887,16135006,76743,59787637,0,60110856,11812,11068101,1051641,9901625,242575,8,2048,0,2048,8,4,4
chunked_256_p4,4204,2048,2064,10751708,154780,16116651,75072,59014128,0,59381097,13134,11138893,996638,10010749,234990,8,2048,0,2048,8,4,4
chunked_256_p4,4205,2048,2304,9467272,161753,16668856,79129,61074430,0,61468808,14918,11366601,1089302,10154849,279464,8,2048,0,2048,8,4,4
chunked_256_p4,4206,2048,2074,10043611,155260,15260838,75213,56256000,0,56547518,13345,11044327,984425,9949034,246973,8,2048,0,2048,8,4,4
chunked_256_p4,4207,2048,1663,9726176,145803,16185982,90139,60122987,0,60484123,11011,12196826,1428467,10633266,270868,8,2048,0,2048,8,4,4
chunked_256_p4,4208,2048,1693,10568575,156594,15820768,89438,58504334,0,58767267,9487,11334770,1012297,10213159,249037,8,2048,0,2048,8,4,4
chunked_256_p4,4209,2048,1513,10248284,131456,15055383,83607,57641466,0,57974873,15309,11418538,998180,10291876,261721,8,2048,0,2048,8,4,4
chunked_256_p4,4210,2048,1463,10428653,153698,16330613,91419,63003296,0,63322924,20578,11269668,965540,10179085,239048,8,2048,0,2048,8,4,4
chunked_256_p4,4211,2048,1783,10931405,147036,15681877,77396,58227946,0,58505194,11211,11228712,1005926,10095568,240571,8,2048,0,2048,8,4,4
chunked_256_p4,4212,2048,2274,10662200,149120,14009543,98916,53068425,0,53442309,12313,11351682,989304,10247794,243447,8,2048,0,2048,8,4,4
chunked_256_p4,4213,2048,1623,10619350,157865,15767428,83776,58818744,0,59239851,11602,11610698,975699,10519493,271799,8,2048,0,2048,8,4,4
chunked_256_p4,4214,2048,2084,11237709,151755,14798732,83357,55213399,0,55505335,12153,11416715,968925,10338755,237285,8,2048,0,2048,8,4,4
chunked_256_p4,4215,2048,1603,9549956,149441,13594536,87325,52124411,0,52681425,21340,11879592,1025532,10704450,261370,8,2048,0,2048,8,4,4
chunked_256_p4,4216,2048,1773,10915224,168706,15072635,90340,56948098,0,57262216,13695,11427705,965369,10327412,233407,8,2048,0,2048,8,4,4
chunked_256_p4,4217,2048,1553,10759332,165180,16211049,97684,59514174,0,59840241,13535,11347615,998882,10230030,272841,8,2048,0,2048,8,4,4
chunked_256_p4,4218,2048,1803,9487449,142346,15697746,81680,58541984,0,58983610,17342,11736403,1018037,10589094,239990,8,2048,0,2048,8,4,4
chunked_256_p4,4219,2048,2004,9555496,174758,14852373,93936,56952375,0,57324835,16220,11924906,1047964,10747630,287909,8,2048,0,2048,8,4,4
chunked_256_p4,4220,2048,1843,9392732,146244,15130333,86262,57666522,0,58096650,15780,12479045,1019220,11303503,255278,8,2048,0,2048,8,4,4
chunked_256_p4,4221,2048,1634,9717389,119904,14975694,84678,57903228,0,58305130,8877,12110735,1023999,10959337,251972,8,2048,0,2048,8,4,4
chunked_256_p4,4222,2048,1492,10534350,134523,16383051,96151,61259196,0,61606228,14226,11576093,1043606,10403215,241703,8,2048,0,2048,8,4,4
chunked_256_p4,4223,2048,2104,9716398,155701,17417310,91822,63782415,0,64238038,20719,11523364,960089,10438682,246833,8,2048,0,2048,8,4,4
chunked_256_p4,4224,2048,1353,9387291,218199,15812321,90962,59206309,0,59614785,11842,11437563,1034319,10288420,255108,8,2048,0,2048,8,4,4
chunked_256_p4,4225,2048,1382,9959554,159449,15492202,102685,57286340,0,57685801,11281,11654099,964547,10589785,241142,8,2048,0,2048,8,4,4
chunked_256_p4,4226,2048,1793,12082582,171712,15221805,71242,56264687,0,56585218,10660,11488970,968215,10404698,252143,8,2048,0,2048,8,4,4
chunked_256_p4,4227,2048,1533,8751720,155882,16570362,87913,61889959,0,62297232,10309,6287703,1030752,5151764,230252,8,2048,0,2048,8,4,4
chunked_256_p4,4228,2048,1613,9060769,162725,16503626,97773,61767970,0,62261254,16931,6706327,1020302,5596308,250369,8,2048,0,2048,8,4,4
chunked_256_p4,4229,2048,1492,9593057,155572,15946994,88645,60476439,0,60773596,18124,9457463,1489902,7837146,237916,8,2048,0,2048,8,4,4
chunked_256_p4,4230,2048,2144,9500212,166933,17121364,101111,63100988,0,63492773,18104,7195164,974436,6111151,237745,8,2048,0,2048,8,4,4
chunked_256_p4,4231,2048,1363,9769157,188894,15614470,105467,60333605,0,60669442,15458,7269111,999052,6175994,239169,8,2048,0,2048,8,4,4
chunked_256_p4,4232,2048,2224,10130764,214662,15803936,102112,60694258,0,61254388,18074,7397242,1007097,6287883,261260,8,2048,0,2048,8,4,4
chunked_256_p4,4233,2048,1984,9964042,174016,15818032,97942,59888988,0,60216323,11982,7712112,985898,6612562,239419,8,2048,0,2048,8,4,4
chunked_256_p4,4234,2048,1633,9505162,158326,15334296,100317,59075715,0,59524707,12383,41214965,991778,40102110,249458,8,2048,0,2048,8,4,4
chunked_256_p4,4235,2048,1463,10234348,150813,17400507,93884,66651985,0,67014232,16230,8120066,996487,7015947,234319,8,2048,0,2048,8,4,4
chunked_256_p4,4236,2048,1663,11150385,150432,17117868,84588,62687733,0,63104606,15149,7842857,970709,6772071,242063,8,2048,0,2048,8,4,4
chunked_256_p4,4237,2048,2284,11191312,145784,16884361,87343,62853835,0,63331038,12093,8017124,971571,6966344,239288,8,2048,0,2048,8,4,4
chunked_256_p4,4238,2048,1914,11284516,145643,21942098,109605,79175038,0,79517100,14106,8153268,1086567,6931138,269575,8,2048,0,2048,8,4,4
chunked_256_p4,4239,2048,2103,11367101,138890,18109877,94968,67661704,0,68023695,10780,8083408,972974,7023832,241122,8,2048,0,2048,8,4,4
chunked_256_p4,4240,2048,1803,11729772,186830,19060078,92423,71253938,0,71658706,16621,8385133,1060687,7215472,262342,8,2048,0,2048,8,4,4
chunked_256_p4,4241,2048,2154,11480795,150122,17919650,97914,61979367,0,62445309,10360,16793450,975949,15680274,249928,8,2048,0,2048,8,4,4
chunked_256_p4,4242,2048,2485,10603891,189605,18820439,111380,69457189,0,69775767,12073,8360747,965299,7310519,247513,8,2048,0,2048,8,4,4
chunked_256_p4,4243,2048,1793,11179831,160501,19189360,100056,72492445,0,72829166,11041,9015425,984756,7910193,241573,8,2048,0,2048,8,4,4
chunked_256_p4,4244,2048,1894,10588563,152416,18779852,103954,70095106,0,70487018,12002,8422243,977551,7336197,256530,8,2048,0,2048,8,4,4
chunked_256_p4,4245,2048,1714,11324621,164218,17747648,75313,67732037,0,68041947,16491,9706259,975408,8580410,281458,8,2048,0,2048,8,4,4
chunked_256_p4,4246,2048,1774,10551593,144782,18227127,103453,69519166,0,69898335,11081,8629391,999473,7509262,248345,8,2048,0,2048,8,4,4
chunked_256_p4,4247,2048,1853,12599281,200485,19962308,100279,71585576,0,72039308,12764,9945127,1164281,8620173,260198,8,2048,0,2048,8,4,4
chunked_256_p4,4248,2048,2314,13821551,167815,22348880,148969,76964697,0,77448685,14917,9787992,1154093,8474721,315461,8,2048,0,2048,8,4,4
chunked_256_p4,4249,2048,2345,13246763,178624,20837108,109807,80238414,0,80828790,12293,9629445,1118266,8403137,266981,8,2048,0,2048,8,4,4
chunked_256_p4,4250,2048,2104,13555001,172403,20017562,102202,75905243,0,76358431,17934,8719520,1027906,7590253,251432,8,2048,0,2048,8,4,4
chunked_256_p4,4251,2048,2284,11811664,155351,19091617,90859,71414678,0,71795529,15429,9399895,1045409,8183296,239118,8,2048,0,2048,8,4,4
chunked_256_p4,4252,2048,2054,12065971,147998,22176588,115597,83636629,0,84039836,10850,9465257,1042794,8291598,291346,8,2048,0,2048,8,4,4
chunked_256_p4,4253,2048,1804,12527756,107962,20141744,98084,74263548,0,74624522,14477,8332535,935704,7263561,234579,8,2048,0,2048,8,4,4
chunked_256_p4,4254,2048,1393,12244465,156864,18767339,111269,68799477,0,69470615,13004,9406567,1016575,8230444,242815,8,2048,0,2048,8,4,4
chunked_256_p4,4255,2048,1944,12186316,158237,18454272,111878,69495650,0,69865544,13475,9125951,1106162,7930030,243566,8,2048,0,2048,8,4,4
chunked_256_p4,4256,2048,1303,10528941,203261,18533691,110378,69072779,0,69509308,18746,9323492,1091425,8100410,240301,8,2048,0,2048,8,4,4
chunked_256_p4,4257,2048,1583,11001757,197100,18132760,104839,68461432,0,68801802,11983,9127825,1059586,7947884,250971,8,2048,0,2048,8,4,4
chunked_256_p4,4258,2048,1753,10226804,170850,21583987,122029,73133288,0,73452246,11211,9609898,1026173,8414709,251721,8,2048,0,2048,8,4,4
chunked_256_p4,4259,2048,1323,10357780,139983,19363566,107140,72081737,0,72452341,13986,9321758,1098378,8116720,256882,8,2048,0,2048,8,4,4
chunked_256_p4,4260,2048,2375,11353776,146584,19295689,97712,69593216,0,70002019,16651,8679956,954829,7603599,240020,8,2048,0,2048,8,4,4
chunked_256_p4,4261,2048,1583,10704159,153848,18788078,99868,70146971,0,70456883,12664,10163225,1101324,8926427,283041,8,2048,0,2048,8,4,4
chunked_256_p4,4262,2048,2314,10667650,150542,19277745,109376,72626118,0,72958160,18605,9291121,1104229,8072928,245721,8,2048,0,2048,8,4,4
chunked_256_p4,4263,2048,1844,10852507,153016,19694547,101780,70874164,0,71210763,12764,10350827,1138984,9071019,237976,8,2048,0,2048,8,4,4
chunked_256_p4,4264,2048,1683,13227277,181339,18949080,101441,71762688,0,72198598,11952,9116874,1004442,8002727,270608,8,2048,0,2048,8,4,4
chunked_256_p4,4265,2048,1974,11154193,146575,18828133,102603,69634684,0,69988244,16631,9359309,1212302,8047371,235170,8,2048,0,2048,8,4,4
chunked_256_p4,4266,2048,1653,9298415,369022,20679132,508553,75981144,0,76736179,14417,10098374,1104309,8876554,238688,8,2048,0,2048,8,4,4
chunked_256_p4,4267,2048,2374,10438682,161002,17892439,103996,67122044,0,67498598,12674,9795266,1091636,8609574,294893,8,2048,0,2048,8,4,4
chunked_256_p4,4268,2048,1994,10012223,173946,21080564,101581,72886748,0,73203049,12233,10045665,950972,8952407,270507,8,2048,0,2048,8,4,4
chunked_256_p4,4269,2048,2866,11371489,171722,17981456,86614,68492069,0,68799959,12243,9404865,972642,8301486,315561,8,2048,0,2048,8,4,4
chunked_256_p4,4270,2048,1643,10016600,111990,17721118,98665,66269015,0,66604832,13866,9430843,979826,8347192,239819,8,2048,0,2048,8,4,4
chunked_256_p4,4271,2048,1683,9891105,132178,18019858,127891,67950235,0,68319708,11853,9367955,988122,8279074,260078,8,2048,0,2048,8,4,4
chunked_256_p4,4272,2048,1493,9460799,161632,18076154,102934,68777416,0,69178377,9678,9505182,1048104,8305344,265337,8,2048,0,2048,8,4,4
chunked_256_p4,4273,2048,1383,12111336,168055,19144065,92163,70690622,0,71056726,10549,9689638,980668,8604985,271268,8,2048,0,2048,8,4,4
chunked_256_p4,4274,2048,1523,10214872,150522,18570720,102774,69366210,0,69663966,12052,9987436,1154804,8702107,260578,8,2048,0,2048,8,4,4
chunked_256_p4,4275,2048,2284,11329721,157915,17621843,109956,67161036,0,67514389,11181,9959543,1129366,8739728,241883,8,2048,0,2048,8,4,4
chunked_256_p4,4276,2048,1543,10347431,135053,19192505,89617,70646899,0,70926122,11040,9477350,982462,8379553,244758,8,2048,0,2048,8,4,4
chunked_256_p4,4277,2048,1674,10510125,144110,18841659,97804,67568440,0,67953471,15729,9822797,1110220,8604104,240581,8,2048,0,2048,8,4,4
chunked_256_p4,4278,2048,1693,10355456,111529,18161072,101089,69721933,0,70080688,12103,9682434,997970,8565160,247614,8,2048,0,2048,8,4,4
chunked_256_p4,4279,2048,1864,12061913,176951,19948512,103904,70344210,0,70694899,16441,10609512,1162128,9323642,249768,8,2048,0,2048,8,4,4
chunked_256_p4,4280,2048,1463,214838615,157114,18132759,97623,66394259,0,66946584,11532,9642540,1079172,8461437,241333,8,2048,0,2048,8,4,4
chunked_256_p4,4281,2048,1984,11875224,180528,17568823,81683,67551418,0,67947831,13124,9593257,984845,8499517,243607,8,2048,0,2048,8,4,4
chunked_256_p4,4282,2048,1633,10220592,172263,18120847,90258,65586526,0,65933604,12443,9501044,985066,8389231,248476,8,2048,0,2048,8,4,4
chunked_256_p4,4283,2048,1513,10260478,155010,18776827,96611,70658612,0,70958131,11491,9541240,965930,8469982,148288,8,2048,0,2048,8,4,4
chunked_256_p4,4284,2048,1693,11490252,157345,18350708,97703,67699205,0,68056384,14658,9765440,1007948,8641775,248817,8,2048,0,2048,8,4,4
chunked_256_p4,4285,2048,1553,11369606,155271,18227127,95388,67915249,0,68284131,14006,10536925,1089091,9302172,251811,8,2048,0,2048,8,4,4
chunked_256_p4,4286,2048,1422,11184078,203441,20516447,113743,77005746,0,77395854,20649,10774832,1211410,9422217,192030,8,2048,0,2048,8,4,4
chunked_256_p4,4287,2048,1443,11813698,170039,27180274,98026,85589379,0,86017744,10800,10136726,1028768,8969559,263584,8,2048,0,2048,8,4,4
chunked_256_p4,4288,2048,1603,12464187,112040,20620421,92733,74771967,0,75095215,14116,11259920,1132833,10011952,236864,8,2048,0,2048,8,4,4
chunked_256_p4,4289,2048,1463,11770487,166412,21087607,99156,76589736,0,77015063,12083,10627015,1103759,9366372,243205,8,2048,0,2048,8,4,4
chunked_256_p4,4290,2048,2595,14567038,154008,18146134,96522,68871563,0,69389153,12924,10954808,1375838,9459426,256150,8,2048,0,2048,8,4,4
chunked_256_p4,4291,2048,1282,11998104,214352,18966772,106600,71020469,0,71364501,9547,10163275,974656,9048446,253585,8,2048,0,2048,8,4,4
chunked_256_p4,4292,2048,1823,12338792,126887,18269846,96210,67628331,0,68217214,12454,9752376,979485,8668234,268503,8,2048,0,2048,8,4,4
chunked_256_p4,4293,2048,2755,12539939,150141,17997296,86514,69537206,0,69873781,10229,10662451,1070937,9444359,243577,8,2048,0,2048,8,4,4
chunked_256_p4,4294,2048,1563,12346116,163246,23030498,102072,78508390,0,78903663,11592,9900333,1073972,8694843,247925,8,2048,0,2048,8,4,4
chunked_256_p4,4295,2048,1603,12099394,181841,18965100,92753,71839184,0,72213704,8957,10151674,991759,9054648,238316,8,2048,0,2048,8,4,4
chunked_256_p4,4296,2048,1823,11282803,176180,18407124,96481,69690315,0,70011800,14978,113182518,1028247,112003990,251752,8,2048,0,2048,8,4,4
chunked_256_p4,4297,2048,1693,11508055,195476,19835370,92276,70757095,0,71094460,14928,10679392,1165224,9353498,254457,8,2048,0,2048,8,4,4
chunked_256_p4,4298,2048,1853,12443769,177873,20241281,102720,72072087,0,72480303,18004,10981769,1171225,9695940,242294,8,2048,0,2048,8,4,4
chunked_256_p4,4299,2048,1502,11033325,175650,19885054,98924,73348511,0,73738753,11812,10874017,1109439,9650605,255239,8,2048,0,2048,8,4,4
chunked_256_p4,4300,2048,2314,12615641,171662,21087938,95419,75907104,0,76321584,11702,10976389,1036382,9779796,240701,8,2048,0,2048,8,4,4
chunked_256_p4,4301,2048,2264,12445392,167514,19490274,86191,74096614,0,74441648,17753,10380503,1167328,9111194,238176,8,2048,0,2048,8,4,4
chunked_256_p4,4302,2048,1713,11436902,172844,19548183,99154,73574114,0,73912639,13635,11279828,1113948,10049322,241312,8,2048,0,2048,8,4,4
chunked_256_p4,4303,2048,1623,12963633,188113,19067932,90118,72478691,0,73210554,16962,11309844,1169311,10012503,242956,8,2048,0,2048,8,4,4
chunked_256_p4,4304,2048,1513,12697144,194956,18957155,109565,70188277,0,70631240,11371,11168028,1124788,9913538,248306,8,2048,0,2048,8,4,4
chunked_256_p4,4305,2048,1593,12343561,176280,18765375,108283,70321881,0,70700407,17974,11282303,1144024,10004468,313317,8,2048,0,2048,8,4,4
chunked_256_p4,4306,2048,1543,13088357,180248,18529754,103293,68316964,0,68768197,14998,11190400,1094681,9959965,277170,8,2048,0,2048,8,4,4
chunked_256_p4,4307,2048,2154,14318051,174767,18628429,99676,72013147,0,72408931,14958,11289005,1161837,9987175,242775,8,2048,0,2048,8,4,4
chunked_256_p4,4308,2048,1613,12625169,199534,21245684,121298,75507788,0,75886488,13725,10655117,1064805,9447945,242094,8,2048,0,2048,8,4,4
chunked_256_p4,4309,2048,1734,14266124,203762,19540567,102061,73340105,0,73764211,10199,11760980,1108818,10495668,241242,8,2048,0,2048,8,4,4
chunked_256_p4,4310,2048,2033,10784659,180679,20701784,98924,73931143,0,74269185,16421,12860901,1608654,11061048,298129,8,2048,0,2048,8,4,4
chunked_256_p4,4311,2048,2475,10991157,220894,20675184,109906,78296914,0,78758497,13635,11447141,1136119,10166922,270708,8,2048,0,2048,8,4,4
chunked_256_p4,4312,2048,2294,11340601,212649,19260313,112141,73960930,0,74309512,14788,10926606,1091125,9688756,239309,8,2048,0,2048,8,4,4
chunked_256_p4,4313,2048,2224,114051978,183934,18862488,94958,72143272,0,72684498,13605,11488819,1124016,10226504,252493,8,2048,0,2048,8,4,4
chunked_256_p4,4314,2048,2355,12487230,189695,20082103,120837,76519322,0,76946394,12082,11456989,1097226,10226214,238436,8,2048,0,2048,8,4,4
chunked_256_p4,4315,2048,1523,12135672,177422,19010384,103072,71497843,0,71855723,13886,10875831,1230957,9488340,244107,8,2048,0,2048,8,4,4
chunked_256_p4,4316,2048,1623,11488619,159679,19533124,101471,72074703,0,72513646,15549,10822461,1125599,9531211,256651,8,2048,0,2048,8,4,4
chunked_256_p4,4317,2048,2755,12378447,189556,18803056,93434,72980189,0,73359882,15710,11776609,1147851,10487513,241843,8,2048,0,2048,8,4,4
chunked_256_p4,4318,2048,1502,11059906,154159,19969181,91471,74011362,0,74306026,14177,12458547,1102927,11211149,249958,8,2048,0,2048,8,4,4
chunked_256_p4,4319,2048,2184,48039884,190336,10137137,90470,35957912,0,36652424,12243,11604537,1119929,10366135,243827,8,2048,0,2048,8,4,4
chunked_256_p4,4320,2048,2094,5069500,150482,7879045,75532,29442714,0,29765320,10029,10426509,931185,9346746,248996,8,2048,0,2048,8,4,4
chunked_256_p4,4321,2048,1884,6385085,165440,9379877,73727,33622778,0,33945461,13796,11492016,1105712,10261529,244518,8,2048,0,2048,8,4,4
chunked_256_p4,4322,2048,1493,5277440,132038,9681894,87646,33770595,0,34068504,13235,10648775,980738,9567198,234289,8,2048,0,2048,8,4,4
chunked_256_p4,4323,2048,1713,5394169,232856,8936697,87734,31632646,0,31971995,10169,10728775,1125098,9488702,195085,8,2048,0,2048,8,4,4
chunked_256_p4,4324,2048,1433,4826154,174436,9417078,86793,33077235,0,33533118,11451,10238847,978503,9157140,241793,8,2048,0,2048,8,4,4
chunked_256_p4,4325,2048,1784,5242754,151013,8697889,83876,31886733,0,32216373,13526,11148933,1089241,9972648,235411,8,2048,0,2048,8,4,4
chunked_256_p4,4326,2048,2805,5131937,178705,8701967,79018,30802202,0,31123683,10981,10883516,971501,9763486,256741,8,2048,0,2048,8,4,4
chunked_256_p4,4327,2048,1573,4717250,161383,9950597,88735,34440561,0,34721324,11482,10817511,956452,9766262,245730,8,2048,0,2048,8,4,4
chunked_256_p4,4328,2048,4629,6266894,156934,8852439,90810,32337327,0,32702562,10971,10678962,914654,9672236,254347,8,2048,0,2048,8,4,4
chunked_256_p4,4329,2048,2335,5741229,176731,8844414,78066,31031714,0,31398177,9718,10572893,947285,9526382,254627,8,2048,0,2048,8,4,4
chunked_256_p4,4330,2048,1744,5520495,167194,9033679,82294,32483463,0,32738990,16000,10571440,1104650,9355992,239239,8,2048,0,2048,8,4,4
chunked_256_p4,4331,2048,1934,4683747,186480,9897538,81202,33889116,0,34150987,7404,10805940,920174,9773235,248896,8,2048,0,2048,8,4,4
chunked_256_p4,4332,2048,1853,5134772,159589,9130881,74970,33125113,0,33549988,12383,11497576,1145787,10246211,232535,8,2048,0,2048,8,4,4
chunked_256_p4,4333,2048,1503,5374191,283822,8610546,73037,31478640,0,31740380,15669,11832764,1107445,10587330,250790,8,2048,0,2048,8,4,4
chunked_256_p4,4334,2048,1653,6009752,140293,9266405,79517,32364117,0,32652648,9397,11730372,1122494,10505186,239769,8,2048,0,2048,8,4,4
chunked_256_p4,4335,2048,1864,6971845,172763,9447634,86119,33471694,0,33819635,9187,10691175,938559,9664411,240972,8,2048,0,2048,8,4,4
chunked_256_p4,4336,2048,1834,5267130,168957,8738035,91122,32315737,0,32681715,11191,10927998,930985,9892097,241733,8,2048,0,2048,8,4,4
chunked_256_p4,4337,2048,2034,5273031,167033,9208346,77607,33470472,0,33759645,7815,10885870,943739,9834089,251000,8,2048,0,2048,8,4,4
chunked_256_p4,4338,2048,1623,6071147,153888,8661531,71353,32265082,0,32570285,9398,11879281,1142060,10605885,246913,8,2048,0,2048,8,4,4
chunked_256_p4,4339,2048,1883,5178254,201007,9274740,87674,33474229,0,33846446,11050,11595229,1178117,10303268,241703,8,2048,0,2048,8,4,4
chunked_256_p4,4340,2048,2564,5168175,187562,9358417,84177,33699963,0,34104089,11942,11738237,1128214,10509334,234269,8,2048,0,2048,8,4,4
chunked_256_p4,4341,2048,2084,5234549,190888,8676650,86945,31799290,0,32091067,13004,11898176,1163180,10619620,248426,8,2048,0,2048,8,4,4
chunked_256_p4,4342,2048,1833,4192246,175809,10274144,91744,34755570,0,35051325,12383,11647507,1169051,10377306,245009,8,2048,0,2048,8,4,4
chunked_256_p4,4343,2048,1833,4453266,168556,8163568,59442,28890911,0,29232329,8446,10964647,988082,9854056,247043,8,2048,0,2048,8,4,4
chunked_256_p4,4344,2048,1353,4712731,150021,8782117,77003,31130165,0,31582936,10480,10679734,976510,9591824,242925,8,2048,0,2048,8,4,4
chunked_256_p4,4345,2048,1453,4339131,192581,8300675,77174,30744303,0,31291929,12303,10819586,999103,9728360,274835,8,2048,0,2048,8,4,4
chunked_256_p4,4346,2048,1893,5109916,185748,10132939,80812,33292480,0,34504510,15539,10831357,992270,9735604,239379,8,2048,0,2048,8,4,4
chunked_256_p4,4347,2048,1773,5327764,172303,8594987,79459,30964698,0,31204905,9918,10768660,979566,9689478,243787,8,2048,0,2048,8,4,4
chunked_256_p4,4348,2048,1463,4604458,143499,9475446,76273,32695501,0,33067786,12364,10958656,980818,9858795,243145,8,2048,0,2048,8,4,4
chunked_256_p4,4349,2048,1703,4413451,190267,8765426,84367,31503227,0,31961323,10390,12371364,1398331,10834473,253505,8,2048,0,2048,8,4,4
chunked_256_p4,4350,2048,1914,5310912,160200,8719199,78488,31657245,0,31971292,13696,11011646,982481,9908929,247313,8,2048,0,2048,8,4,4
chunked_256_p4,4351,2048,1533,5104505,94326,8134593,80431,30180036,0,30587881,11953,10992819,973554,9924287,265597,8,2048,0,2048,8,4,4
chunked_256_p4,4352,2048,1974,4080136,164779,8893025,70141,32576626,0,32852642,10339,11164482,984264,10060503,247443,8,2048,0,2048,8,4,4
chunked_256_p4,4353,2048,1764,4226901,169677,8101763,85893,30353591,0,30624450,25267,11105701,980298,9964402,230792,8,2048,0,2048,8,4,4
chunked_256_p4,4354,2048,1462,4329403,150251,8728607,69702,31428186,0,31680598,13555,11081125,978473,10001051,260609,8,2048,0,2048,8,4,4
chunked_256_p4,4355,2048,2525,4146851,162835,8312477,74330,30950790,0,31221768,9518,11277734,967012,10184034,275376,8,2048,0,2048,8,4,4
chunked_256_p4,4356,2048,2295,4336015,169397,8278394,76474,30876690,0,31394059,10911,11131700,965489,10058159,316914,8,2048,0,2048,8,4,4
chunked_256_p4,4357,2048,2003,4305067,154390,8104698,84620,30223076,0,30546363,9879,10707936,977793,9621520,234710,8,2048,0,2048,8,4,4
chunked_256_p4,4358,2048,1993,4298024,156564,8385554,72908,30769820,0,31084492,11582,10989875,1032785,9843125,249678,8,2048,0,2048,8,4,4
chunked_256_p4,4359,2048,2334,4390418,99326,8489509,74421,31373794,0,31709752,10680,12145290,959949,11049266,271278,8,2048,0,2048,8,4,4
chunked_256_p4,4360,2048,1693,4214578,141224,8032363,74370,29411856,0,29720395,8766,11744960,1017266,10577782,265397,8,2048,0,2048,8,4,4
chunked_256_p4,4361,2048,1483,3941737,200966,8692990,74690,31840065,0,32296963,10760,6270240,981500,5197279,242976,8,2048,0,2048,8,4,4
chunked_256_p4,4362,2048,1854,4366172,162355,9998938,106260,33943808,0,34221489,15238,6702420,1001447,5593241,244147,8,2048,0,2048,8,4,4
chunked_256_p4,4363,2048,1803,3941476,133099,8812454,63759,33453599,0,33739885,13455,6887196,985426,5799588,235051,8,2048,0,2048,8,4,4
chunked_256_p4,4364,2048,1613,4360761,127008,9443095,80760,33152185,0,33504153,13264,8789661,1490323,7185045,145904,8,2048,0,2048,8,4,4
chunked_256_p4,4365,2048,1503,5409598,115898,8995578,82955,33151505,0,33495278,13345,7145370,1021184,6028006,242725,8,2048,0,2048,8,4,4
chunked_256_p4,4366,2048,1483,4353739,149991,9143504,73068,34165875,0,34410044,12834,7338733,989273,6241195,238076,8,2048,0,2048,8,4,4
chunked_256_p4,4367,2048,1523,5667010,164508,8772479,81954,32055951,0,32417439,14297,7594472,1014421,6492978,232275,8,2048,0,2048,8,4,4
chunked_256_p4,4368,2048,1472,5731791,162454,9422457,77676,33110876,0,33456143,10339,7989081,1017177,6855677,285846,8,2048,0,2048,8,4,4
chunked_256_p4,4369,2048,1492,5841297,159429,8729769,76412,32173049,0,32462631,16892,8046439,977622,6948340,254748,8,2048,0,2048,8,4,4
chunked_256_p4,4370,2048,1533,6202653,140062,8626204,76523,32419562,0,32758535,11251,8819036,972473,7720828,243988,8,2048,0,2048,8,4,4
chunked_256_p4,4371,2048,1693,6652076,136005,9517826,95469,34584510,0,34917353,15359,8071856,992550,6964822,237796,8,2048,0,2048,8,4,4
chunked_256_p4,4372,2048,1833,39662215,171902,12629978,86922,44998034,0,45289770,11011,8139113,999964,7045884,251431,8,2048,0,2048,8,4,4
chunked_256_p4,4373,2048,1443,5502161,212358,9928856,77433,36206740,0,36580108,11381,8134854,983513,7055321,237896,8,2048,0,2048,8,4,4
chunked_256_p4,4374,2048,1603,5453580,145202,9601372,76235,35690442,0,36052360,10340,8045708,1033857,6930648,249508,8,2048,0,2048,8,4,4
chunked_256_p4,4375,2048,1933,5649577,176541,10659015,77926,39870826,0,40165559,22031,7982138,981469,6893518,234930,8,2048,0,2048,8,4,4
chunked_256_p4,4376,2048,1663,6282673,165520,11598004,85972,37495937,0,37875107,12443,7842506,974727,6784394,246121,8,2048,0,2048,8,4,4
chunked_256_p4,4377,2048,1823,5947556,144461,10923851,71945,39003501,0,39314113,11161,7914902,972553,6844036,243226,8,2048,0,2048,8,4,4
chunked_256_p4,4378,2048,2494,6800243,157335,9031204,79909,34312610,0,34564682,16812,8230373,982180,7158705,241583,8,2048,0,2048,8,4,4
chunked_256_p4,4379,2048,2044,7388486,166863,10149059,79691,37811275,0,38093525,16120,8326393,972192,7262039,237755,8,2048,0,2048,8,4,4
chunked_256_p4,4380,2048,1523,6488499,166031,9880666,80161,36086543,0,36363693,17062,8543861,1010795,7447977,235201,8,2048,0,2048,8,4,4
chunked_256_p4,4381,2048,1844,6761170,175189,10377307,66024,38302557,0,38591077,9899,8724279,974727,7653873,246352,8,2048,0,2048,8,4,4
chunked_256_p4,4382,2048,1984,6592484,201588,10527428,75834,38458198,0,38751099,9027,8383730,976590,7311110,246321,8,2048,0,2048,8,4,4
chunked_256_p4,4383,2048,1804,6938572,209994,9840611,77346,36976902,0,37276354,16511,8344648,953156,7296924,187411,8,2048,0,2048,8,4,4
chunked_256_p4,4384,2048,1834,5572132,186339,11071006,66025,38685435,0,38898196,19957,8720281,1016104,7580496,239880,8,2048,0,2048,8,4,4
chunked_256_p4,4385,2048,1363,5715190,190988,10847307,79300,38990568,0,39483801,14096,8811502,968926,7733342,244227,8,2048,0,2048,8,4,4
chunked_256_p4,4386,2048,1934,6023388,198151,11350481,84618,40858658,0,41182062,11732,9069586,1022967,7916525,249477,8,2048,0,2048,8,4,4
chunked_256_p4,4387,2048,1583,6565664,173125,10598040,77907,40170206,0,40517406,11551,8551495,976330,7497019,260007,8,2048,0,2048,8,4,4
chunked_256_p4,4388,2048,1743,7239947,169267,9885284,73347,35979204,0,36351513,11552,8746190,1006786,7649274,240451,8,2048,0,2048,8,4,4
chunked_256_p4,4389,2048,1513,6567678,179937,10353592,84127,38265527,0,38559890,12864,8995587,1029599,7868585,235802,8,2048,0,2048,8,4,4
chunked_256_p4,4390,2048,2014,7248774,176070,10426829,76784,37460680,0,37839429,13185,8817724,975849,7747548,241382,8,2048,0,2048,8,4,4
chunked_256_p4,4391,2048,2013,5775043,175859,10183393,67345,36043231,0,36378541,18364,9129087,965138,8060425,252032,8,2048,0,2048,8,4,4
chunked_256_p4,4392,2048,1603,5731471,186740,10867095,84548,38808164,0,39052059,16220,8968987,980207,7891929,230963,8,2048,0,2048,8,4,4
chunked_256_p4,4393,2048,1382,7422319,253235,10629409,90649,39201972,0,39669688,16782,9108829,994603,8005502,238116,8,2048,0,2048,8,4,4
chunked_256_p4,4394,2048,2264,5632104,172253,10721221,76753,38498423,0,38980718,21239,8915928,1037484,7771834,236884,8,2048,0,2048,8,4,4
chunked_256_p4,4395,2048,1512,6045910,176460,9529959,75473,35926023,0,36330092,12052,9363457,1078020,8158168,237846,8,2048,0,2048,8,4,4
chunked_256_p4,4396,2048,2024,6078261,167223,10439142,83318,39148423,0,39501895,16571,9138595,1097768,7907197,246052,8,2048,0,2048,8,4,4
chunked_256_p4,4397,2048,1413,6748436,126147,10265738,84057,38678051,0,39095433,11191,9240957,946774,8197601,237405,8,2048,0,2048,8,4,4
chunked_256_p4,4398,2048,1674,5958526,126658,10099155,67826,37926763,0,38354222,18424,10267611,1370799,8760908,245310,8,2048,0,2048,8,4,4
chunked_256_p4,4399,2048,1824,6296299,194043,11166395,75621,40112860,0,40469689,17102,10053960,974577,8945072,250629,8,2048,0,2048,8,4,4
chunked_256_p4,4400,2048,3126,5601627,185407,10574036,82312,39932150,0,40394136,13766,9662207,1046611,8525426,240450,8,2048,0,2048,8,4,4
chunked_256_p4,4401,2048,2264,5869108,160341,10428142,88748,39519358,0,39808812,9849,9236409,1051119,8087846,249838,8,2048,0,2048,8,4,4
chunked_256_p4,4402,2048,1923,6213985,196668,11097997,85560,40320066,0,40660726,16842,9062804,964778,7995534,247153,8,2048,0,2048,8,4,4
chunked_256_p4,4403,2048,1452,7101007,134522,10440285,81365,39480396,0,39809743,15469,9121924,1019511,8008137,254567,8,2048,0,2048,8,4,4
chunked_256_p4,4404,2048,1533,7497680,191058,10855151,82575,39870434,0,40123170,10860,9594639,995545,8459012,241914,8,2048,0,2048,8,4,4
chunked_256_p4,4405,2048,2064,7371824,185157,10847878,90338,39939403,0,40230448,8436,9261175,958706,8170170,296906,8,2048,0,2048,8,4,4
chunked_256_p4,4406,2048,2475,7034502,183203,10752049,92472,40083185,0,40368731,13495,9657257,1068092,8444404,248866,8,2048,0,2048,8,4,4
chunked_256_p4,4407,2048,1593,7838960,189716,10828342,74569,38319659,0,38616123,15649,9411216,991358,8307337,302407,8,2048,0,2048,8,4,4
chunked_256_p4,4408,2048,2064,5702777,190297,9970464,79471,37031595,0,37312934,8816,9103249,970208,8023185,243466,8,2048,0,2048,8,4,4
chunked_256_p4,4409,2048,1743,5806601,181030,11517744,83385,41522340,0,41802305,11752,9873994,1006867,8735941,257963,8,2048,0,2048,8,4,4
chunked_256_p4,4410,2048,2455,7379399,196709,10737341,94366,40402664,0,40924248,8506,9836773,1090394,8613741,274564,8,2048,0,2048,8,4,4
chunked_256_p4,4411,2048,1804,6185681,152566,10208921,93195,38654585,0,39186903,10930,9605149,971881,8505168,250069,8,2048,0,2048,8,4,4
chunked_256_p4,4412,2048,2665,5681026,182252,10694361,71183,38688189,0,39049778,11621,9679128,1049536,8517271,244498,8,2048,0,2048,8,4,4
chunked_256_p4,4413,2048,1813,6197704,183604,9895724,85649,36527892,0,36832591,9908,10753591,983924,9636348,240791,8,2048,0,2048,8,4,4
chunked_256_p4,4414,2048,2244,5748222,208891,10663232,92916,39025020,0,39379937,11481,9907586,1000395,8769774,220393,8,2048,0,2048,8,4,4
chunked_256_p4,4415,2048,1462,7055011,182251,10654496,66345,39336322,0,39625826,13065,10924602,977412,9807559,282128,8,2048,0,2048,8,4,4
chunked_256_p4,4416,2048,1684,7315939,171893,11338468,86391,39642800,0,40071881,17643,9888110,1131741,8627678,325069,8,2048,0,2048,8,4,4
chunked_256_p4,4417,2048,2986,6099510,177743,10911157,79128,39422165,0,39743387,11983,9843577,974907,8777930,254537,8,2048,0,2048,8,4,4
chunked_256_p4,4418,2048,2605,6273116,182652,10844522,75130,39249710,0,39754256,16000,10012173,1083741,8802966,251791,8,2048,0,2048,8,4,4
chunked_256_p4,4419,2048,1974,6847722,167143,10541544,77064,39050268,0,39420110,13225,10277289,982000,9169964,239690,8,2048,0,2048,8,4,4
chunked_256_p4,4420,2048,1453,6476427,349735,11107936,96528,41313101,0,41874780,13987,10215313,976900,9105003,246973,8,2048,0,2048,8,4,4
chunked_256_p4,4421,2048,1413,6572116,212659,10698809,74889,39442164,0,39744890,11692,18701346,973945,17603960,238728,8,2048,0,2048,8,4,4
chunked_256_p4,4422,2048,1402,5887203,177252,9827767,79620,36952637,0,37265022,16411,9841954,977742,8746080,230812,8,2048,0,2048,8,4,4
chunked_256_p4,4423,2048,1433,5487553,162935,12438439,85399,44110219,0,44409691,16080,9725204,1025371,8569609,238978,8,2048,0,2048,8,4,4
chunked_256_p4,4424,2048,1413,5911318,201568,11057661,81583,40473083,0,40819213,12253,9944175,1032395,8806693,293871,8,2048,0,2048,8,4,4
chunked_256_p4,4425,2048,3095,7099394,177492,10375704,85982,38952326,0,39463373,14137,9696351,971430,8621646,261730,8,2048,0,2048,8,4,4
chunked_256_p4,4426,2048,1863,7414284,154099,10034985,80491,37336347,0,37589030,15399,9978550,1165684,8704452,245670,8,2048,0,2048,8,4,4
chunked_256_p4,4427,2048,1473,6477409,180087,10315561,75532,37583039,0,37937544,10950,10129402,1058704,8921037,245750,8,2048,0,2048,8,4,4
chunked_256_p4,4428,2048,1954,6833365,181440,11209366,80362,39267638,0,39662699,11391,9939416,965750,8882255,240150,8,2048,0,2048,8,4,4
chunked_256_p4,4429,2048,1453,6573769,168536,9597876,66406,35620772,0,35961531,16351,9875847,971280,8808396,237786,8,2048,0,2048,8,4,4
chunked_256_p4,4430,2048,1943,7867774,201668,10837719,80974,37842397,0,38219702,13386,9752285,983192,8675918,240561,8,2048,0,2048,8,4,4
chunked_256_p4,4431,2048,1383,7447456,169788,11655491,75953,43232432,0,43489778,11472,9772834,967253,8721053,250099,8,2048,0,2048,8,4,4
chunked_256_p4,4432,2048,1833,7283489,156524,10378990,68518,38386826,0,38747220,21410,10135384,989584,9039289,246732,8,2048,0,2048,8,4,4
chunked_256_p4,4433,2048,1733,7520784,190948,11361832,70282,42402901,0,42709324,13736,10127398,982862,9053796,249978,8,2048,0,2048,8,4,4
chunked_256_p4,4434,2048,1423,7814724,176360,10469769,83566,38292841,0,38614972,9447,10039443,975157,8970541,248386,8,2048,0,2048,8,4,4
chunked_256_p4,4435,2048,1914,7130542,140072,10291666,66545,38408975,0,38661710,14457,10033482,999573,8923322,255439,8,2048,0,2048,8,4,4
chunked_256_p4,4436,2048,1623,7695060,167093,10552826,79289,38709410,0,39093308,15288,10461103,994474,9360240,246512,8,2048,0,2048,8,4,4
chunked_256_p4,4437,2048,2224,6887577,194605,10152665,81603,37799014,0,38106902,14637,9972798,971210,8906972,246192,8,2048,0,2048,8,4,4
chunked_256_p4,4438,2048,1533,5547786,148919,9698364,79400,36734971,0,37143867,16421,10147496,978233,9059768,240120,8,2048,0,2048,8,4,4
chunked_256_p4,4439,2048,1482,5805961,183654,10872665,86682,38039064,0,38337913,15249,10546484,1122503,9327139,153858,8,2048,0,2048,8,4,4
chunked_256_p4,4440,2048,2985,5997069,187762,9742447,70331,36585680,0,37014423,12804,10126427,971180,9052915,235812,8,2048,0,2048,8,4,4
chunked_256_p4,4441,2048,1673,6047743,157185,9296662,67695,35358932,0,35692785,12343,10030817,1014461,8930876,267201,8,2048,0,2048,8,4,4
chunked_256_p4,4442,2048,2104,6356792,189996,10566892,73817,38614410,0,38924061,16210,10460372,980126,9333090,243457,8,2048,0,2048,8,4,4
chunked_256_p4,4443,2048,1943,6520640,181831,11024921,416430,39312800,0,39918884,20769,10356668,994374,9252549,248395,8,2048,0,2048,8,4,4
chunked_256_p4,4444,2048,1693,7018402,197961,10057397,79277,36572454,0,36926358,12093,10350537,973434,9280511,252042,8,2048,0,2048,8,4,4
chunked_256_p4,4445,2048,2004,7594632,181130,10038442,63887,36103003,0,36485310,12744,10244948,993893,9154245,243707,8,2048,0,2048,8,4,4
chunked_256_p4,4446,2048,1543,7552493,186399,9038799,66566,33956231,0,34434518,16651,10462095,966712,9383585,239058,8,2048,0,2048,8,4,4
chunked_256_p4,4447,2048,2274,7232063,175178,10237194,70803,38661219,0,39029319,9357,10232525,973073,9169864,238457,8,2048,0,2048,8,4,4
chunked_256_p4,4448,2048,1703,7296173,172203,10875510,76904,37968522,0,38321011,9618,10202669,977983,9121483,254767,8,2048,0,2048,8,4,4
chunked_256_p4,4449,2048,1824,7612085,207339,10327463,80049,37487008,0,37979482,17683,10399138,962735,9320396,249487,8,2048,0,2048,8,4,4
chunked_256_p4,4450,2048,2425,7747478,177112,10121928,78697,36460975,0,36831652,15689,10124673,951753,9063505,236564,8,2048,0,2048,8,4,4
chunked_256_p4,4451,2048,2745,7580575,180268,9892998,73929,36390467,0,36693933,17112,10261980,995636,9164694,244078,8,2048,0,2048,8,4,4
chunked_256_p4,4452,2048,1933,6562097,213460,10884918,74960,38215043,0,38584444,11100,10242423,987380,9155467,251351,8,2048,0,2048,8,4,4
chunked_256_p4,4453,2048,1924,7675874,181400,9480686,78195,35448670,0,36045489,19918,10626003,1084682,9436123,253074,8,2048,0,2048,8,4,4
chunked_256_p4,4454,2048,1362,6944874,179977,9174702,63781,34665141,0,34964753,15589,10285845,970218,9207584,250820,8,2048,0,2048,8,4,4
chunked_256_p4,4455,2048,2074,7641179,186780,10478096,74270,39098860,0,39449999,10620,10557925,984215,9475717,252423,8,2048,0,2048,8,4,4
chunked_256_p4,4456,2048,1984,7378236,207619,9645164,74657,35444291,0,35911243,10890,10563786,971851,9494502,279604,8,2048,0,2048,8,4,4
chunked_256_p4,4457,2048,1664,7675183,187862,11318310,74999,38273784,0,38593352,15288,10493945,968876,9419842,256180,8,2048,0,2048,8,4,4
chunked_256_p4,4458,2048,2184,7530852,190888,10722674,79269,38229521,0,38579877,15539,10736410,976440,9664431,239599,8,2048,0,2048,8,4,4
chunked_256_p4,4459,2048,1593,6971634,178785,11921891,80490,40409516,0,40743368,11712,10445123,1026073,9309466,247574,8,2048,0,2048,8,4,4
chunked_256_p4,4460,2048,1373,6685609,159910,10602278,76984,38419216,0,38830868,10009,10566171,964266,9494321,278672,8,2048,0,2048,8,4,4
chunked_256_p4,4461,2048,1873,7658121,187852,10565299,75662,38468098,0,38804408,13215,10873086,975458,9788333,252513,8,2048,0,2048,8,4,4
chunked_256_p4,4462,2048,1333,7229788,181680,10131506,74660,37640596,0,38006002,11702,10873977,974877,9776982,263163,8,2048,0,2048,8,4,4
chunked_256_p4,4463,2048,1774,7724615,233407,11099159,78836,40545651,0,40916924,13185,10728485,997298,9610320,239128,8,2048,0,2048,8,4,4
chunked_256_p4,4464,2048,1523,7653462,183574,9872310,66045,36885672,0,37208158,10059,10650158,952345,9606061,239188,8,2048,0,2048,8,4,4
chunked_256_p4,4465,2048,2535,7396290,226143,10500407,75131,38295203,0,38601968,10499,10624109,982962,9530961,248065,8,2048,0,2048,8,4,4
chunked_256_p4,4466,2048,1973,6809421,189845,10450473,80482,39189930,0,39436282,11021,10957224,961602,9844207,243346,8,2048,0,2048,8,4,4
chunked_256_p4,4467,2048,1683,7404446,211266,10664795,75513,38141204,0,38406513,10740,10880319,1043135,9713372,251030,8,2048,0,2048,8,4,4
chunked_256_p4,4468,2048,2244,7773167,198262,10916587,74188,38899355,0,39160806,14808,11202002,1432575,9653840,293761,8,2048,0,2048,8,4,4
chunked_256_p4,4469,2048,1402,6425160,192732,10752941,71945,38613200,0,38835967,10089,10918842,969297,9843005,276618,8,2048,0,2048,8,4,4
chunked_256_p4,4470,2048,2195,7420776,209342,10563826,72174,37829029,0,38203872,11942,10597819,958627,9539366,237354,8,2048,0,2048,8,4,4
chunked_256_p4,4471,2048,1783,7299680,189405,10368009,82725,37283607,0,37593878,12834,10506759,972642,9427757,234971,8,2048,0,2048,8,4,4
chunked_256_p4,4472,2048,2284,6944794,223729,11019570,80751,38447948,0,38847921,10279,11157448,1002098,10032901,237235,8,2048,0,2048,8,4,4
chunked_256_p4,4473,2048,1483,9130410,220223,10831247,70092,40237813,0,40570717,12574,11112655,1040791,9959964,237876,8,2048,0,2048,8,4,4
chunked_256_p4,4474,2048,1503,6730062,189756,10370334,82084,37798623,0,38050403,17032,10730959,1012968,9610069,270817,8,2048,0,2048,8,4,4
chunked_256_p4,4475,2048,1824,7612225,183413,10977581,84811,40412349,0,40719587,10720,10706243,977132,9621780,246572,8,2048,0,2048,8,4,4
chunked_256_p4,4476,2048,1283,7020135,175279,11664389,79990,42756375,0,43036789,9037,10884046,975989,9802630,244398,8,2048,0,2048,8,4,4
chunked_256_p4,4477,2048,1473,7578722,178956,11272785,73458,40676726,0,41081506,12443,10870110,974977,9775649,247023,8,2048,0,2048,8,4,4
chunked_256_p4,4478,2048,1403,6453814,103844,11484251,80481,40673721,0,41031109,13485,10960299,1021885,9822978,239289,8,2048,0,2048,8,4,4
chunked_256_p4,4479,2048,1372,6808479,195837,11280318,86685,39933354,0,40191409,10640,11433896,1022306,10286937,242204,8,2048,0,2048,8,4,4
chunked_256_p4,4480,2048,1683,6863762,183945,10925514,76004,39171043,0,39520740,9638,10994383,967493,9899441,251491,8,2048,0,2048,8,4,4
chunked_256_p4,4481,2048,1803,8090571,199393,10439073,70592,36961945,0,37523526,15489,10578503,976019,9497838,232206,8,2048,0,2048,8,4,4
chunked_256_p4,4482,2048,2014,6856198,194264,10993902,69600,38216776,0,38506761,10169,11092797,978363,9944234,244398,8,2048,0,2048,8,4,4
chunked_256_p4,4483,2048,1663,6096073,188063,10517359,70481,39350722,0,39599628,9348,10937837,978234,9874915,243226,8,2048,0,2048,8,4,4
chunked_256_p4,4484,2048,1813,6029239,221866,9912646,82085,36987802,0,37404785,14137,10978102,986929,9891547,256120,8,2048,0,2048,8,4,4
chunked_256_p4,4485,2048,1764,6725002,206187,9997906,75173,37239135,0,37541804,15890,11051850,969306,9986554,236223,8,2048,0,2048,8,4,4
chunked_256_p4,4486,2048,1523,7278279,195587,12538998,75734,42417870,0,42701131,14317,11470305,1169432,10153537,248486,8,2048,0,2048,8,4,4
chunked_256_p4,4487,2048,2044,6981934,188423,10890057,76692,38547607,0,38850823,12434,18070473,1098799,16867097,261129,8,2048,0,2048,8,4,4
chunked_256_p4,4488,2048,2464,5592751,198952,11035530,75612,38154570,0,38471863,13686,11570002,963456,10486932,255840,8,2048,0,2048,8,4,4
chunked_256_p4,4489,2048,2154,6438806,190727,10846295,90472,39590220,0,40090709,16110,11427855,976320,10334937,286026,8,2048,0,2048,8,4,4
chunked_256_p4,4490,2048,1343,6803539,170429,10760735,80492,39432805,0,39750633,9167,11098949,1010805,9977758,261360,8,2048,0,2048,8,4,4
chunked_256_p4,4491,2048,1644,6757894,190247,10450304,83416,38022683,0,38319029,16992,10924512,1008961,9822568,245370,8,2048,0,2048,8,4,4
chunked_256_p4,4492,2048,1382,6941939,274765,10884487,158248,38702096,0,39246847,17423,11069093,976871,9979311,244388,8,2048,0,2048,8,4,4
chunked_256_p4,4493,2048,1573,6244652,208912,10317575,84998,37539186,0,37808961,11842,11469654,990386,10374241,243647,8,2048,0,2048,8,4,4
chunked_256_p4,4494,2048,2154,6457891,212629,11201511,83305,41822883,0,42092239,12524,11944323,995606,10825075,244859,8,2048,0,2048,8,4,4
chunked_256_p4,4495,2048,1623,6466629,235812,12656939,85959,45918048,0,46220703,10780,6851479,1049697,5710972,236593,8,2048,0,2048,8,4,4
chunked_256_p4,4496,2048,1353,7373497,208290,11424849,103753,42588518,0,42849667,11241,7001490,971000,5926816,284634,8,2048,0,2048,8,4,4
chunked_256_p4,4497,2048,1533,7113320,195836,12583922,90641,44605940,0,44939335,11532,7170137,970869,6069664,264706,8,2048,0,2048,8,4,4
chunked_256_p4,4498,2048,2535,6515880,149961,12615321,74390,42468304,0,42748656,14597,7327251,1111282,6091144,289643,8,2048,0,2048,8,4,4
chunked_256_p4,4499,2048,1733,6477338,197630,12545520,69081,43467015,0,43754502,13586,8139273,1144555,6910801,252062,8,2048,0,2048,8,4,4
chunked_256_p4,4500,2048,1663,10696605,193352,11900721,84409,42629997,0,43090007,16451,7610342,1169040,6340531,241071,8,2048,0,2048,8,4,4
chunked_256_p4,4501,2048,1633,7784587,150372,11461568,83386,43618629,0,43882613,16871,7283589,964417,6223362,237675,8,2048,0,2048,8,4,4
chunked_256_p4,4502,2048,1653,7743281,230702,11889751,104699,43687848,0,44126282,13655,7673179,1037334,6538673,245259,8,2048,0,2048,8,4,4
chunked_256_p4,4503,2048,2535,7861392,194405,11506393,80679,41799659,0,42193837,13515,8035288,1163450,6760629,250930,8,2048,0,2048,8,4,4
chunked_256_p4,4504,2048,1693,7554627,189535,11488118,72344,41490218,0,41832862,11451,36393820,1005784,35295992,255499,8,2048,0,2048,8,4,4
chunked_256_p4,4505,2048,2044,9670182,210465,13908524,104967,50076621,0,50449842,22432,8172595,993192,7084917,245150,8,2048,0,2048,8,4,4
chunked_256_p4,4506,2048,1363,7919431,187652,12905234,98614,48500296,0,48763920,17543,7974774,1102556,6745871,238988,8,2048,0,2048,8,4,4
chunked_256_p4,4507,2048,1573,8907452,230021,13709531,94227,49660612,0,49999065,13836,7932485,975528,6823918,285175,8,2048,0,2048,8,4,4
chunked_256_p4,4508,2048,1734,8112452,176019,14746403,93956,52591775,0,52904340,13555,8685626,1143382,7411700,255589,8,2048,0,2048,8,4,4
chunked_256_p4,4509,2048,1543,7488042,212749,13418055,83487,49671692,0,49973618,9558,8029717,964147,6910881,282429,8,2048,0,2048,8,4,4
chunked_256_p4,4510,2048,1463,8683071,192791,14166767,94738,51142398,0,51479489,14116,8612589,995977,7255086,313949,8,2048,0,2048,8,4,4
chunked_256_p4,4511,2048,2936,10212828,204233,14387592,95971,52006395,0,52347018,9187,8396945,1071528,7195374,210705,8,2048,0,2048,8,4,4
chunked_256_p4,4512,2048,1743,9070748,99226,12424593,103574,47272355,0,47921662,18194,8674695,1059846,7467774,224099,8,2048,0,2048,8,4,4
chunked_256_p4,4513,2048,1502,8752112,181510,13114947,96880,50065850,0,50383806,7284,9118557,1023959,7986096,243777,8,2048,0,2048,8,4,4
chunked_256_p4,4514,2048,1773,7814615,300564,12863185,90930,46540375,0,46897303,10550,8588644,967893,7466181,278261,8,2048,0,2048,8,4,4
chunked_256_p4,4515,2048,2384,7239527,212078,12568803,79617,47542924,0,47909018,11823,8785063,1014040,7633535,259146,8,2048,0,2048,8,4,4
chunked_256_p4,4516,2048,2284,7242182,192200,12408113,84006,47324112,0,47763424,13255,8545233,1005214,7436075,238848,8,2048,0,2048,8,4,4
chunked_256_p4,4517,2048,2465,9849958,204083,14331106,100127,49965923,0,50310409,12273,10119744,984825,9039791,241653,8,2048,0,2048,8,4,4
chunked_256_p4,4518,2048,2524,7071282,111939,12249375,88147,46980011,0,47378855,10420,8675388,1114398,7463126,278371,8,2048,0,2048,8,4,4
chunked_256_p4,4519,2048,2405,6857199,226595,12968682,88035,49152758,0,49452121,10730,8900880,975328,7828901,246231,8,2048,0,2048,8,4,4
chunked_256_p4,4520,2048,3026,7288358,188082,13176151,80913,48460662,0,48838954,17873,9032406,970669,7962602,240912,8,2048,0,2048,8,4,4
chunked_256_p4,4521,2048,4208,7573523,256641,13563938,89520,49639712,0,49959174,11451,8487064,965750,7441325,246592,8,2048,0,2048,8,4,4
chunked_256_p4,4522,2048,2064,7780771,203121,13308509,108403,48428732,0,48764942,16041,9111795,965950,8042321,242173,8,2048,0,2048,8,4,4
chunked_256_p4,4523,2048,1653,8214123,188813,13190858,97354,50317911,0,50805728,15639,8949099,1030261,7811959,249076,8,2048,0,2048,8,4,4
chunked_256_p4,4524,2048,1533,7153385,132609,12433811,91360,46468570,0,46865363,14928,8892063,983573,7801810,244258,8,2048,0,2048,8,4,4
chunked_256_p4,4525,2048,2134,7276185,117610,14879483,70081,51268486,0,51589956,10940,9079885,979005,8011303,261330,8,2048,0,2048,8,4,4
chunked_256_p4,4526,2048,1463,7496949,201928,13045927,85882,48518601,0,48756407,17583,18127570,974787,17041765,244388,8,2048,0,2048,8,4,4
chunked_256_p4,4527,2048,2124,7217866,280055,12732861,73979,47742568,0,48097282,11191,9476539,972633,8379733,271849,8,2048,0,2048,8,4,4
chunked_256_p4,4528,2048,1693,6820431,116408,12247682,82374,46656552,0,47065880,15228,8937839,964257,7869557,247684,8,2048,0,2048,8,4,4
chunked_256_p4,4529,2048,1853,7930011,208069,13108505,82244,47407006,0,47909049,15108,9064196,982801,7972319,250620,8,2048,0,2048,8,4,4
chunked_256_p4,4530,2048,1392,7739163,222868,12199050,80643,46341302,0,46657165,17403,9122946,1006937,8009930,220914,8,2048,0,2048,8,4,4
chunked_256_p4,4531,2048,1362,8353795,187361,12535942,82495,46711314,0,47108058,11181,9192837,966802,8138301,238156,8,2048,0,2048,8,4,4
chunked_256_p4,4532,2048,2524,7037267,156423,12453256,79588,47448295,0,47718742,12373,9349290,1026544,8219573,237695,8,2048,0,2048,8,4,4
chunked_256_p4,4533,2048,1704,7716500,167835,13494338,94206,49565063,0,49976433,13535,9719945,981369,8611478,235481,8,2048,0,2048,8,4,4
chunked_256_p4,4534,2048,1823,7584022,214863,13057609,76915,49269688,0,49590800,16451,9167710,985227,8090010,247654,8,2048,0,2048,8,4,4
chunked_256_p4,4535,2048,1884,7552392,228779,12835192,90981,48417721,0,48884636,19377,9285250,957604,8237467,242865,8,2048,0,2048,8,4,4
chunked_256_p4,4536,2048,2134,7064729,188784,12746696,84046,47275252,0,47681183,13375,9436283,971490,8350107,236283,8,2048,0,2048,8,4,4
chunked_256_p4,4537,2048,2485,7639416,171922,13658806,81183,50234257,0,50527365,14267,9372424,989965,8294343,233417,8,2048,0,2048,8,4,4
chunked_256_p4,4538,2048,1833,7141714,162034,13997130,76514,51717875,0,52101906,10520,9305739,971590,8219724,253786,8,2048,0,2048,8,4,4
chunked_256_p4,4539,2048,1653,6953220,98946,13275267,73448,49089080,0,49319311,10830,9373315,985296,8291678,260188,8,2048,0,2048,8,4,4
chunked_256_p4,4540,2048,2004,7014425,195827,12576047,77577,47826867,0,48088235,15069,9694337,961252,8643056,247965,8,2048,0,2048,8,4,4
chunked_256_p4,4541,2048,1693,7055101,196468,12751306,84697,48561742,0,48930914,13024,9596563,972924,8514696,246041,8,2048,0,2048,8,4,4
chunked_256_p4,4542,2048,1673,7106898,195486,12652510,78075,47711147,0,48002123,10350,9814633,1100663,8610336,254446,8,2048,0,2048,8,4,4
chunked_256_p4,4543,2048,2284,7215522,204714,12889013,94508,47471200,0,47755822,16361,9634435,977141,8566213,250579,8,2048,0,2048,8,4,4
chunked_256_p4,4544,2048,2014,7740165,189344,14271805,99678,54229231,0,54737656,14307,9690760,985827,8604494,233578,8,2048,0,2048,8,4,4
chunked_256_p4,4545,2048,1212,7199923,103384,14322390,88215,50808462,0,51165190,11932,10437048,959508,9351374,238658,8,2048,0,2048,8,4,4
chunked_256_p4,4546,2048,1293,7714286,128901,13889668,97061,51489840,0,51976821,10700,9737848,999473,8660619,250169,8,2048,0,2048,8,4,4
chunked_256_p4,4547,2048,1954,7917507,117881,16635734,86522,58283290,0,58729597,10941,9754490,970699,8668865,245710,8,2048,0,2048,8,4,4
chunked_256_p4,4548,2048,1663,7754982,136716,11990470,95852,45550568,0,45979895,10230,9911133,975609,8826610,223248,8,2048,0,2048,8,4,4
chunked_256_p4,4549,2048,1282,7174084,94146,12104593,75673,45663400,0,46161986,9708,9874845,958536,8815049,247394,8,2048,0,2048,8,4,4
chunked_256_p4,4550,2048,1513,7441014,158456,14224035,84728,51497014,0,51916709,10339,9977237,961321,8904606,247183,8,2048,0,2048,8,4,4
chunked_256_p4,4551,2048,1603,7395388,169428,12901216,83976,47417839,0,47765999,14657,9469305,981630,8390523,242775,8,2048,0,2048,8,4,4
chunked_256_p4,4552,2048,1503,8860454,194123,12501487,73849,46830648,0,47180895,11622,9608576,1107536,8405532,241162,8,2048,0,2048,8,4,4
chunked_256_p4,4553,2048,2304,8584266,212117,13112642,80461,48302665,0,48917680,11802,9801518,981259,8726864,236874,8,2048,0,2048,8,4,4
chunked_256_p4,4554,2048,1633,7691964,166121,12426126,75272,47324143,0,47659092,9848,9501265,955781,8457770,234098,8,2048,0,2048,8,4,4
chunked_256_p4,4555,2048,2524,8538281,181159,12092922,84479,45614550,0,46320915,14918,9740383,1044527,8593233,249879,8,2048,0,2048,8,4,4
chunked_256_p4,4556,2048,1793,8662203,216937,12727200,73939,48131214,0,48462867,10369,9692974,1036943,8566964,255429,8,2048,0,2048,8,4,4
chunked_256_p4,4557,2048,1984,8361429,201557,12454529,80481,46564621,0,46950250,10289,9891606,1047463,8732594,242345,8,2048,0,2048,8,4,4
chunked_256_p4,4558,2048,1423,8779452,216436,11976013,73969,45800940,0,46027754,9477,9600611,990556,8522932,244548,8,2048,0,2048,8,4,4
chunked_256_p4,4559,2048,1372,7644626,193022,12860741,75591,47617263,0,47918315,12213,9813871,1033016,8655661,254376,8,2048,0,2048,8,4,4
chunked_256_p4,4560,2048,1734,8975259,181460,12658882,82104,47498678,0,47835371,13956,9822086,976540,8756729,245981,8,2048,0,2048,8,4,4
chunked_256_p4,4561,2048,1462,8263786,209352,12526214,79711,46751469,0,47199841,10760,10095899,1005384,8990437,237566,8,2048,0,2048,8,4,4
chunked_256_p4,4562,2048,1583,7414214,213220,12820555,76993,48605595,0,48939920,10290,10125485,1032645,8975179,242244,8,2048,0,2048,8,4,4
chunked_256_p4,4563,2048,1332,8232628,256170,12517357,86645,46931458,0,47391198,11712,10019416,984044,8942818,217397,8,2048,0,2048,8,4,4
chunked_256_p4,4564,2048,2505,6906903,225993,12681735,83515,47125141,0,47878601,16741,10809847,1173900,9498970,235331,8,2048,0,2048,8,4,4
chunked_256_p4,4565,2048,1683,7055381,101931,12488012,79158,47612513,0,47939515,11932,12435944,1014121,11288434,246693,8,2048,0,2048,8,4,4
chunked_256_p4,4566,2048,1512,7649655,146414,13398318,80641,49744518,0,50159807,12393,10448299,1052532,9301040,243056,8,2048,0,2048,8,4,4
chunked_256_p4,4567,2048,1773,8225975,232726,12731218,86994,47449789,0,47754239,10690,10584986,984174,9504531,246552,8,2048,0,2048,8,4,4
chunked_256_p4,4568,2048,1383,7885247,206147,12727772,72146,48259536,0,48633327,12153,10594614,1012136,9444729,240611,8,2048,0,2048,8,4,4
chunked_256_p4,4569,2048,1663,8542438,237425,12864457,96491,47647609,0,48042148,12113,10242965,1036652,9105624,253124,8,2048,0,2048,8,4,4
chunked_256_p4,4570,2048,1513,8038353,216135,12863996,73287,48168856,0,48465532,11943,10223799,1006887,9113398,247194,8,2048,0,2048,8,4,4
chunked_256_p4,4571,2048,1883,8160483,214092,12543656,90279,47559384,0,48070510,12884,10244838,1098108,9047675,320832,8,2048,0,2048,8,4,4
chunked_256_p4,4572,2048,2104,7110575,218540,12223877,96481,44381295,0,44991992,10540,10616194,985386,9520611,124414,8,2048,0,2048,8,4,4
chunked_256_p4,4573,2048,1283,7227854,227165,13125406,80791,48253104,0,48526187,12363,10515866,968725,9434309,233277,8,2048,0,2048,8,4,4
chunked_256_p4,4574,2048,1653,7147654,231454,14890334,94165,51871977,0,52212703,15519,11374916,995966,10236493,247263,8,2048,0,2048,8,4,4
chunked_256_p4,4575,2048,1873,7577480,177062,13240823,79820,48529802,0,48937277,14026,10371005,980417,9285290,236793,8,2048,0,2048,8,4,4
chunked_256_p4,4576,2048,2455,6911051,213901,11806805,63930,44765157,0,45068356,10780,10373299,983533,9286933,262331,8,2048,0,2048,8,4,4
chunked_256_p4,4577,2048,1733,7541182,211786,13645802,74483,50924768,0,51393109,13926,9959684,980798,8880982,241863,8,2048,0,2048,8,4,4
chunked_256_p4,4578,2048,1472,6722168,144240,13405772,92243,48666237,0,48964599,11832,10112199,988673,9017869,258634,8,2048,0,2048,8,4,4
chunked_256_p4,4579,2048,2014,7212827,201086,12616172,81711,47365832,0,47913327,10139,10376385,1011114,9266515,252263,8,2048,0,2048,8,4,4
chunked_256_p4,4580,2048,1633,9048146,202400,15551152,91168,55315518,0,55707752,22022,10932036,1216780,9519008,245861,8,2048,0,2048,8,4,4
chunked_256_p4,4581,2048,1383,8606368,226284,12886429,78308,47663126,0,47975954,15609,10177362,977422,9095645,247504,8,2048,0,2048,8,4,4
chunked_256_p4,4582,2048,2084,8553969,204924,13213041,85740,48712003,0,49220177,16571,10413795,1111864,9192125,253335,8,2048,0,2048,8,4,4
chunked_256_p4,4583,2048,1753,8132430,264746,13575570,92775,51203843,0,51761750,17623,10383809,961100,9283707,251391,8,2048,0,2048,8,4,4
chunked_256_p4,4584,2048,2565,9200902,207839,12971669,80970,49230045,0,49664648,10980,10580617,970339,9478642,316222,8,2048,0,2048,8,4,4
chunked_256_p4,4585,2048,3206,8761619,216616,12996424,99436,49187966,0,49551986,11672,11128585,1183388,9801648,241913,8,2048,0,2048,8,4,4
chunked_256_p4,4586,2048,1603,7658402,138430,14434680,84838,54101594,0,54516418,11712,11129365,976369,10022391,241452,8,2048,0,2048,8,4,4
chunked_256_p4,4587,2048,1433,7916455,242936,13169670,85502,48225995,0,48641834,13545,10847518,1131851,9593347,239839,8,2048,0,2048,8,4,4
chunked_256_p4,4588,2048,1714,7713915,188082,13101571,80919,48165478,0,48711233,12584,10805620,983954,9698385,238216,8,2048,0,2048,8,4,4
chunked_256_p4,4589,2048,1753,8250531,237385,13094288,85853,48753422,0,49107314,10470,10516738,1004252,9411306,259526,8,2048,0,2048,8,4,4
chunked_256_p4,4590,2048,2535,7924299,248246,13682711,96040,50557601,0,50959393,13595,10952384,994503,9820192,271309,8,2048,0,2048,8,4,4
chunked_256_p4,4591,2048,2444,7530762,203572,14914329,102845,52046714,0,52386611,13355,11402558,996939,10163977,419837,8,2048,0,2048,8,4,4
chunked_256_p4,4592,2048,2114,12560217,239780,12903621,86994,48333424,0,48751869,11482,12248012,977943,11110360,251822,8,2048,0,2048,8,4,4
chunked_256_p4,4593,2048,1874,9378875,236082,13698561,82586,49777250,0,50122357,9588,11021394,1001267,9889422,255629,8,2048,0,2048,8,4,4
chunked_256_p4,4594,2048,1633,8177264,176762,14556037,92884,51963126,0,52773855,17603,11717499,1011626,10528330,319218,8,2048,0,2048,8,4,4
chunked_256_p4,4595,2048,2284,7669112,219422,13433143,80992,51296357,0,51564169,15950,11979699,1170523,10672710,247093,8,2048,0,2048,8,4,4
chunked_256_p4,4596,2048,2294,8248347,233046,13069822,86843,49087967,0,49597864,10950,11679437,1208925,10334918,246401,8,2048,0,2048,8,4,4
chunked_256_p4,4597,2048,1864,10888745,275246,14943393,109166,55174466,0,55558164,14817,11573127,1048895,10386513,258234,8,2048,0,2048,8,4,4
chunked_256_p4,4598,2048,2785,8649578,221254,13407125,85859,50674561,0,51031019,17693,10905286,1038146,9738649,285506,8,2048,0,2048,8,4,4
chunked_256_p4,4599,2048,1764,7015867,136686,12861332,136435,49111824,0,49602620,14146,10828382,966741,9723241,234589,8,2048,0,2048,8,4,4
chunked_256_p4,4600,2048,2415,7516445,155532,13813737,101660,51180699,0,51471085,11972,10886941,993201,9766031,315662,8,2048,0,2048,8,4,4
chunked_256_p4,4601,2048,1943,7914342,231124,13513965,86834,49848514,0,50268710,14928,11781989,1691209,9952670,243987,8,2048,0,2048,8,4,4
chunked_256_p4,4602,2048,1422,7655436,238136,13071866,73197,49039135,0,49602973,12113,11298553,994544,10169227,263774,8,2048,0,2048,8,4,4
chunked_256_p4,4603,2048,2004,8892414,254657,13696456,81113,51004218,0,51465854,12524,10890989,1082389,9699987,279003,8,2048,0,2048,8,4,4
chunked_256_p4,4604,2048,2755,8603723,213541,15427100,91091,52890032,0,53230512,25598,10724677,1023097,9559444,257202,8,2048,0,2048,8,4,4
chunked_256_p4,4605,2048,2154,7279902,223058,13690425,92083,50519050,0,50954584,12093,10946553,1061108,9763025,239809,8,2048,0,2048,8,4,4
chunked_256_p4,4606,2048,1643,7487441,239118,13672171,93676,50344044,0,50701322,12183,11079773,990967,9967188,246542,8,2048,0,2048,8,4,4
chunked_256_p4,4607,2048,2315,7611343,202569,13464763,100878,50695200,0,51095639,15659,11311036,1010884,10164889,243116,8,2048,0,2048,8,4,4
chunked_256_p4,4608,2048,1553,7846574,273903,13941726,84901,50119602,0,50634338,14547,11565563,976470,10466904,243126,8,2048,0,2048,8,4,4
chunked_256_p4,4609,2048,2074,8147267,233728,12908059,75472,48650938,0,49088420,13575,11250152,1047863,10074559,236022,8,2048,0,2048,8,4,4
chunked_256_p4,4610,2048,2384,8782709,225903,14162069,88305,52768183,0,53139270,11672,11199457,1070186,9979431,253234,8,2048,0,2048,8,4,4
chunked_256_p4,4611,2048,1854,8694032,277520,15915796,78639,50711449,0,51071456,10640,10870961,963886,9787502,251622,8,2048,0,2048,8,4,4
chunked_256_p4,4612,2048,1523,7060091,220633,11475745,76884,43407584,0,43886760,11422,11147300,1015573,10026469,237936,8,2048,0,2048,8,4,4
chunked_256_p4,4613,2048,2535,8693491,244739,12724144,74661,46130045,0,46359187,11571,10747941,979636,9668919,248516,8,2048,0,2048,8,4,4
chunked_256_p4,4614,2048,1302,10282299,224671,12933887,88646,46433324,0,47134859,12794,11123985,1136210,9868282,252533,8,2048,0,2048,8,4,4
chunked_256_p4,4615,2048,1493,8077406,242154,12139760,72845,45991698,0,46351289,13365,10896950,972302,9806076,236754,8,2048,0,2048,8,4,4
chunked_256_p4,4616,2048,1613,8275558,211286,12758840,83998,46631176,0,46902624,12654,10817231,997399,9725606,254958,8,2048,0,2048,8,4,4
chunked_256_p4,4617,2048,1933,9226009,269836,13172555,93183,48807450,0,49167166,16641,10703278,939190,9657818,253144,8,2048,0,2048,8,4,4
chunked_256_p4,4618,2048,1643,8884589,224241,12141222,84637,44986793,0,45737671,14507,10917469,1002238,9785317,236113,8,2048,0,2048,8,4,4
chunked_256_p4,4619,2048,2314,9033758,210545,13821721,86763,48711322,0,49047372,10930,11399682,1011886,10260107,365245,8,2048,0,2048,8,4,4
chunked_256_p4,4620,2048,2013,8807134,221635,12533236,79298,46555763,0,46986671,12132,11478480,990176,10368720,232826,8,2048,0,2048,8,4,4
chunked_256_p4,4621,2048,1623,9134567,218921,13076785,88877,47545989,0,47874185,13325,11150125,969927,10071773,268253,8,2048,0,2048,8,4,4
chunked_256_p4,4622,2048,1923,8576412,239398,12967129,82264,46562335,0,47304207,10660,11678225,1150987,10397124,245760,8,2048,0,2048,8,4,4
chunked_256_p4,4623,2048,1693,8583725,228448,13051728,90920,47042645,0,47787683,10570,11630995,996016,10523110,249658,8,2048,0,2048,8,4,4
chunked_256_p4,4624,2048,1663,8659066,227837,12673369,77216,46320591,0,46718710,16822,11270631,967603,10199313,237686,8,2048,0,2048,8,4,4
chunked_256_p4,4625,2048,2685,8666069,221606,13321274,90259,45701271,0,46157106,20689,11758575,1185472,10426468,242644,8,2048,0,2048,8,4,4
chunked_256_p4,4626,2048,1583,8769133,237154,12336629,87445,46395473,0,46657735,16751,11765157,1105011,10516878,267091,8,2048,0,2048,8,4,4
chunked_256_p4,4627,2048,1784,9477891,262973,14556598,76645,52050219,0,52454708,11522,11810763,1008951,10662681,243506,8,2048,0,2048,8,4,4
chunked_256_p4,4628,2048,1974,8616126,232936,14759860,89397,53917288,0,54423455,13705,11492005,1000444,10378358,265989,8,2048,0,2048,8,4,4
chunked_256_p4,4629,2048,2174,9280872,261981,14602014,72857,50672047,0,50934069,11842,11987834,981459,10906198,281187,8,2048,0,2048,8,4,4
chunked_256_p4,4630,2048,2304,8415000,259867,14871809,82735,53576378,0,53876121,18124,7012341,1020903,5874058,254437,8,2048,0,2048,8,4,4
chunked_256_p4,4631,2048,2234,9758016,237274,13638268,84146,50770790,0,51176390,14126,7080048,985757,6002699,275937,8,2048,0,2048,8,4,4
chunked_256_p4,4632,2048,2795,9476969,238728,14207915,88088,52244284,0,52622275,18044,7533106,1011706,6427956,250780,8,2048,0,2048,8,4,4
chunked_256_p4,4633,2048,1432,10071163,243045,13944160,87235,51582663,0,52171687,8796,8749045,988042,7672708,259065,8,2048,0,2048,8,4,4
chunked_256_p4,4634,2048,2485,8972314,263123,14297573,87415,51620514,0,52012681,11922,8038052,987480,6964892,242765,8,2048,0,2048,8,4,4
chunked_256_p4,4635,2048,1974,8987713,254788,14594880,88166,51054784,0,51501320,9839,7904493,984074,6825651,250880,8,2048,0,2048,8,4,4
chunked_256_p4,4636,2048,1473,8259758,238297,14301951,96623,52182049,0,52481719,11872,8210997,979365,7138217,244458,8,2048,0,2048,8,4,4
chunked_256_p4,4637,2048,1573,62588407,258354,16976012,81432,62675561,0,63047025,12885,7994631,1089221,6814359,259496,8,2048,0,2048,8,4,4
chunked_256_p4,4638,2048,1593,9194340,250579,15571800,77605,57541309,0,57825162,12023,7694089,962714,6606090,235491,8,2048,0,2048,8,4,4
chunked_256_p4,4639,2048,1493,8503315,249147,15099666,93455,54644640,0,55175689,15770,7960077,991739,6861618,241232,8,2048,0,2048,8,4,4
chunked_256_p4,4640,2048,1563,9744991,243376,15247192,86863,56206176,0,56527499,14357,7961960,968214,6908526,235271,8,2048,0,2048,8,4,4
chunked_256_p4,4641,2048,2424,9569483,268102,13815139,78798,52148422,0,52561589,10089,8274125,1000475,7183632,255919,8,2048,0,2048,8,4,4
chunked_256_p4,4642,2048,2164,8815570,246973,14860829,82824,55921693,0,56581951,12824,8174689,969887,7122227,240731,8,2048,0,2048,8,4,4
chunked_256_p4,4643,2048,1804,9444749,136496,16480193,97472,59719341,0,60053357,13756,8204615,976840,7128168,243937,8,2048,0,2048,8,4,4
chunked_256_p4,4644,2048,2395,13286338,229981,14037646,116008,53423211,0,54073512,12994,8428354,965199,7385730,250389,8,2048,0,2048,8,4,4
chunked_256_p4,4645,2048,1533,10485749,235461,14631108,87694,54755128,0,55168235,18264,8426330,977111,7359682,247093,8,2048,0,2048,8,4,4
chunked_256_p4,4646,2048,1322,9754119,212949,15016280,82353,55598338,0,55976878,16812,8489860,971671,7416879,264536,8,2048,0,2048,8,4,4
chunked_256_p4,4647,2048,2024,10043250,224441,14566337,76544,55280161,0,55733752,11852,8413296,968275,7346006,254897,8,2048,0,2048,8,4,4
chunked_256_p4,4648,2048,2645,9965545,231554,15773719,82014,57282935,0,57748808,12814,8887796,1344780,7448128,232626,8,2048,0,2048,8,4,4
chunked_256_p4,4649,2048,1794,10366586,249728,14108529,96239,53584905,0,54080223,11812,8798328,1042353,7651228,273051,8,2048,0,2048,8,4,4
chunked_256_p4,4650,2048,1593,10125905,231023,14236248,84138,52618443,0,52976626,11812,8715182,1033817,7588400,239910,8,2048,0,2048,8,4,4
chunked_256_p4,4651,2048,1663,10246422,228268,15250048,80443,54739128,0,55118901,16080,8891402,969787,7840473,247784,8,2048,0,2048,8,4,4
chunked_256_p4,4652,2048,1583,9690680,250159,15117188,70973,56352211,0,56701235,11472,8648677,968534,7607125,251391,8,2048,0,2048,8,4,4
chunked_256_p4,4653,2048,2194,9813831,264666,14479684,78746,53649584,0,54045258,15399,8924975,979075,7845492,243025,8,2048,0,2048,8,4,4
chunked_256_p4,4654,2048,1673,10387355,236052,14298675,82644,53171560,0,53576369,14428,9947200,965389,8898455,243206,8,2048,0,2048,8,4,4
chunked_256_p4,4655,2048,1563,10464370,295805,16192294,85152,59756424,0,60221364,13255,8885261,992230,7809845,247594,8,2048,0,2048,8,4,4
chunked_256_p4,4656,2048,1703,10030937,227507,15421750,79340,54853814,0,55195686,9798,8814759,978814,7761174,251541,8,2048,0,2048,8,4,4
chunked_256_p4,4657,2048,1553,9921182,247344,14609978,88245,53298499,0,53967311,10700,9031695,983152,7956691,245290,8,2048,0,2048,8,4,4
chunked_256_p4,4658,2048,1383,10334226,235051,14457442,88855,52874093,0,53384949,11361,9156158,968725,8109958,253435,8,2048,0,2048,8,4,4
chunked_256_p4,4659,2048,1924,10172673,249637,14564073,78387,53385292,0,53677499,11011,9364849,974687,8297389,301074,8,2048,0,2048,8,4,4
chunked_256_p4,4660,2048,2034,9411657,245440,14413500,83067,53472094,0,54063180,16912,11166135,1024340,9997074,276659,8,2048,0,2048,8,4,4
chunked_256_p4,4661,2048,1874,10020318,257563,15180056,87152,54030313,0,54441027,14467,8904456,975198,7842616,247814,8,2048,0,2048,8,4,4
chunked_256_p4,4662,2048,2014,10014998,243256,13204635,86631,49938842,0,50672107,11512,9069105,969757,8012886,245060,8,2048,0,2048,8,4,4
chunked_256_p4,4663,2048,1593,9929267,233488,14234455,89829,52609597,0,53030948,14878,9440671,1034849,8294814,255409,8,2048,0,2048,8,4,4
chunked_256_p4,4664,2048,1513,9937392,254026,14781449,89237,53041065,0,53690755,11471,9150317,1018608,8047931,248736,8,2048,0,2048,8,4,4
chunked_256_p4,4665,2048,1663,10111708,228578,14945628,90721,55160497,0,55643433,16601,9246257,979305,8136417,305082,8,2048,0,2048,8,4,4
chunked_256_p4,4666,2048,1894,9732478,227867,15532357,99437,58878424,0,59248930,16832,9547863,992440,8419568,252593,8,2048,0,2048,8,4,4
chunked_256_p4,4667,2048,2756,8503535,235451,16004793,106139,58227905,0,58798807,13655,9267657,985186,8172815,233437,8,2048,0,2048,8,4,4
chunked_256_p4,4668,2048,2154,9385699,249608,16285959,72246,60748861,0,61193946,9828,9319464,963546,8275217,270748,8,2048,0,2048,8,4,4
chunked_256_p4,4669,2048,2134,9476488,231063,15559297,94568,59468973,0,59871987,11711,9492879,967985,8397907,295604,8,2048,0,2048,8,4,4
chunked_256_p4,4670,2048,2184,8316855,223649,13974728,89116,53292138,0,53697204,18214,9700889,998582,8601068,238697,8,2048,0,2048,8,4,4
chunked_256_p4,4671,2048,1423,8560232,234099,16888508,94145,59465186,0,59922239,17613,9668899,1016585,8505109,239569,8,2048,0,2048,8,4,4
chunked_256_p4,4672,2048,1954,10331591,240591,16687691,87926,61565278,0,61906520,15198,9455098,973083,8360988,254607,8,2048,0,2048,8,4,4
chunked_256_p4,4673,2048,2074,10872545,249116,14562198,90450,55376894,0,55667837,12173,9407198,969878,8303530,243006,8,2048,0,2048,8,4,4
chunked_256_p4,4674,2048,1683,9721638,245380,15810979,77585,56598463,0,56971692,14488,9787402,994133,8646073,239839,8,2048,0,2048,8,4,4
chunked_256_p4,4675,2048,2184,8905709,225132,16876405,82935,60941930,0,61486142,14867,9459296,991748,8360537,258014,8,2048,0,2048,8,4,4
chunked_256_p4,4676,2048,1623,10052127,251301,16589808,86673,58883495,0,59180230,19106,9569723,973043,8458120,239879,8,2048,0,2048,8,4,4
chunked_256_p4,4677,2048,1734,11453002,234589,15574747,108461,58758539,0,59225052,9528,9963250,1208444,8616357,239839,8,2048,0,2048,8,4,4
chunked_256_p4,4678,2048,2435,9614587,235241,16169191,90832,58722272,0,59220476,15058,9417628,992459,8334629,280285,8,2048,0,2048,8,4,4
chunked_256_p4,4679,2048,2174,10066594,257002,16095723,95419,59783690,0,60338151,14908,10564387,1045349,9369148,247644,8,2048,0,2048,8,4,4
chunked_256_p4,4680,2048,2504,9309456,263845,16290678,92314,58727502,0,59215385,11131,10228718,992801,9111334,252233,8,2048,0,2048,8,4,4
chunked_256_p4,4681,2048,1623,10831478,261510,15213960,75299,57597836,0,57979479,9699,9932774,972242,8857058,254838,8,2048,0,2048,8,4,4
chunked_256_p4,4682,2048,2604,10696746,264185,15373138,91552,57199668,0,57636667,10069,10079218,964758,8992571,250029,8,2048,0,2048,8,4,4
chunked_256_p4,4683,2048,1433,10494105,228778,15228347,86802,55386922,0,55994099,15038,10407283,999513,9264601,253986,8,2048,0,2048,8,4,4
chunked_256_p4,4684,2048,1563,11156617,238296,16440949,102952,59884309,0,60265243,10420,10590206,990676,9462693,272861,8,2048,0,2048,8,4,4
chunked_256_p4,4685,2048,1763,10062567,264906,16296940,87996,58601146,0,58938060,10750,10664064,983533,9549946,262742,8,2048,0,2048,8,4,4
chunked_256_p4,4686,2048,1553,10216024,264445,16068942,120036,58429604,0,58883524,13185,10412773,1038586,9269231,270266,8,2048,0,2048,8,4,4
chunked_256_p4,4687,2048,1463,19182708,243626,16443845,101621,60053354,0,60339285,13535,10599753,1093670,9348529,248916,8,2048,0,2048,8,4,4
chunked_256_p4,4688,2048,1973,10742772,230231,15927357,93206,59449357,0,59832644,9358,9990872,991388,8879479,252684,8,2048,0,2048,8,4,4
chunked_256_p4,4689,2048,1983,10028664,252965,16097396,85619,59344340,0,59736934,13175,10725709,971331,9625047,247504,8,2048,0,2048,8,4,4
chunked_256_p4,4690,2048,1904,9037385,241282,15521156,87102,59068171,0,59435098,13516,9807920,1009491,8675928,250139,8,2048,0,2048,8,4,4
chunked_256_p4,4691,2048,1773,9729412,235201,15035105,79880,56870191,0,57447174,10590,9926292,973615,8849073,243897,8,2048,0,2048,8,4,4
chunked_256_p4,4692,2048,1723,10360866,242414,16999646,626576,61559870,0,62569374,14127,10076022,995856,8963297,249858,8,2048,0,2048,8,4,4
chunked_256_p4,4693,2048,1704,10456555,247434,14493380,79637,53530411,0,54115228,10410,10001663,998371,8898806,255589,8,2048,0,2048,8,4,4
chunked_256_p4,4694,2048,1944,9098069,241372,14192005,115265,53435316,0,54081425,13436,9806016,991678,8722055,247724,8,2048,0,2048,8,4,4
chunked_256_p4,4695,2048,1513,9800826,236203,15293329,83117,57108619,0,57499041,9327,9903949,1039037,8769614,253145,8,2048,0,2048,8,4,4
chunked_256_p4,4696,2048,1763,10001483,229560,16080865,88887,56734697,0,57094793,11061,11292521,980848,10211956,254186,8,2048,0,2048,8,4,4
chunked_256_p4,4697,2048,1854,10274824,242705,15319398,85437,55776092,0,56115506,11551,10623097,963877,9534597,247875,8,2048,0,2048,8,4,4
chunked_256_p4,4698,2048,2003,8899768,229069,15344835,94760,54916882,0,55794318,16842,10039784,972994,8969699,243777,8,2048,0,2048,8,4,4
chunked_256_p4,4699,2048,2244,10717244,257753,14012860,80721,52920911,0,53836617,10700,9927143,981048,8831200,262612,8,2048,0,2048,8,4,4
chunked_256_p4,4700,2048,1713,10075230,233017,16237748,91071,57271003,0,57634004,10750,10226243,975748,9153332,278272,8,2048,0,2048,8,4,4
chunked_256_p4,4701,2048,1673,10495809,248937,15984914,87022,56994254,0,57521051,13214,10299390,959158,9232982,283422,8,2048,0,2048,8,4,4
chunked_256_p4,4702,2048,2855,9126783,253675,15248325,92914,57577256,0,58000900,14147,10419957,1104840,9200261,239719,8,2048,0,2048,8,4,4
chunked_256_p4,4703,2048,1503,10219711,236072,16500180,88005,60868837,0,61482656,13005,10397344,981189,9308724,262411,8,2048,0,2048,8,4,4
chunked_256_p4,4704,2048,1663,10683540,251431,14961317,78808,56716484,0,57105393,12353,10426989,975187,9353759,235551,8,2048,0,2048,8,4,4
chunked_256_p4,4705,2048,1613,9557550,232005,14271714,84148,54282393,0,54809461,13015,10465172,1058423,9321478,254286,8,2048,0,2048,8,4,4
chunked_256_p4,4706,2048,2374,10690614,238397,16227951,88789,57952901,0,58319682,10660,10305892,981509,9217042,247163,8,2048,0,2048,8,4,4
chunked_256_p4,4707,2048,2264,10189775,240641,14813710,92915,53823584,0,54243559,11321,10220963,978804,9143294,246011,8,2048,0,2048,8,4,4
chunked_256_p4,4708,2048,1583,10543698,280365,14507176,88485,54772512,0,55493672,10930,10093785,965580,9040882,237255,8,2048,0,2048,8,4,4
chunked_256_p4,4709,2048,2424,10009528,255669,13515377,83247,51358435,0,51928421,13806,10204673,979826,9134518,235130,8,2048,0,2048,8,4,4
chunked_256_p4,4710,2048,1352,9795136,248345,14720295,76273,54092347,0,54471799,10590,10253184,999984,9146100,253996,8,2048,0,2048,8,4,4
chunked_256_p4,4711,2048,2435,10567553,238537,14713532,82593,55661365,0,55980043,12864,10566652,977923,9493761,239068,8,2048,0,2048,8,4,4
chunked_256_p4,4712,2048,1372,10434664,251160,15107170,85769,57836142,0,58234067,11331,10320310,971831,9259151,241713,8,2048,0,2048,8,4,4
chunked_256_p4,4713,2048,1553,11095532,241292,14955506,87816,55037547,0,55450453,27952,10504956,997259,9369047,244288,8,2048,0,2048,8,4,4
chunked_256_p4,4714,2048,1713,10086281,248585,14633853,79659,54760688,0,55328333,12183,10423533,979706,9331787,245079,8,2048,0,2048,8,4,4
chunked_256_p4,4715,2048,1623,10717123,260168,15983071,109826,60465619,0,60757888,19636,10794568,978924,9693435,259907,8,2048,0,2048,8,4,4
chunked_256_p4,4716,2048,1933,11075114,244388,16347995,75992,61630471,0,61889095,9217,10584064,991618,9487790,257703,8,2048,0,2048,8,4,4
chunked_256_p4,4717,2048,1693,9984391,228839,15366536,85581,57164002,0,57426415,11832,11549122,974406,10455663,250380,8,2048,0,2048,8,4,4
chunked_256_p4,4718,2048,1453,9673267,239088,15042329,75642,55673719,0,56010192,16421,10767117,998030,9646437,300032,8,2048,0,2048,8,4,4
chunked_256_p4,4719,2048,2285,9504701,248255,16436931,91981,60584671,0,60855839,12062,10968083,985407,9882309,223119,8,2048,0,2048,8,4,4
chunked_256_p4,4720,2048,2245,8681779,251160,19385057,101380,64664557,0,65080867,11452,11296680,1059466,10140242,252744,8,2048,0,2048,8,4,4
chunked_256_p4,4721,2048,2164,9748398,247244,15663232,77305,57794845,0,58223538,11592,10753322,982210,9661636,248395,8,2048,0,2048,8,4,4
chunked_256_p4,4722,2048,1633,8786536,233898,14142873,73016,54018345,0,54370027,11381,11017176,984645,9924278,238256,8,2048,0,2048,8,4,4
chunked_256_p4,4723,2048,1834,9400215,235892,15083946,74208,57128566,0,57511104,14006,10708547,986288,9629646,259256,8,2048,0,2048,8,4,4
chunked_256_p4,4724,2048,1763,11766260,246412,13768431,85693,52426392,0,52807581,15830,10725920,962694,9663779,241934,8,2048,0,2048,8,4,4
chunked_256_p4,4725,2048,2104,10185948,236703,15055013,83455,56195156,0,56467095,11331,10684222,980207,9610920,243937,8,2048,0,2048,8,4,4
chunked_256_p4,4726,2048,1993,10538108,247334,14303594,84959,53335887,0,53685633,13635,10740907,1032024,9586304,238618,8,2048,0,2048,8,4,4
chunked_256_p4,4727,2048,2335,10164537,246723,14342718,88575,53564435,0,53951601,10199,10514062,996768,9428208,247543,8,2048,0,2048,8,4,4
chunked_256_p4,4728,2048,2375,10664424,250760,13832271,85621,52044108,0,52814982,10980,10891620,971360,9807128,242976,8,2048,0,2048,8,4,4
chunked_256_p4,4729,2048,1623,10635631,236403,16325854,72577,58887754,0,59132662,13526,11133784,971290,10053009,248625,8,2048,0,2048,8,4,4
chunked_256_p4,4730,2048,1623,10029484,255629,15643525,93647,56838544,0,57345052,15850,11053794,968725,9962219,233688,8,2048,0,2048,8,4,4
chunked_256_p4,4731,2048,2735,10743282,251140,14917745,92003,54447050,0,54925980,11170,11271331,962614,10204864,236172,8,2048,0,2048,8,4,4
chunked_256_p4,4732,2048,1803,10637404,250249,15100788,74570,55420704,0,55808623,12293,10951032,1096545,9746885,256822,8,2048,0,2048,8,4,4
chunked_256_p4,4733,2048,1914,10419315,253415,13540244,71485,51378140,0,52048167,13345,10997689,975348,9903749,248526,8,2048,0,2048,8,4,4
chunked_256_p4,4734,2048,1553,10550411,245651,15681015,96822,58066013,0,58360435,14587,11376589,1007888,10219742,238507,8,2048,0,2048,8,4,4
chunked_256_p4,4735,2048,2895,10425487,265387,15652081,95050,56410611,0,56886383,12063,11163891,974777,10081492,266089,8,2048,0,2048,8,4,4
chunked_256_p4,4736,2048,2344,10381104,252794,15490007,80911,57002360,0,57414252,28173,11227651,1025572,10080400,262392,8,2048,0,2048,8,4,4
chunked_256_p4,4737,2048,2174,10444603,259156,14530540,76082,53955121,0,54293764,14547,11016003,979436,9925670,248686,8,2048,0,2048,8,4,4
chunked_256_p4,4738,2048,1814,10158226,255659,14617212,85700,55431387,0,55976787,13395,11019930,1056430,9830011,240340,8,2048,0,2048,8,4,4
chunked_256_p4,4739,2048,2415,10489036,263915,17113891,79399,58818903,0,59152691,18485,11667374,1156908,10344124,232285,8,2048,0,2048,8,4,4
chunked_256_p4,4740,2048,2004,10656229,256451,14773485,90120,55393504,0,55810596,14267,11372542,970318,10271088,237515,8,2048,0,2048,8,4,4
chunked_256_p4,4741,2048,2004,9813069,251792,15622385,84527,58247233,0,58641430,14798,11017937,1007668,9898730,236494,8,2048,0,2048,8,4,4
chunked_256_p4,4742,2048,1513,10677689,261861,15695813,85661,57255385,0,57522655,11802,11457201,993712,10328996,239298,8,2048,0,2048,8,4,4
chunked_256_p4,4743,2048,2134,10153457,263634,16461989,91341,58273020,0,58619389,15149,10989534,1005474,9837255,236624,8,2048,0,2048,8,4,4
chunked_256_p4,4744,2048,1913,10673933,272851,14882499,88878,55756896,0,56088928,10931,11273536,972853,10179436,257954,8,2048,0,2048,8,4,4
chunked_256_p4,4745,2048,3277,9803351,256540,16206761,93265,59701457,0,60007119,10780,11349158,973985,10240981,239338,8,2048,0,2048,8,4,4
chunked_256_p4,4746,2048,1653,10302055,274855,15818994,83587,56766527,0,57255545,11662,11453162,1045539,10303258,247554,8,2048,0,2048,8,4,4
chunked_256_p4,4747,2048,2214,9474856,281978,17149267,93374,62601972,0,62968980,14988,11689876,976610,10587040,247253,8,2048,0,2048,8,4,4
chunked_256_p4,4748,2048,2515,10663523,263053,14927934,91051,55748068,0,56106020,13145,11755700,1189179,10428913,233778,8,2048,0,2048,8,4,4
chunked_256_p4,4749,2048,2044,11071678,250179,15623137,94318,58516719,0,58907401,14277,11695657,1020222,10514674,296927,8,2048,0,2048,8,4,4
chunked_256_p4,4750,2048,2815,10859880,253996,15890418,84310,60533467,0,60942835,12093,11822865,979335,10700492,280946,8,2048,0,2048,8,4,4
chunked_256_p4,4751,2048,1913,10509234,270738,16803960,91092,61214913,0,61741182,13766,11615277,1033547,10453740,247424,8,2048,0,2048,8,4,4
chunked_256_p4,4752,2048,3126,10037910,277841,15986849,76843,61134383,0,61397424,9859,11748676,966391,10648325,233437,8,2048,0,2048,8,4,4
chunked_256_p4,4753,2048,1683,10837469,276207,16478741,90088,61578194,0,61915225,17062,11105241,992250,9990892,255669,8,2048,0,2048,8,4,4
chunked_256_p4,4754,2048,2074,9530630,255007,20703608,101970,63548968,0,63894304,26570,12142044,1572056,10370484,254427,8,2048,0,2048,8,4,4
chunked_256_p4,4755,2048,2284,10141004,259236,14320305,91000,54595439,0,55024363,10740,11602162,970118,10501189,254677,8,2048,0,2048,8,4,4
chunked_256_p4,4756,2048,1784,9847363,259627,15874058,89861,59664269,0,59923725,10640,11445999,974957,10326671,247614,8,2048,0,2048,8,4,4
chunked_256_p4,4757,2048,1823,11555044,252934,16995779,88384,61670347,0,61963575,13625,11794652,962905,10679262,306435,8,2048,0,2048,8,4,4
chunked_256_p4,4758,2048,1353,9711288,247213,14583188,76243,55457003,0,56165971,18074,11722467,988602,10606366,236613,8,2048,0,2048,8,4,4
chunked_256_p4,4759,2048,1813,11017576,250650,17829802,93303,63434372,0,63829983,10830,11373403,967042,10281698,292999,8,2048,0,2048,8,4,4
chunked_256_p4,4760,2048,2034,10594414,272240,16749167,82426,63274353,0,63643785,10960,12374309,985607,11261493,276789,8,2048,0,2048,8,4,4
chunked_256_p4,4761,2048,2354,10526246,304190,15310671,82433,55943666,0,56336100,12032,11187615,972262,10117279,247934,8,2048,0,2048,8,4,4
chunked_256_p4,4762,2048,2835,10607498,265717,16048785,85460,59413147,0,59649951,8937,11464414,1012357,10313768,273603,8,2048,0,2048,8,4,4
chunked_256_p4,4763,2048,1804,10046566,256581,15898553,91041,58860934,0,59284918,13305,6304875,1014120,5180699,243526,8,2048,0,2048,8,4,4
chunked_256_p4,4764,2048,2234,10394689,259106,17888202,86082,67476338,0,67806886,12834,6858593,974836,5778478,253855,8,2048,0,2048,8,4,4
chunked_256_p4,4765,2048,2385,10469198,256671,16524987,88105,61685946,0,62065707,11000,6933222,974095,5865752,316803,8,2048,0,2048,8,4,4
chunked_256_p4,4766,2048,2083,10511728,243927,18099047,88455,64306086,0,64637136,12855,7228727,997589,6096525,236573,8,2048,0,2048,8,4,4
chunked_256_p4,4767,2048,1583,11266693,322765,18150113,93886,65320318,0,65693565,10620,7522887,1086175,6305186,246532,8,2048,0,2048,8,4,4
chunked_256_p4,4768,2048,2274,11586312,263785,17791190,97414,61397566,0,61751951,11682,8359745,1473070,6800023,246552,8,2048,0,2048,8,4,4
chunked_256_p4,4769,2048,2104,11635925,254837,16961054,96563,59509137,0,60026496,11171,8622077,973534,7541222,299321,8,2048,0,2048,8,4,4
chunked_256_p4,4770,2048,1714,10720800,263233,15978152,90439,56881986,0,57448206,14838,34391959,1170744,33089418,251832,8,2048,0,2048,8,4,4
chunked_256_p4,4771,2048,1623,10954698,289703,19343388,94486,67600968,0,68005218,14357,10626534,978143,9541791,251211,8,2048,0,2048,8,4,4
chunked_256_p4,4772,2048,1763,11485934,273121,16845899,87805,63113412,0,63485478,17934,8197191,1023939,7058387,279063,8,2048,0,2048,8,4,4
chunked_256_p4,4773,2048,2736,11103497,249868,20341519,89238,72039979,0,72326917,12213,7888473,970198,6817125,262752,8,2048,0,2048,8,4,4
chunked_256_p4,4774,2048,1713,9719524,298609,17373617,92825,65263120,0,65591878,15049,8246474,987381,7149948,238407,8,2048,0,2048,8,4,4
chunked_256_p4,4775,2048,2635,11085785,255048,19122635,98944,67617701,0,67985471,12063,8276680,1015062,7153115,247003,8,2048,0,2048,8,4,4
chunked_256_p4,4776,2048,1623,10250078,273031,18800942,87955,68264784,0,68666568,17573,8846918,985577,7761074,250148,8,2048,0,2048,8,4,4
chunked_256_p4,4777,2048,1723,10284452,250489,20024524,93094,72782029,0,73095777,10780,9655654,961632,8597221,246982,8,2048,0,2048,8,4,4
chunked_256_p4,4778,2048,1523,11338056,241843,18186070,86131,63521347,0,63908841,12303,8968387,1017457,7845532,242705,8,2048,0,2048,8,4,4
chunked_256_p4,4779,2048,1684,12164295,243757,17543105,94167,66549671,0,66949851,11982,9161168,967724,8093537,249417,8,2048,0,2048,8,4,4
chunked_256_p4,4780,2048,2505,12315709,237705,19031544,88597,66878958,0,67337496,10469,8893866,977442,7831015,247273,8,2048,0,2048,8,4,4
chunked_256_p4,4781,2048,1553,11190761,268193,19368415,86682,72564274,0,72847492,9588,9255724,959307,8198844,236813,8,2048,0,2048,8,4,4
chunked_256_p4,4782,2048,2184,11142871,248276,18776246,75411,68658592,0,68980956,14357,8742633,975628,7678529,235482,8,2048,0,2048,8,4,4
chunked_256_p4,4783,2048,1983,10702957,346038,20061985,90419,71457479,0,71802123,11752,8582172,1022957,7460501,268162,8,2048,0,2048,8,4,4
chunked_256_p4,4784,2048,2625,11892867,308237,23011222,93125,73414427,0,73890366,13235,9889823,1169571,8623129,261240,8,2048,0,2048,8,4,4
chunked_256_p4,4785,2048,1934,12508701,267381,19341705,91691,72503911,0,72962006,15309,9980724,1156006,8711665,252042,8,2048,0,2048,8,4,4
chunked_256_p4,4786,2048,2314,12732901,274695,19733339,106030,74020891,0,74399301,11532,9538154,1189559,8248627,240551,8,2048,0,2048,8,4,4
chunked_256_p4,4787,2048,1753,13079420,279253,20282729,117992,73793463,0,74225846,14747,9567980,1128896,8322155,244117,8,2048,0,2048,8,4,4
chunked_256_p4,4788,2048,1923,12670083,273362,20464920,104728,74456896,0,75055762,11191,9487299,1085063,8301998,267802,8,2048,0,2048,8,4,4
chunked_256_p4,4789,2048,2104,12940530,288511,20108713,102441,70309004,0,70900183,9718,10015028,1091806,8819939,238297,8,2048,0,2048,8,4,4
chunked_256_p4,4790,2048,2134,12222324,265878,19835611,96822,72267166,0,72637569,17543,9799925,1177727,8509226,242655,8,2048,0,2048,8,4,4
chunked_256_p4,4791,2048,1503,18936886,262201,18758442,103896,69143039,0,69589798,11021,9861240,1107846,8660239,252333,8,2048,0,2048,8,4,4
chunked_256_p4,4792,2048,2004,12496047,287118,20004798,101659,75567639,0,75955745,13265,9606823,1007478,8425659,268493,8,2048,0,2048,8,4,4
chunked_256_p4,4793,2048,3366,12326770,274454,19919167,95658,71874929,0,72286008,18665,9873964,1090994,8689684,240651,8,2048,0,2048,8,4,4
chunked_256_p4,4794,2048,1413,10587901,257512,20993090,98134,75686381,0,76112932,12463,10006552,1102476,8797636,246712,8,2048,0,2048,8,4,4
chunked_256_p4,4795,2048,2645,12971067,277109,21844496,93745,77728951,0,78072964,11682,11270801,1118436,10037720,247254,8,2048,0,2048,8,4,4
chunked_256_p4,4796,2048,2905,12556680,278101,18466986,86023,70060949,0,70468114,10910,10356577,1173680,9073804,239558,8,2048,0,2048,8,4,4
chunked_256_p4,4797,2048,2014,13509296,274484,19505883,89336,72926700,0,73467464,12574,10356247,1087528,9156689,242785,8,2048,0,2048,8,4,4
chunked_256_p4,4798,2048,1793,11222671,288941,19357304,93705,71260868,0,71655088,11432,10080841,1111563,8870193,242946,8,2048,0,2048,8,4,4
chunked_256_p4,4799,2048,2595,12516946,262131,21498487,90790,74662333,0,75355262,13395,10246822,1147420,8946666,248035,8,2048,0,2048,8,4,4
chunked_256_p4,4800,2048,1483,11723138,273933,19959823,90128,71728717,0,72217854,13896,10177722,1087758,8974127,246703,8,2048,0,2048,8,4,4
chunked_256_p4,4801,2048,3015,11486165,251441,21230915,111129,75945668,0,76369453,14037,10478276,1198125,9153302,262312,8,2048,0,2048,8,4,4
chunked_256_p4,4802,2048,2715,13010691,258365,21412176,97403,75427439,0,75775218,11752,9213896,978655,8119415,250109,8,2048,0,2048,8,4,4
chunked_256_p4,4803,2048,1974,12272167,267612,19731375,107203,72125650,0,72830500,11040,10350215,1090624,9156108,263543,8,2048,0,2048,8,4,4
chunked_256_p4,4804,2048,2014,11801836,259146,19358838,115086,72376008,0,72728171,11962,10339686,1149825,9078963,239228,8,2048,0,2048,8,4,4
chunked_256_p4,4805,2048,2134,11363344,261220,18612919,107841,71164659,0,71643757,19506,10693529,1130368,9445420,267641,8,2048,0,2048,8,4,4
chunked_256_p4,4806,2048,1493,11499049,201388,19609357,104538,71807242,0,72291122,12273,10031108,951723,8961203,228729,8,2048,0,2048,8,4,4
chunked_256_p4,4807,2048,1383,12216193,291536,19594689,94146,74371779,0,74987553,19016,10314229,1108908,9079494,215794,8,2048,0,2048,8,4,4
chunked_256_p4,4808,2048,1563,12273119,273633,20311012,94679,76309131,0,76854933,10920,10465542,1123846,9247089,242274,8,2048,0,2048,8,4,4
chunked_256_p4,4809,2048,1674,11369866,262672,20275786,98415,72855788,0,73218810,14627,9797520,1099070,8591901,238036,8,2048,0,2048,8,4,4
chunked_256_p4,4810,2048,2064,9157440,256621,19781449,98554,68492032,0,68890818,26560,11026203,1981923,8856627,246492,8,2048,0,2048,8,4,4
chunked_256_p4,4811,2048,2775,8888867,281277,19411726,98512,71914322,0,72370378,10981,10301163,1098299,9095755,260188,8,2048,0,2048,8,4,4
chunked_256_p4,4812,2048,2274,11792900,268723,18161353,100467,67509710,0,67978287,13856,10241041,978143,9120792,266610,8,2048,0,2048,8,4,4
chunked_256_p4,4813,2048,2234,12476951,257262,19859636,97754,73768620,0,74125929,10801,11065016,987701,9958021,247043,8,2048,0,2048,8,4,4
chunked_256_p4,4814,2048,1492,10783146,286958,19976545,93825,69106341,0,69495791,13015,10336821,977823,9210450,252173,8,2048,0,2048,8,4,4
chunked_256_p4,4815,2048,2394,11057531,269174,21314903,89197,73260656,0,73658904,14137,10504455,1257717,9140158,267131,8,2048,0,2048,8,4,4
chunked_256_p4,4816,2048,2174,11114247,255789,19596633,105588,72877227,0,73328626,20859,10835124,1385486,9293025,266469,8,2048,0,2048,8,4,4
chunked_256_p4,4817,2048,2505,9533144,285225,19334161,80852,71371688,0,71704691,13596,10711874,1225667,9370059,253886,8,2048,0,2048,8,4,4
chunked_256_p4,4818,2048,2274,12036596,252292,19237680,89907,72039919,0,72488027,15219,10528479,950321,9450590,261389,8,2048,0,2048,8,4,4
chunked_256_p4,4819,2048,1543,10536084,267121,19630377,93917,72654199,0,72966477,13555,12056423,980608,10877003,321533,8,2048,0,2048,8,4,4
chunked_256_p4,4820,2048,2395,10583804,260638,18430237,111538,70229818,0,70595560,10450,10293970,1241657,8941165,277059,8,2048,0,2048,8,4,4
chunked_256_p4,4821,2048,2444,11978467,243997,17871791,100600,66759614,0,67376862,10199,11521991,1025843,10354504,248645,8,2048,0,2048,8,4,4
chunked_256_p4,4822,2048,1773,14107397,284023,18725992,107532,68263684,0,68627604,14638,11263487,972633,10151904,239639,8,2048,0,2048,8,4,4
chunked_256_p4,4823,2048,1673,11912694,284343,19649001,95640,71991026,0,72374648,11822,10406621,1052332,9249163,235561,8,2048,0,2048,8,4,4
chunked_256_p4,4824,2048,1343,10615884,241823,20366506,101882,76031639,0,76353302,13756,10300653,950081,9212083,232666,8,2048,0,2048,8,4,4
chunked_256_p4,4825,2048,1322,11047553,269605,20836526,110647,74407716,0,74741652,13816,11465596,1117654,10216595,246011,8,2048,0,2048,8,4,4
chunked_256_p4,4826,2048,1392,11056920,244749,21425440,112190,78850660,0,79233728,15659,254085944,982802,252937261,240030,8,2048,0,2048,8,4,4
chunked_256_p4,4827,2048,1383,12612936,252754,18108334,81394,69059272,0,69486806,12924,11228161,973765,10067115,288361,8,2048,0,2048,8,4,4
chunked_256_p4,4828,2048,2154,10714047,268252,20296976,97122,71345678,0,71736360,13906,9808280,975629,8713689,259246,8,2048,0,2048,8,4,4
chunked_256_p4,4829,2048,2064,9692103,262943,20222176,96189,74218711,0,74617149,13836,10350927,1064855,9158452,257503,8,2048,0,2048,8,4,4
chunked_256_p4,4830,2048,2044,12214810,286517,18554480,105687,69768282,0,70182008,13805,10504945,984545,9400677,250339,8,2048,0,2048,8,4,4
chunked_256_p4,4831,2048,1443,9990672,218950,19413891,85000,70714156,0,71008607,12543,10125444,980728,9030663,247323,8,2048,0,2048,8,4,4
chunked_256_p4,4832,2048,1623,11237068,271670,17942423,84828,67507886,0,67880755,11551,10094646,1029850,8940424,260989,8,2048,0,2048,8,4,4
chunked_256_p4,4833,2048,1673,9872701,260858,18265850,69362,67921783,0,68169858,9998,10259766,1158380,8967083,246121,8,2048,0,2048,8,4,4
chunked_256_p4,4834,2048,1794,10402674,215404,18442220,95880,70329714,0,70708345,12213,10492763,1022256,9354931,225463,8,2048,0,2048,8,4,4
chunked_256_p4,4835,2048,1843,10186529,278602,18931086,86419,69273555,0,69550945,20509,10228418,990106,9108198,244608,8,2048,0,2048,8,4,4
chunked_256_p4,4836,2048,2004,10655197,257814,17841524,84667,68072663,0,68605513,12474,10196778,989364,9094462,253064,8,2048,0,2048,8,4,4
chunked_256_p4,4837,2048,1593,10383679,217668,18143731,94776,67741956,0,68191399,12072,10479227,988382,9365521,235451,8,2048,0,2048,8,4,4
chunked_256_p4,4838,2048,1463,10832429,259276,18356940,96650,68457337,0,68989852,12413,10058379,975598,8960641,266470,8,2048,0,2048,8,4,4
chunked_256_p4,4839,2048,1763,11044688,268954,17705529,89277,67715875,0,68034373,11201,10587931,1091465,9353628,251491,8,2048,0,2048,8,4,4
chunked_256_p4,4840,2048,1493,10578363,266039,18667061,89617,69479890,0,69844354,18906,11502755,1183718,10185928,244859,8,2048,0,2048,8,4,4
chunked_256_p4,4841,2048,1543,13392136,120085,19240896,124181,73551421,0,73976737,15069,11457981,1175473,10131846,287579,8,2048,0,2048,8,4,4
chunked_256_p4,4842,2048,4689,13465203,279183,19535338,101540,73644865,0,74051517,9407,11369455,1167969,10089617,242043,8,2048,0,2048,8,4,4
chunked_256_p4,4843,2048,1713,12326570,286647,21415862,106309,75397328,0,75797752,13345,11196291,1133364,9938975,259817,8,2048,0,2048,8,4,4
chunked_256_p4,4844,2048,2594,12272117,280206,19269520,98452,72499760,0,72852601,14838,11367683,1106664,10128160,249277,8,2048,0,2048,8,4,4
chunked_256_p4,4845,2048,1913,12342770,278181,19638902,88907,72581603,0,72865648,20338,11503347,1121262,10235110,242024,8,2048,0,2048,8,4,4
chunked_256_p4,4846,2048,2455,13591720,265708,20910125,102922,76153368,0,76533599,17864,11419490,1173540,10090930,243777,8,2048,0,2048,8,4,4
chunked_256_p4,4847,2048,1843,13272773,298880,18536316,102903,70133949,0,70596915,12884,11497576,1101635,10274163,278692,8,2048,0,2048,8,4,4
chunked_256_p4,4848,2048,2435,13480111,286847,20055643,100380,74008156,0,74413518,12674,11695898,1087017,10483526,244749,8,2048,0,2048,8,4,4
chunked_256_p4,4849,2048,3116,140972094,287489,21480473,116117,79492505,0,79883299,12624,13815800,1236266,12419153,250670,8,2048,0,2048,8,4,4
chunked_256_p4,4850,2048,2004,13310192,300693,20378729,106240,74631486,0,75237622,10370,11169261,1063703,9937453,247303,8,2048,0,2048,8,4,4
chunked_256_p4,4851,2048,1703,13122932,273282,21814890,96129,75985775,0,76576869,15129,13356950,1109389,11351452,404127,8,2048,0,2048,8,4,4
chunked_256_p4,4852,2048,2845,12006931,267742,20556451,95137,77355631,0,77843203,10239,11911471,1121712,10667400,265277,8,2048,0,2048,8,4,4
chunked_256_p4,4853,2048,1984,12301342,284162,18724749,96561,70318001,0,71364121,18545,11320294,1090304,10087363,253695,8,2048,0,2048,8,4,4
chunked_256_p4,4854,2048,1593,12424302,302326,18610045,111011,70718924,0,71227928,15589,11627038,1106123,10386544,259547,8,2048,0,2048,8,4,4
chunked_256_p4,4855,2048,2395,11999266,287378,20079789,100718,72503106,0,73064407,13495,10967142,1222371,9594049,258535,8,2048,0,2048,8,4,4
chunked_256_p4,4856,2048,1823,11996912,284924,20337702,95247,73954244,0,74530695,18425,11979670,1100933,10725830,262141,8,2048,0,2048,8,4,4
chunked_256_p4,4857,2048,1793,11612331,281537,19724893,89196,73724614,0,74739226,13305,11413949,1092207,10184235,256120,8,2048,0,2048,8,4,4
chunked_256_p4,4858,2048,2905,12111927,288731,20056775,118340,74014007,0,74574157,14046,11827684,1179040,10505867,245400,8,2048,0,2048,8,4,4
chunked_256_p4,4859,2048,2394,12450993,303629,19739240,108173,74742684,0,75234356,12203,11826633,1090814,10614241,266089,8,2048,0,2048,8,4,4
chunked_256_p4,4860,2048,5250,12491689,324849,22716229,88756,81472386,0,81922218,14407,11069173,1113316,9807449,265668,8,2048,0,2048,8,4,4
chunked_256_p4,4861,2048,2344,11782299,319659,18690315,99086,70545980,0,71193713,13986,11848133,1124798,10593391,248436,8,2048,0,2048,8,4,4
chunked_256_p4,4862,2048,6202,11548522,263183,19017618,408968,70276443,0,71064935,12433,12613998,1029780,11430630,264245,8,2048,0,2048,8,4,4
chunked_256_p4,4863,2048,4599,12727240,303088,19611791,88337,72589841,0,73269816,15199,11806866,1094451,10577592,238617,8,2048,0,2048,8,4,4
chunked_256_p4,4864,2048,2114,11408679,294913,19816515,92483,73235618,0,73601866,12454,12029082,1095203,10805178,258425,8,2048,0,2048,8,4,4
chunked_256_p4,4865,2048,1924,10876151,278562,19343259,95517,72466838,0,73028972,14958,11970081,1100151,10727183,253535,8,2048,0,2048,8,4,4
chunked_256_p4,4866,2048,3196,12342038,289663,21060276,98765,78022580,0,78612567,20369,11952028,1117394,10643165,291005,8,2048,0,2048,8,4,4
chunked_256_p4,4867,2048,2565,12614870,296535,18966703,109946,71523223,0,71983554,15740,11652446,981840,10503864,246332,8,2048,0,2048,8,4,4
chunked_256_p4,4868,2048,2154,11325794,277981,20482833,113493,75136593,0,75547262,14076,11667854,988513,10515225,242895,8,2048,0,2048,8,4,4
chunked_256_p4,4869,2048,2915,143255143,288010,21229794,106149,79498024,0,79924295,18184,12789667,1339961,11290568,252113,8,2048,0,2048,8,4,4
chunked_256_p4,4870,2048,1904,12453597,270467,20549358,97411,77777623,0,78221813,14928,12355394,1194018,11009200,250068,8,2048,0,2048,8,4,4
chunked_256_p4,4871,2048,1693,10561311,264536,19692433,95340,74197973,0,75010055,11611,12279801,1104550,11027354,265297,8,2048,0,2048,8,4,4
chunked_256_p4,4872,2048,2825,13077426,179697,23041328,98304,86404598,0,86817613,21661,11772692,1297591,10303408,244668,8,2048,0,2048,8,4,4
chunked_256_p4,4873,2048,2274,10718006,228678,19181595,120156,72955675,0,73383427,10339,11587835,1054746,10387135,242935,8,2048,0,2048,8,4,4
chunked_256_p4,4874,2048,1533,9867852,162064,18687550,106420,71259716,0,71800101,21370,11644110,1051291,10421690,240380,8,2048,0,2048,8,4,4
chunked_256_p4,4875,2048,3106,9217022,96040,21496003,87934,75182408,0,75687353,27912,11540376,1248229,10134101,238597,8,2048,0,2048,8,4,4
chunked_256_p4,4876,2048,1913,11266674,219381,20610523,108484,77736994,0,78183835,10400,12137465,1136300,10843039,295022,8,2048,0,2048,8,4,4
chunked_256_p4,4877,2048,2815,9742347,188924,18677932,90770,71395320,0,71785824,14427,11260461,978053,10142045,243095,8,2048,0,2048,8,4,4
chunked_256_p4,4878,2048,2034,47264962,227246,16571545,106400,59800443,0,60182821,16290,11031633,990937,9894331,248275,8,2048,0,2048,8,4,4
chunked_256_p4,4879,2048,1673,5672220,149070,9529949,78909,34687063,0,35163404,15239,10721101,1001487,9617372,238998,8,2048,0,2048,8,4,4
chunked_256_p4,4880,2048,2805,4282525,151363,9670822,89818,34723119,0,35052806,16070,10905667,1029490,9741255,256551,8,2048,0,2048,8,4,4
chunked_256_p4,4881,2048,3436,4847133,167594,9875846,82075,35100508,0,35435072,13576,12524401,1158911,11206160,247293,8,2048,0,2048,8,4,4
chunked_256_p4,4882,1664,2295,1008069,85120,8502193,79049,27987896,0,28236325,13816,10290173,844012,9287815,262732,7,1664,0,1664,7,4,4
