phase,batch_index,item_count,batch_total_ns,build_or_prep_ns,dispatch_to_worker_start_ns,worker_setup_ns,native_call_ns,native_call_thread_cpu_ns,native_call_voluntary_context_switches,native_call_involuntary_context_switches,native_call_minor_page_faults,native_call_major_page_faults,decode_validate_ns,worker_post_call_ns,worker_finish_to_await_resume_ns,await_resume_to_ack_ns,component_sum_ns,residual_ns,worker_thread_id,worker_cpu_id,rocksdb_user_key_comparison_count,rocksdb_write_wal_time_ns,rocksdb_write_memtable_time_ns,rocksdb_write_delay_time_ns,rocksdb_write_pre_post_process_time_ns,rocksdb_block_cache_hit_count,rocksdb_block_read_count,rocksdb_block_read_bytes,rocksdb_block_read_time_ns,rocksdb_block_checksum_time_ns,rocksdb_block_decompress_time_ns,rocksdb_multiget_read_bytes,rocksdb_read_index_block_ns,rocksdb_read_filter_block_ns,rocksdb_get_from_memtable_time_ns,rocksdb_get_from_memtable_count,rocksdb_get_from_output_files_time_ns,rocksdb_bloom_memtable_hit_count,rocksdb_bloom_memtable_miss_count,rocksdb_bloom_sst_hit_count,rocksdb_bloom_sst_miss_count,rocksdb_new_table_block_iter_ns,rocksdb_block_seek_ns,rocksdb_find_table_ns,rocksdb_db_mutex_lock_ns,rocksdb_db_condition_wait_ns
write,1,4096,5061752,1310157,15579,2104,3722510,1973992,2,0,0,0,0,1123,8165,2114,5061752,0,54095,0,24614,2259747,1449328,0,3746,0,0,0,0,0,0,0,0,0,0,0,0,0,0,0,0,0,0,0,0,0
write,2,4096,4522771,1070127,7504,621,3434370,1808122,3,0,0,0,0,411,7925,1813,4522771,0,54095,0,24639,1996384,1432235,0,1192,0,0,0,0,0,0,0,0,0,0,0,0,0,0,0,0,0,0,0,0,0
write,3,4096,4221316,902182,6812,582,3301801,1806569,3,0,0,0,0,371,7314,2254,4221316,0,54095,0,24619,1854337,1442265,0,1022,0,0,0,0,0,0,0,0,0,0,0,0,0,0,0,0,0,0,0,0,0
write,4,4096,5892821,988734,6783,561,3344111,1857284,3,0,0,0,0,791,1542273,9568,5892821,0,54095,0,24641,1844568,1493010,0,1302,0,0,0,0,0,0,0,0,0,0,0,0,0,0,0,0,0,0,0,0,0
write,5,4096,4537919,1129818,19116,3246,3341907,1944307,4,0,0,0,0,1954,34154,7724,4537919,0,54095,1,24609,1896697,1417428,0,7093,0,0,0,0,0,0,0,0,0,0,0,0,0,0,0,0,0,0,0,0,0
write,6,4096,4395572,918251,8947,1242,3453216,1855420,4,1,0,0,0,651,8336,4929,4395572,0,54095,1,24627,2011061,1430563,0,3858,0,0,0,0,0,0,0,0,0,0,0,0,0,0,0,0,0,0,0,0,0
write,7,4096,4128842,898385,7884,982,3212174,1811538,3,0,0,0,0,661,6893,1863,4128842,0,54095,0,24659,1775198,1429480,0,2074,0,0,0,0,0,0,0,0,0,0,0,0,0,0,0,0,0,0,0,0,0
write,8,4096,4269266,945242,7094,861,3307112,1808904,3,0,0,0,0,401,6722,1834,4269266,0,54095,0,24648,1864787,1436424,0,1281,0,0,0,0,0,0,0,0,0,0,0,0,0,0,0,0,0,0,0,0,0
write,9,4096,4171513,892704,6823,521,3261286,1802741,4,1,0,0,0,410,7575,2194,4171513,0,54095,0,24634,1808942,1447204,0,1031,0,0,0,0,0,0,0,0,0,0,0,0,0,0,0,0,0,0,0,0,0
write,10,4096,4202260,892204,6662,521,3292444,1793804,3,0,0,0,0,451,8185,1793,4202260,0,54095,0,24653,1854498,1432877,0,990,0,0,0,0,0,0,0,0,0,0,0,0,0,0,0,0,0,0,0,0,0
write,11,4096,4178556,888045,6583,531,3273548,1793203,4,0,0,0,0,391,7624,1834,4178556,0,54095,0,24627,1842224,1426375,0,943,0,0,0,0,0,0,0,0,0,0,0,0,0,0,0,0,0,0,0,0,0
write,12,4096,4099157,893356,6752,541,3189772,1788705,3,0,0,0,0,360,6513,1863,4099157,0,54095,0,24658,1751354,1433458,0,930,0,0,0,0,0,0,0,0,0,0,0,0,0,0,0,0,0,0,0,0,0
write,13,4096,4208301,891983,6502,511,3300449,1785419,3,0,0,0,0,370,6372,2114,4208301,0,54095,0,24643,1872000,1423539,0,913,0,0,0,0,0,0,0,0,0,0,0,0,0,0,0,0,0,0,0,0,0
write,14,4096,4128952,902011,6392,521,3209909,1806418,4,0,0,0,0,662,7213,2244,4128952,0,54095,0,24640,1775710,1428128,0,1162,0,0,0,0,0,0,0,0,0,0,0,0,0,0,0,0,0,0,0,0,0
write,15,4096,4226506,914074,8126,981,3293797,1789576,3,0,0,0,0,661,6873,1994,4226506,0,54095,0,24642,1881809,1404834,0,1623,0,0,0,0,0,0,0,0,0,0,0,0,0,0,0,0,0,0,0,0,0
write,16,4096,4335671,1077641,7104,631,3240536,1796610,3,0,0,0,0,612,7313,1834,4335671,0,54095,0,24640,1806388,1428288,0,1182,0,0,0,0,0,0,0,0,0,0,0,0,0,0,0,0,0,0,0,0,0
write,17,4096,4100109,891462,6923,631,3191835,1790308,4,0,0,0,0,511,6653,2094,4100109,0,54095,0,24647,1772684,1413069,0,1152,0,0,0,0,0,0,0,0,0,0,0,0,0,0,0,0,0,0,0,0,0
write,18,4096,4193003,886222,6442,661,3288747,1803643,3,0,0,0,0,501,8135,2295,4193003,0,54095,0,24668,1853175,1429791,0,1172,0,0,0,0,0,0,0,0,0,0,0,0,0,0,0,0,0,0,0,0,0
write,19,4096,4171031,920827,10008,1122,3228194,1836061,4,0,0,0,0,671,7955,2254,4171031,0,54095,1,24641,1771192,1449318,0,2024,0,0,0,0,0,0,0,0,0,0,0,0,0,0,0,0,0,0,0,0,0
write,20,4096,4430238,970891,6552,561,3439089,1891258,3,1,0,0,0,491,10810,1844,4430238,0,54095,1,24661,1895144,1537814,0,1392,0,0,0,0,0,0,0,0,0,0,0,0,0,0,0,0,0,0,0,0,0
write,21,4096,4180469,894417,6933,651,3240517,1825474,4,0,0,0,0,480,9388,28083,4180469,0,54095,0,24663,1791479,1443146,0,1302,0,0,0,0,0,0,0,0,0,0,0,0,0,0,0,0,0,0,0,0,0
write,22,4096,4390252,1060678,8236,862,3292684,1804505,3,0,0,0,0,501,6733,20558,4390252,0,54095,0,24665,1857924,1428549,0,1292,0,0,0,0,0,0,0,0,0,0,0,0,0,0,0,0,0,0,0,0,0
write,23,4096,4169699,892183,6983,771,3237301,1779318,3,0,0,0,0,521,6532,25408,4169699,0,54095,0,24663,1823098,1408020,0,1292,0,0,0,0,0,0,0,0,0,0,0,0,0,0,0,0,0,0,0,0,0
write,24,4096,4301937,1062742,7825,782,3196293,1780991,3,0,0,0,0,681,8907,24707,4301937,0,54095,0,24666,1780989,1408601,0,1453,0,0,0,0,0,0,0,0,0,0,0,0,0,0,0,0,0,0,0,0,0
write,25,4096,5212254,1093621,7224,711,4089969,2607740,4,0,0,0,0,521,7925,12283,5212254,0,54095,0,78920,1860669,2223068,0,1332,0,0,0,0,0,0,0,0,0,0,0,0,0,0,0,0,0,0,0,0,0
write,26,4096,5699858,892033,7574,771,4790213,3343531,3,0,0,0,0,491,6752,2024,5699858,0,54095,0,131087,1810024,2973977,0,1383,0,0,0,0,0,0,0,0,0,0,0,0,0,0,0,0,0,0,0,0,0
write,27,4096,6010030,1096796,6813,601,4896001,3368477,3,0,0,0,0,521,7063,2235,6010030,0,54095,0,130863,1895003,2994765,0,1364,0,0,0,0,0,0,0,0,0,0,0,0,0,0,0,0,0,0,0,0,0
write,28,4096,5900124,899417,7654,732,4976511,3569734,4,0,0,0,0,1093,9527,5190,5900124,0,54095,0,139853,1775359,3191956,0,2464,0,0,0,0,0,0,0,0,0,0,0,0,0,0,0,0,0,0,0,0,0
write,29,4096,6058371,908614,8536,952,5128447,3628206,3,0,0,0,0,591,8906,2325,6058371,0,54095,0,148813,1914861,3205020,0,2355,0,0,0,0,0,0,0,0,0,0,0,0,0,0,0,0,0,0,0,0,0
write,30,4096,6177244,1107187,7353,692,5050661,3597417,4,0,0,0,0,521,8445,2385,6177244,0,54095,0,150821,1827967,3216812,0,1252,0,0,0,0,0,0,0,0,0,0,0,0,0,0,0,0,0,0,0,0,0
write,31,4096,6252905,1072471,6722,652,5163693,3756726,3,0,0,0,0,450,7004,1913,6252905,0,54095,0,162516,1776541,3381561,0,1163,0,0,0,0,0,0,0,0,0,0,0,0,0,0,0,0,0,0,0,0,0
write,32,4096,6030638,896481,6893,661,5117226,3632775,3,0,0,0,0,511,6933,1933,6030638,0,54095,0,152665,1843337,3267908,0,1132,0,0,0,0,0,0,0,0,0,0,0,0,0,0,0,0,0,0,0,0,0
write,33,4096,6291247,885470,7755,581,5387132,3977671,3,0,0,0,0,461,7504,2344,6291247,0,54095,0,181562,1782072,3599570,0,1113,0,0,0,0,0,0,0,0,0,0,0,0,0,0,0,0,0,0,0,0,0
write,34,4096,6601098,891912,6643,621,5690671,4158690,3,0,0,0,0,711,8135,2405,6601098,0,54095,0,197142,1895565,3789015,0,1202,0,0,0,0,0,0,0,0,0,0,0,0,0,0,0,0,0,0,0,0,0
write,35,4096,6346961,1075486,8737,891,5247060,3798144,4,0,0,0,0,571,6792,7424,6346961,0,54095,0,166733,1826014,3414293,0,1494,0,0,0,0,0,0,0,0,0,0,0,0,0,0,0,0,0,0,0,0,0
write,36,4096,5925832,890570,6713,651,5016447,3508439,3,0,0,0,0,451,8696,2304,5925832,0,54095,0,144071,1866450,3144456,0,1132,0,0,0,0,0,0,0,0,0,0,0,0,0,0,0,0,0,0,0,0,0
write,37,4096,5928246,1001668,6673,601,4907783,3421268,4,0,0,0,0,481,8596,2444,5928246,0,54095,0,136779,1865608,3036604,0,1163,0,0,0,0,0,0,0,0,0,0,0,0,0,0,0,0,0,0,0,0,0
write,38,4096,6026461,1019081,6663,631,4988544,3525632,3,1,0,0,0,491,8666,2385,6026461,0,54095,0,142356,1826145,3156820,0,1163,0,0,0,0,0,0,0,0,0,0,0,0,0,0,0,0,0,0,0,0,0
write,39,4096,6206338,1008861,5851,632,5179733,3612565,3,0,0,0,0,681,8305,2275,6206338,0,54095,0,150697,1930731,3242791,0,1232,0,0,0,0,0,0,0,0,0,0,0,0,0,0,0,0,0,0,0,0,0
write,40,4096,6144803,887665,7404,671,5238333,3774439,3,0,0,0,0,491,8125,2114,6144803,0,54095,0,164128,1828308,3404173,0,1242,0,0,0,0,0,0,0,0,0,0,0,0,0,0,0,0,0,0,0,0,0
write,41,4096,6371467,904636,7664,652,5446613,3855721,4,0,0,0,0,531,8917,2454,6371467,0,54095,0,172773,1963341,3477390,0,1192,0,0,0,0,0,0,0,0,0,0,0,0,0,0,0,0,0,0,0,0,0
write,42,4096,6714501,1081498,6893,691,5613577,4094981,3,0,0,0,0,501,8987,2354,6714501,0,54095,0,192014,1888111,3719695,0,1263,0,0,0,0,0,0,0,0,0,0,0,0,0,0,0,0,0,0,0,0,0
write,43,4096,6316374,1106956,6953,571,5191084,3647299,4,0,0,0,0,601,8065,2144,6316374,0,54095,0,154456,1929789,3254904,0,1322,0,0,0,0,0,0,0,0,0,0,0,0,0,0,0,0,0,0,0,0,0
write,44,4096,5808582,887704,7444,732,4903104,3350535,3,0,0,0,0,591,7033,1974,5808582,0,54095,0,127050,1941671,2955222,0,1322,0,0,0,0,0,0,0,0,0,0,0,0,0,0,0,0,0,0,0,0,0
write,45,4096,5718533,883757,7233,632,4816020,3357317,3,0,0,0,0,441,8156,2294,5718533,0,54095,0,131637,1829601,2980750,0,1213,0,0,0,0,0,0,0,0,0,0,0,0,0,0,0,0,0,0,0,0,0
write,46,4096,6516700,985487,7204,581,5511185,3909834,4,0,0,0,0,521,9067,2655,6516700,0,54095,0,175421,1977528,3527474,0,1302,0,0,0,0,0,0,0,0,0,0,0,0,0,0,0,0,0,0,0,0,0
write,47,4096,6315754,1069195,6953,641,5227593,3745092,3,0,0,0,0,561,8416,2395,6315754,0,54095,0,161467,1856782,3364188,0,1283,0,0,0,0,0,0,0,0,0,0,0,0,0,0,0,0,0,0,0,0,0
write,48,4096,6376417,1016656,6903,621,5341176,3863025,3,0,0,0,0,481,8276,2304,6376417,0,54095,0,172435,1837966,3497588,0,1162,0,0,0,0,0,0,0,0,0,0,0,0,0,0,0,0,0,0,0,0,0
write,49,4096,6083507,943409,7033,611,5121033,3614899,4,0,0,0,0,511,8436,2474,6083507,0,54095,0,153940,1875628,3239635,0,1162,0,0,0,0,0,0,0,0,0,0,0,0,0,0,0,0,0,0,0,0,0
write,50,4096,6072026,1117335,6873,641,4937700,3390149,3,0,0,0,0,460,7074,1943,6072026,0,54095,0,134795,1917055,3015094,0,1112,0,0,0,0,0,0,0,0,0,0,0,0,0,0,0,0,0,0,0,0,0
write,51,4096,6049103,886843,6813,581,5145188,3583981,4,0,0,0,0,521,7274,1883,6049103,0,54095,0,147508,1939587,3199740,0,1092,0,0,0,0,0,0,0,0,0,0,0,0,0,0,0,0,0,0,0,0,0
write,52,4096,5989882,1103058,8396,671,4866235,3401820,3,0,0,0,0,451,8746,2325,5989882,0,54095,0,134902,1831895,3028499,0,1192,0,0,0,0,0,0,0,0,0,0,0,0,0,0,0,0,0,0,0,0,0
write,53,4096,6411103,1105263,6703,621,5287315,3690311,4,0,0,0,0,450,8376,2375,6411103,0,54095,0,157400,1973150,3308494,0,1211,0,0,0,0,0,0,0,0,0,0,0,0,0,0,0,0,0,0,0,0,0
write,54,4096,6260750,1034871,6762,592,5207525,3738693,3,0,0,0,0,501,8225,2274,6260750,0,54095,0,162663,1834310,3367635,0,1113,0,0,0,0,0,0,0,0,0,0,0,0,0,0,0,0,0,0,0,0,0
write,55,4096,5991124,973585,6593,551,4999054,3450873,3,0,0,0,0,451,8576,2314,5991124,0,54095,0,137184,1914210,3079365,0,1102,0,0,0,0,0,0,0,0,0,0,0,0,0,0,0,0,0,0,0,0,0
write,56,4096,6112392,1000366,7434,621,5093291,3580566,3,0,0,0,0,441,8015,2224,6112392,0,54095,0,148659,1877270,3209839,0,1152,0,0,0,0,0,0,0,0,0,0,0,0,0,0,0,0,0,0,0,0,0
write,57,4096,6391425,979677,6943,621,5392973,3845564,4,0,0,0,0,461,8035,2715,6391425,0,54095,0,169929,1919991,3466781,0,1252,0,0,0,0,0,0,0,0,0,0,0,0,0,0,0,0,0,0,0,0,0
write,58,4096,6730170,1099632,7754,762,5610511,4060536,3,0,0,0,0,631,8566,2314,6730170,0,54095,0,186619,1934317,3669331,0,1573,0,0,0,0,0,0,0,0,0,0,0,0,0,0,0,0,0,0,0,0,0
write,59,4096,6195588,942668,6332,641,5236279,3773456,4,0,0,0,0,591,7183,1894,6195588,0,54095,0,162277,1836915,3392822,0,1373,0,0,0,0,0,0,0,0,0,0,0,0,0,0,0,0,0,0,0,0,0
write,60,4096,6609595,1099853,7283,652,5489213,3829433,3,0,0,0,0,1222,7725,3647,6609595,0,54095,0,164042,2042380,3439510,0,1564,0,0,0,0,0,0,0,0,0,0,0,0,0,0,0,0,0,0,0,0,0
write,61,4096,5960487,893436,7995,861,5046483,3569537,3,1,0,0,0,662,8686,2364,5960487,0,54095,1,144100,1856642,3181937,0,2454,0,0,0,0,0,0,0,0,0,0,0,0,0,0,0,0,0,0,0,0,0
write,62,4096,5939317,1000446,7374,671,4919966,3363188,3,0,0,0,0,501,8035,2324,5939317,0,54095,0,129689,1938896,2974699,0,1341,0,0,0,0,0,0,0,0,0,0,0,0,0,0,0,0,0,0,0,0,0
write,63,4096,6280056,1011096,6762,642,5250225,3738292,3,0,0,0,0,481,8566,2284,6280056,0,54095,0,159094,1881308,3363226,0,1143,0,0,0,0,0,0,0,0,0,0,0,0,0,0,0,0,0,0,0,0,0
write,64,4096,5910192,956924,7013,631,4936067,3443628,3,0,0,0,0,551,6772,2234,5910192,0,54095,0,138652,1850099,3079414,0,1273,0,0,0,0,0,0,0,0,0,0,0,0,0,0,0,0,0,0,0,0,0
write,65,4096,5986516,883617,7734,672,5083432,3524781,4,0,0,0,0,521,7815,2725,5986516,0,54095,0,142302,1931792,3145819,0,1122,0,0,0,0,0,0,0,0,0,0,0,0,0,0,0,0,0,0,0,0,0
write,66,4096,6139483,983394,6552,602,5138415,3675734,3,0,0,0,0,581,7745,2194,6139483,0,54095,0,156720,1826856,3305478,0,1193,0,0,0,0,0,0,0,0,0,0,0,0,0,0,0,0,0,0,0,0,0
write,67,4096,6131118,892424,6913,651,5220059,3586176,4,0,0,0,0,561,8566,1944,6131118,0,54095,0,146630,2011001,3203017,0,1232,0,0,0,0,0,0,0,0,0,0,0,0,0,0,0,0,0,0,0,0,0
write,68,4096,5761174,886122,7344,721,4856367,3385369,3,0,0,0,0,450,7755,2415,5761174,0,54095,0,131097,1842735,3007680,0,1212,0,0,0,0,0,0,0,0,0,0,0,0,0,0,0,0,0,0,0,0,0
write,69,4096,5919560,974928,6603,611,4927490,3375401,4,0,0,0,0,461,7283,2184,5919560,0,54095,0,129245,1926964,2994886,0,1183,0,0,0,0,0,0,0,0,0,0,0,0,0,0,0,0,0,0,0,0,0
write,70,4096,6298721,894227,7063,581,5385790,3836035,3,0,0,0,0,561,8125,2374,6298721,0,54095,0,167051,1919349,3460830,0,1121,0,0,0,0,0,0,0,0,0,0,0,0,0,0,0,0,0,0,0,0,0
write,71,4096,6211387,1110202,6943,611,5067603,3598650,3,0,0,0,0,4428,19276,2324,6211387,0,54095,0,147763,1839770,3222152,0,1201,0,0,0,0,0,0,0,0,0,0,0,0,0,0,0,0,0,0,0,0,0
write,72,4096,6123593,905067,9428,1012,5195983,3628937,3,0,0,0,0,732,9087,2284,6123593,0,54095,0,149771,1945619,3242751,0,1711,0,0,0,0,0,0,0,0,0,0,0,0,0,0,0,0,0,0,0,0,0
write,73,4096,6294363,1071529,5841,721,5204800,3705049,3,0,0,0,0,712,8576,2184,6294363,0,54095,0,152252,1874245,3323332,0,1452,0,0,0,0,0,0,0,0,0,0,0,0,0,0,0,0,0,0,0,0,0
write,74,4096,5975776,887374,7454,762,5069145,3466432,3,0,0,0,0,551,8166,2324,5975776,0,54095,0,135803,1977949,3084945,0,1362,0,0,0,0,0,0,0,0,0,0,0,0,0,0,0,0,0,0,0,0,0
write,75,4096,6114515,1029700,7004,631,5067993,3558113,3,0,0,0,0,511,6783,1893,6114515,0,54095,0,144125,1871580,3190773,0,1132,0,0,0,0,0,0,0,0,0,0,0,0,0,0,0,0,0,0,0,0,0
write,76,4096,5867763,884989,7254,641,4965061,3421786,4,0,0,0,0,541,7424,1853,5867763,0,54095,0,132343,1914049,3044949,0,1202,0,0,0,0,0,0,0,0,0,0,0,0,0,0,0,0,0,0,0,0,0
write,77,4096,5916956,883167,7233,792,5013902,3463186,3,0,0,0,0,511,9017,2334,5916956,0,54095,0,135250,1927013,3080677,0,1352,0,0,0,0,0,0,0,0,0,0,0,0,0,0,0,0,0,0,0,0,0
write,78,4096,6205466,1053184,6923,662,5134338,3682760,4,0,0,0,0,480,8066,1813,6205466,0,54095,0,153020,1822848,3305579,0,1232,0,0,0,0,0,0,0,0,0,0,0,0,0,0,0,0,0,0,0,0,0
write,79,4096,6063450,892043,6933,611,5153834,3555127,3,0,0,0,0,451,7684,1894,6063450,0,54095,0,143072,1960667,3187367,0,1212,0,0,0,0,0,0,0,0,0,0,0,0,0,0,0,0,0,0,0,0,0
write,80,4096,6062619,890611,7313,642,5152461,3669902,3,0,0,0,0,481,8807,2304,6062619,0,54095,0,154272,1844148,3302532,0,1181,0,0,0,0,0,0,0,0,0,0,0,0,0,0,0,0,0,0,0,0,0
write,81,4096,6498606,1001508,6652,621,5479265,3783256,4,0,0,0,0,481,7784,2295,6498606,0,54095,0,159679,2073798,3399785,0,1092,0,0,0,0,0,0,0,0,0,0,0,0,0,0,0,0,0,0,0,0,0
write,82,4096,6073790,907903,6652,591,5147152,3635929,3,0,0,0,0,451,8777,2264,6073790,0,54095,0,150764,1879104,3262407,0,1131,0,0,0,0,0,0,0,0,0,0,0,0,0,0,0,0,0,0,0,0,0
write,83,4096,6238899,1107406,6733,571,5114200,3559726,3,0,0,0,0,451,7644,1894,6238899,0,54095,0,146177,1913558,3195081,0,1102,0,0,0,0,0,0,0,0,0,0,0,0,0,0,0,0,0,0,0,0,0
write,84,4096,6324669,913523,7664,641,5390879,3800017,4,0,0,0,0,571,9067,2324,6324669,0,54095,0,163953,1961689,3422798,0,1392,0,0,0,0,0,0,0,0,0,0,0,0,0,0,0,0,0,0,0,0,0
write,85,4096,6086033,973626,7354,671,5093401,3638544,3,0,0,0,0,521,8115,2345,6086033,0,54095,0,149939,1825703,3261836,0,1192,0,0,0,0,0,0,0,0,0,0,0,0,0,0,0,0,0,0,0,0,0
write,86,4096,6108214,958618,6682,601,5131433,3530441,4,0,0,0,0,471,7945,2464,6108214,0,54095,0,143864,1976857,3148765,0,1123,0,0,0,0,0,0,0,0,0,0,0,0,0,0,0,0,0,0,0,0,0
write,87,4096,6072066,946735,6903,631,5107848,3647472,3,0,0,0,0,551,7294,2104,6072066,0,54095,0,148720,1825112,3276865,0,1242,0,0,0,0,0,0,0,0,0,0,0,0,0,0,0,0,0,0,0,0,0
write,88,4096,6072868,883917,7664,602,5170295,3576066,4,0,0,0,0,481,8015,1894,6072868,0,54095,0,143634,1972599,3191925,0,1223,0,0,0,0,0,0,0,0,0,0,0,0,0,0,0,0,0,0,0,0,0
write,89,4096,6304783,1071770,7384,641,5213787,3709036,3,0,0,0,0,511,8425,2265,6304783,0,54095,0,153987,1877902,3330245,0,1173,0,0,0,0,0,0,0,0,0,0,0,0,0,0,0,0,0,0,0,0,0
write,90,4096,6211398,1059707,6603,611,5133767,3542824,3,0,0,0,0,531,7945,2234,6211398,0,54095,0,143145,1953053,3174894,0,1191,0,0,0,0,0,0,0,0,0,0,0,0,0,0,0,0,0,0,0,0,0
write,91,4096,6433825,1023940,7144,631,5392672,3834203,3,0,0,0,0,491,6753,2194,6433825,0,54095,0,164732,1927875,3458927,0,1242,0,0,0,0,0,0,0,0,0,0,0,0,0,0,0,0,0,0,0,0,0
write,92,4096,5995272,878787,6903,611,5097910,3634878,3,0,0,0,0,451,8656,1954,5995272,0,54095,0,150036,1837485,3254913,0,1153,0,0,0,0,0,0,0,0,0,0,0,0,0,0,0,0,0,0,0,0,0
write,93,4096,6021682,883858,7103,631,5117717,3487912,3,0,0,0,0,641,8326,3406,6021682,0,54095,0,136607,2000060,3110693,0,1342,0,0,0,0,0,0,0,0,0,0,0,0,0,0,0,0,0,0,0,0,0
write,94,4096,6075072,889848,7575,751,5164565,3661166,4,1,0,0,0,621,9708,2004,6075072,0,54095,1,148752,1886628,3265644,0,1913,0,0,0,0,0,0,0,0,0,0,0,0,0,0,0,0,0,0,0,0,0
write,95,4096,6233408,1066790,7955,751,5146260,3680764,3,0,0,0,0,572,8836,2244,6233408,0,54095,0,153872,1840000,3299777,0,1464,0,0,0,0,0,0,0,0,0,0,0,0,0,0,0,0,0,0,0,0,0
write,96,4096,6383560,1079594,6603,631,5286162,3783899,3,0,0,0,0,521,7745,2304,6383560,0,54095,0,162207,1867081,3413040,0,1212,0,0,0,0,0,0,0,0,0,0,0,0,0,0,0,0,0,0,0,0,0
write,97,4096,6451017,1009212,6643,651,5425153,3881940,3,0,82,0,0,561,6603,2194,6451017,0,54095,0,153104,1919720,3498491,0,1363,0,0,0,0,0,0,0,0,0,0,0,0,0,0,0,0,0,0,0,0,0
write,98,4096,6552357,1064847,6613,671,5469636,3908900,4,0,130,0,0,501,8075,2014,6552357,0,54095,0,154592,1933155,3529950,0,1332,0,0,0,0,0,0,0,0,0,0,0,0,0,0,0,0,0,0,0,0,0
write,99,4096,6754556,884689,7684,932,5847074,4322898,3,1,130,0,0,1062,9057,4058,6754556,0,54095,0,147998,1888131,3949145,0,2585,0,0,0,0,0,0,0,0,0,0,0,0,0,0,0,0,0,0,0,0,0
write,100,4096,6318007,907832,7284,701,5391160,3785239,4,0,130,0,0,430,7795,2805,6318007,0,54095,2,139815,2009518,3374368,0,1554,0,0,0,0,0,0,0,0,0,0,0,0,0,0,0,0,0,0,0,0,0
write,101,4096,6206949,1016787,7284,841,5171137,3647622,3,1,130,0,0,711,8336,1853,6206949,0,54095,2,128016,1882791,3281103,0,1924,0,0,0,0,0,0,0,0,0,0,0,0,0,0,0,0,0,0,0,0,0
write,102,4096,6432953,887504,7705,711,5523868,3962382,4,1,130,0,0,521,7945,4699,6432953,0,54095,0,154623,1940720,3576557,0,1533,0,0,0,0,0,0,0,0,0,0,0,0,0,0,0,0,0,0,0,0,0
write,103,4096,6467137,904556,7694,712,5542773,4035479,3,0,130,0,0,551,8406,2445,6467137,0,54095,0,160463,1871509,3664742,0,1332,0,0,0,0,0,0,0,0,0,0,0,0,0,0,0,0,0,0,0,0,0
write,104,4096,6421040,992691,7384,661,5408903,3863948,4,0,131,0,0,511,8566,2324,6421040,0,54095,0,147133,1925711,3476950,0,1323,0,0,0,0,0,0,0,0,0,0,0,0,0,0,0,0,0,0,0,0,0
write,105,4096,6618581,924494,7674,711,5674341,4136608,3,0,130,0,0,561,8406,2394,6618581,0,54095,0,167180,1911203,3751344,0,1445,0,0,0,0,0,0,0,0,0,0,0,0,0,0,0,0,0,0,0,0,0
write,106,4096,6339778,978695,7514,621,5342959,3878133,3,0,130,0,0,501,7113,2375,6339778,0,54095,0,150374,1832967,3503790,0,1283,0,0,0,0,0,0,0,0,0,0,0,0,0,0,0,0,0,0,0,0,0
write,107,4096,6345169,886302,6543,701,5441945,3793524,3,0,130,0,0,521,7283,1874,6345169,0,54095,0,141083,2016922,3418861,0,1293,0,0,0,0,0,0,0,0,0,0,0,0,0,0,0,0,0,0,0,0,0
write,108,4096,6525587,884739,7404,722,5621601,4115429,4,0,130,0,0,621,8216,2284,6525587,0,54095,0,168284,1880546,3734232,0,1542,0,0,0,0,0,0,0,0,0,0,0,0,0,0,0,0,0,0,0,0,0
write,109,4096,28840280,949270,7904,782,27861245,4186912,3,0,131,0,0,1843,13365,5871,28840280,0,54095,0,166341,24061971,3784908,0,2875,0,0,0,0,0,0,0,0,0,0,0,0,0,0,0,0,0,0,0,0,0
write,110,4096,6676971,1050650,10620,1453,5602806,3950508,4,0,130,0,0,672,8495,2275,6676971,0,54095,1,145178,2154120,3437306,0,3797,0,0,0,0,0,0,0,0,0,0,0,0,0,0,0,0,0,0,0,0,0
write,111,4096,6358182,893124,7214,681,5447736,3853867,3,0,130,0,0,460,6943,2024,6358182,0,54095,1,149101,1956849,3485025,0,1292,0,0,0,0,0,0,0,0,0,0,0,0,0,0,0,0,0,0,0,0,0
write,112,4096,6237056,900519,6742,561,5318454,3930942,4,1,130,0,0,721,7965,2094,6237056,0,54095,1,150634,1749130,3562461,0,1663,0,0,0,0,0,0,0,0,0,0,0,0,0,0,0,0,0,0,0,0,0
write,113,4096,6605357,1040922,7895,711,5545579,4074121,3,0,130,0,0,501,7805,1944,6605357,0,54095,3,164488,1867712,3671314,0,1664,0,0,0,0,0,0,0,0,0,0,0,0,0,0,0,0,0,0,0,0,0
write,114,4096,6079540,889969,6943,561,5171828,3804787,3,0,130,0,0,511,7695,2033,6079540,0,54095,3,145140,1746916,3418691,0,1302,0,0,0,0,0,0,0,0,0,0,0,0,0,0,0,0,0,0,0,0,0
write,115,4096,6369364,883076,7424,731,5467513,4107052,3,0,130,0,0,481,8185,1954,6369364,0,54095,3,163025,1733180,3728081,0,1423,0,0,0,0,0,0,0,0,0,0,0,0,0,0,0,0,0,0,0,0,0
write,116,4096,6101421,890239,7304,581,5192537,3754301,4,0,131,0,0,461,7844,2455,6101421,0,54095,3,139489,1819662,3366743,0,1343,0,0,0,0,0,0,0,0,0,0,0,0,0,0,0,0,0,0,0,0,0
write,117,4096,6269807,891161,7845,591,5359730,3879497,3,0,130,0,0,531,7985,1964,6269807,0,54095,3,148418,1860649,3493220,0,1322,0,0,0,0,0,0,0,0,0,0,0,0,0,0,0,0,0,0,0,0,0
write,118,4096,6279846,887825,7684,651,5372625,3887152,3,0,130,0,0,441,8205,2415,6279846,0,54095,3,149380,1872321,3494233,0,1313,0,0,0,0,0,0,0,0,0,0,0,0,0,0,0,0,0,0,0,0,0
write,119,4096,6522742,1015324,7414,551,5488182,4097895,3,0,130,0,0,490,8396,2385,6522742,0,54095,3,168779,1757215,3725286,0,1102,0,0,0,0,0,0,0,0,0,0,0,0,0,0,0,0,0,0,0,0,0
write,120,4096,6599275,1115613,7614,561,5464327,3962802,4,0,130,0,0,480,8176,2504,6599275,0,54095,3,153907,1890335,3568292,0,1242,0,0,0,0,0,0,0,0,0,0,0,0,0,0,0,0,0,0,0,0,0
write,121,4096,6384563,997651,7544,591,5363819,3965709,3,0,130,0,0,891,10560,3507,6384563,0,54095,3,153564,1775660,3581526,0,1594,0,0,0,0,0,0,0,0,0,0,0,0,0,0,0,0,0,0,0,0,0
write,122,4096,6591911,898745,8486,851,5673609,4194217,3,0,130,0,0,541,7474,2205,6591911,0,54095,3,169563,1870357,3796539,0,1582,0,0,0,0,0,0,0,0,0,0,0,0,0,0,0,0,0,0,0,0,0
write,123,4096,6167586,887615,8205,631,5259633,3837858,3,0,130,0,0,481,8596,2425,6167586,0,54095,3,143408,1796319,3457343,0,1303,0,0,0,0,0,0,0,0,0,0,0,0,0,0,0,0,0,0,0,0,0
write,124,4096,6423675,981700,7064,591,5423790,3947033,4,0,130,0,0,531,7915,2084,6423675,0,54095,3,153360,1859797,3558072,0,1283,0,0,0,0,0,0,0,0,0,0,0,0,0,0,0,0,0,0,0,0,0
write,125,4096,6201509,891622,8095,581,5291342,3820366,3,0,130,0,0,581,7064,2224,6201509,0,54095,3,132682,1860379,3424541,0,1393,0,0,0,0,0,0,0,0,0,0,0,0,0,0,0,0,0,0,0,0,0
write,126,4096,6162055,885301,7914,652,5256887,3860169,3,0,130,0,0,521,8737,2043,6162055,0,54095,3,145734,1785048,3465929,0,1263,0,0,0,0,0,0,0,0,0,0,0,0,0,0,0,0,0,0,0,0,0
write,127,4096,4803618,884739,7284,5620,3894223,2339488,2,0,130,0,0,801,8125,2826,4803618,0,54095,3,24634,1987317,1770890,0,2274,0,0,0,0,0,0,0,0,0,0,0,0,0,0,0,0,0,0,0,0,0
write,128,4096,4407094,901149,9989,1022,3484895,2054303,3,0,131,0,0,631,7464,1944,4407094,0,54095,3,24626,1817879,1659272,0,1854,0,0,0,0,0,0,0,0,0,0,0,0,0,0,0,0,0,0,0,0,0
write,129,4096,4314180,891512,7724,612,3403341,2024057,4,0,130,0,0,431,8256,2304,4314180,0,54095,3,24643,1758938,1638513,0,1263,0,0,0,0,0,0,0,0,0,0,0,0,0,0,0,0,0,0,0,0,0
write,130,4096,4503735,901420,12103,1212,3578220,2101412,3,0,130,0,0,671,8125,1984,4503735,0,54095,0,24659,1899382,1670192,0,2174,0,0,0,0,0,0,0,0,0,0,0,0,0,0,0,0,0,0,0,0,0
write,131,4096,4366367,891361,7123,632,3456652,2049514,3,0,130,0,0,591,7594,2414,4366367,0,54095,0,24634,1779747,1670542,0,1352,0,0,0,0,0,0,0,0,0,0,0,0,0,0,0,0,0,0,0,0,0
write,132,4096,5484375,890671,7494,691,4574618,2045406,3,0,130,0,0,561,8416,1924,5484375,0,54095,0,24646,2901060,1667106,0,1322,0,0,0,0,0,0,0,0,0,0,0,0,0,0,0,0,0,0,0,0,0
write,133,4096,4327876,890780,8256,651,3418611,2034777,3,0,130,0,0,511,7223,1844,4327876,0,54095,0,24637,1753759,1658561,0,1282,0,0,0,0,0,0,0,0,0,0,0,0,0,0,0,0,0,0,0,0,0
write,134,4096,4490882,897373,9869,1031,3572129,2072726,3,0,131,0,0,681,7845,1954,4490882,0,54095,1,24638,1873814,1690200,0,2054,0,0,0,0,0,0,0,0,0,0,0,0,0,0,0,0,0,0,0,0,0
write,135,4096,4421231,887074,7865,651,3514029,2082636,3,1,130,0,0,491,9177,1944,4421231,0,54095,1,24623,1797110,1710237,0,1663,0,0,0,0,0,0,0,0,0,0,0,0,0,0,0,0,0,0,0,0,0
write,136,4096,4322716,882565,6903,701,3423420,2036870,3,0,130,0,0,551,6772,1804,4322716,0,54095,0,24635,1751263,1665684,0,1472,0,0,0,0,0,0,0,0,0,0,0,0,0,0,0,0,0,0,0,0,0
write,137,4096,4418807,885401,6692,651,3515803,2025519,4,0,130,0,0,531,7755,1974,4418807,0,54095,0,24627,1862603,1647089,0,1263,0,0,0,0,0,0,0,0,0,0,0,0,0,0,0,0,0,0,0,0,0
write,138,4096,4329499,884429,6722,662,3428719,2046798,3,0,130,0,0,551,6643,1773,4329499,0,54095,0,24622,1754140,1668519,0,1263,0,0,0,0,0,0,0,0,0,0,0,0,0,0,0,0,0,0,0,0,0
write,139,4096,4451257,888426,6943,602,3545228,2030820,3,0,130,0,0,531,7714,1813,4451257,0,54095,0,24636,1876970,1662017,0,1303,0,0,0,0,0,0,0,0,0,0,0,0,0,0,0,0,0,0,0,0,0
write,140,4096,4563147,1072872,7273,702,3473163,2055895,4,0,130,0,0,521,6622,1994,4563147,0,54095,0,24640,1798412,1668840,0,1271,0,0,0,0,0,0,0,0,0,0,0,0,0,0,0,0,0,0,0,0,0
write,141,4096,4433714,884419,7233,641,3529238,2047099,3,0,131,0,0,762,8416,3005,4433714,0,54095,0,24649,1845781,1677185,0,1312,0,0,0,0,0,0,0,0,0,0,0,0,0,0,0,0,0,0,0,0,0
write,142,4096,4481714,904686,9137,952,3556118,2085241,3,0,130,0,0,642,7684,2495,4481714,0,54095,1,24626,1880105,1667296,0,2486,0,0,0,0,0,0,0,0,0,0,0,0,0,0,0,0,0,0,0,0,0
write,143,4096,4378180,900639,6883,891,3456883,2052970,3,1,130,0,0,571,9928,2385,4378180,0,54095,1,24650,1768576,1680943,0,1874,0,0,0,0,0,0,0,0,0,0,0,0,0,0,0,0,0,0,0,0,0
write,144,4096,4446328,890490,7103,732,3537142,2064423,3,0,130,0,0,511,7945,2405,4446328,0,54095,0,24646,1845761,1685070,0,1444,0,0,0,0,0,0,0,0,0,0,0,0,0,0,0,0,0,0,0,0,0
write,145,4096,4551235,1057002,6593,601,3476609,2080792,4,1,130,0,0,541,7614,2275,4551235,0,54095,0,24637,1762505,1708053,0,1292,0,0,0,0,0,0,0,0,0,0,0,0,0,0,0,0,0,0,0,0,0
write,146,4096,4478448,902452,7154,661,3558323,2041769,3,0,130,0,0,591,7323,1944,4478448,0,54095,1,24635,1872071,1679309,0,1753,0,0,0,0,0,0,0,0,0,0,0,0,0,0,0,0,0,0,0,0,0
write,147,4096,4507382,887755,9207,601,3600211,2151746,3,1,131,0,0,491,7173,1944,4507382,0,54095,1,24642,1815224,1778495,0,1533,0,0,0,0,0,0,0,0,0,0,0,0,0,0,0,0,0,0,0,0,0
write,148,4096,4462638,886813,7474,671,3558683,2066786,4,0,130,0,0,491,6673,1833,4462638,0,54095,0,24637,1867883,1684649,0,1393,0,0,0,0,0,0,0,0,0,0,0,0,0,0,0,0,0,0,0,0,0
write,149,4096,4373852,885891,6933,621,3470558,2047261,3,0,130,0,0,511,7504,1834,4373852,0,54095,0,24644,1798212,1666314,0,1283,0,0,0,0,0,0,0,0,0,0,0,0,0,0,0,0,0,0,0,0,0
write,150,4096,4328667,896912,7604,752,3413370,2026782,3,0,130,0,0,612,7464,1953,4328667,0,54095,1,24640,1748760,1657679,0,1812,0,0,0,0,0,0,0,0,0,0,0,0,0,0,0,0,0,0,0,0,0
write,151,4096,5551100,1058866,7434,601,4474340,2964260,4,1,130,0,0,651,7314,1894,5551100,0,54095,1,81443,1884133,2583454,0,1573,0,0,0,0,0,0,0,0,0,0,0,0,0,0,0,0,0,0,0,0,0
write,152,4096,6046628,892674,7153,661,5134318,3746739,3,0,130,0,0,541,8967,2314,6046628,0,54095,0,143939,1750423,3377824,0,1391,0,0,0,0,0,0,0,0,0,0,0,0,0,0,0,0,0,0,0,0,0
write,153,4096,6191610,1012479,6762,611,5159956,3812821,3,0,130,0,0,531,8947,2324,6191610,0,54095,0,139853,1720727,3433278,0,1454,0,0,0,0,0,0,0,0,0,0,0,0,0,0,0,0,0,0,0,0,0
write,154,4096,6514667,988193,7935,932,5504773,4066156,3,0,130,0,0,771,9778,2285,6514667,0,54095,1,167990,1801518,3694578,0,2094,0,0,0,0,0,0,0,0,0,0,0,0,0,0,0,0,0,0,0,0,0
write,155,4096,6472397,1085225,6933,641,5369779,3878354,3,1,130,0,0,561,7374,1884,6472397,0,54095,1,150863,1849448,3514020,0,1472,0,0,0,0,0,0,0,0,0,0,0,0,0,0,0,0,0,0,0,0,0
write,156,4096,6375705,884368,7284,711,5471751,4014681,4,0,131,0,0,551,8806,2234,6375705,0,54095,0,161372,1843367,3621921,0,1454,0,0,0,0,0,0,0,0,0,0,0,0,0,0,0,0,0,0,0,0,0
write,157,4096,6244841,920677,8496,852,5304827,3932083,3,0,130,0,0,491,7534,1964,6244841,0,54095,1,152133,1786510,3510513,0,2245,0,0,0,0,0,0,0,0,0,0,0,0,0,0,0,0,0,0,0,0,0
write,158,4096,5968582,885260,7313,1153,5062944,3561310,3,0,130,0,0,571,9097,2244,5968582,0,54095,1,127018,1859967,3196294,0,1624,0,0,0,0,0,0,0,0,0,0,0,0,0,0,0,0,0,0,0,0,0
write,159,4096,6429647,1085034,7144,621,5326518,3953516,3,0,130,0,0,561,7665,2104,6429647,0,54095,1,158935,1743810,3576877,0,1201,0,0,0,0,0,0,0,0,0,0,0,0,0,0,0,0,0,0,0,0,0
write,160,4096,6491884,891512,7224,631,5567911,4109857,3,0,130,0,0,631,14046,9929,6491884,0,54095,1,170665,1818681,3742378,0,1653,0,0,0,0,0,0,0,0,0,0,0,0,0,0,0,0,0,0,0,0,0
write,161,4096,6411623,1014703,7844,1423,5377173,3934359,3,0,130,0,0,591,7685,2204,6411623,0,54095,1,141246,1840140,3528407,0,1934,0,0,0,0,0,0,0,0,0,0,0,0,0,0,0,0,0,0,0,0,0
write,162,4096,6290936,895709,6703,541,5376582,3906116,3,0,130,0,0,491,8686,2224,6290936,0,54095,1,157446,1828088,3542693,0,1173,0,0,0,0,0,0,0,0,0,0,0,0,0,0,0,0,0,0,0,0,0
write,163,4096,6549953,965982,7484,571,5566779,4082246,4,0,130,0,0,521,6572,2044,6549953,0,54095,1,169778,1854518,3706631,0,1182,0,0,0,0,0,0,0,0,0,0,0,0,0,0,0,0,0,0,0,0,0
write,164,4096,29418786,901491,7133,1373,28487780,4347325,5,0,131,0,0,1893,13055,6061,29418786,0,54095,1,187321,24520782,3954766,0,2745,0,0,0,0,0,0,0,0,0,0,0,0,0,0,0,0,0,0,0,0,0
write,165,4096,6920086,1039649,8446,1092,5860339,4385566,3,0,130,0,0,642,7293,2625,6920086,0,54095,1,197755,1856742,3994250,0,2835,0,0,0,0,0,0,0,0,0,0,0,0,0,0,0,0,0,0,0,0,0
write,166,4096,7120262,940894,7925,672,6159249,4515590,3,1,44,0,0,722,8415,2385,7120262,0,54095,1,200076,1998708,4153177,0,1824,0,0,0,0,0,0,0,0,0,0,0,0,0,0,0,0,0,0,0,0,0
write,167,4096,6550995,991700,7664,712,5540349,4096424,3,0,0,0,0,491,7644,2435,6550995,0,54095,3,194881,1820654,3713323,0,1614,0,0,0,0,0,0,0,0,0,0,0,0,0,0,0,0,0,0,0,0,0
write,168,4096,6359816,1076839,7294,881,5263190,3901476,3,0,0,0,0,481,8796,2335,6359816,0,54095,3,178702,1720446,3536542,0,1392,0,0,0,0,0,0,0,0,0,0,0,0,0,0,0,0,0,0,0,0,0
write,169,4096,6153399,1148243,7715,531,4986360,3416947,4,0,0,0,0,411,7825,2314,6153399,0,54095,3,134841,1942232,3038969,0,1112,0,0,0,0,0,0,0,0,0,0,0,0,0,0,0,0,0,0,0,0,0
write,170,4096,5981286,985388,7173,531,4978256,3611754,3,0,0,0,0,471,7634,1833,5981286,0,54095,3,146829,1734783,3237972,0,1132,0,0,0,0,0,0,0,0,0,0,0,0,0,0,0,0,0,0,0,0,0
write,171,4096,5919129,884068,7023,621,5016367,3523408,3,0,0,0,0,511,8205,2334,5919129,0,54095,3,143511,1855239,3155137,0,1332,0,0,0,0,0,0,0,0,0,0,0,0,0,0,0,0,0,0,0,0,0
write,172,4096,5666556,1014923,6903,611,4629562,3204509,3,0,0,0,0,441,10650,3466,5666556,0,54095,3,116952,1794034,2829466,0,1213,0,0,0,0,0,0,0,0,0,0,0,0,0,0,0,0,0,0,0,0,0
write,173,4096,6486464,1445621,8336,641,5020314,3647251,3,0,0,0,0,801,8276,2475,6486464,0,54095,3,151413,1758919,3254032,0,1503,0,0,0,0,0,0,0,0,0,0,0,0,0,0,0,0,0,0,0,0,0
write,174,4096,6243898,986059,7654,651,5238694,3767476,3,0,0,0,0,501,8115,2224,6243898,0,54095,3,161440,1832236,3400026,0,1342,0,0,0,0,0,0,0,0,0,0,0,0,0,0,0,0,0,0,0,0,0
write,175,4096,6377509,1111935,7474,621,5248201,3887962,4,0,0,0,0,431,6673,2174,6377509,0,54095,3,171108,1730114,3512387,0,1212,0,0,0,0,0,0,0,0,0,0,0,0,0,0,0,0,0,0,0,0,0
write,176,4096,6144563,889809,6672,511,5237201,3746216,3,0,0,0,0,541,7524,2305,6144563,0,54095,3,156823,1850430,3380700,0,1142,0,0,0,0,0,0,0,0,0,0,0,0,0,0,0,0,0,0,0,0,0
write,177,4096,6110418,1033057,6833,591,5059999,3680713,3,0,0,0,0,431,7674,1833,6110418,0,54095,3,153344,1755271,3299136,0,1172,0,0,0,0,0,0,0,0,0,0,0,0,0,0,0,0,0,0,0,0,0
write,178,4096,6241895,887394,6232,571,5336787,3861763,3,0,0,0,0,642,7403,2866,6241895,0,54095,3,162961,1828880,3497969,0,1514,0,0,0,0,0,0,0,0,0,0,0,0,0,0,0,0,0,0,0,0,0
write,179,4096,6343024,880250,7675,801,5444950,4005413,3,0,0,0,0,451,7063,1834,6343024,0,54095,3,178921,1816286,3622683,0,1221,0,0,0,0,0,0,0,0,0,0,0,0,0,0,0,0,0,0,0,0,0
write,180,4096,6376137,1099382,6452,511,5261316,3873736,3,0,0,0,0,471,6181,1824,6376137,0,54095,3,167926,1750352,3505543,0,1102,0,0,0,0,0,0,0,0,0,0,0,0,0,0,0,0,0,0,0,0,0
write,181,4096,6127170,888376,6693,591,5220109,3742769,3,0,0,0,0,551,8506,2344,6127170,0,54095,3,158924,1836394,3377644,0,1272,0,0,0,0,0,0,0,0,0,0,0,0,0,0,0,0,0,0,0,0,0
write,182,4096,5950739,1000847,7824,652,4931006,3505275,3,0,0,0,0,441,8115,1854,5950739,0,54095,3,140248,1791860,3133155,0,1293,0,0,0,0,0,0,0,0,0,0,0,0,0,0,0,0,0,0,0,0,0
write,183,4096,5978130,885501,7373,552,5075607,3512328,4,0,0,0,0,481,6743,1873,5978130,0,54095,3,141259,1950478,3119419,0,1153,0,0,0,0,0,0,0,0,0,0,0,0,0,0,0,0,0,0,0,0,0
write,184,4096,5859297,904596,6663,621,4936767,3566680,3,0,0,0,0,461,7955,2234,5859297,0,54095,3,148472,1730786,3200090,0,1132,0,0,0,0,0,0,0,0,0,0,0,0,0,0,0,0,0,0,0,0,0
write,185,4096,6060164,1046593,6722,591,4994476,3530790,4,0,0,0,0,521,9017,2244,6060164,0,54095,3,142624,1838097,3150158,0,1143,0,0,0,0,0,0,0,0,0,0,0,0,0,0,0,0,0,0,0,0,0
write,186,4096,6248767,1041353,6682,611,5190513,3772394,3,0,0,0,0,471,7294,1843,6248767,0,54095,3,162245,1782362,3402481,0,1122,0,0,0,0,0,0,0,0,0,0,0,0,0,0,0,0,0,0,0,0,0
write,187,4096,6470814,888686,7815,872,5562120,4190179,3,0,0,0,0,531,8496,2294,6470814,0,54095,3,196557,1745213,3809964,0,1523,0,0,0,0,0,0,0,0,0,0,0,0,0,0,0,0,0,0,0,0,0
write,188,4096,6825278,1112666,6482,922,5688818,4196642,3,0,0,0,0,1342,10129,4919,6825278,0,54095,3,197945,1878492,3800246,0,2215,0,0,0,0,0,0,0,0,0,0,0,0,0,0,0,0,0,0,0,0,0
write,189,4096,6931207,958467,8897,1353,5948925,4525108,3,0,0,0,0,701,9638,3226,6931207,0,54095,0,217830,1889403,4048962,0,3457,0,0,0,0,0,0,0,0,0,0,0,0,0,0,0,0,0,0,0,0,0
write,190,4096,7178391,965120,7464,661,6193043,4597805,3,1,0,0,0,792,8937,2374,7178391,0,54095,0,226143,1948674,4236134,0,2374,0,0,0,0,0,0,0,0,0,0,0,0,0,0,0,0,0,0,0,0,0
write,191,4096,7210802,1110092,7143,661,6082817,4660691,4,1,0,0,0,501,7534,2054,7210802,0,54095,2,238527,1809664,4266230,0,1884,0,0,0,0,0,0,0,0,0,0,0,0,0,0,0,0,0,0,0,0,0
write,192,4096,7113940,906831,8426,751,6186741,4725693,3,0,0,0,0,561,8296,2334,7113940,0,54095,0,249722,1824772,4355447,0,1402,0,0,0,0,0,0,0,0,0,0,0,0,0,0,0,0,0,0,0,0,0
write,193,4096,6049214,1062583,6883,711,4969198,3495005,4,0,0,0,0,521,6773,2545,6049214,0,54095,0,139999,1851211,3111795,0,1132,0,0,0,0,0,0,0,0,0,0,0,0,0,0,0,0,0,0,0,0,0
write,194,4096,5893942,895098,6673,561,4980469,3623606,3,0,0,0,0,561,8256,2324,5893942,0,54095,0,151409,1718472,3256056,0,1283,0,0,0,0,0,0,0,0,0,0,0,0,0,0,0,0,0,0,0,0,0
write,195,4096,6386305,1069696,7273,642,5299457,3878545,4,0,0,0,0,461,6522,2254,6386305,0,54095,0,170432,1796860,3497027,0,1171,0,0,0,0,0,0,0,0,0,0,0,0,0,0,0,0,0,0,0,0,0
write,196,4096,5866040,1011978,6943,771,4835007,3468436,3,0,0,0,0,541,8506,2294,5866040,0,54095,0,137274,1731968,3096777,0,1382,0,0,0,0,0,0,0,0,0,0,0,0,0,0,0,0,0,0,0,0,0
write,197,4096,6133702,1036553,6853,591,5077592,3536834,3,2,0,0,0,731,9067,2315,6133702,0,54095,0,137156,1983129,3072893,0,1323,0,0,0,0,0,0,0,0,0,0,0,0,0,0,0,0,0,0,0,0,0
write,198,4096,6128482,1001138,6772,641,5108861,3661677,3,1,0,0,0,671,8265,2134,6128482,0,54095,1,150359,1798112,3303755,0,2005,0,0,0,0,0,0,0,0,0,0,0,0,0,0,0,0,0,0,0,0,0
write,199,4096,6263786,896231,7193,682,5348259,3919701,3,0,0,0,0,481,8676,2264,6263786,0,54095,3,170701,1808932,3532534,0,2114,0,0,0,0,0,0,0,0,0,0,0,0,0,0,0,0,0,0,0,0,0
write,200,4096,6076885,936105,7044,571,5122125,3697145,3,0,0,0,0,421,8365,2254,6076885,0,54095,3,154409,1786601,3329944,0,1103,0,0,0,0,0,0,0,0,0,0,0,0,0,0,0,0,0,0,0,0,0
write,201,4096,6224963,1113608,6673,521,5095104,3730516,3,0,0,0,0,471,6632,1954,6224963,0,54095,3,159303,1724253,3365441,0,1023,0,0,0,0,0,0,0,0,0,0,0,0,0,0,0,0,0,0,0,0,0
write,202,4096,14860907,911068,7183,612,13932546,4119677,3,0,0,0,0,461,7093,1944,14860907,0,54095,3,180461,10189608,3737028,0,1263,0,0,0,0,0,0,0,0,0,0,0,0,0,0,0,0,0,0,0,0,0
write,203,4096,7623997,894087,6783,611,6697088,4949303,3,0,0,0,0,2084,16952,6392,7623997,0,54095,3,183701,2108083,4574147,0,4960,0,0,0,0,0,0,0,0,0,0,0,0,0,0,0,0,0,0,0,0,0
write,204,4096,6780996,958738,12453,1743,5795578,4228399,4,0,0,0,0,712,9387,2385,6780996,0,54095,8,187456,2041759,3740054,0,4657,0,0,0,0,0,0,0,0,0,0,0,0,0,0,0,0,0,0,0,0,0
write,205,4096,6596099,1041764,6843,621,5534919,4046399,3,0,0,0,0,431,9087,2434,6596099,0,54095,8,186562,1848576,3680582,0,1222,0,0,0,0,0,0,0,0,0,0,0,0,0,0,0,0,0,0,0,0,0
write,206,4096,6289544,920476,7014,571,5351114,3936254,3,0,0,0,0,461,7614,2294,6289544,0,54095,8,175913,1768947,3576487,0,1223,0,0,0,0,0,0,0,0,0,0,0,0,0,0,0,0,0,0,0,0,0
write,207,4096,5938316,1051582,7434,641,4869281,3471381,4,0,0,0,0,401,7133,1844,5938316,0,54095,8,137290,1768496,3095053,0,1221,0,0,0,0,0,0,0,0,0,0,0,0,0,0,0,0,0,0,0,0,0
write,208,4096,5970967,893997,6813,571,5059397,3568873,4,0,0,0,0,431,7474,2284,5970967,0,54095,8,144043,1869826,3184071,0,1183,0,0,0,0,0,0,0,0,0,0,0,0,0,0,0,0,0,0,0,0,0
write,209,4096,5937504,899797,6773,551,5019963,3642119,3,0,0,0,0,401,7794,2225,5937504,0,54095,8,151330,1746455,3268088,0,1063,0,0,0,0,0,0,0,0,0,0,0,0,0,0,0,0,0,0,0,0,0
write,210,4096,6135766,909466,7083,541,5207976,3698646,4,0,0,0,0,511,7955,2234,6135766,0,54095,8,155992,1880407,3321719,0,1212,0,0,0,0,0,0,0,0,0,0,0,0,0,0,0,0,0,0,0,0,0
write,211,4096,6536828,1061160,6923,621,5456331,4080803,3,0,0,0,0,451,9087,2255,6536828,0,54095,8,186401,1752036,3698525,0,1272,0,0,0,0,0,0,0,0,0,0,0,0,0,0,0,0,0,0,0,0,0
write,212,4096,6809419,966062,9337,1072,5822098,4362763,3,0,0,0,0,681,8396,1773,6809419,0,54095,8,209364,1840601,3973852,0,1704,0,0,0,0,0,0,0,0,0,0,0,0,0,0,0,0,0,0,0,0,0
write,213,4096,6978837,886853,7224,621,6073058,4613442,3,0,0,0,0,461,8385,2235,6978837,0,54095,8,234098,1821706,4245712,0,1243,0,0,0,0,0,0,0,0,0,0,0,0,0,0,0,0,0,0,0,0,0
write,214,4096,6249409,1009233,6592,812,5221270,3841366,3,0,0,0,0,682,8556,2264,6249409,0,54095,8,169949,1754210,3460599,0,1484,0,0,0,0,0,0,0,0,0,0,0,0,0,0,0,0,0,0,0,0,0
write,215,4096,6186841,958537,6412,671,5210942,3756565,3,0,0,0,0,741,7635,1903,6186841,0,54095,8,161355,1826956,3377553,0,1283,0,0,0,0,0,0,0,0,0,0,0,0,0,0,0,0,0,0,0,0,0
write,216,4096,6319039,1071709,6974,861,5228835,3838148,3,0,0,0,0,511,8196,1953,6319039,0,54095,9,167574,1776912,3445161,0,1584,0,0,0,0,0,0,0,0,0,0,0,0,0,0,0,0,0,0,0,0,0
write,217,4096,6260219,890169,7595,711,5349872,3819433,3,1,0,0,0,792,8816,2264,6260219,0,54095,9,159335,1906095,3434801,0,2314,0,0,0,0,0,0,0,0,0,0,0,0,0,0,0,0,0,0,0,0,0
write,218,4096,6035959,1023089,7283,672,4993553,3550889,3,0,0,0,0,401,8656,2305,6035959,0,54095,3,140948,1830964,3156529,0,1534,0,0,0,0,0,0,0,0,0,0,0,0,0,0,0,0,0,0,0,0,0
write,219,4096,6127010,1021295,6613,541,5084875,3598991,3,0,0,0,0,461,9878,3347,6127010,0,54095,3,148342,1840842,3238212,0,1322,0,0,0,0,0,0,0,0,0,0,0,0,0,0,0,0,0,0,0,0,0
write,220,4096,6070994,904506,7915,701,5144236,3712714,3,0,0,0,0,822,10109,2705,6070994,0,54095,3,154938,1808081,3329053,0,1362,0,0,0,0,0,0,0,0,0,0,0,0,0,0,0,0,0,0,0,0,0
write,221,4096,5887911,1010315,7434,971,4856016,3475679,3,0,0,0,0,602,10229,2344,5887911,0,54095,3,135045,1753138,3095474,0,1644,0,0,0,0,0,0,0,0,0,0,0,0,0,0,0,0,0,0,0,0,0
write,222,4096,6114195,1005526,6792,562,5089884,3594270,3,0,0,0,0,431,8345,2655,6114195,0,54095,3,149785,1855529,3229106,0,1012,0,0,0,0,0,0,0,0,0,0,0,0,0,0,0,0,0,0,0,0,0
write,223,4096,6338927,989656,6613,541,5329183,3940420,3,0,0,0,0,571,9858,2505,6338927,0,54095,3,174789,1747076,3576667,0,1153,0,0,0,0,0,0,0,0,0,0,0,0,0,0,0,0,0,0,0,0,0
write,224,4096,6109617,935134,7775,661,5153954,3723303,3,0,0,0,0,481,9298,2314,6109617,0,54095,3,153975,1808611,3339332,0,1322,0,0,0,0,0,0,0,0,0,0,0,0,0,0,0,0,0,0,0,0,0
write,225,4096,6125136,901190,7705,631,5205742,3769711,3,0,0,0,0,330,7654,1884,6125136,0,54095,3,162137,1804925,3395397,0,1163,0,0,0,0,0,0,0,0,0,0,0,0,0,0,0,0,0,0,0,0,0
write,226,4096,6376326,879178,5951,451,5479786,3989362,4,0,0,0,0,371,8305,2284,6376326,0,54095,3,177459,1865719,3609007,0,922,0,0,0,0,0,0,0,0,0,0,0,0,0,0,0,0,0,0,0,0,0
write,227,4096,6590789,998172,6662,531,5572741,4091904,3,0,0,0,0,440,10189,2054,6590789,0,54095,3,183806,1837967,3729283,0,1202,0,0,0,0,0,0,0,0,0,0,0,0,0,0,0,0,0,0,0,0,0
write,228,4096,6348545,886262,7484,962,5443978,4088048,4,0,0,0,0,511,7404,1944,6348545,0,54095,3,184518,1738420,3699017,0,1473,0,0,0,0,0,0,0,0,0,0,0,0,0,0,0,0,0,0,0,0,0
write,229,4096,6639811,935525,8606,821,5683267,4114448,3,0,0,0,0,451,8707,2434,6639811,0,54095,3,189876,1924108,3752798,0,1402,0,0,0,0,0,0,0,0,0,0,0,0,0,0,0,0,0,0,0,0,0
write,230,4096,6639290,1103850,6883,551,5516895,4176673,3,0,0,0,0,421,8356,2334,6639290,0,54095,3,195512,1707001,3804524,0,1192,0,0,0,0,0,0,0,0,0,0,0,0,0,0,0,0,0,0,0,0,0
write,231,4096,6296307,970750,6613,601,5308214,3839311,3,0,83,0,0,401,7444,2284,6296307,0,54095,3,154436,1831414,3471380,0,1102,0,0,0,0,0,0,0,0,0,0,0,0,0,0,0,0,0,0,0,0,0
write,232,4096,6508995,1120711,12664,761,5363548,3935742,3,0,131,0,0,511,8486,2314,6508995,0,54095,3,153230,1794746,3562550,0,1342,0,0,0,0,0,0,0,0,0,0,0,0,0,0,0,0,0,0,0,0,0
write,233,4096,6169840,1016105,7785,641,5135079,3674220,3,0,28,0,0,431,7935,1864,6169840,0,54095,3,150624,1821025,3308404,0,1153,0,0,0,0,0,0,0,0,0,0,0,0,0,0,0,0,0,0,0,0,0
write,234,4096,5979683,892303,7204,611,5069987,3616442,3,0,0,0,0,481,7224,1873,5979683,0,54095,3,148885,1825864,3238343,0,1213,0,0,0,0,0,0,0,0,0,0,0,0,0,0,0,0,0,0,0,0,0
write,235,4096,6150343,888526,6943,591,5245196,3855221,3,0,0,0,0,461,6512,2114,6150343,0,54095,3,168972,1751725,3488100,0,1131,0,0,0,0,0,0,0,0,0,0,0,0,0,0,0,0,0,0,0,0,0
write,236,4096,6777068,896651,7324,561,5863104,4309573,4,0,0,0,0,601,6913,1914,6777068,0,54095,3,204033,1934668,3922866,0,1192,0,0,0,0,0,0,0,0,0,0,0,0,0,0,0,0,0,0,0,0,0
write,237,4096,6134823,891070,7174,641,5223716,3813973,3,1,0,0,0,751,9127,2344,6134823,0,54095,3,162287,1762545,3453356,0,2144,0,0,0,0,0,0,0,0,0,0,0,0,0,0,0,0,0,0,0,0,0
write,238,4096,6137429,977604,6983,901,5140991,3655055,3,0,0,0,0,461,8095,2394,6137429,0,54095,11,150283,1869736,3264401,0,1634,0,0,0,0,0,0,0,0,0,0,0,0,0,0,0,0,0,0,0,0,0
write,239,4096,6311245,956063,6763,551,5337288,3912870,4,0,0,0,0,361,7915,2304,6311245,0,54095,11,175358,1793523,3538536,0,1053,0,0,0,0,0,0,0,0,0,0,0,0,0,0,0,0,0,0,0,0,0
write,240,4096,6312447,1096025,6903,531,5198698,3826529,4,0,0,0,0,371,8095,1824,6312447,0,54095,11,164180,1737549,3456000,0,1021,0,0,0,0,0,0,0,0,0,0,0,0,0,0,0,0,0,0,0,0,0
write,241,4096,6663937,885551,6783,511,5759851,4265873,3,0,0,0,0,360,8596,2285,6663937,0,54095,11,201182,1846753,3907587,0,1032,0,0,0,0,0,0,0,0,0,0,0,0,0,0,0,0,0,0,0,0,0
write,242,4096,6058511,1103359,7985,642,4935495,3561268,4,0,0,0,0,420,8346,2264,6058511,0,54095,11,143923,1743029,3187768,0,890,0,0,0,0,0,0,0,0,0,0,0,0,0,0,0,0,0,0,0,0,0
write,243,4096,6228960,1098510,6582,501,5112276,3609991,3,0,0,0,0,391,8426,2274,6228960,0,54095,11,147796,1860919,3246628,0,893,0,0,0,0,0,0,0,0,0,0,0,0,0,0,0,0,0,0,0,0,0
write,244,4096,6447981,1062683,6532,481,5367816,3972239,3,0,0,0,0,611,7764,2094,6447981,0,54095,11,176199,1761343,3600592,0,1123,0,0,0,0,0,0,0,0,0,0,0,0,0,0,0,0,0,0,0,0,0
write,245,4096,5902989,882585,7103,702,5003041,3539508,3,0,0,0,0,481,7023,2054,5902989,0,54095,11,142086,1831735,3165175,0,1263,0,0,0,0,0,0,0,0,0,0,0,0,0,0,0,0,0,0,0,0,0
write,246,4096,6079640,897893,6503,851,5164004,3709418,3,0,0,0,0,481,8045,1863,6079640,0,54095,11,155061,1824290,3332789,0,1613,0,0,0,0,0,0,0,0,0,0,0,0,0,0,0,0,0,0,0,0,0
write,247,4096,6134293,887925,7173,581,5227573,3866121,4,0,0,0,0,481,8285,2275,6134293,0,54095,11,168053,1742037,3479815,0,1192,0,0,0,0,0,0,0,0,0,0,0,0,0,0,0,0,0,0,0,0,0
write,248,4096,6442912,959430,7093,691,5465860,4005913,3,0,0,0,0,511,7494,1833,6442912,0,54095,11,182994,1826064,3633754,0,1313,0,0,0,0,0,0,0,0,0,0,0,0,0,0,0,0,0,0,0,0,0
write,249,4096,6218681,887013,7224,561,5311991,3938127,3,0,0,0,0,511,9007,2374,6218681,0,54095,11,174326,1737408,3568742,0,1243,0,0,0,0,0,0,0,0,0,0,0,0,0,0,0,0,0,0,0,0,0
write,250,4096,6765446,1019662,6933,621,5726989,4143932,4,0,0,0,0,501,8446,2294,6765446,0,54095,11,188135,1954505,3766793,0,1123,0,0,0,0,0,0,0,0,0,0,0,0,0,0,0,0,0,0,0,0,0
write,251,4096,6971172,1079895,6812,872,5868154,4483279,3,0,0,0,0,691,11472,3276,6971172,0,54095,11,206481,1744451,4115567,0,2204,0,0,0,0,0,0,0,0,0,0,0,0,0,0,0,0,0,0,0,0,0
write,252,4096,6727595,896501,9868,952,5808212,4316265,3,0,0,0,0,621,9107,2334,6727595,0,54095,11,201891,1882730,3917476,0,1864,0,0,0,0,0,0,0,0,0,0,0,0,0,0,0,0,0,0,0,0,0
write,253,4096,5043408,884629,9217,932,4128883,2526119,2,1,0,0,0,2384,14758,2605,5043408,0,54095,11,24606,2071053,1900664,0,6704,0,0,0,0,0,0,0,0,0,0,0,0,0,0,0,0,0,0,0,0,0
write,254,4096,4263946,1015895,11442,1192,3220679,1877100,3,0,0,0,0,732,11581,2425,4263946,0,54095,4,24664,1790247,1418139,0,3416,0,0,0,0,0,0,0,0,0,0,0,0,0,0,0,0,0,0,0,0,0
write,255,4096,4474671,1150057,9738,812,3302102,1804626,3,0,0,0,0,651,9478,1833,4474671,0,54095,4,24615,1865598,1429631,0,1494,0,0,0,0,0,0,0,0,0,0,0,0,0,0,0,0,0,0,0,0,0
write,256,4096,4221506,954039,9658,792,3245856,1809324,3,0,0,0,0,341,8786,2034,4221506,0,54095,4,24604,1804123,1436043,0,1212,0,0,0,0,0,0,0,0,0,0,0,0,0,0,0,0,0,0,0,0,0
write,257,4096,4301076,982272,10440,621,3293446,1796700,3,0,0,0,0,531,10560,3206,4301076,0,54095,4,24635,1866339,1421346,0,1110,0,0,0,0,0,0,0,0,0,0,0,0,0,0,0,0,0,0,0,0,0
write,258,4096,4455745,1176997,9979,551,3256336,1834742,3,0,0,0,0,300,9328,2254,4455745,0,54095,4,24633,1785979,1464517,0,1131,0,0,0,0,0,0,0,0,0,0,0,0,0,0,0,0,0,0,0,0,0
write,259,4096,4249298,1051432,8796,461,3178020,1780168,3,0,0,0,0,330,8406,1853,4249298,0,54095,4,24612,1755812,1416817,0,1122,0,0,0,0,0,0,0,0,0,0,0,0,0,0,0,0,0,0,0,0,0
write,260,4096,4273364,968566,9198,511,3281934,1775701,3,0,0,0,0,341,10519,2295,4273364,0,54095,4,24628,1862693,1414051,0,1063,0,0,0,0,0,0,0,0,0,0,0,0,0,0,0,0,0,0,0,0,0
write,261,4096,5147292,1152330,9518,471,3972489,1822518,4,0,0,0,0,571,10029,1884,5147292,0,54095,4,24620,2517121,1448817,0,1402,0,0,0,0,0,0,0,0,0,0,0,0,0,0,0,0,0,0,0,0,0
write,262,4096,4163958,958978,10740,661,3180023,1813582,3,0,0,0,0,471,11191,1894,4163958,0,54095,4,24638,1732068,1441132,0,1605,0,0,0,0,0,0,0,0,0,0,0,0,0,0,0,0,0,0,0,0,0
write,263,4096,4230823,969698,10179,761,3237271,1829271,4,0,0,0,0,591,9959,2364,4230823,0,54095,4,24636,1800777,1429390,0,1402,0,0,0,0,0,0,0,0,0,0,0,0,0,0,0,0,0,0,0,0,0
write,264,4096,4374303,1063124,9698,611,3290300,1802531,3,0,0,0,0,391,8285,1894,4374303,0,54095,4,24635,1851993,1432216,0,1442,0,0,0,0,0,0,0,0,0,0,0,0,0,0,0,0,0,0,0,0,0
write,265,4096,4251592,955872,9067,631,3274200,1815694,4,0,0,0,0,331,9117,2374,4251592,0,54095,4,24613,1822908,1445761,0,1143,0,0,0,0,0,0,0,0,0,0,0,0,0,0,0,0,0,0,0,0,0
write,266,4096,4330360,1123387,8696,481,3186966,1806098,4,0,0,0,0,321,8636,1873,4330360,0,54095,4,24633,1743900,1437486,0,1011,0,0,0,0,0,0,0,0,0,0,0,0,0,0,0,0,0,0,0,0,0
write,267,4096,4326503,957916,8366,491,3348830,1815807,3,0,0,0,0,411,8726,1763,4326503,0,54095,4,24636,1900083,1442755,0,1093,0,0,0,0,0,0,0,0,0,0,0,0,0,0,0,0,0,0,0,0,0
write,268,4096,4315272,1116233,9308,460,3176286,1789667,3,0,0,0,0,471,10670,1844,4315272,0,54095,4,24615,1745433,1424721,0,1233,0,0,0,0,0,0,0,0,0,0,0,0,0,0,0,0,0,0,0,0,0
write,269,4096,4261622,953949,9027,611,3285291,1809905,4,0,0,0,0,471,10139,2134,4261622,0,54095,4,24646,1851933,1426295,0,1352,0,0,0,0,0,0,0,0,0,0,0,0,0,0,0,0,0,0,0,0,0
write,270,4096,4280587,974598,8265,582,3284208,1836173,4,0,0,0,0,591,9989,2354,4280587,0,54095,4,24667,1824771,1452604,0,1603,0,0,0,0,0,0,0,0,0,0,0,0,0,0,0,0,0,0,0,0,0
write,271,4096,4280527,946214,9268,831,3313063,1823841,4,0,0,0,0,451,8916,1784,4280527,0,54095,4,24693,1869306,1436494,0,1491,0,0,0,0,0,0,0,0,0,0,0,0,0,0,0,0,0,0,0,0,0
write,272,4096,4424747,1157019,9097,651,3248282,1795889,3,0,0,0,0,300,7564,1834,4424747,0,54095,4,24686,1813300,1429451,0,1133,0,0,0,0,0,0,0,0,0,0,0,0,0,0,0,0,0,0,0,0,0
write,273,4096,4189106,959369,8436,712,3208556,1815935,4,0,0,0,0,271,9508,2254,4189106,0,54095,4,24681,1776010,1427277,0,1093,0,0,0,0,0,0,0,0,0,0,0,0,0,0,0,0,0,0,0,0,0
write,274,4096,4351660,976922,11822,1252,3349842,1848728,3,1,0,0,0,721,9197,1904,4351660,0,54095,5,24660,1897037,1444248,0,2134,0,0,0,0,0,0,0,0,0,0,0,0,0,0,0,0,0,0,0,0,0
write,275,4096,4286578,1034690,10249,491,3228985,1835583,4,1,0,0,0,742,9598,1823,4286578,0,54095,5,24690,1752146,1468815,0,2103,0,0,0,0,0,0,0,0,0,0,0,0,0,0,0,0,0,0,0,0,0
write,276,4096,4305383,957936,11111,992,3324434,1838036,3,0,0,0,0,490,8607,1813,4305383,0,54095,7,24738,1868293,1448025,0,2044,0,0,0,0,0,0,0,0,0,0,0,0,0,0,0,0,0,0,0,0,0
write,277,4096,7006027,963266,9157,551,6021361,2860475,4,0,0,0,0,311,9417,1964,7006027,0,54095,7,86141,3541701,2473999,0,1151,0,0,0,0,0,0,0,0,0,0,0,0,0,0,0,0,0,0,0,0,0
write,278,4096,5745474,948969,10861,821,4773201,3388406,3,0,0,0,0,511,9257,1854,5745474,0,54095,7,135160,1750392,3015986,0,1504,0,0,0,0,0,0,0,0,0,0,0,0,0,0,0,0,0,0,0,0,0
write,279,4096,5987287,953007,9648,611,5011708,3518528,4,0,0,0,0,320,9709,2284,5987287,0,54095,7,143523,1862813,3143425,0,1072,0,0,0,0,0,0,0,0,0,0,0,0,0,0,0,0,0,0,0,0,0
write,280,4096,5989661,1136361,10129,521,4830969,3439982,4,1,0,0,0,1452,8286,1943,5989661,0,54095,7,129721,1835652,2984276,0,2075,0,0,0,0,0,0,0,0,0,0,0,0,0,0,0,0,0,0,0,0,0
write,281,4096,6220234,944571,7334,1613,5256577,3694189,3,0,0,0,0,421,7324,2394,6220234,0,54095,0,160742,1929058,3319244,0,2144,0,0,0,0,0,0,0,0,0,0,0,0,0,0,0,0,0,0,0,0,0
write,282,4096,6012525,1031234,6632,541,4961875,3587678,3,0,0,0,0,581,8857,2805,6012525,0,54095,0,150465,1744130,3211542,0,1304,0,0,0,0,0,0,0,0,0,0,0,0,0,0,0,0,0,0,0,0,0
write,283,4096,6015059,942668,7614,1142,5053246,3577730,4,0,0,0,0,661,7494,2234,6015059,0,54095,1,149020,1864687,3180454,0,2204,0,0,0,0,0,0,0,0,0,0,0,0,0,0,0,0,0,0,0,0,0
write,284,4096,6038804,893325,6613,551,5128186,3690882,3,0,0,0,0,521,7454,2154,6038804,0,54095,1,157387,1801939,3320256,0,1213,0,0,0,0,0,0,0,0,0,0,0,0,0,0,0,0,0,0,0,0,0
write,285,4096,6207751,889878,7815,651,5298716,3894325,3,0,0,0,0,511,7575,2605,6207751,0,54095,1,173448,1781610,3510693,0,1344,0,0,0,0,0,0,0,0,0,0,0,0,0,0,0,0,0,0,0,0,0
write,286,4096,6440097,979777,6603,761,5442716,3959636,3,0,0,0,0,652,7393,2195,6440097,0,54095,1,178757,1846252,3590312,0,1404,0,0,0,0,0,0,0,0,0,0,0,0,0,0,0,0,0,0,0,0,0
write,287,4096,6751781,1092349,7053,641,5640968,4262154,3,0,0,0,0,561,7384,2825,6751781,0,54095,0,201889,1760501,3873714,0,1392,0,0,0,0,0,0,0,0,0,0,0,0,0,0,0,0,0,0,0,0,0
write,288,4096,6815410,898695,7875,721,5896467,4319320,3,0,0,0,0,451,9167,2034,6815410,0,54095,0,209063,1937813,3952632,0,1293,0,0,0,0,0,0,0,0,0,0,0,0,0,0,0,0,0,0,0,0,0
write,289,4096,6612029,893025,7584,5560,5694028,4284104,4,0,0,0,0,370,8747,2715,6612029,0,54095,0,205766,1782432,3905593,0,1182,0,0,0,0,0,0,0,0,0,0,0,0,0,0,0,0,0,0,0,0,0
write,290,4096,28857433,1071399,7273,922,27760346,3743571,5,0,0,0,0,1483,10810,5200,28857433,0,54095,0,155548,24406177,3342228,0,2094,0,0,0,0,0,0,0,0,0,0,0,0,0,0,0,0,0,0,0,0,0
write,291,4096,6127209,1118066,8767,922,4989426,3470780,3,0,0,0,0,501,7674,1853,6127209,0,54095,0,134932,1900133,3078492,0,3045,0,0,0,0,0,0,0,0,0,0,0,0,0,0,0,0,0,0,0,0,0
write,292,4096,5891017,892273,7875,882,4979447,3461672,3,0,0,0,0,441,7825,2274,5891017,0,54095,0,137792,1884153,3089173,0,1454,0,0,0,0,0,0,0,0,0,0,0,0,0,0,0,0,0,0,0,0,0
write,293,4096,6021261,944851,8015,1002,5057183,3584983,3,0,0,0,0,692,7624,1894,6021261,0,54095,1,147621,1854849,3194400,0,2172,0,0,0,0,0,0,0,0,0,0,0,0,0,0,0,0,0,0,0,0,0
write,294,4096,5948725,1085526,7153,672,4845736,3497509,3,0,0,0,0,682,7063,1893,5948725,0,54095,1,134145,1721008,3118207,0,1554,0,0,0,0,0,0,0,0,0,0,0,0,0,0,0,0,0,0,0,0,0
write,295,4096,5806268,890089,7644,742,4897083,3415897,4,0,0,0,0,511,8285,1914,5806268,0,54095,1,134455,1857403,3033539,0,1332,0,0,0,0,0,0,0,0,0,0,0,0,0,0,0,0,0,0,0,0,0
write,296,4096,5913339,892704,6663,641,5001779,3570646,3,0,0,0,0,491,8727,2334,5913339,0,54095,1,148442,1793874,3202294,0,1192,0,0,0,0,0,0,0,0,0,0,0,0,0,0,0,0,0,0,0,0,0
write,297,4096,15370652,985227,6703,581,14368293,3835554,3,1,0,0,0,721,7264,1863,15370652,0,54095,1,149106,10892175,3468954,0,1903,0,0,0,0,0,0,0,0,0,0,0,0,0,0,0,0,0,0,0,0,0
write,298,4096,6384602,1080246,7724,702,5285942,3745765,4,0,0,0,0,591,6923,2474,6384602,0,54095,3,158731,1938345,3340664,0,1824,0,0,0,0,0,0,0,0,0,0,0,0,0,0,0,0,0,0,0,0,0
write,299,4096,6501452,895840,7895,691,5586757,3864758,4,0,0,0,0,400,7895,1974,6501452,0,54095,3,170711,2103104,3478142,0,1213,0,0,0,0,0,0,0,0,0,0,0,0,0,0,0,0,0,0,0,0,0
write,300,4096,6099889,1051472,6833,591,5031605,3681104,3,0,0,0,0,411,7103,1874,6099889,0,54095,3,154732,1710478,3316158,0,952,0,0,0,0,0,0,0,0,0,0,0,0,0,0,0,0,0,0,0,0,0
write,301,4096,5905203,1069535,7053,592,4817583,3331066,4,0,0,0,0,371,7795,2274,5905203,0,54095,3,126455,1866850,2945874,0,991,0,0,0,0,0,0,0,0,0,0,0,0,0,0,0,0,0,0,0,0,0
write,302,4096,6160612,960030,9137,1012,5176827,3758911,3,0,0,0,0,872,9187,3547,6160612,0,54095,0,158941,1790658,3377594,0,2103,0,0,0,0,0,0,0,0,0,0,0,0,0,0,0,0,0,0,0,0,0
write,303,4096,6080452,1109320,8576,902,4951355,3579383,4,0,0,0,0,440,7575,2284,6080452,0,54095,3,144370,1766292,3178901,0,1393,0,0,0,0,0,0,0,0,0,0,0,0,0,0,0,0,0,0,0,0,0
write,304,4096,5877722,914264,7284,581,4944482,3475941,3,0,0,0,0,401,8295,2415,5877722,0,54095,3,139855,1833889,3105343,0,981,0,0,0,0,0,0,0,0,0,0,0,0,0,0,0,0,0,0,0,0,0
write,305,4096,6058400,951574,10860,1413,5082611,3723082,3,0,0,0,0,661,8857,2424,6058400,0,54095,0,153924,1798222,3275843,0,2084,0,0,0,0,0,0,0,0,0,0,0,0,0,0,0,0,0,0,0,0,0
write,306,4096,6189387,1108218,7024,571,5064086,3562622,3,0,0,0,0,521,7083,1884,6189387,0,54095,0,145259,1875557,3182438,0,1213,0,0,0,0,0,0,0,0,0,0,0,0,0,0,0,0,0,0,0,0,0
write,307,4096,5974814,898645,6873,761,5057835,3670745,3,0,0,0,0,441,7955,2304,5974814,0,54095,0,154069,1756724,3295059,0,1292,0,0,0,0,0,0,0,0,0,0,0,0,0,0,0,0,0,0,0,0,0
write,308,4096,6079981,1086166,6763,601,4976883,3516005,3,0,0,0,0,421,7303,1844,6079981,0,54095,0,142501,1827497,3143845,0,1083,0,0,0,0,0,0,0,0,0,0,0,0,0,0,0,0,0,0,0,0,0
write,309,4096,6209174,896752,6482,531,5294167,3874748,4,0,0,0,0,572,8335,2335,6209174,0,54095,0,166560,1803021,3485396,0,1262,0,0,0,0,0,0,0,0,0,0,0,0,0,0,0,0,0,0,0,0,0
write,310,4096,6309672,1035291,7084,641,5255996,3891269,3,0,0,0,0,461,7945,2254,6309672,0,54095,0,171715,1724393,3526093,0,1131,0,0,0,0,0,0,0,0,0,0,0,0,0,0,0,0,0,0,0,0,0
write,311,4096,6532721,979267,6532,561,5536061,4060927,3,1,0,0,0,471,7554,2275,6532721,0,54095,0,185700,1836715,3693746,0,1282,0,0,0,0,0,0,0,0,0,0,0,0,0,0,0,0,0,0,0,0,0
write,312,4096,6662333,1064867,6562,601,5579192,4205188,3,0,0,0,0,451,8386,2274,6662333,0,54095,0,197551,1737578,3836104,0,1103,0,0,0,0,0,0,0,0,0,0,0,0,0,0,0,0,0,0,0,0,0
write,313,4096,6684525,1110592,6793,551,5556830,4052590,3,0,0,0,0,451,6623,2685,6684525,0,54095,0,186025,1872090,3679200,0,1121,0,0,0,0,0,0,0,0,0,0,0,0,0,0,0,0,0,0,0,0,0
write,314,4096,5779217,887264,7003,581,4872878,3473495,3,0,0,0,0,711,8366,2414,5779217,0,54095,0,133574,1773526,3092609,0,1684,0,0,0,0,0,0,0,0,0,0,0,0,0,0,0,0,0,0,0,0,0
write,315,4096,5715217,889207,7865,751,4807315,3326878,3,0,0,0,0,451,7384,2244,5715217,0,54095,0,125514,1855239,2945985,0,1263,0,0,0,0,0,0,0,0,0,0,0,0,0,0,0,0,0,0,0,0,0
write,316,4096,5846042,896060,7163,561,4932760,3504715,3,0,0,0,0,441,7023,2034,5846042,0,54095,0,141654,1790658,3136732,0,953,0,0,0,0,0,0,0,0,0,0,0,0,0,0,0,0,0,0,0,0,0
write,317,4096,6003868,885340,6743,551,5101566,3733172,3,0,0,0,0,461,7344,1863,6003868,0,54095,0,159506,1738039,3358037,0,1072,0,0,0,0,0,0,0,0,0,0,0,0,0,0,0,0,0,0,0,0,0
write,318,4096,5819202,882184,7394,571,4917371,3442137,3,0,0,0,0,421,8456,2805,5819202,0,54095,0,135982,1837796,3074244,0,1062,0,0,0,0,0,0,0,0,0,0,0,0,0,0,0,0,0,0,0,0,0
write,319,4096,5983009,993823,6693,591,4972815,3589321,4,0,0,0,0,481,6722,1884,5983009,0,54095,0,145873,1778005,3189350,0,1131,0,0,0,0,0,0,0,0,0,0,0,0,0,0,0,0,0,0,0,0,0
write,320,4096,6231816,893456,6462,581,5319355,3802741,3,0,0,0,0,441,9187,2334,6231816,0,54095,0,166012,1878623,3435462,0,1012,0,0,0,0,0,0,0,0,0,0,0,0,0,0,0,0,0,0,0,0,0
write,321,4096,6072076,944982,6803,581,5109020,3685912,4,0,0,0,0,421,8005,2264,6072076,0,54095,0,154613,1802600,3301151,0,1013,0,0,0,0,0,0,0,0,0,0,0,0,0,0,0,0,0,0,0,0,0
write,322,4096,6456447,1102617,6743,601,5336567,3856844,3,0,0,0,0,431,7494,1994,6456447,0,54095,0,168754,1850720,3480457,0,1071,0,0,0,0,0,0,0,0,0,0,0,0,0,0,0,0,0,0,0,0,0
write,323,4096,6293431,889337,6552,562,5385569,3911416,3,0,0,0,0,490,8657,2264,6293431,0,54095,0,175375,1836794,3543074,0,1103,0,0,0,0,0,0,0,0,0,0,0,0,0,0,0,0,0,0,0,0,0
write,324,4096,6233950,985378,6642,621,5230138,3846723,3,0,0,0,0,460,8486,2225,6233950,0,54095,0,170625,1747416,3477261,0,1121,0,0,0,0,0,0,0,0,0,0,0,0,0,0,0,0,0,0,0,0,0
write,325,4096,6164249,946785,6693,571,5199360,3724626,3,0,0,0,0,471,8476,1893,6164249,0,54095,0,160350,1848006,3345734,0,1191,0,0,0,0,0,0,0,0,0,0,0,0,0,0,0,0,0,0,0,0,0
write,326,4096,5823620,886102,6762,531,4921559,3584623,3,0,0,0,0,391,6412,1863,5823620,0,54095,0,145396,1716479,3199038,0,1082,0,0,0,0,0,0,0,0,0,0,0,0,0,0,0,0,0,0,0,0,0
write,327,4096,6240272,897242,6432,612,5325726,3753480,3,0,0,0,0,421,7534,2305,6240272,0,54095,0,159013,1939627,3380730,0,1082,0,0,0,0,0,0,0,0,0,0,0,0,0,0,0,0,0,0,0,0,0
write,328,4096,6324500,1107307,7894,712,5197025,3765832,4,0,0,0,0,441,8786,2335,6324500,0,54095,0,160907,1808340,3382472,0,1453,0,0,0,0,0,0,0,0,0,0,0,0,0,0,0,0,0,0,0,0,0
write,329,4096,6230844,1044358,6823,591,5168261,3693187,3,0,0,0,0,431,8156,2224,6230844,0,54095,0,154907,1833519,3329503,0,1062,0,0,0,0,0,0,0,0,0,0,0,0,0,0,0,0,0,0,0,0,0
write,330,4096,6191190,996850,6361,552,5177098,3755864,4,0,0,0,0,430,7534,2365,6191190,0,54095,0,159572,1792130,3379648,0,1063,0,0,0,0,0,0,0,0,0,0,0,0,0,0,0,0,0,0,0,0,0
write,331,4096,5963713,969398,9388,871,4973306,3574846,3,0,0,0,0,511,8015,2224,5963713,0,54095,0,144846,1771562,3194760,0,1523,0,0,0,0,0,0,0,0,0,0,0,0,0,0,0,0,0,0,0,0,0
write,332,4096,6087165,973766,6642,571,5095195,3584282,3,0,0,0,0,501,8195,2295,6087165,0,54095,0,145790,1885816,3203847,0,1093,0,0,0,0,0,0,0,0,0,0,0,0,0,0,0,0,0,0,0,0,0
write,333,4096,5928888,968627,6612,541,4944402,3555278,3,0,0,0,0,421,6472,1813,5928888,0,54095,0,142127,1764138,3174953,0,1041,0,0,0,0,0,0,0,0,0,0,0,0,0,0,0,0,0,0,0,0,0
write,334,4096,6009138,884258,6762,521,5107528,3730438,4,0,0,0,0,391,7434,2244,6009138,0,54095,0,157730,1753307,3348809,0,1061,0,0,0,0,0,0,0,0,0,0,0,0,0,0,0,0,0,0,0,0,0
write,335,4096,6105359,973636,6432,571,5108900,3683298,3,0,0,0,0,962,10470,4388,6105359,0,54095,0,154558,1786941,3315988,0,1362,0,0,0,0,0,0,0,0,0,0,0,0,0,0,0,0,0,0,0,0,0
write,336,4096,6401905,969909,7254,551,5411107,3924650,3,0,0,0,0,521,9828,2735,6401905,0,54095,0,169455,1882580,3520572,0,1533,0,0,0,0,0,0,0,0,0,0,0,0,0,0,0,0,0,0,0,0,0
write,337,4096,6713549,1050149,8236,1362,5642090,4160502,3,1,0,0,0,762,8626,2324,6713549,0,54095,3,190167,1856982,3775971,0,2493,0,0,0,0,0,0,0,0,0,0,0,0,0,0,0,0,0,0,0,0,0
write,338,4096,6159380,1116323,7094,581,5024271,3646832,4,0,0,0,0,391,8426,2294,6159380,0,54095,3,149036,1751514,3267457,0,1092,0,0,0,0,0,0,0,0,0,0,0,0,0,0,0,0,0,0,0,0,0
write,339,4096,6053321,1106314,6582,521,4927050,3398435,3,0,0,0,0,671,9448,2735,6053321,0,54095,3,128068,1888030,3032797,0,1372,0,0,0,0,0,0,0,0,0,0,0,0,0,0,0,0,0,0,0,0,0
write,340,4096,6048241,1107667,7804,652,4922921,3545249,3,0,0,0,0,421,7033,1743,6048241,0,54095,3,143869,1747256,3170125,0,1163,0,0,0,0,0,0,0,0,0,0,0,0,0,0,0,0,0,0,0,0,0
write,341,4096,6407816,1108929,6563,551,5281113,3800347,3,0,0,0,0,471,8185,2004,6407816,0,54095,3,162883,1841423,3434180,0,1113,0,0,0,0,0,0,0,0,0,0,0,0,0,0,0,0,0,0,0,0,0
write,342,4096,5960838,886513,6773,591,5057093,3610251,3,1,0,0,0,430,7605,1833,5960838,0,54095,3,148852,1785218,3266655,0,1093,0,0,0,0,0,0,0,0,0,0,0,0,0,0,0,0,0,0,0,0,0
write,343,4096,5998869,889588,6742,542,5092699,3608217,3,0,0,0,0,411,7113,1774,5998869,0,54095,3,149289,1839218,3248341,0,992,0,0,0,0,0,0,0,0,0,0,0,0,0,0,0,0,0,0,0,0,0
write,344,4096,6087646,889037,6663,561,5179342,3692905,3,0,0,0,0,932,7834,3277,6087646,0,54095,3,149132,1846362,3326628,0,1572,0,0,0,0,0,0,0,0,0,0,0,0,0,0,0,0,0,0,0,0,0
write,345,4096,6334389,909756,11051,1373,5400757,4013317,3,0,0,0,0,802,7484,3166,6334389,0,54095,0,175272,1807319,3582508,0,3045,0,0,0,0,0,0,0,0,0,0,0,0,0,0,0,0,0,0,0,0,0
write,346,4096,6331253,887655,7143,572,5422838,3870610,4,0,0,0,0,642,9618,2785,6331253,0,54095,0,167901,1929218,3487259,0,1332,0,0,0,0,0,0,0,0,0,0,0,0,0,0,0,0,0,0,0,0,0
write,347,4096,6538911,1038467,11371,1223,5475768,4095961,3,0,0,0,0,541,9157,2384,6538911,0,54095,3,182528,1828328,3638573,0,2253,0,0,0,0,0,0,0,0,0,0,0,0,0,0,0,0,0,0,0,0,0
write,348,4096,7400328,983274,7484,581,6392548,4913246,3,0,0,0,0,1683,10149,4609,7400328,0,54095,3,184746,1841413,4539513,0,3356,0,0,0,0,0,0,0,0,0,0,0,0,0,0,0,0,0,0,0,0,0
write,349,4096,6573467,909957,9868,1273,5641198,4189728,4,0,0,0,0,481,8416,2274,6573467,0,54095,3,192704,1879996,3751695,0,2805,0,0,0,0,0,0,0,0,0,0,0,0,0,0,0,0,0,0,0,0,0
write,350,4096,5926905,1004043,6783,861,4905940,3508502,3,0,0,0,0,451,7013,1814,5926905,0,54095,3,139497,1770360,3128536,0,1443,0,0,0,0,0,0,0,0,0,0,0,0,0,0,0,0,0,0,0,0,0
write,351,4096,5918739,885661,6161,612,5013260,3525572,3,0,0,0,0,712,7955,4378,5918739,0,54095,3,141409,1842936,3163042,0,1774,0,0,0,0,0,0,0,0,0,0,0,0,0,0,0,0,0,0,0,0,0
write,352,4096,6129083,911850,7494,802,5197306,3813383,4,0,0,0,0,480,8577,2574,6129083,0,54095,0,162447,1777994,3411878,0,1795,0,0,0,0,0,0,0,0,0,0,0,0,0,0,0,0,0,0,0,0,0
write,353,4096,6260399,1011807,7574,661,5228815,3734253,3,0,0,0,0,411,8797,2334,6260399,0,54095,0,158298,1866821,3356123,0,1343,0,0,0,0,0,0,0,0,0,0,0,0,0,0,0,0,0,0,0,0,0
write,354,4096,6276560,949601,6732,521,5308234,3930131,3,0,0,0,0,491,8436,2545,6276560,0,54095,0,170760,1749711,3552982,0,1073,0,0,0,0,0,0,0,0,0,0,0,0,0,0,0,0,0,0,0,0,0
write,355,4096,6415170,1093551,6622,591,5303636,3823111,3,0,93,0,0,561,7814,2395,6415170,0,54095,0,149143,1839149,3458295,0,1334,0,0,0,0,0,0,0,0,0,0,0,0,0,0,0,0,0,0,0,0,0
write,356,4096,6440898,1007108,6843,631,5415064,3990834,4,0,130,0,0,471,8366,2415,6440898,0,54095,0,157670,1799755,3609368,0,1332,0,0,0,0,0,0,0,0,0,0,0,0,0,0,0,0,0,0,0,0,0
write,357,4096,6177594,964339,8115,801,5194641,3813924,3,0,130,0,0,541,7254,1903,6177594,0,54095,0,140122,1751935,3435653,0,1681,0,0,0,0,0,0,0,0,0,0,0,0,0,0,0,0,0,0,0,0,0
write,358,4096,6415690,1091036,7213,1102,5305870,3831357,3,0,130,0,0,451,7584,2434,6415690,0,54095,0,145365,1839289,3459738,0,1564,0,0,0,0,0,0,0,0,0,0,0,0,0,0,0,0,0,0,0,0,0
write,359,4096,6569750,1084914,7895,571,5466741,4040479,3,0,131,0,0,401,7394,1834,6569750,0,54095,0,161702,1786259,3674681,0,1272,0,0,0,0,0,0,0,0,0,0,0,0,0,0,0,0,0,0,0,0,0
write,360,4096,6792097,893305,6873,541,5880377,4355168,4,0,130,0,0,501,8205,2295,6792097,0,54095,0,185441,1893771,3980745,0,1322,0,0,0,0,0,0,0,0,0,0,0,0,0,0,0,0,0,0,0,0,0
write,361,4096,6735340,952055,7304,641,5763217,4364155,3,0,130,0,0,471,9327,2325,6735340,0,54095,0,188402,1785038,3972529,0,1363,0,0,0,0,0,0,0,0,0,0,0,0,0,0,0,0,0,0,0,0,0
write,362,4096,6369344,1015615,7714,571,5336678,3861211,3,0,130,0,0,460,6302,2004,6369344,0,54095,0,141631,1851782,3479134,0,1323,0,0,0,0,0,0,0,0,0,0,0,0,0,0,0,0,0,0,0,0,0
write,363,4096,6119314,910537,7264,1001,5190674,3771986,3,0,130,0,0,511,7384,1943,6119314,0,54095,0,141028,1780379,3403352,0,1723,0,0,0,0,0,0,0,0,0,0,0,0,0,0,0,0,0,0,0,0,0
write,364,4096,6164961,887063,7094,581,5261156,3881171,3,0,131,0,0,420,6723,1924,6164961,0,54095,0,149995,1746105,3509681,0,1163,0,0,0,0,0,0,0,0,0,0,0,0,0,0,0,0,0,0,0,0,0
write,365,4096,6324430,897313,6562,551,5411187,3939609,3,0,130,0,0,441,6552,1824,6324430,0,54095,0,157142,1836694,3568813,0,1272,0,0,0,0,0,0,0,0,0,0,0,0,0,0,0,0,0,0,0,0,0
write,366,4096,6535896,885761,7223,602,5631039,4230545,3,0,130,0,0,511,7253,3507,6535896,0,54095,0,172014,1769067,3855891,0,1403,0,0,0,0,0,0,0,0,0,0,0,0,0,0,0,0,0,0,0,0,0
write,367,4096,6380184,911519,9979,1212,5437506,3907548,3,1,130,0,0,2074,12955,4939,6380184,0,54095,1,145946,1903890,3519960,0,4069,0,0,0,0,0,0,0,0,0,0,0,0,0,0,0,0,0,0,0,0,0
write,368,4096,6331984,914786,8025,981,5397923,3946141,4,0,130,0,0,571,7103,2595,6331984,0,54095,1,150136,1876458,3512186,0,2294,0,0,0,0,0,0,0,0,0,0,0,0,0,0,0,0,0,0,0,0,0
write,369,4096,6652284,892453,7394,802,5742047,4267704,3,0,131,0,0,451,7153,1984,6652284,0,54095,1,180588,1838898,3896607,0,1512,0,0,0,0,0,0,0,0,0,0,0,0,0,0,0,0,0,0,0,0,0
write,370,4096,6595608,888756,7234,611,5689289,4210216,3,1,130,0,0,741,7133,1844,6595608,0,54095,1,171424,1906064,3776612,0,1361,0,0,0,0,0,0,0,0,0,0,0,0,0,0,0,0,0,0,0,0,0
write,371,4096,6555403,891131,6903,922,5646729,4247587,3,0,130,0,0,501,7393,1824,6555403,0,54095,3,179427,1763286,3876840,0,1633,0,0,0,0,0,0,0,0,0,0,0,0,0,0,0,0,0,0,0,0,0
write,372,4096,6812044,885341,7604,581,5908860,4456878,3,0,130,0,0,401,7424,1833,6812044,0,54095,3,193241,1863595,4039545,0,1251,0,0,0,0,0,0,0,0,0,0,0,0,0,0,0,0,0,0,0,0,0
write,373,4096,6806914,884729,6312,571,5906195,4530146,4,0,131,0,0,481,6712,1914,6806914,0,54095,3,204069,1747196,4152868,0,1271,0,0,0,0,0,0,0,0,0,0,0,0,0,0,0,0,0,0,0,0,0
write,374,4096,6433003,889387,7565,681,5524830,4005623,3,0,130,0,0,481,7764,2295,6433003,0,54095,3,158853,1880396,3638763,0,1241,0,0,0,0,0,0,0,0,0,0,0,0,0,0,0,0,0,0,0,0,0
write,375,4096,6297279,1010065,6782,581,5270804,3839271,3,0,130,0,0,421,6552,2074,6297279,0,54095,3,145024,1795126,3470007,0,1172,0,0,0,0,0,0,0,0,0,0,0,0,0,0,0,0,0,0,0,0,0
write,376,4096,6410040,890299,7063,872,5502438,4015492,3,0,130,0,0,451,7063,1854,6410040,0,54095,3,158473,1854918,3641058,0,1433,0,0,0,0,0,0,0,0,0,0,0,0,0,0,0,0,0,0,0,0,0
write,377,4096,6627849,895299,6823,511,5714906,4244481,3,0,130,0,0,401,7935,1974,6627849,0,54095,3,166985,1838909,3870217,0,1253,0,0,0,0,0,0,0,0,0,0,0,0,0,0,0,0,0,0,0,0,0
write,378,4096,6266281,889288,6562,642,5357235,3963343,4,0,130,0,0,692,9227,2635,6266281,0,54095,3,156177,1764719,3586235,0,1382,0,0,0,0,0,0,0,0,0,0,0,0,0,0,0,0,0,0,0,0,0
write,379,4096,4673764,894597,7895,621,3759650,2240100,2,0,130,0,0,621,7795,2585,4673764,0,54095,3,24636,1957200,1665053,0,2074,0,0,0,0,0,0,0,0,0,0,0,0,0,0,0,0,0,0,0,0,0
write,380,4096,4408767,893375,7744,712,3496216,2064642,3,0,131,0,0,501,7925,2294,4408767,0,54095,3,24611,1819412,1670743,0,1312,0,0,0,0,0,0,0,0,0,0,0,0,0,0,0,0,0,0,0,0,0
write,381,4096,4523923,888245,6763,551,3618135,2140796,4,0,130,0,0,410,7565,2254,4523923,0,54095,3,24612,1853376,1759129,0,1193,0,0,0,0,0,0,0,0,0,0,0,0,0,0,0,0,0,0,0,0,0
write,382,4096,4407395,900038,6122,891,3489624,2027171,3,0,130,0,0,591,8165,1964,4407395,0,54095,3,24630,1824271,1658841,0,1413,0,0,0,0,0,0,0,0,0,0,0,0,0,0,0,0,0,0,0,0,0
write,383,4096,4332815,888807,7284,611,3424692,2039455,4,0,130,0,0,691,8336,2394,4332815,0,54095,3,24644,1758517,1659882,0,1352,0,0,0,0,0,0,0,0,0,0,0,0,0,0,0,0,0,0,0,0,0
write,384,4096,5231080,1054598,7053,691,4131979,2565543,4,0,130,0,0,1913,17403,17443,5231080,0,54095,0,24628,1948704,2172073,0,3286,0,0,0,0,0,0,0,0,0,0,0,0,0,0,0,0,0,0,0,0,0
write,385,4096,5371212,1372905,9487,2385,3970225,2527651,3,0,130,0,0,1833,9478,4899,5371212,0,54095,0,24628,1932724,2019487,0,4789,0,0,0,0,0,0,0,0,0,0,0,0,0,0,0,0,0,0,0,0,0
write,386,4096,4542087,909836,9117,972,3611622,2110557,3,1,131,0,0,691,7174,2675,4542087,0,54095,1,24637,1886808,1714916,0,2776,0,0,0,0,0,0,0,0,0,0,0,0,0,0,0,0,0,0,0,0,0
write,387,4096,4434987,929944,7975,731,3485737,2032982,4,0,130,0,0,611,7785,2204,4434987,0,54095,1,24644,1835863,1643011,0,1383,0,0,0,0,0,0,0,0,0,0,0,0,0,0,0,0,0,0,0,0,0
write,388,4096,4305775,892765,7544,601,3391690,2015892,4,0,130,0,0,471,10329,2375,4305775,0,54095,1,24639,1735795,1649984,0,1263,0,0,0,0,0,0,0,0,0,0,0,0,0,0,0,0,0,0,0,0,0
write,389,4096,4614382,1105022,7494,5240,3487489,2010960,4,0,130,0,0,441,6662,2034,4614382,0,54095,1,24637,1850249,1631639,0,1173,0,0,0,0,0,0,0,0,0,0,0,0,0,0,0,0,0,0,0,0,0
write,390,4096,4296958,890259,6913,582,3389686,2017276,3,0,130,0,0,360,7254,1904,4296958,0,54095,1,24624,1729863,1654733,0,1033,0,0,0,0,0,0,0,0,0,0,0,0,0,0,0,0,0,0,0,0,0
write,391,4096,4404670,881493,7114,521,3506515,2010570,4,0,131,0,0,391,6602,2034,4404670,0,54095,1,24640,1860258,1641098,0,1022,0,0,0,0,0,0,0,0,0,0,0,0,0,0,0,0,0,0,0,0,0
write,392,4096,5818500,901480,7083,541,4895320,2252535,4,1,130,0,0,691,11312,2073,5818500,0,54095,1,24644,2998473,1890115,0,1962,0,0,0,0,0,0,0,0,0,0,0,0,0,0,0,0,0,0,0,0,0
write,393,4096,4453611,886182,6502,651,3551750,2070762,4,0,130,0,0,371,6262,1893,4453611,0,54095,0,24652,1866300,1679229,0,1463,0,0,0,0,0,0,0,0,0,0,0,0,0,0,0,0,0,0,0,0,0
write,394,4096,4372680,905989,7694,732,3446943,2025540,3,0,130,0,0,692,8496,2134,4372680,0,54095,1,24644,1785759,1654282,0,1743,0,0,0,0,0,0,0,0,0,0,0,0,0,0,0,0,0,0,0,0,0
write,395,4096,4394971,889798,7645,581,3485135,2070814,4,1,130,0,0,681,9087,2044,4394971,0,54095,1,24659,1779978,1698295,0,1734,0,0,0,0,0,0,0,0,0,0,0,0,0,0,0,0,0,0,0,0,0
write,396,4096,4431670,891942,7715,701,3520992,2032742,4,0,130,0,0,541,7815,1964,4431670,0,54095,0,24656,1863534,1650995,0,1312,0,0,0,0,0,0,0,0,0,0,0,0,0,0,0,0,0,0,0,0,0
write,397,4096,4498486,1056722,7103,632,3425503,2056327,4,0,130,0,0,341,6321,1864,4498486,0,54095,0,24640,1751394,1668790,0,1173,0,0,0,0,0,0,0,0,0,0,0,0,0,0,0,0,0,0,0,0,0
write,398,4096,4501572,892304,6382,561,3592897,2014519,3,0,130,0,0,521,7003,1904,4501572,0,54095,0,24638,1931482,1655364,0,1234,0,0,0,0,0,0,0,0,0,0,0,0,0,0,0,0,0,0,0,0,0
write,399,4096,4367951,885070,7043,651,3466360,2076015,4,0,131,0,0,431,6502,1894,4367951,0,54095,0,24645,1765992,1694668,0,1233,0,0,0,0,0,0,0,0,0,0,0,0,0,0,0,0,0,0,0,0,0
write,400,4096,4445897,880852,8356,771,3546992,2062309,4,0,130,0,0,420,6543,1963,4445897,0,54095,0,24655,1863665,1676935,0,1432,0,0,0,0,0,0,0,0,0,0,0,0,0,0,0,0,0,0,0,0,0
write,401,4096,4377619,884889,6913,581,3472612,2021071,4,0,130,0,0,481,10149,1994,4377619,0,54095,0,24645,1812609,1654302,0,1252,0,0,0,0,0,0,0,0,0,0,0,0,0,0,0,0,0,0,0,0,0
write,402,4096,4345609,898846,8656,1202,3427217,2047681,3,0,130,0,0,581,7194,1913,4345609,0,54095,1,24670,1752246,1666896,0,2304,0,0,0,0,0,0,0,0,0,0,0,0,0,0,0,0,0,0,0,0,0
write,403,4096,5531593,887604,6753,531,4627197,3144708,4,1,130,0,0,501,6622,2385,5531593,0,54095,1,100147,1843477,2777529,0,1452,0,0,0,0,0,0,0,0,0,0,0,0,0,0,0,0,0,0,0,0,0
write,404,4096,6240733,886743,7594,892,5335024,3921974,3,0,130,0,0,521,7544,2415,6240733,0,54095,0,153061,1775750,3552262,0,1581,0,0,0,0,0,0,0,0,0,0,0,0,0,0,0,0,0,0,0,0,0
write,405,4096,6182413,898685,7244,921,5263400,3647813,4,0,130,0,0,551,9037,2575,6182413,0,54095,1,133281,1994971,3261235,0,1924,0,0,0,0,0,0,0,0,0,0,0,0,0,0,0,0,0,0,0,0,0
write,406,4096,6263094,1048546,6723,571,5193869,3771674,3,0,131,0,0,882,8696,3807,6263094,0,54095,1,143365,1793143,3393935,0,1482,0,0,0,0,0,0,0,0,0,0,0,0,0,0,0,0,0,0,0,0,0
write,407,4096,6290997,905619,7584,701,5365722,3883454,4,0,130,0,0,701,8055,2615,6290997,0,54095,1,153708,1865849,3492509,0,1915,0,0,0,0,0,0,0,0,0,0,0,0,0,0,0,0,0,0,0,0,0
write,408,4096,6296728,888997,7083,832,5388304,3883285,4,1,130,0,0,842,8505,2165,6296728,0,54095,1,150420,1864847,3515462,0,2404,0,0,0,0,0,0,0,0,0,0,0,0,0,0,0,0,0,0,0,0,0
write,409,4096,6177354,885391,7323,682,5273749,3899032,4,0,130,0,0,461,7864,1884,6177354,0,54095,0,150971,1760952,3505674,0,1933,0,0,0,0,0,0,0,0,0,0,0,0,0,0,0,0,0,0,0,0,0
write,410,4096,6119064,902201,8406,932,5195843,3738031,3,0,130,0,0,571,8746,2365,6119064,0,54095,1,138572,1820474,3368166,0,1854,0,0,0,0,0,0,0,0,0,0,0,0,0,0,0,0,0,0,0,0,0
write,411,4096,6150994,1033217,6993,602,5098781,3705841,4,0,130,0,0,370,8737,2294,6150994,0,54095,1,137523,1759019,3334222,0,1102,0,0,0,0,0,0,0,0,0,0,0,0,0,0,0,0,0,0,0,0,0
write,412,4096,6111901,1001798,6673,601,5091217,3576517,3,0,130,0,0,441,8857,2314,6111901,0,54095,1,125538,1871350,3214297,0,1131,0,0,0,0,0,0,0,0,0,0,0,0,0,0,0,0,0,0,0,0,0
write,413,4096,6399660,983143,7184,591,5399244,3936072,4,0,131,0,0,411,6603,2484,6399660,0,54095,1,154758,1833237,3560527,0,1121,0,0,0,0,0,0,0,0,0,0,0,0,0,0,0,0,0,0,0,0,0
write,414,4096,6183595,887163,7474,561,5276475,3785028,4,1,130,0,0,701,8546,2675,6183595,0,54095,1,136846,1884444,3385388,0,1322,0,0,0,0,0,0,0,0,0,0,0,0,0,0,0,0,0,0,0,0,0
write,415,4096,6326794,1072091,7644,671,5235137,3788916,4,0,130,0,0,501,8185,2565,6326794,0,54095,0,141756,1821305,3407259,0,1463,0,0,0,0,0,0,0,0,0,0,0,0,0,0,0,0,0,0,0,0,0
write,416,4096,32698856,1005315,7815,701,31669747,3712111,4,1,130,0,0,861,10200,4217,32698856,0,54095,1,133251,28332779,3328652,0,1983,0,0,0,0,0,0,0,0,0,0,0,0,0,0,0,0,0,0,0,0,0
write,417,4096,6455906,1152541,8396,591,5284289,3825243,3,0,130,0,0,481,7774,1834,6455906,0,54095,3,146003,1831344,3445862,0,1864,0,0,0,0,0,0,0,0,0,0,0,0,0,0,0,0,0,0,0,0,0
write,418,4096,7443959,907211,10059,1223,6512091,4889080,3,0,44,0,0,1102,8536,3737,7443959,0,54095,0,177360,2092243,4408637,0,2615,0,0,0,0,0,0,0,0,0,0,0,0,0,0,0,0,0,0,0,0,0
write,419,4096,6316915,886623,8596,972,5410966,3969296,3,2,0,0,0,491,7103,2164,6316915,0,54095,0,161940,1814813,3589651,0,1582,0,0,0,0,0,0,0,0,0,0,0,0,0,0,0,0,0,0,0,0,0
write,420,4096,6291338,888997,6923,641,5381993,3998890,3,0,0,0,0,591,9227,2966,6291338,0,54095,0,179356,1745513,3629787,0,1694,0,0,0,0,0,0,0,0,0,0,0,0,0,0,0,0,0,0,0,0,0
write,421,4096,5847395,909957,8365,742,4918072,3424122,3,0,0,0,0,441,7514,2304,5847395,0,54095,0,132516,1868313,3043717,0,1293,0,0,0,0,0,0,0,0,0,0,0,0,0,0,0,0,0,0,0,0,0
write,422,4096,5910603,1022698,6933,581,4870182,3474315,3,0,0,0,0,401,7564,2244,5910603,0,54095,0,140026,1752256,3112547,0,1073,0,0,0,0,0,0,0,0,0,0,0,0,0,0,0,0,0,0,0,0,0
write,423,4096,6120096,1032907,6462,591,5069556,3556181,3,0,0,0,0,401,7795,2384,6120096,0,54095,0,145768,1872141,3191996,0,1132,0,0,0,0,0,0,0,0,0,0,0,0,0,0,0,0,0,0,0,0,0
write,424,4096,6289354,1011286,7434,561,5261196,3873877,4,0,0,0,0,521,6512,1844,6289354,0,54095,0,168035,1769047,3486398,0,1172,0,0,0,0,0,0,0,0,0,0,0,0,0,0,0,0,0,0,0,0,0
write,425,4096,6314481,896020,6933,641,5402231,3918499,3,0,0,0,0,430,6443,1783,6314481,0,54095,0,175341,1853185,3542753,0,1252,0,0,0,0,0,0,0,0,0,0,0,0,0,0,0,0,0,0,0,0,0
write,426,4096,5861993,1093832,8866,792,4747743,3326639,3,0,0,0,0,451,8085,2224,5861993,0,54095,0,128506,1778806,2962866,0,1222,0,0,0,0,0,0,0,0,0,0,0,0,0,0,0,0,0,0,0,0,0
write,427,4096,6119726,1108088,6743,541,4993123,3632455,4,0,0,0,0,441,8546,2244,6119726,0,54095,0,151586,1729283,3258450,0,1162,0,0,0,0,0,0,0,0,0,0,0,0,0,0,0,0,0,0,0,0,0
write,428,4096,6155272,914975,6713,601,5223685,3772785,3,0,0,0,0,421,7093,1784,6155272,0,54095,0,158310,1815575,3402591,0,1171,0,0,0,0,0,0,0,0,0,0,0,0,0,0,0,0,0,0,0,0,0
write,429,4096,5921554,894447,6582,601,5009124,3611233,3,0,0,0,0,390,8186,2224,5921554,0,54095,0,147079,1773105,3230358,0,1132,0,0,0,0,0,0,0,0,0,0,0,0,0,0,0,0,0,0,0,0,0
write,430,4096,6262574,1099873,6542,571,5145829,3633475,3,0,0,0,0,441,7264,2054,6262574,0,54095,0,152138,1863946,3276414,0,1161,0,0,0,0,0,0,0,0,0,0,0,0,0,0,0,0,0,0,0,0,0
write,431,4096,6087495,888226,7213,561,5181867,3750174,3,0,0,0,0,481,7354,1793,6087495,0,54095,0,162673,1797851,3378485,0,1223,0,0,0,0,0,0,0,0,0,0,0,0,0,0,0,0,0,0,0,0,0
write,432,4096,6322927,891602,7163,591,5413191,3897931,4,0,0,0,0,491,7635,2254,6322927,0,54095,0,170964,1883021,3524560,0,1123,0,0,0,0,0,0,0,0,0,0,0,0,0,0,0,0,0,0,0,0,0
write,433,4096,6146316,972193,6603,551,5157802,3687797,3,0,0,0,0,460,6913,1794,6146316,0,54095,0,155423,1834249,3318172,0,1033,0,0,0,0,0,0,0,0,0,0,0,0,0,0,0,0,0,0,0,0,0
write,434,4096,5685331,890200,8365,772,4771417,3382153,3,0,0,0,0,802,10590,3185,5685331,0,54095,0,126668,1763677,3000697,0,1545,0,0,0,0,0,0,0,0,0,0,0,0,0,0,0,0,0,0,0,0,0
write,435,4096,5996865,918291,8667,1002,5057604,3579474,4,0,0,0,0,701,8235,2365,5996865,0,54095,0,141702,1867972,3181907,0,1943,0,0,0,0,0,0,0,0,0,0,0,0,0,0,0,0,0,0,0,0,0
write,436,4096,5942794,1009934,6873,641,4914576,3528778,3,0,0,0,0,531,7915,2324,5942794,0,54095,0,138095,1746245,3162330,0,1333,0,0,0,0,0,0,0,0,0,0,0,0,0,0,0,0,0,0,0,0,0
write,437,4096,6359996,1025313,7293,642,5316589,3799616,4,0,0,0,0,531,7424,2204,6359996,0,54095,0,156800,1896356,3414242,0,1272,0,0,0,0,0,0,0,0,0,0,0,0,0,0,0,0,0,0,0,0,0
write,438,4096,6352762,954630,6442,541,5379728,3945650,3,0,0,0,0,411,8446,2564,6352762,0,54095,0,172177,1794425,3579883,0,1162,0,0,0,0,0,0,0,0,0,0,0,0,0,0,0,0,0,0,0,0,0
write,439,4096,6263786,1085385,6803,531,5162741,3650757,3,0,0,0,0,441,6112,1773,6263786,0,54095,0,149335,1875067,3281934,0,1292,0,0,0,0,0,0,0,0,0,0,0,0,0,0,0,0,0,0,0,0,0
write,440,4096,5898300,880060,7173,571,4999626,3538646,3,0,0,0,0,430,8186,2254,5898300,0,54095,0,139605,1826685,3167419,0,1153,0,0,0,0,0,0,0,0,0,0,0,0,0,0,0,0,0,0,0,0,0
write,441,4096,6063159,1069395,7073,531,4974739,3594360,3,0,0,0,0,531,8856,2034,6063159,0,54095,0,146182,1749912,3218886,0,1241,0,0,0,0,0,0,0,0,0,0,0,0,0,0,0,0,0,0,0,0,0
write,442,4096,6261441,900819,7735,591,5341596,3837677,3,0,0,0,0,521,7835,2344,6261441,0,54095,0,169387,1862373,3473263,0,1393,0,0,0,0,0,0,0,0,0,0,0,0,0,0,0,0,0,0,0,0,0
write,443,4096,5939478,1003272,7624,581,4918473,3532384,3,0,0,0,0,431,7123,1974,5939478,0,54095,0,142786,1763246,3149747,0,1202,0,0,0,0,0,0,0,0,0,0,0,0,0,0,0,0,0,0,0,0,0
write,444,4096,5910514,888517,6903,531,5003883,3656598,3,0,0,0,0,411,7984,2285,5910514,0,54095,0,153583,1716919,3281584,0,1083,0,0,0,0,0,0,0,0,0,0,0,0,0,0,0,0,0,0,0,0,0
write,445,4096,5808973,1041453,6903,551,4748414,3331018,3,0,0,0,0,431,8556,2665,5808973,0,54095,0,126278,1792912,2949581,0,1232,0,0,0,0,0,0,0,0,0,0,0,0,0,0,0,0,0,0,0,0,0
write,446,4096,6120106,1078302,7244,571,5023329,3543286,3,0,0,0,0,471,7885,2304,6120106,0,54095,0,145274,1837446,3180284,0,1203,0,0,0,0,0,0,0,0,0,0,0,0,0,0,0,0,0,0,0,0,0
write,447,4096,6150794,1051562,6853,571,5081118,3610030,3,0,0,0,0,421,7995,2274,6150794,0,54095,0,148204,1842475,3233042,0,1202,0,0,0,0,0,0,0,0,0,0,0,0,0,0,0,0,0,0,0,0,0
write,448,4096,6251102,1025653,7594,692,5207855,3828381,4,0,0,0,0,441,6933,1934,6251102,0,54095,0,164461,1752245,3449308,0,1362,0,0,0,0,0,0,0,0,0,0,0,0,0,0,0,0,0,0,0,0,0
write,449,4096,6195588,881223,7123,581,5297233,3779147,3,0,0,0,0,391,7174,1863,6195588,0,54095,0,164498,1881878,3409914,0,1141,0,0,0,0,0,0,0,0,0,0,0,0,0,0,0,0,0,0,0,0,0
write,450,4096,5886017,889247,6572,521,4980029,3585264,3,0,0,0,0,441,7364,1843,5886017,0,54095,0,144112,1751965,3222353,0,1302,0,0,0,0,0,0,0,0,0,0,0,0,0,0,0,0,0,0,0,0,0
write,451,4096,6421311,884508,14297,1814,5507898,4096984,3,0,0,0,0,711,8386,3697,6421311,0,54095,0,146243,1980844,3513579,0,2876,0,0,0,0,0,0,0,0,0,0,0,0,0,0,0,0,0,0,0,0,0
write,452,4096,6163177,895669,8035,752,5247901,3826557,3,0,0,0,0,450,7815,2555,6163177,0,54095,0,163193,1800526,3440863,0,1283,0,0,0,0,0,0,0,0,0,0,0,0,0,0,0,0,0,0,0,0,0
write,453,4096,6415500,1055419,7013,581,5341587,3865860,3,0,0,0,0,400,7815,2685,6415500,0,54095,0,168895,1840261,3495635,0,1273,0,0,0,0,0,0,0,0,0,0,0,0,0,0,0,0,0,0,0,0,0
write,454,4096,6230744,974297,7153,581,5239365,3791272,4,0,0,0,0,441,7023,1884,6230744,0,54095,0,161310,1814522,3419413,0,1163,0,0,0,0,0,0,0,0,0,0,0,0,0,0,0,0,0,0,0,0,0
write,455,4096,6372510,1063855,7174,621,5290731,3910905,3,0,0,0,0,401,7454,2274,6372510,0,54095,0,174129,1737038,3548163,0,1102,0,0,0,0,0,0,0,0,0,0,0,0,0,0,0,0,0,0,0,0,0
write,456,4096,6609914,1058585,7033,521,5533216,4030140,4,0,0,0,0,420,7765,2374,6609914,0,54095,0,180522,1880367,3647319,0,1102,0,0,0,0,0,0,0,0,0,0,0,0,0,0,0,0,0,0,0,0,0
write,457,4096,6410411,1110413,7373,571,5281224,3895827,3,0,0,0,0,501,7844,2485,6410411,0,54095,0,171162,1747226,3528006,0,1071,0,0,0,0,0,0,0,0,0,0,0,0,0,0,0,0,0,0,0,0,0
write,458,4096,6174618,1074414,7845,611,5080808,3595295,3,0,0,0,0,411,8215,2314,6174618,0,54095,0,146971,1851351,3223876,0,1173,0,0,0,0,0,0,0,0,0,0,0,0,0,0,0,0,0,0,0,0,0
write,459,4096,6078709,1031584,7535,641,5027307,3591976,4,0,0,0,0,381,8916,2345,6078709,0,54095,0,146094,1803422,3218756,0,1102,0,0,0,0,0,0,0,0,0,0,0,0,0,0,0,0,0,0,0,0,0
write,460,4096,5919461,1028669,6292,531,4873699,3498573,4,0,0,0,0,411,7965,1894,5919461,0,54095,0,136655,1738440,3130130,0,982,0,0,0,0,0,0,0,0,0,0,0,0,0,0,0,0,0,0,0,0,0
write,461,4096,5977519,890089,6893,571,5070418,3609170,3,0,0,0,0,401,7244,1903,5977519,0,54095,0,146244,1817698,3247009,0,1243,0,0,0,0,0,0,0,0,0,0,0,0,0,0,0,0,0,0,0,0,0
write,462,4096,6413917,887434,7033,591,5508590,4133633,4,0,0,0,0,411,7504,2354,6413917,0,54095,0,188675,1745663,3757587,0,1031,0,0,0,0,0,0,0,0,0,0,0,0,0,0,0,0,0,0,0,0,0
write,463,4096,5996154,952616,6683,731,5025083,3522578,3,0,0,0,0,421,8305,2315,5996154,0,54095,0,138799,1862673,3157121,0,1101,0,0,0,0,0,0,0,0,0,0,0,0,0,0,0,0,0,0,0,0,0
write,464,4096,5991626,958137,6623,510,5016668,3622224,3,0,0,0,0,491,7193,2004,5991626,0,54095,0,146533,1762746,3248632,0,1011,0,0,0,0,0,0,0,0,0,0,0,0,0,0,0,0,0,0,0,0,0
write,465,4096,5885046,904516,6613,581,4963968,3482401,3,0,0,0,0,441,7033,1894,5885046,0,54095,0,138017,1837776,3120923,0,1122,0,0,0,0,0,0,0,0,0,0,0,0,0,0,0,0,0,0,0,0,0
write,466,4096,6314020,902072,7043,621,5394386,3972481,3,0,0,0,0,420,7645,1833,6314020,0,54095,0,178144,1782262,3606543,0,1203,0,0,0,0,0,0,0,0,0,0,0,0,0,0,0,0,0,0,0,0,0
write,467,4096,7129740,882475,7173,1022,6205727,4814169,3,0,0,0,0,2765,14588,15990,7129740,0,54095,0,159512,1755361,4432942,0,5190,0,0,0,0,0,0,0,0,0,0,0,0,0,0,0,0,0,0,0,0,0
write,468,4096,6612189,965571,9187,1573,5624026,4053372,3,0,0,0,0,1072,7384,3376,6612189,0,54095,0,174325,2037330,3571878,0,4649,0,0,0,0,0,0,0,0,0,0,0,0,0,0,0,0,0,0,0,0,0
write,469,4096,5759820,899486,7414,932,4840617,3436045,3,0,0,0,0,471,8536,2364,5759820,0,54095,0,133421,1772093,3061561,0,1533,0,0,0,0,0,0,0,0,0,0,0,0,0,0,0,0,0,0,0,0,0
write,470,4096,6163839,1029781,7114,681,5116284,3608287,4,0,0,0,0,451,7634,1894,6163839,0,54095,0,146658,1875426,3235276,0,1202,0,0,0,0,0,0,0,0,0,0,0,0,0,0,0,0,0,0,0,0,0
write,471,4096,6034476,890941,6582,591,5124630,3742300,3,0,0,0,0,441,8826,2465,6034476,0,54095,0,159967,1736045,3383194,0,1111,0,0,0,0,0,0,0,0,0,0,0,0,0,0,0,0,0,0,0,0,0
write,472,4096,6476344,1003151,6762,632,5454538,3975314,4,0,0,0,0,441,8536,2284,6476344,0,54095,0,177826,1845541,3603317,0,1132,0,0,0,0,0,0,0,0,0,0,0,0,0,0,0,0,0,0,0,0,0
write,473,4096,6571342,1143053,7354,581,5411628,3985846,3,0,0,0,0,471,6402,1853,6571342,0,54095,0,180850,1793242,3612714,0,1202,0,0,0,0,0,0,0,0,0,0,0,0,0,0,0,0,0,0,0,0,0
write,474,4096,5833679,893916,7374,551,4921719,3525773,3,0,0,0,0,461,7825,1833,5833679,0,54095,0,140836,1755172,3160246,0,1292,0,0,0,0,0,0,0,0,0,0,0,0,0,0,0,0,0,0,0,0,0
write,475,4096,6011583,889548,7113,641,5103150,3643032,3,0,0,0,0,451,8345,2335,6011583,0,54095,0,149758,1823169,3274500,0,1173,0,0,0,0,0,0,0,0,0,0,0,0,0,0,0,0,0,0,0,0,0
write,476,4096,6383010,1022949,6632,561,5341647,3938256,3,0,0,0,0,441,8505,2275,6383010,0,54095,0,173975,1764629,3571567,0,1162,0,0,0,0,0,0,0,0,0,0,0,0,0,0,0,0,0,0,0,0,0
write,477,4096,6188674,949039,6843,601,5221632,3665896,3,0,0,0,0,461,7804,2294,6188674,0,54095,0,151349,1913347,3302302,0,1322,0,0,0,0,0,0,0,0,0,0,0,0,0,0,0,0,0,0,0,0,0
write,478,4096,6119385,1133325,7164,621,4967906,3550898,3,0,0,0,0,491,7874,2004,6119385,0,54095,0,140735,1788503,3173210,0,1372,0,0,0,0,0,0,0,0,0,0,0,0,0,0,0,0,0,0,0,0,0
write,479,4096,6137980,895369,8926,742,5220740,3743782,3,0,0,0,0,611,8826,2766,6137980,0,54095,0,157437,1857754,3356243,0,1494,0,0,0,0,0,0,0,0,0,0,0,0,0,0,0,0,0,0,0,0,0
write,480,4096,6444134,886212,14087,1372,5530792,4052840,4,1,0,0,0,831,8085,2755,6444134,0,54095,1,171442,1943043,3575916,0,3435,0,0,0,0,0,0,0,0,0,0,0,0,0,0,0,0,0,0,0,0,0
write,481,4096,6142909,903804,7094,821,5220500,3830874,3,0,0,0,0,521,7794,2375,6142909,0,54095,3,164915,1772504,3441293,0,1684,0,0,0,0,0,0,0,0,0,0,0,0,0,0,0,0,0,0,0,0,0
write,482,4096,6163457,964087,7074,611,5179162,3708175,3,0,0,0,0,501,9197,2825,6163457,0,54095,3,153574,1847705,3325606,0,1182,0,0,0,0,0,0,0,0,0,0,0,0,0,0,0,0,0,0,0,0,0
write,483,4096,5833269,933330,7785,801,4873950,3490988,3,0,0,0,0,731,12083,4589,5833269,0,54095,3,134150,1769739,3096677,0,1903,0,0,0,0,0,0,0,0,0,0,0,0,0,0,0,0,0,0,0,0,0
write,484,4096,6448492,1182848,7764,611,5241179,3726760,4,0,0,0,0,521,7814,7755,6448492,0,54095,3,148575,1907597,3326508,0,1552,0,0,0,0,0,0,0,0,0,0,0,0,0,0,0,0,0,0,0,0,0
write,485,4096,6045326,880902,8065,701,5144116,3666408,3,0,0,0,0,621,8276,2645,6045326,0,54095,3,144357,1883432,3253801,0,1553,0,0,0,0,0,0,0,0,0,0,0,0,0,0,0,0,0,0,0,0,0
write,486,4096,6155943,884538,7164,611,5252529,3780682,4,0,0,0,0,521,8386,2194,6155943,0,54095,3,157383,1878422,3368025,0,1373,0,0,0,0,0,0,0,0,0,0,0,0,0,0,0,0,0,0,0,0,0
write,487,4096,6174338,1044639,6813,641,5110964,3652099,3,0,0,0,0,531,8556,2194,6174338,0,54095,3,149582,1830002,3275022,0,1221,0,0,0,0,0,0,0,0,0,0,0,0,0,0,0,0,0,0,0,0,0
write,488,4096,6232567,1008170,6633,591,5205691,3826257,3,0,0,0,0,451,8516,2515,6232567,0,54095,3,159845,1763747,3436153,0,1162,0,0,0,0,0,0,0,0,0,0,0,0,0,0,0,0,0,0,0,0,0
write,489,4096,6191480,963196,6813,611,5209549,3714457,3,0,97,0,0,491,8576,2244,6191480,0,54095,3,139622,1870207,3333040,0,1152,0,0,0,0,0,0,0,0,0,0,0,0,0,0,0,0,0,0,0,0,0
write,490,4096,6628680,1111424,7735,601,5497980,4110559,3,0,130,0,0,471,8295,2174,6628680,0,54095,3,164809,1768467,3723593,0,1171,0,0,0,0,0,0,0,0,0,0,0,0,0,0,0,0,0,0,0,0,0
write,491,4096,6130466,893365,7314,621,5217554,3861914,3,0,15,0,0,611,8726,2275,6130466,0,54095,3,161853,1733620,3477371,0,1551,0,0,0,0,0,0,0,0,0,0,0,0,0,0,0,0,0,0,0,0,0
write,492,4096,6465564,984757,7544,621,5462223,4035439,3,0,0,0,0,441,7744,2234,6465564,0,54095,3,180313,1808261,3648051,0,1342,0,0,0,0,0,0,0,0,0,0,0,0,0,0,0,0,0,0,0,0,0
write,493,4096,6573006,1093320,6653,631,5460519,3986105,3,0,0,0,0,531,8897,2455,6573006,0,54095,3,174991,1839490,3615269,0,1172,0,0,0,0,0,0,0,0,0,0,0,0,0,0,0,0,0,0,0,0,0
write,494,4096,6053642,982493,7023,621,5052915,3571149,3,0,0,0,0,471,7885,2234,6053642,0,54095,3,144591,1867441,3179642,0,1162,0,0,0,0,0,0,0,0,0,0,0,0,0,0,0,0,0,0,0,0,0
write,495,4096,6156915,978535,7013,631,5158333,3770442,3,0,0,0,0,561,9488,2354,6156915,0,54095,3,158459,1773536,3378766,0,1243,0,0,0,0,0,0,0,0,0,0,0,0,0,0,0,0,0,0,0,0,0
write,496,4096,6022373,943780,7203,601,5060360,3541401,4,0,0,0,0,470,7705,2254,6022373,0,54095,3,140823,1908749,3145829,0,1213,0,0,0,0,0,0,0,0,0,0,0,0,0,0,0,0,0,0,0,0,0
write,497,4096,6189737,946645,6652,601,5225179,3854950,3,0,0,0,0,481,7904,2275,6189737,0,54095,3,166709,1745322,3473884,0,1152,0,0,0,0,0,0,0,0,0,0,0,0,0,0,0,0,0,0,0,0,0
write,498,4096,6426902,1106706,8015,721,5301591,3817972,3,1,0,0,0,521,7524,1824,6426902,0,54095,3,146764,1837816,3458034,0,1274,0,0,0,0,0,0,0,0,0,0,0,0,0,0,0,0,0,0,0,0,0
write,499,4096,5944828,885531,7584,591,5040963,3609110,3,0,0,0,0,511,7584,2064,5944828,0,54095,3,145805,1809303,3225729,0,1182,0,0,0,0,0,0,0,0,0,0,0,0,0,0,0,0,0,0,0,0,0
write,500,4096,6389611,888335,9989,1914,5477922,3990885,3,1,0,0,0,811,8366,2274,6389611,0,54095,9,154995,1880135,3586876,0,3528,0,0,0,0,0,0,0,0,0,0,0,0,0,0,0,0,0,0,0,0,0
write,501,4096,6382749,903354,7795,701,5460229,3983490,3,0,0,0,0,491,7744,2435,6382749,0,54095,0,175726,1856181,3597346,0,1653,0,0,0,0,0,0,0,0,0,0,0,0,0,0,0,0,0,0,0,0,0
write,502,4096,6056557,1078552,6953,582,4957305,3580066,4,0,0,0,0,692,9668,2805,6056557,0,54095,0,137389,1778616,3172118,0,1583,0,0,0,0,0,0,0,0,0,0,0,0,0,0,0,0,0,0,0,0,0
write,503,4096,6466566,1074214,7164,651,5373567,3858837,3,0,0,0,0,420,8326,2224,6466566,0,54095,0,159677,1879334,3488492,0,1231,0,0,0,0,0,0,0,0,0,0,0,0,0,0,0,0,0,0,0,0,0
write,504,4096,6251933,977603,6572,561,5256056,3832127,4,0,0,0,0,451,8396,2294,6251933,0,54095,0,163900,1797530,3452504,0,1152,0,0,0,0,0,0,0,0,0,0,0,0,0,0,0,0,0,0,0,0,0
write,505,4096,4455535,947006,7474,591,3490826,1994000,2,0,0,0,0,561,6763,2314,4455535,0,54095,0,24626,1914700,1438327,0,1602,0,0,0,0,0,0,0,0,0,0,0,0,0,0,0,0,0,0,0,0,0
write,506,4096,4210355,892614,6893,601,3300459,1808031,3,0,0,0,0,420,7294,2074,4210355,0,54095,0,24633,1858455,1436674,0,1042,0,0,0,0,0,0,0,0,0,0,0,0,0,0,0,0,0,0,0,0,0
write,507,4096,4105258,889778,6182,561,3199389,1790940,4,0,0,0,0,461,6873,2014,4105258,0,54095,0,24662,1772103,1421015,0,1233,0,0,0,0,0,0,0,0,0,0,0,0,0,0,0,0,0,0,0,0,0
write,508,4096,4201308,891581,7434,592,3292814,1781122,3,0,0,0,0,381,6352,2154,4201308,0,54095,0,24617,1867873,1419392,0,1012,0,0,0,0,0,0,0,0,0,0,0,0,0,0,0,0,0,0,0,0,0
write,509,4096,4256572,1041724,6672,551,3198398,1808460,4,0,0,0,0,381,6933,1913,4256572,0,54095,0,24616,1760010,1433318,0,963,0,0,0,0,0,0,0,0,0,0,0,0,0,0,0,0,0,0,0,0,0
write,510,4096,4372108,1095033,6643,571,3261245,1783544,4,0,0,0,0,481,6152,1983,4372108,0,54095,0,24622,1839359,1416517,0,1052,0,0,0,0,0,0,0,0,0,0,0,0,0,0,0,0,0,0,0,0,0
write,511,4096,4111900,890380,6351,541,3205922,1786200,3,0,0,0,0,401,6432,1873,4111900,0,54095,0,24636,1772163,1428558,0,1041,0,0,0,0,0,0,0,0,0,0,0,0,0,0,0,0,0,0,0,0,0
write,512,4096,4112432,885641,8426,791,3208877,1816187,3,0,0,0,0,531,6272,1894,4112432,0,54095,0,24646,1755221,1447233,0,1435,0,0,0,0,0,0,0,0,0,0,0,0,0,0,0,0,0,0,0,0,0
write,513,4096,4237045,887114,7544,621,3321929,1793584,4,0,0,0,0,1172,12153,6512,4237045,0,54095,0,24627,1896707,1416456,0,1855,0,0,0,0,0,0,0,0,0,0,0,0,0,0,0,0,0,0,0,0,0
write,514,4096,4354215,1072792,8546,981,3260555,1851573,3,0,0,0,0,571,8155,2615,4354215,0,54095,1,24667,1828729,1422287,0,2545,0,0,0,0,0,0,0,0,0,0,0,0,0,0,0,0,0,0,0,0,0
write,515,4096,4228339,892453,5871,582,3318062,1805699,4,0,0,0,0,511,7113,3747,4228339,0,54095,1,24648,1884153,1428138,0,1103,0,0,0,0,0,0,0,0,0,0,0,0,0,0,0,0,0,0,0,0,0
write,516,4096,4239780,903785,10089,1172,3315076,1887350,3,0,0,0,0,581,7244,1833,4239780,0,54095,0,24665,1873743,1432406,0,2305,0,0,0,0,0,0,0,0,0,0,0,0,0,0,0,0,0,0,0,0,0
write,517,4096,4204795,894477,6563,521,3294387,1800887,3,0,0,0,0,401,6572,1874,4204795,0,54095,0,24659,1858705,1430383,0,1073,0,0,0,0,0,0,0,0,0,0,0,0,0,0,0,0,0,0,0,0,0
write,518,4096,4166633,881353,7043,601,3268269,1806508,3,0,0,0,0,441,7133,1793,4166633,0,54095,0,24649,1832586,1430352,0,1092,0,0,0,0,0,0,0,0,0,0,0,0,0,0,0,0,0,0,0,0,0
write,519,4096,4254137,1045721,8806,882,3189591,1798463,3,0,0,0,0,551,6703,1883,4254137,0,54095,1,24648,1764468,1417869,0,1751,0,0,0,0,0,0,0,0,0,0,0,0,0,0,0,0,0,0,0,0,0
write,520,4096,4170501,891081,7194,621,3262618,1777304,3,0,0,0,0,451,6672,1864,4170501,0,54095,1,24655,1840010,1416777,0,1091,0,0,0,0,0,0,0,0,0,0,0,0,0,0,0,0,0,0,0,0,0
write,521,4096,12756641,895830,6492,622,11834181,1791150,4,0,0,0,0,1523,12032,5961,12756641,0,54095,1,24651,10418998,1407239,0,1434,0,0,0,0,0,0,0,0,0,0,0,0,0,0,0,0,0,0,0,0,0
write,522,4096,4357361,903895,10058,912,3429752,1812299,4,0,0,0,0,561,9788,2395,4357361,0,54095,1,24672,2001404,1419843,0,2384,0,0,0,0,0,0,0,0,0,0,0,0,0,0,0,0,0,0,0,0,0
write,523,4096,4441529,967334,8296,701,3455570,1788005,4,0,0,0,0,531,7264,1833,4441529,0,54095,1,24659,2040106,1409584,0,1323,0,0,0,0,0,0,0,0,0,0,0,0,0,0,0,0,0,0,0,0,0
write,524,4096,4899568,885761,7083,762,3993568,1810206,3,1,0,0,0,922,9608,1864,4899568,0,54095,1,24654,2530986,1454618,0,2062,0,0,0,0,0,0,0,0,0,0,0,0,0,0,0,0,0,0,0,0,0
write,525,4096,4198072,895338,10310,1322,3280251,1889576,3,0,0,0,0,722,8135,1994,4198072,0,54095,2,24662,1833067,1438167,0,2535,0,0,0,0,0,0,0,0,0,0,0,0,0,0,0,0,0,0,0,0,0
write,526,4096,4410049,1092678,6192,621,3300529,1821436,3,1,0,0,0,471,7574,1984,4410049,0,54095,2,24667,1847574,1446602,0,1442,0,0,0,0,0,0,0,0,0,0,0,0,0,0,0,0,0,0,0,0,0
write,527,4096,4178415,900579,7183,942,3260544,1828781,3,0,0,0,0,591,6552,2024,4178415,0,54095,0,24654,1819963,1432987,0,1834,0,0,0,0,0,0,0,0,0,0,0,0,0,0,0,0,0,0,0,0,0
write,528,4096,4229120,889548,6682,702,3323392,1805958,3,0,0,0,0,511,6442,1843,4229120,0,54095,0,24657,1890946,1426275,0,1282,0,0,0,0,0,0,0,0,0,0,0,0,0,0,0,0,0,0,0,0,0
write,529,4096,5129659,901030,6722,892,4209203,2830728,4,0,0,0,0,611,8836,2365,5129659,0,54095,1,96149,1758087,2443703,0,2004,0,0,0,0,0,0,0,0,0,0,0,0,0,0,0,0,0,0,0,0,0
write,530,4096,6085382,921348,7003,621,5146701,3658512,3,1,0,0,0,511,7334,1864,6085382,0,54095,1,156286,1834690,3305779,0,1514,0,0,0,0,0,0,0,0,0,0,0,0,0,0,0,0,0,0,0,0,0
write,531,4096,5915864,889328,6993,721,5008001,3570817,3,0,0,0,0,511,8075,2235,5915864,0,54095,0,147439,1818620,3182959,0,1414,0,0,0,0,0,0,0,0,0,0,0,0,0,0,0,0,0,0,0,0,0
write,532,4096,5992627,1062713,8967,811,4907994,3521164,3,0,0,0,0,601,9107,2434,5992627,0,54095,1,139956,1765871,3134458,0,1671,0,0,0,0,0,0,0,0,0,0,0,0,0,0,0,0,0,0,0,0,0
write,533,4096,6222379,929503,6633,531,5274851,3805137,3,1,0,0,0,631,7835,2395,6222379,0,54095,1,164420,1827708,3440301,0,1644,0,0,0,0,0,0,0,0,0,0,0,0,0,0,0,0,0,0,0,0,0
write,534,4096,6193123,899426,6943,702,5276123,3865531,4,0,0,0,0,501,7564,1864,6193123,0,54095,0,169870,1799314,3470668,0,1363,0,0,0,0,0,0,0,0,0,0,0,0,0,0,0,0,0,0,0,0,0
write,535,4096,6120568,894177,7685,771,5208076,3694988,3,0,0,0,0,541,7394,1924,6120568,0,54095,1,156794,1874675,3326458,0,1664,0,0,0,0,0,0,0,0,0,0,0,0,0,0,0,0,0,0,0,0,0
write,536,4096,6304412,888106,7053,571,5399705,3963075,3,1,0,0,0,491,6533,1953,6304412,0,54095,1,178418,1795847,3598227,0,1161,0,0,0,0,0,0,0,0,0,0,0,0,0,0,0,0,0,0,0,0,0
write,537,4096,6102353,887895,7123,531,5195974,3716650,3,0,0,0,0,411,8185,2234,6102353,0,54095,1,159054,1848626,3341886,0,1163,0,0,0,0,0,0,0,0,0,0,0,0,0,0,0,0,0,0,0,0,0
write,538,4096,5744832,942698,6752,561,4778651,3296744,3,0,0,0,0,762,8385,7023,5744832,0,54095,1,127027,1841222,2931087,0,1752,0,0,0,0,0,0,0,0,0,0,0,0,0,0,0,0,0,0,0,0,0
write,539,4096,5717051,897012,9909,2074,4796043,3399575,4,1,0,0,0,621,8556,2836,5717051,0,54095,2,129781,1830372,2954850,0,3216,0,0,0,0,0,0,0,0,0,0,0,0,0,0,0,0,0,0,0,0,0
write,540,4096,5970556,1056391,7033,852,4896642,3418631,3,0,0,0,0,471,6883,2284,5970556,0,54095,0,132410,1858024,3032076,0,1432,0,0,0,0,0,0,0,0,0,0,0,0,0,0,0,0,0,0,0,0,0
write,541,4096,6081163,900809,7334,1242,5161920,3767886,3,0,0,0,0,581,7264,2013,6081163,0,54095,1,161208,1776832,3376422,0,2264,0,0,0,0,0,0,0,0,0,0,0,0,0,0,0,0,0,0,0,0,0
write,542,4096,26451001,893926,6573,561,25532398,3770212,4,1,0,0,0,601,12664,4278,26451001,0,54095,1,146804,22131220,3394335,0,1794,0,0,0,0,0,0,0,0,0,0,0,0,0,0,0,0,0,0,0,0,0
write,543,4096,6482335,1178700,8476,741,5282536,3896659,3,0,0,0,0,651,8246,2985,6482335,0,54095,0,166886,1772945,3501076,0,2393,0,0,0,0,0,0,0,0,0,0,0,0,0,0,0,0,0,0,0,0,0
write,544,4096,6217129,890480,10019,811,5306471,3742158,3,1,0,0,0,731,6763,1854,6217129,0,54095,1,159405,1925450,3372484,0,2414,0,0,0,0,0,0,0,0,0,0,0,0,0,0,0,0,0,0,0,0,0
write,545,4096,6062929,894327,6832,872,5150679,3847996,4,0,0,0,0,541,7494,2184,6062929,0,54095,3,167756,1688416,3454999,0,1863,0,0,0,0,0,0,0,0,0,0,0,0,0,0,0,0,0,0,0,0,0
write,546,4096,6325953,911910,8146,1062,5394365,3981829,3,0,0,0,0,732,7864,1874,6325953,0,54095,9,177909,1789475,3596794,0,2215,0,0,0,0,0,0,0,0,0,0,0,0,0,0,0,0,0,0,0,0,0
write,547,4096,6669977,888135,7254,661,5764470,4271592,4,0,0,0,0,531,6943,1983,6669977,0,54095,9,203557,1861060,3897188,0,1353,0,0,0,0,0,0,0,0,0,0,0,0,0,0,0,0,0,0,0,0,0
write,548,4096,6593394,890139,7304,661,5686644,4204986,3,0,0,0,0,480,6332,1834,6593394,0,54095,9,197872,1844819,3835974,0,1252,0,0,0,0,0,0,0,0,0,0,0,0,0,0,0,0,0,0,0,0,0
write,549,4096,5731127,884499,6973,641,4829296,3439322,3,1,0,0,0,581,7244,1893,5731127,0,54095,9,137427,1737378,3085486,0,1593,0,0,0,0,0,0,0,0,0,0,0,0,0,0,0,0,0,0,0,0,0
write,550,4096,5722671,900419,6883,651,4805180,3289740,4,0,0,0,0,471,7224,1843,5722671,0,54095,3,125558,1891237,2907202,0,1683,0,0,0,0,0,0,0,0,0,0,0,0,0,0,0,0,0,0,0,0,0
write,551,4096,5729113,895529,7214,531,4815129,3443349,4,0,0,0,0,641,8096,1973,5729113,0,54095,3,134785,1741756,3066691,0,1332,0,0,0,0,0,0,0,0,0,0,0,0,0,0,0,0,0,0,0,0,0
write,552,4096,6009919,936506,11041,1282,5047966,3550489,3,0,0,0,0,952,8415,3757,6009919,0,54095,9,139794,1910783,3128377,0,2335,0,0,0,0,0,0,0,0,0,0,0,0,0,0,0,0,0,0,0,0,0
write,553,4096,5848948,892504,8145,651,4935756,3500155,3,0,0,0,0,521,9097,2274,5848948,0,54095,9,140456,1828428,3100324,0,1463,0,0,0,0,0,0,0,0,0,0,0,0,0,0,0,0,0,0,0,0,0
write,554,4096,5956880,923051,7063,651,5014994,3537104,3,0,0,0,0,521,8326,2274,5956880,0,54095,9,141363,1848837,3159384,0,1222,0,0,0,0,0,0,0,0,0,0,0,0,0,0,0,0,0,0,0,0,0
write,555,4096,6255921,1103299,6993,621,5135100,3654264,3,1,0,0,0,591,7434,1883,6255921,0,54095,9,150515,1851502,3276945,0,1694,0,0,0,0,0,0,0,0,0,0,0,0,0,0,0,0,0,0,0,0,0
write,556,4096,5818060,909396,7764,742,4890600,3505857,3,0,0,0,0,581,7114,1863,5818060,0,54095,9,138188,1758678,3124920,0,1594,0,0,0,0,0,0,0,0,0,0,0,0,0,0,0,0,0,0,0,0,0
write,557,4096,6706295,890279,7084,611,5790468,4213202,3,0,0,0,0,892,11782,5179,6706295,0,54095,9,177353,1946961,3835993,0,1852,0,0,0,0,0,0,0,0,0,0,0,0,0,0,0,0,0,0,0,0,0
write,558,4096,6858682,1393383,9438,1032,5441614,4010010,4,0,0,0,0,631,9307,3277,6858682,0,54095,9,168604,1830974,3602496,0,1924,0,0,0,0,0,0,0,0,0,0,0,0,0,0,0,0,0,0,0,0,0
write,559,4096,7048076,1381030,9287,741,5644535,4145806,4,1,0,0,0,681,8987,2815,7048076,0,54095,9,175808,1868083,3769018,0,1894,0,0,0,0,0,0,0,0,0,0,0,0,0,0,0,0,0,0,0,0,0
write,560,4096,6949111,1374969,7514,741,5552893,4113695,4,0,0,0,0,471,9037,3486,6949111,0,54095,3,186257,1814082,3732570,0,1634,0,0,0,0,0,0,0,0,0,0,0,0,0,0,0,0,0,0,0,0,0
write,561,4096,6937148,1193327,8486,972,5724334,4339287,3,0,0,0,0,641,7504,1884,6937148,0,54095,9,204530,1766021,3950849,0,1684,0,0,0,0,0,0,0,0,0,0,0,0,0,0,0,0,0,0,0,0,0
write,562,4096,5983009,881793,6653,631,5075678,3549327,3,1,0,0,0,440,9759,8055,5983009,0,54095,9,141491,1889424,3179973,0,1404,0,0,0,0,0,0,0,0,0,0,0,0,0,0,0,0,0,0,0,0,0
write,563,4096,5925672,1057543,6953,601,4842651,3468544,4,0,0,0,0,401,14537,2986,5925672,0,54095,3,136137,1749892,3086738,0,1402,0,0,0,0,0,0,0,0,0,0,0,0,0,0,0,0,0,0,0,0,0
write,564,4096,6232687,1065658,6753,521,5150959,3572119,3,0,0,0,0,401,6522,1873,6232687,0,54095,3,147693,1936542,3208987,0,1042,0,0,0,0,0,0,0,0,0,0,0,0,0,0,0,0,0,0,0,0,0
write,565,4096,6021351,897904,6733,480,5105284,3696332,3,0,0,0,0,411,8335,2204,6021351,0,54095,3,158392,1765831,3334202,0,1142,0,0,0,0,0,0,0,0,0,0,0,0,0,0,0,0,0,0,0,0,0
write,566,4096,6148009,1021986,9759,581,5101626,3616411,3,0,0,0,0,421,10860,2776,6148009,0,54095,3,148689,1847454,3248090,0,1221,0,0,0,0,0,0,0,0,0,0,0,0,0,0,0,0,0,0,0,0,0
write,567,4096,6735200,1318603,11111,631,5386751,3917959,3,0,0,0,0,511,10159,7434,6735200,0,54095,3,169231,1841914,3538235,0,1673,0,0,0,0,0,0,0,0,0,0,0,0,0,0,0,0,0,0,0,0,0
write,568,4096,8539172,1178991,1682855,3908,5651978,4237688,3,0,0,0,0,2014,14607,4819,8539172,0,54095,3,184844,1884334,3745052,0,6022,0,0,0,0,0,0,0,0,0,0,0,0,0,0,0,0,0,0,0,0,0
write,569,4096,6605536,1062432,9788,1062,5520643,4019019,4,1,0,0,0,621,8997,1993,6605536,0,54095,10,172125,1960567,3550538,0,2324,0,0,0,0,0,0,0,0,0,0,0,0,0,0,0,0,0,0,0,0,0
write,570,4096,6593414,1017037,8837,761,5553885,4151756,4,0,0,0,0,361,10569,1964,6593414,0,54095,3,192112,1766182,3781481,0,1524,0,0,0,0,0,0,0,0,0,0,0,0,0,0,0,0,0,0,0,0,0
write,571,4096,7015906,1042114,8896,752,5951240,4367561,4,0,0,0,0,501,10610,1793,7015906,0,54095,3,207766,1964023,3981055,0,1312,0,0,0,0,0,0,0,0,0,0,0,0,0,0,0,0,0,0,0,0,0
write,572,4096,6989125,1048566,10089,911,5894894,4497766,3,1,0,0,0,1183,9968,23514,6989125,0,54095,3,217473,1748439,4138650,0,2153,0,0,0,0,0,0,0,0,0,0,0,0,0,0,0,0,0,0,0,0,0
write,573,4096,6686599,1106515,10239,1072,5558604,4064422,4,0,0,0,0,440,7454,2275,6686599,0,54095,3,183676,1868224,3683087,0,1753,0,0,0,0,0,0,0,0,0,0,0,0,0,0,0,0,0,0,0,0,0
write,574,4096,5925481,886903,7364,871,5020735,3567842,4,1,0,0,0,581,7023,2004,5925481,0,54095,1,143861,1828749,3184902,0,1942,0,0,0,0,0,0,0,0,0,0,0,0,0,0,0,0,0,0,0,0,0
write,575,4096,5924730,890059,7073,592,5016777,3623726,3,0,0,0,0,441,7854,1934,5924730,0,54095,3,148592,1753427,3257338,0,1443,0,0,0,0,0,0,0,0,0,0,0,0,0,0,0,0,0,0,0,0,0
write,576,4096,6076655,894076,7044,561,5165306,3688469,3,0,0,0,0,430,7394,1844,6076655,0,54095,3,155500,1835482,3324514,0,1113,0,0,0,0,0,0,0,0,0,0,0,0,0,0,0,0,0,0,0,0,0
write,577,4096,6008247,886453,6762,591,5103270,3670534,4,0,0,0,0,561,8426,2184,6008247,0,54095,3,148898,1802059,3294728,0,1484,0,0,0,0,0,0,0,0,0,0,0,0,0,0,0,0,0,0,0,0,0
write,578,4096,6205547,888155,8416,732,5298335,3717672,4,0,0,0,0,421,7534,1954,6205547,0,54095,3,156462,1953563,3338570,0,1392,0,0,0,0,0,0,0,0,0,0,0,0,0,0,0,0,0,0,0,0,0
write,579,4096,6011283,893215,7344,541,5098841,3656359,3,0,0,0,0,401,8626,2315,6011283,0,54095,3,152338,1801598,3292073,0,952,0,0,0,0,0,0,0,0,0,0,0,0,0,0,0,0,0,0,0,0,0
write,580,4096,6249008,955391,10570,1232,5274140,3784739,4,0,0,0,0,331,5029,2315,6249008,0,54095,9,159402,1872932,3393764,0,2035,0,0,0,0,0,0,0,0,0,0,0,0,0,0,0,0,0,0,0,0,0
write,581,4096,6275928,908283,7213,612,5349501,3867473,3,0,0,0,0,401,7965,1953,6275928,0,54095,3,164514,1846272,3497769,0,1233,0,0,0,0,0,0,0,0,0,0,0,0,0,0,0,0,0,0,0,0,0
write,582,4096,6246854,893235,7604,581,5334193,3943564,4,0,0,0,0,371,8626,2244,6246854,0,54095,3,173003,1759499,3569444,0,1073,0,0,0,0,0,0,0,0,0,0,0,0,0,0,0,0,0,0,0,0,0
write,583,4096,6602100,1004954,8677,871,5571849,4071005,3,0,0,0,0,1072,9087,5590,6602100,0,54095,3,182073,1867241,3696392,0,2093,0,0,0,0,0,0,0,0,0,0,0,0,0,0,0,0,0,0,0,0,0
write,584,4096,6450746,921107,8115,1373,5507638,4102845,4,0,0,0,0,741,8747,3025,6450746,0,54095,9,181590,1789816,3708474,0,2476,0,0,0,0,0,0,0,0,0,0,0,0,0,0,0,0,0,0,0,0,0
write,585,4096,7264913,1000256,7063,632,6243497,4612752,4,0,0,0,0,641,9208,3616,7264913,0,54095,9,224528,2001313,4234761,0,1633,0,0,0,0,0,0,0,0,0,0,0,0,0,0,0,0,0,0,0,0,0
write,586,4096,6508695,944631,7614,742,5546039,4100050,4,1,0,0,0,652,6832,2185,6508695,0,54095,9,178661,1820864,3718343,0,1834,0,0,0,0,0,0,0,0,0,0,0,0,0,0,0,0,0,0,0,0,0
write,587,4096,5808912,900398,8005,952,4888687,3405468,3,0,0,0,0,441,7915,2514,5808912,0,54095,3,128580,1858725,3023680,0,1652,0,0,0,0,0,0,0,0,0,0,0,0,0,0,0,0,0,0,0,0,0
write,588,4096,5967260,892594,6522,551,5057464,3580485,4,0,0,0,0,591,7474,2064,5967260,0,54095,3,144674,1857052,3194350,0,1171,0,0,0,0,0,0,0,0,0,0,0,0,0,0,0,0,0,0,0,0,0
write,589,4096,6161925,1085416,8265,812,5057333,3662028,4,0,0,0,0,571,7564,1964,6161925,0,54095,9,151698,1762395,3288106,0,1643,0,0,0,0,0,0,0,0,0,0,0,0,0,0,0,0,0,0,0,0,0
write,590,4096,6375926,889418,8516,701,5467432,3968423,4,1,0,0,0,421,7625,1813,6375926,0,54095,9,175882,1861561,3599900,0,1353,0,0,0,0,0,0,0,0,0,0,0,0,0,0,0,0,0,0,0,0,0
write,591,4096,6183094,894277,6732,631,5271606,3882882,3,0,0,0,0,380,7194,2274,6183094,0,54095,3,170597,1751344,3514150,0,1433,0,0,0,0,0,0,0,0,0,0,0,0,0,0,0,0,0,0,0,0,0
write,592,4096,6477957,951514,8546,872,5507708,4085552,4,0,0,0,0,561,6823,1933,6477957,0,54095,9,182539,1800195,3700469,0,1634,0,0,0,0,0,0,0,0,0,0,0,0,0,0,0,0,0,0,0,0,0
write,593,4096,6388800,889297,8296,561,5477491,4044636,4,0,0,0,0,892,8245,4018,6388800,0,54095,9,183204,1799193,3672206,0,1361,0,0,0,0,0,0,0,0,0,0,0,0,0,0,0,0,0,0,0,0,0
write,594,4096,6656673,899296,7184,741,5737349,4227519,3,0,0,0,0,681,8616,2806,6656673,0,54095,9,195358,1874094,3856191,0,1504,0,0,0,0,0,0,0,0,0,0,0,0,0,0,0,0,0,0,0,0,0
write,595,4096,7020024,889157,7715,631,6107873,4556716,3,1,0,0,0,792,11431,2425,7020024,0,54095,9,222359,1907236,4192322,0,2154,0,0,0,0,0,0,0,0,0,0,0,0,0,0,0,0,0,0,0,0,0
write,596,4096,7268440,1058986,6562,691,6191871,4763294,4,0,0,0,0,431,7815,2084,7268440,0,54095,3,240229,1806608,4378330,0,1704,0,0,0,0,0,0,0,0,0,0,0,0,0,0,0,0,0,0,0,0,0
write,597,4096,7180825,909164,9458,752,6249959,4865586,3,0,0,0,0,541,8386,2565,7180825,0,54095,9,253347,1744251,4499307,0,1373,0,0,0,0,0,0,0,0,0,0,0,0,0,0,0,0,0,0,0,0,0
write,598,4096,6085561,969347,7194,611,5098451,3601244,4,1,0,0,0,621,7113,2224,6085561,0,54095,9,143249,1877100,3214809,0,1352,0,0,0,0,0,0,0,0,0,0,0,0,0,0,0,0,0,0,0,0,0
write,599,4096,6420059,892063,11351,912,5503220,4093817,3,0,0,0,0,982,7965,3566,6420059,0,54095,3,148407,1954996,3539167,0,2144,0,0,0,0,0,0,0,0,0,0,0,0,0,0,0,0,0,0,0,0,0
write,600,4096,6237997,909065,8546,1142,5307462,3796041,3,0,0,0,0,501,8937,2344,6237997,0,54095,9,160902,1879835,3419342,0,2205,0,0,0,0,0,0,0,0,0,0,0,0,0,0,0,0,0,0,0,0,0
write,601,4096,6129013,1030793,7124,561,5081578,3699479,4,0,0,0,0,441,6513,2003,6129013,0,54095,9,154380,1747557,3328702,0,1103,0,0,0,0,0,0,0,0,0,0,0,0,0,0,0,0,0,0,0,0,0
write,602,4096,6237015,893686,6762,551,5326138,3834082,3,0,0,0,0,501,7093,2284,6237015,0,54095,9,168634,1852774,3467221,0,1293,0,0,0,0,0,0,0,0,0,0,0,0,0,0,0,0,0,0,0,0,0
write,603,4096,5979042,891622,7965,651,5068535,3625390,3,0,0,0,0,450,7825,1994,5979042,0,54095,9,148525,1810715,3251848,0,1222,0,0,0,0,0,0,0,0,0,0,0,0,0,0,0,0,0,0,0,0,0
write,604,4096,6202300,893325,7183,581,5291262,3921565,4,1,0,0,0,581,7054,2314,6202300,0,54095,9,167172,1760271,3524670,0,1433,0,0,0,0,0,0,0,0,0,0,0,0,0,0,0,0,0,0,0,0,0
write,605,4096,6407566,1081969,8145,782,5301080,3819203,4,0,0,0,0,451,8556,6583,6407566,0,54095,3,161960,1858795,3435993,0,1383,0,0,0,0,0,0,0,0,0,0,0,0,0,0,0,0,0,0,0,0,0
write,606,4096,6548490,1050981,6833,581,5478012,4086766,4,0,0,0,0,421,6442,5220,6548490,0,54095,3,184140,1757676,3715147,0,1062,0,0,0,0,0,0,0,0,0,0,0,0,0,0,0,0,0,0,0,0,0
write,607,4096,6576122,883096,7074,531,5674029,4158077,3,0,0,0,0,411,8697,2284,6576122,0,54095,3,186921,1906755,3761693,0,1193,0,0,0,0,0,0,0,0,0,0,0,0,0,0,0,0,0,0,0,0,0
write,608,4096,6835768,1034469,7535,591,5769719,4334298,4,0,0,0,0,701,19767,2986,6835768,0,54095,3,197449,1807760,3954997,0,1654,0,0,0,0,0,0,0,0,0,0,0,0,0,0,0,0,0,0,0,0,0
write,609,4096,6617789,889999,7854,972,5707924,4225174,4,0,0,0,0,491,8415,2134,6617789,0,54095,3,191450,1863324,3837466,0,1631,0,0,0,0,0,0,0,0,0,0,0,0,0,0,0,0,0,0,0,0,0
write,610,4096,6721013,889869,7113,581,5813121,4333768,4,0,0,0,0,421,7935,1973,6721013,0,54095,3,201685,1841403,3966127,0,1133,0,0,0,0,0,0,0,0,0,0,0,0,0,0,0,0,0,0,0,0,0
write,611,4096,5879014,892684,8306,761,4967064,3581599,3,0,0,0,0,622,7604,1973,5879014,0,54095,3,144142,1756453,3204048,0,1453,0,0,0,0,0,0,0,0,0,0,0,0,0,0,0,0,0,0,0,0,0
write,612,4096,5978421,886683,6993,631,5074877,3593689,4,0,0,0,0,421,7003,1813,5978421,0,54095,3,142982,1850751,3218205,0,1332,0,0,0,0,0,0,0,0,0,0,0,0,0,0,0,0,0,0,0,0,0
write,613,4096,5893882,901410,7484,581,4974869,3579194,4,0,0,0,0,381,7113,2044,5893882,0,54095,3,145902,1762555,3207204,0,1042,0,0,0,0,0,0,0,0,0,0,0,0,0,0,0,0,0,0,0,0,0
write,614,4096,6574428,932709,9518,1032,5619588,4103297,4,0,0,0,0,651,8476,2454,6574428,0,54095,9,183819,1895805,3715548,0,2274,0,0,0,0,0,0,0,0,0,0,0,0,0,0,0,0,0,0,0,0,0
write,615,4096,15066132,956043,19827,3146,14071597,4248167,3,1,113,0,0,1072,10259,4188,15066132,0,54095,9,164984,10312969,3743440,0,4387,0,0,0,0,0,0,0,0,0,0,0,0,0,0,0,0,0,0,0,0,0
write,616,4096,7063736,1126473,8095,701,5917787,4431060,4,0,130,0,0,481,7695,2504,7063736,0,54095,3,186641,1870248,4039575,0,1933,0,0,0,0,0,0,0,0,0,0,0,0,0,0,0,0,0,0,0,0,0
write,617,4096,6670759,890420,8025,631,5761594,4382050,4,0,130,0,0,601,7284,2204,6670759,0,54095,3,184045,1756503,3997686,0,1644,0,0,0,0,0,0,0,0,0,0,0,0,0,0,0,0,0,0,0,0,0
write,618,4096,6851628,901189,7715,952,5931462,4438484,4,0,131,0,0,652,7734,1924,6851628,0,54095,9,193625,1871460,4051988,0,2094,0,0,0,0,0,0,0,0,0,0,0,0,0,0,0,0,0,0,0,0,0
write,619,4096,7112969,893546,7113,612,6200647,4773724,3,0,130,0,0,561,7865,2625,7112969,0,54095,9,223926,1793974,4400663,0,1263,0,0,0,0,0,0,0,0,0,0,0,0,0,0,0,0,0,0,0,0,0
write,620,4096,7216322,1005466,6923,751,6193714,4596350,3,0,130,0,0,481,7144,1843,7216322,0,54095,9,209122,1971086,4216356,0,1333,0,0,0,0,0,0,0,0,0,0,0,0,0,0,0,0,0,0,0,0,0
write,621,4096,6197471,915737,6402,812,5265003,3847016,3,1,130,0,0,561,7163,1793,6197471,0,54095,9,145626,1764529,3493781,0,1523,0,0,0,0,0,0,0,0,0,0,0,0,0,0,0,0,0,0,0,0,0
write,622,4096,6359606,1059457,7754,642,5281233,3800659,3,0,130,0,0,421,7023,3076,6359606,0,54095,9,141312,1855499,3419763,0,1302,0,0,0,0,0,0,0,0,0,0,0,0,0,0,0,0,0,0,0,0,0
write,623,4096,6197711,886442,7333,592,5294327,3858788,3,0,130,0,0,471,6452,2094,6197711,0,54095,9,148979,1792401,3496307,0,1173,0,0,0,0,0,0,0,0,0,0,0,0,0,0,0,0,0,0,0,0,0
write,624,4096,6290306,891332,7233,591,5379929,3985615,4,1,130,0,0,621,8285,2315,6290306,0,54095,9,153761,1800777,3572890,0,1453,0,0,0,0,0,0,0,0,0,0,0,0,0,0,0,0,0,0,0,0,0
write,625,4096,6487345,979977,7444,602,5487670,4028895,3,0,130,0,0,511,8927,2214,6487345,0,54095,3,158643,1836223,3645065,0,1503,0,0,0,0,0,0,0,0,0,0,0,0,0,0,0,0,0,0,0,0,0
write,626,4096,6403368,1075507,7274,701,5309276,3906216,3,0,131,0,0,571,7765,2274,6403368,0,54095,3,145981,1768987,3534348,0,1382,0,0,0,0,0,0,0,0,0,0,0,0,0,0,0,0,0,0,0,0,0
write,627,4096,6472347,1010084,7524,641,5443979,3928238,3,0,130,0,0,681,7654,1784,6472347,0,54095,3,152739,1880757,3556820,0,1522,0,0,0,0,0,0,0,0,0,0,0,0,0,0,0,0,0,0,0,0,0
write,628,4096,6423786,915457,8385,772,5488512,4035359,3,0,130,0,0,531,7784,2345,6423786,0,54095,9,156949,1827887,3653371,0,1823,0,0,0,0,0,0,0,0,0,0,0,0,0,0,0,0,0,0,0,0,0
write,629,4096,6951796,1282014,7915,591,5647751,4151957,3,0,130,0,0,501,9267,3757,6951796,0,54095,9,159718,1890004,3751083,0,2044,0,0,0,0,0,0,0,0,0,0,0,0,0,0,0,0,0,0,0,0,0
write,630,4096,6703601,890490,7975,631,5794757,4298833,3,0,131,0,0,470,7004,2274,6703601,0,54095,9,179707,1869476,3919470,0,1302,0,0,0,0,0,0,0,0,0,0,0,0,0,0,0,0,0,0,0,0,0
write,631,4096,4660830,886833,7354,571,3753378,2263986,2,0,131,0,0,592,9127,2975,4660830,0,54095,9,24603,1919219,1689959,0,2085,0,0,0,0,0,0,0,0,0,0,0,0,0,0,0,0,0,0,0,0,0
write,632,4096,5075387,1348970,7674,601,3705839,2136818,3,0,130,0,0,481,8616,3206,5075387,0,54095,9,24656,1944756,1755051,0,1272,0,0,0,0,0,0,0,0,0,0,0,0,0,0,0,0,0,0,0,0,0
write,633,4096,4616146,1115031,9708,762,3479304,2037280,4,0,130,0,0,501,8436,2404,4616146,0,54095,9,24631,1821235,1650676,0,1544,0,0,0,0,0,0,0,0,0,0,0,0,0,0,0,0,0,0,0,0,0
write,634,4096,4447199,884699,9307,732,3541461,2051547,3,0,130,0,0,491,8125,2384,4447199,0,54095,9,24619,1855640,1679439,0,1583,0,0,0,0,0,0,0,0,0,0,0,0,0,0,0,0,0,0,0,0,0
write,635,4096,4444705,889468,9307,852,3531713,2041158,3,0,130,0,0,561,10670,2134,4444705,0,54095,9,24644,1855078,1669891,0,1514,0,0,0,0,0,0,0,0,0,0,0,0,0,0,0,0,0,0,0,0,0
write,636,4096,4378621,891121,9799,731,3465819,2056416,3,0,130,0,0,511,8476,2164,4378621,0,54095,9,24658,1792231,1666685,0,1684,0,0,0,0,0,0,0,0,0,0,0,0,0,0,0,0,0,0,0,0,0
write,637,4096,4552216,891051,9528,711,3637962,2043163,3,0,130,0,0,491,10429,2044,4552216,0,54095,9,24660,1965746,1665573,0,1593,0,0,0,0,0,0,0,0,0,0,0,0,0,0,0,0,0,0,0,0,0
write,638,4096,4376427,885481,9467,732,3469185,2058000,3,0,131,0,0,631,8536,2395,4376427,0,54095,9,24680,1785298,1677506,0,1412,0,0,0,0,0,0,0,0,0,0,0,0,0,0,0,0,0,0,0,0,0
write,639,4096,4638417,885831,9147,771,3730005,2261412,3,0,130,0,0,521,10249,1893,4638417,0,54095,9,24675,1849138,1873924,0,1464,0,0,0,0,0,0,0,0,0,0,0,0,0,0,0,0,0,0,0,0,0
write,640,4096,4445326,885681,9428,751,3536762,2094138,3,0,130,0,0,561,8747,3396,4445326,0,54095,9,24682,1825434,1704707,0,1503,0,0,0,0,0,0,0,0,0,0,0,0,0,0,0,0,0,0,0,0,0
write,641,4096,4994416,1386230,8085,1182,3585714,2100990,4,0,130,0,0,621,9718,2866,4994416,0,54095,9,24670,1876429,1701621,0,1743,0,0,0,0,0,0,0,0,0,0,0,0,0,0,0,0,0,0,0,0,0
write,642,4096,4965872,1386540,8215,711,3558734,2071705,3,0,130,0,0,631,8325,2716,4965872,0,54095,9,24662,1872341,1680120,0,1343,0,0,0,0,0,0,0,0,0,0,0,0,0,0,0,0,0,0,0,0,0
write,643,4096,4874861,1386460,7524,651,3468374,2063409,3,0,130,0,0,501,8576,2775,4874861,0,54095,9,24671,1781851,1680010,0,1613,0,0,0,0,0,0,0,0,0,0,0,0,0,0,0,0,0,0,0,0,0
write,644,4096,5068234,1391609,7404,672,3655865,2085671,4,0,131,0,0,651,9338,2695,5068234,0,54095,9,24668,1954355,1695269,0,1452,0,0,0,0,0,0,0,0,0,0,0,0,0,0,0,0,0,0,0,0,0
write,645,4096,4683632,1206252,7594,942,3456722,2054094,4,0,130,0,0,591,9137,2394,4683632,0,54095,9,24661,1783925,1665162,0,1813,0,0,0,0,0,0,0,0,0,0,0,0,0,0,0,0,0,0,0,0,0
write,646,4096,4636455,1076248,7044,671,3542122,2058952,3,0,130,0,0,611,7595,2164,4636455,0,54095,9,24669,1860048,1675633,0,1392,0,0,0,0,0,0,0,0,0,0,0,0,0,0,0,0,0,0,0,0,0
write,647,4096,4429566,888516,7154,661,3521904,2072086,4,0,130,0,0,561,8316,2454,4429566,0,54095,9,24656,1834009,1681292,0,1473,0,0,0,0,0,0,0,0,0,0,0,0,0,0,0,0,0,0,0,0,0
write,648,4096,4336421,887003,7905,731,3431705,2058401,4,0,130,0,0,591,6663,1823,4336421,0,54095,9,24682,1758959,1666345,0,1442,0,0,0,0,0,0,0,0,0,0,0,0,0,0,0,0,0,0,0,0,0
write,649,4096,5381742,903464,6152,831,4440206,2960744,4,0,130,0,0,942,18896,11251,5381742,0,54095,9,24657,1867102,2563818,0,2182,0,0,0,0,0,0,0,0,0,0,0,0,0,0,0,0,0,0,0,0,0
write,650,4096,5980375,1490275,11982,1142,4461386,3036426,3,0,131,0,0,832,10760,3998,5980375,0,54095,3,24671,1869135,2581310,0,2544,0,0,0,0,0,0,0,0,0,0,0,0,0,0,0,0,0,0,0,0,0
write,651,4096,4894478,992341,12143,901,3852504,2264568,3,1,130,0,0,842,25438,10309,4894478,0,54095,3,24662,2013716,1829390,0,2555,0,0,0,0,0,0,0,0,0,0,0,0,0,0,0,0,0,0,0,0,0
write,652,4096,5738701,1111184,14236,1183,4598793,2092945,4,0,130,0,0,742,9588,2975,5738701,0,54095,9,24683,2904467,1685300,0,2243,0,0,0,0,0,0,0,0,0,0,0,0,0,0,0,0,0,0,0,0,0
write,653,4096,4440036,895119,8836,982,3522566,2031170,4,0,130,0,0,571,9788,2174,4440036,0,54095,9,24650,1861170,1653832,0,1674,0,0,0,0,0,0,0,0,0,0,0,0,0,0,0,0,0,0,0,0,0
write,654,4096,4434836,890941,9387,792,3523467,2075062,3,0,131,0,0,621,7113,2515,4434836,0,54095,9,24665,1825984,1690189,0,1482,0,0,0,0,0,0,0,0,0,0,0,0,0,0,0,0,0,0,0,0,0
write,655,4096,5452054,888186,7494,681,4545384,3160748,4,0,130,0,0,510,7845,1954,5452054,0,54095,9,104618,1759299,2779222,0,1363,0,0,0,0,0,0,0,0,0,0,0,0,0,0,0,0,0,0,0,0,0
write,656,4096,6061646,888095,6302,721,5154656,3644716,3,0,130,0,0,621,8727,2524,6061646,0,54095,9,137072,1865368,3282575,0,1474,0,0,0,0,0,0,0,0,0,0,0,0,0,0,0,0,0,0,0,0,0
write,657,4096,6203042,1109370,8015,691,5073965,3671977,4,0,130,0,0,541,8185,2275,6203042,0,54095,9,134831,1789927,3277355,0,1394,0,0,0,0,0,0,0,0,0,0,0,0,0,0,0,0,0,0,0,0,0
write,658,4096,6262654,903976,6953,901,5339062,3755403,4,0,130,0,0,631,8797,2334,6262654,0,54095,9,138448,1964154,3367435,0,1794,0,0,0,0,0,0,0,0,0,0,0,0,0,0,0,0,0,0,0,0,0
write,659,4096,6960001,1068514,9678,1162,5867583,4479702,3,0,130,0,0,671,9899,2494,6960001,0,54095,9,197711,1765170,4094057,0,2255,0,0,0,0,0,0,0,0,0,0,0,0,0,0,0,0,0,0,0,0,0
write,660,4096,5938065,887775,7033,1102,5027007,3537063,4,0,130,0,0,711,7795,6642,5938065,0,54095,9,123598,1872741,3146651,0,1694,0,0,0,0,0,0,0,0,0,0,0,0,0,0,0,0,0,0,0,0,0
write,661,4096,6103826,885180,7514,621,5199270,3766685,4,0,131,0,0,541,8496,2204,6103826,0,54095,9,138275,1811197,3381591,0,1414,0,0,0,0,0,0,0,0,0,0,0,0,0,0,0,0,0,0,0,0,0
write,662,4096,5946240,886623,7664,711,5033689,3648173,3,0,130,0,0,531,9318,7704,5946240,0,54095,9,134181,1742548,3285110,0,1393,0,0,0,0,0,0,0,0,0,0,0,0,0,0,0,0,0,0,0,0,0
write,663,4096,5958032,882014,7514,621,5055380,3574163,4,0,130,0,0,481,9618,2404,5958032,0,54095,9,126379,1863073,3186044,0,1433,0,0,0,0,0,0,0,0,0,0,0,0,0,0,0,0,0,0,0,0,0
write,664,4096,6172685,1078873,7414,661,5075488,3671155,4,0,130,0,0,481,7674,2094,6172685,0,54095,9,134443,1769799,3299618,0,1392,0,0,0,0,0,0,0,0,0,0,0,0,0,0,0,0,0,0,0,0,0
write,665,4096,6246704,884018,7233,651,5343080,3746997,4,0,130,0,0,571,8365,2786,6246704,0,54095,9,133121,1990834,3345113,0,1863,0,0,0,0,0,0,0,0,0,0,0,0,0,0,0,0,0,0,0,0,0
write,666,4096,6119996,892333,7594,701,5208788,3762246,3,0,131,0,0,561,8025,1994,6119996,0,54095,9,140047,1819462,3382923,0,1434,0,0,0,0,0,0,0,0,0,0,0,0,0,0,0,0,0,0,0,0,0
write,667,4096,8989778,892244,7664,681,8068600,5103041,6,1,130,0,0,1854,12363,6372,8989778,0,54095,9,165730,3384316,4669406,0,3247,0,0,0,0,0,0,0,0,0,0,0,0,0,0,0,0,0,0,0,0,0
write,668,4096,24068603,949912,13575,1473,23087493,4125838,4,0,130,0,0,1172,10270,4708,24068603,0,54095,9,154997,19441607,3630598,0,4639,0,0,0,0,0,0,0,0,0,0,0,0,0,0,0,0,0,0,0,0,0
write,669,4096,6283543,909055,10680,1322,5352277,3845302,3,0,130,0,0,721,7294,2194,6283543,0,54095,9,147467,1895985,3446874,0,2364,0,0,0,0,0,0,0,0,0,0,0,0,0,0,0,0,0,0,0,0,0
write,670,4096,6366188,893015,7594,691,5454168,3797472,3,0,43,0,0,501,7924,2295,6366188,0,54095,9,157909,2031880,3415965,0,1514,0,0,0,0,0,0,0,0,0,0,0,0,0,0,0,0,0,0,0,0,0
write,671,4096,6764435,1047415,9858,902,5695760,4308912,3,0,0,0,0,571,7975,1954,6764435,0,54095,9,149627,1814733,3872993,0,1964,0,0,0,0,0,0,0,0,0,0,0,0,0,0,0,0,0,0,0,0,0
write,672,4096,6097614,888947,8145,672,5184562,3667128,3,0,0,0,0,1072,10560,3656,6097614,0,54095,9,149377,1884674,3292084,0,1925,0,0,0,0,0,0,0,0,0,0,0,0,0,0,0,0,0,0,0,0,0
write,673,4096,6065044,926368,8085,1262,5113549,3683760,4,0,0,0,0,912,10109,4759,6065044,0,54095,9,150900,1844599,3259342,0,2385,0,0,0,0,0,0,0,0,0,0,0,0,0,0,0,0,0,0,0,0,0
write,674,4096,6293522,1085426,9307,962,5186526,3697444,3,1,0,0,0,741,8336,2224,6293522,0,54095,9,153476,1866480,3310848,0,2816,0,0,0,0,0,0,0,0,0,0,0,0,0,0,0,0,0,0,0,0,0
write,675,4096,6303972,1022718,8646,822,5260735,3818091,3,0,0,0,0,481,8245,2325,6303972,0,54095,3,167341,1814342,3439560,0,1762,0,0,0,0,0,0,0,0,0,0,0,0,0,0,0,0,0,0,0,0,0
write,676,4096,6200297,936497,10790,1312,5240728,3874857,4,0,0,0,0,681,7905,2384,6200297,0,54095,1,163331,1817898,3413491,0,2503,0,0,0,0,0,0,0,0,0,0,0,0,0,0,0,0,0,0,0,0,0
write,677,4096,5823581,922180,6161,541,4882025,3398464,4,0,0,0,0,371,10429,1874,5823581,0,54095,1,135044,1849208,3027848,0,931,0,0,0,0,0,0,0,0,0,0,0,0,0,0,0,0,0,0,0,0,0
write,678,4096,5730977,915587,8196,601,4797466,3403302,3,0,0,0,0,371,6682,2074,5730977,0,54095,1,137844,1749550,3042416,0,1140,0,0,0,0,0,0,0,0,0,0,0,0,0,0,0,0,0,0,0,0,0
write,679,4096,6389461,890459,6853,611,5479596,3966710,4,0,0,0,0,521,9067,2354,6389461,0,54095,1,179842,1879966,3593328,0,1303,0,0,0,0,0,0,0,0,0,0,0,0,0,0,0,0,0,0,0,0,0
write,680,4096,5856282,943750,9217,822,4888086,3434512,3,1,0,0,0,851,9538,4018,5856282,0,54095,1,134906,1834551,3045662,0,1853,0,0,0,0,0,0,0,0,0,0,0,0,0,0,0,0,0,0,0,0,0
write,681,4096,5903149,908563,7855,882,4975319,3486499,3,0,0,0,0,431,7885,2214,5903149,0,54095,3,139543,1870437,3097869,0,1312,0,0,0,0,0,0,0,0,0,0,0,0,0,0,0,0,0,0,0,0,0
write,682,4096,5950278,993122,7664,932,4938501,3465741,3,0,0,0,0,791,7204,2064,5950278,0,54095,9,136812,1856712,3073193,0,2213,0,0,0,0,0,0,0,0,0,0,0,0,0,0,0,0,0,0,0,0,0
write,683,4096,5904481,890780,7093,581,4996319,3602506,4,0,0,0,0,501,7194,2013,5904481,0,54095,9,147817,1775249,3214959,0,1312,0,0,0,0,0,0,0,0,0,0,0,0,0,0,0,0,0,0,0,0,0
write,684,4096,6288112,887254,6873,902,5383124,3830612,4,0,0,0,0,521,7174,2264,6288112,0,54095,9,169624,1931452,3445050,0,1504,0,0,0,0,0,0,0,0,0,0,0,0,0,0,0,0,0,0,0,0,0
write,685,4096,5795178,977183,6883,581,4799881,3422660,4,1,0,0,0,460,7935,2255,5795178,0,54095,9,131716,1746305,3047796,0,1193,0,0,0,0,0,0,0,0,0,0,0,0,0,0,0,0,0,0,0,0,0
write,686,4096,6048612,1009724,7494,641,5012589,3496569,3,0,0,0,0,491,7855,9818,6048612,0,54095,9,140272,1893340,3113128,0,1262,0,0,0,0,0,0,0,0,0,0,0,0,0,0,0,0,0,0,0,0,0
write,687,4096,5906095,995897,6723,631,4893096,3452054,4,0,0,0,0,481,7313,1954,5906095,0,54095,9,134720,1833037,3054268,0,1202,0,0,0,0,0,0,0,0,0,0,0,0,0,0,0,0,0,0,0,0,0
write,688,4096,5926914,888015,6943,621,5019833,3538645,3,0,0,0,0,451,8927,2124,5926914,0,54095,9,144124,1847845,3166127,0,1224,0,0,0,0,0,0,0,0,0,0,0,0,0,0,0,0,0,0,0,0,0
write,689,4096,5878543,912350,8236,711,4947127,3488664,4,0,0,0,0,531,7404,2184,5878543,0,54095,9,136657,1842144,3098611,0,1333,0,0,0,0,0,0,0,0,0,0,0,0,0,0,0,0,0,0,0,0,0
write,690,4096,5968381,883496,6733,621,5068054,3672167,3,0,0,0,0,571,7113,1793,5968381,0,54095,9,150038,1769408,3292784,0,1232,0,0,0,0,0,0,0,0,0,0,0,0,0,0,0,0,0,0,0,0,0
write,691,4096,6121880,918743,7654,711,5185043,3672158,4,1,0,0,0,651,7144,1934,6121880,0,54095,9,152258,1878993,3298946,0,1723,0,0,0,0,0,0,0,0,0,0,0,0,0,0,0,0,0,0,0,0,0
write,692,4096,6197021,899287,7153,661,5276885,3871671,4,0,0,0,0,441,7334,5260,6197021,0,54095,3,168758,1787181,3483542,0,1532,0,0,0,0,0,0,0,0,0,0,0,0,0,0,0,0,0,0,0,0,0
write,693,4096,6120927,894938,6752,561,5209209,3840252,4,0,0,0,0,481,7173,1813,6120927,0,54095,3,168612,1737989,3465328,0,1254,0,0,0,0,0,0,0,0,0,0,0,0,0,0,0,0,0,0,0,0,0
write,694,4096,93139414,955592,7153,622,92152393,3670324,3,0,0,0,0,1783,15349,6522,93139414,0,54095,3,146416,88857544,3282335,0,2374,0,0,0,0,0,0,0,0,0,0,0,0,0,0,0,0,0,0,0,0,0
write,695,4096,6398708,1183138,9578,1152,5192367,3651790,4,0,0,0,0,811,8747,2915,6398708,0,54095,3,147926,1936571,3246468,0,2445,0,0,0,0,0,0,0,0,0,0,0,0,0,0,0,0,0,0,0,0,0
write,696,4096,6644740,1004844,11552,1352,5613326,3818081,3,0,0,0,0,441,10089,3136,6644740,0,54095,8,155929,2253165,3350824,0,2885,0,0,0,0,0,0,0,0,0,0,0,0,0,0,0,0,0,0,0,0,0
write,697,4096,6267253,1005676,6763,641,5244896,3833191,3,0,0,0,0,581,6903,1793,6267253,0,54095,3,161107,1784015,3454828,0,1392,0,0,0,0,0,0,0,0,0,0,0,0,0,0,0,0,0,0,0,0,0
write,698,4096,6155583,896171,7354,631,5240968,3849279,3,0,0,0,0,541,7564,2354,6155583,0,54095,3,166383,1757084,3477701,0,1413,0,0,0,0,0,0,0,0,0,0,0,0,0,0,0,0,0,0,0,0,0
write,699,4096,6584427,1121663,8056,951,5437968,3955840,3,0,0,0,0,1122,10259,4408,6584427,0,54095,3,168753,1889483,3540629,0,1794,0,0,0,0,0,0,0,0,0,0,0,0,0,0,0,0,0,0,0,0,0
write,700,4096,6932861,1181376,7504,681,5723443,4292803,4,0,0,0,0,1102,14066,4689,6932861,0,54095,3,196243,1834060,3879705,0,2545,0,0,0,0,0,0,0,0,0,0,0,0,0,0,0,0,0,0,0,0,0
write,701,4096,6527360,1161749,14477,1453,5335304,3740064,3,0,0,0,0,722,10029,3626,6527360,0,54095,9,146249,2067287,3257138,0,3106,0,0,0,0,0,0,0,0,0,0,0,0,0,0,0,0,0,0,0,0,0
write,702,4096,6020810,923472,9157,1142,5069927,3703186,3,0,0,0,0,1302,10610,5200,6020810,0,54095,3,147089,1758939,3300529,0,3026,0,0,0,0,0,0,0,0,0,0,0,0,0,0,0,0,0,0,0,0,0
write,703,4096,6166483,915136,9788,1563,5228004,3805388,4,0,0,0,0,871,8196,2925,6166483,0,54095,3,156877,1831645,3385288,0,2984,0,0,0,0,0,0,0,0,0,0,0,0,0,0,0,0,0,0,0,0,0
write,704,4096,6060215,896993,7914,682,5143585,3696343,4,0,0,0,0,531,8295,2215,6060215,0,54095,3,154583,1829821,3306951,0,1603,0,0,0,0,0,0,0,0,0,0,0,0,0,0,0,0,0,0,0,0,0
write,705,4096,7081339,947657,6833,982,6114165,4725263,3,0,0,0,0,952,8365,2385,7081339,0,54095,9,139721,1766672,4337153,0,2784,0,0,0,0,0,0,0,0,0,0,0,0,0,0,0,0,0,0,0,0,0
write,706,4096,6140284,888746,9809,931,5227743,3732469,4,0,0,0,0,802,9007,3246,6140284,0,54095,9,154161,1891897,3328071,0,1852,0,0,0,0,0,0,0,0,0,0,0,0,0,0,0,0,0,0,0,0,0
write,707,4096,6003879,893746,7805,982,5089503,3668841,3,0,0,0,0,692,7784,3367,6003879,0,54095,9,152072,1787141,3294117,0,1954,0,0,0,0,0,0,0,0,0,0,0,0,0,0,0,0,0,0,0,0,0
write,708,4096,6402075,893876,7494,571,5488923,3903480,4,1,0,0,0,741,8206,2264,6402075,0,54095,9,169725,1960286,3521033,0,1783,0,0,0,0,0,0,0,0,0,0,0,0,0,0,0,0,0,0,0,0,0
write,709,4096,5840081,888726,7043,902,4931297,3509982,3,0,0,0,0,561,9157,2395,5840081,0,54095,0,139335,1803832,3120151,0,1823,0,0,0,0,0,0,0,0,0,0,0,0,0,0,0,0,0,0,0,0,0
write,710,4096,6199375,1003312,6272,601,5179132,3679831,3,0,0,0,0,521,7554,1983,6199375,0,54095,0,155422,1870378,3302583,0,1373,0,0,0,0,0,0,0,0,0,0,0,0,0,0,0,0,0,0,0,0,0
write,711,4096,5813732,909285,6903,721,4887155,3381933,4,0,0,0,0,571,7304,1793,5813732,0,54095,0,128115,1885195,2995958,0,1313,0,0,0,0,0,0,0,0,0,0,0,0,0,0,0,0,0,0,0,0,0
write,712,4096,5812820,908714,6372,631,4884770,3500935,3,0,0,0,0,541,8886,2906,5812820,0,54095,0,139437,1760892,3117977,0,1313,0,0,0,0,0,0,0,0,0,0,0,0,0,0,0,0,0,0,0,0,0
write,713,4096,6217389,1056711,11111,1303,5138245,3670335,3,0,0,0,0,681,7474,1864,6217389,0,54095,3,144505,1915241,3214137,0,2355,0,0,0,0,0,0,0,0,0,0,0,0,0,0,0,0,0,0,0,0,0
write,714,4096,5954826,901550,6903,591,5035322,3659523,4,0,0,0,0,421,7644,2395,5954826,0,54095,3,152442,1742258,3287765,0,1141,0,0,0,0,0,0,0,0,0,0,0,0,0,0,0,0,0,0,0,0,0
write,715,4096,6093116,1018049,7203,582,5053386,3547082,3,0,0,0,0,651,9317,3928,6093116,0,54095,3,142256,1865017,3181176,0,1584,0,0,0,0,0,0,0,0,0,0,0,0,0,0,0,0,0,0,0,0,0
write,716,4096,14516280,914144,9708,832,13579844,3840724,3,0,0,0,0,621,8116,3015,14516280,0,54095,0,163817,10136838,3435993,0,1673,0,0,0,0,0,0,0,0,0,0,0,0,0,0,0,0,0,0,0,0,0
write,717,4096,6065845,902473,9347,772,5141451,3633084,3,0,0,0,0,631,8927,2244,6065845,0,54095,0,148042,1890956,3243792,0,1393,0,0,0,0,0,0,0,0,0,0,0,0,0,0,0,0,0,0,0,0,0
write,718,4096,6107072,911820,9668,842,5166748,3790479,4,0,0,0,0,632,8926,8436,6107072,0,54095,0,158538,1769298,3390458,0,1512,0,0,0,0,0,0,0,0,0,0,0,0,0,0,0,0,0,0,0,0,0
write,719,4096,6324730,892955,9287,972,5409243,3928066,3,0,0,0,0,671,9659,1943,6324730,0,54095,0,169155,1873173,3529469,0,1423,0,0,0,0,0,0,0,0,0,0,0,0,0,0,0,0,0,0,0,0,0
write,720,4096,6120447,901591,9087,761,5195172,3771394,3,0,0,0,0,631,11001,2204,6120447,0,54095,0,158068,1791580,3396879,0,1484,0,0,0,0,0,0,0,0,0,0,0,0,0,0,0,0,0,0,0,0,0
write,721,4096,6392517,906650,9297,902,5463315,3951510,3,0,0,0,0,521,9868,1964,6392517,0,54095,0,174522,1883221,3573460,0,1402,0,0,0,0,0,0,0,0,0,0,0,0,0,0,0,0,0,0,0,0,0
write,722,4096,6455736,914244,9328,791,5520102,4127661,3,0,0,0,0,561,8075,2635,6455736,0,54095,0,186982,1777613,3736026,0,1422,0,0,0,0,0,0,0,0,0,0,0,0,0,0,0,0,0,0,0,0,0
write,723,4096,6432923,901481,8987,811,5509341,4028939,3,0,0,0,0,531,9739,2033,6432923,0,54095,0,181902,1848456,3654383,0,1402,0,0,0,0,0,0,0,0,0,0,0,0,0,0,0,0,0,0,0,0,0
write,724,4096,6633520,904807,8957,721,5707713,4300626,4,0,0,0,0,541,8536,2245,6633520,0,54095,0,201791,1798041,3903419,0,1353,0,0,0,0,0,0,0,0,0,0,0,0,0,0,0,0,0,0,0,0,0
write,725,4096,5739452,901520,8947,842,4816261,3442647,3,0,0,0,0,561,9177,2144,5739452,0,54095,0,132758,1741516,3068203,0,1383,0,0,0,0,0,0,0,0,0,0,0,0,0,0,0,0,0,0,0,0,0
write,726,4096,5847465,908945,8886,852,4916049,3457615,3,0,0,0,0,551,9958,2224,5847465,0,54095,0,135565,1824451,3085025,0,1393,0,0,0,0,0,0,0,0,0,0,0,0,0,0,0,0,0,0,0,0,0
write,727,4096,6341462,905558,9448,802,5415174,4024658,3,1,0,0,0,631,8005,1844,6341462,0,54095,0,162337,1765210,3642099,0,2114,0,0,0,0,0,0,0,0,0,0,0,0,0,0,0,0,0,0,0,0,0
write,728,4096,6473028,912431,7544,721,5542924,3975508,4,0,0,0,0,561,6673,2174,6473028,0,54095,3,177446,1946780,3589631,0,1633,0,0,0,0,0,0,0,0,0,0,0,0,0,0,0,0,0,0,0,0,0
write,729,4096,6092935,1084784,7153,651,4989477,3561279,3,0,0,0,0,500,8116,2254,6092935,0,54095,3,142286,1799434,3184060,0,1304,0,0,0,0,0,0,0,0,0,0,0,0,0,0,0,0,0,0,0,0,0
write,730,4096,6074891,938880,7344,681,5114762,3637704,2,0,0,0,0,1042,8095,4087,6074891,0,54095,3,144538,1878783,3228565,0,1613,0,0,0,0,0,0,0,0,0,0,0,0,0,0,0,0,0,0,0,0,0
write,731,4096,6580339,1123116,7384,971,5437026,3967191,3,1,0,0,0,651,9027,2164,6580339,0,54095,9,157308,1839560,3590122,0,2034,0,0,0,0,0,0,0,0,0,0,0,0,0,0,0,0,0,0,0,0,0
write,732,4096,6204575,909956,9077,932,5279661,3911607,3,0,0,0,0,711,1944,2294,6204575,0,54095,0,171168,1755252,3517296,0,1662,0,0,0,0,0,0,0,0,0,0,0,0,0,0,0,0,0,0,0,0,0
write,733,4096,6137038,899998,9097,731,5215280,3763780,3,0,0,0,0,621,9187,2124,6137038,0,54095,0,159437,1820203,3388544,0,1424,0,0,0,0,0,0,0,0,0,0,0,0,0,0,0,0,0,0,0,0,0
write,734,4096,5910253,901220,9107,721,4987793,3628856,4,0,0,0,0,541,8526,2345,5910253,0,54095,0,145788,1751113,3230037,0,1504,0,0,0,0,0,0,0,0,0,0,0,0,0,0,0,0,0,0,0,0,0
write,735,4096,6053241,891922,9207,812,5137985,3563294,3,0,0,0,0,611,9508,3196,6053241,0,54095,0,140288,1968001,3163352,0,1443,0,0,0,0,0,0,0,0,0,0,0,0,0,0,0,0,0,0,0,0,0
write,736,4096,5963542,901881,9418,841,5038749,3588099,3,0,0,0,0,631,9167,2855,5963542,0,54095,0,143519,1844689,3187277,0,1452,0,0,0,0,0,0,0,0,0,0,0,0,0,0,0,0,0,0,0,0,0
write,737,4096,6430308,887545,9267,862,5519319,4032353,3,0,86,0,0,682,9127,3506,6430308,0,54095,0,165807,1873273,3638773,0,1754,0,0,0,0,0,0,0,0,0,0,0,0,0,0,0,0,0,0,0,0,0
write,738,4096,6163248,907542,9247,942,5233464,3779550,4,0,130,0,0,551,9518,1984,6163248,0,54095,0,141467,1842225,3383956,0,1632,0,0,0,0,0,0,0,0,0,0,0,0,0,0,0,0,0,0,0,0,0
write,739,4096,6069682,903394,9007,842,5144617,3747919,3,0,23,0,0,531,9277,2014,6069682,0,54095,0,153947,1767946,3370160,0,1363,0,0,0,0,0,0,0,0,0,0,0,0,0,0,0,0,0,0,0,0,0
write,740,4096,6432943,904045,9087,792,5506856,4022105,4,0,0,0,0,581,9528,2054,6432943,0,54095,0,177947,1870037,3630007,0,1462,0,0,0,0,0,0,0,0,0,0,0,0,0,0,0,0,0,0,0,0,0
write,741,4096,5998047,895018,9248,751,5082080,3716891,3,0,0,0,0,691,8446,1813,5998047,0,54095,0,155035,1743189,3331507,0,1463,0,0,0,0,0,0,0,0,0,0,0,0,0,0,0,0,0,0,0,0,0
write,742,4096,6131829,892233,9298,731,5218376,3881661,3,0,0,0,0,541,8606,2044,6131829,0,54095,0,166365,1721348,3490395,0,1543,0,0,0,0,0,0,0,0,0,0,0,0,0,0,0,0,0,0,0,0,0
write,743,4096,6348655,884759,9037,762,5441514,4042171,3,0,0,0,0,631,9728,2224,6348655,0,54095,0,175517,1787482,3647068,0,1542,0,0,0,0,0,0,0,0,0,0,0,0,0,0,0,0,0,0,0,0,0
write,744,4096,6345930,896501,9558,872,5427047,3950590,3,0,0,0,0,551,9528,1873,6345930,0,54095,0,172181,1851993,3568391,0,1544,0,0,0,0,0,0,0,0,0,0,0,0,0,0,0,0,0,0,0,0,0
write,745,4096,6426551,888787,8956,772,5517075,4045598,3,0,0,0,0,551,8226,2184,6426551,0,54095,0,179821,1834019,3676765,0,1413,0,0,0,0,0,0,0,0,0,0,0,0,0,0,0,0,0,0,0,0,0
write,746,4096,7512868,888666,8396,741,6590889,5221232,4,0,0,0,0,1934,15249,6993,7512868,0,54095,0,192962,1750212,4826691,0,3958,0,0,0,0,0,0,0,0,0,0,0,0,0,0,0,0,0,0,0,0,0
write,747,4096,6985961,953108,11491,1553,6003598,4420802,3,0,0,0,0,1463,10379,4369,6985961,0,54095,0,202928,2062388,3926743,0,5020,0,0,0,0,0,0,0,0,0,0,0,0,0,0,0,0,0,0,0,0,0
write,748,4096,6814248,900679,9889,841,5890847,4418768,3,0,0,0,0,591,8957,2444,6814248,0,54095,0,210370,1872532,4010160,0,2103,0,0,0,0,0,0,0,0,0,0,0,0,0,0,0,0,0,0,0,0,0
write,749,4096,6227418,896782,9127,821,5308184,3796481,3,0,0,0,0,561,9899,2044,6227418,0,54095,0,162367,1879344,3422267,0,1412,0,0,0,0,0,0,0,0,0,0,0,0,0,0,0,0,0,0,0,0,0
write,750,4096,5875558,904056,8977,861,4949702,3526755,3,0,0,0,0,661,9307,1994,5875558,0,54095,0,137774,1812719,3130099,0,1584,0,0,0,0,0,0,0,0,0,0,0,0,0,0,0,0,0,0,0,0,0
write,751,4096,6052550,886322,8827,811,5145108,3679832,3,0,0,0,0,501,8987,1994,6052550,0,54095,0,152427,1839159,3299577,0,1313,0,0,0,0,0,0,0,0,0,0,0,0,0,0,0,0,0,0,0,0,0
write,752,4096,6370887,892744,9087,852,5457684,4000202,3,0,0,0,0,521,7815,2184,6370887,0,54095,0,179024,1824581,3626581,0,1383,0,0,0,0,0,0,0,0,0,0,0,0,0,0,0,0,0,0,0,0,0
write,753,4096,6108835,893114,9128,701,5193288,3787383,3,0,0,0,0,571,9588,2445,6108835,0,54095,0,158762,1780078,3406548,0,1572,0,0,0,0,0,0,0,0,0,0,0,0,0,0,0,0,0,0,0,0,0
write,754,4096,6056567,885069,9318,822,5148564,3654254,3,0,0,0,0,521,10309,1964,6056567,0,54095,0,149230,1881668,3260434,0,1402,0,0,0,0,0,0,0,0,0,0,0,0,0,0,0,0,0,0,0,0,0
write,755,4096,6110478,903284,8375,822,5185985,3803222,3,0,0,0,0,561,8465,2986,6110478,0,54095,0,151686,1749000,3430623,0,1364,0,0,0,0,0,0,0,0,0,0,0,0,0,0,0,0,0,0,0,0,0
write,756,4096,6214794,890239,8817,791,5303656,3799085,3,0,0,0,0,510,8536,2245,6214794,0,54095,0,160766,1883863,3413421,0,1343,0,0,0,0,0,0,0,0,0,0,0,0,0,0,0,0,0,0,0,0,0
write,757,4096,4508604,888365,8937,802,3599079,1977849,2,0,0,0,0,621,8846,1954,4508604,0,54095,0,24612,2053141,1403932,0,2143,0,0,0,0,0,0,0,0,0,0,0,0,0,0,0,0,0,0,0,0,0
write,758,4096,4133441,888616,9278,901,3224286,1810115,3,0,0,0,0,622,7594,2144,4133441,0,54095,0,24667,1797911,1419391,0,1332,0,0,0,0,0,0,0,0,0,0,0,0,0,0,0,0,0,0,0,0,0
write,759,4096,4284594,889317,10159,742,3372243,1818041,4,0,0,0,0,652,8736,2745,4284594,0,54095,0,24638,1943815,1421646,0,1463,0,0,0,0,0,0,0,0,0,0,0,0,0,0,0,0,0,0,0,0,0
write,760,4096,4083898,896902,9257,1082,3164414,1787664,3,0,0,0,0,561,9708,1974,4083898,0,54095,0,24636,1747727,1410084,0,1473,0,0,0,0,0,0,0,0,0,0,0,0,0,0,0,0,0,0,0,0,0
write,761,4096,4191600,899787,8626,742,3270182,1804526,4,0,0,0,0,531,9868,1864,4191600,0,54095,0,24664,1842325,1421466,0,1323,0,0,0,0,0,0,0,0,0,0,0,0,0,0,0,0,0,0,0,0,0
write,762,4096,4163107,892785,8816,752,3250585,1800758,3,0,0,0,0,501,7594,2074,4163107,0,54095,0,24660,1824611,1419632,0,1352,0,0,0,0,0,0,0,0,0,0,0,0,0,0,0,0,0,0,0,0,0
write,763,4096,4070192,890730,8646,852,3158693,1789035,3,0,0,0,0,541,8676,2054,4070192,0,54095,0,24683,1743489,1408962,0,1373,0,0,0,0,0,0,0,0,0,0,0,0,0,0,0,0,0,0,0,0,0
write,764,4096,4212489,892934,8797,761,3295620,1801548,3,0,0,0,0,521,8146,5710,4212489,0,54095,0,24648,1863896,1425673,0,1354,0,0,0,0,0,0,0,0,0,0,0,0,0,0,0,0,0,0,0,0,0
write,765,4096,4182804,887234,8425,792,3272456,1854227,3,0,0,0,0,762,8766,4369,4182804,0,54095,0,24661,1831554,1432135,0,1584,0,0,0,0,0,0,0,0,0,0,0,0,0,0,0,0,0,0,0,0,0
write,766,4096,8007745,904916,8957,992,7078203,1833800,3,0,0,0,0,741,10350,3586,8007745,0,54095,0,24636,5628334,1441984,0,1753,0,0,0,0,0,0,0,0,0,0,0,0,0,0,0,0,0,0,0,0,0
write,767,4096,4152015,889959,9407,882,3239885,1813923,4,0,0,0,0,531,9448,1903,4152015,0,54095,0,24643,1815374,1417338,0,1644,0,0,0,0,0,0,0,0,0,0,0,0,0,0,0,0,0,0,0,0,0
write,768,4096,4408407,884930,8926,862,3500765,1796009,3,0,0,0,0,500,10490,1934,4408407,0,54095,0,24644,2079510,1414503,0,1401,0,0,0,0,0,0,0,0,0,0,0,0,0,0,0,0,0,0,0,0,0
write,769,4096,4202381,891602,8807,811,3290250,1806018,3,0,0,0,0,611,7975,2325,4202381,0,54095,0,24657,1859277,1424571,0,1352,0,0,0,0,0,0,0,0,0,0,0,0,0,0,0,0,0,0,0,0,0
write,770,4096,4082325,883657,9047,781,3178811,1818861,3,0,0,0,0,571,7634,1824,4082325,0,54095,0,24665,1736706,1435722,0,1443,0,0,0,0,0,0,0,0,0,0,0,0,0,0,0,0,0,0,0,0,0
write,771,4096,4381566,1054958,7855,651,3306600,1823260,4,0,0,0,0,642,8355,2505,4381566,0,54095,0,24697,1858165,1442405,0,1202,0,0,0,0,0,0,0,0,0,0,0,0,0,0,0,0,0,0,0,0,0
write,772,4096,4268905,1068583,6483,671,3184041,1804615,3,0,0,0,0,450,6733,1944,4268905,0,54095,0,24668,1746245,1432056,0,1171,0,0,0,0,0,0,0,0,0,0,0,0,0,0,0,0,0,0,0,0,0
write,773,4096,4268955,887665,7083,611,3364219,1827769,4,0,0,0,0,501,6923,1953,4268955,0,54095,0,24673,1918598,1439770,0,1342,0,0,0,0,0,0,0,0,0,0,0,0,0,0,0,0,0,0,0,0,0
write,774,4096,4264878,887625,11221,1422,3352948,1867695,3,2,0,0,0,751,8847,2064,4264878,0,54095,3,24668,1903519,1439128,0,2665,0,0,0,0,0,0,0,0,0,0,0,0,0,0,0,0,0,0,0,0,0
write,775,4096,4257083,891722,8096,781,3344542,1813881,3,0,0,0,0,661,9017,2264,4257083,0,54095,1,24658,1906836,1430893,0,1665,0,0,0,0,0,0,0,0,0,0,0,0,0,0,0,0,0,0,0,0,0
write,776,4096,4376327,1059968,6762,702,3298956,1831214,3,0,0,0,0,451,7173,2315,4376327,0,54095,0,24666,1837856,1455038,0,1322,0,0,0,0,0,0,0,0,0,0,0,0,0,0,0,0,0,0,0,0,0
write,777,4096,4242596,984446,7174,591,3240837,1816898,3,0,0,0,0,481,7163,1904,4242596,0,54095,0,24678,1800746,1434339,0,1211,0,0,0,0,0,0,0,0,0,0,0,0,0,0,0,0,0,0,0,0,0
write,778,4096,4358663,1058745,7224,681,3282115,1780110,3,0,0,0,0,490,7414,1994,4358663,0,54095,0,24660,1873233,1403232,0,1182,0,0,0,0,0,0,0,0,0,0,0,0,0,0,0,0,0,0,0,0,0
write,779,4096,4080442,886512,6613,591,3176697,1792902,3,0,0,0,0,431,7303,2295,4080442,0,54095,0,24672,1753418,1417688,0,1133,0,0,0,0,0,0,0,0,0,0,0,0,0,0,0,0,0,0,0,0,0
write,780,4096,4216587,1063545,6933,671,3135129,1792713,3,1,0,0,0,521,7975,1813,4216587,0,54095,0,24674,1709325,1419683,0,1332,0,0,0,0,0,0,0,0,0,0,0,0,0,0,0,0,0,0,0,0,0
write,781,4096,5257789,884889,7715,601,4350157,2897123,4,0,0,0,0,491,11993,1943,5257789,0,54095,0,101238,1843326,2500419,0,1222,0,0,0,0,0,0,0,0,0,0,0,0,0,0,0,0,0,0,0,0,0
write,782,4096,5886579,900940,9217,1182,4963287,3421368,3,0,0,0,0,651,9338,1964,5886579,0,54095,0,134949,1912346,3042967,0,1824,0,0,0,0,0,0,0,0,0,0,0,0,0,0,0,0,0,0,0,0,0
write,783,4096,5804325,885481,8446,841,4897424,3391010,4,0,0,0,0,621,9368,2144,5804325,0,54095,0,131863,1910702,2980048,0,1393,0,0,0,0,0,0,0,0,0,0,0,0,0,0,0,0,0,0,0,0,0
write,784,4096,5579894,895760,9518,962,4662773,3224799,3,0,0,0,0,581,8306,1994,5579894,0,54095,0,121389,1817178,2839004,0,1513,0,0,0,0,0,0,0,0,0,0,0,0,0,0,0,0,0,0,0,0,0
write,785,4096,5742909,897012,8997,851,4824878,3320398,3,0,0,0,0,511,8606,2054,5742909,0,54095,0,130409,1870558,2948309,0,1303,0,0,0,0,0,0,0,0,0,0,0,0,0,0,0,0,0,0,0,0,0
write,786,4096,5953184,900429,8245,782,5019282,3613598,3,0,0,0,0,1803,15790,6853,5953184,0,54095,0,148680,1776301,3232952,0,2485,0,0,0,0,0,0,0,0,0,0,0,0,0,0,0,0,0,0,0,0,0
write,787,4096,5741626,919644,9909,1052,4796124,3302624,3,0,0,0,0,1011,10330,3556,5741626,0,54095,0,123110,1917395,2868679,0,2575,0,0,0,0,0,0,0,0,0,0,0,0,0,0,0,0,0,0,0,0,0
write,788,4096,5865629,898014,9408,982,4945674,3524169,3,0,0,0,0,571,8676,2304,5865629,0,54095,0,146918,1788554,3149746,0,1592,0,0,0,0,0,0,0,0,0,0,0,0,0,0,0,0,0,0,0,0,0
write,789,4096,5988169,885811,9147,1042,5080467,3610695,4,0,0,0,0,581,8767,2354,5988169,0,54095,0,152390,1844068,3229697,0,1473,0,0,0,0,0,0,0,0,0,0,0,0,0,0,0,0,0,0,0,0,0
write,790,4096,5805807,894357,10500,922,4888587,3429102,3,0,0,0,0,601,8355,2485,5805807,0,54095,0,138805,1825754,3055700,0,1663,0,0,0,0,0,0,0,0,0,0,0,0,0,0,0,0,0,0,0,0,0
write,791,4096,5717671,891762,9398,751,4803688,3380430,3,0,0,0,0,531,9247,2294,5717671,0,54095,0,134466,1802440,2995016,0,1393,0,0,0,0,0,0,0,0,0,0,0,0,0,0,0,0,0,0,0,0,0
write,792,4096,6129414,891873,8916,842,5215951,3643403,3,0,0,0,0,611,9067,2154,6129414,0,54095,0,156413,1934016,3275522,0,1412,0,0,0,0,0,0,0,0,0,0,0,0,0,0,0,0,0,0,0,0,0
write,793,4096,5936242,897964,8796,822,5016447,3597447,4,0,0,0,0,541,9097,2575,5936242,0,54095,0,151229,1798803,3210310,0,1562,0,0,0,0,0,0,0,0,0,0,0,0,0,0,0,0,0,0,0,0,0
write,794,4096,6148038,890269,9227,812,5235818,3759611,4,0,0,0,0,521,9247,2144,6148038,0,54095,0,164454,1853496,3375450,0,1713,0,0,0,0,0,0,0,0,0,0,0,0,0,0,0,0,0,0,0,0,0
write,795,4096,27550042,891802,9258,791,26625989,3780792,4,1,0,0,0,741,11302,10159,27550042,0,54095,0,165192,23210024,3408061,0,1945,0,0,0,0,0,0,0,0,0,0,0,0,0,0,0,0,0,0,0,0,0
write,796,4096,6635713,894157,10439,892,5717982,3931374,4,0,0,0,0,631,9588,2024,6635713,0,54095,0,176419,1902517,3806828,0,2195,0,0,0,0,0,0,0,0,0,0,0,0,0,0,0,0,0,0,0,0,0
write,797,4096,6514485,892363,9377,932,5601314,3970687,3,0,0,0,0,551,8155,1793,6514485,0,54095,0,179657,2000632,3594090,0,1482,0,0,0,0,0,0,0,0,0,0,0,0,0,0,0,0,0,0,0,0,0
write,798,4096,6203242,891732,8025,882,5291683,3908981,3,0,0,0,0,521,8195,2204,6203242,0,54095,0,176139,1744973,3540539,0,1433,0,0,0,0,0,0,0,0,0,0,0,0,0,0,0,0,0,0,0,0,0
write,799,4096,6033945,894107,8817,691,5115372,3526043,4,0,0,0,0,711,10570,3677,6033945,0,54095,0,146657,1962681,3145789,0,1664,0,0,0,0,0,0,0,0,0,0,0,0,0,0,0,0,0,0,0,0,0
write,800,4096,5979523,901180,9137,1092,5053156,3652921,3,0,0,0,0,1042,10459,3457,5979523,0,54095,0,151539,1801989,3242270,0,1823,0,0,0,0,0,0,0,0,0,0,0,0,0,0,0,0,0,0,0,0,0
write,801,4096,5704246,908914,9959,992,4772709,3308193,3,0,0,0,0,562,8996,2114,5704246,0,54095,0,127355,1836844,2928712,0,1623,0,0,0,0,0,0,0,0,0,0,0,0,0,0,0,0,0,0,0,0,0
write,802,4096,5818040,884889,9308,791,4910989,3504513,4,0,0,0,0,461,9759,1843,5818040,0,54095,0,143737,1783995,3120562,0,1413,0,0,0,0,0,0,0,0,0,0,0,0,0,0,0,0,0,0,0,0,0
write,803,4096,6080031,886923,8326,801,5172860,3696213,4,0,0,0,0,501,8336,2284,6080031,0,54095,0,159240,1867102,3299437,0,1363,0,0,0,0,0,0,0,0,0,0,0,0,0,0,0,0,0,0,0,0,0
write,804,4096,5818441,890480,9037,671,4907402,3454769,3,0,0,0,0,501,8055,2295,5818441,0,54095,0,140200,1816647,3084584,0,1312,0,0,0,0,0,0,0,0,0,0,0,0,0,0,0,0,0,0,0,0,0
write,805,4096,6107322,888536,9267,772,5197666,3823021,4,0,0,0,0,481,8456,2144,6107322,0,54095,0,167319,1762084,3429221,0,1372,0,0,0,0,0,0,0,0,0,0,0,0,0,0,0,0,0,0,0,0,0
write,806,4096,6250200,882935,8967,661,5347237,3839130,3,0,0,0,0,511,7555,2334,6250200,0,54095,0,170447,1885395,3455469,0,1402,0,0,0,0,0,0,0,0,0,0,0,0,0,0,0,0,0,0,0,0,0
write,807,4096,5731768,906650,8746,692,4803257,3431766,4,0,0,0,0,571,9628,2224,5731768,0,54095,0,135342,1757676,3038928,0,1473,0,0,0,0,0,0,0,0,0,0,0,0,0,0,0,0,0,0,0,0,0
write,808,4096,5871189,888676,9047,872,4961133,3480768,3,0,0,0,0,571,8426,2464,5871189,0,54095,0,140453,1852664,3101856,0,1433,0,0,0,0,0,0,0,0,0,0,0,0,0,0,0,0,0,0,0,0,0
write,809,4096,5829071,894017,8927,731,4914005,3492340,3,0,0,0,0,571,8486,2334,5829071,0,54095,0,137255,1819823,3087840,0,1384,0,0,0,0,0,0,0,0,0,0,0,0,0,0,0,0,0,0,0,0,0
write,810,4096,14649911,891051,9547,1083,13737119,3716350,3,0,0,0,0,571,7985,2555,14649911,0,54095,0,158470,10397858,3332950,0,1432,0,0,0,0,0,0,0,0,0,0,0,0,0,0,0,0,0,0,0,0,0
write,811,4096,6037632,889248,8977,851,5126473,3600854,3,0,0,0,0,551,9438,2094,6037632,0,54095,0,151015,1905633,3214107,0,1372,0,0,0,0,0,0,0,0,0,0,0,0,0,0,0,0,0,0,0,0,0
write,812,4096,5936482,893996,8887,781,5021246,3380492,3,0,0,0,0,531,8847,2194,5936482,0,54095,0,134195,2014027,3000647,0,1503,0,0,0,0,0,0,0,0,0,0,0,0,0,0,0,0,0,0,0,0,0
write,813,4096,5749291,888275,8476,832,4838823,3478724,3,0,0,0,0,712,9888,2285,5749291,0,54095,0,139683,1743921,3087790,0,1573,0,0,0,0,0,0,0,0,0,0,0,0,0,0,0,0,0,0,0,0,0
write,814,4096,5975325,889287,8987,821,5065079,3709326,3,0,0,0,0,531,8255,2365,5975325,0,54095,0,158193,1736486,3322069,0,1462,0,0,0,0,0,0,0,0,0,0,0,0,0,0,0,0,0,0,0,0,0
write,815,4096,5807229,884969,9077,782,4896101,3474557,4,0,0,0,0,1483,10058,4759,5807229,0,54095,0,136953,1817558,3069957,0,2325,0,0,0,0,0,0,0,0,0,0,0,0,0,0,0,0,0,0,0,0,0
write,816,4096,5989361,902302,10029,1092,5064146,3587179,3,0,0,0,0,601,8947,2244,5989361,0,54095,0,143584,1880616,3175916,0,1532,0,0,0,0,0,0,0,0,0,0,0,0,0,0,0,0,0,0,0,0,0
write,817,4096,6001524,893005,9367,812,5086408,3618766,3,0,0,0,0,591,8856,2485,6001524,0,54095,0,150422,1855038,3224947,0,1433,0,0,0,0,0,0,0,0,0,0,0,0,0,0,0,0,0,0,0,0,0
write,818,4096,6131237,994755,9257,792,5115152,3742569,3,0,0,0,0,511,8596,2174,6131237,0,54095,0,161128,1762194,3346244,0,1495,0,0,0,0,0,0,0,0,0,0,0,0,0,0,0,0,0,0,0,0,0
write,819,4096,6369714,892674,9017,741,5456482,3782534,3,0,0,0,0,541,7925,2334,6369714,0,54095,0,163058,2063440,3386631,0,1463,0,0,0,0,0,0,0,0,0,0,0,0,0,0,0,0,0,0,0,0,0
write,820,4096,6365467,899327,9237,711,5443979,3877524,3,0,0,0,0,591,9498,2124,6365467,0,54095,0,173637,1934708,3502838,0,1422,0,0,0,0,0,0,0,0,0,0,0,0,0,0,0,0,0,0,0,0,0
write,821,4096,6192332,893816,9017,792,5277737,3615101,3,0,0,0,0,571,7794,2605,6192332,0,54095,0,148795,2047951,3223254,0,1363,0,0,0,0,0,0,0,0,0,0,0,0,0,0,0,0,0,0,0,0,0
write,822,4096,6025719,901100,9197,721,5095646,3645948,3,0,0,0,0,1332,12173,5550,6025719,0,54095,0,148000,1837555,3248101,0,2214,0,0,0,0,0,0,0,0,0,0,0,0,0,0,0,0,0,0,0,0,0
write,823,4096,5955097,911940,11011,1192,5019352,3536532,4,0,0,0,0,802,8796,2004,5955097,0,54095,0,138230,1921643,3088402,0,2726,0,0,0,0,0,0,0,0,0,0,0,0,0,0,0,0,0,0,0,0,0
write,824,4096,5780549,894417,8897,761,4865113,3408303,3,0,0,0,0,531,8676,2154,5780549,0,54095,0,132107,1830994,3027658,0,1393,0,0,0,0,0,0,0,0,0,0,0,0,0,0,0,0,0,0,0,0,0
write,825,4096,5726158,893636,9247,792,4811282,3427779,3,0,0,0,0,511,8435,2255,5726158,0,54095,0,135482,1761934,3042866,0,1433,0,0,0,0,0,0,0,0,0,0,0,0,0,0,0,0,0,0,0,0,0
write,826,4096,5777143,902192,9057,811,4853131,3345465,3,0,0,0,0,571,9177,2204,5777143,0,54095,0,128163,1885095,2961414,0,1332,0,0,0,0,0,0,0,0,0,0,0,0,0,0,0,0,0,0,0,0,0
write,827,4096,6222539,886322,9147,792,5315076,3919410,3,0,0,0,0,542,8395,2265,6222539,0,54095,0,177442,1772995,3535750,0,1412,0,0,0,0,0,0,0,0,0,0,0,0,0,0,0,0,0,0,0,0,0
write,828,4096,6117070,897673,8957,711,5198418,3670976,3,1,0,0,0,521,8546,2244,6117070,0,54095,0,149915,1887279,3304587,0,1524,0,0,0,0,0,0,0,0,0,0,0,0,0,0,0,0,0,0,0,0,0
write,829,4096,5986887,894508,8636,842,5070748,3637593,3,0,0,0,0,571,9749,1833,5986887,0,54095,0,152197,1817999,3246498,0,1322,0,0,0,0,0,0,0,0,0,0,0,0,0,0,0,0,0,0,0,0,0
write,830,4096,6227488,904746,8827,842,5300589,3915283,4,0,0,0,0,651,9628,2205,6227488,0,54095,0,171974,1770120,3523928,0,1412,0,0,0,0,0,0,0,0,0,0,0,0,0,0,0,0,0,0,0,0,0
write,831,4096,5961910,894919,9628,831,5044540,3548356,3,0,0,0,0,581,9137,2274,5961910,0,54095,0,145357,1870458,3167179,0,1492,0,0,0,0,0,0,0,0,0,0,0,0,0,0,0,0,0,0,0,0,0
write,832,4096,6625073,912962,9247,1082,5681464,4308550,4,0,0,0,0,1794,12202,6322,6625073,0,54095,0,136801,1791349,3872402,0,4800,0,0,0,0,0,0,0,0,0,0,0,0,0,0,0,0,0,0,0,0,0
write,833,4096,6282200,928811,10119,1082,5332890,3763047,3,0,0,0,0,592,6862,1844,6282200,0,54095,0,153892,2017723,3304807,0,2855,0,0,0,0,0,0,0,0,0,0,0,0,0,0,0,0,0,0,0,0,0
write,834,4096,5998799,917009,8065,1153,5059908,3661747,3,1,0,0,0,731,9268,2665,5998799,0,54095,1,132028,1774187,3276514,0,2906,0,0,0,0,0,0,0,0,0,0,0,0,0,0,0,0,0,0,0,0,0
write,835,4096,6408256,1030191,7033,732,5360251,3850492,3,0,0,0,0,421,7334,2294,6408256,0,54095,3,162006,1877110,3476840,0,1642,0,0,0,0,0,0,0,0,0,0,0,0,0,0,0,0,0,0,0,0,0
write,836,4096,5835272,953789,7283,571,4864873,3450041,3,0,0,0,0,371,6582,1803,5835272,0,54095,3,137696,1780318,3079395,0,1031,0,0,0,0,0,0,0,0,0,0,0,0,0,0,0,0,0,0,0,0,0
write,837,4096,6144432,891612,7173,571,5234756,3805005,4,0,0,0,0,521,7535,2264,6144432,0,54095,3,166622,1792542,3436504,0,1231,0,0,0,0,0,0,0,0,0,0,0,0,0,0,0,0,0,0,0,0,0
write,838,4096,6365005,900137,7595,611,5446904,3954857,3,0,0,0,0,601,6753,2404,6365005,0,54095,3,176720,1863724,3576456,0,1414,0,0,0,0,0,0,0,0,0,0,0,0,0,0,0,0,0,0,0,0,0
write,839,4096,5906435,890299,7013,571,4997522,3571739,3,1,0,0,0,481,8315,2234,5906435,0,54095,3,147406,1777112,3214708,0,1153,0,0,0,0,0,0,0,0,0,0,0,0,0,0,0,0,0,0,0,0,0
write,840,4096,6299794,1105223,8536,661,5174413,3667039,3,0,0,0,0,481,8245,2235,6299794,0,54095,3,153851,1873523,3295169,0,1092,0,0,0,0,0,0,0,0,0,0,0,0,0,0,0,0,0,0,0,0,0
write,841,4096,6170361,1037596,6753,601,5116274,3737198,3,0,0,0,0,451,6893,1793,6170361,0,54095,3,159614,1738280,3372204,0,1183,0,0,0,0,0,0,0,0,0,0,0,0,0,0,0,0,0,0,0,0,0
write,842,4096,6245401,900889,6923,551,5327921,3847296,3,0,0,0,0,441,6662,2014,6245401,0,54095,3,169529,1846633,3475588,0,1142,0,0,0,0,0,0,0,0,0,0,0,0,0,0,0,0,0,0,0,0,0
write,843,4096,6042591,884819,6252,671,5141732,3701232,3,0,0,0,0,450,6823,1844,6042591,0,54095,3,157512,1801889,3334112,0,1142,0,0,0,0,0,0,0,0,0,0,0,0,0,0,0,0,0,0,0,0,0
write,844,4096,6318860,901341,7003,581,5399946,3979234,3,0,0,0,0,391,7333,2265,6318860,0,54095,3,181887,1792381,3601854,0,1112,0,0,0,0,0,0,0,0,0,0,0,0,0,0,0,0,0,0,0,0,0
write,845,4096,6301968,1100103,6633,611,5185333,3695831,3,0,0,0,0,461,6983,1844,6301968,0,54095,3,156676,1851412,3328252,0,1072,0,0,0,0,0,0,0,0,0,0,0,0,0,0,0,0,0,0,0,0,0
write,846,4096,6098325,888385,6873,551,5191485,3760812,3,0,0,0,0,471,8286,2274,6098325,0,54095,3,160316,1789966,3395667,0,1172,0,0,0,0,0,0,0,0,0,0,0,0,0,0,0,0,0,0,0,0,0
write,847,4096,6298340,1025132,7073,581,5256608,3703435,3,0,0,0,0,460,6693,1793,6298340,0,54095,3,157726,1918257,3332639,0,1173,0,0,0,0,0,0,0,0,0,0,0,0,0,0,0,0,0,0,0,0,0
write,848,4096,6002215,894918,6793,601,5084204,3590815,4,0,0,0,0,1022,10189,4488,6002215,0,54095,3,144903,1874394,3202716,0,1432,0,0,0,0,0,0,0,0,0,0,0,0,0,0,0,0,0,0,0,0,0
write,849,4096,5991575,977372,7114,751,4996660,3514642,3,0,0,0,0,461,7374,1843,5991575,0,54095,3,140334,1863354,3126493,0,1432,0,0,0,0,0,0,0,0,0,0,0,0,0,0,0,0,0,0,0,0,0
write,850,4096,5757296,888015,6702,531,4853181,3393965,4,0,0,0,0,471,6572,1824,5757296,0,54095,3,130181,1836093,3011237,0,1103,0,0,0,0,0,0,0,0,0,0,0,0,0,0,0,0,0,0,0,0,0
write,851,4096,6002035,889017,6803,591,5095225,3724124,3,0,0,0,0,460,7715,2224,6002035,0,54095,3,160174,1731417,3358147,0,1161,0,0,0,0,0,0,0,0,0,0,0,0,0,0,0,0,0,0,0,0,0
write,852,4096,6392918,1032436,6853,611,5342358,3882832,3,0,0,0,0,491,7714,2455,6392918,0,54095,3,173616,1826686,3509121,0,1223,0,0,0,0,0,0,0,0,0,0,0,0,0,0,0,0,0,0,0,0,0
write,853,4096,6221717,1101816,11331,1353,5096296,3702553,3,0,0,0,0,701,8025,2195,6221717,0,54095,0,151791,1824021,3261827,0,2534,0,0,0,0,0,0,0,0,0,0,0,0,0,0,0,0,0,0,0,0,0
write,854,4096,6337674,896541,7193,601,5422008,3879217,3,0,0,0,0,500,8617,2214,6337674,0,54095,0,168729,1924960,3491087,0,1262,0,0,0,0,0,0,0,0,0,0,0,0,0,0,0,0,0,0,0,0,0
write,855,4096,6115458,1030563,6442,641,5068484,3603958,3,0,0,0,0,521,6873,1934,6115458,0,54095,0,147198,1841212,3221511,0,1091,0,0,0,0,0,0,0,0,0,0,0,0,0,0,0,0,0,0,0,0,0
write,856,4096,6015630,903574,6622,612,5093972,3590927,4,0,0,0,0,451,8155,2244,6015630,0,54095,0,145595,1889243,3198989,0,1103,0,0,0,0,0,0,0,0,0,0,0,0,0,0,0,0,0,0,0,0,0
write,857,4096,6159550,1022046,6703,621,5119400,3655294,3,0,0,0,0,461,7995,2324,6159550,0,54095,0,153693,1842125,3271595,0,1161,0,0,0,0,0,0,0,0,0,0,0,0,0,0,0,0,0,0,0,0,0
write,858,4096,5883733,1007830,7113,621,4856918,3461672,4,0,0,0,0,481,8936,1834,5883733,0,54095,0,136002,1778425,3072622,0,1202,0,0,0,0,0,0,0,0,0,0,0,0,0,0,0,0,0,0,0,0,0
write,859,4096,6297308,896971,7144,651,5382183,3866973,3,1,0,0,0,721,7274,2364,6297308,0,54095,0,151599,1875045,3500294,0,1592,0,0,0,0,0,0,0,0,0,0,0,0,0,0,0,0,0,0,0,0,0
write,860,4096,5731537,892143,7734,792,4819617,3446604,4,0,0,0,0,551,8416,2284,5731537,0,54095,0,129752,1760050,3052854,0,1422,0,0,0,0,0,0,0,0,0,0,0,0,0,0,0,0,0,0,0,0,0
write,861,4096,6236144,1006337,6623,661,5211823,3860920,4,0,0,0,0,431,7975,2294,6236144,0,54095,0,169051,1731958,3474235,0,1193,0,0,0,0,0,0,0,0,0,0,0,0,0,0,0,0,0,0,0,0,0
write,862,4096,6189236,965951,6502,601,5206233,3806058,3,0,0,0,0,451,7254,2244,6189236,0,54095,0,160346,1773286,3427156,0,1212,0,0,0,0,0,0,0,0,0,0,0,0,0,0,0,0,0,0,0,0,0
write,863,4096,6366558,886161,6753,601,5460960,3946231,3,0,0,0,0,441,9188,2454,6366558,0,54095,0,174487,1891076,3564204,0,1161,0,0,0,0,0,0,0,0,0,0,0,0,0,0,0,0,0,0,0,0,0
write,864,4096,6333968,1069586,6813,591,5237721,3767346,3,0,0,0,0,1133,14156,3968,6333968,0,54095,0,156401,1860509,3369098,0,1723,0,0,0,0,0,0,0,0,0,0,0,0,0,0,0,0,0,0,0,0,0
write,865,4096,6330612,914756,10159,1312,5391060,3982399,3,0,0,0,0,661,9608,3056,6330612,0,54095,0,166113,1855880,3526583,0,1763,0,0,0,0,0,0,0,0,0,0,0,0,0,0,0,0,0,0,0,0,0
write,866,4096,6518183,1107687,7204,661,5391440,3917397,3,0,0,0,0,511,8606,2074,6518183,0,54095,0,169686,1862292,3523257,0,1163,0,0,0,0,0,0,0,0,0,0,0,0,0,0,0,0,0,0,0,0,0
write,867,4096,6445847,889027,6873,631,5537834,4098506,3,1,0,0,0,762,7985,2735,6445847,0,54095,0,181487,1816456,3713594,0,2275,0,0,0,0,0,0,0,0,0,0,0,0,0,0,0,0,0,0,0,0,0
write,868,4096,6322686,900007,6973,692,5402300,3882011,3,0,0,0,0,902,9067,2745,6322686,0,54095,3,166831,1903620,3490885,0,2093,0,0,0,0,0,0,0,0,0,0,0,0,0,0,0,0,0,0,0,0,0
write,869,4096,6328647,1090324,7555,721,5218626,3847055,3,0,0,0,0,421,8496,2504,6328647,0,54095,8,164509,1758939,3453566,0,1482,0,0,0,0,0,0,0,0,0,0,0,0,0,0,0,0,0,0,0,0,0
write,870,4096,6306346,1034019,6523,551,5254934,3762508,3,1,0,0,0,440,7635,2244,6306346,0,54095,8,157693,1867371,3382152,0,1103,0,0,0,0,0,0,0,0,0,0,0,0,0,0,0,0,0,0,0,0,0
write,871,4096,6455976,965480,7084,581,5472291,4052973,3,0,120,0,0,481,7594,2465,6455976,0,54095,8,162340,1768617,3698044,0,1263,0,0,0,0,0,0,0,0,0,0,0,0,0,0,0,0,0,0,0,0,0
write,872,4096,6644960,1064235,6693,591,5563172,4185571,4,0,130,0,0,611,7524,2134,6644960,0,54095,8,166899,1758738,3798002,0,1471,0,0,0,0,0,0,0,0,0,0,0,0,0,0,0,0,0,0,0,0,0
write,873,4096,6283342,888386,7885,711,5374608,3898632,3,0,130,0,0,612,8395,2745,6283342,0,54095,8,148442,1846633,3521363,0,1542,0,0,0,0,0,0,0,0,0,0,0,0,0,0,0,0,0,0,0,0,0
write,874,4096,6188255,889398,6783,761,5281404,3874897,4,0,130,0,0,551,6743,2615,6188255,0,54095,3,144360,1794204,3479665,0,1604,0,0,0,0,0,0,0,0,0,0,0,0,0,0,0,0,0,0,0,0,0
write,875,4096,6388640,897493,7685,711,5473464,3866603,3,0,131,0,0,501,6913,1873,6388640,0,54095,3,147020,1974512,3492719,0,1743,0,0,0,0,0,0,0,0,0,0,0,0,0,0,0,0,0,0,0,0,0
write,876,4096,6517021,886452,7043,601,5613337,4190912,3,0,130,0,0,470,7274,1844,6517021,0,54095,3,174955,1785879,3821446,0,1292,0,0,0,0,0,0,0,0,0,0,0,0,0,0,0,0,0,0,0,0,0
write,877,4096,6385775,888436,7545,571,5479905,4008978,3,0,130,0,0,401,7033,1884,6385775,0,54095,3,157949,1841994,3632342,0,1152,0,0,0,0,0,0,0,0,0,0,0,0,0,0,0,0,0,0,0,0,0
write,878,4096,6589175,884528,7244,521,5687084,4208543,3,0,130,0,0,501,7314,1983,6589175,0,54095,3,173180,1842695,3838588,0,1212,0,0,0,0,0,0,0,0,0,0,0,0,0,0,0,0,0,0,0,0,0
write,879,4096,6364334,886482,7454,602,5455620,4087175,3,0,130,0,0,381,11862,1933,6364334,0,54095,3,163214,1731397,3718613,0,1263,0,0,0,0,0,0,0,0,0,0,0,0,0,0,0,0,0,0,0,0,0
write,880,4096,6314802,900279,7564,892,5393503,3834872,4,0,130,0,0,612,7554,4398,6314802,0,54095,3,140177,1937412,3448336,0,2012,0,0,0,0,0,0,0,0,0,0,0,0,0,0,0,0,0,0,0,0,0
write,881,4096,6443763,902212,7444,661,5524369,4133994,3,0,131,0,0,471,6793,1813,6443763,0,54095,8,160363,1761253,3756775,0,1422,0,0,0,0,0,0,0,0,0,0,0,0,0,0,0,0,0,0,0,0,0
write,882,4096,6257183,899687,7364,641,5340284,3831745,3,0,130,0,0,511,6773,1923,6257183,0,54095,8,144269,1887069,3447134,0,1221,0,0,0,0,0,0,0,0,0,0,0,0,0,0,0,0,0,0,0,0,0
write,883,4096,4803928,882064,7234,541,3900073,2285005,2,0,130,0,0,521,10440,3055,4803928,0,54095,8,24609,2036749,1722951,0,1823,0,0,0,0,0,0,0,0,0,0,0,0,0,0,0,0,0,0,0,0,0
write,884,4096,4820870,1372303,7684,672,3427246,2055326,4,0,130,0,0,481,9498,2986,4820870,0,54095,8,24653,1744762,1676784,0,1213,0,0,0,0,0,0,0,0,0,0,0,0,0,0,0,0,0,0,0,0,0
write,885,4096,4767480,1151780,7965,611,3596744,2083917,4,0,131,0,0,431,7715,2234,4767480,0,54095,8,24634,1889192,1701691,0,1252,0,0,0,0,0,0,0,0,0,0,0,0,0,0,0,0,0,0,0,0,0
write,886,4096,4356579,888476,7183,611,3449429,2039626,3,0,130,0,0,481,8385,2014,4356579,0,54095,8,24625,1767214,1676394,0,1312,0,0,0,0,0,0,0,0,0,0,0,0,0,0,0,0,0,0,0,0,0
write,887,4096,4566232,912080,9368,761,3634345,2146794,4,0,130,0,0,541,7123,2014,4566232,0,54095,8,24635,1873183,1754520,0,1642,0,0,0,0,0,0,0,0,0,0,0,0,0,0,0,0,0,0,0,0,0
write,888,4096,4402465,887905,7213,541,3494323,2046468,3,0,130,0,0,401,9608,2474,4402465,0,54095,8,24629,1813120,1675712,0,1203,0,0,0,0,0,0,0,0,0,0,0,0,0,0,0,0,0,0,0,0,0
write,889,4096,4448622,893616,7424,551,3537784,2055354,3,0,130,0,0,511,6963,1773,4448622,0,54095,8,24624,1856882,1675222,0,1322,0,0,0,0,0,0,0,0,0,0,0,0,0,0,0,0,0,0,0,0,0
write,890,4096,4421481,895359,7654,621,3507327,2029165,3,0,130,0,0,541,7765,2214,4421481,0,54095,8,24630,1835041,1666385,0,1302,0,0,0,0,0,0,0,0,0,0,0,0,0,0,0,0,0,0,0,0,0
write,891,4096,4367469,892894,7724,592,3456451,2056166,4,0,130,0,0,531,7214,2063,4367469,0,54095,8,24621,1775379,1675251,0,1233,0,0,0,0,0,0,0,0,0,0,0,0,0,0,0,0,0,0,0,0,0
write,892,4096,4537288,886242,6893,591,3633644,2066596,3,0,130,0,0,441,7023,2454,4537288,0,54095,8,24631,1930781,1697173,0,1322,0,0,0,0,0,0,0,0,0,0,0,0,0,0,0,0,0,0,0,0,0
write,893,4096,4329839,894407,7504,631,3417458,2025629,4,0,130,0,0,521,6973,2345,4329839,0,54095,8,24638,1761614,1649533,0,1312,0,0,0,0,0,0,0,0,0,0,0,0,0,0,0,0,0,0,0,0,0
write,894,4096,4463510,902172,9638,902,3539066,2051046,3,0,130,0,0,601,8536,2595,4463510,0,54095,8,24647,1858004,1674109,0,1502,0,0,0,0,0,0,0,0,0,0,0,0,0,0,0,0,0,0,0,0,0
write,895,4096,4557336,886894,9447,802,3647369,2223090,3,0,131,0,0,461,10310,2053,4557336,0,54095,8,24676,1780499,1860709,0,1322,0,0,0,0,0,0,0,0,0,0,0,0,0,0,0,0,0,0,0,0,0
write,896,4096,4367450,886192,9478,831,3459758,2062518,3,0,130,0,0,461,8416,2314,4367450,0,54095,8,24626,1774006,1679490,0,1413,0,0,0,0,0,0,0,0,0,0,0,0,0,0,0,0,0,0,0,0,0
write,897,4096,4413526,886232,9167,772,3504151,2014568,3,0,130,0,0,430,10670,2104,4413526,0,54095,8,24622,1854487,1643482,0,1322,0,0,0,0,0,0,0,0,0,0,0,0,0,0,0,0,0,0,0,0,0
write,898,4096,4321163,884799,9678,692,3415003,2039005,3,0,130,0,0,451,8216,2324,4321163,0,54095,8,24640,1741015,1667847,0,1453,0,0,0,0,0,0,0,0,0,0,0,0,0,0,0,0,0,0,0,0,0
write,899,4096,4532249,880752,9337,722,3631299,2056717,4,0,130,0,0,701,7154,2284,4532249,0,54095,8,24645,1953503,1670933,0,1492,0,0,0,0,0,0,0,0,0,0,0,0,0,0,0,0,0,0,0,0,0
write,900,4096,4371898,888586,7544,712,3462122,2054984,3,0,130,0,0,501,9979,2454,4371898,0,54095,8,24630,1767645,1688196,0,1382,0,0,0,0,0,0,0,0,0,0,0,0,0,0,0,0,0,0,0,0,0
write,901,4096,5343831,888416,8446,601,4436980,2046558,4,0,130,0,0,411,6943,2034,5343831,0,54095,8,24625,2763402,1667547,0,1351,0,0,0,0,0,0,0,0,0,0,0,0,0,0,0,0,0,0,0,0,0
write,902,4096,4410049,887754,7174,581,3501786,2054624,3,0,131,0,0,572,9628,2554,4410049,0,54095,8,24643,1812169,1683887,0,1233,0,0,0,0,0,0,0,0,0,0,0,0,0,0,0,0,0,0,0,0,0
write,903,4096,4351029,896380,10169,722,3432547,2040408,3,0,130,0,0,480,8446,2285,4351029,0,54095,8,24620,1763036,1662758,0,1464,0,0,0,0,0,0,0,0,0,0,0,0,0,0,0,0,0,0,0,0,0
write,904,4096,4419388,876504,9969,971,3520853,2048493,3,0,130,0,0,581,8075,2435,4419388,0,54095,8,24633,1846864,1666785,0,1541,0,0,0,0,0,0,0,0,0,0,0,0,0,0,0,0,0,0,0,0,0
write,905,4096,4360246,891712,9307,761,3446193,2022575,3,0,130,0,0,511,9858,1904,4360246,0,54095,8,24666,1790538,1649103,0,1553,0,0,0,0,0,0,0,0,0,0,0,0,0,0,0,0,0,0,0,0,0
write,906,4096,4618159,891271,9538,671,3703906,2126368,3,0,130,0,0,691,9297,2785,4618159,0,54095,8,24657,1950097,1746485,0,1654,0,0,0,0,0,0,0,0,0,0,0,0,0,0,0,0,0,0,0,0,0
write,907,4096,5324304,906950,10490,862,4394230,3007451,4,0,130,0,0,541,8556,2675,5324304,0,54095,8,88005,1762425,2624201,0,1675,0,0,0,0,0,0,0,0,0,0,0,0,0,0,0,0,0,0,0,0,0
write,908,4096,6123232,887885,9938,711,5212735,3726038,3,0,130,0,0,521,9147,2295,6123232,0,54095,8,138230,1848245,3357797,0,1532,0,0,0,0,0,0,0,0,0,0,0,0,0,0,0,0,0,0,0,0,0
write,909,4096,6281349,894277,9608,712,5366132,3884695,4,0,130,0,0,541,7805,2274,6281349,0,54095,8,148535,1857033,3502167,0,1633,0,0,0,0,0,0,0,0,0,0,0,0,0,0,0,0,0,0,0,0,0
write,910,4096,6429957,883827,9117,742,5524870,4149402,3,0,131,0,0,571,8566,2264,6429957,0,54095,8,154238,1738620,3779707,0,1472,0,0,0,0,0,0,0,0,0,0,0,0,0,0,0,0,0,0,0,0,0
write,911,4096,6115197,886523,9537,712,5206713,3721410,3,0,130,0,0,531,9037,2144,6115197,0,54095,8,137540,1847975,3352186,0,1471,0,0,0,0,0,0,0,0,0,0,0,0,0,0,0,0,0,0,0,0,0
write,912,4096,6260039,886071,9468,702,5352947,3940860,3,0,130,0,0,792,7273,2786,6260039,0,54095,8,153417,1782542,3563252,0,1393,0,0,0,0,0,0,0,0,0,0,0,0,0,0,0,0,0,0,0,0,0
write,913,4096,6183575,911178,7925,662,5250625,3639556,3,0,130,0,0,511,9699,2975,6183575,0,54095,8,129398,1986285,3257959,0,1393,0,0,0,0,0,0,0,0,0,0,0,0,0,0,0,0,0,0,0,0,0
write,914,4096,6285046,1061030,7314,641,5204619,3769268,3,0,130,0,0,481,8576,2385,6285046,0,54095,8,142166,1789686,3409173,0,1182,0,0,0,0,0,0,0,0,0,0,0,0,0,0,0,0,0,0,0,0,0
write,915,4096,6335891,1004754,7053,581,5313073,3796320,3,0,130,0,0,431,7684,2315,6335891,0,54095,8,144370,1878102,3429541,0,1121,0,0,0,0,0,0,0,0,0,0,0,0,0,0,0,0,0,0,0,0,0
write,916,4096,6568397,1103890,7254,641,5445431,3974755,3,0,131,0,0,411,8336,2434,6568397,0,54095,8,155943,1840101,3599800,0,1193,0,0,0,0,0,0,0,0,0,0,0,0,0,0,0,0,0,0,0,0,0
write,917,4096,6325221,1044909,8045,581,5259894,3876731,3,0,130,0,0,751,8406,2635,6325221,0,54095,8,150871,1750493,3502848,0,1343,0,0,0,0,0,0,0,0,0,0,0,0,0,0,0,0,0,0,0,0,0
write,918,4096,6117151,971832,7795,671,5125121,3640390,3,0,130,0,0,571,8806,2355,6117151,0,54095,8,128764,1857373,3260875,0,1544,0,0,0,0,0,0,0,0,0,0,0,0,0,0,0,0,0,0,0,0,0
write,919,4096,6031290,894107,7995,631,5111294,3703807,3,0,130,0,0,992,11702,4569,6031290,0,54095,8,134043,1785969,3317020,0,2735,0,0,0,0,0,0,0,0,0,0,0,0,0,0,0,0,0,0,0,0,0
write,920,4096,53980544,913283,10680,992,53037976,3763730,4,0,130,0,0,1532,10550,5531,53980544,0,54095,8,133530,49704936,3321138,0,2585,0,0,0,0,0,0,0,0,0,0,0,0,0,0,0,0,0,0,0,0,0
write,921,4096,6495441,912932,11041,1032,5558253,4020612,3,0,131,0,0,761,8336,3086,6495441,0,54095,8,160661,1918277,3630819,0,2526,0,0,0,0,0,0,0,0,0,0,0,0,0,0,0,0,0,0,0,0,0
write,922,4096,6345228,893335,9438,731,5429431,3817050,3,0,44,0,0,551,9658,2084,6345228,0,54095,8,161679,1973531,3449409,0,1462,0,0,0,0,0,0,0,0,0,0,0,0,0,0,0,0,0,0,0,0,0
write,923,4096,6161945,893145,9478,781,5248231,3775652,4,0,0,0,0,491,7524,2295,6161945,0,54095,8,164876,1845691,3396118,0,1444,0,0,0,0,0,0,0,0,0,0,0,0,0,0,0,0,0,0,0,0,0
write,924,4096,6112191,890169,9478,871,5200282,3747248,3,0,0,0,0,501,8646,2244,6112191,0,54095,8,162058,1817078,3376562,0,1373,0,0,0,0,0,0,0,0,0,0,0,0,0,0,0,0,0,0,0,0,0
write,925,4096,6098506,891021,9518,781,5185414,3787081,3,0,0,0,0,701,8797,2274,6098506,0,54095,8,156005,1770189,3408372,0,1512,0,0,0,0,0,0,0,0,0,0,0,0,0,0,0,0,0,0,0,0,0
write,926,4096,6081724,885821,10059,831,5173091,3602027,3,0,0,0,0,531,9367,2024,6081724,0,54095,8,148131,1942102,3224336,0,1492,0,0,0,0,0,0,0,0,0,0,0,0,0,0,0,0,0,0,0,0,0
write,927,4096,5970025,881503,10450,741,5065008,3651419,3,0,0,0,0,481,9788,2054,5970025,0,54095,8,153633,1788925,3269762,0,1423,0,0,0,0,0,0,0,0,0,0,0,0,0,0,0,0,0,0,0,0,0
write,928,4096,6633729,875642,9037,741,5720377,4210446,3,0,0,0,0,2485,16090,9357,6633729,0,54095,8,153261,1879675,3826735,0,3257,0,0,0,0,0,0,0,0,0,0,0,0,0,0,0,0,0,0,0,0,0
write,929,4096,6053892,942097,12293,1222,5087159,3632683,3,0,0,0,0,511,8376,2234,6053892,0,54095,8,141291,1908950,3167079,0,3728,0,0,0,0,0,0,0,0,0,0,0,0,0,0,0,0,0,0,0,0,0
write,930,4096,5908710,894287,9127,812,4993063,3599332,3,0,0,0,0,511,8706,2204,5908710,0,54095,8,147489,1754380,3232312,0,1432,0,0,0,0,0,0,0,0,0,0,0,0,0,0,0,0,0,0,0,0,0
write,931,4096,5709186,897964,9618,872,4789801,3326790,3,0,0,0,0,511,8276,2144,5709186,0,54095,8,125050,1829470,2954079,0,1422,0,0,0,0,0,0,0,0,0,0,0,0,0,0,0,0,0,0,0,0,0
write,932,4096,5850851,888746,9268,721,4939593,3572159,3,0,0,0,0,601,9518,2404,5850851,0,54095,8,144998,1730104,3202636,0,1522,0,0,0,0,0,0,0,0,0,0,0,0,0,0,0,0,0,0,0,0,0
write,933,4096,5857444,899978,9367,882,4935164,3425725,4,0,0,0,0,531,9208,2314,5857444,0,54095,8,133015,1882050,3046653,0,1493,0,0,0,0,0,0,0,0,0,0,0,0,0,0,0,0,0,0,0,0,0
write,934,4096,6071094,880591,9177,1012,5167971,3774449,3,0,0,0,0,461,9758,2124,6071094,0,54095,8,162004,1755092,3406538,0,1402,0,0,0,0,0,0,0,0,0,0,0,0,0,0,0,0,0,0,0,0,0
write,935,4096,5922897,903053,8977,722,4998312,3498011,3,0,0,0,0,501,9017,2315,5922897,0,54095,8,138938,1864446,3127484,0,1434,0,0,0,0,0,0,0,0,0,0,0,0,0,0,0,0,0,0,0,0,0
write,936,4096,5995263,888216,9257,842,5084314,3610271,3,0,0,0,0,491,10109,2034,5995263,0,54095,8,144482,1845551,3232452,0,1342,0,0,0,0,0,0,0,0,0,0,0,0,0,0,0,0,0,0,0,0,0
write,937,4096,5823761,881463,9067,732,4920376,3544037,3,0,0,0,0,531,9378,2214,5823761,0,54095,8,140514,1745984,3167790,0,1583,0,0,0,0,0,0,0,0,0,0,0,0,0,0,0,0,0,0,0,0,0
write,938,4096,5918899,893736,9678,721,5003072,3536922,3,0,0,0,0,491,8856,2345,5918899,0,54095,8,142700,1835442,3161208,0,1413,0,0,0,0,0,0,0,0,0,0,0,0,0,0,0,0,0,0,0,0,0
write,939,4096,5993950,897092,9398,831,5075287,3659884,4,0,0,0,0,501,8616,2225,5993950,0,54095,8,150335,1792101,3276674,0,1472,0,0,0,0,0,0,0,0,0,0,0,0,0,0,0,0,0,0,0,0,0
write,940,4096,6283533,890760,9698,852,5371583,3869836,3,0,0,0,0,521,7814,2305,6283533,0,54095,8,168210,1865809,3499472,0,1394,0,0,0,0,0,0,0,0,0,0,0,0,0,0,0,0,0,0,0,0,0
write,941,4096,6328958,880291,9367,792,5425814,4044736,4,0,0,0,0,551,9588,2555,6328958,0,54095,8,184993,1758057,3661406,0,1392,0,0,0,0,0,0,0,0,0,0,0,0,0,0,0,0,0,0,0,0,0
write,942,4096,5986465,890309,9338,741,5073945,3568874,3,0,0,0,0,491,9828,1813,5986465,0,54095,8,143723,1866280,3201474,0,1403,0,0,0,0,0,0,0,0,0,0,0,0,0,0,0,0,0,0,0,0,0
write,943,4096,5942493,890680,8797,781,5030233,3591205,3,0,0,0,0,501,9227,2274,5942493,0,54095,8,145825,1810244,3213536,0,1532,0,0,0,0,0,0,0,0,0,0,0,0,0,0,0,0,0,0,0,0,0
write,944,4096,5949887,894608,9297,802,5032396,3655085,4,0,0,0,0,672,9167,2945,5949887,0,54095,8,146456,1745143,3279730,0,1965,0,0,0,0,0,0,0,0,0,0,0,0,0,0,0,0,0,0,0,0,0
write,945,4096,5999260,902102,10430,831,5071440,3568233,3,0,0,0,0,872,9598,3987,5999260,0,54095,8,141657,1872652,3190964,0,1903,0,0,0,0,0,0,0,0,0,0,0,0,0,0,0,0,0,0,0,0,0
write,946,4096,5786901,899256,9819,821,4865544,3476861,3,0,0,0,0,631,8947,1883,5786901,0,54095,8,137809,1748398,3110262,0,1663,0,0,0,0,0,0,0,0,0,0,0,0,0,0,0,0,0,0,0,0,0
write,947,4096,5978090,880321,8446,791,5075418,3535389,4,0,0,0,0,491,10660,1963,5978090,0,54095,8,140529,1917726,3151489,0,1403,0,0,0,0,0,0,0,0,0,0,0,0,0,0,0,0,0,0,0,0,0
write,948,4096,6084640,879850,9357,802,5182007,3742129,3,0,0,0,0,661,9789,2174,6084640,0,54095,8,159030,1810255,3365211,0,1443,0,0,0,0,0,0,0,0,0,0,0,0,0,0,0,0,0,0,0,0,0
write,949,4096,6042931,889488,9247,711,5131182,3649564,4,0,0,0,0,461,9748,2094,6042931,0,54095,8,150396,1852754,3272367,0,1343,0,0,0,0,0,0,0,0,0,0,0,0,0,0,0,0,0,0,0,0,0
write,950,4096,6198213,893736,9127,952,5282546,3824042,3,0,0,0,0,481,9247,2124,6198213,0,54095,8,168220,1815104,3461010,0,1354,0,0,0,0,0,0,0,0,0,0,0,0,0,0,0,0,0,0,0,0,0
write,951,4096,6352913,898885,9268,831,5431255,4067298,3,0,6,0,0,471,9828,2375,6352913,0,54095,8,185590,1735184,3689158,0,1514,0,0,0,0,0,0,0,0,0,0,0,0,0,0,0,0,0,0,0,0,0
write,952,4096,6510007,886482,9458,831,5601855,4131038,4,0,130,0,0,501,8596,2284,6510007,0,54095,8,171908,1846272,3749230,0,1474,0,0,0,0,0,0,0,0,0,0,0,0,0,0,0,0,0,0,0,0,0
write,953,4096,5978501,882645,9949,861,5068815,3678780,3,0,105,0,0,521,9228,6482,5978501,0,54095,8,136743,1749651,3312982,0,1393,0,0,0,0,0,0,0,0,0,0,0,0,0,0,0,0,0,0,0,0,0
write,954,4096,6062980,896221,9027,791,5145098,3632252,3,0,0,0,0,521,9138,2184,6062980,0,54095,8,148229,1877421,3261275,0,1432,0,0,0,0,0,0,0,0,0,0,0,0,0,0,0,0,0,0,0,0,0
write,955,4096,6065674,905438,9437,812,5137814,3665215,3,0,0,0,0,481,9528,2164,6065674,0,54095,8,148817,1842735,3288647,0,1443,0,0,0,0,0,0,0,0,0,0,0,0,0,0,0,0,0,0,0,0,0
write,956,4096,5936712,892543,9518,742,5022217,3519981,3,0,0,0,0,441,8967,2284,5936712,0,54095,8,139301,1868855,3147041,0,1373,0,0,0,0,0,0,0,0,0,0,0,0,0,0,0,0,0,0,0,0,0
write,957,4096,5895826,903013,9478,831,4970711,3496209,3,0,0,0,0,481,9518,1794,5895826,0,54095,8,138063,1834099,3130421,0,1302,0,0,0,0,0,0,0,0,0,0,0,0,0,0,0,0,0,0,0,0,0
write,958,4096,6046960,886643,8907,851,5138616,3765201,4,0,0,0,0,491,9147,2305,6046960,0,54095,8,150493,1748418,3383955,0,1432,0,0,0,0,0,0,0,0,0,0,0,0,0,0,0,0,0,0,0,0,0
write,959,4096,6112933,902442,9178,801,5188119,3679190,3,0,0,0,0,561,9548,2284,6112933,0,54095,8,153649,1864957,3316269,0,1553,0,0,0,0,0,0,0,0,0,0,0,0,0,0,0,0,0,0,0,0,0
write,960,4096,6023455,886092,9688,932,5115101,3726961,4,0,0,0,0,471,8937,2234,6023455,0,54095,8,157535,1759139,3349751,0,1362,0,0,0,0,0,0,0,0,0,0,0,0,0,0,0,0,0,0,0,0,0
write,961,4096,5772254,902222,9387,822,4847730,3492712,3,0,0,0,0,471,9428,2194,5772254,0,54095,8,137936,1716629,3124559,0,1493,0,0,0,0,0,0,0,0,0,0,0,0,0,0,0,0,0,0,0,0,0
write,962,4096,5975475,892483,9217,822,5060990,3637251,3,0,0,0,0,501,9348,2114,5975475,0,54095,8,146717,1796058,3258801,0,1302,0,0,0,0,0,0,0,0,0,0,0,0,0,0,0,0,0,0,0,0,0
write,963,4096,6051026,888656,9297,792,5139998,3628565,4,0,0,0,0,571,9869,1843,6051026,0,54095,8,148116,1878272,3255504,0,1313,0,0,0,0,0,0,0,0,0,0,0,0,0,0,0,0,0,0,0,0,0
write,964,4096,6296567,888366,8847,701,5386721,3889957,3,0,0,0,0,501,9628,1803,6296567,0,54095,8,170889,1861982,3518518,0,1302,0,0,0,0,0,0,0,0,0,0,0,0,0,0,0,0,0,0,0,0,0
write,965,4096,6206108,888376,9087,792,5294508,3924201,3,0,0,0,0,591,9708,3046,6206108,0,54095,8,174889,1725115,3562851,0,1393,0,0,0,0,0,0,0,0,0,0,0,0,0,0,0,0,0,0,0,0,0
write,966,4096,6425980,890961,9407,812,5513699,4009389,3,0,0,0,0,561,8246,2294,6425980,0,54095,8,177969,1880406,3626590,0,1484,0,0,0,0,0,0,0,0,0,0,0,0,0,0,0,0,0,0,0,0,0
write,967,4096,5925541,886813,9428,781,5016477,3640839,3,0,0,0,0,541,9237,2264,5925541,0,54095,8,147785,1742137,3268068,0,1423,0,0,0,0,0,0,0,0,0,0,0,0,0,0,0,0,0,0,0,0,0
write,968,4096,6105940,886162,9297,802,5197055,3713766,4,0,0,0,0,501,10300,1823,6105940,0,54095,8,154511,1862142,3328511,0,1383,0,0,0,0,0,0,0,0,0,0,0,0,0,0,0,0,0,0,0,0,0
write,969,4096,5928757,892944,8637,871,5013792,3566680,3,0,0,0,0,511,9568,2434,5928757,0,54095,8,144608,1804995,3202586,0,1383,0,0,0,0,0,0,0,0,0,0,0,0,0,0,0,0,0,0,0,0,0
write,970,4096,6231475,885090,9167,782,5324835,3854891,3,0,0,0,0,561,8676,2364,6231475,0,54095,8,164158,1841192,3477251,0,1462,0,0,0,0,0,0,0,0,0,0,0,0,0,0,0,0,0,0,0,0,0
write,971,4096,5913028,893866,9448,751,4995949,3521554,4,0,0,0,0,451,10700,1863,5913028,0,54095,8,138566,1844759,3145018,0,1373,0,0,0,0,0,0,0,0,0,0,0,0,0,0,0,0,0,0,0,0,0
write,972,4096,6018726,887724,8697,801,5109502,3716892,3,1,0,0,0,490,9288,2224,6018726,0,54095,8,155583,1741285,3361944,0,1454,0,0,0,0,0,0,0,0,0,0,0,0,0,0,0,0,0,0,0,0,0
write,973,4096,6126498,892373,9538,752,5212414,3710440,3,0,0,0,0,561,8977,1883,6126498,0,54095,8,158191,1860538,3345393,0,1393,0,0,0,0,0,0,0,0,0,0,0,0,0,0,0,0,0,0,0,0,0
write,974,4096,6344978,891873,9137,761,5430173,3999692,4,0,0,0,0,451,10660,1923,6344978,0,54095,8,180006,1796198,3627232,0,1342,0,0,0,0,0,0,0,0,0,0,0,0,0,0,0,0,0,0,0,0,0
write,975,4096,6357541,887624,9458,741,5448187,3932235,3,0,0,0,0,531,8205,2795,6357541,0,54095,8,171610,1881979,3559354,0,1442,0,0,0,0,0,0,0,0,0,0,0,0,0,0,0,0,0,0,0,0,0
write,976,4096,6252494,881733,9688,902,5348810,3922998,3,0,0,0,0,571,8466,2324,6252494,0,54095,8,171664,1812769,3529177,0,1515,0,0,0,0,0,0,0,0,0,0,0,0,0,0,0,0,0,0,0,0,0
write,977,4096,5906075,883988,9447,782,4999465,3609611,3,0,0,0,0,541,9578,2274,5906075,0,54095,8,147619,1759610,3233272,0,1453,0,0,0,0,0,0,0,0,0,0,0,0,0,0,0,0,0,0,0,0,0
write,978,4096,5943555,889949,8856,812,5030834,3540531,3,0,0,0,0,551,9477,3076,5943555,0,54095,8,139883,1858344,3165295,0,1674,0,0,0,0,0,0,0,0,0,0,0,0,0,0,0,0,0,0,0,0,0
write,979,4096,6034666,907812,9188,851,5104843,3726991,3,0,0,0,0,561,9097,2314,6034666,0,54095,8,154318,1763928,3333491,0,1543,0,0,0,0,0,0,0,0,0,0,0,0,0,0,0,0,0,0,0,0,0
write,980,4096,5929389,894758,8656,771,5013151,3499375,3,0,0,0,0,571,9157,2325,5929389,0,54095,8,136335,1890805,3115341,0,1503,0,0,0,0,0,0,0,0,0,0,0,0,0,0,0,0,0,0,0,0,0
write,981,4096,6012345,901711,8967,721,5088412,3690121,3,1,0,0,0,511,9788,2235,6012345,0,54095,8,150939,1761693,3319956,0,1552,0,0,0,0,0,0,0,0,0,0,0,0,0,0,0,0,0,0,0,0,0
write,982,4096,6015440,897172,8867,851,5095896,3623106,4,0,0,0,0,531,9959,2164,6015440,0,54095,8,144505,1856120,3233223,0,1374,0,0,0,0,0,0,0,0,0,0,0,0,0,0,0,0,0,0,0,0,0
write,983,4096,6080141,899957,8736,792,5157121,3690002,3,0,0,0,0,621,10509,2405,6080141,0,54095,8,146395,1836153,3313985,0,1513,0,0,0,0,0,0,0,0,0,0,0,0,0,0,0,0,0,0,0,0,0
write,984,4096,6203683,924363,9037,1212,5253382,3833221,4,0,0,0,0,1082,10409,4198,6203683,0,54095,8,162404,1828388,3415595,0,2395,0,0,0,0,0,0,0,0,0,0,0,0,0,0,0,0,0,0,0,0,0
write,985,4096,6072006,911188,9989,932,5137243,3652341,3,0,0,0,0,611,9598,2445,6072006,0,54095,8,151304,1851642,3278118,0,1794,0,0,0,0,0,0,0,0,0,0,0,0,0,0,0,0,0,0,0,0,0
write,986,4096,5925341,896821,9147,1092,5006629,3590475,4,0,0,0,0,511,8866,2275,5925341,0,54095,8,143543,1791900,3207835,0,1392,0,0,0,0,0,0,0,0,0,0,0,0,0,0,0,0,0,0,0,0,0
write,987,4096,6146195,899296,9428,821,5224537,3643333,3,0,0,0,0,541,9408,2164,6146195,0,54095,8,149097,1956639,3261266,0,1384,0,0,0,0,0,0,0,0,0,0,0,0,0,0,0,0,0,0,0,0,0
write,988,4096,6149020,894447,9328,851,5234025,3821105,3,0,0,0,0,531,7604,2234,6149020,0,54095,8,163601,1782973,3443988,0,1553,0,0,0,0,0,0,0,0,0,0,0,0,0,0,0,0,0,0,0,0,0
write,989,4096,6301347,902884,9267,741,5377755,3875148,3,0,0,0,0,561,7934,2205,6301347,0,54095,8,165121,1879975,3491106,0,1472,0,0,0,0,0,0,0,0,0,0,0,0,0,0,0,0,0,0,0,0,0
write,990,4096,6123984,879309,8877,801,5221582,3792093,4,0,0,0,0,511,10940,1964,6123984,0,54095,8,159191,1811116,3403863,0,1433,0,0,0,0,0,0,0,0,0,0,0,0,0,0,0,0,0,0,0,0,0
write,991,4096,6073919,891511,8917,792,5167279,3781984,3,0,0,0,0,631,2124,2665,6073919,0,54095,8,160754,1745664,3415024,0,1482,0,0,0,0,0,0,0,0,0,0,0,0,0,0,0,0,0,0,0,0,0
write,992,4096,6289484,888416,8777,721,5379878,3878433,4,0,0,0,0,491,8677,2524,6289484,0,54095,8,168325,1875247,3498170,0,1393,0,0,0,0,0,0,0,0,0,0,0,0,0,0,0,0,0,0,0,0,0
write,993,4096,5990363,899016,9237,762,5070227,3636952,3,1,0,0,0,521,8306,2294,5990363,0,54095,8,151057,1788163,3275372,0,1522,0,0,0,0,0,0,0,0,0,0,0,0,0,0,0,0,0,0,0,0,0
write,994,4096,5925081,891662,9318,811,5011969,3471862,3,0,0,0,0,480,8607,2234,5925081,0,54095,8,136845,1901125,3103690,0,1484,0,0,0,0,0,0,0,0,0,0,0,0,0,0,0,0,0,0,0,0,0
write,995,4096,5965646,902452,11291,1012,5035993,3587529,3,0,0,0,0,1092,9759,4047,5965646,0,54095,8,142364,1841583,3187116,0,1574,0,0,0,0,0,0,0,0,0,0,0,0,0,0,0,0,0,0,0,0,0
write,996,4096,6022273,899597,9538,852,5099492,3620151,3,0,0,0,0,621,9438,2735,6022273,0,54095,8,150195,1851592,3240576,0,1553,0,0,0,0,0,0,0,0,0,0,0,0,0,0,0,0,0,0,0,0,0
write,997,4096,6224672,907291,9508,872,5294468,3803314,3,0,0,0,0,561,9608,2364,6224672,0,54095,8,166789,1853386,3434350,0,1513,0,0,0,0,0,0,0,0,0,0,0,0,0,0,0,0,0,0,0,0,0
write,998,4096,6025889,893705,9288,751,5110764,3693749,4,0,0,0,0,581,8606,2194,6025889,0,54095,8,156641,1791229,3312171,0,1463,0,0,0,0,0,0,0,0,0,0,0,0,0,0,0,0,0,0,0,0,0
write,999,4096,6128182,900489,9217,781,5205902,3738284,3,0,0,0,0,531,8997,2265,6128182,0,54095,8,160533,1834189,3365120,0,1422,0,0,0,0,0,0,0,0,0,0,0,0,0,0,0,0,0,0,0,0,0
write,1000,4096,6418847,884769,9278,821,5513689,4129544,4,0,0,0,0,531,7905,1854,6418847,0,54095,8,190807,1762124,3744883,0,1363,0,0,0,0,0,0,0,0,0,0,0,0,0,0,0,0,0,0,0,0,0
write,1001,4096,6079420,891662,9127,712,5166468,3659554,3,0,0,0,0,501,9087,1863,6079420,0,54095,8,153706,1865318,3294567,0,1533,0,0,0,0,0,0,0,0,0,0,0,0,0,0,0,0,0,0,0,0,0
write,1002,4096,5919611,888466,9248,781,5009143,3541713,3,0,0,0,0,551,8857,2565,5919611,0,54095,8,139955,1837225,3164965,0,1453,0,0,0,0,0,0,0,0,0,0,0,0,0,0,0,0,0,0,0,0,0
write,1003,4096,5989261,887755,10460,1052,5077731,3571429,3,0,0,0,0,571,9268,2424,5989261,0,54095,8,141121,1883281,3187017,0,1612,0,0,0,0,0,0,0,0,0,0,0,0,0,0,0,0,0,0,0,0,0
write,1004,4096,6074731,889488,9518,851,5163182,3698337,3,0,0,0,0,581,8587,2524,6074731,0,54095,8,151170,1835302,3320958,0,1563,0,0,0,0,0,0,0,0,0,0,0,0,0,0,0,0,0,0,0,0,0
write,1005,4096,6080192,896772,9117,841,5160968,3762897,3,0,0,0,0,601,9488,2405,6080192,0,54095,8,155658,1765772,3388254,0,1431,0,0,0,0,0,0,0,0,0,0,0,0,0,0,0,0,0,0,0,0,0
write,1006,4096,6077487,889027,9438,852,5165937,3653054,4,0,0,0,0,591,9438,2204,6077487,0,54095,8,147190,1887749,3271254,0,1444,0,0,0,0,0,0,0,0,0,0,0,0,0,0,0,0,0,0,0,0,0
write,1007,4096,6093106,902192,9427,842,5168311,3751646,3,0,0,0,0,571,9618,2145,6093106,0,54095,8,148810,1779777,3381541,0,1453,0,0,0,0,0,0,0,0,0,0,0,0,0,0,0,0,0,0,0,0,0
write,1008,4096,6018166,893215,9418,842,5100684,3728421,3,0,0,0,0,581,9298,4128,6018166,0,54095,8,156843,1745423,3348570,0,1382,0,0,0,0,0,0,0,0,0,0,0,0,0,0,0,0,0,0,0,0,0
write,1009,4096,4498576,903254,9317,872,3573311,1986064,2,0,0,0,0,581,8295,2946,4498576,0,54095,8,24631,2026921,1408892,0,2174,0,0,0,0,0,0,0,0,0,0,0,0,0,0,0,0,0,0,0,0,0
write,1010,4096,4133070,885200,8997,861,3225278,1823710,4,0,0,0,0,732,9908,2094,4133070,0,54095,8,24614,1791219,1426665,0,1654,0,0,0,0,0,0,0,0,0,0,0,0,0,0,0,0,0,0,0,0,0
write,1011,4096,4222909,888737,8566,711,3313684,1813291,3,0,0,0,0,561,8375,2275,4222909,0,54095,8,24662,1880617,1426484,0,1384,0,0,0,0,0,0,0,0,0,0,0,0,0,0,0,0,0,0,0,0,0
write,1012,4096,4132660,892183,8927,832,3219367,1805455,3,0,0,0,0,671,8015,2665,4132660,0,54095,8,24625,1775910,1437215,0,1272,0,0,0,0,0,0,0,0,0,0,0,0,0,0,0,0,0,0,0,0,0
write,1013,4096,4336041,898495,9327,731,3415435,1820634,4,0,0,0,0,852,8105,3096,4336041,0,54095,8,24624,2001854,1406568,0,1703,0,0,0,0,0,0,0,0,0,0,0,0,0,0,0,0,0,0,0,0,0
write,1014,4096,4152387,896962,7214,671,3238142,1813231,4,0,0,0,0,481,6753,2164,4152387,0,54095,8,24628,1810755,1421375,0,1212,0,0,0,0,0,0,0,0,0,0,0,0,0,0,0,0,0,0,0,0,0
write,1015,4096,4081765,884118,6963,632,3178470,1813652,4,0,0,0,0,581,8746,2255,4081765,0,54095,8,24627,1739392,1433168,0,1283,0,0,0,0,0,0,0,0,0,0,0,0,0,0,0,0,0,0,0,0,0
write,1016,4096,4279926,935364,7174,641,3325005,1807200,4,0,0,0,0,621,8726,2395,4279926,0,54095,8,24682,1882760,1435692,0,1374,0,0,0,0,0,0,0,0,0,0,0,0,0,0,0,0,0,0,0,0,0
write,1017,4096,4283733,1066590,5861,912,3199800,1816495,4,0,0,0,0,701,7594,2275,4283733,0,54095,8,24625,1762745,1429630,0,1733,0,0,0,0,0,0,0,0,0,0,0,0,0,0,0,0,0,0,0,0,0
write,1018,4096,4317927,1001799,6913,711,3299497,1794706,3,0,0,0,0,531,6663,1813,4317927,0,54095,8,24633,1880446,1413110,0,1312,0,0,0,0,0,0,0,0,0,0,0,0,0,0,0,0,0,0,0,0,0
write,1019,4096,4257383,1053636,7013,651,3186525,1796800,4,0,0,0,0,521,7214,1823,4257383,0,54095,8,24634,1766683,1414132,0,1152,0,0,0,0,0,0,0,0,0,0,0,0,0,0,0,0,0,0,0,0,0
write,1020,4096,4163878,886713,7153,591,3259082,1785349,3,0,0,0,0,480,7965,1894,4163878,0,54095,8,24625,1836403,1417017,0,1182,0,0,0,0,0,0,0,0,0,0,0,0,0,0,0,0,0,0,0,0,0
write,1021,4096,4159930,894587,6663,581,3248601,1799073,3,0,0,0,0,501,7174,1823,4159930,0,54095,8,24625,1814012,1428870,0,1172,0,0,0,0,0,0,0,0,0,0,0,0,0,0,0,0,0,0,0,0,0
write,1022,4096,4146966,889267,6492,672,3240586,1808422,4,0,0,0,0,541,7224,2184,4146966,0,54095,8,24641,1801819,1432786,0,1232,0,0,0,0,0,0,0,0,0,0,0,0,0,0,0,0,0,0,0,0,0
write,1023,4096,4182743,886833,7083,591,3278228,1811347,3,0,0,0,0,671,7003,2334,4182743,0,54095,8,24622,1847444,1424291,0,1193,0,0,0,0,0,0,0,0,0,0,0,0,0,0,0,0,0,0,0,0,0
write,1024,4096,5085827,916539,12634,1322,4139192,2707308,3,0,0,0,0,881,9168,6091,5085827,0,54095,3,24621,1881237,2247715,0,2964,0,0,0,0,0,0,0,0,0,0,0,0,0,0,0,0,0,0,0,0,0
write,1025,4096,4439966,945664,10299,821,3471249,1879576,4,1,0,0,0,732,8175,3026,4439966,0,54095,3,24625,2045535,1418520,0,1651,0,0,0,0,0,0,0,0,0,0,0,0,0,0,0,0,0,0,0,0,0
write,1026,4096,4351750,1081157,7544,672,3248671,1812268,3,0,0,0,0,411,6633,6662,4351750,0,54095,0,24640,1798753,1444018,0,1394,0,0,0,0,0,0,0,0,0,0,0,0,0,0,0,0,0,0,0,0,0
write,1027,4096,4268534,896381,10600,1342,3348970,1842436,4,0,0,0,0,742,8135,2364,4268534,0,54095,8,24673,1895955,1444860,0,2162,0,0,0,0,0,0,0,0,0,0,0,0,0,0,0,0,0,0,0,0,0
write,1028,4096,4130045,889338,9317,802,3219427,1797542,3,0,0,0,0,491,8415,2255,4130045,0,54095,8,24684,1782182,1423750,0,8285,0,0,0,0,0,0,0,0,0,0,0,0,0,0,0,0,0,0,0,0,0
write,1029,4096,4103835,885951,8746,742,3197516,1820765,4,0,0,0,0,541,8035,2304,4103835,0,54095,8,24675,1745483,1444959,0,1432,0,0,0,0,0,0,0,0,0,0,0,0,0,0,0,0,0,0,0,0,0
write,1030,4096,4199975,890259,9007,812,3289047,1814604,3,0,0,0,0,471,8015,2364,4199975,0,54095,8,24664,1842345,1440511,0,1292,0,0,0,0,0,0,0,0,0,0,0,0,0,0,0,0,0,0,0,0,0
write,1031,4096,4188545,890069,8777,761,3278097,1801388,3,0,0,0,0,531,8196,2114,4188545,0,54095,8,24696,1844639,1427076,0,1433,0,0,0,0,0,0,0,0,0,0,0,0,0,0,0,0,0,0,0,0,0
write,1032,4096,4247425,885491,8997,751,3342037,1793584,3,0,0,0,0,481,7504,2164,4247425,0,54095,8,24674,1908770,1426996,0,1313,0,0,0,0,0,0,0,0,0,0,0,0,0,0,0,0,0,0,0,0,0
write,1033,4096,14468020,898344,9278,731,13542826,2945384,4,0,0,0,0,1112,10349,5380,14468020,0,54095,8,87958,11189242,2344607,0,2004,0,0,0,0,0,0,0,0,0,0,0,0,0,0,0,0,0,0,0,0,0
write,1034,4096,5840923,904125,9869,1012,4884439,3424552,3,0,0,0,0,2835,18896,19747,5840923,0,54095,8,129899,1842825,3028328,0,3788,0,0,0,0,0,0,0,0,0,0,0,0,0,0,0,0,0,0,0,0,0
write,1035,4096,6263215,1051452,10329,1533,5181636,3604619,4,0,0,0,0,1553,11843,4869,6263215,0,54095,8,141586,2038883,3127054,0,4368,0,0,0,0,0,0,0,0,0,0,0,0,0,0,0,0,0,0,0,0,0
write,1036,4096,6167254,960050,9838,1463,5183460,3695642,3,0,0,0,0,712,9507,2224,6167254,0,54095,8,158054,1868554,3304957,0,2545,0,0,0,0,0,0,0,0,0,0,0,0,0,0,0,0,0,0,0,0,0
write,1037,4096,5757557,892234,9558,941,4843563,3457774,3,0,0,0,0,591,8376,2294,5757557,0,54095,8,137479,1761092,3075647,0,1472,0,0,0,0,0,0,0,0,0,0,0,0,0,0,0,0,0,0,0,0,0
write,1038,4096,5930541,898255,9297,842,5009554,3437026,4,0,0,0,0,601,9458,2534,5930541,0,54095,8,136650,1951068,3051552,0,1654,0,0,0,0,0,0,0,0,0,0,0,0,0,0,0,0,0,0,0,0,0
write,1039,4096,5844530,894037,9417,862,4929103,3534901,4,0,0,0,0,571,8315,2225,5844530,0,54095,8,145436,1765310,3156850,0,1474,0,0,0,0,0,0,0,0,0,0,0,0,0,0,0,0,0,0,0,0,0
write,1040,4096,6162436,904256,8917,841,5236480,3748621,3,0,0,0,0,731,8516,2695,6162436,0,54095,8,159519,1847334,3381241,0,1825,0,0,0,0,0,0,0,0,0,0,0,0,0,0,0,0,0,0,0,0,0
write,1041,4096,5930982,894307,8566,722,5016236,3576307,4,0,0,0,0,531,8015,2605,5930982,0,54095,8,145986,1822588,3187337,0,1471,0,0,0,0,0,0,0,0,0,0,0,0,0,0,0,0,0,0,0,0,0
write,1042,4096,6137719,906209,7635,581,5212915,3820646,3,0,0,0,0,401,7874,2104,6137719,0,54095,8,168469,1757335,3449929,0,1111,0,0,0,0,0,0,0,0,0,0,0,0,0,0,0,0,0,0,0,0,0
write,1043,4096,6495581,886302,7093,571,5590153,4082347,4,0,0,0,0,361,8856,2245,6495581,0,54095,8,189121,1879815,3705108,0,1033,0,0,0,0,0,0,0,0,0,0,0,0,0,0,0,0,0,0,0,0,0
write,1044,4096,6078117,1003050,6823,551,5056652,3650167,3,0,0,0,0,441,8707,1893,6078117,0,54095,8,155567,1769959,3281364,0,1031,0,0,0,0,0,0,0,0,0,0,0,0,0,0,0,0,0,0,0,0,0
write,1045,4096,6166974,881022,7153,521,5266396,3687556,3,0,0,0,0,631,8526,2725,6166974,0,54095,8,158252,1949095,3311249,0,1321,0,0,0,0,0,0,0,0,0,0,0,0,0,0,0,0,0,0,0,0,0
write,1046,4096,26084193,894407,9157,732,25164999,3636701,4,0,0,0,0,1122,8987,4789,26084193,0,54095,8,148653,21940683,3215921,0,1851,0,0,0,0,0,0,0,0,0,0,0,0,0,0,0,0,0,0,0,0,0
write,1047,4096,6190919,902983,10099,982,5257879,3706412,3,0,0,0,0,1764,11932,5280,6190919,0,54095,8,155371,1924840,3323292,0,2815,0,0,0,0,0,0,0,0,0,0,0,0,0,0,0,0,0,0,0,0,0
write,1048,4096,6517621,917831,11090,1163,5575315,3920684,4,0,0,0,0,851,8867,2504,6517621,0,54095,8,171039,2062779,3500194,0,2034,0,0,0,0,0,0,0,0,0,0,0,0,0,0,0,0,0,0,0,0,0
write,1049,4096,6192442,888166,8786,812,5282405,3855661,4,0,0,0,0,521,9288,2464,6192442,0,54095,8,169144,1824691,3450881,0,1633,0,0,0,0,0,0,0,0,0,0,0,0,0,0,0,0,0,0,0,0,0
write,1050,4096,6210366,892754,9558,902,5295420,3795849,3,0,0,0,0,501,8907,2324,6210366,0,54095,8,166849,1864487,3424121,0,1393,0,0,0,0,0,0,0,0,0,0,0,0,0,0,0,0,0,0,0,0,0
write,1051,4096,5542333,890199,9127,772,4631535,3265464,4,0,0,0,0,470,8106,2124,5542333,0,54095,8,121425,1741115,2884088,0,1332,0,0,0,0,0,0,0,0,0,0,0,0,0,0,0,0,0,0,0,0,0
write,1052,4096,5836395,885300,9258,751,4930185,3456382,3,0,0,0,0,601,8376,1924,5836395,0,54095,8,138929,1839690,3084003,0,1363,0,0,0,0,0,0,0,0,0,0,0,0,0,0,0,0,0,0,0,0,0
write,1053,4096,5803102,892474,9588,942,4888687,3438590,3,0,0,0,0,511,8436,2464,5803102,0,54095,8,134619,1823539,3057975,0,1632,0,0,0,0,0,0,0,0,0,0,0,0,0,0,0,0,0,0,0,0,0
write,1054,4096,5636670,885751,9348,821,4728147,3349812,3,0,0,0,0,500,9518,2585,5636670,0,54095,8,125130,1741566,2980018,0,1452,0,0,0,0,0,0,0,0,0,0,0,0,0,0,0,0,0,0,0,0,0
write,1055,4096,5849289,893005,9808,912,4934082,3460039,4,0,0,0,0,501,8737,2244,5849289,0,54095,8,134856,1847244,3080437,0,1373,0,0,0,0,0,0,0,0,0,0,0,0,0,0,0,0,0,0,0,0,0
write,1056,4096,5933206,887054,9137,761,5023951,3629436,3,0,0,0,0,581,9408,2314,5933206,0,54095,8,146915,1762315,3255155,0,1433,0,0,0,0,0,0,0,0,0,0,0,0,0,0,0,0,0,0,0,0,0
write,1057,4096,5803753,887164,9487,832,4894809,3383636,4,0,0,0,0,481,8676,2304,5803753,0,54095,8,125999,1887159,3000857,0,1443,0,0,0,0,0,0,0,0,0,0,0,0,0,0,0,0,0,0,0,0,0
write,1058,4096,5872512,886172,10690,1042,4961624,3530172,3,0,0,0,0,601,10049,2334,5872512,0,54095,8,135614,1806838,3147141,0,1743,0,0,0,0,0,0,0,0,0,0,0,0,0,0,0,0,0,0,0,0,0
write,1059,4096,6026611,884970,10179,841,5118989,3643633,3,0,0,0,0,471,8677,2484,6026611,0,54095,8,147166,1854207,3258189,0,1451,0,0,0,0,0,0,0,0,0,0,0,0,0,0,0,0,0,0,0,0,0
write,1060,4096,6262243,886803,9227,762,5353629,3876380,3,0,0,0,0,551,8686,2585,6262243,0,54095,8,164890,1837405,3509181,0,1391,0,0,0,0,0,0,0,0,0,0,0,0,0,0,0,0,0,0,0,0,0
write,1061,4096,6131598,891582,9828,902,5217854,3824974,4,0,0,0,0,481,8957,1994,6131598,0,54095,8,162297,1770900,3440591,0,1493,0,0,0,0,0,0,0,0,0,0,0,0,0,0,0,0,0,0,0,0,0
write,1062,4096,6035387,886592,8817,711,5127625,3642572,4,0,0,0,0,511,8957,2174,6035387,0,54095,8,146202,1855620,3265644,0,1393,0,0,0,0,0,0,0,0,0,0,0,0,0,0,0,0,0,0,0,0,0
write,1063,4096,6029657,887584,8937,721,5120462,3735536,3,0,0,0,0,511,9137,2305,6029657,0,54095,8,153925,1749651,3364379,0,1653,0,0,0,0,0,0,0,0,0,0,0,0,0,0,0,0,0,0,0,0,0
write,1064,4096,6238248,889438,9117,822,5324414,3810436,3,0,0,0,0,772,9557,4128,6238248,0,54095,8,160901,1877501,3440041,0,1522,0,0,0,0,0,0,0,0,0,0,0,0,0,0,0,0,0,0,0,0,0
write,1065,4096,6279676,907793,10489,932,5346666,3894444,4,0,0,0,0,651,10801,2344,6279676,0,54095,8,164823,1838447,3500374,0,1905,0,0,0,0,0,0,0,0,0,0,0,0,0,0,0,0,0,0,0,0,0
write,1066,4096,6378581,888506,8697,761,5471691,3990865,3,0,0,0,0,510,6583,1833,6378581,0,54095,8,175278,1841633,3623565,0,1533,0,0,0,0,0,0,0,0,0,0,0,0,0,0,0,0,0,0,0,0,0
write,1067,4096,6614353,887033,7204,511,5703775,4256001,3,0,0,0,0,521,8767,6542,6614353,0,54095,8,193656,1848506,3849078,0,1342,0,0,0,0,0,0,0,0,0,0,0,0,0,0,0,0,0,0,0,0,0
write,1068,4096,6359586,916980,7835,721,5423790,4036100,3,0,0,0,0,602,7243,2415,6359586,0,54095,8,177117,1748969,3668719,0,1402,0,0,0,0,0,0,0,0,0,0,0,0,0,0,0,0,0,0,0,0,0
write,1069,4096,6501411,884107,8356,621,5597176,4081285,3,0,0,0,0,601,8276,2274,6501411,0,54095,8,183081,1890084,3701030,0,1292,0,0,0,0,0,0,0,0,0,0,0,0,0,0,0,0,0,0,0,0,0
write,1070,4096,6236765,953458,7083,741,5268470,3875909,3,0,0,0,0,471,4358,2184,6236765,0,54095,8,167535,1760091,3502488,0,1313,0,0,0,0,0,0,0,0,0,0,0,0,0,0,0,0,0,0,0,0,0
write,1071,4096,6433634,888756,8606,1132,5524320,4086513,3,0,0,0,0,551,7884,2385,6433634,0,54095,8,183103,1817789,3699037,0,1874,0,0,0,0,0,0,0,0,0,0,0,0,0,0,0,0,0,0,0,0,0
write,1072,4096,6757872,1025733,8336,751,5711340,4275739,3,0,0,0,0,571,8917,2224,6757872,0,54095,8,200942,1789706,3914680,0,1513,0,0,0,0,0,0,0,0,0,0,0,0,0,0,0,0,0,0,0,0,0
write,1073,4096,6735851,1069896,7464,611,5646789,4169290,3,0,0,0,0,441,8115,2535,6735851,0,54095,8,191092,1843827,3797300,0,1232,0,0,0,0,0,0,0,0,0,0,0,0,0,0,0,0,0,0,0,0,0
write,1074,4096,7021878,1106074,7444,541,5895425,4418577,3,0,0,0,0,471,9648,2275,7021878,0,54095,8,214226,1845110,4044755,0,1163,0,0,0,0,0,0,0,0,0,0,0,0,0,0,0,0,0,0,0,0,0
write,1075,4096,5808281,921528,7514,651,4867567,3483082,3,0,0,0,0,461,8246,2314,5808281,0,54095,8,137743,1761192,3100615,0,1271,0,0,0,0,0,0,0,0,0,0,0,0,0,0,0,0,0,0,0,0,0
write,1076,4096,6554691,961553,11652,1533,5569463,4044345,3,1,0,0,0,732,7263,2495,6554691,0,54095,9,165079,1899131,3660784,0,2677,0,0,0,0,0,0,0,0,0,0,0,0,0,0,0,0,0,0,0,0,0
write,1077,4096,5625850,895660,6703,711,4708299,3307131,4,0,0,0,0,481,11632,2364,5625850,0,54095,0,121866,1781240,2920707,0,1562,0,0,0,0,0,0,0,0,0,0,0,0,0,0,0,0,0,0,0,0,0
write,1078,4096,6092886,901120,11852,1052,5166949,3678099,3,0,0,0,0,712,8976,2225,6092886,0,54095,8,151286,1869245,3289839,0,1904,0,0,0,0,0,0,0,0,0,0,0,0,0,0,0,0,0,0,0,0,0
write,1079,4096,5830514,891793,9477,722,4916950,3468957,3,0,0,0,0,601,8917,2054,5830514,0,54095,8,134303,1819562,3090635,0,1442,0,0,0,0,0,0,0,0,0,0,0,0,0,0,0,0,0,0,0,0,0
write,1080,4096,7384026,892453,9428,771,6465384,4979128,3,0,0,0,0,1863,8997,5130,7384026,0,54095,8,142178,1852664,4604374,0,2326,0,0,0,0,0,0,0,0,0,0,0,0,0,0,0,0,0,0,0,0,0
write,1081,4096,6035798,908484,10169,891,5100545,3557553,4,0,0,0,0,541,8566,6602,6035798,0,54095,8,134107,1966007,3126363,0,1953,0,0,0,0,0,0,0,0,0,0,0,0,0,0,0,0,0,0,0,0,0
write,1082,4096,5986446,1078673,7424,682,4888907,3502308,3,0,0,0,0,461,7745,2554,5986446,0,54095,8,134988,1755953,3126933,0,1373,0,0,0,0,0,0,0,0,0,0,0,0,0,0,0,0,0,0,0,0,0
write,1083,4096,6308680,1085225,7234,611,5204209,3629816,3,0,0,0,0,571,8426,2404,6308680,0,54095,8,144399,1938314,3259642,0,1341,0,0,0,0,0,0,0,0,0,0,0,0,0,0,0,0,0,0,0,0,0
write,1084,4096,6154060,887715,7855,691,5248382,3861562,3,0,0,0,0,500,7064,1853,6154060,0,54095,8,161396,1760962,3480998,0,1463,0,0,0,0,0,0,0,0,0,0,0,0,0,0,0,0,0,0,0,0,0
write,1085,4096,6326002,886242,7083,601,5422408,3947313,3,0,0,0,0,421,7374,1873,6326002,0,54095,8,171974,1830583,3586094,0,1233,0,0,0,0,0,0,0,0,0,0,0,0,0,0,0,0,0,0,0,0,0
write,1086,4096,6149782,899527,7694,611,5232502,3783635,3,0,0,0,0,551,6743,2154,6149782,0,54095,8,154252,1842295,3377052,0,1202,0,0,0,0,0,0,0,0,0,0,0,0,0,0,0,0,0,0,0,0,0
write,1087,4096,6093878,909226,9217,791,5163212,3767387,3,0,0,0,0,521,8747,2164,6093878,0,54095,8,154541,1767084,3389166,0,1572,0,0,0,0,0,0,0,0,0,0,0,0,0,0,0,0,0,0,0,0,0
write,1088,4096,6363903,880721,16541,932,5454608,3978913,3,0,0,0,0,491,8426,2184,6363903,0,54095,8,171978,1843857,3604058,0,1624,0,0,0,0,0,0,0,0,0,0,0,0,0,0,0,0,0,0,0,0,0
write,1089,4096,6271931,892153,9357,742,5358668,3966038,4,0,0,0,0,501,8326,2184,6271931,0,54095,8,172941,1760070,3592396,0,1352,0,0,0,0,0,0,0,0,0,0,0,0,0,0,0,0,0,0,0,0,0
write,1090,4096,6490591,889808,9107,752,5579903,4001074,4,0,0,0,0,501,8486,2034,6490591,0,54095,8,176545,1942463,3631149,0,1472,0,0,0,0,0,0,0,0,0,0,0,0,0,0,0,0,0,0,0,0,0
write,1091,4096,6567495,885049,9308,711,5659903,4260462,3,0,0,0,0,582,9648,2294,6567495,0,54095,8,197279,1757225,3895986,0,1463,0,0,0,0,0,0,0,0,0,0,0,0,0,0,0,0,0,0,0,0,0
write,1092,4096,6783350,907121,9267,1313,5854217,4364084,3,0,0,0,0,652,8405,2375,6783350,0,54095,8,206523,1871820,3974713,0,1783,0,0,0,0,0,0,0,0,0,0,0,0,0,0,0,0,0,0,0,0,0
write,1093,4096,6525517,890600,9198,691,5614659,4196059,3,0,0,0,0,500,8036,1833,6525517,0,54095,8,190271,1780148,3828278,0,1403,0,0,0,0,0,0,0,0,0,0,0,0,0,0,0,0,0,0,0,0,0
write,1094,4096,6323107,880190,12193,842,5417929,4028286,4,0,0,0,0,501,9147,2305,6323107,0,54095,8,179515,1764409,3646879,0,1483,0,0,0,0,0,0,0,0,0,0,0,0,0,0,0,0,0,0,0,0,0
write,1095,4096,6186771,888616,9398,781,5275262,3799846,3,0,0,0,0,591,9749,2374,6186771,0,54095,8,163195,1832576,3436004,0,1422,0,0,0,0,0,0,0,0,0,0,0,0,0,0,0,0,0,0,0,0,0
write,1096,4096,6065654,885120,9738,811,5154426,3735306,3,0,0,0,0,791,10771,3997,6065654,0,54095,8,152269,1787592,3359771,0,1703,0,0,0,0,0,0,0,0,0,0,0,0,0,0,0,0,0,0,0,0,0
write,1097,4096,6354857,903404,10400,1042,5428750,3845794,3,0,0,0,0,531,8115,2615,6354857,0,54095,8,161995,1969042,3451602,0,1864,0,0,0,0,0,0,0,0,0,0,0,0,0,0,0,0,0,0,0,0,0
write,1098,4096,6292028,881372,9819,831,5388565,3990646,3,0,0,0,0,501,8526,2414,6292028,0,54095,8,176890,1769399,3612945,0,1353,0,0,0,0,0,0,0,0,0,0,0,0,0,0,0,0,0,0,0,0,0
write,1099,4096,6092375,885311,11341,811,5178140,3696132,3,0,0,0,0,662,9517,6593,6092375,0,54095,8,153306,1849949,3321157,0,1483,0,0,0,0,0,0,0,0,0,0,0,0,0,0,0,0,0,0,0,0,0
write,1100,4096,6084659,893134,9228,871,5169514,3734375,3,0,0,0,0,451,9458,2003,6084659,0,54095,8,157644,1806047,3356925,0,1423,0,0,0,0,0,0,0,0,0,0,0,0,0,0,0,0,0,0,0,0,0
write,1101,4096,5857865,892814,8957,852,4935485,3550479,3,0,0,0,0,721,8837,10199,5857865,0,54095,8,145089,1748368,3180094,0,1622,0,0,0,0,0,0,0,0,0,0,0,0,0,0,0,0,0,0,0,0,0
write,1102,4096,6353374,1061681,7303,672,5274230,3791110,4,0,0,0,0,481,6842,2165,6353374,0,54095,0,161374,1871590,3396299,0,1522,0,0,0,0,0,0,0,0,0,0,0,0,0,0,0,0,0,0,0,0,0
write,1103,4096,5720407,885681,6933,641,4816663,3418672,3,1,0,0,0,561,7894,2034,5720407,0,54095,0,129362,1752446,3058304,0,1154,0,0,0,0,0,0,0,0,0,0,0,0,0,0,0,0,0,0,0,0,0
write,1104,4096,6028895,901190,12804,1062,5102308,3588118,3,0,0,0,0,721,8456,2354,6028895,0,54095,8,142178,1880927,3212945,0,2466,0,0,0,0,0,0,0,0,0,0,0,0,0,0,0,0,0,0,0,0,0
write,1105,4096,5945219,893466,9508,661,5030112,3575166,3,0,0,0,0,451,8937,2084,5945219,0,54095,8,141191,1823038,3200922,0,1293,0,0,0,0,0,0,0,0,0,0,0,0,0,0,0,0,0,0,0,0,0
write,1106,4096,5884995,889267,9448,741,4970541,3487981,4,0,0,0,0,691,12163,2144,5884995,0,54095,8,134816,1851702,3111725,0,1394,0,0,0,0,0,0,0,0,0,0,0,0,0,0,0,0,0,0,0,0,0
write,1107,4096,5990944,888676,9228,711,5080697,3608218,3,0,0,0,0,491,8977,2164,5990944,0,54095,8,145640,1836303,3238202,0,1393,0,0,0,0,0,0,0,0,0,0,0,0,0,0,0,0,0,0,0,0,0
write,1108,4096,6145314,894047,9397,782,5229496,3835693,4,0,0,0,0,471,9207,1914,6145314,0,54095,8,162712,1763276,3459928,0,1362,0,0,0,0,0,0,0,0,0,0,0,0,0,0,0,0,0,0,0,0,0
write,1109,4096,6307198,892003,10680,1052,5391680,3908039,3,0,0,0,0,501,9258,2024,6307198,0,54095,8,166953,1846603,3538154,0,1504,0,0,0,0,0,0,0,0,0,0,0,0,0,0,0,0,0,0,0,0,0
write,1110,4096,6282111,890410,9418,721,5370631,3984174,3,0,0,0,0,491,8045,2395,6282111,0,54095,8,174008,1759630,3604780,0,1422,0,0,0,0,0,0,0,0,0,0,0,0,0,0,0,0,0,0,0,0,0
write,1111,4096,6253327,886162,8306,811,5344372,3829974,3,0,0,0,0,581,9538,3557,6253327,0,54095,8,159621,1870688,3466390,0,1953,0,0,0,0,0,0,0,0,0,0,0,0,0,0,0,0,0,0,0,0,0
write,1112,4096,6422143,894558,10399,862,5499462,4044627,4,0,0,0,0,782,11000,5080,6422143,0,54095,8,175267,1843317,3648893,0,1683,0,0,0,0,0,0,0,0,0,0,0,0,0,0,0,0,0,0,0,0,0
write,1113,4096,6474842,910818,10159,1473,5539007,4061558,3,0,0,0,0,811,8757,3817,6474842,0,54095,8,177158,1890996,3639915,0,1832,0,0,0,0,0,0,0,0,0,0,0,0,0,0,0,0,0,0,0,0,0
write,1114,4096,6368131,894226,9218,911,5451453,3983291,3,0,0,0,0,561,9698,2064,6368131,0,54095,8,174491,1841764,3602715,0,1493,0,0,0,0,0,0,0,0,0,0,0,0,0,0,0,0,0,0,0,0,0
write,1115,4096,6545063,884208,9378,891,5639115,4256493,3,0,0,0,0,581,8706,2184,6545063,0,54095,8,195191,1750823,3881759,0,1454,0,0,0,0,0,0,0,0,0,0,0,0,0,0,0,0,0,0,0,0,0
write,1116,4096,7108450,886663,10189,811,6198423,4680990,4,0,0,0,0,602,9648,2114,7108450,0,54095,8,231612,1892339,4298791,0,1772,0,0,0,0,0,0,0,0,0,0,0,0,0,0,0,0,0,0,0,0,0
write,1117,4096,6397456,890610,9678,911,5484365,4089729,3,0,0,0,0,541,9007,2344,6397456,0,54095,8,183593,1762976,3714665,0,1533,0,0,0,0,0,0,0,0,0,0,0,0,0,0,0,0,0,0,0,0,0
write,1118,4096,6440517,889628,9508,852,5528436,4167707,3,0,0,0,0,602,8656,2835,6440517,0,54095,8,191089,1744572,3777043,0,1612,0,0,0,0,0,0,0,0,0,0,0,0,0,0,0,0,0,0,0,0,0
write,1119,4096,6470674,882435,9598,952,5565847,4137211,3,0,0,0,0,641,9197,2004,6470674,0,54095,8,189571,1803081,3756123,0,1474,0,0,0,0,0,0,0,0,0,0,0,0,0,0,0,0,0,0,0,0,0
write,1120,4096,5973321,887294,9007,821,5064106,3577921,3,0,0,0,0,551,9438,2104,5973321,0,54095,8,140875,1853856,3203407,0,1472,0,0,0,0,0,0,0,0,0,0,0,0,0,0,0,0,0,0,0,0,0
write,1121,4096,6334949,889087,9698,812,5423319,3947182,3,0,0,0,0,632,9237,2164,6334949,0,54095,8,169176,1850941,3565465,0,1634,0,0,0,0,0,0,0,0,0,0,0,0,0,0,0,0,0,0,0,0,0
write,1122,4096,6143049,895038,9398,872,5225388,3830804,3,0,0,0,0,611,9368,2374,6143049,0,54095,8,160365,1773416,3444920,0,1534,0,0,0,0,0,0,0,0,0,0,0,0,0,0,0,0,0,0,0,0,0
write,1123,4096,6263546,890460,10059,771,5349512,3758660,3,0,0,0,0,541,9998,2205,6263546,0,54095,8,157701,1957200,3385619,0,1553,0,0,0,0,0,0,0,0,0,0,0,0,0,0,0,0,0,0,0,0,0
write,1124,4096,5807380,899397,9558,1012,4885220,3483693,3,0,0,0,0,632,9227,2334,5807380,0,54095,8,133500,1775459,3102408,0,1731,0,0,0,0,0,0,0,0,0,0,0,0,0,0,0,0,0,0,0,0,0
write,1125,4096,6400933,881533,9267,862,5496186,4013548,3,0,125,0,0,602,10599,1884,6400933,0,54095,8,155102,1855229,3634335,0,1552,0,0,0,0,0,0,0,0,0,0,0,0,0,0,0,0,0,0,0,0,0
write,1126,4096,6092364,892173,8957,871,5177148,3748771,4,0,130,0,0,632,10129,2454,6092364,0,54095,8,136225,1802360,3367635,0,1734,0,0,0,0,0,0,0,0,0,0,0,0,0,0,0,0,0,0,0,0,0
write,1127,4096,10192493,889869,9548,851,9279912,3865379,3,0,130,0,0,581,9558,2174,10192493,0,54095,8,142100,5781882,3491227,0,1492,0,0,0,0,0,0,0,0,0,0,0,0,0,0,0,0,0,0,0,0,0
write,1128,4096,11607225,887664,9979,862,10687721,3932777,4,0,130,0,0,2224,13345,5430,11607225,0,54095,8,141119,7172309,3502077,0,2765,0,0,0,0,0,0,0,0,0,0,0,0,0,0,0,0,0,0,0,0,0
write,1129,4096,6588665,924564,9427,1133,5641939,3982491,3,0,130,0,0,631,8657,2314,6588665,0,54095,8,147441,2064882,3567459,0,2394,0,0,0,0,0,0,0,0,0,0,0,0,0,0,0,0,0,0,0,0,0
write,1130,4096,6105699,893826,9989,962,5188229,3799587,3,0,130,0,0,541,9588,2564,6105699,0,54095,8,137862,1757816,3423640,0,1464,0,0,0,0,0,0,0,0,0,0,0,0,0,0,0,0,0,0,0,0,0
write,1131,4096,6293943,880612,9818,782,5390147,3883034,3,0,130,0,0,531,9498,2555,6293943,0,54095,8,147436,1877120,3506546,0,1502,0,0,0,0,0,0,0,0,0,0,0,0,0,0,0,0,0,0,0,0,0
write,1132,4096,6864562,895008,9438,822,5936782,4497445,4,0,131,0,0,1874,15258,5380,6864562,0,54095,8,148936,1808501,4118563,0,2345,0,0,0,0,0,0,0,0,0,0,0,0,0,0,0,0,0,0,0,0,0
write,1133,4096,6697680,929152,12043,1673,5741046,4249080,3,0,130,0,0,881,10460,2425,6697680,0,54095,8,158452,1916183,3814483,0,3466,0,0,0,0,0,0,0,0,0,0,0,0,0,0,0,0,0,0,0,0,0
write,1134,4096,6696067,892664,9939,871,5779648,4328198,4,0,130,0,0,591,9468,2886,6696067,0,54095,8,173594,1826966,3945669,0,1823,0,0,0,0,0,0,0,0,0,0,0,0,0,0,0,0,0,0,0,0,0
write,1135,4096,4749005,924824,8075,1453,3796108,2329409,2,0,130,0,0,1503,11892,5150,4749005,0,54095,8,24625,1932143,1717390,0,3587,0,0,0,0,0,0,0,0,0,0,0,0,0,0,0,0,0,0,0,0,0
write,1136,4096,5346736,908714,10590,1663,4412685,2896181,3,0,130,0,0,871,9568,2645,5346736,0,54095,8,24623,1901216,2501140,0,2574,0,0,0,0,0,0,0,0,0,0,0,0,0,0,0,0,0,0,0,0,0
write,1137,4096,5280101,908523,10720,872,4350247,2916680,3,0,130,0,0,572,6993,2174,5280101,0,54095,8,24616,1864346,2477936,0,1833,0,0,0,0,0,0,0,0,0,0,0,0,0,0,0,0,0,0,0,0,0
write,1138,4096,5358939,924924,9869,761,4412695,2927721,3,0,130,0,0,531,7664,2495,5358939,0,54095,8,24619,1903709,2501270,0,1834,0,0,0,0,0,0,0,0,0,0,0,0,0,0,0,0,0,0,0,0,0
write,1139,4096,5293446,892624,9758,771,4380555,2917361,3,0,130,0,0,571,7223,1944,5293446,0,54095,8,24631,1871028,2500950,0,1574,0,0,0,0,0,0,0,0,0,0,0,0,0,0,0,0,0,0,0,0,0
write,1140,4096,5209478,891251,9177,701,4297990,2912985,3,0,130,0,0,621,7163,2575,5209478,0,54095,8,24639,1798593,2491712,0,1752,0,0,0,0,0,0,0,0,0,0,0,0,0,0,0,0,0,0,0,0,0
write,1141,4096,5474395,912331,9788,781,4541847,2964710,3,0,130,0,0,551,6973,2124,5474395,0,54095,8,24645,1986575,2547637,0,1753,0,0,0,0,0,0,0,0,0,0,0,0,0,0,0,0,0,0,0,0,0
write,1142,4096,5205832,887013,9027,782,4298430,2908977,3,0,131,0,0,521,7504,2555,5205832,0,54095,8,24632,1792491,2498174,0,1594,0,0,0,0,0,0,0,0,0,0,0,0,0,0,0,0,0,0,0,0,0
write,1143,4096,5306691,889928,9368,781,4395052,2913575,3,0,130,0,0,551,8666,2345,5306691,0,54095,8,24633,1901456,2486362,0,1483,0,0,0,0,0,0,0,0,0,0,0,0,0,0,0,0,0,0,0,0,0
write,1144,4096,5348199,891181,9918,762,4427773,2975181,3,0,130,0,0,1382,11432,5751,5348199,0,54095,8,24646,1865147,2553959,0,2085,0,0,0,0,0,0,0,0,0,0,0,0,0,0,0,0,0,0,0,0,0
write,1145,4096,5925792,1396178,12454,1282,4502233,3129690,3,0,130,0,0,1112,9157,3376,5925792,0,54095,8,24657,1852103,2639380,0,3045,0,0,0,0,0,0,0,0,0,0,0,0,0,0,0,0,0,0,0,0,0
write,1146,4096,5496747,1022928,9578,861,4452089,2970041,3,0,130,0,0,541,8516,2234,5496747,0,54095,8,24627,1897808,2546205,0,2075,0,0,0,0,0,0,0,0,0,0,0,0,0,0,0,0,0,0,0,0,0
write,1147,4096,5292735,918292,9397,732,4355227,2966363,3,0,131,0,0,531,6652,1904,5292735,0,54095,8,24654,1802069,2545734,0,1734,0,0,0,0,0,0,0,0,0,0,0,0,0,0,0,0,0,0,0,0,0
write,1148,4096,5413752,884198,9588,812,4501842,2995917,3,0,130,0,0,1733,9939,5640,5413752,0,54095,8,24628,1930430,2560702,0,2475,0,0,0,0,0,0,0,0,0,0,0,0,0,0,0,0,0,0,0,0,0
write,1149,4096,5162350,933089,10249,1473,4206739,2792919,3,0,130,0,0,911,7164,2725,5162350,0,54095,8,24647,1891016,2303549,0,3517,0,0,0,0,0,0,0,0,0,0,0,0,0,0,0,0,0,0,0,0,0
write,1150,4096,5408783,914185,10099,831,4472086,2986883,3,0,130,0,0,661,8025,2896,5408783,0,54095,8,24644,1897839,2565791,0,2053,0,0,0,0,0,0,0,0,0,0,0,0,0,0,0,0,0,0,0,0,0
write,1151,4096,5349010,890380,10129,791,4438193,3001719,4,0,130,0,0,691,6482,2344,5349010,0,54095,8,24652,1880235,2550212,0,1683,0,0,0,0,0,0,0,0,0,0,0,0,0,0,0,0,0,0,0,0,0
write,1152,4096,5124268,888395,9368,781,4209414,2809390,3,0,130,0,0,451,13866,1993,5124268,0,54095,8,24642,1818460,2383630,0,1695,0,0,0,0,0,0,0,0,0,0,0,0,0,0,0,0,0,0,0,0,0
write,1153,4096,5518829,889178,9988,702,4604023,3129251,3,0,131,0,0,722,11511,2705,5518829,0,54095,8,24640,1846463,2749586,0,1792,0,0,0,0,0,0,0,0,0,0,0,0,0,0,0,0,0,0,0,0,0
write,1154,4096,5467623,1080446,9408,761,4366168,2954811,3,0,130,0,0,581,8285,1974,5467623,0,54095,8,24657,1819332,2539391,0,1713,0,0,0,0,0,0,0,0,0,0,0,0,0,0,0,0,0,0,0,0,0
write,1155,4096,5218576,891942,9538,762,4299532,2667833,3,0,130,0,0,521,13626,2655,5218576,0,54095,8,24655,2051748,2240181,0,1795,0,0,0,0,0,0,0,0,0,0,0,0,0,0,0,0,0,0,0,0,0
write,1156,4096,5238724,888797,10129,922,4327605,2938873,4,0,130,0,0,651,7474,3146,5238724,0,54095,8,24659,1766503,2553698,0,1523,0,0,0,0,0,0,0,0,0,0,0,0,0,0,0,0,0,0,0,0,0
write,1157,4096,5357506,890740,9488,771,4446108,2963609,3,0,130,0,0,641,7424,2334,5357506,0,54095,8,24655,1908469,2529934,0,1835,0,0,0,0,0,0,0,0,0,0,0,0,0,0,0,0,0,0,0,0,0
write,1158,4096,5161168,890650,9107,802,4250610,2810350,3,0,131,0,0,491,7544,1964,5161168,0,54095,8,24653,1862432,2380834,0,1754,0,0,0,0,0,0,0,0,0,0,0,0,0,0,0,0,0,0,0,0,0
write,1159,4096,7148555,898234,10069,792,6227828,4842391,3,0,130,0,0,651,8707,2274,7148555,0,54095,8,110751,1758257,4461947,0,1763,0,0,0,0,0,0,0,0,0,0,0,0,0,0,0,0,0,0,0,0,0
write,1160,4096,7676625,969097,8937,791,6686248,4223870,3,0,130,0,0,671,8406,2475,7676625,0,54095,8,123643,2870563,3807840,0,1803,0,0,0,0,0,0,0,0,0,0,0,0,0,0,0,0,0,0,0,0,0
write,1161,4096,6037532,889318,8867,741,5125171,3712724,4,0,130,0,0,451,10169,2815,6037532,0,54095,8,138835,1793043,3325426,0,1503,0,0,0,0,0,0,0,0,0,0,0,0,0,0,0,0,0,0,0,0,0
write,1162,4096,6490531,1069405,7995,641,5391721,3806099,3,0,130,0,0,1252,14688,4829,6490531,0,54095,8,143302,1952391,3431525,0,1944,0,0,0,0,0,0,0,0,0,0,0,0,0,0,0,0,0,0,0,0,0
write,1163,4096,6227557,917410,8897,921,5289690,3816236,4,1,130,0,0,490,7154,2995,6227557,0,54095,8,142901,1862603,3417839,0,2315,0,0,0,0,0,0,0,0,0,0,0,0,0,0,0,0,0,0,0,0,0
write,1164,4096,6385935,1087700,7955,5771,5272797,3776894,4,0,130,0,0,611,8707,2394,6385935,0,54095,8,143777,1878313,3387372,0,1641,0,0,0,0,0,0,0,0,0,0,0,0,0,0,0,0,0,0,0,0,0
write,1165,4096,6395563,1019652,7574,631,5357797,3878134,4,0,130,0,0,561,7053,2295,6395563,0,54095,8,152672,1852484,3498881,0,1313,0,0,0,0,0,0,0,0,0,0,0,0,0,0,0,0,0,0,0,0,0
write,1166,4096,6640913,888065,7935,702,5732369,4350270,3,0,130,0,0,531,8516,2795,6640913,0,54095,8,188930,1743529,3982558,0,1382,0,0,0,0,0,0,0,0,0,0,0,0,0,0,0,0,0,0,0,0,0
write,1167,4096,6684124,1014523,7403,632,5645726,4156215,4,0,130,0,0,712,10860,4268,6684124,0,54095,8,172568,1877341,3761754,0,1343,0,0,0,0,0,0,0,0,0,0,0,0,0,0,0,0,0,0,0,0,0
write,1168,4096,8377730,1085516,8997,851,7270995,5873387,3,0,131,0,0,731,7785,2855,8377730,0,54095,8,141409,1818380,5444710,0,1885,0,0,0,0,0,0,0,0,0,0,0,0,0,0,0,0,0,0,0,0,0
write,1169,4096,8784262,889818,9618,752,7871630,6290529,3,0,130,0,0,572,9417,2455,8784262,0,54095,8,172785,2005842,5858025,0,1754,0,0,0,0,0,0,0,0,0,0,0,0,0,0,0,0,0,0,0,0,0
write,1170,4096,8697960,1082951,9107,741,7593209,6152419,3,0,130,0,0,611,8546,2795,8697960,0,54095,8,166719,1850530,5734513,0,2185,0,0,0,0,0,0,0,0,0,0,0,0,0,0,0,0,0,0,0,0,0
write,1171,4096,29001032,1070297,10860,812,27902502,4169651,3,0,130,0,0,1343,10569,4649,29001032,0,54095,8,163446,24179642,3712903,0,2192,0,0,0,0,0,0,0,0,0,0,0,0,0,0,0,0,0,0,0,0,0
write,1172,4096,5981917,900899,11762,892,5055480,3510282,4,0,49,0,0,751,9077,3056,5981917,0,54095,8,131260,1941010,3105995,0,2204,0,0,0,0,0,0,0,0,0,0,0,0,0,0,0,0,0,0,0,0,0
write,1173,4096,6015931,897974,9427,812,5091327,3454069,3,0,0,0,0,892,10589,4910,6015931,0,54095,8,136264,2006963,3077321,0,1723,0,0,0,0,0,0,0,0,0,0,0,0,0,0,0,0,0,0,0,0,0
write,1174,4096,5863716,902031,9689,1042,4939742,3433770,3,0,0,0,0,521,8176,2515,5863716,0,54095,8,128434,1905723,3026575,0,1975,0,0,0,0,0,0,0,0,0,0,0,0,0,0,0,0,0,0,0,0,0
write,1175,4096,6121319,945664,9778,1142,5152843,3651358,4,0,0,0,0,631,8626,2635,6121319,0,54095,8,150917,1882019,3262598,0,1814,0,0,0,0,0,0,0,0,0,0,0,0,0,0,0,0,0,0,0,0,0
write,1176,4096,5729223,892934,9248,781,4814709,3426004,3,0,0,0,0,531,8706,2314,5729223,0,54095,8,134777,1758007,3050330,0,1384,0,0,0,0,0,0,0,0,0,0,0,0,0,0,0,0,0,0,0,0,0
write,1177,4096,5832147,908504,9217,842,4902312,3380047,4,0,0,0,0,562,8536,2174,5832147,0,54095,8,130156,1893761,3002139,0,1432,0,0,0,0,0,0,0,0,0,0,0,0,0,0,0,0,0,0,0,0,0
write,1178,4096,6245141,891122,9277,801,5331598,3930550,3,0,0,0,0,481,9899,1963,6245141,0,54095,8,175721,1762415,3562861,0,1372,0,0,0,0,0,0,0,0,0,0,0,0,0,0,0,0,0,0,0,0,0
write,1179,4096,6018807,902583,9628,821,5094523,3594141,3,0,0,0,0,461,8586,2205,6018807,0,54095,8,149605,1861521,3226590,0,1352,0,0,0,0,0,0,0,0,0,0,0,0,0,0,0,0,0,0,0,0,0
write,1180,4096,6001003,886132,9137,711,5093672,3675263,4,0,0,0,0,471,8576,2304,6001003,0,54095,8,154407,1785819,3301722,0,1333,0,0,0,0,0,0,0,0,0,0,0,0,0,0,0,0,0,0,0,0,0
write,1181,4096,6164650,885210,9007,841,5258200,3780800,3,0,0,0,0,471,8657,2264,6164650,0,54095,8,164173,1845531,3406567,0,1344,0,0,0,0,0,0,0,0,0,0,0,0,0,0,0,0,0,0,0,0,0
write,1182,4096,5756214,885360,9227,832,4849684,3380710,3,0,0,0,0,551,8376,2184,5756214,0,54095,8,130516,1833428,3010085,0,1312,0,0,0,0,0,0,0,0,0,0,0,0,0,0,0,0,0,0,0,0,0
write,1183,4096,5725347,891713,9087,811,4813026,3426548,4,0,0,0,0,450,8096,2164,5725347,0,54095,8,135676,1756124,3050550,0,1453,0,0,0,0,0,0,0,0,0,0,0,0,0,0,0,0,0,0,0,0,0
write,1184,4096,6075884,886523,9167,952,5167540,3603007,3,0,0,0,0,461,8746,2495,6075884,0,54095,8,145978,1934588,3226731,0,1403,0,0,0,0,0,0,0,0,0,0,0,0,0,0,0,0,0,0,0,0,0
write,1185,4096,6089689,888687,9377,1012,5178952,3788183,4,0,0,0,0,500,8857,2304,6089689,0,54095,8,164668,1762856,3409964,0,1362,0,0,0,0,0,0,0,0,0,0,0,0,0,0,0,0,0,0,0,0,0
write,1186,4096,6348926,892514,9558,761,5434461,3956902,3,0,0,0,0,471,9337,1824,6348926,0,54095,8,163977,1832155,3595983,0,1331,0,0,0,0,0,0,0,0,0,0,0,0,0,0,0,0,0,0,0,0,0
write,1187,4096,6584888,887173,8967,752,5677266,4220967,4,0,0,0,0,521,7924,2285,6584888,0,54095,8,172541,1829881,3841192,0,1342,0,0,0,0,0,0,0,0,0,0,0,0,0,0,0,0,0,0,0,0,0
write,1188,4096,6189055,888095,11201,992,5273649,3880808,3,0,0,0,0,641,10410,4067,6189055,0,54095,8,165745,1754049,3511945,0,1843,0,0,0,0,0,0,0,0,0,0,0,0,0,0,0,0,0,0,0,0,0
write,1189,4096,6442912,898495,10500,962,5521754,4023597,3,1,0,0,0,611,8366,2224,6442912,0,54095,8,179343,1869705,3644695,0,1603,0,0,0,0,0,0,0,0,0,0,0,0,0,0,0,0,0,0,0,0,0
write,1190,4096,6633419,888726,9628,772,5720747,4315684,3,0,0,0,0,842,9047,3657,6633419,0,54095,8,204047,1770971,3942624,0,1753,0,0,0,0,0,0,0,0,0,0,0,0,0,0,0,0,0,0,0,0,0
write,1191,4096,6930776,900709,9718,1172,6007475,4439156,3,0,0,0,0,621,8687,2394,6930776,0,54095,8,212285,1949907,4050245,0,1813,0,0,0,0,0,0,0,0,0,0,0,0,0,0,0,0,0,0,0,0,0
write,1192,4096,6175139,891131,9438,851,5263520,3872784,3,0,0,0,0,481,7614,2104,6175139,0,54095,8,171889,1748528,3508709,0,1363,0,0,0,0,0,0,0,0,0,0,0,0,0,0,0,0,0,0,0,0,0
write,1193,4096,6558999,887234,9197,811,5649314,4168137,4,0,0,0,0,541,8997,2905,6558999,0,54095,8,194979,1862392,3780750,0,1392,0,0,0,0,0,0,0,0,0,0,0,0,0,0,0,0,0,0,0,0,0
write,1194,4096,6367150,889288,9117,681,5456071,4015843,3,0,0,0,0,531,9197,2265,6367150,0,54095,8,182325,1805095,3644554,0,1413,0,0,0,0,0,0,0,0,0,0,0,0,0,0,0,0,0,0,0,0,0
write,1195,4096,6331102,893746,9448,852,5416276,4015432,3,0,0,0,0,551,7995,2234,6331102,0,54095,8,181596,1776521,3633353,0,1502,0,0,0,0,0,0,0,0,0,0,0,0,0,0,0,0,0,0,0,0,0
write,1196,4096,6535546,884479,9277,802,5629466,4133752,4,0,0,0,0,501,8476,2545,6535546,0,54095,8,194044,1872261,3750823,0,1462,0,0,0,0,0,0,0,0,0,0,0,0,0,0,0,0,0,0,0,0,0
write,1197,4096,5873715,883537,9127,722,4968947,3531282,3,0,0,0,0,552,8495,2335,5873715,0,54095,8,141770,1807419,3155026,0,1393,0,0,0,0,0,0,0,0,0,0,0,0,0,0,0,0,0,0,0,0,0
write,1198,4096,5890395,887224,9507,822,4980058,3400639,3,0,0,0,0,582,9618,2584,5890395,0,54095,8,131816,1940308,3032867,0,1582,0,0,0,0,0,0,0,0,0,0,0,0,0,0,0,0,0,0,0,0,0
write,1199,4096,5758909,891462,9648,751,4845887,3460059,3,0,0,0,0,511,8346,2304,5758909,0,54095,8,138437,1758177,3081468,0,1322,0,0,0,0,0,0,0,0,0,0,0,0,0,0,0,0,0,0,0,0,0
write,1200,4096,6254959,893475,9047,701,5338451,3866392,3,0,126,0,0,581,9929,2775,6254959,0,54095,8,150812,1843025,3488872,0,1464,0,0,0,0,0,0,0,0,0,0,0,0,0,0,0,0,0,0,0,0,0
write,1201,4096,5980895,892313,9968,882,5065308,3630309,4,0,115,0,0,541,9268,2615,5980895,0,54095,8,130468,1812188,3246327,0,1492,0,0,0,0,0,0,0,0,0,0,0,0,0,0,0,0,0,0,0,0,0
write,1202,4096,6148689,894186,9859,761,5229657,3846416,3,0,0,0,0,681,11261,2284,6148689,0,54095,8,165465,1751214,3471760,0,1403,0,0,0,0,0,0,0,0,0,0,0,0,0,0,0,0,0,0,0,0,0
write,1203,4096,5775130,887384,9478,852,4866435,3392224,4,0,0,0,0,641,7975,2365,5775130,0,54095,8,130287,1844018,3015936,0,1402,0,0,0,0,0,0,0,0,0,0,0,0,0,0,0,0,0,0,0,0,0
write,1204,4096,6010692,892043,9428,922,5096747,3697866,3,0,0,0,0,571,9207,1774,6010692,0,54095,8,156456,1766262,3323973,0,1412,0,0,0,0,0,0,0,0,0,0,0,0,0,0,0,0,0,0,0,0,0
write,1205,4096,6131417,888906,8967,732,5220098,3628155,3,0,0,0,0,531,9318,2865,6131417,0,54095,8,152388,1957200,3256557,0,1402,0,0,0,0,0,0,0,0,0,0,0,0,0,0,0,0,0,0,0,0,0
write,1206,4096,5892640,892323,9408,931,4975170,3541112,3,0,0,0,0,541,8997,5270,5892640,0,54095,8,141646,1799184,3169083,0,1662,0,0,0,0,0,0,0,0,0,0,0,0,0,0,0,0,0,0,0,0,0
write,1207,4096,5951540,901821,10029,1132,5025724,3599712,3,0,0,0,0,591,9689,2554,5951540,0,54095,8,147909,1832917,3185233,0,1663,0,0,0,0,0,0,0,0,0,0,0,0,0,0,0,0,0,0,0,0,0
write,1208,4096,5943926,891853,9507,852,5029481,3564445,3,0,0,0,0,531,9358,2344,5943926,0,54095,8,146298,1834400,3188389,0,1522,0,0,0,0,0,0,0,0,0,0,0,0,0,0,0,0,0,0,0,0,0
write,1209,4096,5966989,893015,8856,942,5052364,3670044,3,0,0,0,0,561,9308,1943,5966989,0,54095,8,150732,1744521,3301080,0,1472,0,0,0,0,0,0,0,0,0,0,0,0,0,0,0,0,0,0,0,0,0
write,1210,4096,6332605,898655,8927,1212,5411047,3923289,3,0,0,0,0,892,9227,2645,6332605,0,54095,8,172691,1861310,3541792,0,2003,0,0,0,0,0,0,0,0,0,0,0,0,0,0,0,0,0,0,0,0,0
write,1211,4096,6117351,890470,9137,931,5205031,3813352,3,0,0,0,0,581,8656,2545,6117351,0,54095,8,163863,1755431,3443186,0,1462,0,0,0,0,0,0,0,0,0,0,0,0,0,0,0,0,0,0,0,0,0
write,1212,4096,6258175,886893,9117,792,5350854,3840855,3,0,0,0,0,581,7634,2304,6258175,0,54095,8,165746,1891096,3453145,0,1462,0,0,0,0,0,0,0,0,0,0,0,0,0,0,0,0,0,0,0,0,0
write,1213,4096,6392337,887895,9608,812,5483653,4033154,3,0,0,0,0,571,7544,2254,6392337,0,54095,8,185759,1820594,3656647,0,1414,0,0,0,0,0,0,0,0,0,0,0,0,0,0,0,0,0,0,0,0,0
write,1214,4096,6736823,879088,9158,841,5835743,4362111,3,0,0,0,0,692,9227,2074,6736823,0,54095,8,212017,1835272,3993388,0,1633,0,0,0,0,0,0,0,0,0,0,0,0,0,0,0,0,0,0,0,0,0
write,1215,4096,7202576,880411,9227,731,6299844,4834107,4,0,0,0,0,581,9267,2515,7202576,0,54095,8,248919,1845811,4447841,0,1322,0,0,0,0,0,0,0,0,0,0,0,0,0,0,0,0,0,0,0,0,0
write,1216,4096,6936447,1142242,9117,781,5772665,4397797,4,0,0,0,0,551,8506,2585,6936447,0,54095,8,214741,1752456,4013876,0,1373,0,0,0,0,0,0,0,0,0,0,0,0,0,0,0,0,0,0,0,0,0
write,1217,4096,6584026,1079544,9007,802,5482460,3953126,3,0,0,0,0,541,9418,2254,6584026,0,54095,8,182199,1882560,3593078,0,1573,0,0,0,0,0,0,0,0,0,0,0,0,0,0,0,0,0,0,0,0,0
write,1218,4096,6298050,877396,9638,831,5399435,4013998,4,0,0,0,0,561,7925,2264,6298050,0,54095,8,189285,1755031,3638052,0,1423,0,0,0,0,0,0,0,0,0,0,0,0,0,0,0,0,0,0,0,0,0
write,1219,4096,6366328,869049,8927,811,5475658,4118344,3,0,0,0,0,571,9368,1944,6366328,0,54095,8,197669,1723722,3745393,0,1433,0,0,0,0,0,0,0,0,0,0,0,0,0,0,0,0,0,0,0,0,0
write,1220,4096,7111646,878327,9318,791,6211678,4781248,4,0,0,0,0,541,8496,2495,7111646,0,54095,8,250822,1804724,4400211,0,1502,0,0,0,0,0,0,0,0,0,0,0,0,0,0,0,0,0,0,0,0,0
write,1221,4096,5837496,870542,9037,892,4944552,3458627,3,0,0,0,0,581,9137,2755,5837496,0,54095,8,141227,1845771,3092198,0,1543,0,0,0,0,0,0,0,0,0,0,0,0,0,0,0,0,0,0,0,0,0
write,1222,4096,15121265,871484,8937,791,14221328,3702464,4,0,0,0,0,1803,11281,5641,15121265,0,54095,8,156476,10890371,3318242,0,2575,0,0,0,0,0,0,0,0,0,0,0,0,0,0,0,0,0,0,0,0,0
write,1223,4096,6086463,1119088,8586,922,4943971,3454090,4,0,0,0,0,561,8496,4839,6086463,0,54095,8,132382,1926132,3009193,0,2113,0,0,0,0,0,0,0,0,0,0,0,0,0,0,0,0,0,0,0,0,0
write,1224,4096,6346671,1091627,7454,661,5231971,3633345,3,0,0,0,0,531,12072,2355,6346671,0,54095,8,155722,1961879,3263751,0,1263,0,0,0,0,0,0,0,0,0,0,0,0,0,0,0,0,0,0,0,0,0
write,1225,4096,6270949,1096065,7514,792,5153514,3577900,3,0,0,0,0,531,9988,2545,6270949,0,54095,8,152411,1933535,3213947,0,1282,0,0,0,0,0,0,0,0,0,0,0,0,0,0,0,0,0,0,0,0,0
write,1226,4096,6105940,1085646,7263,591,5001549,3563001,4,0,0,0,0,491,8166,2234,6105940,0,54095,8,147967,1803141,3192667,0,1213,0,0,0,0,0,0,0,0,0,0,0,0,0,0,0,0,0,0,0,0,0
write,1227,4096,6297980,1087981,6882,582,5191665,3698927,3,0,0,0,0,521,8135,2214,6297980,0,54095,8,158915,1848476,3337498,0,1212,0,0,0,0,0,0,0,0,0,0,0,0,0,0,0,0,0,0,0,0,0
write,1228,4096,6194005,1087179,7253,651,5086428,3599932,4,0,0,0,0,511,9067,2916,6194005,0,54095,8,151564,1863725,3216682,0,1232,0,0,0,0,0,0,0,0,0,0,0,0,0,0,0,0,0,0,0,0,0
write,1229,4096,6151946,1176055,7865,661,4955343,3562503,3,0,0,0,0,490,9278,2254,6151946,0,54095,8,148553,1756443,3193047,0,1242,0,0,0,0,0,0,0,0,0,0,0,0,0,0,0,0,0,0,0,0,0
write,1230,4096,6350588,1088531,7103,672,5242400,3760604,3,0,0,0,0,491,8917,2474,6350588,0,54095,8,163913,1841984,3394395,0,1302,0,0,0,0,0,0,0,0,0,0,0,0,0,0,0,0,0,0,0,0,0
write,1231,4096,5896147,1089002,7745,651,4787668,3389467,4,0,0,0,0,481,8406,2194,5896147,0,54095,8,134821,1761293,3020454,0,1283,0,0,0,0,0,0,0,0,0,0,0,0,0,0,0,0,0,0,0,0,0
write,1232,4096,6187904,1087530,7153,631,5081599,3503822,4,0,0,0,0,521,8216,2254,6187904,0,54095,8,144386,1940178,3135600,0,1182,0,0,0,0,0,0,0,0,0,0,0,0,0,0,0,0,0,0,0,0,0
write,1233,4096,6083718,1087399,7163,661,4976041,3504964,3,0,0,0,0,481,9638,2335,6083718,0,54095,8,144742,1820814,3149385,0,1282,0,0,0,0,0,0,0,0,0,0,0,0,0,0,0,0,0,0,0,0,0
write,1234,4096,6432352,1080707,7514,581,5333191,3842817,4,0,0,0,0,451,7474,2434,6432352,0,54095,8,170734,1861280,3466620,0,991,0,0,0,0,0,0,0,0,0,0,0,0,0,0,0,0,0,0,0,0,0
write,1235,4096,6215005,1077451,7063,521,5114100,3650315,3,0,0,0,0,501,12974,2395,6215005,0,54095,8,157856,1822377,3285671,0,1153,0,0,0,0,0,0,0,0,0,0,0,0,0,0,0,0,0,0,0,0,0
write,1236,4096,6282490,1063384,8976,852,5197436,3815737,4,0,0,0,0,571,9057,2214,6282490,0,54095,8,170337,1746164,3444459,0,1422,0,0,0,0,0,0,0,0,0,0,0,0,0,0,0,0,0,0,0,0,0
write,1237,4096,7663220,873378,9097,862,6764895,5232904,3,0,0,0,0,771,9979,4238,7663220,0,54095,8,175590,1891777,4865273,0,1793,0,0,0,0,0,0,0,0,0,0,0,0,0,0,0,0,0,0,0,0,0
write,1238,4096,6828024,1089603,8857,842,5716509,4304353,4,0,0,0,0,451,9438,2324,6828024,0,54095,8,209839,1794585,3915081,0,1433,0,0,0,0,0,0,0,0,0,0,0,0,0,0,0,0,0,0,0,0,0
write,1239,4096,7160086,1091747,7444,581,6047430,4610288,4,0,0,0,0,421,10079,2384,7160086,0,54095,8,238544,1801889,4240071,0,1143,0,0,0,0,0,0,0,0,0,0,0,0,0,0,0,0,0,0,0,0,0
write,1240,4096,7419863,1077741,7283,601,6322506,4881166,3,0,0,0,0,521,8516,2695,7419863,0,54095,8,264190,1798743,4517792,0,1272,0,0,0,0,0,0,0,0,0,0,0,0,0,0,0,0,0,0,0,0,0
write,1241,4096,6561494,1077541,8035,751,5464527,3971078,3,0,0,0,0,521,7885,2234,6561494,0,54095,8,187708,1848486,3610260,0,1262,0,0,0,0,0,0,0,0,0,0,0,0,0,0,0,0,0,0,0,0,0
write,1242,4096,6584487,1077591,6853,621,5488522,4006273,4,0,0,0,0,491,8265,2144,6584487,0,54095,8,189608,1846222,3636259,0,1252,0,0,0,0,0,0,0,0,0,0,0,0,0,0,0,0,0,0,0,0,0
write,1243,4096,6481334,961403,9047,841,5499292,4098809,3,0,0,0,0,521,7975,2255,6481334,0,54095,8,197236,1754440,3738690,0,1242,0,0,0,0,0,0,0,0,0,0,0,0,0,0,0,0,0,0,0,0,0
write,1244,4096,6876555,1073624,7113,651,5780630,4199657,4,0,0,0,0,511,12113,1913,6876555,0,54095,8,205532,1950758,3824141,0,1232,0,0,0,0,0,0,0,0,0,0,0,0,0,0,0,0,0,0,0,0,0
write,1245,4096,6190108,866184,9077,1102,5299979,3893112,3,0,0,0,0,671,10410,2685,6190108,0,54095,8,178858,1769007,3524189,0,1462,0,0,0,0,0,0,0,0,0,0,0,0,0,0,0,0,0,0,0,0,0
write,1246,4096,6620554,1060458,10931,851,5530912,4040990,3,0,0,0,0,531,8967,7904,6620554,0,54095,8,154947,1923127,3600983,0,1482,0,0,0,0,0,0,0,0,0,0,0,0,0,0,0,0,0,0,0,0,0
write,1247,4096,5952382,1069155,7454,611,4865213,3432179,4,0,0,0,0,511,7274,2164,5952382,0,54095,8,141015,1802149,3057394,0,1202,0,0,0,0,0,0,0,0,0,0,0,0,0,0,0,0,0,0,0,0,0
write,1248,4096,6911390,1063674,8206,771,5825374,4338638,3,0,0,0,0,611,9929,2825,6911390,0,54095,8,150062,1931041,3887210,0,1493,0,0,0,0,0,0,0,0,0,0,0,0,0,0,0,0,0,0,0,0,0
write,1249,4096,6930807,1062393,11060,942,5841394,4347224,3,0,0,0,0,641,11632,2745,6930807,0,54095,8,149863,1923377,3910543,0,1722,0,0,0,0,0,0,0,0,0,0,0,0,0,0,0,0,0,0,0,0,0
write,1250,4096,6781887,1056752,8686,771,5704678,4315513,4,0,0,0,0,571,8065,2364,6781887,0,54095,8,148985,1836954,3860700,0,1572,0,0,0,0,0,0,0,0,0,0,0,0,0,0,0,0,0,0,0,0,0
write,1251,4096,7470379,1055008,8186,751,6395202,4805613,3,0,0,0,0,582,8395,2255,7470379,0,54095,8,183904,2016741,4371678,0,1423,0,0,0,0,0,0,0,0,0,0,0,0,0,0,0,0,0,0,0,0,0
write,1252,4096,7569565,1051312,8345,782,6494428,5061833,4,0,0,0,0,952,9287,4459,7569565,0,54095,8,146810,1881849,4602951,0,1974,0,0,0,0,0,0,0,0,0,0,0,0,0,0,0,0,0,0,0,0,0
write,1253,4096,7184823,1059026,10239,1002,6102343,4608112,3,0,0,0,0,521,9388,2304,7184823,0,54095,8,171228,1933596,4160171,0,2044,0,0,0,0,0,0,0,0,0,0,0,0,0,0,0,0,0,0,0,0,0
write,1254,4096,7228445,1039890,8556,681,6165241,4702008,4,0,0,0,0,642,10489,2946,7228445,0,54095,8,178003,1915061,4242926,0,1442,0,0,0,0,0,0,0,0,0,0,0,0,0,0,0,0,0,0,0,0,0
write,1255,4096,6779443,1049508,8917,812,5708184,4331556,4,0,0,0,0,601,9007,2414,6779443,0,54095,8,153897,1819602,3881379,0,1593,0,0,0,0,0,0,0,0,0,0,0,0,0,0,0,0,0,0,0,0,0
write,1256,4096,6763352,1037936,8897,761,5705389,4210948,3,0,0,0,0,611,7554,2204,6763352,0,54095,8,149806,1914550,3784025,0,1473,0,0,0,0,0,0,0,0,0,0,0,0,0,0,0,0,0,0,0,0,0
write,1257,4096,6561524,1027126,7795,751,5515172,4135887,3,0,0,0,0,641,7785,2254,6561524,0,54095,8,145940,1792230,3715828,0,1543,0,0,0,0,0,0,0,0,0,0,0,0,0,0,0,0,0,0,0,0,0
write,1258,4096,6983365,1028989,8717,771,5930331,4356451,3,0,0,0,0,611,10550,3396,6983365,0,54095,8,158093,2008255,3914801,0,1504,0,0,0,0,0,0,0,0,0,0,0,0,0,0,0,0,0,0,0,0,0
write,1259,4096,7053176,1022547,8717,731,6007355,4585280,3,0,0,0,0,681,10770,2375,7053176,0,54095,8,166887,1843056,4157095,0,1553,0,0,0,0,0,0,0,0,0,0,0,0,0,0,0,0,0,0,0,0,0
write,1260,4096,7096437,1022798,10269,791,6051849,4564421,3,0,0,0,0,601,8025,2104,7096437,0,54095,8,173282,1917917,4126949,0,1563,0,0,0,0,0,0,0,0,0,0,0,0,0,0,0,0,0,0,0,0,0
write,1261,4096,4876434,1013450,7714,712,3841624,2240061,2,0,0,0,0,701,9388,2845,4876434,0,54095,8,24643,2070783,1624867,0,2224,0,0,0,0,0,0,0,0,0,0,0,0,0,0,0,0,0,0,0,0,0
write,1262,4096,4523913,1020764,10580,1072,3478864,2060967,4,0,0,0,0,551,9578,2504,4523913,0,54095,8,24611,1848076,1623615,0,1631,0,0,0,0,0,0,0,0,0,0,0,0,0,0,0,0,0,0,0,0,0
write,1263,4096,4690285,1019171,10310,801,3646879,2070012,4,0,0,0,0,581,9558,2985,4690285,0,54095,8,24635,1997606,1642390,0,1522,0,0,0,0,0,0,0,0,0,0,0,0,0,0,0,0,0,0,0,0,0
write,1264,4096,4572755,1017959,10119,942,3530119,2088116,3,0,0,0,0,511,10390,2715,4572755,0,54095,8,24628,1858255,1664902,0,1412,0,0,0,0,0,0,0,0,0,0,0,0,0,0,0,0,0,0,0,0,0
write,1265,4096,4616296,1022838,10760,932,3569052,2073188,4,0,0,0,0,541,9438,2735,4616296,0,54095,8,24616,1918828,1643372,0,1503,0,0,0,0,0,0,0,0,0,0,0,0,0,0,0,0,0,0,0,0,0
write,1266,4096,4580920,1017588,11852,1012,3535791,2056076,3,0,0,0,0,641,10960,3076,4580920,0,54095,8,24656,1903450,1625017,0,1493,0,0,0,0,0,0,0,0,0,0,0,0,0,0,0,0,0,0,0,0,0
write,1267,4096,4569809,1065899,19576,1834,3467762,2078058,3,0,0,0,0,872,10770,3096,4569809,0,54095,8,24623,1809614,1648361,0,2305,0,0,0,0,0,0,0,0,0,0,0,0,0,0,0,0,0,0,0,0,0
write,1268,4096,4594406,1029972,10299,992,3540759,2060915,3,0,0,0,0,551,9328,2505,4594406,0,54095,8,24620,1892699,1640417,0,1743,0,0,0,0,0,0,0,0,0,0,0,0,0,0,0,0,0,0,0,0,0
write,1269,4096,4526568,1023740,9698,862,3474425,2070564,4,0,0,0,0,641,12484,4718,4526568,0,54095,8,24636,1825052,1641758,0,1692,0,0,0,0,0,0,0,0,0,0,0,0,0,0,0,0,0,0,0,0,0
write,1270,4096,4623110,1033679,12303,1122,3558172,2089848,3,0,0,0,0,711,8907,8216,4623110,0,54095,8,24663,1903259,1646598,0,2024,0,0,0,0,0,0,0,0,0,0,0,0,0,0,0,0,0,0,0,0,0
write,1271,4096,4520376,1032827,8295,742,3467271,2065965,4,0,0,0,0,561,8567,2113,4520376,0,54095,8,24645,1830142,1630508,0,1422,0,0,0,0,0,0,0,0,0,0,0,0,0,0,0,0,0,0,0,0,0
write,1272,4096,4632768,1025674,7904,702,3588449,2095269,3,0,0,0,0,561,7354,2124,4632768,0,54095,8,24670,1911625,1670192,0,1282,0,0,0,0,0,0,0,0,0,0,0,0,0,0,0,0,0,0,0,0,0
write,1273,4096,4837982,1055580,8576,701,3759480,2303791,3,0,0,0,0,881,10059,2705,4837982,0,54095,8,24652,1871189,1881097,0,1684,0,0,0,0,0,0,0,0,0,0,0,0,0,0,0,0,0,0,0,0,0
write,1274,4096,4616587,1036463,9057,782,3558974,2076676,3,0,0,0,0,481,8586,2244,4616587,0,54095,8,24685,1904852,1647880,0,1362,0,0,0,0,0,0,0,0,0,0,0,0,0,0,0,0,0,0,0,0,0
write,1275,4096,4617478,1034249,10229,832,3559926,2084811,3,0,0,0,0,631,8906,2705,4617478,0,54095,8,24651,1902748,1649804,0,1621,0,0,0,0,0,0,0,0,0,0,0,0,0,0,0,0,0,0,0,0,0
write,1276,4096,4516268,1030752,10400,912,3462472,2065103,3,0,0,0,0,571,8577,2584,4516268,0,54095,8,24690,1805195,1650014,0,1513,0,0,0,0,0,0,0,0,0,0,0,0,0,0,0,0,0,0,0,0,0
write,1277,4096,4719210,1040061,9948,1122,3655335,2085852,4,0,0,0,0,521,9648,2575,4719210,0,54095,8,24668,1995111,1652920,0,1462,0,0,0,0,0,0,0,0,0,0,0,0,0,0,0,0,0,0,0,0,0
write,1278,4096,4529643,1028438,10299,962,3477180,2071064,3,0,0,0,0,521,9458,2785,4529643,0,54095,8,24656,1826024,1644143,0,1472,0,0,0,0,0,0,0,0,0,0,0,0,0,0,0,0,0,0,0,0,0
write,1279,4096,4681098,1024501,10169,832,3631229,2074751,4,0,0,0,0,511,11381,2475,4681098,0,54095,8,24677,1984742,1639825,0,1482,0,0,0,0,0,0,0,0,0,0,0,0,0,0,0,0,0,0,0,0,0
write,1280,4096,4585559,1030653,10299,972,3530079,2075744,3,0,0,0,0,611,10400,2545,4585559,0,54095,8,24666,1866821,1656196,0,1644,0,0,0,0,0,0,0,0,0,0,0,0,0,0,0,0,0,0,0,0,0
write,1281,4096,4563207,1041353,10930,792,3497839,2108625,4,0,0,0,0,501,9217,2575,4563207,0,54095,8,24675,1812548,1678447,0,1614,0,0,0,0,0,0,0,0,0,0,0,0,0,0,0,0,0,0,0,0,0
write,1282,4096,4611567,1029200,9938,842,3558964,2086194,4,0,0,0,0,521,9217,2885,4611567,0,54095,8,24681,1897999,1653841,0,1582,0,0,0,0,0,0,0,0,0,0,0,0,0,0,0,0,0,0,0,0,0
write,1283,4096,4500920,1032196,10279,932,3445150,2065563,4,0,0,0,0,511,9227,2625,4500920,0,54095,8,24685,1802470,1635777,0,1583,0,0,0,0,0,0,0,0,0,0,0,0,0,0,0,0,0,0,0,0,0
write,1284,4096,4690686,1027547,10369,952,3638042,2059964,3,0,0,0,0,531,10961,2284,4690686,0,54095,8,24645,1989300,1642140,0,1484,0,0,0,0,0,0,0,0,0,0,0,0,0,0,0,0,0,0,0,0,0
write,1285,4096,5686483,1025112,10289,872,4636955,3229187,4,0,0,0,0,501,9929,2825,5686483,0,54095,8,91630,1835973,2794069,0,1482,0,0,0,0,0,0,0,0,0,0,0,0,0,0,0,0,0,0,0,0,0
write,1286,4096,7844380,1026475,10510,941,6789802,4048082,3,0,0,0,0,541,9669,6442,7844380,0,54095,8,141095,3170666,3611763,0,1703,0,0,0,0,0,0,0,0,0,0,0,0,0,0,0,0,0,0,0,0,0
write,1287,4096,6776747,1055779,10891,1362,5695761,4215315,4,0,0,0,0,721,9288,2945,6776747,0,54095,8,151408,1914700,3771022,0,2013,0,0,0,0,0,0,0,0,0,0,0,0,0,0,0,0,0,0,0,0,0
write,1288,4096,7580295,1030012,10830,952,6521278,5117197,3,0,0,0,0,1644,9958,5621,7580295,0,54095,8,144098,1822257,4688863,0,2355,0,0,0,0,0,0,0,0,0,0,0,0,0,0,0,0,0,0,0,0,0
write,1289,4096,6884840,1054286,10420,1132,5798654,4233810,4,0,0,0,0,1923,13065,5360,6884840,0,54095,0,147962,2005631,3778035,0,3816,0,0,0,0,0,0,0,0,0,0,0,0,0,0,0,0,0,0,0,0,0
write,1290,4096,7724415,1335915,15680,1984,6353654,4922933,3,0,0,0,0,1292,11362,4528,7724415,0,54095,2,192897,1930440,4409819,0,3959,0,0,0,0,0,0,0,0,0,0,0,0,0,0,0,0,0,0,0,0,0
write,1291,4096,9145119,1298645,8947,982,7818161,6168450,3,1,0,0,0,1663,11722,4999,9145119,0,54095,2,202601,2093716,5712592,0,2846,0,0,0,0,0,0,0,0,0,0,0,0,0,0,0,0,0,0,0,0,0
write,1292,4096,8557697,1086087,10279,1072,7443297,6050868,3,0,0,0,0,1473,10400,5089,8557697,0,54095,11,230748,1840521,5589391,0,4157,0,0,0,0,0,0,0,0,0,0,0,0,0,0,0,0,0,0,0,0,0
write,1293,4096,7120983,1072652,8856,792,6012023,4518565,4,0,0,0,0,1162,17834,7664,7120983,0,54095,11,246928,1890014,4111109,0,2865,0,0,0,0,0,0,0,0,0,0,0,0,0,0,0,0,0,0,0,0,0
write,1294,4096,6718599,1199189,9117,1853,5491959,3892250,4,0,0,0,0,1152,10870,4459,6718599,0,54095,11,191219,1990292,3489284,0,3547,0,0,0,0,0,0,0,0,0,0,0,0,0,0,0,0,0,0,0,0,0
write,1295,4096,5529649,850535,9398,861,4648788,3241931,4,1,0,0,0,2164,12994,4909,5529649,0,54095,11,118803,1775489,2860183,0,4067,0,0,0,0,0,0,0,0,0,0,0,0,0,0,0,0,0,0,0,0,0
write,1296,4096,6031370,916479,9047,1272,5093551,3500924,3,1,0,0,0,561,8577,1883,6031370,0,54095,4,139703,1998528,3083863,0,3125,0,0,0,0,0,0,0,0,0,0,0,0,0,0,0,0,0,0,0,0,0
write,1297,4096,5848878,892834,8175,712,4935505,3520914,4,0,0,0,0,350,9168,2134,5848878,0,54095,4,143531,1792551,3137133,0,1253,0,0,0,0,0,0,0,0,0,0,0,0,0,0,0,0,0,0,0,0,0
write,1298,4096,6547187,973084,7915,662,5554165,3975426,4,0,82,0,0,490,9228,1643,6547187,0,54095,4,170275,1942623,3605591,0,1142,0,0,0,0,0,0,0,0,0,0,0,0,0,0,0,0,0,0,0,0,0
write,1299,4096,5980574,880070,8766,712,5080076,3610611,3,0,130,0,0,400,8637,1913,5980574,0,54095,4,133508,1832496,3241699,0,1364,0,0,0,0,0,0,0,0,0,0,0,0,0,0,0,0,0,0,0,0,0
write,1300,4096,169401209,910197,9528,671,168457690,3907978,3,2,130,0,0,1543,13335,8245,169401209,0,54095,4,141244,164915117,3529138,0,2516,0,0,0,0,0,0,0,0,0,0,0,0,0,0,0,0,0,0,0,0,0
write,1301,4096,7143305,945503,9157,1112,6174329,4737475,4,1,130,0,0,891,8967,3346,7143305,0,54095,1,155767,1941641,4222629,0,2975,0,0,0,0,0,0,0,0,0,0,0,0,0,0,0,0,0,0,0,0,0
write,1302,4096,7514141,1107597,8706,842,6385584,4585953,3,1,40,0,0,912,8165,2335,7514141,0,54095,1,151387,2235061,4141636,0,2476,0,0,0,0,0,0,0,0,0,0,0,0,0,0,0,0,0,0,0,0,0
write,1303,4096,7530051,1105694,9598,942,6401724,4988996,4,1,0,0,0,541,8807,2745,7530051,0,54095,1,182768,1861200,4531918,0,2055,0,0,0,0,0,0,0,0,0,0,0,0,0,0,0,0,0,0,0,0,0
write,1304,4096,7925582,1119759,8106,831,6785945,5205733,3,0,0,0,0,521,8125,2295,7925582,0,54095,0,200175,2027762,4750628,0,1844,0,0,0,0,0,0,0,0,0,0,0,0,0,0,0,0,0,0,0,0,0
write,1305,4096,7287976,1100874,9397,752,6165040,4791377,3,0,0,0,0,561,9007,2345,7287976,0,54095,0,174214,1807079,4350888,0,1504,0,0,0,0,0,0,0,0,0,0,0,0,0,0,0,0,0,0,0,0,0
write,1306,4096,7761444,1101475,9859,891,6637136,5150409,3,0,0,0,0,661,9037,2385,7761444,0,54095,0,199077,1941310,4687961,0,1752,0,0,0,0,0,0,0,0,0,0,0,0,0,0,0,0,0,0,0,0,0
write,1307,4096,7320978,1098860,8717,751,6201659,4760067,4,0,0,0,0,571,8166,2254,7320978,0,54095,0,175124,1889954,4304632,0,1525,0,0,0,0,0,0,0,0,0,0,0,0,0,0,0,0,0,0,0,0,0
write,1308,4096,6766809,1089873,8547,641,5654353,4166405,3,0,0,0,0,791,10029,2575,6766809,0,54095,0,129380,1924188,3722811,0,1693,0,0,0,0,0,0,0,0,0,0,0,0,0,0,0,0,0,0,0,0,0
write,1309,4096,7068094,1104591,7564,1152,5939638,4382049,4,0,0,0,0,1283,9598,4268,7068094,0,54095,0,143392,2045636,3883953,0,2023,0,0,0,0,0,0,0,0,0,0,0,0,0,0,0,0,0,0,0,0,0
write,1310,4096,7090676,1124669,13696,1542,5939117,4553730,3,0,0,0,0,722,8476,2454,7090676,0,54095,1,155520,1842555,4086543,0,2344,0,0,0,0,0,0,0,0,0,0,0,0,0,0,0,0,0,0,0,0,0
write,1311,4096,7419523,1096246,8215,621,6303140,4730403,4,1,0,0,0,671,8326,2304,7419523,0,54095,1,169976,2035336,4261271,0,1181,0,0,0,0,0,0,0,0,0,0,0,0,0,0,0,0,0,0,0,0,0
write,1312,4096,6746231,1113388,8356,801,5611593,4215859,3,0,0,0,0,631,9027,2435,6746231,0,54095,0,137556,1822477,3781811,0,1553,0,0,0,0,0,0,0,0,0,0,0,0,0,0,0,0,0,0,0,0,0
write,1313,4096,7097018,1118367,9097,771,5957051,4457681,3,0,0,0,0,491,9007,2234,7097018,0,54095,0,153081,1943835,4006443,0,1482,0,0,0,0,0,0,0,0,0,0,0,0,0,0,0,0,0,0,0,0,0
write,1314,4096,7267287,1089292,8366,1052,6157066,4721646,3,0,0,0,0,581,8676,2254,7267287,0,54095,0,171264,1872842,4276649,0,1795,0,0,0,0,0,0,0,0,0,0,0,0,0,0,0,0,0,0,0,0,0
write,1315,4096,7089925,1082080,9006,802,5985945,4592854,3,0,0,0,0,521,9277,2294,7089925,0,54095,0,163898,1826905,4152206,0,1432,0,0,0,0,0,0,0,0,0,0,0,0,0,0,0,0,0,0,0,0,0
write,1316,4096,7312111,1091396,8195,1022,6201199,4708061,3,0,0,0,0,591,7494,2214,7312111,0,54095,0,169612,1924639,4268795,0,1583,0,0,0,0,0,0,0,0,0,0,0,0,0,0,0,0,0,0,0,0,0
write,1317,4096,6948971,1083081,8105,702,5846493,4461609,4,0,0,0,0,481,7855,2254,6948971,0,54095,0,153521,1831575,4008547,0,1282,0,0,0,0,0,0,0,0,0,0,0,0,0,0,0,0,0,0,0,0,0
write,1318,4096,7290351,1095194,8455,982,6173206,4612650,3,0,0,0,0,762,9227,2525,7290351,0,54095,1,162508,2001082,4163156,0,2454,0,0,0,0,0,0,0,0,0,0,0,0,0,0,0,0,0,0,0,0,0
write,1319,4096,6906881,1091647,8506,741,5794847,4374134,4,1,0,0,0,370,8296,2474,6906881,0,54095,1,147349,1869856,3919069,0,1232,0,0,0,0,0,0,0,0,0,0,0,0,0,0,0,0,0,0,0,0,0
write,1320,4096,6676560,1078553,8035,771,5577349,4099307,3,0,0,0,0,461,9157,2234,6676560,0,54095,1,133372,1911474,3659542,0,1333,0,0,0,0,0,0,0,0,0,0,0,0,0,0,0,0,0,0,0,0,0
write,1321,4096,6698771,1071579,8005,772,5607966,4163940,3,0,0,0,0,501,7714,2234,6698771,0,54095,1,139580,1869796,3731768,0,1374,0,0,0,0,0,0,0,0,0,0,0,0,0,0,0,0,0,0,0,0,0
write,1322,4096,7087400,1073082,7454,631,5993730,4600248,3,1,0,0,0,681,9157,2665,7087400,0,54095,1,167874,1818921,4167786,0,1884,0,0,0,0,0,0,0,0,0,0,0,0,0,0,0,0,0,0,0,0,0
write,1323,4096,6629081,1079384,8356,771,5526143,4049846,3,0,0,0,0,952,9528,3947,6629081,0,54095,0,131689,1916283,3601894,0,1815,0,0,0,0,0,0,0,0,0,0,0,0,0,0,0,0,0,0,0,0,0
write,1324,4096,7002692,1089403,9719,1082,5890746,4458372,3,0,0,0,0,771,8657,2314,7002692,0,54095,1,158547,1873513,4008206,0,2003,0,0,0,0,0,0,0,0,0,0,0,0,0,0,0,0,0,0,0,0,0
write,1325,4096,7063285,1066800,8216,741,5975986,4398970,4,1,0,0,0,621,8717,2204,7063285,0,54095,1,153192,2050885,3918217,0,1423,0,0,0,0,0,0,0,0,0,0,0,0,0,0,0,0,0,0,0,0,0
write,1326,4096,6923192,1069615,11231,732,5830022,4426973,3,0,0,0,0,451,8787,2354,6923192,0,54095,0,157706,1827237,3996474,0,1272,0,0,0,0,0,0,0,0,0,0,0,0,0,0,0,0,0,0,0,0,0
write,1327,4096,6881033,1061090,8105,661,5798573,4310966,4,0,0,0,0,682,9337,2585,6881033,0,54095,0,145779,1927835,3863836,0,1453,0,0,0,0,0,0,0,0,0,0,0,0,0,0,0,0,0,0,0,0,0
write,1328,4096,7011678,1056692,8836,802,5934989,4448425,3,0,0,0,0,471,7604,2284,7011678,0,54095,0,159303,1917886,4010501,0,1403,0,0,0,0,0,0,0,0,0,0,0,0,0,0,0,0,0,0,0,0,0
write,1329,4096,6820510,1073664,8856,1072,5725947,4336234,3,0,0,0,0,662,8085,2224,6820510,0,54095,1,150999,1827548,3890496,0,1912,0,0,0,0,0,0,0,0,0,0,0,0,0,0,0,0,0,0,0,0,0
write,1330,4096,6998584,1054267,8336,681,5924549,4414739,4,0,0,0,0,572,7934,2245,6998584,0,54095,1,158017,1943775,3973721,0,1454,0,0,0,0,0,0,0,0,0,0,0,0,0,0,0,0,0,0,0,0,0
write,1331,4096,7171749,1057473,7414,982,6094579,4692651,3,0,0,0,0,621,8275,2405,7171749,0,54095,1,176054,1823099,4263735,0,1683,0,0,0,0,0,0,0,0,0,0,0,0,0,0,0,0,0,0,0,0,0
write,1332,4096,6834215,1051281,8666,732,5760902,4253566,3,0,0,0,0,571,9869,2194,6834215,0,54095,1,146502,1935450,3818240,0,1573,0,0,0,0,0,0,0,0,0,0,0,0,0,0,0,0,0,0,0,0,0
write,1333,4096,6756019,1046743,8165,952,5688797,4239552,3,1,0,0,0,732,8195,2435,6756019,0,54095,1,146279,1873744,3806848,0,2063,0,0,0,0,0,0,0,0,0,0,0,0,0,0,0,0,0,0,0,0,0
write,1334,4096,7073123,1053505,13626,1242,5991686,4512133,3,0,0,0,0,801,9608,2655,7073123,0,54095,0,164038,1915212,4067217,0,2184,0,0,0,0,0,0,0,0,0,0,0,0,0,0,0,0,0,0,0,0,0
write,1335,4096,7181136,1066430,8817,901,6093867,4591812,3,0,0,0,0,652,8245,2224,7181136,0,54095,1,173792,1918808,4167034,0,1873,0,0,0,0,0,0,0,0,0,0,0,0,0,0,0,0,0,0,0,0,0
write,1336,4096,6936557,1042876,7504,641,5874215,4505762,4,0,0,0,0,441,8716,2164,6936557,0,54095,1,167508,1795567,4072467,0,1143,0,0,0,0,0,0,0,0,0,0,0,0,0,0,0,0,0,0,0,0,0
write,1337,4096,6913795,1040411,7384,691,5854889,4368974,3,0,0,0,0,461,7765,2194,6913795,0,54095,1,158296,1891427,3957161,0,1303,0,0,0,0,0,0,0,0,0,0,0,0,0,0,0,0,0,0,0,0,0
write,1338,4096,7245336,1043907,12554,1442,6173727,4701099,4,1,0,0,0,722,9808,3176,7245336,0,54095,2,175261,1933235,4229110,0,3536,0,0,0,0,0,0,0,0,0,0,0,0,0,0,0,0,0,0,0,0,0
write,1339,4096,7459859,1045020,8506,801,6394942,4806325,3,0,0,0,0,511,7574,2505,7459859,0,54095,0,188062,2024827,4362671,0,1854,0,0,0,0,0,0,0,0,0,0,0,0,0,0,0,0,0,0,0,0,0
write,1340,4096,7158754,1052874,8606,1092,6083909,4629873,3,0,0,0,0,741,9308,2224,7158754,0,54095,1,176686,1880917,4194375,0,2223,0,0,0,0,0,0,0,0,0,0,0,0,0,0,0,0,0,0,0,0,0
write,1341,4096,7062173,1030021,7775,741,6012535,4499038,3,0,0,0,0,561,8426,2114,7062173,0,54095,1,170064,1934478,4071295,0,1473,0,0,0,0,0,0,0,0,0,0,0,0,0,0,0,0,0,0,0,0,0
write,1342,4096,7097840,1029060,7755,731,6048272,4571934,3,0,0,0,0,651,9197,2174,7097840,0,54095,1,175951,1899281,4142147,0,1442,0,0,0,0,0,0,0,0,0,0,0,0,0,0,0,0,0,0,0,0,0
write,1343,4096,6956385,1019181,7695,1002,5917877,4529405,3,1,0,0,0,641,7835,2154,6956385,0,54095,1,169193,1787301,4122861,0,1954,0,0,0,0,0,0,0,0,0,0,0,0,0,0,0,0,0,0,0,0,0
write,1344,4096,6716094,1023279,8355,752,5673348,4159472,4,0,0,0,0,501,7534,2325,6716094,0,54095,0,148200,1940709,3725696,0,1764,0,0,0,0,0,0,0,0,0,0,0,0,0,0,0,0,0,0,0,0,0
write,1345,4096,44189553,1025803,7845,601,43141839,4323961,4,0,0,0,0,762,9017,3686,44189553,0,54095,0,154875,39230344,3904652,0,1624,0,0,0,0,0,0,0,0,0,0,0,0,0,0,0,0,0,0,0,0,0
write,1346,4096,7017790,1059958,8796,932,5935630,4362381,3,0,0,0,0,651,8266,3557,7017790,0,54095,0,166893,2011862,3914751,0,2264,0,0,0,0,0,0,0,0,0,0,0,0,0,0,0,0,0,0,0,0,0
write,1347,4096,7499403,1089964,10570,1112,6384782,4553760,3,1,0,0,0,862,8696,3417,7499403,0,54095,2,165469,2273964,4098105,0,3568,0,0,0,0,0,0,0,0,0,0,0,0,0,0,0,0,0,0,0,0,0
write,1348,4096,6702368,1099371,8456,922,5581887,4080131,3,1,0,0,0,711,8767,2254,6702368,0,54095,1,146706,1948254,3625598,0,1834,0,0,0,0,0,0,0,0,0,0,0,0,0,0,0,0,0,0,0,0,0
write,1349,4096,6901312,1076319,8335,822,5805286,4373292,3,0,0,0,0,481,7744,2325,6901312,0,54095,0,150521,1862462,3936141,0,1544,0,0,0,0,0,0,0,0,0,0,0,0,0,0,0,0,0,0,0,0,0
write,1350,4096,6730761,1104300,6953,581,5608036,4234452,3,0,0,0,0,451,8095,2345,6730761,0,54095,0,160836,1778475,3823851,0,1093,0,0,0,0,0,0,0,0,0,0,0,0,0,0,0,0,0,0,0,0,0
write,1351,4096,6735831,1109731,7995,771,5605421,4154992,3,0,0,0,0,531,8977,2405,6735831,0,54095,0,146961,1876840,3722139,0,1243,0,0,0,0,0,0,0,0,0,0,0,0,0,0,0,0,0,0,0,0,0
write,1352,4096,6855315,1054056,8666,792,5779688,4378624,3,1,0,0,0,711,9027,2375,6855315,0,54095,0,145943,1835182,3937063,0,1864,0,0,0,0,0,0,0,0,0,0,0,0,0,0,0,0,0,0,0,0,0
write,1353,4096,7018230,1076068,7604,1052,5923337,4417275,3,0,0,0,0,641,7725,1803,7018230,0,54095,2,164326,1957641,3957381,0,2055,0,0,0,0,0,0,0,0,0,0,0,0,0,0,0,0,0,0,0,0,0
write,1354,4096,6459082,866525,8306,751,5572780,4123172,4,2,0,0,0,501,8015,2204,6459082,0,54095,2,149836,1891957,3673949,0,1464,0,0,0,0,0,0,0,0,0,0,0,0,0,0,0,0,0,0,0,0,0
write,1355,4096,6758203,989455,7915,812,5743169,4246344,3,0,0,0,0,431,14177,2244,6758203,0,54095,0,185009,1929238,3807811,0,1302,0,0,0,0,0,0,0,0,0,0,0,0,0,0,0,0,0,0,0,0,0
write,1356,4096,6925317,1073904,8266,701,5831044,4342936,3,0,0,0,0,441,8737,2224,6925317,0,54095,0,158896,1919609,3905223,0,1322,0,0,0,0,0,0,0,0,0,0,0,0,0,0,0,0,0,0,0,0,0
write,1357,4096,7108900,1068633,7735,651,6020109,4619305,3,0,0,0,0,551,8987,2234,7108900,0,54095,0,161982,1839069,4174368,0,1444,0,0,0,0,0,0,0,0,0,0,0,0,0,0,0,0,0,0,0,0,0
write,1358,4096,6558769,1033297,8647,751,5506736,4020470,3,0,0,0,0,441,7033,1864,6558769,0,54095,0,175944,1926122,3574463,0,1344,0,0,0,0,0,0,0,0,0,0,0,0,0,0,0,0,0,0,0,0,0
write,1359,4096,6653647,1085075,6692,572,5550698,4150747,3,0,0,0,0,551,7755,2304,6653647,0,54095,0,190493,1765671,3779097,0,1143,0,0,0,0,0,0,0,0,0,0,0,0,0,0,0,0,0,0,0,0,0
write,1360,4096,7019453,995466,6923,642,6005281,4411956,4,0,0,0,0,481,8866,1794,7019453,0,54095,0,208229,1964443,4034756,0,1373,0,0,0,0,0,0,0,0,0,0,0,0,0,0,0,0,0,0,0,0,0
write,1361,4096,6187523,903023,7464,632,5266064,3825225,3,0,0,0,0,541,7995,1804,6187523,0,54095,0,162958,1814312,3445731,0,1203,0,0,0,0,0,0,0,0,0,0,0,0,0,0,0,0,0,0,0,0,0
write,1362,4096,6391856,895700,7083,601,5474105,3978352,4,0,0,0,0,1012,9388,3967,6391856,0,54095,0,170094,1882240,3583470,0,2014,0,0,0,0,0,0,0,0,0,0,0,0,0,0,0,0,0,0,0,0,0
write,1363,4096,6671741,908073,8376,881,5745063,4241495,3,0,0,0,0,441,6643,2264,6671741,0,54095,0,198425,1877711,3860328,0,1513,0,0,0,0,0,0,0,0,0,0,0,0,0,0,0,0,0,0,0,0,0
write,1364,4096,6567325,893064,7294,641,5655074,4252846,3,0,0,0,0,441,8596,2215,6567325,0,54095,0,199388,1763917,3885716,0,1152,0,0,0,0,0,0,0,0,0,0,0,0,0,0,0,0,0,0,0,0,0
write,1365,4096,6656803,1051031,6492,571,5588730,4057841,4,0,0,0,0,441,7735,1803,6656803,0,54095,0,183989,1894201,3689198,0,1142,0,0,0,0,0,0,0,0,0,0,0,0,0,0,0,0,0,0,0,0,0
write,1366,4096,6497273,885380,6712,551,5593399,4192513,3,0,0,0,0,591,8095,2545,6497273,0,54095,0,194566,1781290,3806548,0,1133,0,0,0,0,0,0,0,0,0,0,0,0,0,0,0,0,0,0,0,0,0
write,1367,4096,6734268,1014933,6613,611,5701271,4340120,3,0,0,0,0,541,8345,1954,6734268,0,54095,0,197076,1716820,3978370,0,1283,0,0,0,0,0,0,0,0,0,0,0,0,0,0,0,0,0,0,0,0,0
write,1368,4096,6145454,885961,9368,862,5240637,3800359,4,0,0,0,0,411,6362,1853,6145454,0,54095,0,162806,1819181,3414934,0,1504,0,0,0,0,0,0,0,0,0,0,0,0,0,0,0,0,0,0,0,0,0
write,1369,4096,6206518,890289,6372,531,5298496,3856504,3,0,0,0,0,390,8236,2204,6206518,0,54095,0,169023,1797691,3495344,0,1202,0,0,0,0,0,0,0,0,0,0,0,0,0,0,0,0,0,0,0,0,0
write,1370,4096,6423385,997580,6603,541,5403322,3909001,3,0,0,0,0,461,7153,7725,6423385,0,54095,0,166988,1864977,3532775,0,1163,0,0,0,0,0,0,0,0,0,0,0,0,0,0,0,0,0,0,0,0,0
write,1371,4096,6289294,1097097,8116,711,5172640,3769751,3,0,0,0,0,460,7965,2305,6289294,0,54095,0,159484,1773125,3393123,0,1413,0,0,0,0,0,0,0,0,0,0,0,0,0,0,0,0,0,0,0,0,0
write,1372,4096,6878429,1057273,6492,551,5802922,3534429,3,0,0,0,0,410,8536,2245,6878429,0,54095,0,140885,2629551,3168030,0,1021,0,0,0,0,0,0,0,0,0,0,0,0,0,0,0,0,0,0,0,0,0
write,1373,4096,6111090,1110974,6522,631,4981692,3569306,3,0,0,0,0,431,8596,2244,6111090,0,54095,0,143057,1773285,3203157,0,1041,0,0,0,0,0,0,0,0,0,0,0,0,0,0,0,0,0,0,0,0,0
write,1374,4096,6483177,1066400,6362,571,5399104,3906095,4,0,0,0,0,421,8095,2224,6483177,0,54095,0,168592,1856722,3536962,0,1153,0,0,0,0,0,0,0,0,0,0,0,0,0,0,0,0,0,0,0,0,0
write,1375,4096,6400041,970971,6502,591,5413221,3970465,3,0,0,0,0,420,6222,2114,6400041,0,54095,0,176974,1791600,3616331,0,1083,0,0,0,0,0,0,0,0,0,0,0,0,0,0,0,0,0,0,0,0,0
write,1376,4096,6218751,1108198,8165,751,5091077,3600704,3,0,0,0,0,521,8215,1824,6218751,0,54095,0,146287,1863795,3220809,0,1442,0,0,0,0,0,0,0,0,0,0,0,0,0,0,0,0,0,0,0,0,0
write,1377,4096,8198805,891783,6201,561,7275483,5780272,3,0,0,0,0,2054,15549,7174,8198805,0,54095,0,177017,1856912,5401749,0,5651,0,0,0,0,0,0,0,0,0,0,0,0,0,0,0,0,0,0,0,0,0
write,1378,4096,6361679,950673,13395,1282,5383896,3995023,3,0,0,0,0,942,8957,2534,6361679,0,54095,0,160254,1957220,3413281,0,4079,0,0,0,0,0,0,0,0,0,0,0,0,0,0,0,0,0,0,0,0,0
write,1379,4096,6687961,969799,6923,731,5700179,4175981,3,0,0,0,0,591,7484,2254,6687961,0,54095,0,192396,1892920,3801368,0,1272,0,0,0,0,0,0,0,0,0,0,0,0,0,0,0,0,0,0,0,0,0
write,1380,4096,6487085,1023559,6653,521,5444630,4041051,4,1,0,0,0,340,9077,2305,6487085,0,54095,0,182200,1758738,3680622,0,1072,0,0,0,0,0,0,0,0,0,0,0,0,0,0,0,0,0,0,0,0,0
write,1381,4096,6450236,936256,6803,551,5496387,3999660,3,0,0,0,0,400,7464,2375,6450236,0,54095,0,178743,1869205,3621952,0,1062,0,0,0,0,0,0,0,0,0,0,0,0,0,0,0,0,0,0,0,0,0
write,1382,4096,6494418,1036814,6903,581,5440462,3995274,3,0,0,0,0,421,7444,1793,6494418,0,54095,0,179816,1801639,3633223,0,941,0,0,0,0,0,0,0,0,0,0,0,0,0,0,0,0,0,0,0,0,0
write,1383,4096,6875001,1068734,7143,591,5788024,4382821,3,0,0,0,0,390,7995,2124,6875001,0,54095,0,208336,1773886,4008637,0,1043,0,0,0,0,0,0,0,0,0,0,0,0,0,0,0,0,0,0,0,0,0
write,1384,4096,6986611,888556,6702,531,6080232,4590189,4,0,0,0,0,441,7894,2255,6986611,0,54095,0,227497,1861591,4213320,0,971,0,0,0,0,0,0,0,0,0,0,0,0,0,0,0,0,0,0,0,0,0
write,1385,4096,6851038,972314,6562,521,5861401,4465174,3,0,0,0,0,431,7564,2245,6851038,0,54095,0,209854,1758588,4096722,0,1071,0,0,0,0,0,0,0,0,0,0,0,0,0,0,0,0,0,0,0,0,0
write,1386,4096,6670058,1015384,9047,782,5634215,4112615,4,0,0,0,0,491,7885,2254,6670058,0,54095,0,186796,1897898,3729874,0,1493,0,0,0,0,0,0,0,0,0,0,0,0,0,0,0,0,0,0,0,0,0
write,1387,4096,4585198,1074665,7113,561,3488482,1987959,2,0,0,0,0,561,10990,2826,4585198,0,54095,0,24608,1922344,1431174,0,1622,0,0,0,0,0,0,0,0,0,0,0,0,0,0,0,0,0,0,0,0,0
write,1388,4096,4554691,1337037,8827,741,3198248,1807841,4,0,0,0,0,350,7595,1893,4554691,0,54095,0,24618,1754270,1438006,0,1363,0,0,0,0,0,0,0,0,0,0,0,0,0,0,0,0,0,0,0,0,0
write,1389,4096,4206879,911710,6492,561,3278067,1791841,4,0,0,0,0,351,7774,1924,4206879,0,54095,0,24616,1849438,1423580,0,962,0,0,0,0,0,0,0,0,0,0,0,0,0,0,0,0,0,0,0,0,0
write,1390,4096,4191419,894597,6713,661,3279489,1797390,3,0,0,0,0,401,7705,1853,4191419,0,54095,0,24641,1835973,1438116,0,1092,0,0,0,0,0,0,0,0,0,0,0,0,0,0,0,0,0,0,0,0,0
write,1391,4096,4424346,921558,7314,1122,3481929,1825884,4,0,0,0,0,872,8716,2835,4424346,0,54095,1,24631,2041368,1431524,0,2455,0,0,0,0,0,0,0,0,0,0,0,0,0,0,0,0,0,0,0,0,0
write,1392,4096,4559429,1087349,6572,611,3449248,1931663,4,1,0,0,0,561,12293,2795,4559429,0,54095,1,24636,1881548,1561318,0,1442,0,0,0,0,0,0,0,0,0,0,0,0,0,0,0,0,0,0,0,0,0
write,1393,4096,4754897,1378385,7334,591,3355152,1804725,4,0,0,0,0,450,10350,2635,4754897,0,54095,0,24647,1918267,1430412,0,1423,0,0,0,0,0,0,0,0,0,0,0,0,0,0,0,0,0,0,0,0,0
write,1394,4096,4717526,1343700,7093,631,3352898,1811807,3,0,0,0,0,370,9468,3366,4717526,0,54095,0,24655,1902177,1445651,0,1082,0,0,0,0,0,0,0,0,0,0,0,0,0,0,0,0,0,0,0,0,0
write,1395,4096,4642285,1372173,7755,601,3248852,1791650,4,0,0,0,0,802,8315,3787,4642285,0,54095,0,24660,1824020,1419131,0,1171,0,0,0,0,0,0,0,0,0,0,0,0,0,0,0,0,0,0,0,0,0
write,1396,4096,4789431,1377743,9518,2054,3384877,1836224,3,0,0,0,0,481,11471,3287,4789431,0,54095,0,24639,1921784,1452614,0,2174,0,0,0,0,0,0,0,0,0,0,0,0,0,0,0,0,0,0,0,0,0
write,1397,4096,4694102,1359850,7984,652,3315807,1836785,4,1,0,0,0,481,7474,1854,4694102,0,54095,0,24630,1841903,1468073,0,1221,0,0,0,0,0,0,0,0,0,0,0,0,0,0,0,0,0,0,0,0,0
write,1398,4096,4393499,901801,8056,951,3472191,1818400,4,0,0,0,0,601,8055,1844,4393499,0,54095,1,24655,2026640,1437255,0,2455,0,0,0,0,0,0,0,0,0,0,0,0,0,0,0,0,0,0,0,0,0
write,1399,4096,4229070,895489,7123,651,3316680,1795037,3,0,0,0,0,561,6642,1924,4229070,0,54095,1,24664,1883392,1427266,0,1222,0,0,0,0,0,0,0,0,0,0,0,0,0,0,0,0,0,0,0,0,0
write,1400,4096,4329769,892694,6552,651,3418861,1851140,4,1,0,0,0,621,7915,2475,4329769,0,54095,1,24671,1947371,1465598,0,1152,0,0,0,0,0,0,0,0,0,0,0,0,0,0,0,0,0,0,0,0,0
write,1401,4096,4454102,1079254,8155,702,3355131,1821937,4,0,0,0,0,551,8286,2023,4454102,0,54095,0,24665,1917175,1431564,0,1422,0,0,0,0,0,0,0,0,0,0,0,0,0,0,0,0,0,0,0,0,0
write,1402,4096,4191390,901801,7825,842,3271534,1809694,3,0,0,0,0,631,6843,1914,4191390,0,54095,1,24693,1830633,1433368,0,1884,0,0,0,0,0,0,0,0,0,0,0,0,0,0,0,0,0,0,0,0,0
write,1403,4096,4311985,885460,6833,822,3408040,1826937,4,0,0,0,0,491,7945,2394,4311985,0,54095,1,24650,1957591,1443937,0,1483,0,0,0,0,0,0,0,0,0,0,0,0,0,0,0,0,0,0,0,0,0
write,1404,4096,4391685,1105804,6973,821,3267277,1799214,4,0,0,0,0,511,8145,2154,4391685,0,54095,1,24661,1848046,1412849,0,1402,0,0,0,0,0,0,0,0,0,0,0,0,0,0,0,0,0,0,0,0,0
write,1405,4096,4102523,897774,6432,551,3188609,1784218,4,0,0,0,0,561,6592,2004,4102523,0,54095,1,24662,1775409,1407299,0,1172,0,0,0,0,0,0,0,0,0,0,0,0,0,0,0,0,0,0,0,0,0
write,1406,4096,4215114,897493,6773,661,3300780,1799365,3,0,0,0,0,581,6963,1863,4215114,0,54095,1,24646,1858064,1436314,0,1362,0,0,0,0,0,0,0,0,0,0,0,0,0,0,0,0,0,0,0,0,0
write,1407,4096,4289834,889708,7304,871,3380720,1832396,4,0,0,0,0,601,8275,2355,4289834,0,54095,1,24646,1939216,1434219,0,1885,0,0,0,0,0,0,0,0,0,0,0,0,0,0,0,0,0,0,0,0,0
write,1408,4096,4536246,1108238,7173,662,3407650,1837857,4,1,0,0,0,591,10089,1843,4536246,0,54095,1,24652,1959013,1441994,0,1754,0,0,0,0,0,0,0,0,0,0,0,0,0,0,0,0,0,0,0,0,0
write,1409,4096,4190638,889418,7233,722,3284258,1826255,4,0,0,0,0,441,6592,1974,4190638,0,54095,0,24643,1836143,1441724,0,1543,0,0,0,0,0,0,0,0,0,0,0,0,0,0,0,0,0,0,0,0,0
write,1410,4096,4287650,896331,6913,641,3374999,1787382,3,0,0,0,0,400,6433,1933,4287650,0,54095,0,24644,1951019,1418480,0,1112,0,0,0,0,0,0,0,0,0,0,0,0,0,0,0,0,0,0,0,0,0
write,1411,4096,5712392,1092248,6592,542,4601829,3125101,4,0,0,0,0,411,8355,2415,5712392,0,54095,0,120251,1843156,2753514,0,971,0,0,0,0,0,0,0,0,0,0,0,0,0,0,0,0,0,0,0,0,0
write,1412,4096,6073108,969758,6763,611,5084144,3533688,3,0,0,0,0,420,9047,2365,6073108,0,54095,0,142874,1912807,3165867,0,1212,0,0,0,0,0,0,0,0,0,0,0,0,0,0,0,0,0,0,0,0,0
write,1413,4096,5882310,935294,7103,4518,4923773,3414945,4,0,0,0,0,431,8857,2334,5882310,0,54095,0,135906,1877000,3040672,0,1142,0,0,0,0,0,0,0,0,0,0,0,0,0,0,0,0,0,0,0,0,0
write,1414,4096,6283272,947968,7844,822,5315918,3768208,3,0,0,0,0,672,8205,1843,6283272,0,54095,1,159986,1925661,3381861,0,2266,0,0,0,0,0,0,0,0,0,0,0,0,0,0,0,0,0,0,0,0,0
write,1415,4096,5928858,888556,10049,1052,5016998,3467724,4,0,0,0,0,481,9397,2325,5928858,0,54095,1,139630,1918968,3090556,0,1442,0,0,0,0,0,0,0,0,0,0,0,0,0,0,0,0,0,0,0,0,0
write,1416,4096,5877190,961723,7344,711,4893156,3430654,4,0,0,0,0,711,9969,3576,5877190,0,54095,1,135194,1837937,3048437,0,1673,0,0,0,0,0,0,0,0,0,0,0,0,0,0,0,0,0,0,0,0,0
write,1417,4096,6356038,1358407,7434,681,4975390,3310217,4,2,0,0,0,891,10470,2765,6356038,0,54095,1,115791,2044534,2921699,0,2534,0,0,0,0,0,0,0,0,0,0,0,0,0,0,0,0,0,0,0,0,0
write,1418,4096,5978551,905368,7494,711,5053727,3524160,3,0,0,0,0,451,8476,2324,5978551,0,54095,0,144436,1905272,3141751,0,1581,0,0,0,0,0,0,0,0,0,0,0,0,0,0,0,0,0,0,0,0,0
write,1419,4096,5988239,898354,6573,601,5070698,3517940,4,0,0,0,0,431,9137,2445,5988239,0,54095,0,144468,1921483,3143856,0,1072,0,0,0,0,0,0,0,0,0,0,0,0,0,0,0,0,0,0,0,0,0
write,1420,4096,6014178,917400,6893,591,5078373,3521445,4,0,0,0,0,491,8205,2225,6014178,0,54095,0,145011,1920231,3152161,0,1252,0,0,0,0,0,0,0,0,0,0,0,0,0,0,0,0,0,0,0,0,0
write,1421,4096,6234040,1099833,7774,642,5115843,3653855,4,0,0,0,0,440,7134,2374,6234040,0,54095,0,152884,1837476,3272837,0,1213,0,0,0,0,0,0,0,0,0,0,0,0,0,0,0,0,0,0,0,0,0
write,1422,4096,5963122,900769,6913,541,5042536,3478012,3,1,0,0,0,521,6863,4979,5963122,0,54095,0,138213,1912276,3124709,0,1192,0,0,0,0,0,0,0,0,0,0,0,0,0,0,0,0,0,0,0,0,0
write,1423,4096,5814994,898094,8075,942,4891673,3438619,4,0,0,0,0,671,13485,2054,5814994,0,54095,1,137394,1833298,3049990,0,2375,0,0,0,0,0,0,0,0,0,0,0,0,0,0,0,0,0,0,0,0,0
write,1424,4096,6153659,891963,9447,872,5240226,3603940,4,1,0,0,0,481,8536,2134,6153659,0,54095,1,149797,2002855,3230468,0,1714,0,0,0,0,0,0,0,0,0,0,0,0,0,0,0,0,0,0,0,0,0
write,1425,4096,27193262,889829,7343,742,26280591,3519381,4,0,0,0,0,611,10790,3356,27193262,0,54095,0,143633,23134912,3138325,0,1843,0,0,0,0,0,0,0,0,0,0,0,0,0,0,0,0,0,0,0,0,0
write,1426,4096,23084718,912351,9548,1132,22142712,3607315,3,0,0,0,0,2023,11312,5640,23084718,0,54095,1,143649,18907145,3221260,0,3927,0,0,0,0,0,0,0,0,0,0,0,0,0,0,0,0,0,0,0,0,0
write,1427,4096,6208913,916709,18264,2976,5257960,3706813,4,1,0,0,0,991,8336,3677,6208913,0,54095,1,143988,2081193,3160797,0,5662,0,0,0,0,0,0,0,0,0,0,0,0,0,0,0,0,0,0,0,0,0
write,1428,4096,6074061,1011407,7224,1012,5042395,3369490,3,0,0,0,0,521,9207,2295,6074061,0,54095,0,128992,2042390,2992091,0,2114,0,0,0,0,0,0,0,0,0,0,0,0,0,0,0,0,0,0,0,0,0
write,1429,4096,6114847,1030863,7154,681,5063916,3689421,3,0,0,0,0,561,9297,2375,6114847,0,54095,0,152522,1746325,3311570,0,1322,0,0,0,0,0,0,0,0,0,0,0,0,0,0,0,0,0,0,0,0,0
write,1430,4096,5836915,970209,6813,601,4849414,3414004,3,1,0,0,0,711,7294,1873,5836915,0,54095,0,130298,1794986,3047806,0,1692,0,0,0,0,0,0,0,0,0,0,0,0,0,0,0,0,0,0,0,0,0
write,1431,4096,5848477,890140,7013,641,4939382,3494595,3,0,0,0,0,531,8516,2254,5848477,0,54095,3,139216,1825402,3107387,0,1652,0,0,0,0,0,0,0,0,0,0,0,0,0,0,0,0,0,0,0,0,0
write,1432,4096,6167174,1039419,7103,611,5108379,3624918,3,0,0,0,0,461,8977,2224,6167174,0,54095,3,149830,1858324,3244364,0,1162,0,0,0,0,0,0,0,0,0,0,0,0,0,0,0,0,0,0,0,0,0
write,1433,4096,5804514,1005525,6793,561,4780154,3303406,3,0,0,0,0,471,8736,2274,5804514,0,54095,3,127154,1842795,2931587,0,1132,0,0,0,0,0,0,0,0,0,0,0,0,0,0,0,0,0,0,0,0,0
write,1434,4096,5925772,1047194,6863,681,4859633,3460911,3,0,0,0,0,471,8696,2234,5925772,0,54095,3,136346,1762645,3091236,0,1152,0,0,0,0,0,0,0,0,0,0,0,0,0,0,0,0,0,0,0,0,0
write,1435,4096,6045877,1067552,7053,611,4959721,3369739,4,0,0,0,0,511,8165,2264,6045877,0,54095,3,128770,1969754,2983986,0,1203,0,0,0,0,0,0,0,0,0,0,0,0,0,0,0,0,0,0,0,0,0
write,1436,4096,5942283,1057593,7635,641,4866335,3470248,3,0,0,0,0,451,7835,1793,5942283,0,54095,3,136002,1764989,3095605,0,1142,0,0,0,0,0,0,0,0,0,0,0,0,0,0,0,0,0,0,0,0,0
write,1437,4096,5874405,886432,7053,581,4969269,3496586,4,0,0,0,0,441,8335,2294,5874405,0,54095,3,142251,1849037,3114370,0,1132,0,0,0,0,0,0,0,0,0,0,0,0,0,0,0,0,0,0,0,0,0
write,1438,4096,6060385,894668,6863,541,5147001,3708976,3,1,0,0,0,451,8566,2295,6060385,0,54095,3,156938,1790418,3350924,0,1072,0,0,0,0,0,0,0,0,0,0,0,0,0,0,0,0,0,0,0,0,0
write,1439,4096,6424847,1080706,6903,601,5326268,3823932,3,0,0,0,0,471,7484,2414,6424847,0,54095,3,169070,1871449,3448897,0,1152,0,0,0,0,0,0,0,0,0,0,0,0,0,0,0,0,0,0,0,0,0
write,1440,4096,6091052,1003762,6713,671,5070428,3604529,3,0,0,0,0,451,7164,1863,6091052,0,54095,3,151188,1829570,3235156,0,1152,0,0,0,0,0,0,0,0,0,0,0,0,0,0,0,0,0,0,0,0,0
write,1441,4096,5637200,883276,6993,852,4735189,3354713,3,0,0,0,0,601,7825,2464,5637200,0,54095,3,130619,1745844,2982973,0,1363,0,0,0,0,0,0,0,0,0,0,0,0,0,0,0,0,0,0,0,0,0
write,1442,4096,6039205,1061120,6883,591,4959239,3386099,3,0,0,0,0,451,8657,2264,6039205,0,54095,3,127672,1944877,3008702,0,1131,0,0,0,0,0,0,0,0,0,0,0,0,0,0,0,0,0,0,0,0,0
write,1443,4096,6052399,1057603,6763,591,4969609,3581266,4,0,0,0,0,491,12623,4719,6052399,0,54095,3,146015,1768186,3194881,0,1572,0,0,0,0,0,0,0,0,0,0,0,0,0,0,0,0,0,0,0,0,0
write,1444,4096,6425820,916469,8346,1553,5488001,4000994,3,0,0,0,0,651,7855,2945,6425820,0,54095,3,171770,1915252,3562921,0,2424,0,0,0,0,0,0,0,0,0,0,0,0,0,0,0,0,0,0,0,0,0
write,1445,4096,6413156,896942,7144,721,5498481,4052721,4,0,0,0,0,501,7564,1803,6413156,0,54095,3,183220,1831685,3660444,0,1312,0,0,0,0,0,0,0,0,0,0,0,0,0,0,0,0,0,0,0,0,0
write,1446,4096,6196359,887153,6973,652,5292404,3904774,3,0,0,0,0,551,6813,1813,6196359,0,54095,3,173730,1765721,3517396,0,1263,0,0,0,0,0,0,0,0,0,0,0,0,0,0,0,0,0,0,0,0,0
write,1447,4096,5764950,885620,6853,621,4859593,3389966,3,0,0,0,0,531,9338,2394,5764950,0,54095,3,130809,1849909,3003572,0,1322,0,0,0,0,0,0,0,0,0,0,0,0,0,0,0,0,0,0,0,0,0
write,1448,4096,6051658,1094031,7043,822,4938801,3560578,3,0,0,0,0,511,8186,2264,6051658,0,54095,3,143615,1763467,3168582,0,1432,0,0,0,0,0,0,0,0,0,0,0,0,0,0,0,0,0,0,0,0,0
write,1449,4096,6334999,1118797,7134,671,5196725,3637611,4,0,0,0,0,441,8997,2234,6334999,0,54095,3,150911,1944166,3246778,0,1172,0,0,0,0,0,0,0,0,0,0,0,0,0,0,0,0,0,0,0,0,0
write,1450,4096,6079460,1028068,6742,531,5032557,3641931,3,0,0,0,0,612,8566,2384,6079460,0,54095,3,151368,1756183,3270553,0,1182,0,0,0,0,0,0,0,0,0,0,0,0,0,0,0,0,0,0,0,0,0
write,1451,4096,6107943,1011176,6773,661,5079775,3595404,4,0,0,0,0,531,7164,1863,6107943,0,54095,3,147853,1867542,3206132,0,1253,0,0,0,0,0,0,0,0,0,0,0,0,0,0,0,0,0,0,0,0,0
write,1452,4096,5897509,893155,6812,622,4987352,3565367,3,0,0,0,0,531,7173,1864,5897509,0,54095,3,146730,1797361,3184011,0,1233,0,0,0,0,0,0,0,0,0,0,0,0,0,0,0,0,0,0,0,0,0
write,1453,4096,5931343,909927,6692,651,5002601,3609571,3,1,0,0,0,501,8566,2405,5931343,0,54095,3,146999,1768226,3228615,0,1192,0,0,0,0,0,0,0,0,0,0,0,0,0,0,0,0,0,0,0,0,0
write,1454,4096,6318017,1029650,6793,591,5269291,3790650,3,0,0,0,0,471,8726,2495,6318017,0,54095,3,158010,1847825,3415535,0,1221,0,0,0,0,0,0,0,0,0,0,0,0,0,0,0,0,0,0,0,0,0
write,1455,4096,5934969,987802,6983,651,4929003,3518781,3,0,0,0,0,461,7824,2245,5934969,0,54095,3,142182,1793553,3129689,0,1192,0,0,0,0,0,0,0,0,0,0,0,0,0,0,0,0,0,0,0,0,0
write,1456,4096,6101572,974989,6582,581,5107858,3593390,3,0,0,0,0,441,8566,2555,6101572,0,54095,3,149415,1894152,3208156,0,1121,0,0,0,0,0,0,0,0,0,0,0,0,0,0,0,0,0,0,0,0,0
write,1457,4096,5978140,979887,7394,641,4978226,3598289,3,0,0,0,0,450,9659,1883,5978140,0,54095,3,147719,1752727,3219838,0,1083,0,0,0,0,0,0,0,0,0,0,0,0,0,0,0,0,0,0,0,0,0
write,1458,4096,5887260,886282,7474,571,4982594,3500476,3,0,0,0,0,461,8015,1863,5887260,0,54095,3,138683,1853485,3123247,0,1273,0,0,0,0,0,0,0,0,0,0,0,0,0,0,0,0,0,0,0,0,0
write,1459,4096,5761734,896080,7284,661,4846238,3406800,4,0,0,0,0,460,8707,2304,5761734,0,54095,3,133685,1820654,3019923,0,1142,0,0,0,0,0,0,0,0,0,0,0,0,0,0,0,0,0,0,0,0,0
write,1460,4096,5874156,1048156,6692,561,4797557,3414664,3,0,0,0,0,621,12243,8326,5874156,0,54095,3,135168,1759299,3031205,0,1714,0,0,0,0,0,0,0,0,0,0,0,0,0,0,0,0,0,0,0,0,0
write,1461,4096,6631145,1204399,10359,2405,5399174,3831947,3,0,0,0,0,902,9728,4178,6631145,0,54095,0,149960,2137017,3246378,0,5722,0,0,0,0,0,0,0,0,0,0,0,0,0,0,0,0,0,0,0,0,0
write,1462,4096,6011503,901270,7064,711,5091257,3688698,4,0,0,0,0,541,8396,2264,6011503,0,54095,0,154593,1785648,3298405,0,1643,0,0,0,0,0,0,0,0,0,0,0,0,0,0,0,0,0,0,0,0,0
write,1463,4096,6540995,978605,6923,661,5545469,4021332,3,0,0,0,0,551,6923,1863,6540995,0,54095,0,183394,1889012,3650385,0,1242,0,0,0,0,0,0,0,0,0,0,0,0,0,0,0,0,0,0,0,0,0
write,1464,4096,6121580,891963,6883,641,5210571,3790479,3,0,0,0,0,541,8686,2295,6121580,0,54095,0,163444,1796940,3407850,0,1122,0,0,0,0,0,0,0,0,0,0,0,0,0,0,0,0,0,0,0,0,0
write,1465,4096,6161363,1032796,6783,651,5110002,3625791,3,0,0,0,0,571,8005,2555,6161363,0,54095,0,151134,1845029,3259031,0,1222,0,0,0,0,0,0,0,0,0,0,0,0,0,0,0,0,0,0,0,0,0
write,1466,4096,5753559,893866,7524,972,4837982,3350864,3,0,0,0,0,621,9188,3406,5753559,0,54095,0,127179,1851602,2979387,0,1382,0,0,0,0,0,0,0,0,0,0,0,0,0,0,0,0,0,0,0,0,0
write,1467,4096,5981086,1060969,6833,732,4900950,3537455,3,0,0,0,0,501,8606,2495,5981086,0,54095,0,143217,1735254,3159585,0,1313,0,0,0,0,0,0,0,0,0,0,0,0,0,0,0,0,0,0,0,0,0
write,1468,4096,6623461,1047915,9869,1162,5552863,4055997,4,0,0,0,0,771,7955,2926,6623461,0,54095,1,181819,1898820,3645326,0,2344,0,0,0,0,0,0,0,0,0,0,0,0,0,0,0,0,0,0,0,0,0
write,1469,4096,6519505,1091778,7003,651,5407129,4001405,3,0,0,0,0,451,9287,3206,6519505,0,54095,1,180131,1763076,3638112,0,1301,0,0,0,0,0,0,0,0,0,0,0,0,0,0,0,0,0,0,0,0,0
write,1470,4096,6859552,1045260,7504,631,5794215,4201680,4,1,0,0,0,611,8526,2805,6859552,0,54095,1,194601,1968792,3817559,0,1924,0,0,0,0,0,0,0,0,0,0,0,0,0,0,0,0,0,0,0,0,0
write,1471,4096,6100089,907312,7855,771,5173141,3696433,3,0,0,0,0,511,8496,2003,6100089,0,54095,3,154993,1865548,3300368,0,1745,0,0,0,0,0,0,0,0,0,0,0,0,0,0,0,0,0,0,0,0,0
write,1472,4096,5900876,898014,7675,611,4982924,3500325,4,0,0,0,0,521,8856,2275,5900876,0,54095,3,139275,1865177,3111545,0,1344,0,0,0,0,0,0,0,0,0,0,0,0,0,0,0,0,0,0,0,0,0
write,1473,4096,6254118,1081789,7163,862,5152111,3729144,3,0,0,0,0,551,9428,2214,6254118,0,54095,3,155765,1789686,3356284,0,1272,0,0,0,0,0,0,0,0,0,0,0,0,0,0,0,0,0,0,0,0,0
write,1474,4096,6004459,888576,6482,641,5097179,3715730,4,0,0,0,0,541,8596,2444,6004459,0,54095,3,156845,1762365,3328712,0,1223,0,0,0,0,0,0,0,0,0,0,0,0,0,0,0,0,0,0,0,0,0
write,1475,4096,6179478,912862,7654,702,5246207,3750203,3,0,0,0,0,551,9248,2254,6179478,0,54095,3,158553,1876719,3363016,0,1282,0,0,0,0,0,0,0,0,0,0,0,0,0,0,0,0,0,0,0,0,0
write,1476,4096,6079089,977102,6973,601,5083763,3703747,3,2,0,0,0,712,7884,2054,6079089,0,54095,3,156169,1754330,3321489,0,1813,0,0,0,0,0,0,0,0,0,0,0,0,0,0,0,0,0,0,0,0,0
write,1477,4096,5906516,911038,8156,721,4975330,3616282,3,0,0,0,0,621,8336,2314,5906516,0,54095,0,147553,1758798,3209839,0,1643,0,0,0,0,0,0,0,0,0,0,0,0,0,0,0,0,0,0,0,0,0
write,1478,4096,6262473,991138,6983,672,5252138,3827848,4,0,0,0,0,521,8717,2304,6262473,0,54095,0,166482,1812999,3432827,0,1243,0,0,0,0,0,0,0,0,0,0,0,0,0,0,0,0,0,0,0,0,0
write,1479,4096,6007515,947717,6713,701,5041524,3558625,3,0,0,0,0,591,7975,2294,6007515,0,54095,0,145534,1863444,3171647,0,1392,0,0,0,0,0,0,0,0,0,0,0,0,0,0,0,0,0,0,0,0,0
write,1480,4096,6350318,1118537,7464,682,5211803,3713064,4,0,0,0,0,621,8947,2264,6350318,0,54095,0,155785,1890935,3314425,0,1323,0,0,0,0,0,0,0,0,0,0,0,0,0,0,0,0,0,0,0,0,0
write,1481,4096,6236795,1078783,7264,691,5138025,3752637,3,0,0,0,0,591,9187,2254,6236795,0,54095,0,159567,1758177,3373256,0,1322,0,0,0,0,0,0,0,0,0,0,0,0,0,0,0,0,0,0,0,0,0
write,1482,4096,5922295,1017648,7093,672,4887875,3382545,3,0,0,0,0,531,6673,1803,5922295,0,54095,0,131017,1878372,3003292,0,1303,0,0,0,0,0,0,0,0,0,0,0,0,0,0,0,0,0,0,0,0,0
write,1483,4096,5918077,915316,6823,681,4983786,3606494,3,0,0,0,0,571,8646,2254,5918077,0,54095,0,149695,1755813,3221852,0,1242,0,0,0,0,0,0,0,0,0,0,0,0,0,0,0,0,0,0,0,0,0
write,1484,4096,5990023,1055119,6682,641,4917652,3451654,4,0,0,0,0,561,7554,1814,5990023,0,54095,0,137104,1849168,3062393,0,1223,0,0,0,0,0,0,0,0,0,0,0,0,0,0,0,0,0,0,0,0,0
write,1485,4096,5999911,918483,6923,701,5059918,3628966,3,0,0,0,0,581,10961,2344,5999911,0,54095,0,150542,1799374,3254102,0,1373,0,0,0,0,0,0,0,0,0,0,0,0,0,0,0,0,0,0,0,0,0
write,1486,4096,6197331,1064597,7724,882,5112607,3652139,4,0,0,0,0,561,8666,2294,6197331,0,54095,0,151689,1846092,3259662,0,1465,0,0,0,0,0,0,0,0,0,0,0,0,0,0,0,0,0,0,0,0,0
write,1487,4096,6467198,1050380,6653,651,5398683,3913329,3,0,0,0,0,551,8005,2275,6467198,0,54095,0,174062,1861260,3531242,0,1201,0,0,0,0,0,0,0,0,0,0,0,0,0,0,0,0,0,0,0,0,0
write,1488,4096,6320472,934342,7033,671,5367225,3985995,3,0,0,0,0,561,8415,2225,6320472,0,54095,0,179113,1766603,3594440,0,1202,0,0,0,0,0,0,0,0,0,0,0,0,0,0,0,0,0,0,0,0,0
write,1489,4096,6448392,1087059,6722,642,5343219,3762686,3,0,0,0,0,601,7805,2344,6448392,0,54095,0,162001,1945589,3391460,0,1263,0,0,0,0,0,0,0,0,0,0,0,0,0,0,0,0,0,0,0,0,0
write,1490,4096,5807360,977383,7394,671,4812184,3418872,3,0,0,0,0,591,7203,1934,5807360,0,54095,0,131813,1776391,3029490,0,1221,0,0,0,0,0,0,0,0,0,0,0,0,0,0,0,0,0,0,0,0,0
write,1491,4096,5872953,914535,9147,1012,4936797,3449730,4,0,0,0,0,621,8476,2365,5872953,0,54095,0,133593,1867672,3061671,0,1703,0,0,0,0,0,0,0,0,0,0,0,0,0,0,0,0,0,0,0,0,0
write,1492,4096,6130415,1053134,6823,651,5058105,3647681,3,0,0,0,0,581,8296,2825,6130415,0,54095,0,148819,1790708,3260814,0,1352,0,0,0,0,0,0,0,0,0,0,0,0,0,0,0,0,0,0,0,0,0
write,1493,4096,6371978,1029290,7203,692,5324624,3939489,3,0,0,0,0,561,6753,2855,6371978,0,54095,0,173579,1766512,3551790,0,1292,0,0,0,0,0,0,0,0,0,0,0,0,0,0,0,0,0,0,0,0,0
write,1494,4096,6520708,893776,6823,601,5609308,4151889,4,0,0,0,0,551,7755,1894,6520708,0,54095,0,189430,1848145,3754660,0,1341,0,0,0,0,0,0,0,0,0,0,0,0,0,0,0,0,0,0,0,0,0
write,1495,4096,6304262,892814,7334,681,5392783,4015131,3,0,0,0,0,491,7895,2264,6304262,0,54095,0,182541,1755212,3631480,0,1292,0,0,0,0,0,0,0,0,0,0,0,0,0,0,0,0,0,0,0,0,0
write,1496,4096,6028354,991379,6632,641,5018200,3503532,3,0,0,0,0,611,8386,2505,6028354,0,54095,0,136738,1904591,3106815,0,1673,0,0,0,0,0,0,0,0,0,0,0,0,0,0,0,0,0,0,0,0,0
write,1497,4096,6336081,1012088,7774,691,5305209,3927997,3,0,0,0,0,641,7654,2024,6336081,0,54095,0,168974,1759349,3539367,0,1413,0,0,0,0,0,0,0,0,0,0,0,0,0,0,0,0,0,0,0,0,0
write,1498,4096,6128782,887263,7024,651,5224367,3742399,3,0,0,0,0,521,7093,1863,6128782,0,54095,0,158030,1861080,3357376,0,1172,0,0,0,0,0,0,0,0,0,0,0,0,0,0,0,0,0,0,0,0,0
write,1499,4096,6429657,898104,6823,681,5513930,4077928,3,0,0,0,0,541,7784,1794,6429657,0,54095,0,184673,1814723,3693176,0,1262,0,0,0,0,0,0,0,0,0,0,0,0,0,0,0,0,0,0,0,0,0
write,1500,4096,5947874,892554,6943,611,5038068,3659264,3,0,0,0,0,491,7383,1824,5947874,0,54095,0,151502,1762675,3269401,0,1173,0,0,0,0,0,0,0,0,0,0,0,0,0,0,0,0,0,0,0,0,0
write,1501,4096,6066555,895699,6793,651,5152692,3678859,3,0,0,0,0,501,8306,1913,6066555,0,54095,0,156856,1843687,3302964,0,1242,0,0,0,0,0,0,0,0,0,0,0,0,0,0,0,0,0,0,0,0,0
write,1502,4096,7239395,885811,7194,731,6336532,3856693,3,0,0,0,0,551,5961,2615,7239395,0,54095,0,167200,2871123,3459487,0,1162,0,0,0,0,0,0,0,0,0,0,0,0,0,0,0,0,0,0,0,0,0
write,1503,4096,6233749,901510,6643,721,5313975,3721991,3,0,0,0,0,601,8496,1803,6233749,0,54095,0,157503,1969543,3337880,0,1412,0,0,0,0,0,0,0,0,0,0,0,0,0,0,0,0,0,0,0,0,0
write,1504,4096,6077887,1056191,7684,631,5001870,3619129,3,0,0,0,0,571,8626,2314,6077887,0,54095,0,148341,1765511,3230308,0,1343,0,0,0,0,0,0,0,0,0,0,0,0,0,0,0,0,0,0,0,0,0
write,1505,4096,6239751,1118928,7064,671,5101536,3621112,3,0,0,0,0,521,8667,2364,6239751,0,54095,0,149683,1852634,3242861,0,1322,0,0,0,0,0,0,0,0,0,0,0,0,0,0,0,0,0,0,0,0,0
write,1506,4096,6025268,1079013,7334,611,4928983,3503190,3,0,0,0,0,521,6913,1893,6025268,0,54095,0,138301,1813971,3108319,0,1212,0,0,0,0,0,0,0,0,0,0,0,0,0,0,0,0,0,0,0,0,0
write,1507,4096,5989992,929784,7774,752,5040101,3654907,3,0,0,0,0,641,8606,2334,5989992,0,54095,0,149289,1776040,3257498,0,1433,0,0,0,0,0,0,0,0,0,0,0,0,0,0,0,0,0,0,0,0,0
write,1508,4096,6052209,1077892,6692,711,4957046,3491810,3,0,0,0,0,511,7163,2194,6052209,0,54095,0,140999,1841413,3109531,0,1213,0,0,0,0,0,0,0,0,0,0,0,0,0,0,0,0,0,0,0,0,0
write,1509,4096,5929950,894918,8025,792,5015384,3609930,3,0,0,0,0,521,8035,2275,5929950,0,54095,0,149869,1782082,3226881,0,1252,0,0,0,0,0,0,0,0,0,0,0,0,0,0,0,0,0,0,0,0,0
write,1510,4096,6331393,1082250,6612,702,5232001,3719306,3,0,0,0,0,541,7413,1874,6331393,0,54095,0,155186,1901806,3323953,0,1222,0,0,0,0,0,0,0,0,0,0,0,0,0,0,0,0,0,0,0,0,0
write,1511,4096,6451588,909355,7153,631,5523688,4085963,3,0,0,0,0,501,7975,2285,6451588,0,54095,0,179276,1817008,3700589,0,1323,0,0,0,0,0,0,0,0,0,0,0,0,0,0,0,0,0,0,0,0,0
write,1512,4096,6783981,1111585,6933,651,5653371,4170103,3,0,0,0,0,581,8296,2564,6783981,0,54095,0,191332,1860850,3786139,0,1493,0,0,0,0,0,0,0,0,0,0,0,0,0,0,0,0,0,0,0,0,0
write,1513,4096,4693612,984216,7354,631,3686553,2042191,2,0,0,0,0,651,11131,3076,4693612,0,54095,0,24624,2095870,1450099,0,2095,0,0,0,0,0,0,0,0,0,0,0,0,0,0,0,0,0,0,0,0,0
write,1514,4096,4559359,1315096,8806,1012,3219908,1828609,3,0,0,0,0,732,7123,6682,4559359,0,54095,1,24663,1777083,1434410,0,2253,0,0,0,0,0,0,0,0,0,0,0,0,0,0,0,0,0,0,0,0,0
write,1515,4096,4261201,1068123,6272,581,3174653,1815886,4,0,0,0,0,591,8636,2345,4261201,0,54095,1,24648,1735484,1432637,0,1281,0,0,0,0,0,0,0,0,0,0,0,0,0,0,0,0,0,0,0,0,0
write,1516,4096,4347101,1086747,6723,701,3242070,1797171,3,1,0,0,0,601,7644,2615,4347101,0,54095,1,24645,1812719,1423249,0,1333,0,0,0,0,0,0,0,0,0,0,0,0,0,0,0,0,0,0,0,0,0
write,1517,4096,4205597,890019,9418,842,3294738,1810876,4,0,0,0,0,581,7714,2285,4205597,0,54095,0,24649,1865368,1422467,0,1634,0,0,0,0,0,0,0,0,0,0,0,0,0,0,0,0,0,0,0,0,0
write,1518,4096,4221266,892664,8496,902,3307733,1824462,4,0,0,0,0,591,8706,2174,4221266,0,54095,0,24654,1855199,1445901,0,1533,0,0,0,0,0,0,0,0,0,0,0,0,0,0,0,0,0,0,0,0,0
write,1519,4096,4132489,892974,8226,851,3218967,1815375,3,0,0,0,0,601,8826,2044,4132489,0,54095,0,24669,1768697,1443167,0,1532,0,0,0,0,0,0,0,0,0,0,0,0,0,0,0,0,0,0,0,0,0
write,1520,4096,4228359,889498,9668,762,3316679,1795589,3,0,0,0,0,581,8536,2635,4228359,0,54095,0,24667,1891517,1418440,0,1602,0,0,0,0,0,0,0,0,0,0,0,0,0,0,0,0,0,0,0,0,0
write,1521,4096,4122961,892594,9998,982,3208968,1827208,4,0,0,0,0,561,7524,2334,4122961,0,54095,0,24672,1764970,1436724,0,1713,0,0,0,0,0,0,0,0,0,0,0,0,0,0,0,0,0,0,0,0,0
write,1522,4096,4215806,892013,9127,852,3303104,1814482,3,0,0,0,0,531,8055,2124,4215806,0,54095,0,24690,1857884,1438727,0,1473,0,0,0,0,0,0,0,0,0,0,0,0,0,0,0,0,0,0,0,0,0
write,1523,4096,4130356,883527,13034,832,3221321,1794395,4,0,0,0,0,611,8786,2245,4130356,0,54095,0,24663,1802981,1411286,0,1514,0,0,0,0,0,0,0,0,0,0,0,0,0,0,0,0,0,0,0,0,0
write,1524,4096,4200637,897583,8416,972,3282445,1805216,3,0,0,0,0,521,8356,2344,4200637,0,54095,0,24646,1839810,1436113,0,1494,0,0,0,0,0,0,0,0,0,0,0,0,0,0,0,0,0,0,0,0,0
write,1525,4096,4209013,896141,9207,932,3291332,1803473,3,0,0,0,0,591,8436,2374,4209013,0,54095,0,24640,1847925,1437195,0,1353,0,0,0,0,0,0,0,0,0,0,0,0,0,0,0,0,0,0,0,0,0
write,1526,4096,4137028,899166,9829,761,3216692,1831815,4,0,0,0,0,561,7714,2305,4137028,0,54095,0,24668,1760711,1449608,0,1392,0,0,0,0,0,0,0,0,0,0,0,0,0,0,0,0,0,0,0,0,0
write,1527,4096,4297979,891001,9828,842,3384316,1868904,4,0,0,0,0,711,8656,2625,4297979,0,54095,0,24664,1900814,1475778,0,1583,0,0,0,0,0,0,0,0,0,0,0,0,0,0,0,0,0,0,0,0,0
write,1528,4096,4118724,881083,10239,1012,3214958,1798062,3,0,0,0,0,531,8526,2375,4118724,0,54095,0,24716,1785208,1423248,0,1513,0,0,0,0,0,0,0,0,0,0,0,0,0,0,0,0,0,0,0,0,0
write,1529,4096,4193323,893315,8295,802,3280301,1790419,4,0,0,0,0,501,8085,2024,4193323,0,54095,0,24635,1856571,1417598,0,1313,0,0,0,0,0,0,0,0,0,0,0,0,0,0,0,0,0,0,0,0,0
write,1530,4096,4133621,887925,8766,771,3225409,1808772,4,0,0,0,0,461,8035,2254,4133621,0,54095,0,24649,1778655,1440331,0,1312,0,0,0,0,0,0,0,0,0,0,0,0,0,0,0,0,0,0,0,0,0
write,1531,4096,4116579,892514,8826,641,3201824,1822638,4,0,0,0,0,812,9237,2725,4116579,0,54095,0,24661,1767704,1426915,0,1402,0,0,0,0,0,0,0,0,0,0,0,0,0,0,0,0,0,0,0,0,0
write,1532,4096,4179307,886752,8987,962,3271124,1795297,3,0,0,0,0,922,8285,2275,4179307,0,54095,0,24651,1844048,1420364,0,1474,0,0,0,0,0,0,0,0,0,0,0,0,0,0,0,0,0,0,0,0,0
write,1533,4096,4178906,884779,9267,832,3264351,1873112,4,0,0,0,0,601,8025,11051,4178906,0,54095,0,24658,1779977,1477330,0,1514,0,0,0,0,0,0,0,0,0,0,0,0,0,0,0,0,0,0,0,0,0
write,1534,4096,4336402,881663,9668,812,3434110,1842644,4,1,0,0,0,731,7594,1824,4336402,0,54095,0,24659,1971727,1454779,0,1965,0,0,0,0,0,0,0,0,0,0,0,0,0,0,0,0,0,0,0,0,0
write,1535,4096,4165271,898405,6803,701,3248301,1844180,4,0,0,0,0,621,8366,2074,4165271,0,54095,2,24659,1806337,1433889,0,2105,0,0,0,0,0,0,0,0,0,0,0,0,0,0,0,0,0,0,0,0,0
write,1536,4096,4365657,1053366,8516,831,3294167,1814504,3,0,0,0,0,441,6542,1794,4365657,0,54095,2,24678,1859176,1428800,0,1443,0,0,0,0,0,0,0,0,0,0,0,0,0,0,0,0,0,0,0,0,0
write,1537,4096,5550848,919193,7073,662,4614002,3169174,4,1,0,0,0,641,6763,2514,5550848,0,54095,2,113047,1820384,2786596,0,1662,0,0,0,0,0,0,0,0,0,0,0,0,0,0,0,0,0,0,0,0,0
write,1538,4096,5772985,892283,9688,982,4857378,3477542,3,0,0,0,0,591,10059,2004,5772985,0,54095,0,138381,1756894,3093741,0,1544,0,0,0,0,0,0,0,0,0,0,0,0,0,0,0,0,0,0,0,0,0
write,1539,4096,5857053,898976,8686,741,4936627,3451492,4,0,0,0,0,582,9117,2324,5857053,0,54095,0,133128,1870568,3059437,0,1522,0,0,0,0,0,0,0,0,0,0,0,0,0,0,0,0,0,0,0,0,0
write,1540,4096,5790187,880972,9217,842,4886152,3479165,3,0,0,0,0,631,10129,2244,5790187,0,54095,0,134593,1788975,3090546,0,1433,0,0,0,0,0,0,0,0,0,0,0,0,0,0,0,0,0,0,0,0,0
write,1541,4096,6089620,886423,9017,851,5179944,3582799,4,0,0,0,0,771,9308,3306,6089620,0,54095,0,139078,1992837,3179842,0,1642,0,0,0,0,0,0,0,0,0,0,0,0,0,0,0,0,0,0,0,0,0
write,1542,4096,5698365,894757,9368,761,4782088,3372634,4,0,0,0,0,641,8356,2394,5698365,0,54095,0,130005,1800787,2974507,0,1483,0,0,0,0,0,0,0,0,0,0,0,0,0,0,0,0,0,0,0,0,0
write,1543,4096,5871841,893796,9328,861,4955553,3462153,4,0,0,0,0,611,9348,2344,5871841,0,54095,0,135368,1881348,3067201,0,1484,0,0,0,0,0,0,0,0,0,0,0,0,0,0,0,0,0,0,0,0,0
write,1544,4096,5768567,891802,9087,862,4854954,3404815,3,0,0,0,0,581,8967,2314,5768567,0,54095,0,133211,1815024,3033058,0,1492,0,0,0,0,0,0,0,0,0,0,0,0,0,0,0,0,0,0,0,0,0
write,1545,4096,5807480,897373,8696,852,4888767,3531554,4,0,0,0,0,601,9197,1994,5807480,0,54095,0,140329,1741776,3139978,0,1442,0,0,0,0,0,0,0,0,0,0,0,0,0,0,0,0,0,0,0,0,0
write,1546,4096,5986936,879990,9307,772,5083783,3600001,3,0,0,0,0,571,10189,2324,5986936,0,54095,0,147001,1885245,3192116,0,1442,0,0,0,0,0,0,0,0,0,0,0,0,0,0,0,0,0,0,0,0,0
write,1547,4096,5799706,885551,9668,751,4888688,3495616,4,0,0,0,0,641,10800,3607,5799706,0,54095,0,138789,1792100,3089934,0,1412,0,0,0,0,0,0,0,0,0,0,0,0,0,0,0,0,0,0,0,0,0
write,1548,4096,5959595,898364,9328,781,5039671,3521064,3,0,0,0,0,641,8486,2324,5959595,0,54095,0,141635,1899262,3133586,0,1592,0,0,0,0,0,0,0,0,0,0,0,0,0,0,0,0,0,0,0,0,0
write,1549,4096,5852875,885150,8856,762,4946756,3493873,4,0,0,0,0,611,8546,2194,5852875,0,54095,0,139147,1844639,3095695,0,1363,0,0,0,0,0,0,0,0,0,0,0,0,0,0,0,0,0,0,0,0,0
write,1550,4096,6427312,896331,8997,901,5509572,4017995,4,0,0,0,0,631,8266,2614,6427312,0,54095,0,177953,1885085,3617794,0,1563,0,0,0,0,0,0,0,0,0,0,0,0,0,0,0,0,0,0,0,0,0
write,1551,4096,6281408,893084,9187,782,5367014,3847898,3,0,0,0,0,561,8326,2454,6281408,0,54095,0,167334,1892569,3467923,0,1462,0,0,0,0,0,0,0,0,0,0,0,0,0,0,0,0,0,0,0,0,0
write,1552,4096,33745389,985328,8015,752,32736697,4408418,4,2,0,0,0,761,9899,3937,33745389,0,54095,0,211434,28670352,4058400,0,2235,0,0,0,0,0,0,0,0,0,0,0,0,0,0,0,0,0,0,0,0,0
write,1553,4096,6236916,907512,7795,831,5310989,3727632,4,0,0,0,0,431,7184,2174,6236916,0,54095,1,157080,1966758,3336647,0,2113,0,0,0,0,0,0,0,0,0,0,0,0,0,0,0,0,0,0,0,0,0
write,1554,4096,5972690,896010,7304,661,5056802,3417299,3,0,0,0,0,491,9147,2275,5972690,0,54095,1,132408,1997996,3053236,0,1342,0,0,0,0,0,0,0,0,0,0,0,0,0,0,0,0,0,0,0,0,0
write,1555,4096,6075873,1027506,7084,751,5031104,3638733,4,0,0,0,0,391,7194,1843,6075873,0,54095,1,150999,1757846,3267407,0,1333,0,0,0,0,0,0,0,0,0,0,0,0,0,0,0,0,0,0,0,0,0
write,1556,4096,5750523,891301,6683,571,4840988,3497830,3,0,0,0,0,390,8346,2244,5750523,0,54095,1,139013,1701491,3134257,0,1052,0,0,0,0,0,0,0,0,0,0,0,0,0,0,0,0,0,0,0,0,0
write,1557,4096,6184948,1062673,7043,581,5102148,3661599,3,1,0,0,0,631,9578,2294,6184948,0,54095,1,151526,1792391,3303144,0,1763,0,0,0,0,0,0,0,0,0,0,0,0,0,0,0,0,0,0,0,0,0
write,1558,4096,5975766,904316,7083,711,5053196,3674251,4,0,0,0,0,581,8095,1784,5975766,0,54095,0,151548,1771662,3275011,0,1614,0,0,0,0,0,0,0,0,0,0,0,0,0,0,0,0,0,0,0,0,0
write,1559,4096,6017394,897674,6883,621,5101676,3577591,4,0,0,0,0,571,8086,1883,6017394,0,54095,0,144826,1906565,3188880,0,1232,0,0,0,0,0,0,0,0,0,0,0,0,0,0,0,0,0,0,0,0,0
write,1560,4096,5980184,884078,6993,711,5077061,3700670,3,0,0,0,0,681,8516,2144,5980184,0,54095,0,151776,1751625,3318493,0,1503,0,0,0,0,0,0,0,0,0,0,0,0,0,0,0,0,0,0,0,0,0
write,1561,4096,6290405,900238,7764,792,5371623,3876731,4,0,0,0,0,561,7634,1793,6290405,0,54095,0,168226,1882680,3482601,0,1292,0,0,0,0,0,0,0,0,0,0,0,0,0,0,0,0,0,0,0,0,0
write,1562,4096,7297404,897313,8025,871,6365567,4917994,4,0,0,0,0,2144,13816,9668,7297404,0,54095,1,180832,1821986,4531337,0,3715,0,0,0,0,0,0,0,0,0,0,0,0,0,0,0,0,0,0,0,0,0
write,1563,4096,6615065,1418981,12674,1993,5164314,3757608,4,0,0,0,0,1403,11512,4188,6615065,0,54095,1,144432,1840742,3307552,0,5561,0,0,0,0,0,0,0,0,0,0,0,0,0,0,0,0,0,0,0,0,0
write,1564,4096,7347718,1381160,8596,792,5943935,3648053,3,2,0,0,0,511,9989,2735,7347718,0,54095,1,144732,1950478,3986195,0,1814,0,0,0,0,0,0,0,0,0,0,0,0,0,0,0,0,0,0,0,0,0
write,1565,4096,6297289,1302002,9037,1002,4974798,3608129,4,0,0,0,0,772,7834,1844,6297289,0,54095,0,142236,1754209,3211973,0,2315,0,0,0,0,0,0,0,0,0,0,0,0,0,0,0,0,0,0,0,0,0
write,1566,4096,5787142,900639,6802,752,4868098,3367946,4,0,0,0,0,531,8045,2275,5787142,0,54095,1,130795,1869104,2992802,0,1383,0,0,0,0,0,0,0,0,0,0,0,0,0,0,0,0,0,0,0,0,0
write,1567,4096,5886137,943309,6602,721,4926098,3551933,4,0,0,0,0,381,7133,1893,5886137,0,54095,1,144865,1736616,3183760,0,1363,0,0,0,0,0,0,0,0,0,0,0,0,0,0,0,0,0,0,0,0,0
write,1568,4096,6048552,888817,7183,672,5142242,3662588,4,0,0,0,0,652,7183,1803,6048552,0,54095,1,149555,1853606,3281684,0,1514,0,0,0,0,0,0,0,0,0,0,0,0,0,0,0,0,0,0,0,0,0
write,1569,4096,6051839,1061661,8306,711,4971593,3517679,4,0,0,0,0,440,7344,1784,6051839,0,54095,1,141582,1833659,3131913,0,1342,0,0,0,0,0,0,0,0,0,0,0,0,0,0,0,0,0,0,0,0,0
write,1570,4096,6091373,1070958,7274,581,5001248,3619118,3,1,0,0,0,732,8706,1874,6091373,0,54095,1,148699,1730154,3264731,0,1434,0,0,0,0,0,0,0,0,0,0,0,0,0,0,0,0,0,0,0,0,0
write,1571,4096,6059963,897944,7995,671,5140098,3629747,4,0,0,0,0,441,7564,5250,6059963,0,54095,3,147253,1895805,3238122,0,1462,0,0,0,0,0,0,0,0,0,0,0,0,0,0,0,0,0,0,0,0,0
write,1572,4096,5870959,901471,12443,1382,4945484,3554276,3,0,0,0,0,671,7715,1793,5870959,0,54095,9,142759,1766112,3171187,0,2162,0,0,0,0,0,0,0,0,0,0,0,0,0,0,0,0,0,0,0,0,0
write,1573,4096,6117532,904727,7033,581,5193909,3604252,3,0,0,0,0,501,8516,2265,6117532,0,54095,9,147292,1968151,3219838,0,1232,0,0,0,0,0,0,0,0,0,0,0,0,0,0,0,0,0,0,0,0,0
write,1574,4096,6617589,1118468,8095,641,5479044,4061017,3,0,0,0,0,441,8696,2204,6617589,0,54095,9,185151,1785177,3688327,0,1112,0,0,0,0,0,0,0,0,0,0,0,0,0,0,0,0,0,0,0,0,0
write,1575,4096,6494208,1027477,6783,751,5448617,3970758,3,0,0,0,0,491,7574,2515,6494208,0,54095,9,177351,1852404,3590132,0,1353,0,0,0,0,0,0,0,0,0,0,0,0,0,0,0,0,0,0,0,0,0
write,1576,4096,6463981,893846,6913,561,5551360,4066968,3,0,0,0,0,440,8476,2385,6463981,0,54095,9,187896,1841313,3704627,0,1172,0,0,0,0,0,0,0,0,0,0,0,0,0,0,0,0,0,0,0,0,0
write,1577,4096,6884620,1018651,6873,611,5849188,4450136,3,0,0,0,0,451,6863,1983,6884620,0,54095,9,218723,1778205,4065483,0,1101,0,0,0,0,0,0,0,0,0,0,0,0,0,0,0,0,0,0,0,0,0
write,1578,4096,5721068,885541,7404,591,4817784,3341577,3,0,0,0,0,411,6973,2364,5721068,0,54095,9,124073,1849809,2962365,0,1202,0,0,0,0,0,0,0,0,0,0,0,0,0,0,0,0,0,0,0,0,0
write,1579,4096,6108174,900599,7243,581,5190293,3799035,3,0,0,0,0,471,7234,1753,6108174,0,54095,9,161309,1766142,3418200,0,1262,0,0,0,0,0,0,0,0,0,0,0,0,0,0,0,0,0,0,0,0,0
write,1580,4096,6093136,885952,7494,681,5188449,3583730,3,0,0,0,0,391,7955,2214,6093136,0,54095,9,143683,1970245,3212134,0,1403,0,0,0,0,0,0,0,0,0,0,0,0,0,0,0,0,0,0,0,0,0
write,1581,4096,6445476,1069024,7144,601,5360211,3895437,3,0,0,0,0,441,6192,1863,6445476,0,54095,9,168531,1828148,3526383,0,1212,0,0,0,0,0,0,0,0,0,0,0,0,0,0,0,0,0,0,0,0,0
write,1582,4096,6261211,883947,7013,592,5360632,3876239,3,0,0,0,0,751,6282,1994,6261211,0,54095,9,165217,1854618,3499983,0,1192,0,0,0,0,0,0,0,0,0,0,0,0,0,0,0,0,0,0,0,0,0
write,1583,4096,6447330,1091427,7113,631,5337810,3889715,3,1,0,0,0,601,7945,1803,6447330,0,54095,9,164390,1806698,3524378,0,1764,0,0,0,0,0,0,0,0,0,0,0,0,0,0,0,0,0,0,0,0,0
write,1584,4096,6228590,893005,7133,671,5317832,3939307,3,0,0,0,0,421,7264,2264,6228590,0,54095,3,173708,1754901,3556540,0,1704,0,0,0,0,0,0,0,0,0,0,0,0,0,0,0,0,0,0,0,0,0
write,1585,4096,6459262,997841,7013,651,5444319,3850311,4,0,0,0,0,451,7184,1803,6459262,0,54095,3,165218,1970535,3467723,0,1373,0,0,0,0,0,0,0,0,0,0,0,0,0,0,0,0,0,0,0,0,0
write,1586,4096,6464862,1108759,7113,611,5338180,3929942,3,0,0,0,0,421,7354,2424,6464862,0,54095,3,173778,1775490,3556649,0,1221,0,0,0,0,0,0,0,0,0,0,0,0,0,0,0,0,0,0,0,0,0
write,1587,4096,6298200,1026184,6563,611,5254763,3825825,3,0,0,0,0,592,7554,1933,6298200,0,54095,3,161023,1796409,3452073,0,1523,0,0,0,0,0,0,0,0,0,0,0,0,0,0,0,0,0,0,0,0,0
write,1588,4096,5997867,881573,7634,702,5095314,3634646,4,0,0,0,0,431,7845,4368,5997867,0,54095,3,145379,1834771,3249403,0,6302,0,0,0,0,0,0,0,0,0,0,0,0,0,0,0,0,0,0,0,0,0
write,1589,4096,6230072,885450,7494,6462,5321329,3843048,3,0,0,0,0,441,7053,1843,6230072,0,54095,3,163954,1836665,3478383,0,1363,0,0,0,0,0,0,0,0,0,0,0,0,0,0,0,0,0,0,0,0,0
write,1590,4096,5811798,887454,8416,711,4902644,3442197,4,0,0,0,0,481,9898,2194,5811798,0,54095,3,132236,1835923,3060669,0,1373,0,0,0,0,0,0,0,0,0,0,0,0,0,0,0,0,0,0,0,0,0
write,1591,4096,5916415,956925,8285,762,4938530,3561629,3,0,0,0,0,561,9047,2305,5916415,0,54095,9,144878,1743629,3187698,0,1943,0,0,0,0,0,0,0,0,0,0,0,0,0,0,0,0,0,0,0,0,0
write,1592,4096,6179367,960230,6883,631,5194471,3615891,3,0,0,0,0,1773,10290,5089,6179367,0,54095,9,145339,1938275,3247079,0,2164,0,0,0,0,0,0,0,0,0,0,0,0,0,0,0,0,0,0,0,0,0
write,1593,4096,6149391,1089373,8546,1052,5039790,3627143,4,1,0,0,0,611,8065,1954,6149391,0,54095,9,144310,1826705,3204309,0,2454,0,0,0,0,0,0,0,0,0,0,0,0,0,0,0,0,0,0,0,0,0
write,1594,4096,5977849,891762,7194,661,5067422,3592478,3,0,0,0,0,561,8075,2174,5977849,0,54095,3,143364,1858996,3201904,0,1692,0,0,0,0,0,0,0,0,0,0,0,0,0,0,0,0,0,0,0,0,0
write,1595,4096,5894193,897323,9047,861,4976733,3530471,3,0,0,0,0,360,7394,2475,5894193,0,54095,9,140782,1836384,3134458,0,1252,0,0,0,0,0,0,0,0,0,0,0,0,0,0,0,0,0,0,0,0,0
write,1596,4096,6044795,957796,7013,692,5067452,3578794,3,0,0,0,0,511,9057,2274,6044795,0,54095,3,145150,1860118,3201483,0,1323,0,0,0,0,0,0,0,0,0,0,0,0,0,0,0,0,0,0,0,0,0
write,1597,4096,6193855,974277,7364,611,5200162,3706401,3,0,0,0,0,531,8636,2274,6193855,0,54095,3,157510,1861160,3333080,0,1323,0,0,0,0,0,0,0,0,0,0,0,0,0,0,0,0,0,0,0,0,0
write,1598,4096,6580089,1105323,6452,541,5458305,4062430,4,0,0,0,0,441,6973,2054,6580089,0,54095,3,186761,1766983,3685931,0,1111,0,0,0,0,0,0,0,0,0,0,0,0,0,0,0,0,0,0,0,0,0
write,1599,4096,6817645,888126,7544,661,5909812,4351480,3,0,0,0,0,511,8697,2294,6817645,0,54095,3,211534,1923707,3980334,0,1242,0,0,0,0,0,0,0,0,0,0,0,0,0,0,0,0,0,0,0,0,0
write,1600,4096,6777389,1033828,8106,641,5723623,4309092,3,0,0,0,0,551,8335,2305,6777389,0,54095,3,205159,1788834,3928586,0,1252,0,0,0,0,0,0,0,0,0,0,0,0,0,0,0,0,0,0,0,0,0
write,1601,4096,7134027,1066640,7183,712,6048291,4536250,4,0,0,0,0,662,8255,2284,7134027,0,54095,3,227515,1887609,4154630,0,1274,0,0,0,0,0,0,0,0,0,0,0,0,0,0,0,0,0,0,0,0,0
write,1602,4096,6097003,1055229,7264,581,5023219,3587346,3,0,0,0,0,481,7985,2244,6097003,0,54095,3,147023,1802099,3215509,0,1132,0,0,0,0,0,0,0,0,0,0,0,0,0,0,0,0,0,0,0,0,0
write,1603,4096,5964995,1061090,7003,691,4880512,3504253,3,0,0,0,0,431,12974,2294,5964995,0,54095,3,139807,1740203,3134608,0,1112,0,0,0,0,0,0,0,0,0,0,0,0,0,0,0,0,0,0,0,0,0
write,1604,4096,6193574,1045360,7284,581,5130861,3567229,4,0,0,0,0,441,7263,1784,6193574,0,54095,3,142840,1942302,3183239,0,1113,0,0,0,0,0,0,0,0,0,0,0,0,0,0,0,0,0,0,0,0,0
write,1605,4096,6038013,884188,6533,611,5136191,3743190,3,0,0,0,0,471,8125,1894,6038013,0,54095,3,155172,1781951,3348639,0,1132,0,0,0,0,0,0,0,0,0,0,0,0,0,0,0,0,0,0,0,0,0
write,1606,4096,6393458,911539,7083,621,5459398,3858427,4,0,0,0,0,420,9118,5279,6393458,0,54095,3,162436,1974613,3479194,0,1262,0,0,0,0,0,0,0,0,0,0,0,0,0,0,0,0,0,0,0,0,0
write,1607,4096,6156675,908263,7895,982,5228765,3811930,3,0,0,0,0,922,7965,1883,6156675,0,54095,9,159901,1794435,3425093,0,2506,0,0,0,0,0,0,0,0,0,0,0,0,0,0,0,0,0,0,0,0,0
write,1608,4096,6452680,900438,6703,621,5536081,4067760,3,0,0,0,0,451,6472,1914,6452680,0,54095,9,181064,1842024,3688246,0,1242,0,0,0,0,0,0,0,0,0,0,0,0,0,0,0,0,0,0,0,0,0
write,1609,4096,6624933,892253,7774,692,5707923,4271362,3,0,0,0,0,631,12534,3126,6624933,0,54095,9,190414,1813230,3887519,0,1522,0,0,0,0,0,0,0,0,0,0,0,0,0,0,0,0,0,0,0,0,0
write,1610,4096,6947989,1309496,8866,972,5616101,4244321,3,1,0,0,0,732,9507,2315,6947989,0,54095,9,191828,1754310,3852795,0,2194,0,0,0,0,0,0,0,0,0,0,0,0,0,0,0,0,0,0,0,0,0
write,1611,4096,6428885,899457,9447,872,5507868,4022663,3,0,0,0,0,642,8375,2224,6428885,0,54095,0,176570,1866530,3633915,0,1873,0,0,0,0,0,0,0,0,0,0,0,0,0,0,0,0,0,0,0,0,0
write,1612,4096,5949918,909786,10941,751,5015726,3631370,4,0,0,0,0,571,10029,2114,5949918,0,54095,0,146106,1766152,3243072,0,1512,0,0,0,0,0,0,0,0,0,0,0,0,0,0,0,0,0,0,0,0,0
write,1613,4096,5953154,890049,8997,812,5040692,3453336,3,0,0,0,0,541,10089,1974,5953154,0,54095,0,136079,1965445,3068443,0,1604,0,0,0,0,0,0,0,0,0,0,0,0,0,0,0,0,0,0,0,0,0
write,1614,4096,5856742,887494,8546,781,4946917,3546572,3,0,0,0,0,641,10059,2304,5856742,0,54095,0,142673,1786209,3153984,0,1452,0,0,0,0,0,0,0,0,0,0,0,0,0,0,0,0,0,0,0,0,0
write,1615,4096,6008407,897964,9387,862,5088702,3601476,3,0,0,0,0,571,8707,2214,6008407,0,54095,0,147913,1857443,3224417,0,1482,0,0,0,0,0,0,0,0,0,0,0,0,0,0,0,0,0,0,0,0,0
write,1616,4096,5960577,899056,9598,831,5039360,3593741,4,0,0,0,0,571,8786,2375,5960577,0,54095,0,145537,1831835,3201063,0,1292,0,0,0,0,0,0,0,0,0,0,0,0,0,0,0,0,0,0,0,0,0
write,1617,4096,6186461,1068063,7214,711,5100364,3727882,4,0,0,0,0,501,7785,1823,6186461,0,54095,0,156008,1756343,3337979,0,1212,0,0,0,0,0,0,0,0,0,0,0,0,0,0,0,0,0,0,0,0,0
write,1618,4096,6032592,888646,6683,621,5126483,3642131,4,0,0,0,0,531,7694,1934,6032592,0,54095,0,146738,1873243,3247340,0,1193,0,0,0,0,0,0,0,0,0,0,0,0,0,0,0,0,0,0,0,0,0
write,1619,4096,5780409,884909,6883,661,4875843,3478614,3,0,0,0,0,601,9218,2294,5780409,0,54095,0,135322,1775639,3094262,0,1191,0,0,0,0,0,0,0,0,0,0,0,0,0,0,0,0,0,0,0,0,0
write,1620,4096,6225934,1066199,6682,692,5140689,3621183,4,0,0,0,0,511,8927,2234,6225934,0,54095,0,144397,1903679,3230838,0,1282,0,0,0,0,0,0,0,0,0,0,0,0,0,0,0,0,0,0,0,0,0
write,1621,4096,6142548,1034540,11512,991,5084054,3665725,3,0,0,0,0,711,8877,1863,6142548,0,54095,1,147726,1800106,3275012,0,2063,0,0,0,0,0,0,0,0,0,0,0,0,0,0,0,0,0,0,0,0,0
write,1622,4096,6382589,889849,7173,632,5471700,3975776,4,2,0,0,0,441,10640,2154,6382589,0,54095,1,173670,1869426,3596254,0,1333,0,0,0,0,0,0,0,0,0,0,0,0,0,0,0,0,0,0,0,0,0
write,1623,4096,6739437,891862,7304,641,5828159,4338036,3,1,0,0,0,651,8506,2314,6739437,0,54095,1,204036,1856882,3964625,0,1723,0,0,0,0,0,0,0,0,0,0,0,0,0,0,0,0,0,0,0,0,0
write,1624,4096,6546045,899066,8827,892,5624727,4243849,4,0,0,0,0,591,9979,1963,6546045,0,54095,0,200150,1765180,3851813,0,2174,0,0,0,0,0,0,0,0,0,0,0,0,0,0,0,0,0,0,0,0,0
write,1625,4096,6859263,885381,9016,772,5952833,4476115,4,0,0,0,0,571,8385,2305,6859263,0,54095,0,219209,1865588,4080722,0,1432,0,0,0,0,0,0,0,0,0,0,0,0,0,0,0,0,0,0,0,0,0
write,1626,4096,6569218,892663,9458,842,5654032,4291188,4,0,0,0,0,711,8967,2545,6569218,0,54095,0,201630,1749401,3897779,0,1484,0,0,0,0,0,0,0,0,0,0,0,0,0,0,0,0,0,0,0,0,0
write,1627,4096,6052099,888246,9457,862,5142153,3638904,3,0,0,0,0,521,8746,2114,6052099,0,54095,0,147749,1870407,3264982,0,1504,0,0,0,0,0,0,0,0,0,0,0,0,0,0,0,0,0,0,0,0,0
write,1628,4096,6131908,896741,9117,882,5213556,3793504,4,0,0,0,0,511,8787,2314,6131908,0,54095,0,158381,1804413,3402540,0,1423,0,0,0,0,0,0,0,0,0,0,0,0,0,0,0,0,0,0,0,0,0
write,1629,4096,6113614,893225,9027,862,5198508,3714507,4,0,0,0,0,561,9588,1843,6113614,0,54095,0,153047,1858314,3333551,0,1493,0,0,0,0,0,0,0,0,0,0,0,0,0,0,0,0,0,0,0,0,0
write,1630,4096,6423515,897844,8896,882,5504793,4080134,4,0,0,0,0,561,8455,2084,6423515,0,54095,0,180793,1807219,3691011,0,1444,0,0,0,0,0,0,0,0,0,0,0,0,0,0,0,0,0,0,0,0,0
write,1631,4096,6314311,881543,8586,822,5411007,4019899,3,0,0,0,0,541,9738,2074,6314311,0,54095,0,177066,1768987,3635377,0,1434,0,0,0,0,0,0,0,0,0,0,0,0,0,0,0,0,0,0,0,0,0
write,1632,4096,6520366,900378,8987,841,5596885,4095983,4,0,0,0,0,582,10209,2484,6520366,0,54095,0,183144,1882060,3707873,0,1542,0,0,0,0,0,0,0,0,0,0,0,0,0,0,0,0,0,0,0,0,0
write,1633,4096,6681159,884809,9057,862,5775460,4362792,4,0,0,0,0,551,8175,2245,6681159,0,54095,0,204000,1808481,3960257,0,1464,0,0,0,0,0,0,0,0,0,0,0,0,0,0,0,0,0,0,0,0,0
write,1634,4096,7952182,897062,8856,862,7034371,4690178,3,0,0,0,0,521,8366,2144,7952182,0,54095,0,218410,2713829,4313919,0,1423,0,0,0,0,0,0,0,0,0,0,0,0,0,0,0,0,0,0,0,0,0
write,1635,4096,6660650,898816,9227,812,5737458,4323437,4,0,0,0,0,572,11421,2344,6660650,0,54095,0,201864,1785468,3945238,0,1462,0,0,0,0,0,0,0,0,0,0,0,0,0,0,0,0,0,0,0,0,0
write,1636,4096,6462318,894417,9087,972,5544227,4025019,4,1,0,0,0,721,10229,2665,6462318,0,54095,0,175185,1890515,3646668,0,1502,0,0,0,0,0,0,0,0,0,0,0,0,0,0,0,0,0,0,0,0,0
write,1637,4096,6033444,1016707,8476,721,4994125,3534919,3,0,0,0,0,551,10199,2665,6033444,0,54095,1,132062,1845090,3142563,0,1482,0,0,0,0,0,0,0,0,0,0,0,0,0,0,0,0,0,0,0,0,0
write,1638,4096,6469582,1397661,7274,681,5049639,3682898,4,0,0,0,0,501,11231,2595,6469582,0,54095,1,151411,1752636,3290951,0,1202,0,0,0,0,0,0,0,0,0,0,0,0,0,0,0,0,0,0,0,0,0
write,1639,4096,4827823,1208947,10590,861,3593238,2024456,2,1,0,0,0,712,10680,2795,4827823,0,54095,0,24642,1998849,1448196,0,2283,0,0,0,0,0,0,0,0,0,0,0,0,0,0,0,0,0,0,0,0,0
write,1640,4096,4645461,1368546,8286,711,3255505,1811908,3,0,0,0,0,441,8946,3026,4645461,0,54095,3,24622,1819231,1430021,0,1604,0,0,0,0,0,0,0,0,0,0,0,0,0,0,0,0,0,0,0,0,0
write,1641,4096,4601268,1353278,7423,582,3224095,1844020,4,1,0,0,0,572,9087,6231,4601268,0,54095,3,24613,1759579,1458215,0,1433,0,0,0,0,0,0,0,0,0,0,0,0,0,0,0,0,0,0,0,0,0
write,1642,4096,4666841,1354700,7484,732,3292514,1808131,3,0,0,0,0,541,8105,2765,4666841,0,54095,1,24683,1862092,1424301,0,1392,0,0,0,0,0,0,0,0,0,0,0,0,0,0,0,0,0,0,0,0,0
write,1643,4096,4582784,1362355,7093,662,3200611,1832778,4,0,0,0,0,501,8656,2906,4582784,0,54095,1,24620,1760010,1434520,0,1253,0,0,0,0,0,0,0,0,0,0,0,0,0,0,0,0,0,0,0,0,0
write,1644,4096,4725010,1350663,7383,722,3354360,1854038,4,0,0,0,0,541,8526,2815,4725010,0,54095,1,24606,1890274,1458104,0,1282,0,0,0,0,0,0,0,0,0,0,0,0,0,0,0,0,0,0,0,0,0
write,1645,4096,4584687,1353308,7884,672,3211482,1807038,4,0,0,0,0,591,8065,2685,4584687,0,54095,1,24624,1777322,1428108,0,1242,0,0,0,0,0,0,0,0,0,0,0,0,0,0,0,0,0,0,0,0,0
write,1646,4096,4710393,1356614,8516,831,3330416,1867703,3,0,0,0,0,511,10790,2715,4710393,0,54095,1,24622,1910302,1413741,0,1302,0,0,0,0,0,0,0,0,0,0,0,0,0,0,0,0,0,0,0,0,0
write,1647,4096,4647154,1359669,7274,621,3268439,1843456,4,0,0,0,0,581,7925,2645,4647154,0,54095,1,24630,1816226,1446382,0,1212,0,0,0,0,0,0,0,0,0,0,0,0,0,0,0,0,0,0,0,0,0
write,1648,4096,4571082,1354350,7934,732,3194330,1811969,3,0,0,0,0,541,10520,2675,4571082,0,54095,1,24619,1752516,1435853,0,1252,0,0,0,0,0,0,0,0,0,0,0,0,0,0,0,0,0,0,0,0,0
write,1649,4096,4689113,1359740,6953,662,3310167,1833027,4,0,0,0,0,501,8275,2815,4689113,0,54095,1,24655,1862713,1441312,0,1283,0,0,0,0,0,0,0,0,0,0,0,0,0,0,0,0,0,0,0,0,0
write,1650,4096,21229109,1376462,7864,682,19826257,1830664,4,0,0,0,0,862,11672,5310,21229109,0,54095,1,24605,18382660,1435972,0,1642,0,0,0,0,0,0,0,0,0,0,0,0,0,0,0,0,0,0,0,0,0
write,1651,4096,4404359,1046352,12023,1563,3332859,1907207,3,1,0,0,0,762,8486,2314,4404359,0,54095,2,24643,1870418,1451652,0,2916,0,0,0,0,0,0,0,0,0,0,0,0,0,0,0,0,0,0,0,0,0
write,1652,4096,4143760,880721,9328,861,3242461,1831555,4,0,0,0,0,511,7594,2284,4143760,0,54095,0,24632,1789746,1446382,0,1492,0,0,0,0,0,0,0,0,0,0,0,0,0,0,0,0,0,0,0,0,0
write,1653,4096,4136106,902903,8295,842,3213927,1799866,4,0,0,0,0,501,7684,1954,4136106,0,54095,0,24661,1785939,1421415,0,1422,0,0,0,0,0,0,0,0,0,0,0,0,0,0,0,0,0,0,0,0,0
write,1654,4096,4196709,891351,7344,651,3287485,1795458,3,0,0,0,0,401,7333,2144,4196709,0,54095,0,24646,1847414,1434981,0,1043,0,0,0,0,0,0,0,0,0,0,0,0,0,0,0,0,0,0,0,0,0
write,1655,4096,4135004,903945,6472,511,3214608,1785369,4,0,0,0,0,361,6913,2194,4135004,0,54095,0,24621,1791880,1417789,0,942,0,0,0,0,0,0,0,0,0,0,0,0,0,0,0,0,0,0,0,0,0
write,1656,4096,4052369,898054,7163,621,3136181,1798802,4,0,0,0,0,561,7675,2114,4052369,0,54095,0,24647,1699146,1430783,0,1293,0,0,0,0,0,0,0,0,0,0,0,0,0,0,0,0,0,0,0,0,0
write,1657,4096,4176342,902383,9067,891,3253641,1813231,4,0,0,0,0,491,7544,2325,4176342,0,54095,0,24629,1810965,1436273,0,1363,0,0,0,0,0,0,0,0,0,0,0,0,0,0,0,0,0,0,0,0,0
write,1658,4096,4062247,889357,9779,831,3150227,1783485,3,0,0,0,0,551,9498,2004,4062247,0,54095,0,24646,1727560,1416496,0,1173,0,0,0,0,0,0,0,0,0,0,0,0,0,0,0,0,0,0,0,0,0
write,1659,4096,4306586,907151,9257,742,3376612,1805115,4,0,0,0,0,851,9338,2635,4306586,0,54095,0,24634,1945258,1423249,0,1593,0,0,0,0,0,0,0,0,0,0,0,0,0,0,0,0,0,0,0,0,0
write,1660,4096,4096081,894527,8787,851,3180104,1804796,4,0,0,0,0,521,9327,1964,4096081,0,54095,0,24632,1754149,1419151,0,1574,0,0,0,0,0,0,0,0,0,0,0,0,0,0,0,0,0,0,0,0,0
write,1661,4096,4209603,907141,8415,742,3282896,1792682,4,0,0,0,0,561,7494,2354,4209603,0,54095,0,24673,1856812,1419542,0,1393,0,0,0,0,0,0,0,0,0,0,0,0,0,0,0,0,0,0,0,0,0
write,1662,4096,4518674,894668,8676,812,3586926,2140996,3,0,0,0,0,1002,18755,7835,4518674,0,54095,0,24672,1825543,1753608,0,1934,0,0,0,0,0,0,0,0,0,0,0,0,0,0,0,0,0,0,0,0,0
write,1663,4096,5656527,1442345,10650,1212,4189626,2780854,4,0,0,0,0,611,8546,3537,5656527,0,54095,0,83072,1874094,2304681,0,2925,0,0,0,0,0,0,0,0,0,0,0,0,0,0,0,0,0,0,0,0,0
write,1664,4096,6624522,1404594,6933,721,5200181,3727563,3,0,0,0,0,692,9067,2334,6624522,0,54095,0,157697,1841403,3351825,0,1643,0,0,0,0,0,0,0,0,0,0,0,0,0,0,0,0,0,0,0,0,0
write,1665,4096,6298952,897152,9188,901,5379879,4001024,4,0,0,0,0,621,8806,2405,6298952,0,54095,1,185361,1770871,3602024,0,1733,0,0,0,0,0,0,0,0,0,0,0,0,0,0,0,0,0,0,0,0,0
write,1666,4096,6971302,912591,8837,841,6036309,4460125,3,0,0,0,0,551,9708,2465,6971302,0,54095,1,219301,1961468,4067989,0,1523,0,0,0,0,0,0,0,0,0,0,0,0,0,0,0,0,0,0,0,0,0
write,1667,4096,5668099,896140,9238,881,4750368,3354402,3,0,0,0,0,591,8646,2235,5668099,0,54095,1,130843,1772824,2970721,0,1452,0,0,0,0,0,0,0,0,0,0,0,0,0,0,0,0,0,0,0,0,0
write,1668,4096,5984241,911208,9057,842,5050110,3546943,4,0,0,0,0,611,9979,2434,5984241,0,54095,1,147027,1888201,3155276,0,1403,0,0,0,0,0,0,0,0,0,0,0,0,0,0,0,0,0,0,0,0,0
write,1669,4096,5987578,895349,8977,841,5070308,3626853,4,0,0,0,0,561,8917,2625,5987578,0,54095,1,150336,1827267,3236469,0,1472,0,0,0,0,0,0,0,0,0,0,0,0,0,0,0,0,0,0,0,0,0
write,1670,4096,5675663,898044,9017,901,4755999,3381592,3,0,0,0,0,521,8856,2325,5675663,0,54095,1,133663,1743279,3005747,0,1553,0,0,0,0,0,0,0,0,0,0,0,0,0,0,0,0,0,0,0,0,0
write,1671,4096,6060084,908173,9138,841,5122997,3637312,4,0,0,0,0,591,8396,9948,6060084,0,54095,1,152286,1872311,3244053,0,1514,0,0,0,0,0,0,0,0,0,0,0,0,0,0,0,0,0,0,0,0,0
write,1672,4096,5717892,881233,9097,992,4814638,3396239,3,0,0,0,0,511,9287,2134,5717892,0,54095,1,134106,1795056,3012860,0,1453,0,0,0,0,0,0,0,0,0,0,0,0,0,0,0,0,0,0,0,0,0
write,1673,4096,5930351,897634,9217,791,5010716,3474034,4,0,0,0,0,592,8636,2765,5930351,0,54095,1,132343,1917055,3086919,0,1442,0,0,0,0,0,0,0,0,0,0,0,0,0,0,0,0,0,0,0,0,0
write,1674,4096,5862433,895820,9087,961,4944442,3499794,3,0,0,0,0,782,8766,2575,5862433,0,54095,1,137796,1813711,3123667,0,1602,0,0,0,0,0,0,0,0,0,0,0,0,0,0,0,0,0,0,0,0,0
write,1675,4096,26500543,987371,9278,771,25487724,3950150,5,1,0,0,0,1132,10700,3567,26500543,0,54095,1,167878,21911338,3561999,0,1933,0,0,0,0,0,0,0,0,0,0,0,0,0,0,0,0,0,0,0,0,0
write,1676,4096,5997567,897182,9097,1002,5069146,3438590,4,0,0,0,0,882,16180,4078,5997567,0,54095,0,131231,2062909,2997090,0,2533,0,0,0,0,0,0,0,0,0,0,0,0,0,0,0,0,0,0,0,0,0
write,1677,4096,6195668,910527,9598,1012,5261807,3700779,3,0,0,0,0,551,10169,2004,6195668,0,54095,0,156458,1944006,3310137,0,1692,0,0,0,0,0,0,0,0,0,0,0,0,0,0,0,0,0,0,0,0,0
write,1678,4096,5778797,895440,8686,902,4862338,3350553,3,0,0,0,0,520,9078,1833,5778797,0,54095,0,128319,1887489,2968086,0,1453,0,0,0,0,0,0,0,0,0,0,0,0,0,0,0,0,0,0,0,0,0
write,1679,4096,5890576,900528,8937,912,4968597,3556492,4,0,0,0,0,641,8606,2355,5890576,0,54095,0,147301,1798743,3163252,0,1434,0,0,0,0,0,0,0,0,0,0,0,0,0,0,0,0,0,0,0,0,0
write,1680,4096,5897999,892754,8776,842,4984807,3505063,3,0,0,0,0,581,8146,2093,5897999,0,54095,0,141878,1861340,3116665,0,1484,0,0,0,0,0,0,0,0,0,0,0,0,0,0,0,0,0,0,0,0,0
write,1681,4096,6187032,909085,8857,741,5256667,3794738,4,0,0,0,0,541,9087,2054,6187032,0,54095,0,164488,1851933,3398253,0,1432,0,0,0,0,0,0,0,0,0,0,0,0,0,0,0,0,0,0,0,0,0
write,1682,4096,6338055,889778,9678,1022,5426316,4036320,4,1,0,0,0,611,8506,2144,6338055,0,54095,0,182392,1757315,3660724,0,1864,0,0,0,0,0,0,0,0,0,0,0,0,0,0,0,0,0,0,0,0,0
write,1683,4096,6090400,901811,8786,892,5168672,3683490,3,0,0,0,0,671,7324,2244,6090400,0,54095,0,156802,1854657,3307061,0,1494,0,0,0,0,0,0,0,0,0,0,0,0,0,0,0,0,0,0,0,0,0
write,1684,4096,5962591,899838,8456,741,5041664,3673660,4,0,0,0,0,491,9458,1943,5962591,0,54095,0,154652,1741837,3293426,0,1352,0,0,0,0,0,0,0,0,0,0,0,0,0,0,0,0,0,0,0,0,0
write,1685,4096,6069031,890690,8837,771,5157061,3642612,4,0,0,0,0,491,8806,2375,6069031,0,54095,0,151764,1888722,3261696,0,1472,0,0,0,0,0,0,0,0,0,0,0,0,0,0,0,0,0,0,0,0,0
write,1686,4096,5823691,896201,8886,822,4906190,3446404,3,0,0,0,0,471,8907,2214,5823691,0,54095,0,139297,1815133,3084924,0,1332,0,0,0,0,0,0,0,0,0,0,0,0,0,0,0,0,0,0,0,0,0
write,1687,4096,5786842,887705,8907,811,4877697,3393476,4,0,0,0,0,521,9207,1994,5786842,0,54095,0,131697,1850981,3020404,0,1462,0,0,0,0,0,0,0,0,0,0,0,0,0,0,0,0,0,0,0,0,0
write,1688,4096,6181191,881222,8466,792,5278668,3816117,4,0,0,0,0,531,9718,1794,6181191,0,54095,0,167564,1832656,3439750,0,1332,0,0,0,0,0,0,0,0,0,0,0,0,0,0,0,0,0,0,0,0,0
write,1689,4096,6468009,896612,8445,742,5550167,4170120,4,0,0,0,0,481,9658,1904,6468009,0,54095,0,200804,1748589,3795568,0,1292,0,0,0,0,0,0,0,0,0,0,0,0,0,0,0,0,0,0,0,0,0
write,1690,4096,7075878,894237,8806,731,6160953,4643930,3,0,0,0,0,531,8376,2244,7075878,0,54095,0,239729,1872452,4282300,0,1342,0,0,0,0,0,0,0,0,0,0,0,0,0,0,0,0,0,0,0,0,0
write,1691,4096,6142819,905077,8997,751,5213226,3817560,4,0,0,0,0,691,10881,3196,6142819,0,54095,0,164436,1770240,3435212,0,1694,0,0,0,0,0,0,0,0,0,0,0,0,0,0,0,0,0,0,0,0,0
write,1692,4096,6054102,899727,10019,841,5131323,3689329,4,0,0,0,0,531,8936,2725,6054102,0,54095,0,155134,1823509,3299928,0,1623,0,0,0,0,0,0,0,0,0,0,0,0,0,0,0,0,0,0,0,0,0
write,1693,4096,6135155,900198,10320,731,5212114,3771112,4,0,0,0,0,441,8997,2354,6135155,0,54095,0,160350,1814793,3390408,0,1754,0,0,0,0,0,0,0,0,0,0,0,0,0,0,0,0,0,0,0,0,0
write,1694,4096,6165170,886502,14778,751,5252299,3769400,3,0,0,0,0,521,8416,1903,6165170,0,54095,0,162925,1843617,3402420,0,1434,0,0,0,0,0,0,0,0,0,0,0,0,0,0,0,0,0,0,0,0,0
write,1695,4096,6509837,902252,8516,721,5588289,4101582,4,0,0,0,0,501,7555,2003,6509837,0,54095,0,181156,1856712,3725185,0,1443,0,0,0,0,0,0,0,0,0,0,0,0,0,0,0,0,0,0,0,0,0
write,1696,4096,6004038,889277,7524,651,5095475,3702426,3,0,0,0,0,441,8596,2074,6004038,0,54095,0,156094,1758117,3331488,0,1252,0,0,0,0,0,0,0,0,0,0,0,0,0,0,0,0,0,0,0,0,0
write,1697,4096,6177704,903915,9137,651,5252360,3666155,4,0,0,0,0,511,8886,2244,6177704,0,54095,0,152584,1962389,3283737,0,1312,0,0,0,0,0,0,0,0,0,0,0,0,0,0,0,0,0,0,0,0,0
write,1698,4096,5837266,889448,8967,811,4926188,3549677,3,0,0,0,0,591,8656,2605,5837266,0,54095,0,143163,1744691,3174423,0,1512,0,0,0,0,0,0,0,0,0,0,0,0,0,0,0,0,0,0,0,0,0
write,1699,4096,6119074,906239,10380,811,5190614,3702987,4,0,0,0,0,501,8646,1883,6119074,0,54095,0,155761,1865198,3318173,0,1662,0,0,0,0,0,0,0,0,0,0,0,0,0,0,0,0,0,0,0,0,0
write,1700,4096,5737459,885440,8997,712,4831169,3385059,4,1,0,0,0,511,8386,2244,5737459,0,54095,0,130979,1808160,3016626,0,1432,0,0,0,0,0,0,0,0,0,0,0,0,0,0,0,0,0,0,0,0,0
write,1701,4096,5971958,902943,8816,852,5044850,3562332,4,0,0,0,0,511,8746,5240,5971958,0,54095,0,146915,1849579,3189020,0,1272,0,0,0,0,0,0,0,0,0,0,0,0,0,0,0,0,0,0,0,0,0
write,1702,4096,5959705,888506,9448,661,5048607,3584082,3,0,0,0,0,511,9778,2194,5959705,0,54095,0,147307,1833759,3208286,0,1443,0,0,0,0,0,0,0,0,0,0,0,0,0,0,0,0,0,0,0,0,0
write,1703,4096,5809594,912060,9888,852,4875673,3494383,4,0,0,0,0,571,8385,2165,5809594,0,54095,0,138524,1766974,3101846,0,1553,0,0,0,0,0,0,0,0,0,0,0,0,0,0,0,0,0,0,0,0,0
write,1704,4096,6080432,888677,9357,952,5167370,3606634,3,1,0,0,0,761,10650,2665,6080432,0,54095,0,144491,1930901,3229025,0,1543,0,0,0,0,0,0,0,0,0,0,0,0,0,0,0,0,0,0,0,0,0
write,1705,4096,6338827,1083662,7955,702,5235277,3830323,4,0,0,0,0,461,8516,2254,6338827,0,54095,3,168093,1790458,3438558,0,1482,0,0,0,0,0,0,0,0,0,0,0,0,0,0,0,0,0,0,0,0,0
write,1706,4096,6508424,1075196,6803,561,5413842,3935882,3,0,0,0,0,571,9658,1793,6508424,0,54095,3,176084,1848306,3559454,0,1384,0,0,0,0,0,0,0,0,0,0,0,0,0,0,0,0,0,0,0,0,0
write,1707,4096,6332304,901040,8165,862,5409554,3988310,4,0,0,0,0,591,9978,2114,6332304,0,54095,0,180936,1805315,3597506,0,1493,0,0,0,0,0,0,0,0,0,0,0,0,0,0,0,0,0,0,0,0,0
write,1708,4096,6091613,898986,8927,881,5171939,3765733,4,0,0,0,0,541,8476,1863,6091613,0,54095,0,159373,1791790,3373656,0,1432,0,0,0,0,0,0,0,0,0,0,0,0,0,0,0,0,0,0,0,0,0
write,1709,4096,6372730,903274,7995,862,5445781,3839782,3,1,0,0,0,1012,8877,4929,6372730,0,54095,0,165105,1988539,3450160,0,1423,0,0,0,0,0,0,0,0,0,0,0,0,0,0,0,0,0,0,0,0,0
write,1710,4096,5818100,916449,8746,972,4879480,3495075,3,0,0,0,0,501,9698,2254,5818100,0,54095,0,139808,1764919,3107357,0,1734,0,0,0,0,0,0,0,0,0,0,0,0,0,0,0,0,0,0,0,0,0
write,1711,4096,6039485,911870,8826,972,5106516,3548826,4,0,0,0,0,541,8496,2264,6039485,0,54095,0,140636,1943785,3155927,0,1422,0,0,0,0,0,0,0,0,0,0,0,0,0,0,0,0,0,0,0,0,0
write,1712,4096,6008086,891963,8946,822,5095455,3705971,3,0,0,0,0,561,8175,2164,6008086,0,54095,0,155818,1789105,3299777,0,1453,0,0,0,0,0,0,0,0,0,0,0,0,0,0,0,0,0,0,0,0,0
write,1713,4096,6369173,896541,8757,781,5450351,3986627,3,0,0,0,0,661,9818,2264,6369173,0,54095,0,181764,1839981,3603918,0,1363,0,0,0,0,0,0,0,0,0,0,0,0,0,0,0,0,0,0,0,0,0
write,1714,4096,6009189,896471,8747,811,5091568,3669793,4,0,0,0,0,551,9067,1974,6009189,0,54095,0,152569,1806157,3278528,0,1482,0,0,0,0,0,0,0,0,0,0,0,0,0,0,0,0,0,0,0,0,0
write,1715,4096,5993429,901521,8927,821,5070458,3687528,3,0,0,0,0,541,9208,1953,5993429,0,54095,0,156300,1748639,3314956,0,1362,0,0,0,0,0,0,0,0,0,0,0,0,0,0,0,0,0,0,0,0,0
write,1716,4096,6100259,900358,8697,831,5178701,3706271,4,0,0,0,0,471,9017,2184,6100259,0,54095,0,156787,1845981,3326497,0,1342,0,0,0,0,0,0,0,0,0,0,0,0,0,0,0,0,0,0,0,0,0
write,1717,4096,6024828,900188,9057,811,5102849,3685403,3,0,0,0,0,521,9278,2124,6024828,0,54095,0,155467,1774438,3321869,0,1403,0,0,0,0,0,0,0,0,0,0,0,0,0,0,0,0,0,0,0,0,0
write,1718,4096,6305644,892654,9157,782,5390107,3859637,4,0,0,0,0,581,9859,2504,6305644,0,54095,0,167438,1893511,3489995,0,1433,0,0,0,0,0,0,0,0,0,0,0,0,0,0,0,0,0,0,0,0,0
write,1719,4096,6312918,901210,9388,962,5390328,3993178,4,0,0,0,0,511,8105,2414,6312918,0,54095,0,175061,1780499,3603537,0,1382,0,0,0,0,0,0,0,0,0,0,0,0,0,0,0,0,0,0,0,0,0
write,1720,4096,6434596,880772,9417,802,5533146,4029388,4,1,0,0,0,741,7835,1883,6434596,0,54095,0,179849,1883943,3628183,0,15580,0,0,0,0,0,0,0,0,0,0,0,0,0,0,0,0,0,0,0,0,0
write,1721,4096,6288732,910567,6953,672,5360281,3937085,3,1,0,0,0,461,7474,2324,6288732,0,54095,1,176466,1777013,3577148,0,1403,0,0,0,0,0,0,0,0,0,0,0,0,0,0,0,0,0,0,0,0,0
write,1722,4096,5853767,891492,9157,812,4940855,3577620,4,0,0,0,0,571,8486,2394,5853767,0,54095,0,146380,1742838,3191775,0,1414,0,0,0,0,0,0,0,0,0,0,0,0,0,0,0,0,0,0,0,0,0
write,1723,4096,6450225,910117,8836,862,5518969,4050347,4,0,0,0,0,621,8466,2354,6450225,0,54095,0,183829,1834300,3678107,0,1503,0,0,0,0,0,0,0,0,0,0,0,0,0,0,0,0,0,0,0,0,0
write,1724,4096,5737629,893947,8786,842,4821631,3402471,4,0,0,0,0,551,9708,2164,5737629,0,54095,0,130819,1792371,3022327,0,1423,0,0,0,0,0,0,0,0,0,0,0,0,0,0,0,0,0,0,0,0,0
write,1725,4096,5964144,900579,8937,791,5043207,3525062,4,0,0,0,0,501,7745,2384,5964144,0,54095,0,140615,1884874,3151449,0,1432,0,0,0,0,0,0,0,0,0,0,0,0,0,0,0,0,0,0,0,0,0
write,1726,4096,5931012,898856,9588,1072,5010285,3584011,4,0,0,0,0,621,8306,2284,5931012,0,54095,1,144291,1819271,3183089,0,1984,0,0,0,0,0,0,0,0,0,0,0,0,0,0,0,0,0,0,0,0,0
write,1727,4096,6198413,1118016,7164,601,5061541,3582041,4,0,0,0,0,451,8416,2224,6198413,0,54095,1,145571,1865388,3190413,0,1172,0,0,0,0,0,0,0,0,0,0,0,0,0,0,0,0,0,0,0,0,0
write,1728,4096,6200136,1096355,6362,621,5087300,3598450,3,0,0,0,0,491,7214,1793,6200136,0,54095,1,148209,1855429,3226069,0,1113,0,0,0,0,0,0,0,0,0,0,0,0,0,0,0,0,0,0,0,0,0
write,1729,4096,6278183,898014,6743,671,5361404,3960530,4,0,0,0,0,421,8466,2464,6278183,0,54095,1,176463,1768817,3586946,0,1183,0,0,0,0,0,0,0,0,0,0,0,0,0,0,0,0,0,0,0,0,0
write,1730,4096,6644009,895820,9207,862,5725937,4264809,4,0,0,0,0,651,8967,2565,6644009,0,54095,0,202603,1838298,3881458,0,1383,0,0,0,0,0,0,0,0,0,0,0,0,0,0,0,0,0,0,0,0,0
write,1731,4096,17398545,892544,14807,852,16474903,4094168,3,0,0,0,0,842,10890,3707,17398545,0,54095,0,188788,12744669,3723221,0,1473,0,0,0,0,0,0,0,0,0,0,0,0,0,0,0,0,0,0,0,0,0
write,1732,4096,6387268,898004,8486,882,5466701,3924091,4,0,0,0,0,651,10089,2455,6387268,0,54095,0,175395,1922555,3536782,0,1472,0,0,0,0,0,0,0,0,0,0,0,0,0,0,0,0,0,0,0,0,0
write,1733,4096,6715102,911529,9378,781,5782403,4134664,3,0,0,0,0,581,8156,2274,6715102,0,54095,0,190308,2021761,3753960,0,1482,0,0,0,0,0,0,0,0,0,0,0,0,0,0,0,0,0,0,0,0,0
write,1734,4096,6029576,890129,9157,842,5117586,3679221,3,0,0,0,0,571,8817,2474,6029576,0,54095,0,153334,1802009,3308624,0,1633,0,0,0,0,0,0,0,0,0,0,0,0,0,0,0,0,0,0,0,0,0
write,1735,4096,5912217,898255,9307,842,4992411,3603259,3,0,0,0,0,551,8837,2014,5912217,0,54095,0,147858,1757145,3228604,0,1353,0,0,0,0,0,0,0,0,0,0,0,0,0,0,0,0,0,0,0,0,0
write,1736,4096,6033533,895539,8997,781,5116414,3653001,3,0,0,0,0,541,9117,2144,6033533,0,54095,0,152053,1833939,3276003,0,1352,0,0,0,0,0,0,0,0,0,0,0,0,0,0,0,0,0,0,0,0,0
write,1737,4096,6047691,894788,8787,891,5130611,3745676,3,0,0,0,0,952,9368,2294,6047691,0,54095,0,162814,1741526,3382493,0,1382,0,0,0,0,0,0,0,0,0,0,0,0,0,0,0,0,0,0,0,0,0
write,1738,4096,5992998,896551,8917,841,5074696,3566779,4,0,0,0,0,571,9127,2295,5992998,0,54095,0,145905,1880607,3187287,0,1522,0,0,0,0,0,0,0,0,0,0,0,0,0,0,0,0,0,0,0,0,0
write,1739,4096,6169960,896311,8886,842,5253030,3891639,3,0,0,0,0,571,7915,2405,6169960,0,54095,0,168999,1727980,3518187,0,1613,0,0,0,0,0,0,0,0,0,0,0,0,0,0,0,0,0,0,0,0,0
write,1740,4096,6149221,896190,9097,732,5227542,3728182,4,0,0,0,0,1323,10209,4128,6149221,0,54095,0,152661,1887289,3332920,0,1522,0,0,0,0,0,0,0,0,0,0,0,0,0,0,0,0,0,0,0,0,0
write,1741,4096,6252314,913613,9979,852,5316088,3874196,3,0,0,0,0,581,8737,2464,6252314,0,54095,0,167488,1821296,3486809,0,2044,0,0,0,0,0,0,0,0,0,0,0,0,0,0,0,0,0,0,0,0,0
write,1742,4096,6152718,900930,8305,711,5231070,3871291,3,0,0,0,0,621,8666,2415,6152718,0,54095,0,164401,1737217,3487299,0,1372,0,0,0,0,0,0,0,0,0,0,0,0,0,0,0,0,0,0,0,0,0
write,1743,4096,6323998,901750,9148,921,5400447,3931824,3,0,0,0,0,631,8847,2254,6323998,0,54095,0,173740,1848787,3545138,0,1462,0,0,0,0,0,0,0,0,0,0,0,0,0,0,0,0,0,0,0,0,0
write,1744,4096,6570942,897553,9468,851,5650917,4249190,3,0,0,0,0,621,8606,2926,6570942,0,54095,0,198648,1782903,3861201,0,1482,0,0,0,0,0,0,0,0,0,0,0,0,0,0,0,0,0,0,0,0,0
write,1745,4096,6566573,910788,8676,892,5634225,4005713,3,0,0,0,0,551,9588,1853,6566573,0,54095,0,181767,1993479,3634044,0,1423,0,0,0,0,0,0,0,0,0,0,0,0,0,0,0,0,0,0,0,0,0
write,1746,4096,6144292,891672,8977,892,5230858,3813092,4,0,0,0,0,592,9197,2104,6144292,0,54095,0,165142,1797240,3427146,0,1362,0,0,0,0,0,0,0,0,0,0,0,0,0,0,0,0,0,0,0,0,0
write,1747,4096,6018505,905758,8937,761,5091578,3660676,3,0,0,0,0,581,8646,2244,6018505,0,54095,0,151865,1801668,3283336,0,1423,0,0,0,0,0,0,0,0,0,0,0,0,0,0,0,0,0,0,0,0,0
write,1748,4096,6102273,893505,8987,862,5187507,3705770,4,0,0,0,0,571,8737,2104,6102273,0,54095,0,154078,1859748,3321068,0,1462,0,0,0,0,0,0,0,0,0,0,0,0,0,0,0,0,0,0,0,0,0
write,1749,4096,5799665,894317,9277,781,4882356,3495416,3,0,0,0,0,551,10179,2204,5799665,0,54095,0,139213,1764118,3111665,0,1443,0,0,0,0,0,0,0,0,0,0,0,0,0,0,0,0,0,0,0,0,0
write,1750,4096,6035888,893876,8857,811,5120602,3662258,3,0,0,0,0,541,8857,2344,6035888,0,54095,0,152247,1833317,3280692,0,1413,0,0,0,0,0,0,0,0,0,0,0,0,0,0,0,0,0,0,0,0,0
write,1751,4096,5926794,904646,9198,931,5000818,3615189,4,0,0,0,0,571,8306,2324,5926794,0,54095,0,147701,1763537,3230788,0,1362,0,0,0,0,0,0,0,0,0,0,0,0,0,0,0,0,0,0,0,0,0
write,1752,4096,6241173,893866,8916,742,5320497,3740816,4,0,0,0,0,1352,9819,5981,6241173,0,54095,0,150300,1955868,3356454,0,2084,0,0,0,0,0,0,0,0,0,0,0,0,0,0,0,0,0,0,0,0,0
write,1753,4096,6329769,928942,10209,1072,5376792,3916515,3,0,0,0,0,641,9889,2224,6329769,0,54095,0,168654,1866751,3501175,0,2423,0,0,0,0,0,0,0,0,0,0,0,0,0,0,0,0,0,0,0,0,0
write,1754,4096,6413156,896050,9829,841,5493632,4017686,3,0,0,0,0,621,10049,2134,6413156,0,54095,0,180351,1854007,3632763,0,1362,0,0,0,0,0,0,0,0,0,0,0,0,0,0,0,0,0,0,0,0,0
write,1755,4096,6278874,906540,8986,852,5351014,3936472,3,0,0,0,0,591,8336,2555,6278874,0,54095,0,171196,1785919,3558313,0,1422,0,0,0,0,0,0,0,0,0,0,0,0,0,0,0,0,0,0,0,0,0
write,1756,4096,6330901,882635,9648,5370,5418941,4015731,4,0,0,0,0,842,9317,4148,6330901,0,54095,0,181139,1775931,3636469,0,1431,0,0,0,0,0,0,0,0,0,0,0,0,0,0,0,0,0,0,0,0,0
write,1757,4096,6856938,922370,10610,901,5905023,4372221,3,0,0,0,0,1233,11541,5260,6856938,0,54095,0,198596,1986024,3907938,0,2877,0,0,0,0,0,0,0,0,0,0,0,0,0,0,0,0,0,0,0,0,0
write,1758,4096,7577409,1111153,11672,1282,6439215,5054782,3,0,0,0,0,812,10069,3206,7577409,0,54095,0,181834,1859787,4569499,0,2375,0,0,0,0,0,0,0,0,0,0,0,0,0,0,0,0,0,0,0,0,0
write,1759,4096,6986040,1116012,18455,912,5836524,4408798,3,0,0,0,0,662,10870,2605,6986040,0,54095,0,143024,1890475,3937954,0,1702,0,0,0,0,0,0,0,0,0,0,0,0,0,0,0,0,0,0,0,0,0
write,1760,4096,7137244,1103880,10830,982,6006463,4532833,2,1,0,0,0,952,11251,2886,7137244,0,54095,0,152055,1911504,4085831,0,2485,0,0,0,0,0,0,0,0,0,0,0,0,0,0,0,0,0,0,0,0,0
write,1761,4096,7354090,1111424,11662,1032,6218060,4724442,3,0,0,0,0,631,9027,2254,7354090,0,54095,8,164351,1954555,4255339,0,2024,0,0,0,0,0,0,0,0,0,0,0,0,0,0,0,0,0,0,0,0,0
write,1762,4096,8274697,1087950,9548,862,7162521,4679596,4,0,0,0,0,621,10740,2455,8274697,0,54095,8,163016,2925075,4229851,0,1703,0,0,0,0,0,0,0,0,0,0,0,0,0,0,0,0,0,0,0,0,0
write,1763,4096,7179432,1098870,10059,922,6055736,4638038,3,1,0,0,0,711,10560,2574,7179432,0,54095,8,154844,1837346,4210536,0,1682,0,0,0,0,0,0,0,0,0,0,0,0,0,0,0,0,0,0,0,0,0
write,1764,4096,7201194,1081929,9698,932,6086243,4508395,4,0,0,0,0,561,11712,10119,7201194,0,54095,8,155693,2026129,4052219,0,1713,0,0,0,0,0,0,0,0,0,0,0,0,0,0,0,0,0,0,0,0,0
write,1765,4096,5001829,1099462,9608,931,3867312,2350168,2,0,0,0,0,802,17002,6712,5001829,0,54095,8,24616,2007575,1717019,0,2185,0,0,0,0,0,0,0,0,0,0,0,0,0,0,0,0,0,0,0,0,0
write,1766,4096,5411738,1079485,10189,981,4309171,2945354,3,0,0,0,0,701,8737,2474,5411738,0,54095,8,24628,1807560,2493095,0,1843,0,0,0,0,0,0,0,0,0,0,0,0,0,0,0,0,0,0,0,0,0
write,1767,4096,4818936,1107717,11301,1072,3688036,2188693,4,0,0,0,0,511,8015,2284,4818936,0,54095,8,24615,1942472,1737869,0,1754,0,0,0,0,0,0,0,0,0,0,0,0,0,0,0,0,0,0,0,0,0
write,1768,4096,4608371,1073312,7034,771,3512777,2148269,3,0,0,0,0,601,11462,2414,4608371,0,54095,8,24625,1784316,1721448,0,1504,0,0,0,0,0,0,0,0,0,0,0,0,0,0,0,0,0,0,0,0,0
write,1769,4096,4843052,1080486,11051,902,3737999,2150774,4,0,0,0,0,591,9158,2865,4843052,0,54095,8,24623,2021931,1708233,0,1724,0,0,0,0,0,0,0,0,0,0,0,0,0,0,0,0,0,0,0,0,0
write,1770,4096,4663926,1067211,10750,912,3571066,2188264,3,0,0,0,0,692,10329,2966,4663926,0,54095,8,24642,1817308,1745944,0,1782,0,0,0,0,0,0,0,0,0,0,0,0,0,0,0,0,0,0,0,0,0
write,1771,4096,4854633,1118427,11502,1022,3704506,2199876,3,0,0,0,0,1854,12834,4488,4854633,0,54095,8,24640,1950828,1742036,0,2755,0,0,0,0,0,0,0,0,0,0,0,0,0,0,0,0,0,0,0,0,0
write,1772,4096,4726052,1079354,11852,1443,3617904,2159149,3,0,0,0,0,651,12013,2835,4726052,0,54095,8,24617,1911454,1697423,0,1932,0,0,0,0,0,0,0,0,0,0,0,0,0,0,0,0,0,0,0,0,0
write,1773,4096,4688412,1081618,10450,962,3581185,2194475,4,0,0,0,0,692,10028,3477,4688412,0,54095,8,24661,1851812,1721919,0,1573,0,0,0,0,0,0,0,0,0,0,0,0,0,0,0,0,0,0,0,0,0
write,1774,4096,4719921,1053996,10310,941,3641228,2165610,3,0,0,0,0,882,9949,2615,4719921,0,54095,8,24628,1914009,1719845,0,1564,0,0,0,0,0,0,0,0,0,0,0,0,0,0,0,0,0,0,0,0,0
write,1775,4096,4665007,1065868,11091,892,3563903,2144171,3,0,0,0,0,591,20158,2504,4665007,0,54095,8,24630,1861771,1694818,0,1572,0,0,0,0,0,0,0,0,0,0,0,0,0,0,0,0,0,0,0,0,0
write,1776,4096,4824738,1046984,9718,972,3752126,2162245,3,0,0,0,0,651,11501,2786,4824738,0,54095,8,24640,2017684,1726959,0,1531,0,0,0,0,0,0,0,0,0,0,0,0,0,0,0,0,0,0,0,0,0
write,1777,4096,4619532,1061089,10961,942,3533876,2125657,3,0,0,0,0,802,9147,2715,4619532,0,54095,8,24628,1840171,1686011,0,1763,0,0,0,0,0,0,0,0,0,0,0,0,0,0,0,0,0,0,0,0,0
write,1778,4096,4903275,1049468,10600,1062,3828069,2342714,3,0,0,0,0,761,10029,3286,4903275,0,54095,8,24649,1925511,1893520,0,1934,0,0,0,0,0,0,0,0,0,0,0,0,0,0,0,0,0,0,0,0,0
write,1779,4096,4656682,1052464,11952,992,3576867,2126228,3,0,0,0,0,752,11391,2264,4656682,0,54095,8,24642,1889614,1671895,0,9037,0,0,0,0,0,0,0,0,0,0,0,0,0,0,0,0,0,0,0,0,0
write,1780,4096,4632417,1042125,9748,801,3565396,2179208,3,0,0,0,0,641,10881,2825,4632417,0,54095,8,24631,1821355,1735775,0,1733,0,0,0,0,0,0,0,0,0,0,0,0,0,0,0,0,0,0,0,0,0
write,1781,4096,4657314,1047755,10890,992,3585043,2100970,3,0,0,0,0,591,9317,2726,4657314,0,54095,8,24661,1913769,1663900,0,1625,0,0,0,0,0,0,0,0,0,0,0,0,0,0,0,0,0,0,0,0,0
write,1782,4096,5527285,1040051,10319,972,4463159,3048999,3,0,0,0,0,761,9629,2394,5527285,0,54095,8,24637,1834510,2620133,0,1935,0,0,0,0,0,0,0,0,0,0,0,0,0,0,0,0,0,0,0,0,0
write,1783,4096,5804885,1046533,11401,922,4734287,3116896,3,0,0,0,0,812,8676,2254,5804885,0,54095,8,24669,2115357,2609754,0,2165,0,0,0,0,0,0,0,0,0,0,0,0,0,0,0,0,0,0,0,0,0
write,1784,4096,5520322,1029250,11271,962,4467898,3041364,3,0,0,0,0,681,7895,2365,5520322,0,54095,8,24691,1905753,2553298,0,2104,0,0,0,0,0,0,0,0,0,0,0,0,0,0,0,0,0,0,0,0,0
write,1785,4096,5351706,1030583,11011,911,4297759,2801283,3,0,0,0,0,662,8466,2314,5351706,0,54095,8,24691,1984141,2304461,0,2065,0,0,0,0,0,0,0,0,0,0,0,0,0,0,0,0,0,0,0,0,0
write,1786,4096,4623600,1030773,7704,812,3569633,2086765,4,0,0,0,0,822,10720,3136,4623600,0,54095,8,24683,1896446,1665463,0,1754,0,0,0,0,0,0,0,0,0,0,0,0,0,0,0,0,0,0,0,0,0
write,1787,4096,5092700,1585684,9688,922,3482360,2091122,3,0,0,0,0,641,10359,3046,5092700,0,54095,1,24679,1831224,1642991,0,2364,0,0,0,0,0,0,0,0,0,0,0,0,0,0,0,0,0,0,0,0,0
write,1788,4096,5152071,1585844,8095,701,3543655,2061537,3,0,0,0,0,551,10099,3126,5152071,0,54095,1,24676,1903920,1633102,0,1362,0,0,0,0,0,0,0,0,0,0,0,0,0,0,0,0,0,0,0,0,0
write,1789,4096,6177685,1523457,11431,852,4624362,3220240,4,0,0,0,0,611,10389,6583,6177685,0,54095,1,91619,1834299,2782979,0,1522,0,0,0,0,0,0,0,0,0,0,0,0,0,0,0,0,0,0,0,0,0
write,1790,4096,6730602,1011056,9638,852,5697173,4105820,3,0,0,0,0,631,9258,1994,6730602,0,54095,1,146368,2003437,3686543,0,1684,0,0,0,0,0,0,0,0,0,0,0,0,0,0,0,0,0,0,0,0,0
write,1791,4096,7044940,1051862,13285,1543,5956850,4488060,4,0,0,0,0,841,11632,8927,7044940,0,54095,2,169811,1942132,4004169,0,2426,0,0,0,0,0,0,0,0,0,0,0,0,0,0,0,0,0,0,0,0,0
write,1792,4096,7335506,1191615,10089,1122,6116229,4556867,3,0,0,0,0,1112,9568,5771,7335506,0,54095,2,141580,2118723,3987167,0,2804,0,0,0,0,0,0,0,0,0,0,0,0,0,0,0,0,0,0,0,0,0
write,1793,4096,6442110,1054919,9828,1583,5365010,3877333,3,0,0,0,0,571,7524,2675,6442110,0,54095,2,132649,1928667,3427016,0,2544,0,0,0,0,0,0,0,0,0,0,0,0,0,0,0,0,0,0,0,0,0
write,1794,4096,6509176,1048617,7183,632,5439139,4038425,3,1,0,0,0,471,10830,2304,6509176,0,54095,2,141723,1806096,3626570,0,1453,0,0,0,0,0,0,0,0,0,0,0,0,0,0,0,0,0,0,0,0,0
write,1795,4096,6637808,1071570,8185,1012,5545729,3996184,3,1,0,0,0,802,7734,2776,6637808,0,54095,2,139037,1965786,3570887,0,2354,0,0,0,0,0,0,0,0,0,0,0,0,0,0,0,0,0,0,0,0,0
write,1796,4096,6500419,1065939,8896,1092,5412550,4017715,3,0,0,0,0,701,8736,2505,6500419,0,54095,1,137627,1819763,3584232,0,2273,0,0,0,0,0,0,0,0,0,0,0,0,0,0,0,0,0,0,0,0,0
write,1797,4096,6693171,1044008,8806,962,5628575,4203756,4,0,0,0,0,681,7704,2435,6693171,0,54095,2,156492,1854117,3766123,0,1944,0,0,0,0,0,0,0,0,0,0,0,0,0,0,0,0,0,0,0,0,0
write,1798,4096,25979196,1031434,8285,742,24924879,3999381,4,0,0,0,0,621,9758,3477,25979196,0,54095,2,143269,21346880,3571077,0,1601,0,0,0,0,0,0,0,0,0,0,0,0,0,0,0,0,0,0,0,0,0
write,1799,4096,6539773,1024901,8817,691,5494393,3928777,4,0,0,0,0,461,8236,2274,6539773,0,54095,2,148462,1991975,3495194,0,1603,0,0,0,0,0,0,0,0,0,0,0,0,0,0,0,0,0,0,0,0,0
write,1800,4096,6397085,1103809,7535,701,5274460,3606475,3,1,0,0,0,662,7854,2064,6397085,0,54095,2,155602,2062207,3205011,0,1773,0,0,0,0,0,0,0,0,0,0,0,0,0,0,0,0,0,0,0,0,0
write,1801,4096,5735155,1013711,6171,672,4702388,3316620,4,0,0,0,0,400,9628,2185,5735155,0,54095,3,152358,1731046,2965561,0,1524,0,0,0,0,0,0,0,0,0,0,0,0,0,0,0,0,0,0,0,0,0
write,1802,4096,5512918,1022548,7023,621,4469090,3036677,4,0,0,0,0,371,7294,5971,5512918,0,54095,3,128370,1775489,2687810,0,1172,0,0,0,0,0,0,0,0,0,0,0,0,0,0,0,0,0,0,0,0,0
write,1803,4096,5666485,1011026,6512,481,4638989,3224177,3,0,0,0,0,390,6993,2094,5666485,0,54095,3,143858,1743911,2890329,0,981,0,0,0,0,0,0,0,0,0,0,0,0,0,0,0,0,0,0,0,0,0
write,1804,4096,5791741,1015064,6672,511,4759405,3273759,3,0,0,0,0,361,7554,2174,5791741,0,54095,3,148240,1815985,2938671,0,1022,0,0,0,0,0,0,0,0,0,0,0,0,0,0,0,0,0,0,0,0,0
write,1805,4096,8538461,1023028,6532,992,7495195,5986630,3,1,0,0,0,782,8656,3276,8538461,0,54095,3,174030,1879836,5606022,0,2025,0,0,0,0,0,0,0,0,0,0,0,0,0,0,0,0,0,0,0,0,0
write,1806,4096,6996380,892183,8035,701,6084099,4699185,3,0,0,0,0,481,8406,2475,6996380,0,54095,2,213619,1780329,4297208,0,1481,0,0,0,0,0,0,0,0,0,0,0,0,0,0,0,0,0,0,0,0,0
write,1807,4096,7142112,962004,6953,591,6162646,4567045,3,1,0,0,0,701,7123,2094,7142112,0,54095,2,203755,1967890,4187312,0,1995,0,0,0,0,0,0,0,0,0,0,0,0,0,0,0,0,0,0,0,0,0
write,1808,4096,6075363,830307,8005,772,5227162,3817630,3,0,0,0,0,621,6793,1703,6075363,0,54095,1,126686,1850701,3369168,0,1733,0,0,0,0,0,0,0,0,0,0,0,0,0,0,0,0,0,0,0,0,0
write,1809,4096,6677651,1062241,7084,581,5597376,4108616,3,0,0,0,0,581,7434,2354,6677651,0,54095,1,145594,1899622,3690981,0,1472,0,0,0,0,0,0,0,0,0,0,0,0,0,0,0,0,0,0,0,0,0
write,1810,4096,147879010,838543,8485,752,147011443,3727710,3,0,0,0,0,2044,12293,5450,147879010,0,54095,1,143304,143735110,3264051,0,2323,0,0,0,0,0,0,0,0,0,0,0,0,0,0,0,0,0,0,0,0,0
write,1811,4096,6221627,1104231,9237,932,5093772,3526243,3,1,0,0,0,651,10991,1813,6221627,0,54095,1,142418,1962319,3121964,0,2965,0,0,0,0,0,0,0,0,0,0,0,0,0,0,0,0,0,0,0,0,0
write,1812,4096,6215606,902853,7424,691,5295701,3770232,3,0,0,0,0,461,6642,1834,6215606,0,54095,3,163451,1898480,3390739,0,1734,0,0,0,0,0,0,0,0,0,0,0,0,0,0,0,0,0,0,0,0,0
write,1813,4096,6065614,888346,6993,832,5160036,3684640,4,0,0,0,0,531,6903,1973,6065614,0,54095,3,157976,1854758,3298836,0,1503,0,0,0,0,0,0,0,0,0,0,0,0,0,0,0,0,0,0,0,0,0
write,1814,4096,6004430,888506,7715,621,5096837,3727112,3,0,0,0,0,521,7865,2365,6004430,0,54095,3,157604,1755261,3335615,0,1211,0,0,0,0,0,0,0,0,0,0,0,0,0,0,0,0,0,0,0,0,0
write,1815,4096,6833114,982994,6863,681,5832517,4275349,4,0,0,0,0,571,7404,2084,6833114,0,54095,3,200734,1935490,3891277,0,1163,0,0,0,0,0,0,0,0,0,0,0,0,0,0,0,0,0,0,0,0,0
write,1816,4096,6482747,897573,11211,1083,5561348,4122483,3,0,0,0,0,671,8486,2375,6482747,0,54095,9,185259,1808512,3744732,0,2132,0,0,0,0,0,0,0,0,0,0,0,0,0,0,0,0,0,0,0,0,0
write,1817,4096,6159169,924714,6963,611,5215720,3737379,3,0,0,0,0,431,8466,2264,6159169,0,54095,9,164247,1847715,3362295,0,1282,0,0,0,0,0,0,0,0,0,0,0,0,0,0,0,0,0,0,0,0,0
write,1818,4096,5880667,894337,7314,801,4966013,3530412,3,0,0,0,0,470,9368,2364,5880667,0,54095,9,144330,1805205,3154565,0,1362,0,0,0,0,0,0,0,0,0,0,0,0,0,0,0,0,0,0,0,0,0
write,1819,4096,6055365,944722,6893,561,5090566,3702314,3,1,0,0,0,781,9909,1933,6055365,0,54095,9,152959,1739552,3342839,0,1723,0,0,0,0,0,0,0,0,0,0,0,0,0,0,0,0,0,0,0,0,0
write,1820,4096,6065274,889538,6623,681,5158403,3653723,3,0,0,0,0,511,7684,1834,6065274,0,54095,3,149949,1900523,3251337,0,1661,0,0,0,0,0,0,0,0,0,0,0,0,0,0,0,0,0,0,0,0,0
write,1821,4096,6051789,897373,7484,682,5133215,3743030,3,0,0,0,0,571,10179,2285,6051789,0,54095,3,160126,1765581,3361563,0,1283,0,0,0,0,0,0,0,0,0,0,0,0,0,0,0,0,0,0,0,0,0
write,1822,4096,6001824,902101,7685,821,5080357,3724476,3,0,0,0,0,551,8415,1894,6001824,0,54095,9,160187,1710497,3363087,0,1644,0,0,0,0,0,0,0,0,0,0,0,0,0,0,0,0,0,0,0,0,0
write,1823,4096,6195077,900248,7203,562,5275442,3845815,4,0,0,0,0,401,8836,2385,6195077,0,54095,9,170696,1810815,3458596,0,1063,0,0,0,0,0,0,0,0,0,0,0,0,0,0,0,0,0,0,0,0,0
write,1824,4096,6181952,1084954,9057,842,5077040,3599502,3,0,0,0,0,541,7484,2034,6181952,0,54095,9,148254,1848606,3221951,0,1364,0,0,0,0,0,0,0,0,0,0,0,0,0,0,0,0,0,0,0,0,0
write,1825,4096,6387057,904075,7124,631,5466490,3980608,4,0,0,0,0,471,6402,1864,6387057,0,54095,9,182615,1852293,3608908,0,1063,0,0,0,0,0,0,0,0,0,0,0,0,0,0,0,0,0,0,0,0,0
write,1826,4096,5933336,917680,8306,681,4994516,3604971,3,0,0,0,0,601,9247,2305,5933336,0,54095,9,149250,1753909,3234064,0,1453,0,0,0,0,0,0,0,0,0,0,0,0,0,0,0,0,0,0,0,0,0
write,1827,4096,6056857,971632,7514,651,5064707,3547795,3,0,0,0,0,381,9608,2364,6056857,0,54095,9,143888,1886087,3172859,0,1243,0,0,0,0,0,0,0,0,0,0,0,0,0,0,0,0,0,0,0,0,0
write,1828,4096,5987448,956394,8385,912,5011427,3632793,3,1,0,0,0,692,7694,1944,5987448,0,54095,9,151267,1730906,3272857,0,1983,0,0,0,0,0,0,0,0,0,0,0,0,0,0,0,0,0,0,0,0,0
write,1829,4096,6231074,905117,7133,692,5307552,3834872,4,0,0,0,0,471,7845,2264,6231074,0,54095,3,166833,1855199,3445991,0,1654,0,0,0,0,0,0,0,0,0,0,0,0,0,0,0,0,0,0,0,0,0
write,1830,4096,6346280,897683,7855,872,5420013,3996436,3,0,0,0,0,722,9948,9187,6346280,0,54095,9,176973,1791289,3620329,0,2205,0,0,0,0,0,0,0,0,0,0,0,0,0,0,0,0,0,0,0,0,0
write,1831,4096,7174744,950352,7554,1042,6204304,4720695,3,0,0,0,0,531,8356,2605,7174744,0,54095,9,228671,1949716,4245641,0,2124,0,0,0,0,0,0,0,0,0,0,0,0,0,0,0,0,0,0,0,0,0
write,1832,4096,5893662,995086,7313,612,4878668,3414003,3,0,0,0,0,611,9047,2325,5893662,0,54095,9,133170,1840401,3032016,0,1203,0,0,0,0,0,0,0,0,0,0,0,0,0,0,0,0,0,0,0,0,0
write,1833,4096,5898120,942077,9428,971,4935565,3550290,4,1,0,0,0,652,7574,1853,5898120,0,54095,9,143086,1750332,3176777,0,2004,0,0,0,0,0,0,0,0,0,0,0,0,0,0,0,0,0,0,0,0,0
write,1834,4096,6033463,913943,7825,701,5099723,3519091,3,0,0,0,0,501,8266,2504,6033463,0,54095,3,141948,1965536,3127505,0,1834,0,0,0,0,0,0,0,0,0,0,0,0,0,0,0,0,0,0,0,0,0
write,1835,4096,6087125,1053416,7333,622,5015104,3619618,3,0,0,0,0,531,7865,2254,6087125,0,54095,3,151007,1762104,3247369,0,1143,0,0,0,0,0,0,0,0,0,0,0,0,0,0,0,0,0,0,0,0,0
write,1836,4096,6330481,930385,10810,1002,5377334,3887780,3,0,0,0,0,611,8025,2314,6330481,0,54095,9,172288,1866200,3503781,0,1792,0,0,0,0,0,0,0,0,0,0,0,0,0,0,0,0,0,0,0,0,0
write,1837,4096,6414659,982903,7074,611,5412670,3973794,4,0,0,0,0,430,8707,2264,6414659,0,54095,9,179233,1818080,3588900,0,1163,0,0,0,0,0,0,0,0,0,0,0,0,0,0,0,0,0,0,0,0,0
write,1838,4096,6017934,891882,6653,581,5109762,3733153,3,0,0,0,0,450,6803,1803,6017934,0,54095,9,159702,1753188,3350974,0,1133,0,0,0,0,0,0,0,0,0,0,0,0,0,0,0,0,0,0,0,0,0
write,1839,4096,6570832,894137,7364,681,5659442,4185920,3,1,0,0,0,531,6603,2074,6570832,0,54095,9,183090,1835883,3817208,0,1522,0,0,0,0,0,0,0,0,0,0,0,0,0,0,0,0,0,0,0,0,0
write,1840,4096,6044334,902151,6753,1012,5121494,3761995,3,0,0,0,0,541,9658,2725,6044334,0,54095,3,158340,1736797,3377854,0,1775,0,0,0,0,0,0,0,0,0,0,0,0,0,0,0,0,0,0,0,0,0
write,1841,4096,6210205,898695,7595,1042,5290801,3771223,3,0,0,0,0,631,9107,2334,6210205,0,54095,9,161094,1888341,3395257,0,1664,0,0,0,0,0,0,0,0,0,0,0,0,0,0,0,0,0,0,0,0,0
write,1842,4096,6016772,927188,7074,591,5073103,3676596,4,1,0,0,0,481,6482,1853,6016772,0,54095,9,151168,1773686,3293366,0,1413,0,0,0,0,0,0,0,0,0,0,0,0,0,0,0,0,0,0,0,0,0
write,1843,4096,6090581,898876,6882,642,5172058,3678419,2,0,0,0,0,491,9298,2334,6090581,0,54095,3,154990,1856411,3309677,0,1344,0,0,0,0,0,0,0,0,0,0,0,0,0,0,0,0,0,0,0,0,0
write,1844,4096,6094438,910177,6842,632,5165386,3730887,4,0,0,0,0,511,8686,2204,6094438,0,54095,3,160423,1807399,3352146,0,1203,0,0,0,0,0,0,0,0,0,0,0,0,0,0,0,0,0,0,0,0,0
write,1845,4096,6149511,893245,6822,1163,5238493,3855913,3,0,0,0,0,721,7204,1863,6149511,0,54095,3,170491,1755231,3475828,0,1714,0,0,0,0,0,0,0,0,0,0,0,0,0,0,0,0,0,0,0,0,0
write,1846,4096,6651062,895148,7615,631,5737038,4278886,3,0,0,0,0,501,7684,2445,6651062,0,54095,3,202460,1831674,3898821,0,1443,0,0,0,0,0,0,0,0,0,0,0,0,0,0,0,0,0,0,0,0,0
write,1847,4096,6273524,954210,7353,882,5298927,3894695,3,0,0,0,0,591,9558,2003,6273524,0,54095,9,168739,1788424,3503149,0,1915,0,0,0,0,0,0,0,0,0,0,0,0,0,0,0,0,0,0,0,0,0
write,1848,4096,6146396,891652,7414,601,5237291,3731037,3,0,0,0,0,491,7123,1824,6146396,0,54095,9,160444,1885115,3346385,0,1202,0,0,0,0,0,0,0,0,0,0,0,0,0,0,0,0,0,0,0,0,0
write,1849,4096,6216076,910948,7163,631,5287135,3920623,3,0,0,0,0,471,7504,2224,6216076,0,54095,9,174973,1740464,3541080,0,1222,0,0,0,0,0,0,0,0,0,0,0,0,0,0,0,0,0,0,0,0,0
write,1850,4096,6080441,1011617,6913,611,5049368,3566770,3,1,0,0,0,561,9318,2053,6080441,0,54095,9,143694,1853466,3189841,0,1423,0,0,0,0,0,0,0,0,0,0,0,0,0,0,0,0,0,0,0,0,0
write,1851,4096,5951090,890440,6603,681,5041874,3607514,3,0,0,0,0,471,8766,2255,5951090,0,54095,3,149204,1803151,3232461,0,1602,0,0,0,0,0,0,0,0,0,0,0,0,0,0,0,0,0,0,0,0,0
write,1852,4096,6189627,1027347,7013,1002,5144988,3747800,3,0,0,0,0,501,6993,1783,6189627,0,54095,3,160654,1767214,3371302,0,1384,0,0,0,0,0,0,0,0,0,0,0,0,0,0,0,0,0,0,0,0,0
write,1853,4096,6256592,894116,7665,741,5342308,3866001,3,0,0,0,0,551,8887,2324,6256592,0,54095,9,169401,1852223,3483402,0,1522,0,0,0,0,0,0,0,0,0,0,0,0,0,0,0,0,0,0,0,0,0
write,1854,4096,6510348,1111765,7474,581,5381551,3989753,4,0,0,0,0,451,6643,1883,6510348,0,54095,9,178042,1769829,3606163,0,1203,0,0,0,0,0,0,0,0,0,0,0,0,0,0,0,0,0,0,0,0,0
write,1855,4096,6616928,893475,6552,571,5705309,4191691,3,0,0,0,0,451,8235,2335,6616928,0,54095,9,196416,1883131,3816597,0,1123,0,0,0,0,0,0,0,0,0,0,0,0,0,0,0,0,0,0,0,0,0
write,1856,4096,6516660,1099091,7104,561,5393343,3970789,4,0,0,0,0,441,7935,8185,6516660,0,54095,9,178346,1805035,3582588,0,1122,0,0,0,0,0,0,0,0,0,0,0,0,0,0,0,0,0,0,0,0,0
write,1857,4096,6112322,1011397,6763,631,5084494,3618336,3,0,0,0,0,481,6582,1974,6112322,0,54095,9,150338,1832346,3246618,0,1052,0,0,0,0,0,0,0,0,0,0,0,0,0,0,0,0,0,0,0,0,0
write,1858,4096,6036519,889027,6893,581,5131222,3662741,3,0,0,0,0,471,6552,1773,6036519,0,54095,9,152333,1844629,3280812,0,1263,0,0,0,0,0,0,0,0,0,0,0,0,0,0,0,0,0,0,0,0,0
write,1859,4096,5804815,901721,7364,601,4884880,3507911,3,0,0,0,0,481,7494,2274,5804815,0,54095,9,143617,1745694,3133676,0,1143,0,0,0,0,0,0,0,0,0,0,0,0,0,0,0,0,0,0,0,0,0
write,1860,4096,6153709,1020834,6813,531,5114200,3641910,3,0,0,0,0,451,8666,2214,6153709,0,54095,9,152097,1837877,3270803,0,1091,0,0,0,0,0,0,0,0,0,0,0,0,0,0,0,0,0,0,0,0,0
write,1861,4096,6015851,1004594,7163,571,4991911,3597297,3,0,0,0,0,481,8847,2284,6015851,0,54095,9,149030,1766172,3220028,0,1123,0,0,0,0,0,0,0,0,0,0,0,0,0,0,0,0,0,0,0,0,0
write,1862,4096,6406002,1048857,8926,802,5336747,3816448,3,1,0,0,0,862,7995,1813,6406002,0,54095,9,160436,1889934,3438638,0,2323,0,0,0,0,0,0,0,0,0,0,0,0,0,0,0,0,0,0,0,0,0
write,1863,4096,6263576,890430,8195,702,5353929,3913920,3,0,0,0,0,682,7293,2345,6263576,0,54095,3,168193,1838547,3504111,0,6511,0,0,0,0,0,0,0,0,0,0,0,0,0,0,0,0,0,0,0,0,0
write,1864,4096,6362210,886091,8125,892,5455931,3970337,4,0,0,0,0,601,8326,2244,6362210,0,54095,3,172621,1890595,3558574,0,1413,0,0,0,0,0,0,0,0,0,0,0,0,0,0,0,0,0,0,0,0,0
write,1865,4096,6004850,885951,7274,1182,5100454,3646379,3,0,0,0,0,661,7324,2004,6004850,0,54095,3,150732,1822607,3271354,0,1504,0,0,0,0,0,0,0,0,0,0,0,0,0,0,0,0,0,0,0,0,0
write,1866,4096,5818882,889057,6703,611,4910218,3533226,4,0,0,0,0,581,8947,2765,5818882,0,54095,3,142692,1754069,3150127,0,1142,0,0,0,0,0,0,0,0,0,0,0,0,0,0,0,0,0,0,0,0,0
write,1867,4096,6318859,1054467,8266,871,5245106,3749922,3,0,0,0,0,671,7544,1934,6318859,0,54095,9,160280,1867552,3369789,0,2153,0,0,0,0,0,0,0,0,0,0,0,0,0,0,0,0,0,0,0,0,0
write,1868,4096,7162701,893315,7204,591,6251112,3620178,3,1,0,0,0,490,7595,2394,7162701,0,54095,9,145812,2996038,3248902,0,1452,0,0,0,0,0,0,0,0,0,0,0,0,0,0,0,0,0,0,0,0,0
write,1869,4096,6116250,939662,7404,682,5155938,3735806,3,0,0,0,0,541,9107,2916,6116250,0,54095,3,157572,1812299,3337349,0,1383,0,0,0,0,0,0,0,0,0,0,0,0,0,0,0,0,0,0,0,0,0
write,1870,4096,6578976,902241,7585,701,5658340,4225925,3,0,0,0,0,501,7675,1933,6578976,0,54095,3,195203,1800957,3851252,0,1362,0,0,0,0,0,0,0,0,0,0,0,0,0,0,0,0,0,0,0,0,0
write,1871,4096,6219984,899657,7143,652,5300329,3816418,3,0,0,0,0,491,9447,2265,6219984,0,54095,3,166568,1846763,3447484,0,1233,0,0,0,0,0,0,0,0,0,0,0,0,0,0,0,0,0,0,0,0,0
write,1872,4096,6611508,976752,7875,611,5616061,4112173,3,0,0,0,0,471,7684,2054,6611508,0,54095,3,187586,1879976,3730295,0,1212,0,0,0,0,0,0,0,0,0,0,0,0,0,0,0,0,0,0,0,0,0
write,1873,4096,7511616,901400,7274,1062,6589516,5218747,3,0,0,0,0,712,9047,2605,7511616,0,54095,9,160474,1752516,4827903,0,2615,0,0,0,0,0,0,0,0,0,0,0,0,0,0,0,0,0,0,0,0,0
write,1874,4096,6525266,998823,8646,791,5507528,3982890,3,0,0,0,0,541,6953,1984,6525266,0,54095,9,175558,1924008,3576737,0,1542,0,0,0,0,0,0,0,0,0,0,0,0,0,0,0,0,0,0,0,0,0
write,1875,4096,6033373,899747,8847,781,5110663,3737190,3,0,0,0,0,551,10580,2204,6033373,0,54095,9,156658,1746335,3357476,0,1532,0,0,0,0,0,0,0,0,0,0,0,0,0,0,0,0,0,0,0,0,0
write,1876,4096,6401564,900168,9358,1132,5474035,3997618,3,0,0,0,0,721,12313,3837,6401564,0,54095,9,175684,1850029,3615059,0,2424,0,0,0,0,0,0,0,0,0,0,0,0,0,0,0,0,0,0,0,0,0
write,1877,4096,6413848,901601,10610,872,5489764,4048603,4,0,0,0,0,531,8376,2094,6413848,0,54095,9,181613,1829611,3652670,0,1493,0,0,0,0,0,0,0,0,0,0,0,0,0,0,0,0,0,0,0,0,0
write,1878,4096,6719721,882235,10109,871,5813982,4345360,3,0,0,0,0,552,9638,2334,6719721,0,54095,9,204221,1856141,3945018,0,7705,0,0,0,0,0,0,0,0,0,0,0,0,0,0,0,0,0,0,0,0,0
write,1879,4096,6992201,892874,9728,792,6075442,4591774,3,0,0,0,0,662,9187,3516,6992201,0,54095,9,225199,1866891,4200697,0,1442,0,0,0,0,0,0,0,0,0,0,0,0,0,0,0,0,0,0,0,0,0
write,1880,4096,6772850,899627,9498,1042,5851602,4453582,4,0,0,0,0,531,8246,2304,6772850,0,54095,9,212574,1777173,4067076,0,1612,0,0,0,0,0,0,0,0,0,0,0,0,0,0,0,0,0,0,0,0,0
write,1881,4096,6013086,885360,9689,871,5105504,3532515,3,0,0,0,0,551,9107,2004,6013086,0,54095,9,142626,1936451,3162280,0,1514,0,0,0,0,0,0,0,0,0,0,0,0,0,0,0,0,0,0,0,0,0
write,1882,4096,6198373,886252,9548,881,5286173,3882401,3,0,0,0,0,1322,9438,4759,6198373,0,54095,9,166175,1787121,3491367,0,1674,0,0,0,0,0,0,0,0,0,0,0,0,0,0,0,0,0,0,0,0,0
write,1883,4096,6126979,964599,10259,1122,5137083,3645137,3,0,0,0,0,701,10470,2745,6126979,0,54095,9,146852,1893801,3233284,0,2504,0,0,0,0,0,0,0,0,0,0,0,0,0,0,0,0,0,0,0,0,0
write,1884,4096,6188134,892193,9859,841,5273439,3813383,4,1,0,0,0,992,8526,2284,6188134,0,54095,9,161197,1843066,3421426,0,1962,0,0,0,0,0,0,0,0,0,0,0,0,0,0,0,0,0,0,0,0,0
write,1885,4096,5864257,897743,6703,761,4949311,3562381,4,0,0,0,0,521,7043,2175,5864257,0,54095,3,141335,1789266,3152883,0,1964,0,0,0,0,0,0,0,0,0,0,0,0,0,0,0,0,0,0,0,0,0
write,1886,4096,7208798,1093180,8877,701,6094358,4607813,3,0,0,0,0,752,8676,2254,7208798,0,54095,3,160701,1871570,4215555,0,1613,0,0,0,0,0,0,0,0,0,0,0,0,0,0,0,0,0,0,0,0,0
write,1887,4096,15075008,1176185,10300,1262,13866833,4646926,3,1,0,0,0,1553,13065,5810,15075008,0,54095,10,148905,9664322,4189616,0,3578,0,0,0,0,0,0,0,0,0,0,0,0,0,0,0,0,0,0,0,0,0
write,1888,4096,7979983,1132393,12754,1873,6815290,5181840,4,0,0,0,0,1072,12995,3606,7979983,0,54095,1,186496,2172834,4629791,0,3717,0,0,0,0,0,0,0,0,0,0,0,0,0,0,0,0,0,0,0,0,0
write,1889,4096,7504382,1139667,10800,1313,6333626,4538142,3,0,0,0,0,1273,13124,4579,7504382,0,54095,1,142206,2243076,4078668,0,3248,0,0,0,0,0,0,0,0,0,0,0,0,0,0,0,0,0,0,0,0,0
write,1890,4096,7438198,1559605,10028,1092,5853427,4394823,3,0,0,0,0,851,10400,2795,7438198,0,54095,1,144060,1943294,3899933,0,2654,0,0,0,0,0,0,0,0,0,0,0,0,0,0,0,0,0,0,0,0,0
write,1891,4096,5572169,1510583,9307,1142,4037271,2463822,2,0,0,0,0,861,10069,2936,5572169,0,54095,1,24632,2116749,1766413,0,3346,0,0,0,0,0,0,0,0,0,0,0,0,0,0,0,0,0,0,0,0,0
write,1892,4096,4937529,1097568,11622,1302,3810626,2235692,3,0,0,0,0,932,11081,4398,4937529,0,54095,2,24642,2045716,1754761,0,2805,0,0,0,0,0,0,0,0,0,0,0,0,0,0,0,0,0,0,0,0,0
write,1893,4096,5974934,1668578,10981,1553,4276629,2687982,4,0,0,0,0,1644,10760,4789,5974934,0,54095,3,24628,2090079,2172735,0,4098,0,0,0,0,0,0,0,0,0,0,0,0,0,0,0,0,0,0,0,0,0
write,1894,4096,5682796,1651817,9739,1082,4005721,2625986,3,0,0,0,0,671,11231,2535,5682796,0,54095,0,24618,1807579,2188093,0,2615,0,0,0,0,0,0,0,0,0,0,0,0,0,0,0,0,0,0,0,0,0
write,1895,4096,5187147,1075687,10430,912,4085871,2595207,4,0,0,0,0,662,11381,2204,5187147,0,54095,0,24623,1908790,2168746,0,1882,0,0,0,0,0,0,0,0,0,0,0,0,0,0,0,0,0,0,0,0,0
write,1896,4096,5139087,1088892,9468,831,4027683,2599987,4,0,0,0,0,661,8586,2966,5139087,0,54095,0,24614,1841663,2178265,0,1754,0,0,0,0,0,0,0,0,0,0,0,0,0,0,0,0,0,0,0,0,0
write,1897,4096,4863410,1072601,8566,882,3768767,2183336,3,0,0,0,0,832,9547,2215,4863410,0,54095,0,24637,2012755,1747647,0,1853,0,0,0,0,0,0,0,0,0,0,0,0,0,0,0,0,0,0,0,0,0
write,1898,4096,5093651,1100263,11201,1112,3969223,2561075,3,0,0,0,0,701,8877,2274,5093651,0,54095,0,24626,1814022,2146434,0,2084,0,0,0,0,0,0,0,0,0,0,0,0,0,0,0,0,0,0,0,0,0
write,1899,4096,4832642,1060740,9628,771,3748429,2251383,4,1,0,0,0,681,9899,2494,4832642,0,54095,0,24614,1908098,1832366,0,1942,0,0,0,0,0,0,0,0,0,0,0,0,0,0,0,0,0,0,0,0,0
write,1900,4096,4736072,1073804,10590,1082,3636830,2177444,3,1,0,0,0,691,9979,3096,4736072,0,54095,1,24621,1908118,1720536,0,1934,0,0,0,0,0,0,0,0,0,0,0,0,0,0,0,0,0,0,0,0,0
write,1901,4096,4651212,1071629,10310,1022,3554575,2175120,4,0,0,0,0,641,10340,2695,4651212,0,54095,1,24631,1832807,1713674,0,1793,0,0,0,0,0,0,0,0,0,0,0,0,0,0,0,0,0,0,0,0,0
write,1902,4096,4814448,1063865,10580,1022,3724814,2167776,3,0,0,0,0,592,10860,2715,4814448,0,54095,1,24616,1995913,1721128,0,1653,0,0,0,0,0,0,0,0,0,0,0,0,0,0,0,0,0,0,0,0,0
write,1903,4096,4605687,1056461,10891,941,3524549,2123974,3,0,0,0,0,612,9427,2806,4605687,0,54095,1,24621,1840311,1676845,0,1563,0,0,0,0,0,0,0,0,0,0,0,0,0,0,0,0,0,0,0,0,0
write,1904,4096,4724129,1064647,10460,881,3628384,2112282,3,0,0,0,0,621,16601,2535,4724129,0,54095,1,24632,1952090,1668819,0,1474,0,0,0,0,0,0,0,0,0,0,0,0,0,0,0,0,0,0,0,0,0
write,1905,4096,4637566,1045010,9778,972,3568411,2115929,4,0,0,0,0,641,10039,2715,4637566,0,54095,1,24652,1890856,1670432,0,1503,0,0,0,0,0,0,0,0,0,0,0,0,0,0,0,0,0,0,0,0,0
write,1906,4096,4666040,1048647,10259,892,3593067,2103605,3,0,0,0,0,641,9839,2695,4666040,0,54095,1,24662,1921092,1664761,0,1534,0,0,0,0,0,0,0,0,0,0,0,0,0,0,0,0,0,0,0,0,0
write,1907,4096,4715633,1043377,10499,992,3646448,2116530,4,0,0,0,0,561,11532,2224,4715633,0,54095,1,24667,1976176,1662688,0,1744,0,0,0,0,0,0,0,0,0,0,0,0,0,0,0,0,0,0,0,0,0
write,1908,4096,4533000,1047785,9668,901,3460139,2084399,3,0,0,0,0,581,11451,2475,4533000,0,54095,1,24664,1803352,1649744,0,1484,0,0,0,0,0,0,0,0,0,0,0,0,0,0,0,0,0,0,0,0,0
write,1909,4096,4656071,1046583,10600,901,3585303,2099608,4,0,0,0,0,631,9388,2665,4656071,0,54095,1,24670,1926903,1651016,0,1575,0,0,0,0,0,0,0,0,0,0,0,0,0,0,0,0,0,0,0,0,0
write,1910,4096,4505288,1033819,10209,1052,3445911,2057589,3,0,0,0,0,611,11051,2635,4505288,0,54095,1,24674,1803652,1635066,0,1642,0,0,0,0,0,0,0,0,0,0,0,0,0,0,0,0,0,0,0,0,0
write,1911,4096,4778711,1083432,10229,1533,3670743,2093767,4,0,0,0,0,711,9188,2875,4778711,0,54095,1,24681,2014878,1647109,0,1873,0,0,0,0,0,0,0,0,0,0,0,0,0,0,0,0,0,0,0,0,0
write,1912,4096,4615946,1033999,10530,932,3557060,2119074,4,0,0,0,0,631,10219,2575,4615946,0,54095,1,24727,1867883,1681804,0,1664,0,0,0,0,0,0,0,0,0,0,0,0,0,0,0,0,0,0,0,0,0
write,1913,4096,4626536,1038758,10379,882,3555447,2076163,4,0,0,0,0,1282,15379,4409,4626536,0,54095,1,24653,1909050,1637481,0,2002,0,0,0,0,0,0,0,0,0,0,0,0,0,0,0,0,0,0,0,0,0
write,1914,4096,4732424,1037625,11392,1132,3668088,2157096,3,1,0,0,0,782,10249,3156,4732424,0,54095,1,24667,1960046,1699096,0,2044,0,0,0,0,0,0,0,0,0,0,0,0,0,0,0,0,0,0,0,0,0
write,1915,4096,5755172,1027677,10359,892,4700144,3303436,4,0,0,0,0,801,12153,3146,5755172,0,54095,1,98264,1831294,2860374,0,1854,0,0,0,0,0,0,0,0,0,0,0,0,0,0,0,0,0,0,0,0,0
write,1916,4096,7122927,1045410,10410,1553,6051287,4501533,3,0,0,0,0,611,11221,2435,7122927,0,54095,1,177448,1965746,4076835,0,2256,0,0,0,0,0,0,0,0,0,0,0,0,0,0,0,0,0,0,0,0,0
write,1917,4096,6799941,1026665,10389,1073,5748008,4360128,4,0,0,0,0,561,10490,2755,6799941,0,54095,1,167001,1817979,3922676,0,1695,0,0,0,0,0,0,0,0,0,0,0,0,0,0,0,0,0,0,0,0,0
write,1918,4096,6313058,1032686,9909,982,5256006,3892931,4,0,0,0,0,641,10179,2655,6313058,0,54095,1,127287,1805336,3443177,0,1622,0,0,0,0,0,0,0,0,0,0,0,0,0,0,0,0,0,0,0,0,0
write,1919,4096,6732245,1031515,10609,882,5676014,4230985,4,0,0,0,0,621,10019,2585,6732245,0,54095,1,156537,1880016,3788534,0,1562,0,0,0,0,0,0,0,0,0,0,0,0,0,0,0,0,0,0,0,0,0
write,1920,4096,6624603,1032517,10409,912,5565907,4076565,4,0,0,0,0,661,11652,2545,6624603,0,54095,1,142019,1922164,3636178,0,1542,0,0,0,0,0,0,0,0,0,0,0,0,0,0,0,0,0,0,0,0,0
write,1921,4096,6871906,1047514,10710,872,5798583,4303141,4,0,0,0,0,691,10761,2775,6871906,0,54095,1,157330,1930500,3860780,0,1645,0,0,0,0,0,0,0,0,0,0,0,0,0,0,0,0,0,0,0,0,0
write,1922,4096,6516710,1035371,10450,1132,5457313,4073270,3,0,0,0,0,571,9128,2745,6516710,0,54095,1,143767,1804303,3645526,0,1683,0,0,0,0,0,0,0,0,0,0,0,0,0,0,0,0,0,0,0,0,0
write,1923,4096,6834225,1048526,10961,921,5760032,4172083,4,0,0,0,0,551,10609,2625,6834225,0,54095,1,153433,2020468,3732329,0,1643,0,0,0,0,0,0,0,0,0,0,0,0,0,0,0,0,0,0,0,0,0
write,1924,4096,6585189,1029170,9999,912,5531292,4127342,3,0,0,0,0,571,10660,2585,6585189,0,54095,1,146762,1825193,3698616,0,1602,0,0,0,0,0,0,0,0,0,0,0,0,0,0,0,0,0,0,0,0,0
write,1925,4096,6800432,1049628,10319,802,5726458,4231275,4,0,0,0,0,601,9498,3126,6800432,0,54095,1,151426,1942322,3776692,0,1624,0,0,0,0,0,0,0,0,0,0,0,0,0,0,0,0,0,0,0,0,0
write,1926,4096,6833013,1034931,10830,962,5773296,4337165,3,0,0,0,0,581,9528,2885,6833013,0,54095,1,159899,1858715,3907187,0,1632,0,0,0,0,0,0,0,0,0,0,0,0,0,0,0,0,0,0,0,0,0
write,1927,4096,6916690,1045911,10520,882,5845301,4425150,4,0,0,0,0,601,10349,3126,6916690,0,54095,1,161531,1853947,3983861,0,1642,0,0,0,0,0,0,0,0,0,0,0,0,0,0,0,0,0,0,0,0,0
write,1928,4096,7209018,1037806,10559,992,6145975,4657195,4,0,0,0,0,541,10620,2525,7209018,0,54095,1,180427,1929799,4209002,0,1553,0,0,0,0,0,0,0,0,0,0,0,0,0,0,0,0,0,0,0,0,0
write,1929,4096,6766328,1038727,10520,892,5696121,4303722,3,0,0,0,0,1663,12574,5831,6766328,0,54095,1,150878,1851502,3833629,0,2704,0,0,0,0,0,0,0,0,0,0,0,0,0,0,0,0,0,0,0,0,0
write,1930,4096,6727976,1076619,12043,1783,5624838,4034315,3,1,0,0,0,871,9428,2394,6727976,0,54095,1,133756,2024717,3589240,0,3045,0,0,0,0,0,0,0,0,0,0,0,0,0,0,0,0,0,0,0,0,0
write,1931,4096,26163622,1073143,8456,831,25066434,4359066,4,1,0,0,0,832,9788,4138,26163622,0,54095,3,134809,21133008,3923848,0,2796,0,0,0,0,0,0,0,0,0,0,0,0,0,0,0,0,0,0,0,0,0
write,1932,4096,6538992,1055319,10740,982,5457213,3918820,3,0,0,0,0,731,11322,2685,6538992,0,54095,1,131734,1981396,3466500,0,2495,0,0,0,0,0,0,0,0,0,0,0,0,0,0,0,0,0,0,0,0,0
write,1933,4096,6692059,1036564,10410,1041,5631090,3982190,4,0,0,0,0,631,9688,2635,6692059,0,54095,1,132000,2096481,3527154,0,1533,0,0,0,0,0,0,0,0,0,0,0,0,0,0,0,0,0,0,0,0,0
write,1934,4096,6299102,1045401,10559,952,5227853,3814163,3,0,0,0,0,561,11101,2675,6299102,0,54095,1,126285,1836144,3384466,0,1563,0,0,0,0,0,0,0,0,0,0,0,0,0,0,0,0,0,0,0,0,0
write,1935,4096,6704473,1035001,10139,962,5645657,4096885,3,0,0,0,0,601,9438,2675,6704473,0,54095,1,147581,1978741,3659723,0,1582,0,0,0,0,0,0,0,0,0,0,0,0,0,0,0,0,0,0,0,0,0
write,1936,4096,6604334,1033448,10439,922,5546160,4166024,4,1,0,0,0,832,10359,2174,6604334,0,54095,1,153079,1798813,3737588,0,2093,0,0,0,0,0,0,0,0,0,0,0,0,0,0,0,0,0,0,0,0,0
write,1937,4096,6461617,1028519,8776,812,5412880,3920894,3,0,0,0,0,591,7664,2375,6461617,0,54095,3,128826,1931732,3474104,0,1664,0,0,0,0,0,0,0,0,0,0,0,0,0,0,0,0,0,0,0,0,0
write,1938,4096,6492093,1045009,7735,701,5428469,3980104,3,0,0,0,0,631,7204,2344,6492093,0,54095,3,139958,1857874,3563933,0,1403,0,0,0,0,0,0,0,0,0,0,0,0,0,0,0,0,0,0,0,0,0
write,1939,4096,6474130,1025463,8295,732,5428710,4067489,4,0,0,0,0,501,8265,2164,6474130,0,54095,3,141377,1798943,3623435,0,1333,0,0,0,0,0,0,0,0,0,0,0,0,0,0,0,0,0,0,0,0,0
write,1940,4096,6522521,1038988,7374,671,5464798,3975637,3,0,0,0,0,450,8035,2205,6522521,0,54095,3,136784,1903770,3555047,0,1173,0,0,0,0,0,0,0,0,0,0,0,0,0,0,0,0,0,0,0,0,0
write,1941,4096,6691758,1058184,12835,1062,5606693,4230545,4,0,0,0,0,721,10029,2234,6691758,0,54095,1,153583,1820113,3777083,0,2363,0,0,0,0,0,0,0,0,0,0,0,0,0,0,0,0,0,0,0,0,0
write,1942,4096,6460856,1046824,8115,671,5393644,3873855,3,0,0,0,0,691,8005,2906,6460856,0,54095,1,128608,1939898,3446663,0,1504,0,0,0,0,0,0,0,0,0,0,0,0,0,0,0,0,0,0,0,0,0
write,1943,4096,6924314,1034530,8005,681,5869777,4460307,4,1,0,0,0,571,8526,2224,6924314,0,54095,1,163580,1833238,4029256,0,1863,0,0,0,0,0,0,0,0,0,0,0,0,0,0,0,0,0,0,0,0,0
write,1944,4096,6693382,1046933,11762,772,5623395,4137611,3,0,0,0,0,551,7865,2104,6693382,0,54095,3,147757,1919469,3696511,0,1996,0,0,0,0,0,0,0,0,0,0,0,0,0,0,0,0,0,0,0,0,0
write,1945,4096,7043678,1039409,11672,1192,5980335,4546777,3,0,0,0,0,811,8045,2214,7043678,0,54095,9,173780,1890786,4080732,0,2243,0,0,0,0,0,0,0,0,0,0,0,0,0,0,0,0,0,0,0,0,0
write,1946,4096,7015195,1060248,8506,882,5934618,4549031,3,1,0,0,0,561,8156,2224,7015195,0,54095,9,172775,1824993,4102112,0,1702,0,0,0,0,0,0,0,0,0,0,0,0,0,0,0,0,0,0,0,0,0
write,1947,4096,7208006,1033538,8606,722,6154751,4591122,4,0,0,0,0,531,7765,2093,7208006,0,54095,3,176174,2011602,4136467,0,1522,0,0,0,0,0,0,0,0,0,0,0,0,0,0,0,0,0,0,0,0,0
write,1948,4096,7088863,1048136,7955,721,6020870,4596571,3,0,0,0,0,531,8226,2424,7088863,0,54095,3,178257,1850079,4164259,0,1353,0,0,0,0,0,0,0,0,0,0,0,0,0,0,0,0,0,0,0,0,0
write,1949,4096,7142193,1035382,7935,711,6087215,4507023,4,0,0,0,0,551,8285,2114,7142193,0,54095,3,167890,2025949,4054533,0,1482,0,0,0,0,0,0,0,0,0,0,0,0,0,0,0,0,0,0,0,0,0
write,1950,4096,7047084,1064756,8907,932,5959425,4553901,3,0,0,0,0,871,9678,2515,7047084,0,54095,9,174110,1835332,4114976,0,2545,0,0,0,0,0,0,0,0,0,0,0,0,0,0,0,0,0,0,0,0,0
write,1951,4096,7232573,1043727,7815,671,6169409,4683213,3,0,0,0,0,671,7905,2375,7232573,0,54095,9,184712,1926192,4236554,0,1322,0,0,0,0,0,0,0,0,0,0,0,0,0,0,0,0,0,0,0,0,0
write,1952,4096,7314135,1050550,8175,731,6243428,4785675,3,0,0,0,0,601,8486,2164,7314135,0,54095,9,187446,1888010,4348634,0,1504,0,0,0,0,0,0,0,0,0,0,0,0,0,0,0,0,0,0,0,0,0
write,1953,4096,7284309,1029460,8516,641,6234551,4844197,3,1,0,0,0,772,8015,2354,7284309,0,54095,9,189405,1815094,4412013,0,1994,0,0,0,0,0,0,0,0,0,0,0,0,0,0,0,0,0,0,0,0,0
write,1954,4096,6458811,1033448,7344,811,5406669,3931224,3,0,0,0,0,521,7784,2234,6458811,0,54095,3,131618,1899542,3499782,0,1783,0,0,0,0,0,0,0,0,0,0,0,0,0,0,0,0,0,0,0,0,0
write,1955,4096,6388229,1045961,8046,761,5323062,3918198,4,0,0,0,0,591,7654,2154,6388229,0,54095,9,129444,1836504,3478984,0,1733,0,0,0,0,0,0,0,0,0,0,0,0,0,0,0,0,0,0,0,0,0
write,1956,4096,6660139,1054117,8956,662,5585714,4011996,3,0,0,0,0,531,8085,2074,6660139,0,54095,9,139099,2006643,3572600,0,1362,0,0,0,0,0,0,0,0,0,0,0,0,0,0,0,0,0,0,0,0,0
write,1957,4096,6452780,1029580,7925,722,5404705,3972249,4,0,0,0,0,551,7203,2094,6452780,0,54095,9,134334,1862953,3535339,0,1272,0,0,0,0,0,0,0,0,0,0,0,0,0,0,0,0,0,0,0,0,0
write,1958,4096,6653626,1062091,8166,1041,5571718,4083929,3,1,0,0,0,652,7824,2134,6653626,0,54095,9,142658,1898680,3664591,0,2183,0,0,0,0,0,0,0,0,0,0,0,0,0,0,0,0,0,0,0,0,0
write,1959,4096,6719921,1035572,8646,812,5665073,4182122,4,0,0,0,0,521,7234,2063,6719921,0,54095,3,150233,1928516,3728993,0,1614,0,0,0,0,0,0,0,0,0,0,0,0,0,0,0,0,0,0,0,0,0
write,1960,4096,6860915,1041994,7955,751,5798774,4415793,3,0,0,0,0,721,8536,2184,6860915,0,54095,9,165569,1813140,3977879,0,1734,0,0,0,0,0,0,0,0,0,0,0,0,0,0,0,0,0,0,0,0,0
write,1961,4096,6492284,1031675,7634,802,5439530,3947643,3,1,0,0,0,511,9958,2174,6492284,0,54095,9,127359,1914911,3517677,0,1572,0,0,0,0,0,0,0,0,0,0,0,0,0,0,0,0,0,0,0,0,0
write,1962,4096,6665559,1036283,9267,832,5609288,4211049,3,0,0,0,0,531,7234,2124,6665559,0,54095,3,153115,1834169,3768046,0,1624,0,0,0,0,0,0,0,0,0,0,0,0,0,0,0,0,0,0,0,0,0
write,1963,4096,6865424,1026635,7595,731,5819663,4244551,3,0,0,0,0,581,8135,2084,6865424,0,54095,3,153441,2007304,3805897,0,1253,0,0,0,0,0,0,0,0,0,0,0,0,0,0,0,0,0,0,0,0,0
write,1964,4096,6802776,1031955,7584,702,5748339,4312089,3,0,0,0,0,801,10620,2775,6802776,0,54095,3,152445,1865808,3874926,0,1833,0,0,0,0,0,0,0,0,0,0,0,0,0,0,0,0,0,0,0,0,0
write,1965,4096,6828194,1043246,9708,771,5762977,4275620,3,0,0,0,0,571,8556,2365,6828194,0,54095,3,153166,1919329,3836394,0,1563,0,0,0,0,0,0,0,0,0,0,0,0,0,0,0,0,0,0,0,0,0
write,1966,4096,6903184,1050710,8686,701,5831175,4366270,4,0,0,0,0,531,9107,2274,6903184,0,54095,3,158764,1912656,3911905,0,1333,0,0,0,0,0,0,0,0,0,0,0,0,0,0,0,0,0,0,0,0,0
write,1967,4096,6579648,1033789,8365,832,5524930,4145133,3,0,0,0,0,641,8947,2144,6579648,0,54095,3,141772,1806828,3710979,0,1512,0,0,0,0,0,0,0,0,0,0,0,0,0,0,0,0,0,0,0,0,0
write,1968,4096,6946696,1043887,8747,721,5881338,4361489,4,0,0,0,0,662,8886,2455,6946696,0,54095,3,159121,1974513,3899973,0,1362,0,0,0,0,0,0,0,0,0,0,0,0,0,0,0,0,0,0,0,0,0
write,1969,4096,6985028,1043166,9147,1132,5919681,4533371,3,0,0,0,0,741,8977,2184,6985028,0,54095,9,172760,1825583,4085251,0,2656,0,0,0,0,0,0,0,0,0,0,0,0,0,0,0,0,0,0,0,0,0
write,1970,4096,7502699,1045190,7564,571,6438513,5065340,3,1,0,0,0,531,8156,2174,7502699,0,54095,9,206432,1798853,4632877,0,1493,0,0,0,0,0,0,0,0,0,0,0,0,0,0,0,0,0,0,0,0,0
write,1971,4096,7114781,1033578,8686,822,6060715,4616788,3,0,0,0,0,531,8235,2214,7114781,0,54095,3,176536,1900463,4153268,0,1505,0,0,0,0,0,0,0,0,0,0,0,0,0,0,0,0,0,0,0,0,0
write,1972,4096,7623836,1053015,7664,671,6552037,5069999,4,0,0,0,0,501,7894,2054,7623836,0,54095,3,208518,1928456,4617058,0,1343,0,0,0,0,0,0,0,0,0,0,0,0,0,0,0,0,0,0,0,0,0
write,1973,4096,7157081,1035532,7674,712,6102733,4601922,3,0,0,0,0,601,7735,2094,7157081,0,54095,3,177510,1919920,4175980,0,1372,0,0,0,0,0,0,0,0,0,0,0,0,0,0,0,0,0,0,0,0,0
write,1974,4096,7106566,1048136,7564,711,6039856,4670698,3,0,0,0,0,581,7645,2073,7106566,0,54095,3,178446,1806146,4226906,0,1394,0,0,0,0,0,0,0,0,0,0,0,0,0,0,0,0,0,0,0,0,0
write,1975,4096,7465299,1033638,7825,741,6412335,4876556,3,0,0,0,0,601,8075,2084,7465299,0,54095,3,196079,1966046,4439585,0,1404,0,0,0,0,0,0,0,0,0,0,0,0,0,0,0,0,0,0,0,0,0
write,1976,4096,7476120,1086508,9227,1002,6368362,4965993,4,0,0,0,0,701,8186,2134,7476120,0,54095,9,201816,1839059,4520998,0,2135,0,0,0,0,0,0,0,0,0,0,0,0,0,0,0,0,0,0,0,0,0
write,1977,4096,8018275,1030863,7824,692,6967815,5476842,3,1,0,0,0,592,8335,2154,8018275,0,54095,9,235233,1923216,5037917,0,1341,0,0,0,0,0,0,0,0,0,0,0,0,0,0,0,0,0,0,0,0,0
write,1978,4096,6793138,1041844,8205,782,5731637,4306287,3,0,0,0,0,551,7805,2314,6793138,0,54095,3,154870,1858545,3866109,0,1433,0,0,0,0,0,0,0,0,0,0,0,0,0,0,0,0,0,0,0,0,0
write,1979,4096,6454413,1031725,8676,752,5398663,3926836,3,0,0,0,0,531,11802,2264,6454413,0,54095,3,131467,1905163,3486638,0,1363,0,0,0,0,0,0,0,0,0,0,0,0,0,0,0,0,0,0,0,0,0
write,1980,4096,6366559,1049388,7464,681,5298215,3840654,3,0,0,0,0,511,8176,2124,6366559,0,54095,3,124573,1877611,3414072,0,1252,0,0,0,0,0,0,0,0,0,0,0,0,0,0,0,0,0,0,0,0,0
write,1981,4096,6530837,1053426,8816,782,5457363,4057411,3,0,0,0,0,611,7705,2134,6530837,0,54095,9,138497,1828028,3621701,0,1812,0,0,0,0,0,0,0,0,0,0,0,0,0,0,0,0,0,0,0,0,0
write,1982,4096,16013408,1062963,8416,691,14930016,4163459,3,0,0,0,0,541,8667,2114,16013408,0,54095,9,149253,11201625,3722009,0,1273,0,0,0,0,0,0,0,0,0,0,0,0,0,0,0,0,0,0,0,0,0
write,1983,4096,6510629,1029832,7764,611,5461582,3957944,3,0,0,0,0,541,8115,2184,6510629,0,54095,9,135195,1923988,3531351,0,1223,0,0,0,0,0,0,0,0,0,0,0,0,0,0,0,0,0,0,0,0,0
write,1984,4096,7348840,1042324,7575,911,6287791,4624224,4,0,0,0,0,521,7514,2204,7348840,0,54095,9,180106,2108735,4171502,0,1673,0,0,0,0,0,0,0,0,0,0,0,0,0,0,0,0,0,0,0,0,0
write,1985,4096,6664838,1031554,8035,632,5614548,4139102,3,0,0,0,0,511,7354,2204,6664838,0,54095,9,145856,1893601,3714726,0,1242,0,0,0,0,0,0,0,0,0,0,0,0,0,0,0,0,0,0,0,0,0
write,1986,4096,6662012,1054297,7754,631,5589151,4107696,3,0,0,0,0,491,7544,2144,6662012,0,54095,9,144587,1903169,3679670,0,1273,0,0,0,0,0,0,0,0,0,0,0,0,0,0,0,0,0,0,0,0,0
write,1987,4096,7748419,1032837,7464,661,6697128,4151105,3,1,0,0,0,731,7414,2184,7748419,0,54095,9,149206,2967444,3721999,0,2034,0,0,0,0,0,0,0,0,0,0,0,0,0,0,0,0,0,0,0,0,0
write,1988,4096,7115643,1043727,7865,791,6050276,4534124,3,0,0,0,0,671,8967,3346,7115643,0,54095,3,173170,1958783,4083597,0,1853,0,0,0,0,0,0,0,0,0,0,0,0,0,0,0,0,0,0,0,0,0
write,1989,4096,115330526,1057193,10550,1082,114240602,3882132,5,0,0,0,0,1653,13074,6372,115330526,0,54095,8,142375,110705483,3522785,0,3105,0,0,0,0,0,0,0,0,0,0,0,0,0,0,0,0,0,0,0,0,0
write,1990,4096,7651638,1092107,11732,1213,6532369,4825300,3,0,0,0,0,1042,9207,3968,7651638,0,54095,8,169665,2112631,4409048,0,3025,0,0,0,0,0,0,0,0,0,0,0,0,0,0,0,0,0,0,0,0,0
write,1991,4096,6390844,1089643,8196,1042,5280572,3381603,3,0,0,0,0,581,8295,2515,6390844,0,54095,8,142651,2258114,3013631,0,2335,0,0,0,0,0,0,0,0,0,0,0,0,0,0,0,0,0,0,0,0,0
write,1992,4096,6271480,1046913,7745,611,5206232,3606745,4,0,0,0,0,511,7334,2134,6271480,0,54095,8,165009,1951851,3248571,0,1314,0,0,0,0,0,0,0,0,0,0,0,0,0,0,0,0,0,0,0,0,0
write,1993,4096,6193233,1053475,7534,611,5121364,3614037,3,0,0,0,0,411,7644,2194,6193233,0,54095,8,167871,1844258,3271815,0,1152,0,0,0,0,0,0,0,0,0,0,0,0,0,0,0,0,0,0,0,0,0
write,1994,4096,6668585,1038637,6803,581,5611703,4187474,4,0,0,0,0,471,8215,2175,6668585,0,54095,8,216411,1779297,3827026,0,1173,0,0,0,0,0,0,0,0,0,0,0,0,0,0,0,0,0,0,0,0,0
write,1995,4096,6154471,1035803,7183,621,5100274,3726942,4,0,0,0,0,421,7915,2254,6154471,0,54095,8,178505,1721378,3373536,0,1122,0,0,0,0,0,0,0,0,0,0,0,0,0,0,0,0,0,0,0,0,0
write,1996,4096,6101291,1050219,7184,531,5032497,3562152,3,0,0,0,0,400,8286,2174,6101291,0,54095,8,164080,1824150,3203046,0,1133,0,0,0,0,0,0,0,0,0,0,0,0,0,0,0,0,0,0,0,0,0
write,1997,4096,6216086,1032826,7635,601,5164494,3761394,3,0,0,0,0,381,8025,2124,6216086,0,54095,8,180921,1753228,3406107,0,1103,0,0,0,0,0,0,0,0,0,0,0,0,0,0,0,0,0,0,0,0,0
write,1998,4096,6488457,1057042,9017,871,5402571,3809945,3,0,0,0,0,1222,12524,5210,6488457,0,54095,8,164061,1961909,3427948,0,2695,0,0,0,0,0,0,0,0,0,0,0,0,0,0,0,0,0,0,0,0,0
write,1999,4096,6303170,1082190,9077,1032,5200271,3800848,3,0,0,0,0,411,7785,2404,6303170,0,54095,8,177973,1814052,3377053,0,2665,0,0,0,0,0,0,0,0,0,0,0,0,0,0,0,0,0,0,0,0,0
write,2000,4096,6447741,1029290,6763,531,5401619,3914592,4,0,0,0,0,431,6963,2144,6447741,0,54095,8,192414,1849808,3546750,0,1062,0,0,0,0,0,0,0,0,0,0,0,0,0,0,0,0,0,0,0,0,0
write,2001,4096,6650972,1028429,6502,591,5604469,4131269,3,0,0,0,0,441,8236,2304,6650972,0,54095,8,212702,1809764,3789446,0,1122,0,0,0,0,0,0,0,0,0,0,0,0,0,0,0,0,0,0,0,0,0
write,2002,4096,6346772,1054017,7133,561,5274431,3898233,3,0,0,0,0,390,8025,2215,6346772,0,54095,8,191574,1726909,3542392,0,1102,0,0,0,0,0,0,0,0,0,0,0,0,0,0,0,0,0,0,0,0,0
write,2003,4096,5712602,1035662,7364,531,4657624,3184963,4,0,0,0,0,491,8806,2124,5712602,0,54095,8,134354,1818540,2833423,0,1142,0,0,0,0,0,0,0,0,0,0,0,0,0,0,0,0,0,0,0,0,0
write,2004,4096,5591405,1031344,6512,571,4542007,3148324,4,0,0,0,0,441,8396,2134,5591405,0,54095,8,129909,1742899,2793899,0,1141,0,0,0,0,0,0,0,0,0,0,0,0,0,0,0,0,0,0,0,0,0
write,2005,4096,5813491,1052924,6893,531,4743515,3194522,3,0,0,0,0,371,7133,2124,5813491,0,54095,8,137507,1876219,2862317,0,1032,0,0,0,0,0,0,0,0,0,0,0,0,0,0,0,0,0,0,0,0,0
write,2006,4096,5611883,1032706,6943,511,4560993,3130905,4,0,0,0,0,441,7704,2585,5611883,0,54095,8,131127,1773386,2782467,0,1022,0,0,0,0,0,0,0,0,0,0,0,0,0,0,0,0,0,0,0,0,0
write,2007,4096,5719906,1028218,7795,500,4664998,3188261,3,0,0,0,0,451,15820,2124,5719906,0,54095,8,136651,1815946,2843933,0,1051,0,0,0,0,0,0,0,0,0,0,0,0,0,0,0,0,0,0,0,0,0
write,2008,4096,5983791,1045069,7575,601,4920427,3427458,4,0,0,0,0,440,7575,2104,5983791,0,54095,8,153243,1853936,3060860,0,1231,0,0,0,0,0,0,0,0,0,0,0,0,0,0,0,0,0,0,0,0,0
write,2009,4096,6020971,1029100,7985,992,4973135,3596877,3,0,0,0,0,461,7244,2054,6020971,0,54095,8,169350,1725636,3240687,0,1544,0,0,0,0,0,0,0,0,0,0,0,0,0,0,0,0,0,0,0,0,0
write,2010,4096,5824021,1024542,6552,541,4782808,3310139,4,0,0,0,0,391,7154,2033,5824021,0,54095,8,143462,1820664,2957155,0,993,0,0,0,0,0,0,0,0,0,0,0,0,0,0,0,0,0,0,0,0,0
write,2011,4096,6009850,1047575,6722,511,4944802,3566178,4,0,0,0,0,431,7665,2144,6009850,0,54095,8,168959,1721248,3218525,0,1093,0,0,0,0,0,0,0,0,0,0,0,0,0,0,0,0,0,0,0,0,0
write,2012,4096,6055806,1022738,6923,571,5015445,3503843,3,0,0,0,0,421,7644,2064,6055806,0,54095,8,159724,1847525,3162740,0,1092,0,0,0,0,0,0,0,0,0,0,0,0,0,0,0,0,0,0,0,0,0
write,2013,4096,6028885,1048255,7244,581,4962456,3530872,3,0,0,0,0,380,7695,2274,6028885,0,54095,8,164212,1764269,3193158,0,1042,0,0,0,0,0,0,0,0,0,0,0,0,0,0,0,0,0,0,0,0,0
write,2014,4096,6240953,1022888,6462,531,5200212,3692505,4,0,0,0,0,420,8336,2104,6240953,0,54095,8,177172,1847364,3347848,0,1032,0,0,0,0,0,0,0,0,0,0,0,0,0,0,0,0,0,0,0,0,0
write,2015,4096,6031680,1034079,7374,601,4979878,3507469,3,0,0,0,0,471,7003,2274,6031680,0,54095,8,155550,1812489,3162200,0,1072,0,0,0,0,0,0,0,0,0,0,0,0,0,0,0,0,0,0,0,0,0
write,2016,4096,5901777,1021526,6542,511,4863249,3489294,4,0,0,0,0,411,7404,2134,5901777,0,54095,8,160209,1718863,3139086,0,1133,0,0,0,0,0,0,0,0,0,0,0,0,0,0,0,0,0,0,0,0,0
write,2017,4096,5613496,1030853,7203,581,4562626,3026907,2,0,0,0,0,902,8867,2464,5613496,0,54095,8,24645,1947882,2479509,0,2395,0,0,0,0,0,0,0,0,0,0,0,0,0,0,0,0,0,0,0,0,0
write,2018,4096,4661872,1013360,9809,942,3626249,2146345,3,2,0,0,0,662,9097,1753,4661872,0,54095,3,24632,1947682,1669631,0,2535,0,0,0,0,0,0,0,0,0,0,0,0,0,0,0,0,0,0,0,0,0
write,2019,4096,4004469,817132,7173,802,3169664,1694538,4,0,0,0,0,491,6973,2234,4004469,0,54095,0,24626,1840111,1322911,0,1654,0,0,0,0,0,0,0,0,0,0,0,0,0,0,0,0,0,0,0,0,0
write,2020,4096,3960426,815619,7544,752,3125751,1663530,3,0,0,0,0,481,8486,1793,3960426,0,54095,0,24623,1807509,1312270,0,1292,0,0,0,0,0,0,0,0,0,0,0,0,0,0,0,0,0,0,0,0,0
write,2021,4096,3891397,821751,8917,891,3048907,1667977,3,0,0,0,0,461,8686,1784,3891397,0,54095,0,24662,1728040,1314485,0,1432,0,0,0,0,0,0,0,0,0,0,0,0,0,0,0,0,0,0,0,0,0
write,2022,4096,4063189,815369,8305,732,3229215,1663690,4,0,0,0,0,481,7103,1984,4063189,0,54095,0,24631,1930020,1293545,0,1222,0,0,0,0,0,0,0,0,0,0,0,0,0,0,0,0,0,0,0,0,0
write,2023,4096,3919309,822672,7073,852,3078082,1659713,3,0,0,0,0,511,8175,1944,3919309,0,54095,0,24629,1761764,1309856,0,1493,0,0,0,0,0,0,0,0,0,0,0,0,0,0,0,0,0,0,0,0,0
write,2024,4096,4024116,818104,8245,732,3187667,1659090,4,0,0,0,0,451,6853,2064,4024116,0,54095,0,24628,1869325,1312532,0,1272,0,0,0,0,0,0,0,0,0,0,0,0,0,0,0,0,0,0,0,0,0
write,2025,4096,4378190,823134,10159,1262,3530681,2099739,4,1,0,0,0,551,9598,2805,4378190,0,54095,1,24632,1866790,1654432,0,2474,0,0,0,0,0,0,0,0,0,0,0,0,0,0,0,0,0,0,0,0,0
write,2026,4096,4182974,1054137,8045,801,3107117,1713684,3,0,0,0,0,571,9347,2956,4182974,0,54095,0,24632,1728351,1371732,0,1622,0,0,0,0,0,0,0,0,0,0,0,0,0,0,0,0,0,0,0,0,0
write,2027,4096,4074551,858400,7514,932,3191394,1699668,4,0,0,0,0,1183,10409,4719,4074551,0,54095,0,24664,1862582,1319204,0,2104,0,0,0,0,0,0,0,0,0,0,0,0,0,0,0,0,0,0,0,0,0
write,2028,4096,3936983,845986,8707,1002,3069916,1675582,3,0,0,0,0,491,9157,1724,3936983,0,54095,0,24686,1736656,1324814,0,2235,0,0,0,0,0,0,0,0,0,0,0,0,0,0,0,0,0,0,0,0,0
write,2029,4096,3995382,820679,7995,772,3154946,1656038,3,0,0,0,0,521,8696,1773,3995382,0,54095,0,24684,1835722,1313483,0,1161,0,0,0,0,0,0,0,0,0,0,0,0,0,0,0,0,0,0,0,0,0
write,2030,4096,3898931,826580,8265,692,3052333,1665573,3,0,0,0,0,471,8576,2014,3898931,0,54095,0,24684,1728622,1317791,0,1223,0,0,0,0,0,0,0,0,0,0,0,0,0,0,0,0,0,0,0,0,0
write,2031,4096,3991445,826590,7925,931,3143585,1669393,3,0,0,0,0,431,8576,3407,3991445,0,54095,0,24672,1818510,1319244,0,1232,0,0,0,0,0,0,0,0,0,0,0,0,0,0,0,0,0,0,0,0,0
write,2032,4096,3927966,815259,8035,782,3092769,1658641,3,0,0,0,0,411,8936,1774,3927966,0,54095,0,24665,1771622,1315396,0,1191,0,0,0,0,0,0,0,0,0,0,0,0,0,0,0,0,0,0,0,0,0
write,2033,4096,3894934,829917,7824,982,3044770,1673127,3,0,0,0,0,521,8776,2144,3894934,0,54095,0,24703,1720145,1317991,0,1423,0,0,0,0,0,0,0,0,0,0,0,0,0,0,0,0,0,0,0,0,0
write,2034,4096,3991856,816060,8456,19807,3137574,1662118,3,0,0,0,0,441,7804,1714,3991856,0,54095,0,24693,1814372,1317390,0,1322,0,0,0,0,0,0,0,0,0,0,0,0,0,0,0,0,0,0,0,0,0
write,2035,4096,3937193,817744,7163,721,3100835,1673486,4,0,0,0,0,431,8165,2134,3937193,0,54095,0,24680,1782933,1311990,0,1243,0,0,0,0,0,0,0,0,0,0,0,0,0,0,0,0,0,0,0,0,0
write,2036,4096,4016882,817834,8295,711,3180845,1667978,3,0,0,0,0,441,6893,1863,4016882,0,54095,0,24676,1849919,1325295,0,1183,0,0,0,0,0,0,0,0,0,0,0,0,0,0,0,0,0,0,0,0,0
write,2037,4096,3910623,817493,8145,641,3074255,1676823,4,0,0,0,0,461,7735,1893,3910623,0,54095,0,24679,1747216,1321448,0,1232,0,0,0,0,0,0,0,0,0,0,0,0,0,0,0,0,0,0,0,0,0
write,2038,4096,4034155,822422,7624,852,3193669,1703928,3,1,0,0,0,841,7063,1684,4034155,0,54095,0,24701,1831284,1353659,0,2344,0,0,0,0,0,0,0,0,0,0,0,0,0,0,0,0,0,0,0,0,0
write,2039,4096,4382749,820198,8095,772,3542252,2081323,4,0,0,0,0,451,8226,2755,4382749,0,54095,2,24701,1915262,1620299,0,1654,0,0,0,0,0,0,0,0,0,0,0,0,0,0,0,0,0,0,0,0,0
write,2040,4096,5001729,1473132,8356,601,3507868,2116730,3,1,0,0,0,721,8256,2795,5001729,0,54095,2,24681,1797911,1702552,0,2085,0,0,0,0,0,0,0,0,0,0,0,0,0,0,0,0,0,0,0,0,0
write,2041,4096,5617634,1136541,7234,751,4461927,2984667,3,0,0,0,0,601,8256,2324,5617634,0,54095,1,81712,1921073,2533520,0,1844,0,0,0,0,0,0,0,0,0,0,0,0,0,0,0,0,0,0,0,0,0
write,2042,4096,6261712,859502,8676,771,5382664,3994051,3,0,0,0,0,481,7644,1974,6261712,0,54095,1,152726,1810766,3565156,0,1472,0,0,0,0,0,0,0,0,0,0,0,0,0,0,0,0,0,0,0,0,0
write,2043,4096,6578526,814528,7354,911,5745103,4203583,3,0,0,0,0,571,7895,2164,6578526,0,54095,1,174656,1961168,3776692,0,1574,0,0,0,0,0,0,0,0,0,0,0,0,0,0,0,0,0,0,0,0,0
write,2044,4096,7211573,816531,8396,922,6375365,4921009,3,0,0,0,0,450,7575,2334,7211573,0,54095,1,239570,1876910,4491703,0,1464,0,0,0,0,0,0,0,0,0,0,0,0,0,0,0,0,0,0,0,0,0
write,2045,4096,6598072,1103279,6211,551,5477502,4003638,3,0,0,0,0,561,8195,1773,6598072,0,54095,1,147237,1889393,3581857,0,1273,0,0,0,0,0,0,0,0,0,0,0,0,0,0,0,0,0,0,0,0,0
write,2046,4096,6203533,832792,7684,742,5352086,3886099,3,0,0,0,0,431,7484,2314,6203533,0,54095,1,138418,1883803,3462102,0,1311,0,0,0,0,0,0,0,0,0,0,0,0,0,0,0,0,0,0,0,0,0
write,2047,4096,6210576,921227,7665,651,5269321,3895175,3,1,0,0,0,451,8956,2305,6210576,0,54095,1,151083,1797089,3466250,0,1192,0,0,0,0,0,0,0,0,0,0,0,0,0,0,0,0,0,0,0,0,0
write,2048,4096,6844564,1138715,7805,871,5685131,4219794,3,0,0,0,0,501,9167,2374,6844564,0,54095,1,184394,1876790,3801649,0,1542,0,0,0,0,0,0,0,0,0,0,0,0,0,0,0,0,0,0,0,0,0
write,2049,4096,7101427,918432,8556,942,6160322,4767582,3,1,0,0,0,611,9177,3387,7101427,0,54095,1,199975,1824181,4328658,0,2082,0,0,0,0,0,0,0,0,0,0,0,0,0,0,0,0,0,0,0,0,0
write,2050,4096,6624362,1172358,9278,871,5428850,3916336,3,0,0,0,0,561,9979,2465,6624362,0,54095,0,195264,1884063,3537734,0,1732,0,0,0,0,0,0,0,0,0,0,0,0,0,0,0,0,0,0,0,0,0
write,2051,4096,5837517,849273,8786,882,4968126,3500066,4,0,0,0,0,541,7695,2214,5837517,0,54095,0,158338,1836895,3124820,0,1392,0,0,0,0,0,0,0,0,0,0,0,0,0,0,0,0,0,0,0,0,0
write,2052,4096,5487100,835227,8426,821,4631595,3121956,3,0,0,0,0,511,8376,2144,5487100,0,54095,0,125733,1857904,2767509,0,1423,0,0,0,0,0,0,0,0,0,0,0,0,0,0,0,0,0,0,0,0,0
write,2053,4096,5862694,834756,8997,801,5007721,3514201,3,2,0,0,0,521,7834,2064,5862694,0,54095,0,139896,1843447,3158132,0,1333,0,0,0,0,0,0,0,0,0,0,0,0,0,0,0,0,0,0,0,0,0
write,2054,4096,5686964,847149,8726,791,4819899,3435033,3,0,0,0,0,481,7774,2144,5686964,0,54095,0,148118,1753328,3060539,0,1322,0,0,0,0,0,0,0,0,0,0,0,0,0,0,0,0,0,0,0,0,0
write,2055,4096,5828049,842540,9017,741,4963067,3439932,3,0,0,0,0,691,9829,2164,5828049,0,54095,0,139328,1892018,3064586,0,1383,0,0,0,0,0,0,0,0,0,0,0,0,0,0,0,0,0,0,0,0,0
write,2056,4096,5430664,843532,8456,781,4566954,3184352,3,0,0,0,0,561,8206,2174,5430664,0,54095,0,128186,1738239,2822682,0,1291,0,0,0,0,0,0,0,0,0,0,0,0,0,0,0,0,0,0,0,0,0
write,2057,4096,5731668,842400,8837,721,4869070,3512326,4,0,0,0,0,541,7985,2114,5731668,0,54095,0,158871,1720657,3142273,0,1333,0,0,0,0,0,0,0,0,0,0,0,0,0,0,0,0,0,0,0,0,0
write,2058,4096,5819272,840156,8566,881,4958649,3539709,3,0,91,0,0,631,8165,2224,5819272,0,54095,0,142586,1776452,3175986,0,1403,0,0,0,0,0,0,0,0,0,0,0,0,0,0,0,0,0,0,0,0,0
write,2059,4096,36719506,835798,9057,751,35855245,4191993,3,1,130,0,0,2154,13435,3066,36719506,0,54095,0,162320,32017549,3821716,0,5060,0,0,0,0,0,0,0,0,0,0,0,0,0,0,0,0,0,0,0,0,0
write,2060,4096,6900149,855535,10499,1253,6020309,3524290,3,2,35,0,0,901,9568,2084,6900149,0,54095,4,144395,2886954,3121423,0,3285,0,0,0,0,0,0,0,0,0,0,0,0,0,0,0,0,0,0,0,0,0
write,2061,4096,6110158,853961,8186,881,5236991,3529458,3,0,0,0,0,691,7224,2224,6110158,0,54095,0,150807,2072065,3156960,0,1852,0,0,0,0,0,0,0,0,0,0,0,0,0,0,0,0,0,0,0,0,0
write,2062,4096,5921013,849923,8897,681,5049980,3667678,3,0,0,0,0,521,9257,1754,5921013,0,54095,0,164780,1750833,3293125,0,1353,0,0,0,0,0,0,0,0,0,0,0,0,0,0,0,0,0,0,0,0,0
write,2063,4096,6230854,849734,7724,732,5362285,3850994,3,0,0,0,0,571,7364,2444,6230854,0,54095,0,180739,1882059,3473795,0,1363,0,0,0,0,0,0,0,0,0,0,0,0,0,0,0,0,0,0,0,0,0
write,2064,4096,5853817,863920,8486,832,4969478,3501186,3,0,0,0,0,521,8727,1853,5853817,0,54095,0,152402,1829731,3133085,0,1544,0,0,0,0,0,0,0,0,0,0,0,0,0,0,0,0,0,0,0,0,0
write,2065,4096,5561990,849854,14377,721,4684264,3292676,4,0,0,0,0,541,9999,2234,5561990,0,54095,0,125242,1758117,2919956,0,1352,0,0,0,0,0,0,0,0,0,0,0,0,0,0,0,0,0,0,0,0,0
write,2066,4096,6171182,1083772,6873,641,5069426,3587919,3,0,0,0,0,431,7865,2174,6171182,0,54095,0,154257,1848546,3215008,0,1172,0,0,0,0,0,0,0,0,0,0,0,0,0,0,0,0,0,0,0,0,0
write,2067,4096,6188685,1067391,7584,551,5101086,3698026,4,0,0,0,0,461,9427,2185,6188685,0,54095,0,162722,1794525,3301180,0,1052,0,0,0,0,0,0,0,0,0,0,0,0,0,0,0,0,0,0,0,0,0
write,2068,4096,6472427,1067903,6722,601,5385619,3773917,3,0,0,0,0,481,8937,2164,6472427,0,54095,0,172584,1965686,3413812,0,1102,0,0,0,0,0,0,0,0,0,0,0,0,0,0,0,0,0,0,0,0,0
write,2069,4096,6132630,1064666,6472,601,5050321,3620068,3,0,0,0,0,481,7884,2205,6132630,0,54095,0,155688,1792551,3252178,0,1133,0,0,0,0,0,0,0,0,0,0,0,0,0,0,0,0,0,0,0,0,0
write,2070,4096,6506211,937959,12013,1222,5545238,4060987,4,0,0,0,0,782,7193,1804,6506211,0,54095,1,138335,1933937,3602045,0,2544,0,0,0,0,0,0,0,0,0,0,0,0,0,0,0,0,0,0,0,0,0
write,2071,4096,6468430,865203,9117,912,5582177,4089650,3,0,0,0,0,451,8726,1844,6468430,0,54095,1,144638,1922344,3652779,0,1621,0,0,0,0,0,0,0,0,0,0,0,0,0,0,0,0,0,0,0,0,0
write,2072,4096,6115137,864461,8066,651,5231911,3815405,3,0,0,0,0,370,7454,2224,6115137,0,54095,1,140374,1842535,3383845,0,1062,0,0,0,0,0,0,0,0,0,0,0,0,0,0,0,0,0,0,0,0,0
write,2073,4096,6897254,1064636,7414,812,5815455,4345781,3,0,0,0,0,471,6662,1804,6897254,0,54095,1,158055,1906415,3902498,0,1352,0,0,0,0,0,0,0,0,0,0,0,0,0,0,0,0,0,0,0,0,0
write,2074,4096,6353284,869551,7975,831,5465810,4080212,3,0,0,0,0,611,6723,1783,6353284,0,54095,1,141684,1804334,3650195,0,1413,0,0,0,0,0,0,0,0,0,0,0,0,0,0,0,0,0,0,0,0,0
write,2075,4096,6330991,864200,7194,711,5447765,3939407,3,0,0,0,0,431,8396,2294,6330991,0,54095,1,140841,1950167,3491567,0,1273,0,0,0,0,0,0,0,0,0,0,0,0,0,0,0,0,0,0,0,0,0
write,2076,4096,5877041,946325,8145,641,4908314,3408762,3,0,0,0,0,631,9859,3126,5877041,0,54095,1,128539,1931081,2970991,0,1273,0,0,0,0,0,0,0,0,0,0,0,0,0,0,0,0,0,0,0,0,0
write,2077,4096,5889304,887394,8136,831,4981281,3467734,3,0,0,0,0,571,8987,2104,5889304,0,54095,0,139762,1894372,3080086,0,1632,0,0,0,0,0,0,0,0,0,0,0,0,0,0,0,0,0,0,0,0,0
write,2078,4096,5868454,869570,9047,722,4976371,3509352,3,0,0,0,0,561,10029,2154,5868454,0,54095,0,139862,1850029,3120121,0,1382,0,0,0,0,0,0,0,0,0,0,0,0,0,0,0,0,0,0,0,0,0
write,2079,4096,5816567,879599,8957,822,4916188,3542554,3,0,0,0,0,571,8276,2154,5816567,0,54095,0,142812,1754350,3155287,0,1443,0,0,0,0,0,0,0,0,0,0,0,0,0,0,0,0,0,0,0,0,0
write,2080,4096,6108604,881382,8707,761,5205932,3677679,3,0,0,0,0,531,9017,2274,6108604,0,54095,0,155576,1901706,3297764,0,1453,0,0,0,0,0,0,0,0,0,0,0,0,0,0,0,0,0,0,0,0,0
write,2081,4096,5919009,887805,8967,761,5010115,3601164,3,0,0,0,0,571,8526,2264,5919009,0,54095,0,149281,1782011,3221490,0,1532,0,0,0,0,0,0,0,0,0,0,0,0,0,0,0,0,0,0,0,0,0
write,2082,4096,6075703,880812,9217,812,5173381,3724045,3,0,0,0,0,561,8506,2414,6075703,0,54095,0,156290,1822127,3344491,0,1433,0,0,0,0,0,0,0,0,0,0,0,0,0,0,0,0,0,0,0,0,0
write,2083,4096,6475042,886052,9027,971,5568663,4139883,4,0,0,0,0,531,7794,2004,6475042,0,54095,0,188429,1825353,3736817,0,1443,0,0,0,0,0,0,0,0,0,0,0,0,0,0,0,0,0,0,0,0,0
write,2084,4096,5944136,879900,8976,732,5043217,3526814,3,0,0,0,0,461,8806,2044,5944136,0,54095,0,146639,1873253,3163883,0,1332,0,0,0,0,0,0,0,0,0,0,0,0,0,0,0,0,0,0,0,0,0
write,2085,4096,6151054,888626,8857,801,5240988,3751356,3,0,0,0,0,481,9107,2194,6151054,0,54095,0,164459,1855359,3379227,0,1383,0,0,0,0,0,0,0,0,0,0,0,0,0,0,0,0,0,0,0,0,0
write,2086,4096,6005221,879439,8786,772,5104832,3732841,3,0,0,0,0,461,9027,1904,6005221,0,54095,0,159625,1740714,3357526,0,1393,0,0,0,0,0,0,0,0,0,0,0,0,0,0,0,0,0,0,0,0,0
write,2087,4096,6694403,886202,8867,801,5785679,4235864,3,0,0,0,0,521,9618,2715,6694403,0,54095,0,200896,1914330,3864697,0,1442,0,0,0,0,0,0,0,0,0,0,0,0,0,0,0,0,0,0,0,0,0
write,2088,4096,6187022,888446,8095,792,5278378,3885869,3,0,0,0,0,501,8345,2465,6187022,0,54095,0,172181,1755893,3515833,0,1403,0,0,0,0,0,0,0,0,0,0,0,0,0,0,0,0,0,0,0,0,0
write,2089,4096,5913920,895700,7574,912,4997842,3573714,4,0,0,0,0,501,9598,1793,5913920,0,54095,0,143946,1795827,3195372,0,1492,0,0,0,0,0,0,0,0,0,0,0,0,0,0,0,0,0,0,0,0,0
write,2090,4096,5941080,888155,8316,781,5031555,3564846,3,0,0,0,0,511,9458,2304,5941080,0,54095,0,142088,1833087,3192005,0,1372,0,0,0,0,0,0,0,0,0,0,0,0,0,0,0,0,0,0,0,0,0
write,2091,4096,6097985,889057,8276,821,5188379,3712884,3,0,0,0,0,521,8907,2024,6097985,0,54095,0,155649,1837887,3343760,0,1472,0,0,0,0,0,0,0,0,0,0,0,0,0,0,0,0,0,0,0,0,0
write,2092,4096,6278804,886322,8946,792,5369419,3902118,4,0,0,0,0,581,10189,2555,6278804,0,54095,0,168215,1836634,3525651,0,1544,0,0,0,0,0,0,0,0,0,0,0,0,0,0,0,0,0,0,0,0,0
write,2093,4096,6164689,893936,9558,901,5249735,3865981,3,0,0,0,0,511,7714,2334,6164689,0,54095,0,169564,1747056,3495634,0,1545,0,0,0,0,0,0,0,0,0,0,0,0,0,0,0,0,0,0,0,0,0
write,2094,4096,6062859,891592,8687,881,5149837,3576358,4,0,0,0,0,571,9057,2234,6062859,0,54095,0,142468,1948784,3194641,0,1443,0,0,0,0,0,0,0,0,0,0,0,0,0,0,0,0,0,0,0,0,0
write,2095,4096,5931162,886973,8997,842,5022979,3640157,3,0,0,0,0,521,8656,2194,5931162,0,54095,0,150355,1754019,3262417,0,1373,0,0,0,0,0,0,0,0,0,0,0,0,0,0,0,0,0,0,0,0,0
write,2096,4096,6040587,884548,9198,851,5134428,3626702,3,0,0,0,0,521,8536,2505,6040587,0,54095,0,148746,1874806,3252860,0,1482,0,0,0,0,0,0,0,0,0,0,0,0,0,0,0,0,0,0,0,0,0
write,2097,4096,5959425,895850,8997,741,5042025,3617525,4,0,0,0,0,611,8876,2325,5959425,0,54095,0,147331,1800326,3234585,0,1584,0,0,0,0,0,0,0,0,0,0,0,0,0,0,0,0,0,0,0,0,0
write,2098,4096,6099788,1101967,9758,871,4976412,3587689,4,0,0,0,0,571,7795,2414,6099788,0,54095,0,147003,1769068,3200442,0,1533,0,0,0,0,0,0,0,0,0,0,0,0,0,0,0,0,0,0,0,0,0
write,2099,4096,6215445,1106916,7314,611,5073634,3536973,3,0,0,0,0,691,18955,7324,6215445,0,54095,0,143700,1890555,3177207,0,1183,0,0,0,0,0,0,0,0,0,0,0,0,0,0,0,0,0,0,0,0,0
write,2100,4096,7010326,1239645,11611,1904,5744512,4358215,4,0,0,0,0,801,9368,2485,7010326,0,54095,1,135774,1908479,3824131,0,3297,0,0,0,0,0,0,0,0,0,0,0,0,0,0,0,0,0,0,0,0,0
write,2101,4096,6123743,1063334,6582,691,5041103,3464358,3,1,0,0,0,531,9238,2264,6123743,0,54095,1,130826,1942292,3092559,0,1533,0,0,0,0,0,0,0,0,0,0,0,0,0,0,0,0,0,0,0,0,0
write,2102,4096,7060530,903745,9167,912,6133531,3632072,3,0,0,0,0,611,10410,2154,7060530,0,54095,0,144584,2881142,3244975,0,1614,0,0,0,0,0,0,0,0,0,0,0,0,0,0,0,0,0,0,0,0,0
write,2103,4096,5928567,905808,9808,882,5000176,3518580,3,0,0,0,0,581,9168,2144,5928567,0,54095,0,140142,1843537,3150027,0,1431,0,0,0,0,0,0,0,0,0,0,0,0,0,0,0,0,0,0,0,0,0
write,2104,4096,6144863,885701,8626,822,5238363,3821187,3,0,0,0,0,471,9057,1823,6144863,0,54095,0,164752,1782042,3450220,0,1423,0,0,0,0,0,0,0,0,0,0,0,0,0,0,0,0,0,0,0,0,0
write,2105,4096,5917065,893696,7824,792,5002711,3587059,3,0,0,0,0,471,9157,2414,5917065,0,54095,0,146551,1778244,3218025,0,1403,0,0,0,0,0,0,0,0,0,0,0,0,0,0,0,0,0,0,0,0,0
write,2106,4096,6172214,896170,8757,801,5254153,3775311,3,0,0,0,0,481,9668,2184,6172214,0,54095,0,161384,1848677,3399044,0,1372,0,0,0,0,0,0,0,0,0,0,0,0,0,0,0,0,0,0,0,0,0
write,2107,4096,6386015,903464,8756,812,5459988,4034799,3,0,0,0,0,521,10279,2195,6386015,0,54095,0,181636,1785599,3667898,0,1463,0,0,0,0,0,0,0,0,0,0,0,0,0,0,0,0,0,0,0,0,0
write,2108,4096,6290356,896161,8696,751,5373577,3860680,3,0,0,0,0,521,7835,2815,6290356,0,54095,0,165986,1890255,3476790,0,1453,0,0,0,0,0,0,0,0,0,0,0,0,0,0,0,0,0,0,0,0,0
write,2109,4096,6303961,881252,14968,722,5396058,4005482,3,0,0,0,0,581,8446,1934,6303961,0,54095,0,179078,1751434,3638493,0,1352,0,0,0,0,0,0,0,0,0,0,0,0,0,0,0,0,0,0,0,0,0
write,2110,4096,6314531,894808,8747,691,5399034,3911906,3,0,0,0,0,461,8416,2374,6314531,0,54095,0,169313,1855360,3537563,0,1373,0,0,0,0,0,0,0,0,0,0,0,0,0,0,0,0,0,0,0,0,0
write,2111,4096,6632066,892313,8867,811,5718734,4288264,3,0,0,0,0,551,8456,2334,6632066,0,54095,0,203044,1790898,3921403,0,1462,0,0,0,0,0,0,0,0,0,0,0,0,0,0,0,0,0,0,0,0,0
write,2112,4096,6468840,897713,8787,771,5548615,4178727,3,0,0,0,0,651,10300,2003,6468840,0,54095,0,181640,1733961,3807460,0,1554,0,0,0,0,0,0,0,0,0,0,0,0,0,0,0,0,0,0,0,0,0
write,2113,4096,6212861,891783,8055,701,5302594,3824713,4,0,0,0,0,450,7154,2124,6212861,0,54095,0,163914,1857623,3438659,0,1413,0,0,0,0,0,0,0,0,0,0,0,0,0,0,0,0,0,0,0,0,0
write,2114,4096,5969383,885540,7514,591,5065880,3627544,4,0,0,0,0,390,7575,1893,5969383,0,54095,0,145451,1817007,3239505,0,1112,0,0,0,0,0,0,0,0,0,0,0,0,0,0,0,0,0,0,0,0,0
write,2115,4096,6407164,1088020,11161,1302,5293657,3758939,3,0,0,0,0,701,10159,2164,6407164,0,54095,1,154382,1922064,3361945,0,2654,0,0,0,0,0,0,0,0,0,0,0,0,0,0,0,0,0,0,0,0,0
write,2116,4096,6387979,890079,7424,752,5478453,4027525,4,0,0,0,0,491,8506,2274,6387979,0,54095,1,174930,1840812,3631310,0,1292,0,0,0,0,0,0,0,0,0,0,0,0,0,0,0,0,0,0,0,0,0
write,2117,4096,6750589,959620,7514,631,5771793,4292942,3,0,0,0,0,431,8216,2384,6750589,0,54095,1,199548,1851632,3914039,0,1233,0,0,0,0,0,0,0,0,0,0,0,0,0,0,0,0,0,0,0,0,0
write,2118,4096,6423495,1011106,7334,551,5388755,3879387,4,1,0,0,0,771,12754,2224,6423495,0,54095,1,164013,1880366,3501256,0,1673,0,0,0,0,0,0,0,0,0,0,0,0,0,0,0,0,0,0,0,0,0
write,2119,4096,5905223,891021,8566,852,4995507,3591526,3,0,0,0,0,501,6893,1883,5905223,0,54095,0,141215,1771441,3217473,0,1434,0,0,0,0,0,0,0,0,0,0,0,0,0,0,0,0,0,0,0,0,0
write,2120,4096,5912657,888095,6513,541,5006638,3503932,4,0,0,0,0,401,8115,2354,5912657,0,54095,0,137364,1872882,3128226,0,1093,0,0,0,0,0,0,0,0,0,0,0,0,0,0,0,0,0,0,0,0,0
write,2121,4096,5960447,961233,7333,682,4980469,3574967,4,0,0,0,0,391,8055,2284,5960447,0,54095,0,143253,1772925,3202024,0,1092,0,0,0,0,0,0,0,0,0,0,0,0,0,0,0,0,0,0,0,0,0
write,2122,4096,6170090,980679,6572,671,5172510,3634055,3,0,0,0,0,571,7253,1834,6170090,0,54095,0,146008,1906946,3259512,0,1291,0,0,0,0,0,0,0,0,0,0,0,0,0,0,0,0,0,0,0,0,0
write,2123,4096,6008127,905248,9307,1183,5081168,3616164,3,0,0,0,0,551,8305,2365,6008127,0,54095,1,146973,1849107,3224155,0,2006,0,0,0,0,0,0,0,0,0,0,0,0,0,0,0,0,0,0,0,0,0
write,2124,4096,6217699,953979,6803,801,5245216,3727160,3,0,0,0,0,581,8185,2134,6217699,0,54095,1,155407,1906374,3331978,0,1554,0,0,0,0,0,0,0,0,0,0,0,0,0,0,0,0,0,0,0,0,0
write,2125,4096,6049564,1088692,6792,682,4942428,3445121,3,0,0,0,0,410,8085,2475,6049564,0,54095,1,132507,1877691,3059016,0,1163,0,0,0,0,0,0,0,0,0,0,0,0,0,0,0,0,0,0,0,0,0
write,2126,4096,5824211,899376,6362,561,4905058,3507258,4,0,0,0,0,501,9748,2605,5824211,0,54095,1,136246,1793934,3105223,0,1112,0,0,0,0,0,0,0,0,0,0,0,0,0,0,0,0,0,0,0,0,0
write,2127,4096,6109366,937137,6783,601,5155217,3641751,3,0,0,0,0,511,7234,1883,6109366,0,54095,1,147847,1893140,3256146,0,1173,0,0,0,0,0,0,0,0,0,0,0,0,0,0,0,0,0,0,0,0,0
write,2128,4096,6051538,888256,6652,611,5143515,3729536,2,0,0,0,0,541,9668,2295,6051538,0,54095,1,155549,1789476,3348048,0,1282,0,0,0,0,0,0,0,0,0,0,0,0,0,0,0,0,0,0,0,0,0
write,2129,4096,6199094,917730,7174,671,5263069,3905224,3,1,0,0,0,662,7774,2014,6199094,0,54095,1,164368,1725175,3530661,0,1833,0,0,0,0,0,0,0,0,0,0,0,0,0,0,0,0,0,0,0,0,0
write,2130,4096,5973301,885049,8136,952,5069165,3644996,3,0,0,0,0,501,7614,1884,5973301,0,54095,0,149219,1801017,3260995,0,1762,0,0,0,0,0,0,0,0,0,0,0,0,0,0,0,0,0,0,0,0,0
write,2131,4096,6300514,898845,7454,802,5382803,3909433,3,0,0,0,0,601,8106,1903,6300514,0,54095,1,167387,1843718,3531763,0,1672,0,0,0,0,0,0,0,0,0,0,0,0,0,0,0,0,0,0,0,0,0
write,2132,4096,6251272,889057,7294,611,5345514,3816087,4,0,0,0,0,591,6362,1843,6251272,0,54095,1,158763,1907517,3431725,0,1381,0,0,0,0,0,0,0,0,0,0,0,0,0,0,0,0,0,0,0,0,0
write,2133,4096,6282290,896020,7003,681,5369429,3945640,3,0,0,0,0,501,6612,2044,6282290,0,54095,1,174554,1799254,3564293,0,1273,0,0,0,0,0,0,0,0,0,0,0,0,0,0,0,0,0,0,0,0,0
write,2134,4096,6781146,885721,6672,571,5876199,4258087,4,1,0,0,0,561,9538,1884,6781146,0,54095,1,192594,1993788,3876168,0,1483,0,0,0,0,0,0,0,0,0,0,0,0,0,0,0,0,0,0,0,0,0
write,2135,4096,6538711,885390,8997,811,5632783,4234232,3,0,0,0,0,621,8075,2034,6538711,0,54095,0,196160,1774958,3850470,0,1784,0,0,0,0,0,0,0,0,0,0,0,0,0,0,0,0,0,0,0,0,0
write,2136,4096,6287020,903535,7594,661,5364590,3883243,3,0,0,0,0,501,7674,2465,6287020,0,54095,1,167279,1859146,3498911,0,1432,0,0,0,0,0,0,0,0,0,0,0,0,0,0,0,0,0,0,0,0,0
write,2137,4096,6474561,1009292,6523,551,5449739,3991217,4,0,0,0,0,471,6191,1794,6474561,0,54095,1,176548,1842595,3601544,0,1133,0,0,0,0,0,0,0,0,0,0,0,0,0,0,0,0,0,0,0,0,0
write,2138,4096,6029166,884579,6432,641,5127625,3653692,3,0,0,0,0,471,7635,1783,6029166,0,54095,1,148835,1841463,3280571,0,1162,0,0,0,0,0,0,0,0,0,0,0,0,0,0,0,0,0,0,0,0,0
write,2139,4096,6147598,892584,7194,671,5235568,3760903,3,1,0,0,0,440,8977,2164,6147598,0,54095,1,149620,1835652,3393825,0,1372,0,0,0,0,0,0,0,0,0,0,0,0,0,0,0,0,0,0,0,0,0
write,2140,4096,6122311,888827,8476,1142,5213196,3840362,3,0,0,0,0,621,7804,2245,6122311,0,54095,0,158641,1756794,3448426,0,1875,0,0,0,0,0,0,0,0,0,0,0,0,0,0,0,0,0,0,0,0,0
write,2141,4096,6890311,897463,7755,681,5975084,4409660,3,0,0,0,0,511,6542,2275,6890311,0,54095,0,200387,1930350,4038112,0,1413,0,0,0,0,0,0,0,0,0,0,0,0,0,0,0,0,0,0,0,0,0
write,2142,4096,6344237,899778,7714,701,5426005,4011383,3,0,0,0,0,571,7514,1954,6344237,0,54095,1,173664,1797601,3621631,0,1623,0,0,0,0,0,0,0,0,0,0,0,0,0,0,0,0,0,0,0,0,0
write,2143,4096,4471324,891111,6963,571,3561408,2023524,2,0,0,0,0,742,8355,2174,4471324,0,54095,1,24645,1986886,1434229,0,2304,0,0,0,0,0,0,0,0,0,0,0,0,0,0,0,0,0,0,0,0,0
write,2144,4096,4210015,889719,6582,851,3301081,1818329,3,0,0,0,0,741,8716,2325,4210015,0,54095,2,24632,1874586,1419522,0,1582,0,0,0,0,0,0,0,0,0,0,0,0,0,0,0,0,0,0,0,0,0
write,2145,4096,4168877,899967,6893,651,3249554,1828720,4,0,0,0,0,621,8646,2545,4168877,0,54095,2,24620,1802650,1440792,0,1343,0,0,0,0,0,0,0,0,0,0,0,0,0,0,0,0,0,0,0,0,0
write,2146,4096,4412274,1057754,7183,641,3336166,1831316,3,0,0,0,0,661,7374,2495,4412274,0,54095,1,24617,1882661,1446232,0,1633,0,0,0,0,0,0,0,0,0,0,0,0,0,0,0,0,0,0,0,0,0
write,2147,4096,4138340,885921,7774,632,3234906,1824953,3,0,0,0,0,561,6692,1854,4138340,0,54095,1,24625,1795156,1432947,0,1554,0,0,0,0,0,0,0,0,0,0,0,0,0,0,0,0,0,0,0,0,0
write,2148,4096,4282410,929022,8656,881,3332339,1809545,3,0,0,0,0,632,8556,2324,4282410,0,54095,2,24628,1904972,1419532,0,2226,0,0,0,0,0,0,0,0,0,0,0,0,0,0,0,0,0,0,0,0,0
write,2149,4096,4350608,1090214,6653,771,3244193,1798573,3,0,0,0,0,491,6402,1884,4350608,0,54095,2,24647,1816235,1421625,0,1282,0,0,0,0,0,0,0,0,0,0,0,0,0,0,0,0,0,0,0,0,0
write,2150,4096,4118904,895600,6151,662,3201864,1810246,3,1,0,0,0,691,9207,4729,4118904,0,54095,2,24656,1772634,1422046,0,1292,0,0,0,0,0,0,0,0,0,0,0,0,0,0,0,0,0,0,0,0,0
write,2151,4096,4782879,1396719,7384,722,3361463,1847287,3,0,0,0,0,541,12443,3607,4782879,0,54095,1,24657,1909601,1444668,0,1773,0,0,0,0,0,0,0,0,0,0,0,0,0,0,0,0,0,0,0,0,0
write,2152,4096,4283783,973876,9578,1183,3287735,1835424,3,1,0,0,0,781,8346,2284,4283783,0,54095,2,24661,1843437,1435923,0,2365,0,0,0,0,0,0,0,0,0,0,0,0,0,0,0,0,0,0,0,0,0
write,2153,4096,4330551,888045,10049,762,3420664,1807770,4,0,0,0,0,471,8566,1994,4330551,0,54095,3,24688,1989180,1424942,0,1622,0,0,0,0,0,0,0,0,0,0,0,0,0,0,0,0,0,0,0,0,0
write,2154,4096,4160953,894107,8937,791,3245586,1816366,3,0,0,0,0,501,8506,2525,4160953,0,54095,3,24659,1797240,1441984,0,1392,0,0,0,0,0,0,0,0,0,0,0,0,0,0,0,0,0,0,0,0,0
write,2155,4096,4231114,904646,8927,741,3306200,1831315,3,0,0,0,0,541,7764,2295,4231114,0,54095,3,24663,1854207,1445761,0,1343,0,0,0,0,0,0,0,0,0,0,0,0,0,0,0,0,0,0,0,0,0
write,2156,4096,4212128,888696,9358,771,3302714,1812931,3,0,0,0,0,541,7724,2324,4212128,0,54095,3,24657,1868052,1428268,0,1404,0,0,0,0,0,0,0,0,0,0,0,0,0,0,0,0,0,0,0,0,0
write,2157,4096,4123201,891040,9308,871,3211292,1808723,3,0,0,0,0,541,7825,2324,4123201,0,54095,3,24658,1777072,1427817,0,1382,0,0,0,0,0,0,0,0,0,0,0,0,0,0,0,0,0,0,0,0,0
write,2158,4096,4226726,927189,8916,932,3278227,1803502,4,0,0,0,0,591,8597,2274,4226726,0,54095,3,24662,1839680,1432145,0,1394,0,0,0,0,0,0,0,0,0,0,0,0,0,0,0,0,0,0,0,0,0
write,2159,4096,4146916,885360,9317,732,3241739,1834830,4,0,0,0,0,591,7313,1864,4146916,0,54095,3,24666,1776451,1458575,0,1482,0,0,0,0,0,0,0,0,0,0,0,0,0,0,0,0,0,0,0,0,0
write,2160,4096,4459081,1090605,7193,622,3350793,1827938,3,0,0,0,0,521,6933,2414,4459081,0,54095,1,24673,1914329,1430292,0,1354,0,0,0,0,0,0,0,0,0,0,0,0,0,0,0,0,0,0,0,0,0
write,2161,4096,4192652,891422,6622,611,3285191,1805115,3,0,0,0,0,461,6331,2014,4192652,0,54095,1,24663,1858685,1420905,0,1153,0,0,0,0,0,0,0,0,0,0,0,0,0,0,0,0,0,0,0,0,0
write,2162,4096,4226455,900538,6843,1032,3308324,1788444,3,0,0,0,0,621,7013,2084,4226455,0,54095,1,24648,1884143,1417127,0,1584,0,0,0,0,0,0,0,0,0,0,0,0,0,0,0,0,0,0,0,0,0
write,2163,4096,4233178,897202,6763,671,3315237,1825202,4,0,0,0,0,450,9648,3207,4233178,0,54095,1,24675,1868003,1441212,0,1332,0,0,0,0,0,0,0,0,0,0,0,0,0,0,0,0,0,0,0,0,0
write,2164,4096,4603352,1382533,9087,791,3200251,1810965,3,0,0,0,0,521,7905,2264,4603352,0,54095,1,24670,1777192,1416536,0,1394,0,0,0,0,0,0,0,0,0,0,0,0,0,0,0,0,0,0,0,0,0
write,2165,4096,4282521,901912,7744,1062,3362034,1836484,3,0,0,0,0,672,7173,1924,4282521,0,54095,2,24666,1911504,1442494,0,2244,0,0,0,0,0,0,0,0,0,0,0,0,0,0,0,0,0,0,0,0,0
write,2166,4096,4275106,1074044,8435,622,3183379,1791050,3,0,0,0,0,491,6262,1873,4275106,0,54095,2,24673,1764109,1413240,0,1183,0,0,0,0,0,0,0,0,0,0,0,0,0,0,0,0,0,0,0,0,0
write,2167,4096,5377403,892183,6933,631,4467998,3037538,3,0,0,0,0,471,7294,1893,5377403,0,54095,2,112851,1821726,2640572,0,1211,0,0,0,0,0,0,0,0,0,0,0,0,0,0,0,0,0,0,0,0,0
write,2168,4096,5718013,894137,7234,631,4804289,3357666,3,0,0,0,0,521,8195,3006,5718013,0,54095,2,129519,1817929,2980510,0,1242,0,0,0,0,0,0,0,0,0,0,0,0,0,0,0,0,0,0,0,0,0
write,2169,4096,6026030,916789,7935,682,5090034,3567983,3,0,0,0,0,451,8065,2074,6026030,0,54095,2,148020,1906826,3176587,0,1452,0,0,0,0,0,0,0,0,0,0,0,0,0,0,0,0,0,0,0,0,0
write,2170,4096,14550574,891151,8966,692,13632603,3848158,3,1,0,0,0,1453,9257,6452,14550574,0,54095,2,165104,10173297,3450390,0,2896,0,0,0,0,0,0,0,0,0,0,0,0,0,0,0,0,0,0,0,0,0
write,2171,4096,6737013,936897,9488,781,5774939,4021090,4,0,0,0,0,1243,9858,3807,6737013,0,54095,2,175953,2178104,3585413,0,3605,0,0,0,0,0,0,0,0,0,0,0,0,0,0,0,0,0,0,0,0,0
write,2172,4096,6323668,1017648,7143,782,5285000,3864267,4,1,0,0,0,762,10199,2134,6323668,0,54095,1,155113,1794525,3480968,0,2474,0,0,0,0,0,0,0,0,0,0,0,0,0,0,0,0,0,0,0,0,0
write,2173,4096,6143010,889478,8797,942,5232181,3716310,3,0,0,0,0,641,8546,2425,6143010,0,54095,0,159083,1899763,3325136,0,1783,0,0,0,0,0,0,0,0,0,0,0,0,0,0,0,0,0,0,0,0,0
write,2174,4096,5912096,986179,12033,1252,4902343,3470679,3,0,0,0,0,641,7684,1964,5912096,0,54095,2,134581,1841323,3052234,0,2314,0,0,0,0,0,0,0,0,0,0,0,0,0,0,0,0,0,0,0,0,0
write,2175,4096,5806268,887514,7434,621,4897514,3407932,3,1,0,0,0,651,9799,2735,5806268,0,54095,2,131106,1884985,3006137,0,1393,0,0,0,0,0,0,0,0,0,0,0,0,0,0,0,0,0,0,0,0,0
write,2176,4096,6284184,1378345,7965,671,4884169,3395899,3,0,0,0,0,500,9769,2765,6284184,0,54095,1,131515,1909961,2967494,0,1615,0,0,0,0,0,0,0,0,0,0,0,0,0,0,0,0,0,0,0,0,0
write,2177,4096,6043683,1018740,15279,1613,4992782,3595683,4,0,0,0,0,642,12503,2124,6043683,0,54095,0,149106,1785808,3196554,0,2696,0,0,0,0,0,0,0,0,0,0,0,0,0,0,0,0,0,0,0,0,0
write,2178,4096,6351520,1089974,8506,801,5234035,3749432,3,0,0,0,0,641,8817,8746,6351520,0,54095,1,161628,1864416,3362565,0,1662,0,0,0,0,0,0,0,0,0,0,0,0,0,0,0,0,0,0,0,0,0
write,2179,4096,6160352,1052003,7764,772,5087880,3678580,4,0,0,0,0,632,8946,2355,6160352,0,54095,1,155615,1795106,3285271,0,1733,0,0,0,0,0,0,0,0,0,0,0,0,0,0,0,0,0,0,0,0,0
write,2180,4096,28227883,886573,9217,882,27315722,3621322,4,0,0,0,0,871,9929,4689,28227883,0,54095,2,148505,24077029,3230287,0,2065,0,0,0,0,0,0,0,0,0,0,0,0,0,0,0,0,0,0,0,0,0
write,2181,4096,5919490,896992,10319,892,4998813,3532094,3,0,0,0,0,702,9498,2274,5919490,0,54095,2,140130,1840200,3149877,0,2465,0,0,0,0,0,0,0,0,0,0,0,0,0,0,0,0,0,0,0,0,0
write,2182,4096,6128942,887744,9668,1022,5218396,3576288,3,0,0,0,0,511,9237,2364,6128942,0,54095,2,150476,2004498,3207534,0,1482,0,0,0,0,0,0,0,0,0,0,0,0,0,0,0,0,0,0,0,0,0
write,2183,4096,5737950,891833,9187,771,4825639,3339282,4,2,0,0,0,692,7975,1853,5737950,0,54095,2,127561,1845180,2973526,0,1643,0,0,0,0,0,0,0,0,0,0,0,0,0,0,0,0,0,0,0,0,0
write,2184,4096,5669902,886342,7855,771,4761048,3381743,3,0,0,0,0,551,10911,2424,5669902,0,54095,0,133266,1748979,3005175,0,1682,0,0,0,0,0,0,0,0,0,0,0,0,0,0,0,0,0,0,0,0,0
write,2185,4096,6073970,912762,8225,1112,5138676,3555428,3,0,0,0,0,772,10479,1944,6073970,0,54095,1,139417,2036899,3092839,0,2485,0,0,0,0,0,0,0,0,0,0,0,0,0,0,0,0,0,0,0,0,0
write,2186,4096,5910734,887985,8005,661,5003413,3574103,3,0,0,0,0,601,7814,2255,5910734,0,54095,1,147633,1801408,3196044,0,1262,0,0,0,0,0,0,0,0,0,0,0,0,0,0,0,0,0,0,0,0,0
write,2187,4096,6517412,1102257,8677,731,5394536,3917566,3,0,0,0,0,481,8516,2214,6517412,0,54095,1,174327,1850740,3537403,0,1372,0,0,0,0,0,0,0,0,0,0,0,0,0,0,0,0,0,0,0,0,0
write,2188,4096,6839675,1003802,7424,651,5817188,4347404,3,1,0,0,0,591,8076,1943,6839675,0,54095,1,197156,1836293,3974212,0,1613,0,0,0,0,0,0,0,0,0,0,0,0,0,0,0,0,0,0,0,0,0
write,2189,4096,5591425,893495,8276,872,4676930,3287315,3,0,0,0,0,601,8937,2314,5591425,0,54095,0,123584,1763597,2905940,0,1624,0,0,0,0,0,0,0,0,0,0,0,0,0,0,0,0,0,0,0,0,0
write,2190,4096,5763057,891171,9638,892,4850265,3328313,3,0,0,0,0,681,7995,2415,5763057,0,54095,0,124882,1894984,2948179,0,1553,0,0,0,0,0,0,0,0,0,0,0,0,0,0,0,0,0,0,0,0,0
write,2191,4096,5866581,958086,8045,1072,4880402,3484094,3,0,0,0,0,1713,11492,5771,5866581,0,54095,0,136938,1788754,3080918,0,2755,0,0,0,0,0,0,0,0,0,0,0,0,0,0,0,0,0,0,0,0,0
write,2192,4096,6019037,910157,10099,1252,5084975,3662599,3,0,0,0,0,531,9769,2254,6019037,0,54095,0,152998,1803492,3272657,0,2143,0,0,0,0,0,0,0,0,0,0,0,0,0,0,0,0,0,0,0,0,0
write,2193,4096,5816527,886342,9678,801,4908004,3484777,4,0,0,0,0,561,9187,1954,5816527,0,54095,0,141447,1794926,3106375,0,1402,0,0,0,0,0,0,0,0,0,0,0,0,0,0,0,0,0,0,0,0,0
write,2194,4096,6178937,898816,8947,831,5258451,3774539,3,0,0,0,0,541,9377,1974,6178937,0,54095,0,165353,1843647,3408392,0,1484,0,0,0,0,0,0,0,0,0,0,0,0,0,0,0,0,0,0,0,0,0
write,2195,4096,6265409,885821,8676,842,5356514,3871462,3,0,0,0,0,621,11051,1884,6265409,0,54095,0,169480,1854378,3495244,0,1514,0,0,0,0,0,0,0,0,0,0,0,0,0,0,0,0,0,0,0,0,0
write,2196,4096,5978992,891101,8937,751,5066661,3669623,4,0,0,0,0,632,8996,1914,5978992,0,54095,0,150020,1768346,3290912,0,1632,0,0,0,0,0,0,0,0,0,0,0,0,0,0,0,0,0,0,0,0,0
write,2197,4096,6303440,887594,8045,772,5396349,3864948,3,0,0,0,0,451,7955,2274,6303440,0,54095,0,169632,1900795,3489544,0,1343,0,0,0,0,0,0,0,0,0,0,0,0,0,0,0,0,0,0,0,0,0
write,2198,4096,5913699,1100313,10680,1122,4789632,3402471,3,0,0,0,0,571,9097,2284,5913699,0,54095,1,132581,1769618,3011477,0,2324,0,0,0,0,0,0,0,0,0,0,0,0,0,0,0,0,0,0,0,0,0
write,2199,4096,5987748,921138,7153,631,5048768,3554809,3,2,0,0,0,531,7624,1903,5987748,0,54095,1,141789,1866369,3176426,0,1353,0,0,0,0,0,0,0,0,0,0,0,0,0,0,0,0,0,0,0,0,0
write,2200,4096,6707238,894197,8205,762,5775821,4345460,3,0,0,0,0,1452,13726,13075,6707238,0,54095,1,139217,1800606,3964574,0,2917,0,0,0,0,0,0,0,0,0,0,0,0,0,0,0,0,0,0,0,0,0
write,2201,4096,6317937,942457,12874,1383,5349571,3789638,4,0,0,0,0,852,8115,2685,6317937,0,54095,1,152117,2073739,3263540,0,3326,0,0,0,0,0,0,0,0,0,0,0,0,0,0,0,0,0,0,0,0,0
write,2202,4096,6225194,949411,8275,842,5256857,3794118,3,0,0,0,0,461,7474,1874,6225194,0,54095,1,162733,1831775,3419011,0,1373,0,0,0,0,0,0,0,0,0,0,0,0,0,0,0,0,0,0,0,0,0
write,2203,4096,6182793,885189,6483,571,5279119,3890125,3,0,0,0,0,471,8646,2314,6182793,0,54095,1,173322,1746275,3527384,0,1153,0,0,0,0,0,0,0,0,0,0,0,0,0,0,0,0,0,0,0,0,0
write,2204,4096,6403238,1040432,7073,591,5344912,3771003,3,0,0,0,0,431,7504,2295,6403238,0,54095,1,164961,1935249,3404173,0,1162,0,0,0,0,0,0,0,0,0,0,0,0,0,0,0,0,0,0,0,0,0
write,2205,4096,6214734,960041,6602,882,5228965,3833620,4,1,0,0,0,791,15089,2364,6214734,0,54095,1,149673,1759339,3460980,0,2153,0,0,0,0,0,0,0,0,0,0,0,0,0,0,0,0,0,0,0,0,0
write,2206,4096,6072377,921809,8295,872,5129649,3644045,3,0,0,0,0,581,8436,2735,6072377,0,54095,0,150542,1859287,3262979,0,1894,0,0,0,0,0,0,0,0,0,0,0,0,0,0,0,0,0,0,0,0,0
write,2207,4096,5913609,893004,9919,792,4998082,3544958,4,0,0,0,0,621,9057,2134,5913609,0,54095,0,140409,1842575,3148895,0,1423,0,0,0,0,0,0,0,0,0,0,0,0,0,0,0,0,0,0,0,0,0
write,2208,4096,5757987,890800,9308,811,4845917,3442997,3,0,0,0,0,531,8747,1873,5757987,0,54095,0,135664,1784296,3054838,0,1475,0,0,0,0,0,0,0,0,0,0,0,0,0,0,0,0,0,0,0,0,0
write,2209,4096,6110779,891201,9017,681,5198278,3727260,4,0,0,0,0,581,8957,2064,6110779,0,54095,0,159634,1844459,3347246,0,1453,0,0,0,0,0,0,0,0,0,0,0,0,0,0,0,0,0,0,0,0,0
write,2210,4096,6107864,893205,9157,742,5193519,3817380,3,0,0,0,0,470,8376,2395,6107864,0,54095,0,167459,1744902,3442245,0,1403,0,0,0,0,0,0,0,0,0,0,0,0,0,0,0,0,0,0,0,0,0
write,2211,4096,6706897,890480,8777,711,5794756,4224002,3,1,0,0,0,712,8856,2605,6706897,0,54095,0,196915,1945208,3842185,0,2154,0,0,0,0,0,0,0,0,0,0,0,0,0,0,0,0,0,0,0,0,0
write,2212,4096,6565822,893025,9598,741,5651397,4250571,3,0,0,0,0,491,8105,2465,6565822,0,54095,8,200304,1785097,3859367,0,1784,0,0,0,0,0,0,0,0,0,0,0,0,0,0,0,0,0,0,0,0,0
write,2213,4096,6361398,892553,9037,682,5447114,3949196,3,0,0,0,0,521,9177,2314,6361398,0,54095,8,178168,1858715,3582288,0,1352,0,0,0,0,0,0,0,0,0,0,0,0,0,0,0,0,0,0,0,0,0
write,2214,4096,5658050,885581,9157,801,4751300,3318515,3,0,0,0,0,491,8396,2324,5658050,0,54095,8,123803,1793824,2951054,0,1492,0,0,0,0,0,0,0,0,0,0,0,0,0,0,0,0,0,0,0,0,0
write,2215,4096,5724274,887434,9357,912,4815129,3429070,4,0,0,0,0,471,8977,1994,5724274,0,54095,8,135482,1759159,3049959,0,1332,0,0,0,0,0,0,0,0,0,0,0,0,0,0,0,0,0,0,0,0,0
write,2216,4096,5976527,889729,9307,651,5062353,3580075,3,0,0,0,0,832,9247,4408,5976527,0,54095,8,147267,1852273,3203628,0,1392,0,0,0,0,0,0,0,0,0,0,0,0,0,0,0,0,0,0,0,0,0
write,2217,4096,6292320,896081,9498,821,5371252,3963423,3,0,0,0,0,651,10620,3397,6292320,0,54095,8,144258,1797851,3564915,0,1873,0,0,0,0,0,0,0,0,0,0,0,0,0,0,0,0,0,0,0,0,0
write,2218,4096,7251798,1103399,11692,911,6121259,4605928,3,0,0,0,0,601,11261,2675,7251798,0,54095,8,153918,1967850,4145534,0,1772,0,0,0,0,0,0,0,0,0,0,0,0,0,0,0,0,0,0,0,0,0
write,2219,4096,7303295,1100143,11642,831,6177084,4776859,3,0,0,0,0,611,10339,2645,7303295,0,54095,8,168958,1836605,4332894,0,1613,0,0,0,0,0,0,0,0,0,0,0,0,0,0,0,0,0,0,0,0,0
write,2220,4096,7434691,1092308,11221,842,6317186,4835619,3,0,0,0,0,621,9939,2574,7434691,0,54095,8,172681,1931893,4377719,0,1723,0,0,0,0,0,0,0,0,0,0,0,0,0,0,0,0,0,0,0,0,0
write,2221,4096,7772054,1108369,10900,1252,6638950,5205042,3,0,0,0,0,611,9037,2935,7772054,0,54095,8,196128,1866750,4764123,0,1744,0,0,0,0,0,0,0,0,0,0,0,0,0,0,0,0,0,0,0,0,0
write,2222,4096,7253121,1089893,10981,992,6136377,4756399,3,0,0,0,0,581,11431,2866,7253121,0,54095,8,169404,1810355,4318518,0,1662,0,0,0,0,0,0,0,0,0,0,0,0,0,0,0,0,0,0,0,0,0
write,2223,4096,6926639,1087099,10980,1002,5813832,4336173,3,0,0,0,0,581,10781,2364,6926639,0,54095,8,144273,1917245,3889193,0,1595,0,0,0,0,0,0,0,0,0,0,0,0,0,0,0,0,0,0,0,0,0
write,2224,4096,6772319,1083762,10871,981,5662779,4254509,3,0,0,0,0,541,10901,2484,6772319,0,54095,8,141211,1839689,3815084,0,1593,0,0,0,0,0,0,0,0,0,0,0,0,0,0,0,0,0,0,0,0,0
write,2225,4096,7276445,1084584,10600,801,6166474,4586863,3,0,0,0,0,601,10590,2795,7276445,0,54095,8,163709,2003176,4156133,0,1533,0,0,0,0,0,0,0,0,0,0,0,0,0,0,0,0,0,0,0,0,0
write,2226,4096,6935855,1072571,10870,932,5835943,4406976,3,0,0,0,0,581,11422,3536,6935855,0,54095,8,150304,1864226,3963944,0,1852,0,0,0,0,0,0,0,0,0,0,0,0,0,0,0,0,0,0,0,0,0
write,2227,4096,7361094,1079454,10610,1002,6255360,4764486,3,0,0,0,0,772,10129,3767,7361094,0,54095,8,176052,1927975,4318919,0,1834,0,0,0,0,0,0,0,0,0,0,0,0,0,0,0,0,0,0,0,0,0
write,2228,4096,7499663,1070156,12083,912,6401854,4900792,3,0,0,0,0,862,9938,3858,7499663,0,54095,8,183212,1952401,4435196,0,1773,0,0,0,0,0,0,0,0,0,0,0,0,0,0,0,0,0,0,0,0,0
write,2229,4096,7016848,1085415,11242,1092,5905964,4507125,3,1,0,0,0,632,9888,2615,7016848,0,54095,8,165573,1813931,4084018,0,1854,0,0,0,0,0,0,0,0,0,0,0,0,0,0,0,0,0,0,0,0,0
write,2230,4096,6646523,991680,10249,1132,5627533,4155322,4,0,0,0,0,841,10780,4308,6646523,0,54095,8,158697,1910743,3707943,0,2003,0,0,0,0,0,0,0,0,0,0,0,0,0,0,0,0,0,0,0,0,0
write,2231,4096,7109742,1101275,12594,1523,5975215,4523282,4,0,0,0,0,1933,11682,5520,7109742,0,54095,8,152894,1943675,4016602,0,4179,0,0,0,0,0,0,0,0,0,0,0,0,0,0,0,0,0,0,0,0,0
write,2232,4096,7868154,1109621,11672,1032,6727886,4216800,4,0,0,0,0,931,12223,4789,7868154,0,54095,8,136644,2987832,3728652,0,2986,0,0,0,0,0,0,0,0,0,0,0,0,0,0,0,0,0,0,0,0,0
write,2233,4096,8002646,1079815,12303,1062,6896462,5428382,3,0,0,0,0,842,9046,3116,8002646,0,54095,8,157030,1935640,4950222,0,2586,0,0,0,0,0,0,0,0,0,0,0,0,0,0,0,0,0,0,0,0,0
write,2234,4096,7217664,1076358,10750,912,6118584,4586584,4,0,0,0,0,621,8165,2274,7217664,0,54095,8,165767,1985373,4125126,0,1864,0,0,0,0,0,0,0,0,0,0,0,0,0,0,0,0,0,0,0,0,0
write,2235,4096,7498561,1076789,9889,841,6399200,4917273,3,0,0,0,0,571,8917,2354,7498561,0,54095,8,186721,1936461,4455214,0,1725,0,0,0,0,0,0,0,0,0,0,0,0,0,0,0,0,0,0,0,0,0
write,2236,4096,7644324,1058925,8647,721,6563888,5178554,4,0,0,0,0,592,8726,2825,7644324,0,54095,8,205763,1826635,4729990,0,1624,0,0,0,0,0,0,0,0,0,0,0,0,0,0,0,0,0,0,0,0,0
write,2237,4096,7785028,1059357,8836,742,6704943,5176840,3,0,0,0,0,611,8245,2294,7785028,0,54095,8,211285,1952091,4745960,0,1562,0,0,0,0,0,0,0,0,0,0,0,0,0,0,0,0,0,0,0,0,0
write,2238,4096,6423676,1051192,8065,721,5350363,3943645,3,0,0,0,0,751,9378,3206,6423676,0,54095,8,124427,1833228,3509811,0,1534,0,0,0,0,0,0,0,0,0,0,0,0,0,0,0,0,0,0,0,0,0
write,2239,4096,6562576,1053235,8626,812,5488842,4121258,3,0,0,0,0,511,8356,2194,6562576,0,54095,8,137032,1802029,3679580,0,1432,0,0,0,0,0,0,0,0,0,0,0,0,0,0,0,0,0,0,0,0,0
write,2240,4096,6705374,1056822,8205,701,5627543,4173516,3,0,0,0,0,581,8897,2625,6705374,0,54095,8,140611,1886517,3734222,0,1443,0,0,0,0,0,0,0,0,0,0,0,0,0,0,0,0,0,0,0,0,0
write,2241,4096,6883147,1063865,10790,882,5794376,4300044,3,0,0,0,0,751,10049,2434,6883147,0,54095,8,151960,1910152,3875738,0,1882,0,0,0,0,0,0,0,0,0,0,0,0,0,0,0,0,0,0,0,0,0
write,2242,4096,6844635,1049428,10870,932,5770240,4275108,4,0,0,0,0,642,9848,2675,6844635,0,54095,8,149457,1930200,3832096,0,1884,0,0,0,0,0,0,0,0,0,0,0,0,0,0,0,0,0,0,0,0,0
write,2243,4096,7065900,1034540,10991,992,6005411,4617039,3,0,0,0,0,611,11081,2274,7065900,0,54095,8,173210,1810064,4187943,0,1673,0,0,0,0,0,0,0,0,0,0,0,0,0,0,0,0,0,0,0,0,0
write,2244,4096,7314085,1040621,10550,902,6249358,4666523,4,0,0,0,0,601,9448,2605,7314085,0,54095,8,178285,2005551,4236534,0,1585,0,0,0,0,0,0,0,0,0,0,0,0,0,0,0,0,0,0,0,0,0
write,2245,4096,7208207,1034149,16772,2063,6139142,4714522,3,0,0,0,0,1163,11151,3767,7208207,0,54095,8,178377,1888601,4238458,0,3198,0,0,0,0,0,0,0,0,0,0,0,0,0,0,0,0,0,0,0,0,0
write,2246,4096,7805176,1072321,10780,1422,6706937,5208930,3,0,0,0,0,732,10249,2735,7805176,0,54095,8,215364,1936021,4761529,0,2202,0,0,0,0,0,0,0,0,0,0,0,0,0,0,0,0,0,0,0,0,0
write,2247,4096,6635402,1016456,10860,892,5596033,4153852,3,0,0,0,0,622,8285,2254,6635402,0,54095,8,146707,1866740,3722110,0,1532,0,0,0,0,0,0,0,0,0,0,0,0,0,0,0,0,0,0,0,0,0
write,2248,4096,6537970,1025624,8195,731,5492059,4012185,3,0,0,0,0,571,8716,2074,6537970,0,54095,8,138536,1892218,3593117,0,1423,0,0,0,0,0,0,0,0,0,0,0,0,0,0,0,0,0,0,0,0,0
write,2249,4096,6908264,1017779,8115,731,5869627,4395424,3,0,0,0,0,591,9007,2414,6908264,0,54095,8,166193,1889984,3972590,0,1473,0,0,0,0,0,0,0,0,0,0,0,0,0,0,0,0,0,0,0,0,0
write,2250,4096,6728087,1017548,8927,752,5689488,4300136,4,0,0,0,0,581,8136,2655,6728087,0,54095,8,157236,1814914,3867853,0,1492,0,0,0,0,0,0,0,0,0,0,0,0,0,0,0,0,0,0,0,0,0
write,2251,4096,7196775,1019381,8196,721,6156715,4569639,3,0,0,0,0,581,8927,2254,7196775,0,54095,8,178875,1998047,4151925,0,1344,0,0,0,0,0,0,0,0,0,0,0,0,0,0,0,0,0,0,0,0,0
write,2252,4096,7178651,1018941,8255,751,6139804,4728088,4,0,0,0,0,561,8085,2254,7178651,0,54095,8,187035,1847735,4285216,0,1412,0,0,0,0,0,0,0,0,0,0,0,0,0,0,0,0,0,0,0,0,0
write,2253,4096,7275112,1015624,8226,741,6239150,4749808,3,0,0,0,0,561,8366,2444,7275112,0,54095,8,192246,1904451,4328036,0,1363,0,0,0,0,0,0,0,0,0,0,0,0,0,0,0,0,0,0,0,0,0
write,2254,4096,6841128,1029130,8626,1052,5789626,4349397,3,0,0,0,0,662,9217,2815,6841128,0,54095,8,160703,1865779,3915723,0,1643,0,0,0,0,0,0,0,0,0,0,0,0,0,0,0,0,0,0,0,0,0
write,2255,4096,6779142,1024491,8807,791,5733241,4354768,4,0,0,0,0,601,8797,2414,6779142,0,54095,8,160981,1797611,3928486,0,1493,0,0,0,0,0,0,0,0,0,0,0,0,0,0,0,0,0,0,0,0,0
write,2256,4096,6660420,1045711,10821,1162,5591355,4114135,3,0,0,0,0,641,8506,2224,6660420,0,54095,8,144118,1907737,3676574,0,1514,0,0,0,0,0,0,0,0,0,0,0,0,0,0,0,0,0,0,0,0,0
write,2257,4096,6579117,1024211,8175,771,5533697,4158028,3,0,0,0,0,601,9388,2274,6579117,0,54095,8,148284,1779497,3747297,0,1422,0,0,0,0,0,0,0,0,0,0,0,0,0,0,0,0,0,0,0,0,0
write,2258,4096,7136171,1024441,8095,711,6086904,4521700,3,0,0,0,0,541,13315,2164,7136171,0,54095,8,172240,1990733,4089509,0,1432,0,0,0,0,0,0,0,0,0,0,0,0,0,0,0,0,0,0,0,0,0
write,2259,4096,7238904,1029781,10179,1002,6181872,4782519,3,0,0,0,0,802,10750,4518,7238904,0,54095,8,190906,1811447,4361398,0,2294,0,0,0,0,0,0,0,0,0,0,0,0,0,0,0,0,0,0,0,0,0
write,2260,4096,7779548,1042675,11331,1102,6710704,5218668,3,0,0,0,0,731,9909,3096,7779548,0,54095,8,216126,1949285,4750949,0,2386,0,0,0,0,0,0,0,0,0,0,0,0,0,0,0,0,0,0,0,0,0
write,2261,4096,7659733,1024240,10580,1493,6608392,5153856,3,0,0,0,0,661,9859,4508,7659733,0,54095,8,216528,1871550,4729288,0,1782,0,0,0,0,0,0,0,0,0,0,0,0,0,0,0,0,0,0,0,0,0
write,2262,4096,6877366,1025042,10991,841,5829261,4446330,4,0,0,0,0,611,8446,2174,6877366,0,54095,8,166592,1811837,4009969,0,1724,0,0,0,0,0,0,0,0,0,0,0,0,0,0,0,0,0,0,0,0,0
write,2263,4096,6544642,1024431,8195,751,5500956,4018967,3,0,0,0,0,621,7524,2164,6544642,0,54095,8,136583,1906955,3587477,0,1342,0,0,0,0,0,0,0,0,0,0,0,0,0,0,0,0,0,0,0,0,0
write,2264,4096,15221382,1027306,8025,661,14173889,4085663,3,0,0,0,0,521,8215,2765,15221382,0,54095,8,144894,10500540,3666635,0,1493,0,0,0,0,0,0,0,0,0,0,0,0,0,0,0,0,0,0,0,0,0
write,2265,4096,6939443,1044379,10369,1002,5870578,4312028,3,0,0,0,0,642,9678,2795,6939443,0,54095,8,157263,1972048,3890736,0,1765,0,0,0,0,0,0,0,0,0,0,0,0,0,0,0,0,0,0,0,0,0
write,2266,4096,6856487,1030392,10820,942,5799315,4155836,4,0,0,0,0,781,11692,2545,6856487,0,54095,8,143849,2070864,3720517,0,1703,0,0,0,0,0,0,0,0,0,0,0,0,0,0,0,0,0,0,0,0,0
write,2267,4096,7001038,1031194,10219,972,5943124,4503667,3,0,0,0,0,812,11952,2765,7001038,0,54095,8,161462,1852554,4082245,0,1783,0,0,0,0,0,0,0,0,0,0,0,0,0,0,0,0,0,0,0,0,0
write,2268,4096,7131363,1033628,10220,1082,6072366,4585671,4,0,0,0,0,652,11000,2415,7131363,0,54095,8,173041,1914139,4150603,0,1695,0,0,0,0,0,0,0,0,0,0,0,0,0,0,0,0,0,0,0,0,0
write,2269,4096,4966984,1032185,10590,922,3909060,2281690,2,0,0,0,0,721,10620,2886,4966984,0,54095,8,24603,2102312,1659271,0,2286,0,0,0,0,0,0,0,0,0,0,0,0,0,0,0,0,0,0,0,0,0
write,2270,4096,4547537,1023980,10409,1042,3498661,2086102,3,0,0,0,0,671,10219,2555,4547537,0,54095,8,24666,1845481,1645826,0,1561,0,0,0,0,0,0,0,0,0,0,0,0,0,0,0,0,0,0,0,0,0
write,2271,4096,4630322,1027006,10429,852,3579752,2089128,4,0,0,0,0,692,8936,2655,4630322,0,54095,8,24637,1936852,1635316,0,1635,0,0,0,0,0,0,0,0,0,0,0,0,0,0,0,0,0,0,0,0,0
write,2272,4096,4561424,1024512,10189,931,3513168,2085090,3,0,0,0,0,732,9327,2565,4561424,0,54095,8,24646,1846232,1659211,0,1684,0,0,0,0,0,0,0,0,0,0,0,0,0,0,0,0,0,0,0,0,0
write,2273,4096,4550172,1027476,10330,982,3496897,2095931,3,0,0,0,0,721,11382,2384,4550172,0,54095,8,24633,1837245,1652168,0,1593,0,0,0,0,0,0,0,0,0,0,0,0,0,0,0,0,0,0,0,0,0
write,2274,4096,4686027,1028729,10129,872,3626400,2145744,3,0,0,0,0,1162,13255,5480,4686027,0,54095,8,24647,1925030,1692885,0,1804,0,0,0,0,0,0,0,0,0,0,0,0,0,0,0,0,0,0,0,0,0
write,2275,4096,5770271,1637711,78097,2955,4029266,2264037,3,1,0,0,0,1693,14337,6212,5770271,0,54095,8,24650,2298340,1708113,0,7083,0,0,0,0,0,0,0,0,0,0,0,0,0,0,0,0,0,0,0,0,0
write,2276,4096,5346155,1596243,7575,1162,3727940,2145565,3,0,0,0,0,501,9638,3096,5346155,0,54095,0,24668,2051337,1667286,0,2485,0,0,0,0,0,0,0,0,0,0,0,0,0,0,0,0,0,0,0,0,0
write,2277,4096,5220169,1557351,10109,1042,3638051,2201770,4,2,0,0,0,852,10370,2394,5220169,0,54095,0,24652,1941961,1683507,0,2185,0,0,0,0,0,0,0,0,0,0,0,0,0,0,0,0,0,0,0,0,0
write,2278,4096,4740048,1093711,10229,1052,3622412,2136256,3,0,0,0,0,702,9518,2424,4740048,0,54095,1,24657,1946109,1668088,0,2045,0,0,0,0,0,0,0,0,0,0,0,0,0,0,0,0,0,0,0,0,0
write,2279,4096,4618571,1047534,10019,912,3547041,2087155,3,0,0,0,0,651,9889,2525,4618571,0,54095,1,24657,1885185,1654403,0,1751,0,0,0,0,0,0,0,0,0,0,0,0,0,0,0,0,0,0,0,0,0
write,2280,4096,4523652,1046722,9909,811,3452625,2071255,3,0,0,0,0,671,10049,2865,4523652,0,54095,1,24666,1802640,1642610,0,1524,0,0,0,0,0,0,0,0,0,0,0,0,0,0,0,0,0,0,0,0,0
write,2281,4096,4646984,1039059,10459,942,3583349,2096000,3,0,0,0,0,742,9537,2896,4646984,0,54095,1,24664,1897097,1678828,0,1723,0,0,0,0,0,0,0,0,0,0,0,0,0,0,0,0,0,0,0,0,0
write,2282,4096,4596539,1056461,10329,962,3514230,2094889,3,0,0,0,0,771,11402,2384,4596539,0,54095,1,24662,1842736,1663689,0,1774,0,0,0,0,0,0,0,0,0,0,0,0,0,0,0,0,0,0,0,0,0
write,2283,4096,4731633,1037135,9858,772,3671615,2096783,3,0,0,0,0,611,9137,2505,4731633,0,54095,1,24643,1997946,1666635,0,1543,0,0,0,0,0,0,0,0,0,0,0,0,0,0,0,0,0,0,0,0,0
write,2284,4096,4605546,1032556,9668,942,3549586,2091683,3,0,0,0,0,701,9478,2615,4605546,0,54095,1,24656,1873873,1668519,0,1603,0,0,0,0,0,0,0,0,0,0,0,0,0,0,0,0,0,0,0,0,0
write,2285,4096,4634089,1037325,9337,822,3572388,2084671,4,0,0,0,0,632,11191,2394,4634089,0,54095,1,24672,1911995,1651888,0,1711,0,0,0,0,0,0,0,0,0,0,0,0,0,0,0,0,0,0,0,0,0
write,2286,4096,4630663,1034730,10069,862,3572579,2096761,3,0,0,0,0,691,9077,2655,4630663,0,54095,1,24678,1900484,1664711,0,1642,0,0,0,0,0,0,0,0,0,0,0,0,0,0,0,0,0,0,0,0,0
write,2287,4096,4536276,1038527,9829,902,3472972,2081724,3,0,0,0,0,832,10549,2665,4536276,0,54095,1,24640,1815806,1649383,0,1563,0,0,0,0,0,0,0,0,0,0,0,0,0,0,0,0,0,0,0,0,0
write,2288,4096,4674666,1036113,9909,861,3614468,2107424,3,0,0,0,0,662,10309,2344,4674666,0,54095,1,24658,1949305,1657468,0,1714,0,0,0,0,0,0,0,0,0,0,0,0,0,0,0,0,0,0,0,0,0
write,2289,4096,4570230,1035832,10139,922,3510413,2119345,3,0,0,0,0,621,9478,2825,4570230,0,54095,1,24640,1835763,1667297,0,1652,0,0,0,0,0,0,0,0,0,0,0,0,0,0,0,0,0,0,0,0,0
write,2290,4096,4763282,1030893,9909,911,3707733,2129974,4,0,0,0,0,671,10710,2455,4763282,0,54095,1,24642,2008416,1691461,0,1595,0,0,0,0,0,0,0,0,0,0,0,0,0,0,0,0,0,0,0,0,0
write,2291,4096,4624812,1034610,10840,892,3565426,2106742,3,0,0,0,0,641,9878,2525,4624812,0,54095,1,24643,1891948,1665913,0,1734,0,0,0,0,0,0,0,0,0,0,0,0,0,0,0,0,0,0,0,0,0
write,2292,4096,4673794,1040090,10039,902,3610250,2127742,3,0,0,0,0,641,9678,2194,4673794,0,54095,1,24667,1913638,1689287,0,1553,0,0,0,0,0,0,0,0,0,0,0,0,0,0,0,0,0,0,0,0,0
write,2293,4096,6188945,1029460,10340,921,5134469,3635459,4,0,0,0,0,781,10480,2494,6188945,0,54095,1,114992,1935539,3190614,0,1772,0,0,0,0,0,0,0,0,0,0,0,0,0,0,0,0,0,0,0,0,0
write,2294,4096,6286478,1038738,10720,1022,5221141,3772895,3,0,0,0,0,1242,9287,4328,6286478,0,54095,1,122644,1867131,3345774,0,1934,0,0,0,0,0,0,0,0,0,0,0,0,0,0,0,0,0,0,0,0,0
write,2295,4096,8324149,1054748,11051,1152,7232151,5683658,4,0,0,0,0,1483,18064,5500,8324149,0,54095,1,118365,2054763,5164324,0,2905,0,0,0,0,0,0,0,0,0,0,0,0,0,0,0,0,0,0,0,0,0
write,2296,4096,6774563,1060408,11302,1402,5686954,4264558,3,0,0,0,0,551,10781,3165,6774563,0,54095,8,126020,1920411,3756324,0,2736,0,0,0,0,0,0,0,0,0,0,0,0,0,0,0,0,0,0,0,0,0
write,2297,4096,7220630,1611361,9077,772,5584412,4134876,4,0,0,0,0,521,11140,3347,7220630,0,54095,8,145262,1866630,3710648,0,1664,0,0,0,0,0,0,0,0,0,0,0,0,0,0,0,0,0,0,0,0,0
write,2298,4096,7579082,1610219,8155,702,5945368,4493378,4,0,0,0,0,601,11071,2966,7579082,0,54095,8,165652,1877972,4060535,0,1412,0,0,0,0,0,0,0,0,0,0,0,0,0,0,0,0,0,0,0,0,0
write,2299,4096,6865724,1104631,9418,982,5733371,4232888,4,0,0,0,0,691,13626,3005,6865724,0,54095,8,149667,1936621,3788945,0,1975,0,0,0,0,0,0,0,0,0,0,0,0,0,0,0,0,0,0,0,0,0
write,2300,4096,6951585,1049628,8466,771,5882010,4386678,3,0,0,0,0,421,7774,2515,6951585,0,54095,8,162466,1900594,3974634,0,1533,0,0,0,0,0,0,0,0,0,0,0,0,0,0,0,0,0,0,0,0,0
write,2301,4096,9488513,1032145,8035,622,8436079,7057637,3,0,0,0,0,731,8326,2575,9488513,0,54095,8,179333,1797762,6630012,0,1482,0,0,0,0,0,0,0,0,0,0,0,0,0,0,0,0,0,0,0,0,0
write,2302,4096,7893371,1036373,10770,852,6833524,5243925,3,1,0,0,0,681,8586,2585,7893371,0,54095,8,170368,2067547,4757531,0,1994,0,0,0,0,0,0,0,0,0,0,0,0,0,0,0,0,0,0,0,0,0
write,2303,4096,6646513,1032055,8466,792,5591154,4162277,4,0,0,0,0,451,10249,3346,6646513,0,54095,8,146553,1857423,3726769,0,1562,0,0,0,0,0,0,0,0,0,0,0,0,0,0,0,0,0,0,0,0,0
write,2304,4096,7321409,1616231,9277,902,5680793,4187785,3,0,0,0,0,631,10379,3196,7321409,0,54095,8,148199,1905092,3768406,0,1833,0,0,0,0,0,0,0,0,0,0,0,0,0,0,0,0,0,0,0,0,0
write,2305,4096,6710824,1112827,10239,842,5574603,4100190,4,0,0,0,0,642,9287,2384,6710824,0,54095,8,139406,1915371,3651487,0,1694,0,0,0,0,0,0,0,0,0,0,0,0,0,0,0,0,0,0,0,0,0
write,2306,4096,9123698,1031374,8726,741,8070083,6584428,4,0,0,0,0,631,9759,2384,9123698,0,54095,8,161086,1914600,6147808,0,1753,0,0,0,0,0,0,0,0,0,0,0,0,0,0,0,0,0,0,0,0,0
write,2307,4096,7222453,1022727,10540,892,6175550,4676751,3,0,0,0,0,691,8737,3316,7222453,0,54095,8,147345,1983419,4183725,0,2025,0,0,0,0,0,0,0,0,0,0,0,0,0,0,0,0,0,0,0,0,0
write,2308,4096,7114601,1032105,9628,812,6052219,4662174,3,0,0,0,0,1523,13184,5130,7114601,0,54095,8,179508,1815354,4226736,0,2786,0,0,0,0,0,0,0,0,0,0,0,0,0,0,0,0,0,0,0,0,0
write,2309,4096,166291265,1056451,11391,1182,165202605,7944681,5,0,0,0,0,2033,12474,5129,166291265,0,54095,8,233115,157720694,7466030,0,4059,0,0,0,0,0,0,0,0,0,0,0,0,0,0,0,0,0,0,0,0,0
write,2310,4096,7402070,1133325,14147,1142,6239270,4767181,3,0,0,0,0,571,10780,2835,7402070,0,54095,8,172412,1931863,4296937,0,2934,0,0,0,0,0,0,0,0,0,0,0,0,0,0,0,0,0,0,0,0,0
write,2311,4096,7180725,1085415,10901,842,6070363,4449916,3,0,0,0,0,661,9688,2855,7180725,0,54095,8,154122,2066134,3995753,0,1704,0,0,0,0,0,0,0,0,0,0,0,0,0,0,0,0,0,0,0,0,0
write,2312,4096,7225029,1078443,11401,1012,6091432,4578097,3,0,0,0,0,672,39263,2806,7225029,0,54095,8,163862,1947021,4137018,0,1673,0,0,0,0,0,0,0,0,0,0,0,0,0,0,0,0,0,0,0,0,0
write,2313,4096,7118568,1082570,10700,921,6011092,4502956,3,0,0,0,0,882,9948,2455,7118568,0,54095,8,155248,1937783,4064632,0,1824,0,0,0,0,0,0,0,0,0,0,0,0,0,0,0,0,0,0,0,0,0
write,2314,4096,6848292,1080296,11011,1122,5726999,4310053,3,0,0,0,0,1883,14588,12393,6848292,0,54095,8,144971,1855720,3861230,0,2815,0,0,0,0,0,0,0,0,0,0,0,0,0,0,0,0,0,0,0,0,0
write,2315,4096,6817965,1092959,10590,1022,5700690,4159441,3,0,0,0,0,511,9888,2305,6817965,0,54095,8,135768,1994911,3697212,0,1933,0,0,0,0,0,0,0,0,0,0,0,0,0,0,0,0,0,0,0,0,0
write,2316,4096,6999866,1075797,8386,661,5900384,4464124,3,0,0,0,0,722,11321,2595,6999866,0,54095,8,157476,1863585,4029246,0,1653,0,0,0,0,0,0,0,0,0,0,0,0,0,0,0,0,0,0,0,0,0
write,2317,4096,7192116,1073322,11071,922,6092795,4468642,3,0,0,0,0,621,11141,2244,7192116,0,54095,8,156303,2070973,4010711,0,1743,0,0,0,0,0,0,0,0,0,0,0,0,0,0,0,0,0,0,0,0,0
write,2318,4096,7085928,1075747,10680,822,5983350,4522321,3,0,0,0,0,711,12103,2515,7085928,0,54095,8,158594,1888040,4087184,0,1953,0,0,0,0,0,0,0,0,0,0,0,0,0,0,0,0,0,0,0,0,0
write,2319,4096,6887285,1086247,11752,1573,5768127,4274527,3,0,0,0,0,2053,12524,5009,6887285,0,54095,8,142454,1971336,3785198,0,2405,0,0,0,0,0,0,0,0,0,0,0,0,0,0,0,0,0,0,0,0,0
write,2320,4096,6615225,1090695,7905,1453,5503380,3990586,3,1,0,0,0,881,8717,2194,6615225,0,54095,1,124071,1977388,3515783,0,3097,0,0,0,0,0,0,0,0,0,0,0,0,0,0,0,0,0,0,0,0,0
write,2321,4096,6632206,1061641,8205,791,5551180,4130176,3,0,0,0,0,601,7554,2234,6632206,0,54095,0,137204,1874285,3669722,0,1813,0,0,0,0,0,0,0,0,0,0,0,0,0,0,0,0,0,0,0,0,0
write,2322,4096,7203949,1061380,7645,641,6120778,4602593,4,0,0,0,0,571,10630,2304,7203949,0,54095,0,170409,1945418,4168817,0,1413,0,0,0,0,0,0,0,0,0,0,0,0,0,0,0,0,0,0,0,0,0
write,2323,4096,6932510,1066349,8196,681,5846173,4422724,3,0,0,0,0,531,7824,2756,6932510,0,54095,0,161741,1849528,3990022,0,1473,0,0,0,0,0,0,0,0,0,0,0,0,0,0,0,0,0,0,0,0,0
write,2324,4096,7170125,1053215,8265,741,6096643,4476104,3,0,0,0,0,501,8536,2224,7170125,0,54095,0,166359,2040927,4049344,0,1392,0,0,0,0,0,0,0,0,0,0,0,0,0,0,0,0,0,0,0,0,0
write,2325,4096,7309737,1069595,13015,1292,6212369,4724111,4,0,0,0,0,892,10319,2255,7309737,0,54095,8,178427,1949296,4252714,0,2876,0,0,0,0,0,0,0,0,0,0,0,0,0,0,0,0,0,0,0,0,0
write,2326,4096,7405257,1054217,11101,962,6326413,4780946,3,0,0,0,0,621,9358,2585,7405257,0,54095,8,188618,1969774,4349216,0,1722,0,0,0,0,0,0,0,0,0,0,0,0,0,0,0,0,0,0,0,0,0
write,2327,4096,7075057,1050230,10670,771,5999600,4516590,3,0,0,0,0,592,10319,2875,7075057,0,54095,8,168284,1910272,4082224,0,1582,0,0,0,0,0,0,0,0,0,0,0,0,0,0,0,0,0,0,0,0,0
write,2328,4096,6543180,1048817,10640,902,5468464,4086092,3,0,0,0,0,712,10770,2875,6543180,0,54095,8,138700,1802841,3657679,0,1742,0,0,0,0,0,0,0,0,0,0,0,0,0,0,0,0,0,0,0,0,0
write,2329,4096,8401745,1047464,11372,921,7322621,4694254,4,0,0,0,0,1774,11822,5771,8401745,0,54095,8,143849,3094753,4213781,0,3126,0,0,0,0,0,0,0,0,0,0,0,0,0,0,0,0,0,0,0,0,0
write,2330,4096,6855695,1156128,9818,1874,5676594,4208593,3,1,0,0,0,852,8155,2274,6855695,0,54095,9,141643,1949887,3713393,0,4097,0,0,0,0,0,0,0,0,0,0,0,0,0,0,0,0,0,0,0,0,0
write,2331,4096,6732515,1051612,7945,822,5658811,4148783,3,0,0,0,0,621,10540,2164,6732515,0,54095,0,146227,1940509,3710878,0,1895,0,0,0,0,0,0,0,0,0,0,0,0,0,0,0,0,0,0,0,0,0
write,2332,4096,7028229,1049878,12193,1303,5952251,4453412,3,1,0,0,0,842,9357,2405,7028229,0,54095,8,165851,1923437,4018705,0,2535,0,0,0,0,0,0,0,0,0,0,0,0,0,0,0,0,0,0,0,0,0
write,2333,4096,7102248,1036804,9278,821,6043573,4497977,4,0,0,0,0,641,8817,2314,7102248,0,54095,8,171553,1989842,4046378,0,1603,0,0,0,0,0,0,0,0,0,0,0,0,0,0,0,0,0,0,0,0,0
write,2334,4096,6662974,1041754,8556,741,5601734,4088109,3,0,0,0,0,611,7404,2174,6662974,0,54095,8,144871,1929297,3665283,0,1474,0,0,0,0,0,0,0,0,0,0,0,0,0,0,0,0,0,0,0,0,0
write,2335,4096,6698020,1030122,7904,772,5648802,4224052,3,0,0,0,0,572,7393,2455,6698020,0,54095,8,150242,1861921,3779848,0,1454,0,0,0,0,0,0,0,0,0,0,0,0,0,0,0,0,0,0,0,0,0
write,2336,4096,7053576,1029620,7755,711,6003528,4395584,3,0,0,0,0,541,8876,2545,7053576,0,54095,8,163714,2018986,3978039,0,1403,0,0,0,0,0,0,0,0,0,0,0,0,0,0,0,0,0,0,0,0,0
write,2337,4096,6967045,1032446,8456,781,5907568,4470224,3,0,0,0,0,601,14988,2205,6967045,0,54095,8,167929,1854958,4045806,0,1472,0,0,0,0,0,0,0,0,0,0,0,0,0,0,0,0,0,0,0,0,0
write,2338,4096,6932409,1029450,10399,932,5877732,4363213,3,0,0,0,0,641,10640,2615,6932409,0,54095,8,163012,1930941,3938476,0,1653,0,0,0,0,0,0,0,0,0,0,0,0,0,0,0,0,0,0,0,0,0
write,2339,4096,6930566,1019762,10490,972,5884945,4423416,3,0,0,0,0,641,10901,2855,6930566,0,54095,8,168117,1870588,4006232,0,1593,0,0,0,0,0,0,0,0,0,0,0,0,0,0,0,0,0,0,0,0,0
write,2340,4096,7316700,1018570,10299,872,6274366,4765729,3,0,0,0,0,621,9307,2665,7316700,0,54095,8,192583,1920301,4346801,0,1552,0,0,0,0,0,0,0,0,0,0,0,0,0,0,0,0,0,0,0,0,0
write,2341,4096,7125722,1014723,10369,862,6086714,4565042,3,0,0,0,0,611,9969,2474,7125722,0,54095,8,179526,1936040,4143600,0,1504,0,0,0,0,0,0,0,0,0,0,0,0,0,0,0,0,0,0,0,0,0
write,2342,4096,6987212,1016927,10840,822,5947492,4535998,3,0,0,0,0,592,7824,2715,6987212,0,54095,8,175754,1840240,4100058,0,1533,0,0,0,0,0,0,0,0,0,0,0,0,0,0,0,0,0,0,0,0,0
write,2343,4096,7052705,1015704,8246,751,6014108,4428887,3,1,0,0,0,1182,9117,3597,7052705,0,54095,8,167661,1996354,4008727,0,2094,0,0,0,0,0,0,0,0,0,0,0,0,0,0,0,0,0,0,0,0,0
write,2344,4096,6575230,1065408,9047,962,5489313,4049185,4,0,0,0,0,661,7695,2144,6575230,0,54095,0,141371,1895364,3585523,0,1843,0,0,0,0,0,0,0,0,0,0,0,0,0,0,0,0,0,0,0,0,0
write,2345,4096,6522711,1036293,12744,1503,5457804,3918759,3,0,0,0,0,862,10930,2575,6522711,0,54095,8,132178,1954826,3493501,0,2555,0,0,0,0,0,0,0,0,0,0,0,0,0,0,0,0,0,0,0,0,0
write,2346,4096,7101116,1026435,10670,831,6050836,4585791,4,0,0,0,0,672,9037,2635,7101116,0,54095,8,177225,1896406,4146685,0,1663,0,0,0,0,0,0,0,0,0,0,0,0,0,0,0,0,0,0,0,0,0
write,2347,4096,6814107,1022888,8846,832,5769960,4318880,3,0,0,0,0,721,8586,2274,6814107,0,54095,8,160112,1868974,3893762,0,1484,0,0,0,0,0,0,0,0,0,0,0,0,0,0,0,0,0,0,0,0,0
write,2348,4096,6609024,1024972,8056,761,5565136,4059934,3,0,0,0,0,591,7464,2044,6609024,0,54095,8,144285,1924328,3633574,0,1493,0,0,0,0,0,0,0,0,0,0,0,0,0,0,0,0,0,0,0,0,0
write,2349,4096,6812715,1022768,8035,752,5770100,4351883,4,0,0,0,0,621,8355,2084,6812715,0,54095,8,154564,1837516,3925602,0,1502,0,0,0,0,0,0,0,0,0,0,0,0,0,0,0,0,0,0,0,0,0
write,2350,4096,7088582,1022908,7624,752,6045736,4499960,3,0,0,0,0,622,8726,2214,7088582,0,54095,8,171801,1963152,4075322,0,1542,0,0,0,0,0,0,0,0,0,0,0,0,0,0,0,0,0,0,0,0,0
write,2351,4096,7082080,1043186,10109,922,6013947,4577827,3,0,0,0,0,661,10880,2375,7082080,0,54095,8,180977,1842746,4163608,0,1703,0,0,0,0,0,0,0,0,0,0,0,0,0,0,0,0,0,0,0,0,0
write,2352,4096,6676109,1023659,10650,902,5626200,4116139,4,0,0,0,0,752,11671,2275,6676109,0,54095,8,145128,1936632,3682075,0,1642,0,0,0,0,0,0,0,0,0,0,0,0,0,0,0,0,0,0,0,0,0
write,2353,4096,6726824,1024582,9908,862,5678678,4186691,3,0,0,0,0,672,10039,2083,6726824,0,54095,8,150197,1908459,3762405,0,1683,0,0,0,0,0,0,0,0,0,0,0,0,0,0,0,0,0,0,0,0,0
write,2354,4096,6727726,1023209,10800,832,5682035,4255802,4,0,0,0,0,671,7915,2264,6727726,0,54095,8,155430,1854248,3820083,0,1572,0,0,0,0,0,0,0,0,0,0,0,0,0,0,0,0,0,0,0,0,0
write,2355,4096,7075077,1024982,8456,771,6029797,4540005,3,0,0,0,0,602,8285,2184,7075077,0,54095,8,176783,1896997,4126157,0,1402,0,0,0,0,0,0,0,0,0,0,0,0,0,0,0,0,0,0,0,0,0
write,2356,4096,6945594,1030442,8967,982,5892660,4464703,4,0,0,0,0,811,8907,2825,6945594,0,54095,8,168858,1856421,4028364,0,1824,0,0,0,0,0,0,0,0,0,0,0,0,0,0,0,0,0,0,0,0,0
write,2357,4096,7229376,1047124,10770,882,6156694,4585120,3,0,0,0,0,962,10109,2835,7229376,0,54095,8,179813,1993077,4155703,0,1693,0,0,0,0,0,0,0,0,0,0,0,0,0,0,0,0,0,0,0,0,0
write,2358,4096,6926448,1026314,11061,1132,5874436,4416532,3,1,0,0,0,991,8486,4028,6926448,0,54095,8,164981,1866791,3999080,0,1801,0,0,0,0,0,0,0,0,0,0,0,0,0,0,0,0,0,0,0,0,0
write,2359,4096,7038007,1031695,8626,861,5981136,4456678,3,0,0,0,0,1002,10950,3737,7038007,0,54095,8,160274,1961228,4011191,0,2024,0,0,0,0,0,0,0,0,0,0,0,0,0,0,0,0,0,0,0,0,0
write,2360,4096,7292384,1033969,12513,992,6232747,4716856,3,0,0,0,0,672,8415,3076,7292384,0,54095,8,184381,1957170,4267702,0,1814,0,0,0,0,0,0,0,0,0,0,0,0,0,0,0,0,0,0,0,0,0
write,2361,4096,7237953,1038838,8636,822,6178726,4807025,3,0,0,0,0,551,8105,2275,7237953,0,54095,8,190606,1791319,4380383,0,1494,0,0,0,0,0,0,0,0,0,0,0,0,0,0,0,0,0,0,0,0,0
write,2362,4096,7436635,1024942,8386,731,6392206,4865656,4,0,0,0,0,652,7484,2234,7436635,0,54095,8,192194,1955658,4429356,0,1553,0,0,0,0,0,0,0,0,0,0,0,0,0,0,0,0,0,0,0,0,0
write,2363,4096,7141190,1021705,8546,782,6099908,4659980,3,0,0,0,0,561,7635,2053,7141190,0,54095,8,181806,1863555,4229592,0,1493,0,0,0,0,0,0,0,0,0,0,0,0,0,0,0,0,0,0,0,0,0
write,2364,4096,7650155,1028439,8135,731,6600537,4996421,3,0,0,0,0,612,9387,2314,7650155,0,54095,8,203454,2021600,4572164,0,1412,0,0,0,0,0,0,0,0,0,0,0,0,0,0,0,0,0,0,0,0,0
write,2365,4096,7663089,1021194,8396,762,6621336,5191407,4,0,0,0,0,631,8185,2585,7663089,0,54095,8,215867,1860248,4754215,0,1482,0,0,0,0,0,0,0,0,0,0,0,0,0,0,0,0,0,0,0,0,0
write,2366,4096,7582489,1022728,8235,1122,6538662,5050763,3,0,0,0,0,711,8666,2365,7582489,0,54095,8,205040,1917416,4611878,0,1954,0,0,0,0,0,0,0,0,0,0,0,0,0,0,0,0,0,0,0,0,0
write,2367,4096,7511224,1026915,8656,792,6464292,4967848,3,0,0,0,0,641,7774,2154,7511224,0,54095,8,199680,1917957,4539242,0,1463,0,0,0,0,0,0,0,0,0,0,0,0,0,0,0,0,0,0,0,0,0
write,2368,4096,6803718,1024421,7795,781,5759160,4347484,4,0,0,0,0,801,8646,2114,6803718,0,54095,8,160989,1831153,3920462,0,1533,0,0,0,0,0,0,0,0,0,0,0,0,0,0,0,0,0,0,0,0,0
write,2369,4096,6525466,1038377,9087,872,5464517,3923629,3,0,0,0,0,561,8996,3056,6525466,0,54095,8,130462,1955407,3501236,0,1733,0,0,0,0,0,0,0,0,0,0,0,0,0,0,0,0,0,0,0,0,0
write,2370,4096,6707087,1026004,10981,861,5655916,4264559,4,0,0,0,0,611,9678,3036,6707087,0,54095,8,154120,1815104,3833078,0,1612,0,0,0,0,0,0,0,0,0,0,0,0,0,0,0,0,0,0,0,0,0
write,2371,4096,7293597,1026906,10469,892,6242676,4633641,3,0,0,0,0,611,9458,2585,7293597,0,54095,8,178933,2018155,4216788,0,1721,0,0,0,0,0,0,0,0,0,0,0,0,0,0,0,0,0,0,0,0,0
write,2372,4096,6598262,1025573,10910,772,5548233,4076995,4,0,0,0,0,632,9407,2735,6598262,0,54095,8,142020,1912687,3627722,0,1615,0,0,0,0,0,0,0,0,0,0,0,0,0,0,0,0,0,0,0,0,0
write,2373,4096,6928733,1030763,10800,852,5872993,4365456,4,0,0,0,0,561,10429,2335,6928733,0,54095,8,158841,1934418,3931222,0,1683,0,0,0,0,0,0,0,0,0,0,0,0,0,0,0,0,0,0,0,0,0
write,2374,4096,6801494,1027467,9938,962,5748820,4283604,3,0,0,0,0,661,11161,2485,6801494,0,54095,8,156112,1879324,3862213,0,1604,0,0,0,0,0,0,0,0,0,0,0,0,0,0,0,0,0,0,0,0,0
write,2375,4096,6920186,1032616,10971,821,5861361,4475364,3,0,0,0,0,591,11311,2515,6920186,0,54095,8,169480,1803492,4050305,0,1712,0,0,0,0,0,0,0,0,0,0,0,0,0,0,0,0,0,0,0,0,0
write,2376,4096,6998083,1028088,11431,1052,5943315,4427866,4,0,0,0,0,711,11131,2355,6998083,0,54095,8,163620,1954805,3979542,0,1962,0,0,0,0,0,0,0,0,0,0,0,0,0,0,0,0,0,0,0,0,0
write,2377,4096,6756068,1023108,10199,932,5707222,4275218,3,0,0,0,0,731,10510,3366,6756068,0,54095,8,155207,1856421,3842205,0,2163,0,0,0,0,0,0,0,0,0,0,0,0,0,0,0,0,0,0,0,0,0
write,2378,4096,6985129,1025573,10971,952,5934628,4506003,4,0,0,0,0,752,9437,2816,6985129,0,54095,8,169544,1870788,4056076,0,1872,0,0,0,0,0,0,0,0,0,0,0,0,0,0,0,0,0,0,0,0,0
write,2379,4096,7145038,1026985,10290,871,6093657,4667905,3,0,0,0,0,571,10019,2645,7145038,0,54095,8,185788,1845681,4240712,0,1572,0,0,0,0,0,0,0,0,0,0,0,0,0,0,0,0,0,0,0,0,0
write,2380,4096,7209399,1029620,10801,841,6153439,4626528,3,0,0,0,0,731,10690,3277,7209399,0,54095,8,176637,1958854,4186471,0,1832,0,0,0,0,0,0,0,0,0,0,0,0,0,0,0,0,0,0,0,0,0
write,2381,4096,7378477,1029561,13135,1132,6322065,4795423,3,0,0,0,0,641,9428,2515,7378477,0,54095,8,190550,1955547,4358964,0,1631,0,0,0,0,0,0,0,0,0,0,0,0,0,0,0,0,0,0,0,0,0
write,2382,4096,7187006,1029540,10289,772,6133010,4716286,3,0,0,0,0,632,10389,2374,7187006,0,54095,8,183111,1838337,4287650,0,1544,0,0,0,0,0,0,0,0,0,0,0,0,0,0,0,0,0,0,0,0,0
write,2383,4096,7252790,1039019,10299,1433,6188965,4641676,3,0,0,0,0,681,10229,2164,7252790,0,54095,8,180329,1955808,4225003,0,1863,0,0,0,0,0,0,0,0,0,0,0,0,0,0,0,0,0,0,0,0,0
write,2384,4096,7311831,1027467,9898,792,6258756,4822735,4,0,0,0,0,692,11511,2715,7311831,0,54095,8,190461,1868373,4382759,0,1742,0,0,0,0,0,0,0,0,0,0,0,0,0,0,0,0,0,0,0,0,0
write,2385,4096,7776032,1044819,10370,1432,6705615,5157312,3,1,0,0,0,691,9628,3477,7776032,0,54095,8,205833,1944266,4752522,0,2042,0,0,0,0,0,0,0,0,0,0,0,0,0,0,0,0,0,0,0,0,0
write,2386,4096,11984363,1038638,9267,771,10920278,5197426,4,0,0,0,0,1473,9758,4178,11984363,0,54095,8,217578,6163698,4746821,0,2383,0,0,0,0,0,0,0,0,0,0,0,0,0,0,0,0,0,0,0,0,0
write,2387,4096,7344813,1036364,8265,1122,6284845,4862859,3,0,0,0,0,592,10900,2725,7344813,0,54095,8,193578,1855039,4421611,0,1792,0,0,0,0,0,0,0,0,0,0,0,0,0,0,0,0,0,0,0,0,0
write,2388,4096,7637201,1026806,9237,942,6585148,5159545,4,0,0,0,0,761,11332,2975,7637201,0,54095,8,212472,1851242,4725511,0,1882,0,0,0,0,0,0,0,0,0,0,0,0,0,0,0,0,0,0,0,0,0
write,2389,4096,8178847,1027777,11612,892,7126924,5606716,3,0,0,0,0,661,8897,2084,8178847,0,54095,8,251091,1948183,5170966,0,1674,0,0,0,0,0,0,0,0,0,0,0,0,0,0,0,0,0,0,0,0,0
write,2390,4096,7785128,1021295,8406,751,6741101,5227565,3,0,0,0,0,591,10770,2214,7785128,0,54095,8,221242,1940559,4793779,0,1483,0,0,0,0,0,0,0,0,0,0,0,0,0,0,0,0,0,0,0,0,0
write,2391,4096,7383977,1032747,11111,831,6323007,4923485,3,0,0,0,0,762,12283,3236,7383977,0,54095,8,194492,1820815,4494047,0,1912,0,0,0,0,0,0,0,0,0,0,0,0,0,0,0,0,0,0,0,0,0
write,2392,4096,6827462,1042414,9077,1142,5760182,4155654,4,0,0,0,0,701,10800,3146,6827462,0,54095,8,144470,2036118,3715126,0,2075,0,0,0,0,0,0,0,0,0,0,0,0,0,0,0,0,0,0,0,0,0
write,2393,4096,6712086,1047344,18926,1422,5628685,4189687,3,0,0,0,0,771,11652,3286,6712086,0,54095,8,141762,1854848,3764199,0,2165,0,0,0,0,0,0,0,0,0,0,0,0,0,0,0,0,0,0,0,0,0
write,2394,4096,6849865,1035702,11041,1012,5790919,4297530,3,0,0,0,0,651,8286,2254,6849865,0,54095,8,151957,1927054,3856422,0,1562,0,0,0,0,0,0,0,0,0,0,0,0,0,0,0,0,0,0,0,0,0
write,2395,4096,4875142,1026896,8486,731,3825023,2290035,2,0,0,0,0,711,10169,3126,4875142,0,54095,8,24613,2017272,1665083,0,2155,0,0,0,0,0,0,0,0,0,0,0,0,0,0,0,0,0,0,0,0,0
write,2396,4096,5055610,1558743,7915,791,3474035,2087034,4,0,0,0,0,601,10249,3276,5055610,0,54095,8,24671,1823039,1644073,0,1461,0,0,0,0,0,0,0,0,0,0,0,0,0,0,0,0,0,0,0,0,0
write,2397,4096,5298025,1572339,8245,712,3703544,2125859,3,0,0,0,0,621,9378,3186,5298025,0,54095,8,24636,2005531,1691302,0,1442,0,0,0,0,0,0,0,0,0,0,0,0,0,0,0,0,0,0,0,0,0
write,2398,4096,5157632,1576276,10520,1042,3550207,2106439,3,0,0,0,0,831,14638,4118,5157632,0,54095,8,24616,1862042,1679489,0,1915,0,0,0,0,0,0,0,0,0,0,0,0,0,0,0,0,0,0,0,0,0
write,2399,4096,5267277,1614497,10210,1582,3626280,2104317,3,0,0,0,0,1022,10109,3577,5267277,0,54095,8,24614,1967730,1648541,0,2696,0,0,0,0,0,0,0,0,0,0,0,0,0,0,0,0,0,0,0,0,0
write,2400,4096,5162601,1568832,8325,782,3570916,2097062,3,0,0,0,0,551,10520,2675,5162601,0,54095,8,24630,1899802,1664180,0,1634,0,0,0,0,0,0,0,0,0,0,0,0,0,0,0,0,0,0,0,0,0
write,2401,4096,4567325,1034750,11091,842,3501806,2073299,3,0,0,0,0,1162,11592,6082,4567325,0,54095,8,24641,1840281,1653251,0,1782,0,0,0,0,0,0,0,0,0,0,0,0,0,0,0,0,0,0,0,0,0
write,2402,4096,4663505,1049588,10670,1633,3587658,2093628,4,0,0,0,0,701,10680,2575,4663505,0,54095,8,24621,1932154,1646368,0,2314,0,0,0,0,0,0,0,0,0,0,0,0,0,0,0,0,0,0,0,0,0
write,2403,4096,4617047,1035982,10690,1072,3555167,2121851,4,0,0,0,0,721,10590,2825,4617047,0,54095,8,24643,1874234,1672957,0,1765,0,0,0,0,0,0,0,0,0,0,0,0,0,0,0,0,0,0,0,0,0
write,2404,4096,4691007,1031414,10660,1002,3633574,2048010,3,0,0,0,0,621,10911,2825,4691007,0,54095,8,24620,1997506,1628153,0,1663,0,0,0,0,0,0,0,0,0,0,0,0,0,0,0,0,0,0,0,0,0
write,2405,4096,4661331,1030662,9137,1123,3600842,2165351,4,0,0,0,0,972,14968,3627,4661331,0,54095,8,24631,1873493,1718162,0,2073,0,0,0,0,0,0,0,0,0,0,0,0,0,0,0,0,0,0,0,0,0
write,2406,4096,5685010,1570024,8866,1082,4091703,2598043,3,0,0,0,0,972,9608,2755,5685010,0,54095,8,24623,1919900,2161313,0,2234,0,0,0,0,0,0,0,0,0,0,0,0,0,0,0,0,0,0,0,0,0
write,2407,4096,4627017,1043186,9689,781,3561478,2088568,3,0,0,0,0,511,9198,2174,4627017,0,54095,8,24633,1894733,1659392,0,1632,0,0,0,0,0,0,0,0,0,0,0,0,0,0,0,0,0,0,0,0,0
write,2408,4096,4562566,1064457,7173,882,3479514,2098125,4,0,0,0,0,531,7795,2214,4562566,0,54095,8,24637,1805365,1666955,0,1553,0,0,0,0,0,0,0,0,0,0,0,0,0,0,0,0,0,0,0,0,0
write,2409,4096,4674295,1033097,8566,962,3617754,2097864,3,0,0,0,0,591,11051,2274,4674295,0,54095,8,24635,1935450,1674420,0,1774,0,0,0,0,0,0,0,0,0,0,0,0,0,0,0,0,0,0,0,0,0
write,2410,4096,15089215,1033779,9978,1132,14025631,3028471,3,0,0,0,0,1403,12673,4619,15089215,0,54095,8,24639,11412200,2603522,0,2283,0,0,0,0,0,0,0,0,0,0,0,0,0,0,0,0,0,0,0,0,0
write,2411,4096,5790999,1038617,11161,1152,4728407,3100425,4,0,0,0,0,701,8706,2255,5790999,0,54095,8,24636,2133380,2585318,0,2305,0,0,0,0,0,0,0,0,0,0,0,0,0,0,0,0,0,0,0,0,0
write,2412,4096,5818241,1040271,10289,882,4755678,3057464,3,0,0,0,0,641,8316,2164,5818241,0,54095,8,24640,2177122,2570430,0,1794,0,0,0,0,0,0,0,0,0,0,0,0,0,0,0,0,0,0,0,0,0
write,2413,4096,5579984,1021886,10119,832,4535735,3076409,3,0,0,0,0,672,8285,2455,5579984,0,54095,8,24666,1941711,2585898,0,1714,0,0,0,0,0,0,0,0,0,0,0,0,0,0,0,0,0,0,0,0,0
write,2414,4096,5472502,1026525,10390,811,4423756,3028831,3,0,0,0,0,671,8095,2254,5472502,0,54095,8,24686,1858285,2557335,0,1724,0,0,0,0,0,0,0,0,0,0,0,0,0,0,0,0,0,0,0,0,0
write,2415,4096,4693862,1035792,10190,871,3634415,2162726,3,0,0,0,0,612,9117,2865,4693862,0,54095,8,24639,1905263,1720406,0,1874,0,0,0,0,0,0,0,0,0,0,0,0,0,0,0,0,0,0,0,0,0
write,2416,4096,4582734,1046362,7374,1042,3514841,2140495,3,0,0,0,0,691,10119,2305,4582734,0,54095,8,24635,1796037,1709957,0,1993,0,0,0,0,0,0,0,0,0,0,0,0,0,0,0,0,0,0,0,0,0
write,2417,4096,4699392,1040401,10309,902,3634134,2072398,3,0,0,0,0,681,10270,2695,4699392,0,54095,8,24636,1979833,1646487,0,1672,0,0,0,0,0,0,0,0,0,0,0,0,0,0,0,0,0,0,0,0,0
write,2418,4096,4587532,1041062,10059,1182,3523117,2097715,3,0,0,0,0,671,8816,2625,4587532,0,54095,8,24658,1843326,1671434,0,1895,0,0,0,0,0,0,0,0,0,0,0,0,0,0,0,0,0,0,0,0,0
write,2419,4096,6580079,1037977,9728,1112,5508800,3986196,4,0,0,0,0,1863,15199,5400,6580079,0,54095,8,101762,1954676,3543074,0,2402,0,0,0,0,0,0,0,0,0,0,0,0,0,0,0,0,0,0,0,0,0
write,2420,4096,6815680,1073573,14818,1543,5710428,4137391,3,0,0,0,0,1192,9728,4398,6815680,0,54095,8,133729,2143589,3552452,0,4838,0,0,0,0,0,0,0,0,0,0,0,0,0,0,0,0,0,0,0,0,0
write,2421,4096,6468239,1041723,11722,1173,5400376,4021744,3,0,0,0,0,651,10019,2575,6468239,0,54095,8,137596,1827427,3563452,0,2316,0,0,0,0,0,0,0,0,0,0,0,0,0,0,0,0,0,0,0,0,0
write,2422,4096,6379453,1030753,10359,822,5323442,3849379,3,0,0,0,0,712,10129,3236,6379453,0,54095,8,123354,1897298,3417919,0,1974,0,0,0,0,0,0,0,0,0,0,0,0,0,0,0,0,0,0,0,0,0
write,2423,4096,6734288,1051071,9437,1503,5659232,4245213,3,0,0,0,0,662,9808,2575,6734288,0,54095,8,156446,1839980,3810756,0,2025,0,0,0,0,0,0,0,0,0,0,0,0,0,0,0,0,0,0,0,0,0
write,2424,4096,7011708,1029951,10720,792,5956719,4455868,3,0,0,0,0,612,10289,2625,7011708,0,54095,8,171165,1916133,4033163,0,1644,0,0,0,0,0,0,0,0,0,0,0,0,0,0,0,0,0,0,0,0,0
write,2425,4096,7013060,1042314,10370,881,5945800,4530278,3,0,0,0,0,621,10389,2685,7013060,0,54095,8,176907,1832286,4105899,0,1622,0,0,0,0,0,0,0,0,0,0,0,0,0,0,0,0,0,0,0,0,0
write,2426,4096,6242226,1036374,10830,882,5181746,3695893,3,0,0,0,0,541,8687,3166,6242226,0,54095,8,119120,1888601,3285651,0,1583,0,0,0,0,0,0,0,0,0,0,0,0,0,0,0,0,0,0,0,0,0
write,2427,4096,6626176,1031354,10871,881,5569374,4102686,4,0,0,0,0,681,9548,3467,6626176,0,54095,8,146678,1897178,3664221,0,1993,0,0,0,0,0,0,0,0,0,0,0,0,0,0,0,0,0,0,0,0,0
write,2428,4096,6313188,1037756,11030,942,5250586,3873746,3,0,0,0,0,571,9608,2695,6313188,0,54095,8,128213,1793934,3448617,0,2073,0,0,0,0,0,0,0,0,0,0,0,0,0,0,0,0,0,0,0,0,0
write,2429,4096,6882806,1046632,10470,812,5811698,4308080,4,0,0,0,0,591,9858,2745,6882806,0,54095,8,158340,1927895,3876409,0,1694,0,0,0,0,0,0,0,0,0,0,0,0,0,0,0,0,0,0,0,0,0
write,2430,4096,6636445,1034440,11952,882,5576717,4186333,3,0,0,0,0,561,9298,2595,6636445,0,54095,8,149495,1798162,3770921,0,1665,0,0,0,0,0,0,0,0,0,0,0,0,0,0,0,0,0,0,0,0,0
write,2431,4096,9376302,1043787,10690,821,8301668,6702382,4,0,0,0,0,791,14357,4188,9376302,0,54095,8,166834,2030568,6262954,0,1774,0,0,0,0,0,0,0,0,0,0,0,0,0,0,0,0,0,0,0,0,0
write,2432,4096,8174228,1311770,10339,1152,6832573,5390529,3,0,0,0,0,911,14898,2585,8174228,0,54095,8,174533,1948825,4871846,0,3647,0,0,0,0,0,0,0,0,0,0,0,0,0,0,0,0,0,0,0,0,0
write,2433,4096,29395933,1035291,11452,921,28327780,4819579,4,0,0,0,0,1703,12664,6122,29395933,0,54095,8,192432,23948978,4365326,0,2554,0,0,0,0,0,0,0,0,0,0,0,0,0,0,0,0,0,0,0,0,0
write,2434,4096,6973737,1315997,11422,1202,5631059,4005732,3,0,0,0,0,681,10901,2475,6973737,0,54095,8,137518,2063209,3558032,0,2745,0,0,0,0,0,0,0,0,0,0,0,0,0,0,0,0,0,0,0,0,0
write,2435,4096,7050501,1281714,8726,752,5745604,4161054,4,0,0,0,0,651,10580,2474,7050501,0,54095,8,147203,2020950,3717501,0,1532,0,0,0,0,0,0,0,0,0,0,0,0,0,0,0,0,0,0,0,0,0
write,2436,4096,7141752,1286483,8596,761,5830463,4231876,3,0,0,0,0,611,12283,2555,7141752,0,54095,8,155269,2025468,3798081,0,1423,0,0,0,0,0,0,0,0,0,0,0,0,0,0,0,0,0,0,0,0,0
write,2437,4096,6796294,1295610,8936,742,5468364,4002456,4,0,0,0,0,801,15359,6482,6796294,0,54095,8,136516,1895435,3559555,0,1452,0,0,0,0,0,0,0,0,0,0,0,0,0,0,0,0,0,0,0,0,0
write,2438,4096,6823325,1278999,8896,822,5520442,4033375,3,0,0,0,0,701,11201,2264,6823325,0,54095,8,138410,1916334,3596635,0,1612,0,0,0,0,0,0,0,0,0,0,0,0,0,0,0,0,0,0,0,0,0
write,2439,4096,7288147,1285290,8577,751,5980404,4480012,3,0,0,0,0,631,10210,2284,7288147,0,54095,8,169253,1925941,4047379,0,1443,0,0,0,0,0,0,0,0,0,0,0,0,0,0,0,0,0,0,0,0,0
write,2440,4096,7147563,1285040,8255,772,5840451,4474042,3,0,0,0,0,732,9828,2485,7147563,0,54095,8,168692,1804854,4028554,0,1552,0,0,0,0,0,0,0,0,0,0,0,0,0,0,0,0,0,0,0,0,0
write,2441,4096,7213336,1290810,8837,761,5900775,4398931,3,0,0,0,0,662,8916,2575,7213336,0,54095,8,164147,1940088,3952612,0,1613,0,0,0,0,0,0,0,0,0,0,0,0,0,0,0,0,0,0,0,0,0
write,2442,1664,3636389,519795,9458,841,3094744,1925221,3,0,0,0,0,621,9828,1102,3636389,0,54095,8,72387,1392732,1694809,0,1542,0,0,0,0,0,0,0,0,0,0,0,0,0,0,0,0,0,0,0,0,0
query,1,4096,43122833,81042,13295,2595,42378156,42375347,0,0,101,0,550613,2204,94507,421,43122833,0,54095,8,362532,0,0,0,0,815,4038,6153334,0,1440276,0,172032,0,0,0,0,40517895,0,0,0,0,185655,19152691,0,0,0
query,2,4096,41891353,110316,12273,1383,41179739,41177010,0,0,101,0,500258,2385,84829,170,41891353,0,54095,8,361350,0,0,0,0,959,3894,5933660,0,1319100,0,172032,0,0,0,0,39263097,0,0,0,0,195444,18562213,0,0,0
query,3,4096,41491073,85560,11502,921,40774690,40771800,0,0,0,0,532068,2114,84158,60,41491073,0,54095,8,368341,0,0,0,0,1016,3857,5861168,0,1265986,0,172032,0,0,0,0,38941022,0,0,0,0,195577,18261860,0,0,0
query,4,4096,39986211,80571,10299,1553,39260300,39234076,0,1,0,0,531226,2354,99757,151,39986211,0,54095,8,361883,0,0,0,0,977,3884,5915421,0,1264351,0,172032,0,0,0,0,37473454,0,0,0,0,181715,17492576,0,0,0
query,5,4096,43106212,129393,11281,1172,42336088,42333208,0,0,0,0,536546,2465,86422,2845,43106212,0,54095,8,362069,0,0,0,0,1018,3831,5837707,0,1326569,0,172032,0,0,0,0,40410245,0,0,0,0,205231,19122978,0,0,0
query,6,4096,43746984,88336,11221,1242,43046801,43044121,0,0,0,0,510357,2404,86542,81,43746984,0,54095,8,364701,0,0,0,0,1010,3842,5850888,0,1355951,0,172032,0,0,0,0,41096682,0,0,0,0,204358,19310403,0,0,0
query,7,4096,43515650,91942,11231,1183,42795008,42791829,0,0,0,0,527068,2114,87023,81,43515650,0,54095,8,365658,0,0,0,0,1007,3853,5864287,0,1361162,0,172032,0,0,0,0,40938435,0,0,0,0,198751,19354250,0,0,0
query,8,4096,43645573,90539,10430,1383,42926494,42919908,1,0,0,0,526888,2094,87665,80,43645573,0,54095,8,363347,0,0,0,0,987,3863,5881264,0,1354054,0,172032,0,0,0,0,41037312,0,0,0,0,198033,19320123,0,0,0
query,9,4096,43439747,90239,10570,1212,42734806,42727969,1,0,0,0,510286,2075,87444,3115,43439747,0,54095,8,363726,0,0,0,0,976,3888,5915290,0,1366043,0,172032,0,0,0,0,40901229,0,0,0,0,195264,19263678,0,0,0
query,10,4096,45457721,88265,10981,1212,44653112,44644914,1,0,0,0,607309,2375,94397,70,45457721,0,54095,8,364657,0,0,0,0,1009,3846,5860543,0,1386492,0,172032,0,0,0,0,42617438,0,0,0,0,208588,19709044,0,0,0
query,11,4096,43921972,82355,10239,882,43220095,43217297,0,0,0,0,519935,2224,86172,70,43921972,0,54095,8,365824,0,0,0,0,984,3874,5899067,0,1395719,0,172032,0,0,0,0,41347533,0,0,0,0,201034,19471180,0,0,0
query,12,4096,43228081,93265,10159,1183,42518379,42515520,0,0,0,0,516949,2094,85972,80,43228081,0,54095,8,360051,0,0,0,0,1009,3838,5848029,0,1350393,0,172032,0,0,0,0,40696841,0,0,0,0,199476,19216266,0,0,0
query,13,4096,44063046,93335,10941,1082,43334550,43321262,2,0,0,0,532509,1923,88636,70,44063046,0,54095,8,363228,0,0,0,0,981,3879,5907044,0,1381645,0,172032,0,0,0,0,41421451,0,0,0,0,200957,19287882,0,0,0
query,14,4096,43304474,91011,11391,1072,42587149,42584018,0,0,0,0,525625,2114,86032,80,43304474,0,54095,8,362692,0,0,0,0,968,3901,5935295,0,1375485,0,172032,0,0,0,0,40776503,0,0,0,0,195598,19149979,0,0,0
query,15,4096,43648648,89838,10941,1122,42920213,42905952,2,0,0,0,536266,2103,88075,90,43648648,0,54095,8,362520,0,0,0,0,997,3862,5882586,0,1356069,0,172032,0,0,0,0,40994138,0,0,0,0,211151,19146382,0,0,0
query,16,4096,43654811,92093,10509,952,42928499,42894911,3,1,0,0,532970,2013,87704,71,43654811,0,54095,8,363786,0,0,0,0,981,3880,5908091,0,1363706,0,172032,0,0,0,0,41056862,0,0,0,0,195982,19244097,0,0,0
query,17,4096,43895632,90850,9969,1152,43129525,43121135,1,0,0,0,570210,2284,88476,3166,43895632,0,54095,8,362655,0,0,0,0,991,3870,5890059,0,1370051,0,172032,0,0,0,0,41076528,0,0,0,0,196646,19180321,0,0,0
query,18,4096,43697801,87774,10280,1112,42973483,42936679,4,1,0,0,536346,2354,86382,70,43697801,0,54095,8,366652,0,0,0,0,991,3879,5905945,0,1388371,0,172032,0,0,0,0,41126172,0,0,0,0,197801,19408586,0,0,0
query,19,4096,43986683,91802,9588,1493,43270059,43266990,0,0,0,0,523592,2084,87995,70,43986683,0,54095,8,363343,0,0,0,0,1003,3862,5885797,0,1359680,0,172032,0,0,0,0,41383354,0,0,0,0,198194,19498888,0,0,0
query,20,4096,44068106,92253,10860,1523,43316627,43302568,2,0,0,0,556133,2224,88416,70,44068106,0,54095,8,360771,0,0,0,0,980,3880,5910647,0,1389827,0,172032,0,0,0,0,41388634,0,0,0,0,197463,19301175,0,0,0
query,21,4096,43573798,88335,9338,1052,42869457,42861790,1,0,0,0,510497,2095,92964,60,43573798,0,54095,8,361987,0,0,0,0,1006,3856,5877124,0,1382570,0,172032,0,0,0,0,41059304,0,0,0,0,204879,19337128,0,0,0
query,22,4096,43710745,87925,10470,1232,43011975,42966066,1,1,0,0,507332,2364,89367,80,43710745,0,54095,8,365112,0,0,0,0,1035,3823,5819991,0,1352372,0,172032,0,0,0,0,41102729,0,0,0,0,198231,19437283,0,0,0
query,23,4096,43439867,96221,10339,942,42694119,42674049,3,0,0,0,546404,2184,89588,70,43439867,0,54095,8,362389,0,0,0,0,1006,3834,5842874,0,1361944,0,172032,0,0,0,0,40845966,0,0,0,0,195147,19206021,0,0,0
query,24,4096,45271402,90489,9939,1142,44506558,44498729,1,0,0,0,573134,1994,88075,71,45271402,0,54095,8,363376,0,0,0,0,990,3862,5889482,0,1402634,0,172032,0,0,0,0,42518805,0,0,0,0,208375,19695118,0,0,0
query,25,4096,43957197,90149,10299,1022,43235875,43218849,3,0,0,0,520286,2274,97222,70,43957197,0,54095,8,361294,0,0,0,0,979,3880,5913385,0,1377921,0,172032,0,0,0,0,41369744,0,0,0,0,198113,19397212,0,0,0
query,26,4096,43993906,82925,10690,972,43283765,43280405,0,0,0,0,526026,1914,87554,60,43993906,0,54095,8,365460,0,0,0,0,1018,3850,5855008,0,1366819,0,172032,0,0,0,0,41421461,0,0,0,0,200326,19592708,0,0,0
query,27,4096,44048128,90190,11090,1724,43349618,43330840,4,0,0,0,507040,2104,86292,70,44048128,0,54095,8,366348,0,0,0,0,1007,3865,5880505,0,1372647,0,172032,0,0,0,0,41406307,0,0,0,0,204803,19421542,0,0,0
query,28,4096,43937631,90680,10470,891,43203594,43173203,2,1,0,0,542176,2335,87404,81,43937631,0,54095,8,363575,0,0,0,0,1007,3853,5867245,0,1387037,0,172032,0,0,0,0,41290900,0,0,0,0,200926,19409083,0,0,0
query,29,4096,44130743,90479,10360,1152,43395404,43392896,0,0,0,0,540334,2344,90590,80,44130743,0,54095,8,365094,0,0,0,0,992,3868,5884684,0,1363789,0,172032,0,0,0,0,41480124,0,0,0,0,196712,19489812,0,0,0
query,30,4096,43520248,89929,10900,1122,42805037,42797189,1,0,0,0,511510,1893,99787,70,43520248,0,54095,8,361662,0,0,0,0,981,3897,5937384,0,1392306,0,172032,0,0,0,0,41023336,0,0,0,0,196394,19283915,0,0,0
query,31,4096,43959392,84078,10449,1303,43221247,43203600,3,0,0,0,540744,1814,99596,161,43959392,0,54095,8,364153,0,0,0,0,1004,3857,5875256,0,1377084,0,172032,0,0,0,0,41347045,0,0,0,0,196172,19562569,0,0,0
query,32,4096,43650462,81112,8736,1293,42941052,42922504,3,0,0,0,528170,2044,87995,60,43650462,0,54095,8,361663,0,0,0,0,1021,3826,5831357,0,1384431,0,172032,0,0,0,0,41068090,0,0,0,0,197305,19480547,0,0,0
query,33,4096,43949984,90309,10119,1032,43169230,43166311,0,0,0,0,584376,2244,88917,3757,43949984,0,54095,8,363094,0,0,0,0,996,3870,5893900,0,1390805,0,172032,0,0,0,0,41299468,0,0,0,0,196657,19425023,0,0,0
query,34,4096,44293178,88837,10450,1162,43528984,43495718,1,1,0,0,571833,2244,89598,70,44293178,0,54095,8,366197,0,0,0,0,1025,3848,5852072,0,1373901,0,172032,0,0,0,0,41619715,0,0,0,0,201543,19680741,0,0,0
query,35,4096,40152022,97303,11271,1462,39468911,39445312,0,2,0,0,479600,2144,91161,170,40152022,0,54095,8,361320,0,0,0,0,1026,3839,5852069,0,1252853,0,172032,0,0,0,0,37738145,0,0,0,0,189232,17768589,0,0,0
query,36,4096,40559346,88396,11271,1052,39918304,39915664,0,0,0,0,460053,1452,78748,70,40559346,0,54095,8,362429,0,0,0,0,991,3873,5894302,0,1274830,0,172032,0,0,0,0,38112470,0,0,0,0,185040,17838885,0,0,0
query,37,4096,39757893,95639,10230,1112,39072928,39058386,0,1,0,0,490390,1553,85901,140,39757893,0,54095,8,365684,0,0,0,0,999,3860,5874788,0,1247136,0,172032,0,0,0,0,37319130,0,0,0,0,177713,17631581,0,0,0
query,38,4096,43572346,90379,11141,1213,42802642,42799904,0,0,0,0,571983,2204,92734,50,43572346,0,54095,8,357650,0,0,0,0,992,3858,5883928,0,1352222,0,172032,0,0,0,0,40745964,0,0,0,0,206056,18647106,0,0,0
query,39,4096,22439959,74109,11722,1022,21819776,21817330,0,0,0,0,453811,1844,77214,461,22439959,0,54095,8,52112,0,0,0,0,2,4046,5933279,0,1406745,0,172032,0,0,0,0,19978502,0,0,0,0,166764,3397296,0,0,0
query,40,4096,18456268,83717,11341,1443,17875479,17873032,0,0,0,0,410961,2154,70973,200,18456268,0,54095,8,51582,0,0,0,0,127,3911,5736559,0,1085474,0,172032,0,0,0,0,16398627,0,0,0,0,129818,2900429,0,0,0
query,41,4096,18185842,91361,7895,1092,17590135,17567038,0,1,1,0,410810,1663,82805,81,18185842,0,54095,8,51937,0,0,0,0,176,3865,5667843,0,1085195,0,172032,0,0,0,0,16152968,0,0,0,0,132471,2899796,0,0,0
query,42,4096,18095603,89037,8476,982,17465831,17463193,0,0,0,0,457118,1683,72395,81,18095603,0,54095,8,51882,0,0,0,0,173,3851,5645914,0,1060143,0,172032,0,0,0,0,15996023,0,0,0,0,130184,2872153,0,0,0
query,43,4096,18598094,90349,8155,942,17840123,17837354,0,0,0,0,581631,2455,74379,60,18598094,0,54095,8,52020,0,0,0,0,179,3849,5646196,0,1057630,0,172032,0,0,0,0,16236451,0,0,0,0,131102,2891965,0,0,0
query,44,4096,18518425,88917,8726,1323,17874948,17871810,0,0,0,0,469431,2164,72846,70,18518425,0,54095,8,52442,0,0,0,0,151,3884,5696914,0,1054657,0,172032,0,0,0,0,16396853,0,0,0,0,128610,2858551,0,0,0
query,45,4096,18244031,88917,8686,1223,17611164,17608706,0,0,0,0,459602,1532,72817,90,18244031,0,54095,8,51725,0,0,0,0,158,3888,5703748,0,1058612,0,172032,0,0,0,0,16142919,0,0,0,0,130379,2863308,0,0,0
query,46,4096,18856059,89839,8045,902,18176714,18174026,0,0,0,0,502783,1823,75872,81,18856059,0,54095,8,52260,0,0,0,0,161,3886,5698071,0,1083553,0,172032,0,0,0,0,16608678,0,0,0,0,131883,2890207,0,0,0
query,47,4096,18047723,91191,9267,1143,17454269,17451782,0,0,0,0,412934,1263,77576,80,18047723,0,54095,8,51891,0,0,0,0,174,3858,5662191,0,1056311,0,172032,0,0,0,0,15987271,0,0,0,0,129527,2861229,0,0,0
query,48,4096,18247087,91873,7824,1142,17647563,17645164,0,0,0,0,421510,1653,75442,80,18247087,0,54095,8,51816,0,0,0,0,166,3873,5679056,0,1057811,0,172032,0,0,0,0,16196052,0,0,0,0,131421,2881868,0,0,0
query,49,4096,18349579,90861,8866,1453,17742330,17740062,0,0,0,0,427792,2044,76163,70,18349579,0,54095,8,51713,0,0,0,0,164,3861,5662803,0,1058459,0,172032,0,0,0,0,16282600,0,0,0,0,132772,2894200,0,0,0
query,50,4096,18057732,85631,8205,1012,17472234,17470256,0,0,0,0,417794,1893,70883,80,18057732,0,54095,8,52465,0,0,0,0,174,3871,5675057,0,1051001,0,172032,0,0,0,0,16041615,0,0,0,0,130730,2877924,0,0,0
query,51,4096,18166095,91372,8205,1533,17550049,17547542,0,0,0,0,441137,1624,71965,210,18166095,0,54095,8,51941,0,0,0,0,181,3862,5663866,0,1054277,0,172032,0,0,0,0,16077097,0,0,0,0,130487,2885222,0,0,0
query,52,4096,18200369,90490,8366,1082,17604932,17580453,0,1,0,0,419096,1523,74810,70,18200369,0,54095,8,51903,0,0,0,0,181,3857,5656977,0,1061661,0,172032,0,0,0,0,16129396,0,0,0,0,130435,2864807,0,0,0
query,53,4096,18087307,91382,8676,1443,17474067,17471799,0,0,0,0,437180,1783,72706,70,18087307,0,54095,8,51712,0,0,0,0,170,3862,5661959,0,1076540,0,172032,0,0,0,0,16016407,0,0,0,0,129739,2870778,0,0,0
query,54,4096,18390606,95209,7814,922,17602247,17599449,0,0,0,0,603091,1944,79319,60,18390606,0,54095,8,51805,0,0,0,0,186,3842,5635157,0,1052004,0,172032,0,0,0,0,16074764,0,0,0,0,135607,2869590,0,0,0
query,55,4096,18343447,94156,7995,1163,17742941,17740523,0,0,0,0,425227,1332,70483,150,18343447,0,54095,8,52214,0,0,0,0,167,3871,5677445,0,1059016,0,172032,0,0,0,0,16262500,0,0,0,0,132204,2891155,0,0,0
query,56,4096,18033847,90089,7965,1082,17458378,17456441,0,0,0,0,405380,1312,69471,170,18033847,0,54095,8,51788,0,0,0,0,180,3852,5645468,0,1056559,0,172032,0,0,0,0,16023394,0,0,0,0,133319,2888252,0,0,0
query,57,4096,18178898,90099,7103,1393,17576829,17574212,0,0,0,0,430368,1322,71714,70,18178898,0,54095,8,51886,0,0,0,0,155,3885,5694827,0,1060034,0,172032,0,0,0,0,16124811,0,0,0,0,129902,2884737,0,0,0
query,58,4096,18131780,90700,8075,1423,17527056,17524608,0,0,0,0,430607,1424,72345,150,18131780,0,54095,8,51552,0,0,0,0,147,3886,5698203,0,1061234,0,172032,0,0,0,0,16112747,0,0,0,0,129408,2849602,0,0,0
query,59,4096,18250934,91442,8756,852,17646170,17643972,0,0,0,0,432030,1422,70122,140,18250934,0,54095,8,51700,0,0,0,0,156,3881,5689929,0,1063406,0,172032,0,0,0,0,16186033,0,0,0,0,130262,2870422,0,0,0
query,60,4096,18503878,90811,8295,1273,17884516,17881748,0,0,0,0,443642,2044,73227,70,18503878,0,54095,8,52094,0,0,0,0,160,3877,5685834,0,1088764,0,172032,0,0,0,0,16385044,0,0,0,0,131082,2909999,0,0,0
query,61,4096,18070376,90300,8897,1322,17460972,17458785,0,0,0,0,435356,1734,71654,141,18070376,0,54095,8,51606,0,0,0,0,191,3845,5639764,0,1045838,0,172032,0,0,0,0,16010841,0,0,0,0,130912,2844493,0,0,0
query,62,4096,18331134,91061,8766,1052,17722463,17700217,0,1,0,0,435156,2184,70232,220,18331134,0,54095,8,52122,0,0,0,0,170,3879,5687685,0,1077007,0,172032,0,0,0,0,16271496,0,0,0,0,131169,2902221,0,0,0
query,63,4096,17945741,89457,7965,1052,17368399,17366191,0,0,0,0,406231,1333,71144,160,17945741,0,54095,8,51344,0,0,0,0,161,3859,5660025,0,1058887,0,172032,0,0,0,0,15944687,0,0,0,0,127553,2841820,0,0,0
query,64,4096,18081997,90579,8066,961,17482774,17480556,0,0,0,0,427652,1743,70181,41,18081997,0,54095,8,51763,0,0,0,0,163,3881,5690944,0,1085633,0,172032,0,0,0,0,16041445,0,0,0,0,129864,2873855,0,0,0
query,65,4096,17981849,90830,7444,1032,17390570,17388213,0,0,0,0,412424,1713,74289,3547,17981849,0,54095,8,51874,0,0,0,0,181,3846,5641540,0,1065010,0,172032,0,0,0,0,15945197,0,0,0,0,128942,2907112,0,0,0
query,66,4096,18212031,88987,9338,1573,17617546,17615158,0,0,0,0,417994,1583,74950,60,18212031,0,54095,8,51387,0,0,0,0,190,3845,5638583,0,1068201,0,172032,0,0,0,0,16171125,0,0,0,0,130334,2963396,0,0,0
query,67,4096,18063773,87294,7695,1011,17490628,17488410,0,0,0,0,401082,1313,74389,361,18063773,0,54095,8,51951,0,0,0,0,159,3881,5691559,0,1059973,0,172032,0,0,0,0,16048195,0,0,0,0,127363,2862944,0,0,0
query,68,4096,18116512,90059,7704,992,17522899,17520621,0,0,0,0,421701,2003,71003,151,18116512,0,54095,8,52433,0,0,0,0,169,3867,5671067,0,1073920,0,172032,0,0,0,0,16066408,0,0,0,0,129583,2887224,0,0,0
query,69,4096,18249201,90791,8656,1232,17649145,17626129,0,1,0,0,427021,1753,70553,50,18249201,0,54095,8,51697,0,0,0,0,154,3895,5714123,0,1061846,0,172032,0,0,0,0,16171478,0,0,0,0,129035,2877698,0,0,0
query,70,4096,18141218,89257,7585,1082,17547845,17545408,0,0,0,0,421591,1392,72416,50,18141218,0,54095,8,51997,0,0,0,0,168,3877,5685462,0,1057576,0,172032,0,0,0,0,16101950,0,0,0,0,129777,2849496,0,0,0
query,71,4096,20450288,90269,7945,1223,19752719,19750183,0,0,0,0,510086,1814,86152,80,20450288,0,54095,8,51584,0,0,0,0,159,3873,5682795,0,1094567,0,172032,0,0,0,0,18045361,0,0,0,0,140497,3069411,0,0,0
query,72,4096,18301869,83997,8586,661,17705471,17703133,0,0,0,0,430998,1503,70192,461,18301869,0,54095,8,52507,0,0,0,0,179,3874,5682792,0,1057434,0,172032,0,0,0,0,16242188,0,0,0,0,135698,2870781,0,0,0
query,73,4096,18155805,89958,7975,1112,17539851,17519469,0,1,0,0,444343,1563,70943,60,18155805,0,54095,8,52616,0,0,0,0,165,3874,5680473,0,1054684,0,172032,0,0,0,0,16066425,0,0,0,0,129005,2894783,0,0,0
query,74,4096,17937767,91542,8225,1132,17353141,17350712,0,0,0,0,411612,1422,70542,151,17937767,0,54095,8,51732,0,0,0,0,189,3840,5632284,0,1070636,0,172032,0,0,0,0,15917215,0,0,0,0,131043,2869778,0,0,0
query,75,4096,18139484,91030,7905,1072,17545491,17543584,0,0,0,0,421661,1653,70512,160,18139484,0,54095,8,52354,0,0,0,0,177,3865,5671183,0,1060971,0,172032,0,0,0,0,16079771,0,0,0,0,129001,2915358,0,0,0
query,76,4096,18001286,90950,8056,1222,17417942,17403181,0,1,0,0,411732,1382,69821,181,18001286,0,54095,8,51462,0,0,0,0,174,3856,5655940,0,1052799,0,172032,0,0,0,0,15979450,0,0,0,0,128794,2860427,0,0,0
query,77,4096,18632339,90590,7373,1022,18041531,18038853,0,0,0,0,417994,1483,72215,131,18632339,0,54095,8,51750,0,0,0,0,173,3861,5661111,0,1059115,0,172032,0,0,0,0,16521507,0,0,0,0,131666,2879599,0,0,0
query,78,4096,18043645,90810,7945,1252,17459460,17457232,0,0,0,0,409798,1523,72616,241,18043645,0,54095,8,52283,0,0,0,0,172,3867,5669411,0,1054899,0,172032,0,0,0,0,15971995,0,0,0,0,129365,2897588,0,0,0
query,79,4096,18183467,91080,7575,1162,17596456,17594419,0,0,0,0,414487,1543,71014,150,18183467,0,54095,8,52193,0,0,0,0,188,3855,5653483,0,1058502,0,172032,0,0,0,0,16149556,0,0,0,0,131958,2904387,0,0,0
query,80,4096,18060577,90610,8406,861,17476542,17474284,0,0,0,0,411631,1423,70933,171,18060577,0,54095,8,51868,0,0,0,0,175,3868,5672917,0,1055918,0,172032,0,0,0,0,16044063,0,0,0,0,129470,2858512,0,0,0
query,81,4096,18146528,93015,7885,901,17533539,17531081,0,0,0,0,437109,1684,72255,140,18146528,0,54095,8,51673,0,0,0,0,200,3850,5645503,0,1048047,0,172032,0,0,0,0,16058265,0,0,0,0,130815,2871444,0,0,0
query,82,4096,18368414,90559,7705,1162,17731650,17729062,0,0,0,0,455093,1653,80511,81,18368414,0,54095,8,51837,0,0,0,0,184,3855,5656163,0,1056207,0,172032,0,0,0,0,16248269,0,0,0,0,131626,2909448,0,0,0
query,83,4096,18087958,81844,8576,781,17507089,17504681,0,0,0,0,416721,1954,70803,190,18087958,0,54095,8,52236,0,0,0,0,173,3877,5685996,0,1073018,0,172032,0,0,0,0,16082671,0,0,0,0,129812,2899112,0,0,0
query,84,4096,18174020,91321,7625,1162,17537846,17535929,0,0,0,0,448752,1573,85590,151,18174020,0,54095,8,51727,0,0,0,0,175,3863,5664645,0,1060602,0,172032,0,0,0,0,16084023,0,0,0,0,131034,2859076,0,0,0
query,85,4096,18023087,91181,8737,1062,17435484,17433588,0,0,0,0,414287,1643,70512,181,18023087,0,54095,8,51618,0,0,0,0,190,3853,5650809,0,1070568,0,172032,0,0,0,0,15956412,0,0,0,0,130078,2867588,0,0,0
query,86,4096,18150866,91311,7905,1212,17553366,17550707,0,0,0,0,423303,1403,72206,160,18150866,0,54095,8,51696,0,0,0,0,169,3875,5682590,0,1057642,0,172032,0,0,0,0,16076234,0,0,0,0,131278,2832359,0,0,0
query,87,4096,17955249,91772,7905,1262,17364282,17361823,0,0,0,0,416060,1833,72075,60,17955249,0,54095,8,52193,0,0,0,0,201,3836,5623890,0,1047510,0,172032,0,0,0,0,15919104,0,0,0,0,133040,2861777,0,0,0
query,88,4096,18731435,89709,8225,1122,18133894,18130966,0,0,0,0,422783,1363,74259,80,18731435,0,54095,8,52764,0,0,0,0,176,3860,5660921,0,1065817,0,172032,0,0,0,0,16598236,0,0,0,0,132382,2911906,0,0,0
query,89,4096,18035239,90981,8846,972,17424875,17422427,0,0,0,0,436809,1483,71113,160,18035239,0,54095,8,51856,0,0,0,0,167,3866,5670896,0,1061779,0,172032,0,0,0,0,15985403,0,0,0,0,128594,2906963,0,0,0
query,90,4096,18167287,94257,7945,972,17573934,17559534,0,1,0,0,417172,1443,71504,60,18167287,0,54095,8,51821,0,0,0,0,176,3855,5653246,0,1062393,0,172032,0,0,0,0,16133903,0,0,0,0,129684,2905615,0,0,0
query,91,4096,18017887,90480,8285,1152,17399988,17397951,0,0,0,0,443592,1593,72686,111,18017887,0,54095,8,51888,0,0,0,0,165,3873,5679091,0,1056369,0,172032,0,0,0,0,15955144,0,0,0,0,133524,2851142,0,0,0
query,92,4096,18120058,90760,7855,1172,17524071,17521412,0,0,0,0,425398,1332,69330,140,18120058,0,54095,8,52294,0,0,0,0,173,3863,5665798,0,1064059,0,172032,0,0,0,0,16068927,0,0,0,0,130072,2898380,0,0,0
query,93,4096,18719703,89458,7814,1153,18031913,18029565,0,0,0,0,508333,1613,79349,70,18719703,0,54095,8,51915,0,0,0,0,183,3852,5650239,0,1053371,0,172032,0,0,0,0,16492944,0,0,0,0,133783,2903574,0,0,0
query,94,4096,18170462,89658,9297,1052,17583542,17581355,0,0,0,0,414648,1603,70502,160,18170462,0,54095,8,51696,0,0,0,0,155,3879,5690935,0,1057322,0,172032,0,0,0,0,16131713,0,0,0,0,129464,2874599,0,0,0
query,95,4096,18134645,90600,8245,932,17533729,17523516,0,0,0,0,426449,1503,73107,80,18134645,0,54095,8,51518,0,0,0,0,174,3868,5670506,0,1051277,0,172032,0,0,0,0,16057433,0,0,0,0,130202,2868606,0,0,0
query,96,4096,17983623,91041,7925,1082,17405729,17403842,0,0,0,0,407544,1102,69049,151,17983623,0,54095,8,51673,0,0,0,0,162,3877,5685519,0,1054682,0,172032,0,0,0,0,15961678,0,0,0,0,128688,2852330,0,0,0
query,97,4096,18149915,90480,7724,1113,17558365,17543694,0,1,0,0,416030,1783,74349,71,18149915,0,54095,8,52174,0,0,0,0,169,3875,5684008,0,1074435,0,172032,0,0,0,0,16078658,0,0,0,0,128710,2880486,0,0,0
query,98,4096,18112955,90139,8606,1142,17510075,17507466,0,0,0,0,428424,1432,73087,50,18112955,0,54095,8,51716,0,0,0,0,186,3853,5650215,0,1062504,0,172032,0,0,0,0,16068825,0,0,0,0,131530,2903908,0,0,0
query,99,4096,18754418,90520,8065,1022,18154382,18151745,0,0,0,0,424716,1513,74129,71,18754418,0,54095,8,51981,0,0,0,0,172,3869,5677345,0,1057432,0,172032,0,0,0,0,16614300,0,0,0,0,134770,2900860,0,0,0
query,100,4096,18019881,91041,9688,1132,17443861,17441573,0,0,0,0,402645,1492,69571,451,18019881,0,54095,8,51901,0,0,0,0,192,3847,5639797,0,1065760,0,172032,0,0,0,0,16015983,0,0,0,0,135012,2906256,0,0,0
query,101,4096,18801616,89808,7324,1403,18154613,18140374,0,1,0,0,470954,2133,75301,80,18801616,0,54095,8,52346,0,0,0,0,186,3842,5634183,0,1050287,0,172032,0,0,0,0,16563665,0,0,0,0,134839,2917255,0,0,0
query,102,4096,18117704,89618,9087,1193,17488874,17486557,0,0,0,0,454443,2154,72195,140,18117704,0,54095,8,51556,0,0,0,0,193,3853,5650946,0,1050961,0,172032,0,0,0,0,16018826,0,0,0,0,130681,2879405,0,0,0
query,103,4096,18133313,90259,8676,1433,17536404,17534266,0,0,0,0,422803,1753,71765,220,18133313,0,54095,8,51472,0,0,0,0,170,3862,5670281,0,1059380,0,172032,0,0,0,0,16083257,0,0,0,0,129323,2882161,0,0,0
query,104,4096,19682929,90630,8757,1152,18778854,18767930,0,1,0,0,717656,2394,83336,150,19682929,0,54095,8,51844,0,0,0,0,172,3860,5663307,0,1071650,0,172032,0,0,0,0,17005238,0,0,0,0,134544,2922764,0,0,0
query,105,4096,19412432,95038,9418,1493,18706548,18703830,0,0,0,0,517140,1673,81032,90,19412432,0,54095,8,52025,0,0,0,0,160,3889,5702346,0,1065256,0,172032,0,0,0,0,17034336,0,0,0,0,136683,2901005,0,0,0
query,106,4096,19305551,89277,9989,1032,18674468,18671669,0,0,0,0,453841,1803,75061,80,19305551,0,54095,8,51435,0,0,0,0,178,3854,5649516,0,1081299,0,172032,0,0,0,0,17042869,0,0,0,0,145314,2964251,0,0,0
query,107,4096,18189068,89959,8997,881,17597268,17594680,0,0,0,0,419487,1723,70583,170,18189068,0,54095,8,52314,0,0,0,0,177,3851,5650679,0,1059754,0,172032,0,0,0,0,16144668,0,0,0,0,130974,2915414,0,0,0
query,108,4096,18364406,89898,8336,942,17757408,17742045,0,1,0,0,433433,2154,72175,60,18364406,0,54095,8,51818,0,0,0,0,163,3875,5681389,0,1088394,0,172032,0,0,0,0,16219687,0,0,0,0,139500,2873794,0,0,0
query,109,4096,18064714,89788,8837,992,17453317,17450470,0,0,0,0,438362,1443,71725,250,18064714,0,54095,8,51930,0,0,0,0,189,3845,5637241,0,1048694,0,172032,0,0,0,0,15993920,0,0,0,0,136730,2880777,0,0,0
query,110,4096,18685438,89848,7735,1082,18097977,18095439,0,0,0,0,416211,1983,70462,140,18685438,0,54095,8,51826,0,0,0,0,184,3857,5657979,0,1060839,0,172032,0,0,0,0,16544281,0,0,0,0,133790,2901719,0,0,0
query,111,4096,18014009,90469,7705,1192,17412422,17410214,0,0,0,0,430989,1582,69520,130,18014009,0,54095,8,51768,0,0,0,0,187,3857,5657915,0,1052562,0,172032,0,0,0,0,15950414,0,0,0,0,129158,2885254,0,0,0
query,112,4096,17964937,90039,7423,1133,17375502,17366462,0,1,0,0,416571,1272,72937,60,17964937,0,54095,8,51632,0,0,0,0,172,3854,5650862,0,1048650,0,172032,0,0,0,0,15943763,0,0,0,0,128955,2859090,0,0,0
query,113,4096,18086114,91451,8356,1112,17467404,17465116,0,0,0,0,445425,2014,70202,150,18086114,0,54095,8,51694,0,0,0,0,195,3848,5647460,0,1057621,0,172032,0,0,0,0,16019955,0,0,0,0,129097,2903963,0,0,0
query,114,4096,18061097,90339,8205,1263,17462194,17459857,0,0,0,0,426209,1894,70833,160,18061097,0,54095,8,51828,0,0,0,0,188,3860,5661050,0,1052957,0,172032,0,0,0,0,16023211,0,0,0,0,129665,2926353,0,0,0
query,115,4096,18592925,90901,7584,852,17933388,17931251,0,0,0,0,478267,1663,80120,150,18592925,0,54095,8,52351,0,0,0,0,176,3854,5652988,0,1067712,0,172032,0,0,0,0,16436217,0,0,0,0,132697,2925074,0,0,0
query,116,4096,17984113,87414,8907,1132,17404757,17402931,0,0,0,0,407704,1663,72386,150,17984113,0,54095,8,51779,0,0,0,0,181,3855,5652288,0,1062581,0,172032,0,0,0,0,15977346,0,0,0,0,129912,2870624,0,0,0
query,117,4096,21242764,89869,8145,1252,20562549,20552257,0,1,0,0,490680,2274,87915,80,21242764,0,54095,8,52065,0,0,0,0,165,3872,5679207,0,1279938,0,172032,0,0,0,0,18902919,0,0,0,0,154825,3372705,0,0,0
query,118,4096,20409462,89939,11051,1362,19785502,19772975,0,1,0,0,447049,2033,72345,181,20409462,0,54095,3,51830,0,0,0,0,148,3881,5692411,0,1310100,0,172032,0,0,0,0,18035560,0,0,0,0,145150,3198918,0,0,0
query,119,4096,17958085,87885,7845,1262,17376534,17374627,0,0,0,0,411492,1673,71223,171,17958085,0,54095,0,51804,0,0,0,0,171,3869,5675019,0,1065321,0,172032,0,0,0,0,15958656,0,0,0,0,128009,2847982,0,0,0
query,120,4096,18508978,89849,9016,1543,17654826,17642840,0,1,0,0,655680,2765,95148,151,18508978,0,54095,0,51653,0,0,0,0,188,3857,5657995,0,1048773,0,172032,0,0,0,0,16089135,0,0,0,0,135833,2885473,0,0,0
query,121,4096,18522482,93605,9628,1573,17918510,17909501,0,1,0,0,412243,1884,84869,170,18522482,0,54095,1,51486,0,0,0,0,193,3854,5652554,0,1066888,0,172032,0,0,0,0,16293358,0,0,0,0,136232,2892595,0,0,0
query,122,4096,18199587,89708,9418,1412,17590085,17587726,0,0,0,0,435367,1873,71554,170,18199587,0,54095,0,51474,0,0,0,0,154,3886,5698413,0,1056747,0,172032,0,0,0,0,16103190,0,0,0,0,129533,2863671,0,0,0
query,123,4096,18071608,87294,9548,2014,17477964,17475597,0,0,0,0,420879,1563,72266,80,18071608,0,54095,0,51874,0,0,0,0,182,3853,5650584,0,1049462,0,172032,0,0,0,0,16011390,0,0,0,0,130739,2902978,0,0,0
query,124,4096,18223993,112882,10089,1022,17587750,17585142,0,0,0,0,438021,1703,72446,80,18223993,0,54095,0,52206,0,0,0,0,173,3860,5660238,0,1051299,0,172032,0,0,0,0,16094907,0,0,0,0,129312,2891308,0,0,0
query,125,4096,18037995,88907,9778,1213,17423341,17421284,0,0,0,0,441528,1874,71193,161,18037995,0,54095,0,51967,0,0,0,0,180,3860,5660073,0,1054026,0,172032,0,0,0,0,15948347,0,0,0,0,128929,2837493,0,0,0
query,126,4096,18838966,89979,8786,1092,18207142,18204754,0,0,0,0,449854,2003,80040,70,18838966,0,54095,0,52040,0,0,0,0,164,3885,5697451,0,1081336,0,172032,0,0,0,0,16655916,0,0,0,0,133149,2906558,0,0,0
query,127,4096,18084511,87253,11502,1573,17451134,17448526,0,0,0,0,459782,1533,71614,120,18084511,0,54095,0,51841,0,0,0,0,191,3838,5629406,0,1043362,0,172032,0,0,0,0,15960337,0,0,0,0,130117,2870553,0,0,0
query,128,4096,18106353,91101,8957,1513,17511817,17509099,0,0,0,0,421170,1814,69510,471,18106353,0,54095,0,51641,0,0,0,0,179,3871,5676234,0,1052226,0,172032,0,0,0,0,16058200,0,0,0,0,131080,2861383,0,0,0
query,129,4096,18069684,90890,7605,1352,17454290,17452113,0,0,0,0,438272,1603,72776,2896,18069684,0,54095,0,51626,0,0,0,0,171,3862,5665137,0,1050379,0,172032,0,0,0,0,15968642,0,0,0,0,128623,2838455,0,0,0
query,130,4096,18089982,87665,7574,1062,17489987,17487559,0,0,0,0,429796,1452,72055,391,18089982,0,54095,0,52229,0,0,0,0,182,3853,5655050,0,1046902,0,172032,0,0,0,0,16040050,0,0,0,0,130822,2845319,0,0,0
query,131,4096,18268397,90200,8756,1242,17631583,17629175,0,0,0,0,456396,1973,78127,120,18268397,0,54095,0,51661,0,0,0,0,185,3865,5666793,0,1072289,0,172032,0,0,0,0,16111890,0,0,0,0,130482,2877545,0,0,0
query,132,4096,18442603,89899,9097,1382,17856484,17854307,0,0,0,0,414437,1734,69410,160,18442603,0,54095,0,52078,0,0,0,0,171,3865,5669256,0,1053822,0,172032,0,0,0,0,16374317,0,0,0,0,137710,2876960,0,0,0
query,133,4096,18412667,89257,8416,1122,17759382,17757235,0,0,0,0,479058,1633,73719,80,18412667,0,54095,0,51706,0,0,0,0,179,3867,5667965,0,1062387,0,172032,0,0,0,0,16226460,0,0,0,0,130369,2899384,0,0,0
query,134,4096,18129656,89578,8896,792,17545982,17543694,0,0,0,0,414377,1442,68399,190,18129656,0,54095,0,51873,0,0,0,0,169,3891,5706099,0,1088167,0,172032,0,0,0,0,16100438,0,0,0,0,129857,2854768,0,0,0
query,135,4096,18163741,90119,8396,1052,17567001,17551779,0,1,0,0,422843,2194,72065,71,18163741,0,54095,0,52216,0,0,0,0,188,3846,5642125,0,1047985,0,172032,0,0,0,0,16108640,0,0,0,0,131179,2872665,0,0,0
query,136,4096,18203405,90259,8817,1102,17546883,17544365,0,0,0,0,472807,2064,81382,91,18203405,0,54095,0,51993,0,0,0,0,168,3880,5687866,0,1057767,0,172032,0,0,0,0,16077044,0,0,0,0,129210,2869422,0,0,0
query,137,4096,21435856,75311,9268,1372,20786789,20776337,0,1,0,0,483045,2035,77916,120,21435856,0,54095,1,52394,0,0,0,0,181,3841,5635819,0,1177229,0,172032,0,0,0,0,18810686,0,0,0,0,145764,3207171,0,0,0
query,138,4096,18305405,58660,10369,1052,17717063,17714494,0,0,0,0,441749,1993,74449,70,18305405,0,54095,0,52359,0,0,0,0,157,3878,5690089,0,1063013,0,172032,0,0,0,0,16256179,0,0,0,0,131484,2875013,0,0,0
query,139,4096,18038836,58510,10690,1042,17475960,17473552,0,0,0,0,418174,1994,72386,80,18038836,0,54095,0,51914,0,0,0,0,173,3865,5669103,0,1051696,0,172032,0,0,0,0,16023187,0,0,0,0,136382,2875980,0,0,0
query,140,4096,18273656,58620,10620,1142,17673080,17665042,0,1,0,0,448511,1964,79579,140,18273656,0,54095,0,51621,0,0,0,0,157,3877,5681851,0,1071255,0,172032,0,0,0,0,16192412,0,0,0,0,129699,2877866,0,0,0
query,141,4096,18143131,58940,10570,842,17576458,17574031,0,0,0,0,422302,1553,72316,150,18143131,0,54095,0,52122,0,0,0,0,164,3877,5686642,0,1099769,0,172032,0,0,0,0,16120349,0,0,0,0,130311,2877893,0,0,0
query,142,4096,18631627,58640,10860,1002,17887452,17871449,0,1,0,0,589986,2716,80911,60,18631627,0,54095,0,52255,0,0,0,0,170,3868,5667081,0,1059689,0,172032,0,0,0,0,16322847,0,0,0,0,133482,2866469,0,0,0
query,143,4096,18225656,58209,13776,1843,17666829,17664170,0,0,0,0,404809,1803,78327,60,18225656,0,54095,0,52411,0,0,0,0,178,3866,5670661,0,1052713,0,172032,0,0,0,0,16220734,0,0,0,0,131754,2868215,0,0,0
query,144,4096,18198235,58610,9378,1302,17625040,17622081,0,0,0,0,429245,1523,73077,60,18198235,0,54095,0,51699,0,0,0,0,171,3866,5669406,0,1053640,0,172032,0,0,0,0,16130172,0,0,0,0,129615,2859870,0,0,0
query,145,4096,18112825,58319,10049,1603,17527858,17525189,0,0,0,0,438372,2435,74129,60,18112825,0,54095,0,51931,0,0,0,0,179,3863,5667090,0,1059700,0,172032,0,0,0,0,16059578,0,0,0,0,129965,2860473,0,0,0
query,146,4096,18198886,58340,10109,1412,17633045,17630136,0,0,0,0,421591,1583,72746,60,18198886,0,54095,0,51718,0,0,0,0,156,3873,5680556,0,1069094,0,172032,0,0,0,0,16161993,0,0,0,0,129588,2870620,0,0,0
query,147,4096,18354698,58470,10429,1653,17708136,17705778,0,0,0,0,496912,2625,76413,60,18354698,0,54095,0,52409,0,0,0,0,173,3864,5667217,0,1074916,0,172032,0,0,0,0,16199591,0,0,0,0,129885,2910766,0,0,0
query,148,4096,18768565,58510,17563,1022,18162017,18159459,0,0,0,0,453510,2094,73418,431,18768565,0,54095,0,52152,0,0,0,0,179,3843,5636899,0,1065279,0,172032,0,0,0,0,16612636,0,0,0,0,132335,2912781,0,0,0
query,149,4096,18308272,58460,9999,992,17716702,17714093,0,0,0,0,438642,2124,81293,60,18308272,0,54095,0,52065,0,0,0,0,174,3866,5669332,0,1057505,0,172032,0,0,0,0,16241911,0,0,0,0,131892,2933348,0,0,0
query,150,4096,18065075,58490,9718,1262,17501439,17499051,0,0,0,0,420218,1562,72336,50,18065075,0,54095,0,51528,0,0,0,0,168,3867,5673767,0,1055639,0,172032,0,0,0,0,16058317,0,0,0,0,131096,2878753,0,0,0
query,151,4096,18187295,58831,9447,1123,17608579,17606051,0,0,0,0,433283,1913,74019,100,18187295,0,54095,0,52079,0,0,0,0,169,3864,5665323,0,1060300,0,172032,0,0,0,0,16116679,0,0,0,0,131583,2855807,0,0,0
query,152,4096,18168690,58129,9789,1252,17593080,17590552,0,0,0,0,431890,1523,72967,60,18168690,0,54095,0,51664,0,0,0,0,170,3883,5694772,0,1077237,0,172032,0,0,0,0,16132996,0,0,0,0,131407,2892018,0,0,0
query,153,4096,18626839,58039,9598,1152,17871663,17851983,0,1,0,0,590037,2544,93716,90,18626839,0,54095,0,51907,0,0,0,0,175,3867,5672047,0,1066743,0,172032,0,0,0,0,16312910,0,0,0,0,132065,2883698,0,0,0
query,154,4096,18395555,82224,9699,1653,17775852,17773655,0,0,0,0,452428,1654,71985,60,18395555,0,54095,0,52085,0,0,0,0,187,3859,5655220,0,1048446,0,172032,0,0,0,0,16268552,0,0,0,0,131153,2880073,0,0,0
query,155,4096,18766701,89998,8036,1763,18099720,18097362,0,0,0,0,487524,2094,77495,71,18766701,0,54095,0,52480,0,0,0,0,182,3850,5647444,0,1056815,0,172032,0,0,0,0,16508473,0,0,0,0,134002,2914780,0,0,0
query,156,4096,18152419,90209,8927,1333,17535342,17533324,0,0,0,0,437540,1673,77335,60,18152419,0,54095,0,51966,0,0,0,0,164,3878,5688373,0,1052675,0,172032,0,0,0,0,16057437,0,0,0,0,130165,2868007,0,0,0
query,157,4096,18212883,89278,8095,1202,17620161,17605290,0,1,0,0,417082,1924,75081,60,18212883,0,54095,0,52233,0,0,0,0,157,3888,5702523,0,1075209,0,172032,0,0,0,0,16151498,0,0,0,0,131163,2884588,0,0,0
query,158,4096,18205409,58650,9829,1453,17608018,17605651,0,0,0,0,449072,1583,76744,60,18205409,0,54095,0,52364,0,0,0,0,183,3856,5653486,0,1051498,0,172032,0,0,0,0,16138874,0,0,0,0,130879,2875222,0,0,0
query,159,4096,18634012,58460,10430,1222,18041791,18038732,0,0,0,0,446678,1483,73878,70,18634012,0,54095,0,51721,0,0,0,0,173,3870,5674744,0,1064687,0,172032,0,0,0,0,16520227,0,0,0,0,131986,2900784,0,0,0
query,160,4096,18371459,58720,9578,1483,17796161,17727519,0,1,0,0,429936,1673,73848,60,18371459,0,54095,0,51774,0,0,0,0,175,3869,5672415,0,1059606,0,172032,0,0,0,0,16299915,0,0,0,0,132191,2872462,0,0,0
query,161,4096,18016694,58450,9427,1152,17440655,17438327,0,0,0,0,430147,1522,75281,60,18016694,0,54095,0,52164,0,0,0,0,187,3849,5644448,0,1068120,0,172032,0,0,0,0,15992364,0,0,0,0,130453,2899076,0,0,0
query,162,4096,18266713,58670,10009,1322,17693589,17690990,0,0,0,0,427111,2003,73949,60,18266713,0,54095,0,52096,0,0,0,0,167,3863,5664305,0,1060598,0,172032,0,0,0,0,16227716,0,0,0,0,131459,2883612,0,0,0
query,163,4096,18209185,58279,9729,901,17583342,17580754,0,0,0,0,479620,1703,75551,60,18209185,0,54095,0,52797,0,0,0,0,185,3859,5659246,0,1050971,0,172032,0,0,0,0,16092739,0,0,0,0,131681,2885330,0,0,0
query,164,4096,18489261,58329,9959,1132,17766776,17764137,0,0,0,0,566021,2766,84217,61,18489261,0,54095,0,52052,0,0,0,0,161,3871,5676778,0,1053532,0,172032,0,0,0,0,16219585,0,0,0,0,130046,2876649,0,0,0
query,165,4096,18398020,59041,10269,1804,17818402,17815805,0,0,0,0,431990,1573,74881,60,18398020,0,54095,0,52116,0,0,0,0,191,3843,5636380,0,1047465,0,172032,0,0,0,0,16312937,0,0,0,0,132773,2879800,0,0,0
query,166,4096,17987249,58439,9689,1482,17421889,17419652,0,0,0,0,420098,2164,73438,50,17987249,0,54095,0,51959,0,0,0,0,195,3820,5599424,0,1062191,0,172032,0,0,0,0,15973415,0,0,0,0,130733,2860589,0,0,0
query,167,4096,18120590,58370,10660,1513,17521826,17506184,0,1,0,0,451526,1904,74720,71,18120590,0,54095,0,51544,0,0,0,0,179,3853,5649886,0,1072882,0,172032,0,0,0,0,16058145,0,0,0,0,130244,2856526,0,0,0
query,168,4096,18052752,58400,9257,1783,17473496,17470787,0,0,0,0,432461,1713,75512,130,18052752,0,54095,0,51789,0,0,0,0,160,3870,5673879,0,1054398,0,172032,0,0,0,0,16044830,0,0,0,0,129205,2871091,0,0,0
query,169,4096,18486505,58500,9678,1032,17883675,17881228,0,0,0,0,454272,1873,77415,60,18486505,0,54095,0,51822,0,0,0,0,184,3857,5660353,0,1078483,0,172032,0,0,0,0,16347317,0,0,0,0,133745,2862656,0,0,0
query,170,4096,20635295,58710,9458,881,19989294,19986736,0,0,0,0,497403,2224,77245,80,20635295,0,54095,0,52385,0,0,0,0,164,3884,5697565,0,1107338,0,172032,0,0,0,0,18273619,0,0,0,0,140756,3105740,0,0,0
query,171,4096,18421604,58831,10189,1092,17851194,17848396,0,0,0,0,421951,1843,76324,180,18421604,0,54095,0,52204,0,0,0,0,158,3877,5685389,0,1060093,0,172032,0,0,0,0,16389233,0,0,0,0,131633,2893621,0,0,0
query,172,4096,18026573,58319,10069,1253,17440414,17437796,0,0,0,0,439904,1644,74800,170,18026573,0,54095,0,51898,0,0,0,0,179,3860,5661859,0,1054146,0,172032,0,0,0,0,15982764,0,0,0,0,130788,2851001,0,0,0
query,173,4096,18346092,58179,16250,15750,17739604,17723782,0,2,0,0,433773,1774,80601,161,18346092,0,54095,0,51395,0,0,0,0,195,3835,5624777,0,1059293,0,172032,0,0,0,0,16045205,0,0,0,0,131652,2859176,0,0,0
query,174,4096,18126981,58920,9849,1252,17531785,17529307,0,0,0,0,450174,1544,73387,70,18126981,0,54095,0,51549,0,0,0,0,180,3857,5658187,0,1069471,0,172032,0,0,0,0,16063371,0,0,0,0,136396,2846362,0,0,0
query,175,4096,18457080,58860,10039,1263,17702865,17700498,0,0,0,0,592501,2525,88957,70,18457080,0,54095,0,51527,0,0,0,0,169,3862,5660891,0,1080685,0,172032,0,0,0,0,16175259,0,0,0,0,130911,2871915,0,0,0
query,176,4096,18417796,58910,14257,2034,17802583,17800065,0,0,0,0,463679,1583,74680,70,18417796,0,54095,0,52300,0,0,0,0,165,3875,5681021,0,1056568,0,172032,0,0,0,0,16296562,0,0,0,0,136999,2886519,0,0,0
query,177,4096,18040248,58720,9918,1152,17445263,17442925,0,0,0,0,450725,1253,73047,170,18040248,0,54095,0,51477,0,0,0,0,192,3847,5642058,0,1060414,0,172032,0,0,0,0,16016183,0,0,0,0,131538,2902996,0,0,0
query,178,4096,18494360,59131,9989,891,17893824,17891296,0,0,0,0,453901,1884,74580,160,18494360,0,54095,0,52033,0,0,0,0,177,3868,5671853,0,1078743,0,172032,0,0,0,0,16387762,0,0,0,0,134319,2892924,0,0,0
query,179,4096,18060997,58409,9979,1262,17474548,17472079,0,0,0,0,441318,1853,73568,60,18060997,0,54095,0,51715,0,0,0,0,176,3852,5648683,0,1057450,0,172032,0,0,0,0,16024156,0,0,0,0,136553,2879561,0,0,0
query,180,4096,18388451,60513,10931,1092,17796962,17794054,0,0,0,0,444193,1433,73107,220,18388451,0,54095,0,51463,0,0,0,0,173,3874,5679274,0,1068564,0,172032,0,0,0,0,16294772,0,0,0,0,132697,2878851,0,0,0
query,181,4096,18154663,58459,9388,931,17579425,17576506,0,0,0,0,429535,1513,75281,131,18154663,0,54095,0,51273,0,0,0,0,183,3855,5655091,0,1053970,0,172032,0,0,0,0,16119702,0,0,0,0,131382,2880400,0,0,0
query,182,4096,18266152,58800,10400,1493,17700281,17697693,0,0,0,0,418926,1853,74259,140,18266152,0,54095,0,52375,0,0,0,0,185,3861,5662981,0,1054112,0,172032,0,0,0,0,16235149,0,0,0,0,134059,2907651,0,0,0
query,183,4096,18112004,58891,9708,1313,17515825,17513487,0,0,0,0,451607,1312,73177,171,18112004,0,54095,0,52116,0,0,0,0,164,3863,5667811,0,1053529,0,172032,0,0,0,0,16055230,0,0,0,0,130274,2862633,0,0,0
query,184,4096,18282943,58319,10780,1032,17696083,17693445,0,0,0,0,441287,1854,73528,60,18282943,0,54095,0,51755,0,0,0,0,164,3882,5693039,0,1063642,0,172032,0,0,0,0,16220900,0,0,0,0,130965,2849098,0,0,0
query,185,4096,18249371,58590,9668,1283,17642693,17640095,0,0,0,0,457599,2043,77335,160,18249371,0,54095,0,51214,0,0,0,0,162,3888,5700429,0,1070081,0,172032,0,0,0,0,16177245,0,0,0,0,129899,2864667,0,0,0
query,186,4096,18334701,58971,10279,1313,17646540,17643822,0,0,0,0,530625,2364,84549,60,18334701,0,54095,0,52193,0,0,0,0,195,3849,5647887,0,1096481,0,172032,0,0,0,0,16165407,0,0,0,0,138704,2884958,0,0,0
query,187,4096,18699355,59392,10780,1713,18076988,18074540,0,0,0,0,475802,1763,72767,150,18699355,0,54095,0,52061,0,0,0,0,158,3883,5692524,0,1077262,0,172032,0,0,0,0,16543272,0,0,0,0,132258,2871225,0,0,0
query,188,4096,18272414,58670,9969,1362,17697837,17695298,0,0,0,0,428233,2003,74290,50,18272414,0,54095,0,52097,0,0,0,0,184,3855,5652625,0,1055799,0,172032,0,0,0,0,16209749,0,0,0,0,132770,2896105,0,0,0
query,189,4096,18402388,58370,9788,1082,17810418,17808180,0,0,0,0,442049,1533,79098,50,18402388,0,54095,0,52218,0,0,0,0,154,3890,5705798,0,1065038,0,172032,0,0,0,0,16293771,0,0,0,0,131612,2843884,0,0,0
query,190,4096,18139325,58630,10270,1242,17557163,17554724,0,0,0,0,435476,1783,74701,60,18139325,0,54095,0,51733,0,0,0,0,161,3876,5681409,0,1078313,0,172032,0,0,0,0,16106414,0,0,0,0,131119,2861446,0,0,0
query,191,4096,18733779,58550,9959,951,18155335,18120768,0,3,0,0,429015,1893,78016,60,18733779,0,54095,0,51392,0,0,0,0,191,3864,5669265,0,1089096,0,172032,0,0,0,0,16604949,0,0,0,0,139160,2936860,0,0,0
query,192,4096,18273886,59762,26259,972,17655577,17653521,0,0,0,0,454152,1783,75321,60,18273886,0,54095,0,52142,0,0,0,0,189,3841,5633274,0,1049502,0,172032,0,0,0,0,16165505,0,0,0,0,131614,2883956,0,0,0
query,193,4096,18261273,58520,10469,1183,17695211,17692644,0,0,0,0,415840,1683,78297,70,18261273,0,54095,0,51864,0,0,0,0,165,3876,5684656,0,1069735,0,172032,0,0,0,0,16226410,0,0,0,0,131716,2869140,0,0,0
query,194,4096,18175733,58560,9979,1202,17564326,17562119,0,0,0,0,460955,1693,78958,60,18175733,0,54095,0,51890,0,0,0,0,164,3871,5677395,0,1060680,0,172032,0,0,0,0,16097581,0,0,0,0,129190,2867360,0,0,0
query,195,4096,18168168,58229,9588,1112,17600855,17598417,0,0,0,0,420899,1503,75852,130,18168168,0,54095,0,51884,0,0,0,0,165,3874,5680619,0,1062375,0,172032,0,0,0,0,16141210,0,0,0,0,131031,2870703,0,0,0
query,196,4096,18611610,58610,10289,1283,17991557,17969232,0,3,0,0,468098,2304,79399,70,18611610,0,54095,0,51476,0,0,0,0,157,3877,5687174,0,1109877,0,172032,0,0,0,0,16478991,0,0,0,0,133298,2878464,0,0,0
query,197,4096,18185441,58319,10600,1342,17526255,17524007,0,0,0,0,504236,2364,82264,61,18185441,0,54095,0,51598,0,0,0,0,173,3876,5683036,0,1057242,0,172032,0,0,0,0,16068177,0,0,0,0,133391,2843582,0,0,0
query,198,4096,18635524,59291,13165,1372,18037754,18022813,0,1,0,0,443101,1994,78717,130,18635524,0,54095,0,52167,0,0,0,0,189,3847,5639338,0,1058211,0,172032,0,0,0,0,16495083,0,0,0,0,134842,2890253,0,0,0
query,199,4096,18159923,90069,8906,1213,17555720,17553192,0,0,0,0,430206,1553,72186,70,18159923,0,54095,0,51860,0,0,0,0,172,3875,5683320,0,1079411,0,172032,0,0,0,0,16092134,0,0,0,0,129684,2874141,0,0,0
query,200,4096,18242338,89498,8216,1242,17634898,17632661,0,0,0,0,434014,1693,72626,151,18242338,0,54095,0,51627,0,0,0,0,185,3868,5675462,0,1056253,0,172032,0,0,0,0,16146097,0,0,0,0,132253,2843275,0,0,0
query,201,4096,18135898,91031,8797,1182,17495196,17492839,0,0,0,0,465012,1243,73357,80,18135898,0,54095,0,51726,0,0,0,0,175,3859,5660549,0,1046524,0,172032,0,0,0,0,15988980,0,0,0,0,128658,2848099,0,0,0
query,202,4096,19137446,91401,8827,921,18440079,18418534,0,2,0,0,506910,2194,87044,70,19137446,0,54095,0,51790,0,0,0,0,164,3868,5669390,0,1129187,0,172032,0,0,0,0,16910062,0,0,0,0,137612,2986285,0,0,0
query,203,4096,22693484,96010,10189,942,21953306,21950439,0,0,0,0,541375,2064,89518,80,22693484,0,54095,3,52319,0,0,0,0,167,3860,5660214,0,1254328,0,172032,0,0,0,0,20018036,0,0,0,0,156532,3445543,0,0,0
query,204,4096,20783202,88296,11722,1172,20115009,20112632,0,0,0,0,481753,2154,82886,210,20783202,0,54095,3,52244,0,0,0,0,146,3901,5722579,0,1243566,0,172032,0,0,0,0,18363751,0,0,0,0,148761,3251791,0,0,0
query,205,4096,20671974,88296,10039,1082,20027244,20014038,0,1,0,0,450275,2154,92644,240,20671974,0,54095,3,52210,0,0,0,0,193,3850,5645886,0,1223065,0,172032,0,0,0,0,18400191,0,0,0,0,150372,3286023,0,0,0
query,206,4096,20377902,79880,9638,1172,19640078,19637041,0,0,0,0,554460,2004,90520,150,20377902,0,54095,3,51290,0,0,0,0,192,3855,5655125,0,1200738,0,172032,0,0,0,0,17976159,0,0,0,0,148466,3215389,0,0,0
query,207,4096,20689607,83006,9097,1774,20054144,20045206,0,1,0,0,452038,1954,87444,150,20689607,0,54095,1,52030,0,0,0,0,159,3878,5688368,0,1219499,0,172032,0,0,0,0,18214453,0,0,0,0,148008,3251862,0,0,0
query,208,4096,21536084,87705,10489,1273,20893849,20876665,0,1,0,0,463439,1994,77265,70,21536084,0,54095,3,51939,0,0,0,0,168,3871,5676748,0,1254670,0,172032,0,0,0,0,19071962,0,0,0,0,154951,3385118,0,0,0
query,209,4096,21400189,80420,10660,1082,20724392,20721915,0,0,0,0,503243,1814,78507,71,21400189,0,54095,3,51797,0,0,0,0,173,3863,5666456,0,1249772,0,172032,0,0,0,0,18981986,0,0,0,0,154672,3326632,0,0,0
query,210,4096,20351553,82264,9538,1603,19733063,19730606,0,0,0,0,446197,2184,76233,471,20351553,0,54095,3,51970,0,0,0,0,173,3858,5655966,0,1243520,0,172032,0,0,0,0,18104033,0,0,0,0,149596,3207229,0,0,0
query,211,4096,20983167,81553,8856,1413,20268346,20265870,0,0,0,0,529743,1774,91412,70,20983167,0,54095,3,52212,0,0,0,0,185,3857,5657089,0,1233630,0,172032,0,0,0,0,18504609,0,0,0,0,150675,3338141,0,0,0
query,212,4096,19767096,90710,10620,1292,19095367,19093210,0,0,0,0,480061,1833,86933,280,19767096,0,54095,3,51846,0,0,0,0,186,3848,5647230,0,1148505,0,172032,0,0,0,0,17320755,0,0,0,0,142715,3099487,0,0,0
query,213,4096,21292818,93505,9659,1112,20656895,20654188,0,0,0,0,452348,2004,77235,60,21292818,0,54095,3,51742,0,0,0,0,175,3866,5668217,0,1222873,0,172032,0,0,0,0,18815701,0,0,0,0,151638,3275028,0,0,0
query,214,4096,21273672,82174,9238,1172,20473341,20332694,0,1,0,0,608851,2124,96692,80,21273672,0,54095,3,52504,0,0,0,0,182,3854,5651573,0,1244642,0,172032,0,0,0,0,18594627,0,0,0,0,150966,3304979,0,0,0
query,215,4096,23434103,92253,11602,1032,22660993,22658417,0,0,0,0,542587,2104,123151,381,23434103,0,54095,3,51868,0,0,0,0,157,3887,5701591,0,1361281,0,172032,0,0,0,0,20633661,0,0,0,0,176392,3595894,0,0,0
query,216,4096,23756076,85029,10500,1032,22928545,22907254,0,2,0,0,628910,1933,99947,180,23756076,0,54095,3,51689,0,0,0,0,162,3874,5684145,0,1444619,0,172032,0,0,0,0,20887017,0,0,0,0,172381,3643973,0,0,0
query,217,4096,23778760,123732,13275,1192,23001983,22986934,0,1,0,0,542949,2284,93265,80,23778760,0,54095,3,51878,0,0,0,0,175,3863,5664943,0,1391855,0,172032,0,0,0,0,21008333,0,0,0,0,172008,3702781,0,0,0
query,218,4096,23465713,91071,12073,1453,22679017,22676852,0,0,0,0,585047,1943,95019,90,23465713,0,54095,11,51920,0,0,0,0,174,3862,5663164,0,1397688,0,172032,0,0,0,0,20688203,0,0,0,0,170217,3622326,0,0,0
query,219,4096,24053134,92674,11261,992,23147676,23145029,0,0,0,0,702697,2706,95048,80,24053134,0,54095,11,51996,0,0,0,0,175,3861,5663317,0,1420169,0,172032,0,0,0,0,21207428,0,0,0,0,178802,3712058,0,0,0
query,220,4096,24529617,91181,12574,951,23716703,23714117,0,0,0,0,611316,2145,94657,90,24529617,0,54095,11,51672,0,0,0,0,163,3881,5690754,0,1414869,0,172032,0,0,0,0,21596164,0,0,0,0,177788,3738120,0,0,0
query,221,4096,25471724,92564,12383,872,24632720,24629685,0,0,0,0,631595,2214,99286,90,25471724,0,54095,11,52082,0,0,0,0,167,3867,5670175,0,1438416,0,172032,0,0,0,0,22298444,0,0,0,0,189165,3853993,0,0,0
query,222,4096,22177867,106510,12884,1072,21519483,21516576,0,0,0,0,458219,1883,77746,70,22177867,0,54095,11,52037,0,0,0,0,164,3857,5656768,0,1326011,0,172032,0,0,0,0,19677746,0,0,0,0,163132,3488960,0,0,0
query,223,4096,19717884,80571,10750,1232,19091350,19088622,0,0,0,0,456015,1753,76143,70,19717884,0,54095,11,52355,0,0,0,0,177,3862,5661004,0,1157430,0,172032,0,0,0,0,17441491,0,0,0,0,142067,3097949,0,0,0
query,224,4096,19565829,80110,10099,1132,18926551,18923983,0,0,0,0,469170,2054,76583,130,19565829,0,54095,11,51990,0,0,0,0,166,3870,5676641,0,1153563,0,172032,0,0,0,0,17339807,0,0,0,0,141124,3108600,0,0,0
query,225,4096,22137291,78537,8746,1203,21315850,21296914,0,2,0,0,457388,1904,273593,70,22137291,0,54095,11,52195,0,0,0,0,173,3856,5658715,0,1173419,0,172032,0,0,0,0,19266286,0,0,0,0,145569,3095981,0,0,0
query,226,4096,21081943,79610,9818,1152,20430341,20427583,0,0,0,0,478036,1784,81112,90,21081943,0,54095,0,51862,0,0,0,0,196,3819,5597991,0,1131701,0,172032,0,0,0,0,18569102,0,0,0,0,145303,3127694,0,0,0
query,227,4096,20120099,114595,10379,972,19425346,19422358,0,0,0,0,484308,2144,82184,171,20120099,0,54095,0,51715,0,0,0,0,155,3878,5686009,0,1174043,0,172032,0,0,0,0,17832554,0,0,0,0,140527,3101567,0,0,0
query,228,4096,19806360,80300,8777,1623,19197288,19194650,0,0,0,0,439755,2464,76013,140,19806360,0,54095,0,51564,0,0,0,0,174,3872,5676907,0,1145194,0,172032,0,0,0,0,17591756,0,0,0,0,141502,3276171,0,0,0
query,229,4096,19584004,80201,9598,1252,18908918,18906279,0,0,0,0,500649,1883,81433,70,19584004,0,54095,0,52268,0,0,0,0,205,3849,5644787,0,1146277,0,172032,0,0,0,0,17276944,0,0,0,0,142390,3107642,0,0,0
query,230,4096,19370934,79770,9958,1503,18761030,18758853,0,0,0,0,437601,1603,79309,160,19370934,0,54095,0,52282,0,0,0,0,171,3848,5644696,0,1138605,0,172032,0,0,0,0,17192245,0,0,0,0,139267,3111707,0,0,0
query,231,4096,21926536,81864,8305,852,21254245,21251559,0,0,0,0,500499,1673,79028,70,21926536,0,54095,0,52296,0,0,0,0,174,3871,5674391,0,1168734,0,172032,0,0,0,0,19359320,0,0,0,0,152702,3307237,0,0,0
query,232,4096,19496510,95760,10039,1002,18826863,18824346,0,0,0,0,483947,1894,76925,80,19496510,0,54095,0,51802,0,0,0,0,148,3874,5681676,0,1154747,0,172032,0,0,0,0,17257732,0,0,0,0,139047,3079572,0,0,0
query,233,4096,19485729,95389,8887,1082,18862280,18859472,0,0,0,0,438041,1623,78237,190,19485729,0,54095,0,51627,0,0,0,0,179,3864,5667098,0,1159426,0,172032,0,0,0,0,17296893,0,0,0,0,148311,3070553,0,0,0
query,234,4096,19562813,81994,9898,902,18886104,18883648,0,0,0,0,503614,1454,78717,130,19562813,0,54095,0,51783,0,0,0,0,181,3858,5657660,0,1138874,0,172032,0,0,0,0,17268883,0,0,0,0,142633,3101450,0,0,0
query,235,4096,19313456,81012,9157,1152,18720635,18717556,0,0,0,0,422903,1352,77105,140,19313456,0,54095,0,51757,0,0,0,0,171,3866,5669864,0,1149806,0,172032,0,0,0,0,17185498,0,0,0,0,140591,3075479,0,0,0
query,236,4096,20164803,96742,8957,1262,19481601,19478674,0,0,0,0,495218,1864,79099,60,20164803,0,54095,0,52200,0,0,0,0,170,3868,5673032,0,1147236,0,172032,0,0,0,0,17821173,0,0,0,0,146539,3125168,0,0,0
query,237,4096,19653905,80772,9277,1373,18961857,18958979,0,0,0,0,520345,2295,77916,70,19653905,0,54095,0,52291,0,0,0,0,174,3861,5663522,0,1184438,0,172032,0,0,0,0,17374916,0,0,0,0,140394,3086728,0,0,0
query,238,4096,19566270,80792,9127,1222,18952740,18939162,0,1,0,0,440456,2254,79599,80,19566270,0,54095,0,51927,0,0,0,0,172,3877,5687198,0,1145265,0,172032,0,0,0,0,17384510,0,0,0,0,143340,3084286,0,0,0
query,239,4096,20549554,82114,12122,2415,19863618,19853466,0,1,0,0,506560,1943,80711,71,20549554,0,54095,1,52119,0,0,0,0,192,3847,5645081,0,1211942,0,172032,0,0,0,0,17924636,0,0,0,0,146387,3208657,0,0,0
query,240,4096,19487182,80632,10279,1212,18868071,18865924,0,0,0,0,442189,1593,83046,160,19487182,0,54095,3,51607,0,0,0,0,163,3854,5651150,0,1171592,0,172032,0,0,0,0,17323408,0,0,0,0,141653,3089669,0,0,0
query,241,4096,20464795,90930,10059,1002,19745897,19684870,0,4,0,0,532379,1973,82484,71,20464795,0,54095,3,51712,0,0,0,0,164,3885,5700498,0,1164407,0,172032,0,0,0,0,18058347,0,0,0,0,143256,3145064,0,0,0
query,242,4096,19381814,80040,9628,2004,18735021,18732724,0,0,0,0,475011,1613,78387,110,19381814,0,54095,3,51919,0,0,0,0,181,3860,5659794,0,1135956,0,172032,0,0,0,0,17192901,0,0,0,0,147873,3094574,0,0,0
query,243,4096,19644266,80591,10389,952,19021509,19014182,0,1,0,0,451226,1533,78006,60,19644266,0,54095,3,52501,0,0,0,0,159,3881,5690425,0,1144671,0,172032,0,0,0,0,17395552,0,0,0,0,148300,3062050,0,0,0
query,244,4096,19593461,80932,8997,1442,18870927,18852428,0,1,0,0,544791,2164,84098,110,19593461,0,54095,3,52164,0,0,0,0,172,3873,5677458,0,1151316,0,172032,0,0,0,0,17261962,0,0,0,0,140817,3079260,0,0,0
query,245,4096,19442768,81883,9719,1292,18839137,18836659,0,0,0,0,432060,1743,76874,60,19442768,0,54095,3,52111,0,0,0,0,177,3865,5669077,0,1141403,0,172032,0,0,0,0,17245311,0,0,0,0,140987,3087502,0,0,0
query,246,4096,19882273,96681,8626,1203,19134480,19131743,0,0,0,0,558467,1112,81633,71,19882273,0,54095,3,51971,0,0,0,0,187,3848,5646010,0,1132829,0,172032,0,0,0,0,17462860,0,0,0,0,141707,3098481,0,0,0
query,247,4096,19329226,81723,9538,1433,18732807,18730240,0,0,0,0,427622,1453,74530,120,19329226,0,54095,3,51801,0,0,0,0,172,3859,5662202,0,1149019,0,172032,0,0,0,0,17212018,0,0,0,0,140071,3051072,0,0,0
query,248,4096,19588602,81804,8335,1263,18965784,18963277,0,0,0,0,451667,2184,77495,70,19588602,0,54095,3,52005,0,0,0,0,183,3858,5658324,0,1168917,0,172032,0,0,0,0,17371464,0,0,0,0,142475,3104899,0,0,0
query,249,4096,19434242,82234,9628,1323,18784394,18781996,0,0,0,0,472927,1572,81964,200,19434242,0,54095,3,51787,0,0,0,0,175,3873,5679628,0,1162790,0,172032,0,0,0,0,17228753,0,0,0,0,140776,3093814,0,0,0
query,250,4096,19942786,82004,8877,1452,19243866,19241538,0,0,0,0,525936,1773,78808,70,19942786,0,54095,3,51790,0,0,0,0,184,3857,5654656,0,1149072,0,172032,0,0,0,0,17611481,0,0,0,0,145049,3118491,0,0,0
query,251,4096,20048243,80220,9157,1002,19255868,19253141,0,0,0,0,613351,1843,86732,70,20048243,0,54095,3,51956,0,0,0,0,170,3863,5665570,0,1172661,0,172032,0,0,0,0,17578652,0,0,0,0,143810,3103662,0,0,0
query,252,4096,19758531,83196,10660,2284,19121727,19119119,0,0,0,0,459432,1833,79329,70,19758531,0,54095,3,52119,0,0,0,0,170,3868,5671853,0,1142823,0,172032,0,0,0,0,17506739,0,0,0,0,141043,3136212,0,0,0
query,253,4096,19628838,85581,9097,1132,18998796,18996509,0,0,0,0,451186,2665,80291,90,19628838,0,54095,3,52006,0,0,0,0,196,3845,5638581,0,1143412,0,172032,0,0,0,0,17398289,0,0,0,0,143386,3114026,0,0,0
query,254,4096,19660136,97222,9207,1403,18982075,18960121,0,1,0,0,489297,2154,78718,60,19660136,0,54095,3,51926,0,0,0,0,179,3857,5657227,0,1174201,0,172032,0,0,0,0,17385781,0,0,0,0,143916,3135362,0,0,0
query,255,4096,19542145,80331,9668,1292,18911062,18908684,0,0,0,0,462357,1673,75702,60,19542145,0,54095,3,51957,0,0,0,0,185,3844,5638340,0,1135482,0,172032,0,0,0,0,17313358,0,0,0,0,175311,3105238,0,0,0
query,256,4096,19552976,82034,9568,962,18898408,18896071,0,0,0,0,482224,1603,78107,70,19552976,0,54095,3,51608,0,0,0,0,201,3839,5629465,0,1165725,0,172032,0,0,0,0,17302366,0,0,0,0,142435,3111855,0,0,0
query,257,4096,20771550,84428,8136,1272,20105010,20070723,0,4,0,0,488376,1693,79269,3366,20771550,0,54095,3,51865,0,0,0,0,187,3853,5650426,0,1165582,0,172032,0,0,0,0,18354980,0,0,0,0,148961,3231771,0,0,0
query,258,4096,19608600,81383,8105,1393,18984709,18982062,0,0,0,0,453851,1884,77214,61,19608600,0,54095,3,51923,0,0,0,0,186,3854,5649760,0,1167601,0,172032,0,0,0,0,17400397,0,0,0,0,143042,3093301,0,0,0
query,259,4096,19525403,81673,10409,1373,18846420,18843412,0,0,0,0,502613,1683,81112,120,19525403,0,54095,3,51724,0,0,0,0,178,3866,5666028,0,1147425,0,172032,0,0,0,0,17263958,0,0,0,0,140256,3104343,0,0,0
query,260,4096,19586639,82846,10259,1112,18917564,18915196,0,0,0,0,496150,1814,76733,161,19586639,0,54095,3,51865,0,0,0,0,183,3866,5668955,0,1144604,0,172032,0,0,0,0,17303311,0,0,0,0,147003,3058472,0,0,0
query,261,4096,19772197,80632,9507,1613,19094035,19091137,0,0,0,0,504807,1723,79799,81,19772197,0,54095,3,52010,0,0,0,0,156,3880,5692431,0,1146187,0,172032,0,0,0,0,17478411,0,0,0,0,141348,3088918,0,0,0
query,262,4096,21414847,95569,10129,1363,20778433,20775957,0,0,0,0,450074,1783,77435,61,21414847,0,54095,3,52022,0,0,0,0,172,3862,5666204,0,1171318,0,172032,0,0,0,0,19027198,0,0,0,0,152007,3350964,0,0,0
query,263,4096,19708667,81222,10099,1803,19079858,19077471,0,0,0,0,456896,1744,76965,80,19708667,0,54095,3,52322,0,0,0,0,161,3885,5699142,0,1147150,0,172032,0,0,0,0,17448301,0,0,0,0,145820,3091854,0,0,0
query,264,4096,19498674,96241,9648,1272,18839918,18819347,0,1,0,0,469320,2224,79900,151,19498674,0,54095,3,51708,0,0,0,0,183,3865,5669880,0,1138552,0,172032,0,0,0,0,17274992,0,0,0,0,168047,3081163,0,0,0
query,265,4096,19510245,88506,9848,1413,18887978,18885360,0,0,0,0,443001,1763,77586,150,19510245,0,54095,3,51383,0,0,0,0,185,3853,5650856,0,1139117,0,172032,0,0,0,0,17268425,0,0,0,0,141734,3083134,0,0,0
query,266,4096,19604491,81172,9417,1363,18953110,18950182,0,0,0,0,476734,2184,80431,80,19604491,0,54095,3,51878,0,0,0,0,164,3876,5683370,0,1155941,0,172032,0,0,0,0,17372295,0,0,0,0,141113,3106576,0,0,0
query,267,4096,19666408,102032,9077,1332,19019515,18995097,0,1,0,0,456426,2014,75952,60,19666408,0,54095,3,52178,0,0,0,0,150,3873,5681519,0,1144861,0,172032,0,0,0,0,17350329,0,0,0,0,143690,3112657,0,0,0
query,268,4096,19533969,96260,8536,1152,18887778,18885310,0,0,0,0,462176,1533,76464,70,19533969,0,54095,3,51696,0,0,0,0,172,3864,5668180,0,1155805,0,172032,0,0,0,0,17325729,0,0,0,0,141292,3078576,0,0,0
query,269,4096,19421198,86031,8957,1332,18763605,18761198,0,0,0,0,482756,1643,76724,150,19421198,0,54095,3,51599,0,0,0,0,178,3849,5645545,0,1145612,0,172032,0,0,0,0,17158749,0,0,0,0,139775,3058117,0,0,0
query,270,4096,19828081,97232,8586,1232,19162133,19112756,0,4,0,0,480622,2093,76123,60,19828081,0,54095,3,52071,0,0,0,0,193,3843,5633253,0,1144904,0,172032,0,0,0,0,17557906,0,0,0,0,142136,3099411,0,0,0
query,271,4096,19865201,79499,9969,1042,19173133,19171046,0,0,0,0,520677,2003,78808,70,19865201,0,54095,3,51425,0,0,0,0,166,3877,5687857,0,1156753,0,172032,0,0,0,0,17519610,0,0,0,0,141634,3079588,0,0,0
query,272,4096,20117353,81944,9217,882,19454741,19452144,0,0,0,0,490320,2123,77996,130,20117353,0,54095,3,51847,0,0,0,0,165,3871,5679963,0,1144093,0,172032,0,0,0,0,17826043,0,0,0,0,144166,3105347,0,0,0
query,273,4096,19586558,81012,8756,1313,18961245,18958959,0,0,0,0,455665,1583,76924,60,19586558,0,54095,3,51623,0,0,0,0,178,3861,5660200,0,1146066,0,172032,0,0,0,0,17368615,0,0,0,0,141882,3054585,0,0,0
query,274,4096,21081672,107532,10359,1423,20113286,20061426,0,5,0,0,694803,1723,152476,70,21081672,0,54095,3,51622,0,0,0,0,158,3892,5706849,0,1161726,0,172032,0,0,0,0,18159846,0,0,0,0,145331,3143707,0,0,0
query,275,4096,20619956,80761,8596,1012,19987180,19984532,0,0,0,0,460043,1883,80390,91,20619956,0,54095,3,52281,0,0,0,0,165,3869,5675350,0,1152341,0,172032,0,0,0,0,18037081,0,0,0,0,148298,3096482,0,0,0
query,276,4096,19884727,97663,10510,891,19234388,19231861,0,0,0,0,459943,1633,79589,110,19884727,0,54095,3,51786,0,0,0,0,178,3864,5664195,0,1144651,0,172032,0,0,0,0,17613429,0,0,0,0,146581,3085867,0,0,0
query,277,4096,20053704,82124,9257,1202,19392394,19389937,0,0,0,0,489207,1744,77726,50,20053704,0,54095,3,51566,0,0,0,0,163,3869,5677755,0,1139319,0,172032,0,0,0,0,17700096,0,0,0,0,145801,3099643,0,0,0
query,278,4096,19618087,81583,8927,1142,18994578,18992181,0,0,0,0,452529,1573,77685,70,19618087,0,54095,3,51426,0,0,0,0,163,3864,5664391,0,1198116,0,172032,0,0,0,0,17406030,0,0,0,0,141457,3073458,0,0,0
query,279,4096,19463888,82424,9979,1493,18813679,18811271,0,0,0,0,477365,1743,77125,80,19463888,0,54095,3,51747,0,0,0,0,177,3856,5652804,0,1136509,0,172032,0,0,0,0,17233332,0,0,0,0,140493,3056621,0,0,0
query,280,4096,19570689,96020,9358,1262,18927082,18905799,0,1,0,0,457438,1613,77846,70,19570689,0,54095,3,51866,0,0,0,0,166,3860,5660347,0,1138922,0,172032,0,0,0,0,17389292,0,0,0,0,140155,3043168,0,0,0
query,281,4096,19612397,82645,9368,1102,18959833,18956934,0,0,0,0,477866,1533,79990,60,19612397,0,54095,3,52164,0,0,0,0,177,3865,5667269,0,1145222,0,172032,0,0,0,0,17380871,0,0,0,0,142203,3146389,0,0,0
query,282,4096,19915535,81052,8816,1233,19257030,19254733,0,0,0,0,488256,1963,76994,191,19915535,0,54095,3,52525,0,0,0,0,163,3874,5682372,0,1165802,0,172032,0,0,0,0,17615906,0,0,0,0,141466,3090061,0,0,0
query,283,4096,19678951,81383,8676,1453,19056945,19054167,0,0,0,0,451496,2214,76714,70,19678951,0,54095,3,51625,0,0,0,0,151,3883,5694735,0,1157950,0,172032,0,0,0,0,17408747,0,0,0,0,145608,3051671,0,0,0
query,284,4096,19554318,81723,9488,962,18883600,18880972,0,0,0,0,487604,2164,88627,150,19554318,0,54095,3,51769,0,0,0,0,143,3898,5716935,0,1170863,0,172032,0,0,0,0,17306587,0,0,0,0,140706,3081881,0,0,0
query,285,4096,19548136,93746,9337,1483,18899440,18897253,0,0,0,0,465092,1813,77155,70,19548136,0,54095,3,51595,0,0,0,0,169,3874,5681735,0,1141060,0,172032,0,0,0,0,17292126,0,0,0,0,140308,3125717,0,0,0
query,286,4096,19555060,82565,9308,1072,18899490,18896922,0,0,0,0,484298,1813,76443,71,19555060,0,54095,3,51802,0,0,0,0,170,3866,5666912,0,1140398,0,172032,0,0,0,0,17311765,0,0,0,0,139977,3063121,0,0,0
query,287,4096,19954618,82455,8696,1283,19246770,19227474,0,2,0,0,532528,2315,80441,130,19954618,0,54095,3,52305,0,0,0,0,204,3835,5626607,0,1133730,0,172032,0,0,0,0,17575966,0,0,0,0,145857,3123659,0,0,0
query,288,4096,19523941,81312,9148,1312,18907515,18905177,0,0,0,0,445325,1873,77386,70,19523941,0,54095,3,51762,0,0,0,0,198,3852,5648459,0,1134191,0,172032,0,0,0,0,17266990,0,0,0,0,143219,3066586,0,0,0
query,289,4096,19435555,81633,10259,1413,18775046,18772339,0,0,0,0,481313,1623,84198,70,19435555,0,54095,3,51868,0,0,0,0,178,3864,5669137,0,1136608,0,172032,0,0,0,0,17205039,0,0,0,0,140539,3079548,0,0,0
query,290,4096,19609982,81142,8897,1152,18957609,18944151,0,1,0,0,480110,1403,79609,60,19609982,0,54095,3,51887,0,0,0,0,178,3862,5664581,0,1143998,0,172032,0,0,0,0,17331473,0,0,0,0,142669,3082214,0,0,0
query,291,4096,20459855,81543,9748,932,19727041,19724564,0,0,0,0,558176,1945,80400,70,20459855,0,54095,3,51866,0,0,0,0,193,3844,5640664,0,1163197,0,172032,0,0,0,0,17962706,0,0,0,0,145882,3109136,0,0,0
query,292,4096,22460807,80861,10019,1463,21605053,21601104,0,0,0,0,677430,2856,82975,150,22460807,0,54095,3,52077,0,0,0,0,191,3846,5639119,0,1216918,0,172032,0,0,0,0,19691161,0,0,0,0,170713,3442199,0,0,0
query,293,4096,19850653,80571,10289,902,19218328,19192927,0,1,0,0,460373,1653,78447,90,19850653,0,54095,3,52176,0,0,0,0,185,3848,5644709,0,1142962,0,172032,0,0,0,0,17569941,0,0,0,0,142681,3150698,0,0,0
query,294,4096,19418363,96772,8736,982,18770648,18768451,0,0,0,0,457528,1803,81824,70,19418363,0,54095,3,51550,0,0,0,0,168,3874,5681866,0,1152128,0,172032,0,0,0,0,17223021,0,0,0,0,146139,3048806,0,0,0
query,295,4096,19660357,83006,8996,1363,19028382,19025934,0,0,0,0,454643,9347,74549,71,19660357,0,54095,3,51942,0,0,0,0,153,3879,5689365,0,1160947,0,172032,0,0,0,0,17370616,0,0,0,0,139758,3068369,0,0,0
query,296,4096,19699069,81252,8857,1112,19035204,19021115,0,1,0,0,494277,1232,77075,60,19699069,0,54095,3,51662,0,0,0,0,176,3851,5646252,0,1146533,0,172032,0,0,0,0,17420429,0,0,0,0,139573,3112356,0,0,0
query,297,4096,19921897,81613,8817,1603,19110896,19108268,0,0,0,0,634691,2334,81873,70,19921897,0,54095,3,51934,0,0,0,0,176,3849,5646662,0,1134042,0,172032,0,0,0,0,17448377,0,0,0,0,147171,3147638,0,0,0
query,298,4096,19684352,82024,8656,1653,19071903,19069085,0,0,0,0,441287,1684,77095,50,19684352,0,54095,3,51904,0,0,0,0,177,3861,5662238,0,1146119,0,172032,0,0,0,0,17494386,0,0,0,0,142918,3124331,0,0,0
query,299,4096,19727742,82314,9027,1352,19082303,19079816,0,0,0,0,475572,1683,75341,150,19727742,0,54095,3,52157,0,0,0,0,182,3859,5660113,0,1139191,0,172032,0,0,0,0,17474717,0,0,0,0,142779,3136252,0,0,0
query,300,4096,19429013,81944,8606,1092,18796246,18794109,0,0,0,0,462407,1533,77125,60,19429013,0,54095,3,51809,0,0,0,0,158,3880,5689645,0,1139643,0,172032,0,0,0,0,17233709,0,0,0,0,139265,3081618,0,0,0
query,301,4096,19428371,81192,11712,2434,18798060,18795342,0,0,0,0,449533,2455,82925,60,19428371,0,54095,0,51486,0,0,0,0,179,3853,5649529,0,1142165,0,172032,0,0,0,0,17205425,0,0,0,0,142115,3076730,0,0,0
query,302,4096,19345075,80370,8486,2074,18735202,18720201,0,1,0,0,442239,1583,74690,431,19345075,0,54095,0,52159,0,0,0,0,153,3882,5692110,0,1149278,0,172032,0,0,0,0,17176553,0,0,0,0,136738,3080836,0,0,0
query,303,4096,19776484,81342,8626,1313,19168153,19165556,0,0,0,0,438842,1685,76383,140,19776484,0,54095,0,51382,0,0,0,0,180,3851,5647568,0,1138465,0,172032,0,0,0,0,17538830,0,0,0,0,148414,3078777,0,0,0
query,304,4096,19200043,79098,9388,1452,18579781,18577573,0,0,0,0,443241,1753,85150,180,19200043,0,54095,0,52152,0,0,0,0,183,3855,5657092,0,1132985,0,172032,0,0,0,0,17037402,0,0,0,0,144551,3064198,0,0,0
query,305,4096,19215282,72315,9027,1493,18616229,18613801,0,0,0,0,439163,1783,75151,121,19215282,0,54095,0,51701,0,0,0,0,178,3854,5649609,0,1158371,0,172032,0,0,0,0,17053465,0,0,0,0,151441,3064610,0,0,0
query,306,4096,19422030,85450,8987,1132,18796036,18764142,0,2,0,0,451647,1763,76734,281,19422030,0,54095,0,52050,0,0,0,0,165,3876,5685058,0,1167569,0,172032,0,0,0,0,17229502,0,0,0,0,138207,3068842,0,0,0
query,307,4096,19384780,97824,9457,1123,18761370,18759084,0,0,0,0,437059,1754,76083,110,19384780,0,54095,3,51897,0,0,0,0,194,3846,5640582,0,1137965,0,172032,0,0,0,0,17148074,0,0,0,0,141675,3074667,0,0,0
query,308,4096,20795555,79829,9428,1453,20171976,20169028,0,0,0,0,450625,2224,79930,90,20795555,0,54095,3,51775,0,0,0,0,162,3877,5684838,0,1161848,0,172032,0,0,0,0,18337157,0,0,0,0,147422,3149394,0,0,0
query,309,4096,19527428,97433,10069,1142,18877619,18861126,0,1,0,0,463549,1763,75792,61,19527428,0,54095,3,51659,0,0,0,0,173,3874,5688194,0,1146238,0,172032,0,0,0,0,17328707,0,0,0,0,141193,3119845,0,0,0
query,310,4096,19367387,80631,9348,1052,18757032,18754606,0,0,0,0,442930,1424,74920,50,19367387,0,54095,3,51374,0,0,0,0,183,3863,5665744,0,1142790,0,172032,0,0,0,0,17217726,0,0,0,0,140888,3096644,0,0,0
query,311,4096,19547585,81282,9949,1192,18914368,18912031,0,0,0,0,457648,2114,80972,60,19547585,0,54095,3,51902,0,0,0,0,180,3868,5675002,0,1158226,0,172032,0,0,0,0,17313556,0,0,0,0,142665,3090279,0,0,0
query,312,4096,19440835,75982,9378,891,18824640,18790132,0,1,0,0,450445,2003,77425,71,19440835,0,54095,3,52324,0,0,0,0,184,3854,5652085,0,1136456,0,172032,0,0,0,0,17243263,0,0,0,0,142471,3090474,0,0,0
query,313,4096,20174821,81082,8496,1182,19527157,19524729,0,0,0,0,475422,2144,79268,70,20174821,0,54095,3,52146,0,0,0,0,198,3845,5636070,0,1143839,0,172032,0,0,0,0,17855491,0,0,0,0,144916,3139105,0,0,0
query,314,4096,19590696,81693,9488,1342,18937331,18916700,0,2,0,0,483136,2104,75532,70,19590696,0,54095,3,52181,0,0,0,0,161,3881,5694279,0,1152686,0,172032,0,0,0,0,17364745,0,0,0,0,139259,3093897,0,0,0
query,315,4096,19333464,81553,9168,1082,18731013,18690776,0,1,0,0,433102,1533,75943,70,19333464,0,54095,0,51579,0,0,0,0,186,3865,5667051,0,1139304,0,172032,0,0,0,0,17128930,0,0,0,0,142169,3076600,0,0,0
query,316,4096,19516036,95659,9608,992,18856149,18842931,0,1,0,0,462307,2304,88967,50,19516036,0,54095,0,52395,0,0,0,0,207,3834,5621340,0,1162280,0,172032,0,0,0,0,17275616,0,0,0,0,144078,3167208,0,0,0
query,317,4096,19371455,69581,8966,1313,18768544,18766017,0,0,0,0,442610,2294,77986,161,19371455,0,54095,3,51691,0,0,0,0,166,3876,5683472,0,1151792,0,172032,0,0,0,0,17221566,0,0,0,0,139564,3065424,0,0,0
query,318,4096,20256224,94848,9257,1102,19552635,19550148,0,0,0,0,512752,1803,83757,70,20256224,0,54095,3,51619,0,0,0,0,193,3834,5623433,0,1137520,0,172032,0,0,0,0,17868315,0,0,0,0,143491,3115084,0,0,0
query,319,4096,19628226,80711,9688,1463,19013293,18997952,0,1,0,0,445054,1503,76283,231,19628226,0,54095,3,51759,0,0,0,0,165,3881,5690313,0,1146973,0,172032,0,0,0,0,17479705,0,0,0,0,141126,3084282,0,0,0
query,320,4096,19561642,81924,8746,1293,18933183,18930585,0,0,0,0,456336,1983,78096,81,19561642,0,54095,3,52078,0,0,0,0,186,3857,5655639,0,1141552,0,172032,0,0,0,0,17326825,0,0,0,0,140923,3094328,0,0,0
query,321,4096,19674263,106991,20278,1423,18996291,18994114,0,0,0,0,468509,1693,79008,70,19674263,0,54095,3,51643,0,0,0,0,164,3876,5687503,0,1159940,0,172032,0,0,0,0,17411826,0,0,0,0,147826,3085238,0,0,0
query,322,4096,19775061,79198,9528,952,19141293,19124690,0,1,0,0,463900,2104,78016,70,19775061,0,54095,3,52007,0,0,0,0,157,3879,5690499,0,1146591,0,172032,0,0,0,0,17533130,0,0,0,0,139716,3079298,0,0,0
query,323,4096,21928700,81493,8917,1302,21212818,21209911,0,0,0,0,540934,1603,81563,70,21928700,0,54095,3,52192,0,0,0,0,184,3854,5651293,0,1192862,0,172032,0,0,0,0,19327142,0,0,0,0,166702,3410315,0,0,0
query,324,4096,20620127,80601,9528,1112,19949028,19931053,0,2,0,0,447319,1954,130514,71,20620127,0,54095,3,52091,0,0,0,0,186,3861,5665484,0,1199164,0,172032,0,0,0,0,18243886,0,0,0,0,166257,3145792,0,0,0
query,325,4096,19685984,80481,9477,1213,19023272,19009673,0,1,0,0,489227,1703,80541,70,19685984,0,54095,0,51548,0,0,0,0,169,3863,5662660,0,1138663,0,172032,0,0,0,0,17385805,0,0,0,0,138288,3099636,0,0,0
query,326,4096,19563365,80732,9908,1503,18935728,18933511,0,0,0,0,457248,1953,76162,131,19563365,0,54095,0,51675,0,0,0,0,160,3880,5690856,0,1143362,0,172032,0,0,0,0,17379499,0,0,0,0,140175,3066244,0,0,0
query,327,4096,19264805,97092,9698,1193,18645052,18642706,0,0,0,0,436970,1563,73057,180,19264805,0,54095,0,51723,0,0,0,0,161,3884,5696799,0,1158410,0,172032,0,0,0,0,17099304,0,0,0,0,139655,3057552,0,0,0
query,328,4096,19814515,81573,8556,1112,19089416,19087219,0,0,0,0,553408,1262,79118,70,19814515,0,54095,0,51453,0,0,0,0,179,3849,5645302,0,1156730,0,172032,0,0,0,0,17400983,0,0,0,0,140090,3115410,0,0,0
query,329,4096,19383588,82225,9377,852,18778613,18776126,0,0,0,0,433593,1994,76764,170,19383588,0,54095,0,52068,0,0,0,0,196,3840,5633350,0,1129154,0,172032,0,0,0,0,17203845,0,0,0,0,142922,3089388,0,0,0
query,330,4096,19369350,81613,9067,1392,18763665,18761088,0,0,0,0,434425,2074,77044,70,19369350,0,54095,0,51335,0,0,0,0,184,3848,5643126,0,1138374,0,172032,0,0,0,0,17208598,0,0,0,0,140899,3104673,0,0,0
query,331,4096,19271577,105578,9357,1383,18608213,18606037,0,0,0,0,467607,1573,77706,160,19271577,0,54095,0,51751,0,0,0,0,198,3839,5626800,0,1151205,0,172032,0,0,0,0,17041968,0,0,0,0,140215,3068976,0,0,0
query,332,4096,19394939,81372,8376,902,18787119,18784782,0,0,0,0,438332,1943,76754,141,19394939,0,54095,0,52286,0,0,0,0,164,3879,5688150,0,1151033,0,172032,0,0,0,0,17202311,0,0,0,0,139599,3056311,0,0,0
query,333,4096,19401551,85520,8566,1072,18762563,18759876,0,0,0,0,457668,2064,84038,60,19401551,0,54095,0,52114,0,0,0,0,182,3869,5674714,0,1141545,0,172032,0,0,0,0,17172213,0,0,0,0,140373,3081902,0,0,0
query,334,4096,19199733,80551,9078,1803,18597674,18595406,0,0,0,0,433663,1493,75411,60,19199733,0,54095,0,51957,0,0,0,0,200,3841,5634836,0,1132661,0,172032,0,0,0,0,17041441,0,0,0,0,141343,3071504,0,0,0
query,335,4096,19411630,82434,8145,1794,18792619,18775584,0,1,0,0,447329,1793,77445,71,19411630,0,54095,0,51296,0,0,0,0,164,3858,5657724,0,1157904,0,172032,0,0,0,0,17205034,0,0,0,0,138603,3042213,0,0,0
query,336,4096,19153055,82044,8676,1242,18527422,18525115,0,0,0,0,454122,1533,77876,140,19153055,0,54095,0,51498,0,0,0,0,205,3845,5636082,0,1151150,0,172032,0,0,0,0,16980743,0,0,0,0,140493,3062579,0,0,0
query,337,4096,19326680,81152,8836,1223,18719893,18717605,0,0,0,0,436889,1623,76984,80,19326680,0,54095,0,52432,0,0,0,0,173,3857,5654932,0,1137238,0,172032,0,0,0,0,17170704,0,0,0,0,138944,3080873,0,0,0
query,338,4096,19522478,97963,9498,1223,18868842,18866305,0,0,0,0,465864,2394,76553,141,19522478,0,54095,0,51869,0,0,0,0,181,3863,5666929,0,1147557,0,172032,0,0,0,0,17261178,0,0,0,0,141837,3108422,0,0,0
query,339,4096,19701655,79660,9217,892,19075440,19073133,0,0,0,0,457578,1903,76914,51,19701655,0,54095,0,52136,0,0,0,0,178,3856,5654808,0,1147265,0,172032,0,0,0,0,17451714,0,0,0,0,139194,3116496,0,0,0
query,340,4096,19278851,81553,8095,731,18655833,18653435,0,0,0,0,454463,1392,76724,60,19278851,0,54095,0,51494,0,0,0,0,184,3839,5630752,0,1144701,0,172032,0,0,0,0,17097981,0,0,0,0,139710,3069127,0,0,0
query,341,4096,20048183,81272,8486,881,19368129,19365631,0,0,0,0,508133,1793,79419,70,20048183,0,54095,0,51858,0,0,0,0,201,3833,5620098,0,1144938,0,172032,0,0,0,0,17659956,0,0,0,0,146914,3134274,0,0,0
query,342,4096,19490438,79489,9338,791,18880565,18869210,0,1,0,0,440596,2454,77045,160,19490438,0,54095,0,51742,0,0,0,0,185,3865,5666590,0,1158845,0,172032,0,0,0,0,17306505,0,0,0,0,144509,3098166,0,0,0
query,343,4096,19641592,80291,9437,1233,19007683,19004524,0,0,0,0,464030,1753,77095,70,19641592,0,54095,8,52252,0,0,0,0,175,3863,5662619,0,1148331,0,172032,0,0,0,0,17416030,0,0,0,0,139218,3124360,0,0,0
query,344,4096,19493754,85030,8616,1503,18882698,18874700,0,1,0,0,438973,1894,74850,190,19493754,0,54095,8,51948,0,0,0,0,181,3864,5668114,0,1180155,0,172032,0,0,0,0,17305273,0,0,0,0,140336,3093790,0,0,0
query,345,4096,19359853,81363,8867,992,18743356,18740990,0,0,0,0,446517,1854,76834,70,19359853,0,54095,8,52123,0,0,0,0,173,3856,5651493,0,1156322,0,172032,0,0,0,0,17177835,0,0,0,0,140526,3063447,0,0,0
query,346,4096,19276928,81152,9428,1803,18659139,18644730,0,1,0,0,447960,1814,75431,201,19276928,0,54095,8,52452,0,0,0,0,185,3853,5651572,0,1143318,0,172032,0,0,0,0,17141824,0,0,0,0,140127,3084047,0,0,0
query,347,4096,19293589,85390,8837,1703,18681651,18678874,0,0,0,0,440165,1303,74500,40,19293589,0,54095,8,52400,0,0,0,0,192,3840,5632665,0,1157522,0,172032,0,0,0,0,17132682,0,0,0,0,141092,3123100,0,0,0
query,348,4096,19248875,80742,9487,1133,18624374,18621536,0,0,0,0,456396,1482,74881,380,19248875,0,54095,8,51760,0,0,0,0,164,3880,5688072,0,1151256,0,172032,0,0,0,0,17107193,0,0,0,0,138516,3106153,0,0,0
query,349,4096,21442167,81603,8846,1233,20728349,20725692,0,0,0,0,538059,2154,81853,70,21442167,0,54095,8,51817,0,0,0,0,186,3858,5660148,0,1181898,0,172032,0,0,0,0,18963533,0,0,0,0,150412,3329035,0,0,0
query,350,4096,19572823,80551,9488,1333,18944574,18936146,0,0,0,0,458570,2104,76032,171,19572823,0,54095,8,51872,0,0,0,0,165,3872,5678027,0,1145415,0,172032,0,0,0,0,17373127,0,0,0,0,141396,3095432,0,0,0
query,351,4096,19296725,82104,9177,1032,18673767,18653596,0,1,0,0,452047,1694,76834,70,19296725,0,54095,8,51506,0,0,0,0,177,3838,5631804,0,1134942,0,172032,0,0,0,0,17089561,0,0,0,0,138561,3110602,0,0,0
query,352,4096,19412793,81072,9128,861,18803730,18801494,0,0,0,0,439905,1453,76524,120,19412793,0,54095,8,51724,0,0,0,0,186,3847,5644604,0,1137620,0,172032,0,0,0,0,17235336,0,0,0,0,146573,3100738,0,0,0
query,353,4096,19335828,87043,8366,1222,18697311,18695113,0,0,0,0,463179,1482,77165,60,19335828,0,54095,8,51611,0,0,0,0,182,3862,5662813,0,1153588,0,172032,0,0,0,0,17152598,0,0,0,0,139830,3094431,0,0,0
query,354,4096,19750555,82134,8896,1042,19061243,19058776,0,0,0,0,515787,1103,80280,70,19750555,0,54095,8,52267,0,0,0,0,201,3841,5631723,0,1134606,0,172032,0,0,0,0,17468640,0,0,0,0,143240,3106300,0,0,0
query,355,4096,19613829,88887,8275,1172,18950466,18948128,0,0,0,0,484939,1713,78307,70,19613829,0,54095,8,51838,0,0,0,0,180,3854,5649857,0,1136016,0,172032,0,0,0,0,17342290,0,0,0,0,148354,3064944,0,0,0
query,356,4096,19300722,80912,8826,1253,18679677,18676990,0,0,0,0,451998,1593,76333,130,19300722,0,54095,8,52445,0,0,0,0,178,3839,5629516,0,1141916,0,172032,0,0,0,0,17107760,0,0,0,0,140693,3090716,0,0,0
query,357,4096,19640169,82825,8416,972,18998595,18996338,0,0,0,0,469150,1373,78767,71,19640169,0,54095,8,52137,0,0,0,0,159,3888,5700942,0,1148136,0,172032,0,0,0,0,17397149,0,0,0,0,138897,3088063,0,0,0
query,358,4096,20207632,104816,9688,1193,19434382,19431775,0,0,0,0,567574,2024,87875,80,20207632,0,54095,8,51185,0,0,0,0,183,3853,5653012,0,1164258,0,172032,0,0,0,0,17732758,0,0,0,0,145605,3109339,0,0,0
query,359,4096,20867380,112962,11511,1493,20118405,20115758,0,0,0,0,540123,2094,80722,70,20867380,0,54095,8,52080,0,0,0,0,154,3871,5678023,0,1153252,0,172032,0,0,0,0,18315467,0,0,0,0,145393,3128006,0,0,0
query,360,4096,19799357,94498,12243,1933,19117980,19115302,0,0,0,0,492253,2364,77976,110,19799357,0,54095,8,52301,0,0,0,0,175,3867,5670828,0,1147426,0,172032,0,0,0,0,17503565,0,0,0,0,143608,3098837,0,0,0
query,361,4096,19661870,63720,11020,1413,19041757,19030632,0,1,0,0,462407,1853,79629,71,19661870,0,54095,8,52423,0,0,0,0,153,3891,5704844,0,1152196,0,172032,0,0,0,0,17445326,0,0,0,0,141635,3139634,0,0,0
query,362,4096,19576920,63980,11582,1051,18947771,18945082,0,0,0,0,465463,1783,85160,130,19576920,0,54095,8,51972,0,0,0,0,188,3838,5629011,0,1149556,0,172032,0,0,0,0,17347863,0,0,0,0,147441,3108661,0,0,0
query,363,4096,19534431,63880,11271,1032,18873832,18871234,0,0,0,0,500549,2334,81462,71,19534431,0,54095,8,51598,0,0,0,0,171,3858,5659853,0,1143183,0,172032,0,0,0,0,17290429,0,0,0,0,142234,3067416,0,0,0
query,364,4096,19933368,80802,10079,1623,19124742,19102057,0,1,0,0,626454,2685,86793,190,19933368,0,54095,8,52134,0,0,0,0,179,3855,5654366,0,1162072,0,172032,0,0,0,0,17418919,0,0,0,0,141696,3137489,0,0,0
query,365,4096,20056860,81834,10149,982,19380231,19377834,0,0,0,0,503595,1913,77706,450,20056860,0,54095,8,51793,0,0,0,0,178,3864,5667459,0,1163272,0,172032,0,0,0,0,17728950,0,0,0,0,143287,3106408,0,0,0
query,366,4096,19432119,82816,8516,1072,18828677,18825759,0,0,0,0,432662,1452,76794,130,19432119,0,54095,8,51697,0,0,0,0,152,3877,5682616,0,1161741,0,172032,0,0,0,0,17306993,0,0,0,0,138107,3087440,0,0,0
query,367,4096,19455442,97392,9578,872,18810623,18808006,0,0,0,0,457298,1723,77866,90,19455442,0,54095,8,52017,0,0,0,0,173,3856,5658501,0,1149218,0,172032,0,0,0,0,17233181,0,0,0,0,147342,3054225,0,0,0
query,368,4096,19192369,98585,8737,1142,18577566,18575349,0,0,0,0,430357,1974,73778,230,19192369,0,54095,8,51926,0,0,0,0,178,3859,5657498,0,1151138,0,172032,0,0,0,0,17049322,0,0,0,0,138712,3074035,0,0,0
query,369,4096,19551963,82614,8236,1523,18933964,18931286,0,0,0,0,443442,2274,79840,70,19551963,0,54095,8,51460,0,0,0,0,180,3857,5656054,0,1141767,0,172032,0,0,0,0,17339168,0,0,0,0,139880,3103972,0,0,0
query,370,4096,19987480,97844,9377,1082,19326651,19324294,0,0,0,0,470392,1974,80090,70,19987480,0,54095,8,51835,0,0,0,0,181,3864,5667786,0,1150711,0,172032,0,0,0,0,17699134,0,0,0,0,144883,3100441,0,0,0
query,371,4096,19446706,63800,11301,1242,18850779,18848030,0,0,0,0,438162,2514,78768,140,19446706,0,54095,8,51818,0,0,0,0,176,3873,5679728,0,1142585,0,172032,0,0,0,0,17248225,0,0,0,0,141502,3048662,0,0,0
query,372,4096,19553717,63910,10750,1433,18914448,18911630,0,0,0,0,481353,1793,79970,60,19553717,0,54095,8,52325,0,0,0,0,166,3867,5670062,0,1141216,0,172032,0,0,0,0,17341901,0,0,0,0,140573,3079994,0,0,0
query,373,4096,19379309,63609,10159,1102,18774666,18771697,0,0,0,0,448872,1673,79068,160,19379309,0,54095,8,51902,0,0,0,0,175,3868,5674838,0,1191320,0,172032,0,0,0,0,17217439,0,0,0,0,140670,3060661,0,0,0
query,374,4096,19586688,63830,11321,1022,18976023,18954029,0,1,0,0,451085,1975,81352,80,19586688,0,54095,8,52157,0,0,0,0,168,3874,5678723,0,1156136,0,172032,0,0,0,0,17397721,0,0,0,0,141669,3093406,0,0,0
query,375,4096,20104008,65072,10440,1152,19463818,19461081,0,0,0,0,480611,1783,80982,150,20104008,0,54095,8,52173,0,0,0,0,155,3876,5681763,0,1149063,0,172032,0,0,0,0,17815154,0,0,0,0,149619,3130813,0,0,0
query,376,4096,19341319,63259,10359,1513,18747675,18744927,0,0,0,0,436649,2154,79650,60,19341319,0,54095,8,51707,0,0,0,0,176,3843,5635025,0,1136768,0,172032,0,0,0,0,17189846,0,0,0,0,140506,3070809,0,0,0
query,377,4096,19521436,63670,10770,1523,18893208,18890741,0,0,0,0,471665,1582,78948,70,19521436,0,54095,8,52212,0,0,0,0,183,3855,5652464,0,1140790,0,172032,0,0,0,0,17287166,0,0,0,0,140792,3111134,0,0,0
query,378,4096,19560650,63078,10580,1042,18947820,18944842,0,0,0,0,457298,1543,79218,71,19560650,0,54095,8,51807,0,0,0,0,175,3868,5672924,0,1160345,0,172032,0,0,0,0,17376137,0,0,0,0,141887,3120608,0,0,0
query,379,4096,19598281,63339,11131,1282,18966286,18963988,0,0,0,0,473889,1853,80350,151,19598281,0,54095,8,52009,0,0,0,0,181,3868,5671840,0,1145649,0,172032,0,0,0,0,17364193,0,0,0,0,142153,3089810,0,0,0
query,380,4096,22442583,68388,10740,1082,21797233,21780962,0,1,0,0,482294,1824,80912,110,22442583,0,54095,8,52290,0,0,0,0,155,3883,5696998,0,1248116,0,172032,0,0,0,0,19915329,0,0,0,0,162021,3430652,0,0,0
query,381,4096,19363280,85791,10109,992,18741784,18739136,0,0,0,0,437380,1423,85711,90,19363280,0,54095,8,51482,0,0,0,0,176,3857,5656362,0,1140131,0,172032,0,0,0,0,17228258,0,0,0,0,142717,3050831,0,0,0
query,382,4096,19601346,97753,9709,1282,18917443,18915007,0,0,0,0,495079,1643,78367,70,19601346,0,54095,8,51779,0,0,0,0,181,3868,5673347,0,1161454,0,172032,0,0,0,0,17313841,0,0,0,0,142118,3059280,0,0,0
query,383,4096,19273631,82044,9177,1032,18666212,18663715,0,0,0,0,438141,2015,74940,70,19273631,0,54095,8,51999,0,0,0,0,177,3848,5645607,0,1147730,0,172032,0,0,0,0,17140441,0,0,0,0,140231,3067056,0,0,0
query,384,4096,19620672,84609,8806,1483,18999868,18997191,0,0,0,0,446788,1533,77515,70,19620672,0,54095,8,51961,0,0,0,0,171,3856,5654050,0,1141563,0,172032,0,0,0,0,17401472,0,0,0,0,141625,3085964,0,0,0
query,385,4096,19985907,82215,8776,1162,19314468,19311841,0,0,0,0,489888,2075,87263,60,19985907,0,54095,8,51673,0,0,0,0,182,3852,5646490,0,1158123,0,172032,0,0,0,0,17676490,0,0,0,0,146154,3105219,0,0,0
query,386,4096,19485268,63619,10219,1202,18879934,18877316,0,0,0,0,442270,1923,86041,60,19485268,0,54095,8,51931,0,0,0,0,173,3864,5665611,0,1147285,0,172032,0,0,0,0,17333040,0,0,0,0,140372,3085556,0,0,0
query,387,4096,19550631,63479,10320,1182,18912304,18896561,0,1,0,0,475201,1933,86122,90,19550631,0,54095,8,51753,0,0,0,0,164,3869,5676650,0,1144634,0,172032,0,0,0,0,17344990,0,0,0,0,142509,3074564,0,0,0
query,388,4096,19287017,65573,10851,1382,18691580,18688722,0,0,0,0,433001,1915,82645,70,19287017,0,54095,8,52076,0,0,0,0,178,3849,5643342,0,1150038,0,172032,0,0,0,0,17143174,0,0,0,0,141465,3060609,0,0,0
query,389,4096,19435886,63178,10700,1413,18807908,18805631,0,0,0,0,469811,2244,80562,70,19435886,0,54095,8,51764,0,0,0,0,188,3853,5649316,0,1134065,0,172032,0,0,0,0,17227323,0,0,0,0,141963,3076758,0,0,0
query,390,4096,19712474,62968,10359,1163,19053769,19051171,0,0,0,0,492944,1593,89347,331,19712474,0,54095,8,51986,0,0,0,0,171,3875,5685148,0,1148421,0,172032,0,0,0,0,17438493,0,0,0,0,142444,3072292,0,0,0
query,391,4096,19059740,62737,10250,1142,18468151,18465623,0,0,0,0,438793,1963,76594,110,19059740,0,54095,8,51851,0,0,0,0,174,3859,5657579,0,1132141,0,172032,0,0,0,0,16929259,0,0,0,0,144631,2994511,0,0,0
query,392,4096,19081912,61816,10460,1342,18437754,18435417,0,0,0,0,491812,2135,76523,70,19081912,0,54095,8,51476,0,0,0,0,154,3881,5688605,0,1109723,0,172032,0,0,0,0,16864788,0,0,0,0,135772,2973479,0,0,0
query,393,4096,18756251,61616,10289,932,18183657,18181320,0,0,0,0,422392,2094,75131,140,18756251,0,54095,8,51459,0,0,0,0,168,3867,5671639,0,1094410,0,172032,0,0,0,0,16691064,0,0,0,0,135719,2992740,0,0,0
query,394,4096,18673747,69140,9738,1293,18073621,18058951,0,1,0,0,448421,1683,69791,60,18673747,0,54095,8,51935,0,0,0,0,179,3871,5677256,0,1099832,0,172032,0,0,0,0,16559029,0,0,0,0,135952,2965934,0,0,0
query,395,4096,18851420,61505,9959,1352,18077759,18074660,0,0,0,0,617047,2635,81062,101,18851420,0,54095,8,51640,0,0,0,0,164,3874,5681599,0,1084067,0,172032,0,0,0,0,16530266,0,0,0,0,132266,2967479,0,0,0
query,396,4096,18363154,60043,11331,1593,17781643,17779236,0,0,0,0,432191,2004,74289,60,18363154,0,54095,8,51781,0,0,0,0,193,3829,5617899,0,1072697,0,172032,0,0,0,0,16293065,0,0,0,0,133249,2901854,0,0,0
query,397,4096,18145175,59071,10229,1563,17579464,17577056,0,0,0,0,418885,2014,73889,60,18145175,0,54095,8,51851,0,0,0,0,157,3881,5689588,0,1060291,0,172032,0,0,0,0,16125803,0,0,0,0,129626,2863549,0,0,0
query,398,4096,18160213,65913,9688,982,17575698,17573180,0,0,0,0,433953,1623,72196,160,18160213,0,54095,8,51590,0,0,0,0,166,3873,5679715,0,1068230,0,172032,0,0,0,0,16125062,0,0,0,0,131102,2843918,0,0,0
query,399,4096,17946923,90269,8065,1092,17325388,17322900,0,0,0,0,450806,1292,69881,130,17946923,0,54095,8,52583,0,0,0,0,183,3842,5633883,0,1040234,0,172032,0,0,0,0,15875164,0,0,0,0,138329,2866840,0,0,0
query,400,4096,18008760,93565,8867,1222,17417241,17414522,0,0,0,0,416481,1603,69600,181,18008760,0,54095,8,52102,0,0,0,0,178,3856,5655224,0,1045994,0,172032,0,0,0,0,15973015,0,0,0,0,130933,2852994,0,0,0
query,401,4096,18732807,90039,8245,1413,18090333,18087434,0,0,0,0,466174,1813,74590,200,18732807,0,54095,8,51993,0,0,0,0,159,3877,5687379,0,1058022,0,172032,0,0,0,0,16548567,0,0,0,0,132210,2878476,0,0,0
query,402,4096,18187534,90269,9177,1213,17585696,17583639,0,0,0,0,422032,1392,77675,80,18187534,0,54095,8,51909,0,0,0,0,156,3875,5684656,0,1053733,0,172032,0,0,0,0,16102202,0,0,0,0,129172,2853140,0,0,0
query,403,4096,18198946,87153,9127,1213,17543427,17541349,0,0,0,0,481373,2053,74520,80,18198946,0,54095,8,52206,0,0,0,0,190,3842,5632011,0,1055835,0,172032,0,0,0,0,16080874,0,0,0,0,130355,2864546,0,0,0
query,404,4096,18009370,90489,8496,1072,17424985,17422868,0,0,0,0,413085,1753,69340,150,18009370,0,54095,8,51815,0,0,0,0,163,3871,5679044,0,1056479,0,172032,0,0,0,0,16000115,0,0,0,0,129355,2847038,0,0,0
query,405,4096,18139144,92323,7745,1122,17520574,17518306,0,0,0,0,442280,1853,73177,70,18139144,0,54095,8,51919,0,0,0,0,178,3853,5651445,0,1057561,0,172032,0,0,0,0,16063497,0,0,0,0,130044,2901179,0,0,0
query,406,4096,17978532,90830,8235,1193,17363880,17361573,0,0,0,0,435547,1392,77265,190,17978532,0,54095,8,51325,0,0,0,0,156,3878,5686084,0,1054286,0,172032,0,0,0,0,15952565,0,0,0,0,127802,2842411,0,0,0
query,407,4096,18598625,91632,8546,1322,17994533,17992115,0,0,0,0,426440,1953,74119,80,18598625,0,54095,8,51595,0,0,0,0,187,3852,5645982,0,1065903,0,172032,0,0,0,0,16466447,0,0,0,0,134024,2907739,0,0,0
query,408,4096,17938538,92584,8887,1352,17341829,17339702,0,0,0,0,419627,1703,72366,190,17938538,0,54095,8,52401,0,0,0,0,199,3847,5641573,0,1047404,0,172032,0,0,0,0,15927325,0,0,0,0,129027,2885062,0,0,0
query,409,4096,18239662,90219,8346,931,17613679,17610870,0,0,0,0,451557,1813,72937,180,18239662,0,54095,8,52147,0,0,0,0,159,3882,5694311,0,1070497,0,172032,0,0,0,0,16159658,0,0,0,0,130362,2879320,0,0,0
query,410,4096,18140427,89358,8997,1112,17515585,17513277,0,0,0,0,451136,1443,72726,70,18140427,0,54095,8,52009,0,0,0,0,163,3876,5686641,0,1058512,0,172032,0,0,0,0,16036445,0,0,0,0,128608,2865498,0,0,0
query,411,4096,18695237,90580,9337,1142,18103888,18088216,0,1,0,0,415169,1553,73508,60,18695237,0,54095,8,52079,0,0,0,0,188,3848,5641442,0,1062951,0,172032,0,0,0,0,16493190,0,0,0,0,136067,2905935,0,0,0
query,412,4096,20576995,66875,10390,1312,19911798,19909332,0,0,0,0,507612,2034,76904,70,20576995,0,54095,8,52084,0,0,0,0,185,3844,5636511,0,1126551,0,172032,0,0,0,0,18142479,0,0,0,0,147896,3188063,0,0,0
query,413,4096,18181423,62306,12865,1122,17616975,17614347,0,0,0,0,414317,1663,72115,60,18181423,0,54095,8,52238,0,0,0,0,166,3870,5675768,0,1072911,0,172032,0,0,0,0,16176714,0,0,0,0,129949,2907334,0,0,0
query,414,4096,18165033,59141,10600,1242,17598340,17596002,0,0,0,0,421039,2034,72486,151,18165033,0,54095,8,51522,0,0,0,0,179,3861,5665933,0,1092393,0,172032,0,0,0,0,16129942,0,0,0,0,130063,2863592,0,0,0
query,415,4096,18191182,58821,10289,1212,17613188,17603988,0,1,0,0,430838,2024,74590,220,18191182,0,54095,8,51786,0,0,0,0,173,3860,5661895,0,1059290,0,172032,0,0,0,0,16155132,0,0,0,0,131569,2895970,0,0,0
query,416,4096,18690328,59151,10319,1213,18093749,18090980,0,0,0,0,450575,2143,73097,81,18690328,0,54095,8,52074,0,0,0,0,185,3869,5673952,0,1078503,0,172032,0,0,0,0,16562345,0,0,0,0,134659,2925352,0,0,0
query,417,4096,17899054,89789,9307,1543,17313075,17311008,0,0,0,0,410811,1853,72496,180,17899054,0,54095,8,51643,0,0,0,0,179,3849,5646948,0,1051714,0,172032,0,0,0,0,15910002,0,0,0,0,130437,2864864,0,0,0
query,418,4096,18811505,92062,8446,1253,18212181,18157365,0,1,0,0,423354,1542,72606,61,18811505,0,54095,8,51492,0,0,0,0,180,3858,5657814,0,1142480,0,172032,0,0,0,0,16704381,0,0,0,0,142222,2929824,0,0,0
query,419,4096,18245263,59101,9939,1122,17642923,17640516,0,0,0,0,457237,1864,72887,190,18245263,0,54095,8,51823,0,0,0,0,185,3860,5658941,0,1054355,0,172032,0,0,0,0,16154408,0,0,0,0,131998,2907414,0,0,0
query,420,4096,17984253,58620,9878,1042,17433311,17431033,0,0,0,0,405520,1844,73968,70,17984253,0,54095,8,51469,0,0,0,0,186,3850,5647293,0,1053974,0,172032,0,0,0,0,16000924,0,0,0,0,131469,2859457,0,0,0
query,421,4096,18039968,59322,9788,992,17481280,17478933,0,0,0,0,412934,2194,73398,60,18039968,0,54095,8,51681,0,0,0,0,148,3872,5676916,0,1082660,0,172032,0,0,0,0,16038413,0,0,0,0,128550,2885657,0,0,0
query,422,4096,18174471,59262,10459,1132,17614991,17600050,0,1,0,0,412503,2315,73738,71,18174471,0,54095,8,52321,0,0,0,0,178,3862,5665030,0,1057077,0,172032,0,0,0,0,16155560,0,0,0,0,130151,2905126,0,0,0
query,423,4096,18765659,71123,9899,1613,18113636,18111128,0,0,0,0,491010,2015,76243,120,18765659,0,54095,8,51923,0,0,0,0,178,3857,5656513,0,1057042,0,172032,0,0,0,0,16535303,0,0,0,0,131326,2909014,0,0,0
query,424,4096,18118025,59732,10520,1473,17554828,17552200,0,0,0,0,417122,1684,72455,211,18118025,0,54095,8,52121,0,0,0,0,176,3861,5659245,0,1067692,0,172032,0,0,0,0,16105471,0,0,0,0,130257,2871546,0,0,0
query,425,4096,18144915,58730,9828,902,17569456,17567178,0,0,0,0,431299,1773,72656,271,18144915,0,54095,8,52200,0,0,0,0,177,3856,5656977,0,1051020,0,172032,0,0,0,0,16107827,0,0,0,0,130984,2918298,0,0,0
query,426,4096,18171325,66295,9107,1022,17561541,17558573,0,0,0,0,459051,1823,72426,60,18171325,0,54095,8,51448,0,0,0,0,166,3870,5673801,0,1061804,0,172032,0,0,0,0,16086241,0,0,0,0,128958,2886363,0,0,0
query,427,4096,18151908,59151,10280,991,17570047,17567649,0,0,0,0,435657,1543,74179,60,18151908,0,54095,8,52187,0,0,0,0,166,3866,5671699,0,1072166,0,172032,0,0,0,0,16132586,0,0,0,0,129605,2882110,0,0,0
query,428,4096,18060907,59000,10430,1172,17486971,17484363,0,0,0,0,429205,1793,72086,250,18060907,0,54095,8,51681,0,0,0,0,177,3864,5666569,0,1070498,0,172032,0,0,0,0,16043242,0,0,0,0,129688,2876591,0,0,0
query,429,4096,18761320,59581,9348,1372,18186343,18183504,0,0,0,0,430096,1654,72746,180,18761320,0,54095,8,52157,0,0,0,0,160,3890,5703939,0,1089201,0,172032,0,0,0,0,16665873,0,0,0,0,132062,2877652,0,0,0
query,430,4096,18031572,61194,9148,1182,17446816,17444258,0,0,0,0,436809,2094,73958,371,18031572,0,54095,8,52562,0,0,0,0,183,3845,5640244,0,1055401,0,172032,0,0,0,0,16027932,0,0,0,0,129318,2880479,0,0,0
query,431,4096,18248909,59391,10309,932,17675384,17672506,0,0,0,0,425197,2275,75201,220,18248909,0,54095,8,51936,0,0,0,0,171,3867,5674298,0,1073662,0,172032,0,0,0,0,16203262,0,0,0,0,131834,2882043,0,0,0
query,432,4096,18981653,58920,9849,1012,18327326,18324498,0,0,0,0,506800,1924,75662,160,18981653,0,54095,8,51885,0,0,0,0,180,3854,5653756,0,1055973,0,172032,0,0,0,0,16704560,0,0,0,0,134579,2916889,0,0,0
query,433,4096,19950280,58961,10479,1012,19236382,19233693,0,0,0,0,564018,1793,77555,80,19950280,0,54095,8,52403,0,0,0,0,158,3870,5674076,0,1082855,0,172032,0,0,0,0,17542222,0,0,0,0,148640,2997008,0,0,0
query,434,4096,19979054,91531,9498,1112,19310260,19307433,0,0,0,0,489387,1874,75061,331,19979054,0,54095,8,51933,0,0,0,0,174,3850,5640915,0,1079261,0,172032,0,0,0,0,17605633,0,0,0,0,140686,2962716,0,0,0
query,435,4096,18365178,59211,9809,1282,17780812,17778184,0,0,0,0,439074,1713,73127,150,18365178,0,54095,8,51645,0,0,0,0,158,3885,5699721,0,1066538,0,172032,0,0,0,0,16314475,0,0,0,0,133174,2902441,0,0,0
query,436,4096,18310876,58921,9768,972,17739975,17737557,0,0,0,0,426048,2276,72766,150,18310876,0,54095,8,51805,0,0,0,0,165,3861,5662455,0,1067150,0,172032,0,0,0,0,16287268,0,0,0,0,132705,2879960,0,0,0
query,437,4096,18128283,66725,10179,1062,17536594,17534216,0,0,0,0,436339,1913,75341,130,18128283,0,54095,8,51661,0,0,0,0,180,3850,5644896,0,1056322,0,172032,0,0,0,0,16085840,0,0,0,0,132073,2866317,0,0,0
query,438,4096,18050097,59702,9778,1292,17468667,17466199,0,0,0,0,434294,2004,74310,50,18050097,0,54095,8,51500,0,0,0,0,169,3869,5674137,0,1053547,0,172032,0,0,0,0,16027553,0,0,0,0,129751,2853295,0,0,0
query,439,4096,18217621,58690,9948,1233,17652150,17649442,0,0,0,0,419907,1784,73638,271,18217621,0,54095,8,51246,0,0,0,0,156,3887,5704040,0,1067301,0,172032,0,0,0,0,16221614,0,0,0,0,131622,2843626,0,0,0
query,440,4096,20386529,59642,10991,1352,19817151,19814103,0,0,0,0,419918,1843,75561,71,20386529,0,54095,8,51626,0,0,0,0,190,3850,5644711,0,1093996,0,172032,0,0,0,0,18106096,0,0,0,0,147701,3102176,0,0,0
query,441,4096,18229243,58460,9989,1041,17636001,17633333,0,0,0,0,440857,1843,80972,80,18229243,0,54095,8,52104,0,0,0,0,179,3858,5655241,0,1050635,0,172032,0,0,0,0,16176591,0,0,0,0,131617,2889430,0,0,0
query,442,4096,18155354,62387,9878,1363,17578943,17561929,0,1,0,0,423865,2004,76864,50,18155354,0,54095,8,52054,0,0,0,0,155,3882,5691126,0,1056820,0,172032,0,0,0,0,16135560,0,0,0,0,129341,2877806,0,0,0
query,443,4096,18307981,58800,11181,1323,17679241,17676854,0,0,0,0,482144,1674,73487,131,18307981,0,54095,8,51376,0,0,0,0,158,3881,5691681,0,1079391,0,172032,0,0,0,0,16188172,0,0,0,0,130157,2846855,0,0,0
query,444,4096,18301338,58950,9819,1082,17706713,17704095,0,0,0,0,448982,2194,73538,60,18301338,0,54095,8,51877,0,0,0,0,163,3886,5699820,0,1090420,0,172032,0,0,0,0,16253393,0,0,0,0,132114,2918432,0,0,0
query,445,4096,19061453,58931,10479,1363,18456358,18453651,0,0,0,0,457889,1583,74800,50,19061453,0,54095,8,51877,0,0,0,0,164,3863,5668174,0,1063701,0,172032,0,0,0,0,16862751,0,0,0,0,133834,2913631,0,0,0
query,446,4096,18339079,58760,9688,972,17702956,17700038,0,0,0,0,489988,1935,74650,130,18339079,0,54095,8,51748,0,0,0,0,182,3861,5664612,0,1063813,0,172032,0,0,0,0,16196405,0,0,0,0,132785,2918055,0,0,0
query,447,4096,18193416,59131,10309,862,17622625,17619917,0,0,0,0,424837,2094,73498,60,18193416,0,54095,8,51844,0,0,0,0,188,3853,5652095,0,1055418,0,172032,0,0,0,0,16161940,0,0,0,0,131870,2880938,0,0,0
query,448,4096,18218683,59101,10239,1032,17621203,17618865,0,0,0,0,449653,1874,75531,50,18218683,0,54095,8,51949,0,0,0,0,201,3837,5626020,0,1082957,0,172032,0,0,0,0,16103987,0,0,0,0,133365,2875270,0,0,0
query,449,4096,18316657,59011,10429,1212,17752670,17750071,0,0,0,0,417323,1873,73998,141,18316657,0,54095,8,52292,0,0,0,0,152,3895,5713927,0,1071452,0,172032,0,0,0,0,16309095,0,0,0,0,131577,2892737,0,0,0
query,450,4096,18246765,58970,9698,1463,17648294,17641257,0,1,0,0,448301,1753,78226,60,18246765,0,54095,8,52077,0,0,0,0,176,3856,5654772,0,1057367,0,172032,0,0,0,0,16167408,0,0,0,0,139130,2864380,0,0,0
query,451,4096,18201470,59822,10750,1423,17626703,17623935,0,0,0,0,429184,1513,71865,210,18201470,0,54095,8,52296,0,0,0,0,171,3865,5667248,0,1069674,0,172032,0,0,0,0,16161727,0,0,0,0,130211,2897358,0,0,0
query,452,4096,18399452,58460,9578,1062,17819134,17816535,0,0,0,0,434455,1763,74930,70,18399452,0,54095,8,51958,0,0,0,0,159,3869,5672038,0,1062069,0,172032,0,0,0,0,16311019,0,0,0,0,136204,2869366,0,0,0
query,453,4096,18193336,58961,10269,1423,17591848,17589330,0,0,0,0,452138,1472,77075,150,18193336,0,54095,8,51739,0,0,0,0,167,3867,5675565,0,1058711,0,172032,0,0,0,0,16133886,0,0,0,0,160102,2864962,0,0,0
query,454,4096,18249161,67968,10570,1292,17663843,17660664,0,0,0,0,429866,2044,73518,60,18249161,0,54095,8,52030,0,0,0,0,156,3878,5687084,0,1070476,0,172032,0,0,0,0,16208356,0,0,0,0,131214,2879138,0,0,0
query,455,4096,18112764,58510,10008,1173,17520013,17517585,0,0,0,0,448410,1573,72967,110,18112764,0,54095,8,52056,0,0,0,0,177,3864,5667419,0,1057154,0,172032,0,0,0,0,16082248,0,0,0,0,130975,2875528,0,0,0
query,456,4096,18578869,59141,10189,1313,17988892,17971416,0,1,0,0,442350,1813,75111,60,18578869,0,54095,8,51837,0,0,0,0,162,3882,5690858,0,1096545,0,172032,0,0,0,0,16461313,0,0,0,0,132149,2921109,0,0,0
query,457,4096,18524196,59081,9969,1362,17892051,17889753,0,0,0,0,485681,1523,74369,160,18524196,0,54095,8,51770,0,0,0,0,182,3862,5662782,0,1072103,0,172032,0,0,0,0,16358225,0,0,0,0,131775,2909328,0,0,0
query,458,4096,18311397,59352,10048,1153,17746387,17744110,0,0,0,0,419196,2124,73067,70,18311397,0,54095,8,52321,0,0,0,0,169,3859,5657699,0,1061288,0,172032,0,0,0,0,16274671,0,0,0,0,131150,2896678,0,0,0
query,459,4096,18386358,58520,9758,1183,17776484,17773806,0,0,0,0,463119,1562,75672,60,18386358,0,54095,8,51770,0,0,0,0,165,3876,5684474,0,1060981,0,172032,0,0,0,0,16300929,0,0,0,0,132228,2925243,0,0,0
query,460,4096,18202413,59762,9839,902,17629638,17627071,0,0,0,0,429094,1313,71625,240,18202413,0,54095,8,51700,0,0,0,0,163,3882,5689013,0,1082027,0,172032,0,0,0,0,16177211,0,0,0,0,130468,2849248,0,0,0
query,461,4096,18299995,59110,10250,1372,17720409,17717770,0,0,0,0,431629,1583,75412,230,18299995,0,54095,8,51712,0,0,0,0,167,3871,5679043,0,1070473,0,172032,0,0,0,0,16220337,0,0,0,0,133070,2891477,0,0,0
query,462,4096,18241435,59431,10430,1532,17651991,17649342,0,0,0,0,440727,1813,75341,170,18241435,0,54095,8,52427,0,0,0,0,180,3850,5646092,0,1061019,0,172032,0,0,0,0,16185133,0,0,0,0,131270,2906196,0,0,0
query,463,4096,18325553,58730,10009,1052,17727933,17702261,0,1,0,0,453080,1562,73127,60,18325553,0,54095,8,51790,0,0,0,0,180,3858,5659955,0,1063513,0,172032,0,0,0,0,16262422,0,0,0,0,131397,2956423,0,0,0
query,464,4096,18329901,58700,9377,1072,17716402,17713974,0,0,0,0,460072,1734,82474,70,18329901,0,54095,8,51700,0,0,0,0,157,3869,5672345,0,1074605,0,172032,0,0,0,0,16234297,0,0,0,0,130363,2892028,0,0,0
query,465,4096,18877017,59111,9818,1302,18296529,18293561,0,0,0,0,434685,2115,73397,60,18877017,0,54095,8,51460,0,0,0,0,182,3856,5656646,0,1066250,0,172032,0,0,0,0,16715386,0,0,0,0,137533,2918155,0,0,0
query,466,4096,18323510,58971,9858,1433,17707675,17705047,0,0,0,0,466475,2053,76985,60,18323510,0,54095,8,52205,0,0,0,0,176,3863,5666780,0,1058577,0,172032,0,0,0,0,16227266,0,0,0,0,131528,2916580,0,0,0
query,467,4096,18343848,59712,9768,1162,17758851,17756012,0,0,0,0,421561,1563,91171,60,18343848,0,54095,8,51306,0,0,0,0,192,3851,5649508,0,1062271,0,172032,0,0,0,0,16262598,0,0,0,0,132661,2863624,0,0,0
query,468,4096,18359857,59672,10068,1323,17753360,17750542,0,0,0,0,458289,1744,75281,120,18359857,0,54095,8,51926,0,0,0,0,181,3852,5648183,0,1058792,0,172032,0,0,0,0,16269725,0,0,0,0,132676,2873208,0,0,0
query,469,4096,18068511,59221,10369,1232,17464209,17461830,0,0,0,0,457097,1883,74360,140,18068511,0,54095,8,51891,0,0,0,0,197,3841,5630923,0,1054064,0,172032,0,0,0,0,15985115,0,0,0,0,131766,2866305,0,0,0
query,470,4096,18441450,59351,10059,901,17849181,17825793,0,1,0,0,445856,1783,74269,50,18441450,0,54095,8,52004,0,0,0,0,188,3865,5668735,0,1074787,0,172032,0,0,0,0,16362898,0,0,0,0,134646,2923108,0,0,0
query,471,4096,18322297,67577,9518,1753,17698989,17696131,0,0,0,0,468027,1693,74620,120,18322297,0,54095,8,52196,0,0,0,0,182,3860,5659633,0,1066062,0,172032,0,0,0,0,16222121,0,0,0,0,130214,2922711,0,0,0
query,472,4096,18342295,59241,9588,1032,17756646,17754149,0,0,0,0,438152,2004,75581,51,18342295,0,54095,8,52316,0,0,0,0,166,3883,5696254,0,1080834,0,172032,0,0,0,0,16275743,0,0,0,0,131683,2879629,0,0,0
query,473,4096,20720935,62046,11732,1593,20094821,20091763,0,0,0,0,472616,1994,76073,60,20720935,0,54095,8,51639,0,0,0,0,159,3868,5673576,0,1092125,0,172032,0,0,0,0,18157593,0,0,0,0,140235,3069967,0,0,0
query,474,4096,18296929,59080,10219,942,17722232,17710397,0,1,0,0,428653,2245,73478,80,18296929,0,54095,8,51895,0,0,0,0,196,3847,5641302,0,1061900,0,172032,0,0,0,0,16251212,0,0,0,0,133010,2911890,0,0,0
query,475,4096,18200779,59231,10049,1132,17625120,17622442,0,0,0,0,430537,1834,72806,70,18200779,0,54095,8,51944,0,0,0,0,191,3853,5651528,0,1055146,0,172032,0,0,0,0,16131119,0,0,0,0,131297,2908310,0,0,0
query,476,4096,18241015,59872,9267,1173,17670745,17668438,0,0,0,0,419386,1824,78607,141,18241015,0,54095,8,52051,0,0,0,0,160,3865,5663610,0,1069785,0,172032,0,0,0,0,16191211,0,0,0,0,128848,2879374,0,0,0
query,477,4096,18307841,59352,9618,1202,17693318,17690900,0,0,0,0,468308,1713,74260,70,18307841,0,54095,8,51924,0,0,0,0,171,3865,5668931,0,1058146,0,172032,0,0,0,0,16201808,0,0,0,0,132574,2888235,0,0,0
query,478,4096,18699635,59442,9888,1413,18076937,18074309,0,0,0,0,475743,1693,74279,240,18699635,0,54095,8,51800,0,0,0,0,162,3874,5681762,0,1081631,0,172032,0,0,0,0,16590434,0,0,0,0,133006,2905442,0,0,0
query,479,4096,19056184,59492,9969,931,18358285,18355997,0,0,0,0,548579,1834,76954,140,19056184,0,54095,8,51870,0,0,0,0,188,3857,5656692,0,1072757,0,172032,0,0,0,0,16758790,0,0,0,0,135537,2919294,0,0,0
query,480,4096,18607382,59411,9828,1022,17981639,17954695,0,1,0,0,476453,2104,76754,171,18607382,0,54095,8,52054,0,0,0,0,177,3860,5658466,0,1062452,0,172032,0,0,0,0,16431167,0,0,0,0,134584,2924911,0,0,0
query,481,4096,18411745,59532,9728,932,17815126,17812328,0,0,0,0,451897,1784,72686,60,18411745,0,54095,8,51872,0,0,0,0,172,3865,5665586,0,1065646,0,172032,0,0,0,0,16354413,0,0,0,0,132505,2910006,0,0,0
query,482,4096,18225345,59672,10018,1062,17592549,17589871,0,0,0,0,484027,2225,75622,170,18225345,0,54095,8,51726,0,0,0,0,186,3856,5654033,0,1088736,0,172032,0,0,0,0,16104995,0,0,0,0,135996,2860604,0,0,0
query,483,4096,18257586,58028,10290,1202,17587570,17584420,0,0,0,0,520336,3045,76994,121,18257586,0,54095,8,51441,0,0,0,0,172,3871,5678805,0,1071451,0,172032,0,0,0,0,16128213,0,0,0,0,136705,2866307,0,0,0
query,484,4096,18679668,59482,13234,1523,18072259,18069701,0,0,0,0,455534,1633,75892,111,18679668,0,54095,8,51801,0,0,0,0,181,3863,5663075,0,1071632,0,172032,0,0,0,0,16544180,0,0,0,0,134450,2908945,0,0,0
query,485,4096,18117253,58790,9698,952,17557604,17555135,0,0,0,0,416211,1472,72396,130,18117253,0,54095,8,51770,0,0,0,0,157,3879,5687584,0,1068742,0,172032,0,0,0,0,16087229,0,0,0,0,134964,2850936,0,0,0
query,486,4096,18263808,59161,10370,1022,17679452,17676553,0,0,0,0,438663,1893,73077,170,18263808,0,54095,8,51886,0,0,0,0,176,3856,5652451,0,1072393,0,172032,0,0,0,0,16194242,0,0,0,0,130897,2882223,0,0,0
query,487,4096,18254009,58870,10409,1183,17674272,17659462,0,1,0,0,434444,1533,73198,100,18254009,0,54095,8,52268,0,0,0,0,166,3880,5693966,0,1068281,0,172032,0,0,0,0,16208542,0,0,0,0,131262,2895312,0,0,0
query,488,4096,18332807,67356,9267,1122,17742460,17740102,0,0,0,0,438362,1754,72345,141,18332807,0,54095,8,52691,0,0,0,0,193,3827,5609218,0,1059163,0,172032,0,0,0,0,16239904,0,0,0,0,133094,2930478,0,0,0
query,489,4096,18878049,59501,9989,1252,18256635,18253886,0,0,0,0,473518,1633,75461,60,18878049,0,54095,8,52218,0,0,0,0,189,3848,5646149,0,1062514,0,172032,0,0,0,0,16703026,0,0,0,0,138222,2952455,0,0,0
query,490,4096,18409271,59402,10079,1182,17831297,17828959,0,0,0,0,431429,2043,73779,60,18409271,0,54095,8,51959,0,0,0,0,159,3867,5672021,0,1073852,0,172032,0,0,0,0,16343835,0,0,0,0,131126,2883953,0,0,0
query,491,4096,18341173,59893,10389,1263,17738272,17718352,0,1,0,0,454933,1813,74460,150,18341173,0,54095,8,52041,0,0,0,0,174,3874,5684123,0,1064239,0,172032,0,0,0,0,16282123,0,0,0,0,132686,2945895,0,0,0
query,492,4096,18090483,59441,14508,1242,17519762,17517184,0,0,0,0,415980,1333,78076,141,18090483,0,54095,8,51781,0,0,0,0,173,3860,5660935,0,1056906,0,172032,0,0,0,0,16055738,0,0,0,0,136444,2866241,0,0,0
query,493,4096,18217240,59572,9668,1082,17623297,17620608,0,0,0,0,447800,1562,74199,60,18217240,0,54095,8,51721,0,0,0,0,187,3856,5655723,0,1073201,0,172032,0,0,0,0,16176572,0,0,0,0,132864,2870987,0,0,0
query,494,4096,18415943,59000,9979,1162,17705842,17681904,0,1,0,0,552927,2464,84448,121,18415943,0,54095,8,51532,0,0,0,0,170,3865,5674643,0,1058470,0,172032,0,0,0,0,16202416,0,0,0,0,131580,2874517,0,0,0
query,495,4096,18726224,59932,10620,1252,18122002,18119394,0,0,0,0,455464,1723,75181,50,18726224,0,54095,8,52217,0,0,0,0,167,3856,5654519,0,1058200,0,172032,0,0,0,0,16576674,0,0,0,0,134307,2917708,0,0,0
query,496,4096,18171886,58821,9958,1162,17588422,17585312,0,0,0,0,438282,1743,73267,231,18171886,0,54095,8,52355,0,0,0,0,176,3865,5672401,0,1060471,0,172032,0,0,0,0,16134036,0,0,0,0,136283,2905865,0,0,0
query,497,4096,18302039,58800,9969,1092,17713646,17711119,0,0,0,0,441779,1813,74880,60,18302039,0,54095,8,51732,0,0,0,0,175,3854,5650858,0,1072841,0,172032,0,0,0,0,16240598,0,0,0,0,130314,2882443,0,0,0
query,498,4096,18255773,58850,10119,1222,17653193,17635907,0,1,0,0,454823,2284,75221,61,18255773,0,54095,8,51731,0,0,0,0,180,3844,5638088,0,1082041,0,172032,0,0,0,0,16193405,0,0,0,0,130282,2883270,0,0,0
query,499,4096,18370679,58590,9989,1062,17801010,17798412,0,0,0,0,423444,1673,74850,61,18370679,0,54095,8,52273,0,0,0,0,164,3891,5704779,0,1066284,0,172032,0,0,0,0,16336939,0,0,0,0,132689,2905645,0,0,0
query,500,4096,18761541,58991,10169,1513,18128343,18125526,0,0,0,0,484207,1765,76403,150,18761541,0,54095,8,52069,0,0,0,0,186,3835,5622556,0,1055073,0,172032,0,0,0,0,16566755,0,0,0,0,134881,2906155,0,0,0
query,501,4096,18184639,58850,9929,1182,17607758,17605159,0,0,0,0,431378,1664,73728,150,18184639,0,54095,8,51468,0,0,0,0,185,3854,5652407,0,1052893,0,172032,0,0,0,0,16129833,0,0,0,0,131623,2883134,0,0,0
query,502,4096,18503948,59081,9608,801,17887232,17884493,0,0,0,0,470242,1623,75231,130,18503948,0,54095,8,52077,0,0,0,0,181,3854,5653351,0,1095157,0,172032,0,0,0,0,16395799,0,0,0,0,137865,2927275,0,0,0
query,503,4096,18074092,66805,9989,1102,17484627,17481889,0,0,0,0,431379,1693,78276,221,18074092,0,54095,8,52396,0,0,0,0,192,3840,5630545,0,1051537,0,172032,0,0,0,0,16009208,0,0,0,0,131519,2888340,0,0,0
query,504,4096,18306428,59412,9648,1012,17701693,17699146,0,0,0,0,455855,1453,77165,190,18306428,0,54095,8,51639,0,0,0,0,188,3851,5647711,0,1067366,0,172032,0,0,0,0,16208865,0,0,0,0,132290,2879431,0,0,0
query,505,4096,19703488,58821,9678,1082,17568073,17553823,0,1,0,0,691516,2175,1371852,291,19703488,0,54095,8,52374,0,0,0,0,187,3846,5642038,0,1055170,0,172032,0,0,0,0,16092173,0,0,0,0,150825,2875664,0,0,0
query,506,4096,20599097,97593,1299076,6121,18681762,18677892,0,0,0,0,437660,1984,74841,60,20599097,0,54095,8,51640,0,0,0,0,195,3845,5639458,0,1057451,0,172032,0,0,0,0,16976131,0,0,0,0,139942,2930302,0,0,0
query,507,4096,18223071,59622,10890,1533,17662721,17660093,0,0,0,0,414227,1913,72025,140,18223071,0,54095,8,52242,0,0,0,0,179,3858,5657351,0,1062534,0,172032,0,0,0,0,16205994,0,0,0,0,132181,2914572,0,0,0
query,508,4096,18211329,59631,11502,1252,17637584,17635346,0,0,0,0,421049,2174,78067,70,18211329,0,54095,8,51830,0,0,0,0,189,3848,5640505,0,1057043,0,172032,0,0,0,0,16157325,0,0,0,0,130648,2889963,0,0,0
query,509,4096,18187574,59351,10750,1192,17587610,17584771,0,0,0,0,452298,1743,74560,70,18187574,0,54095,8,52482,0,0,0,0,175,3865,5668771,0,1059445,0,172032,0,0,0,0,16104536,0,0,0,0,130122,2864536,0,0,0
query,510,4096,18204477,59121,10530,1142,17622705,17620258,0,0,0,0,434986,2214,73678,101,18204477,0,54095,8,52166,0,0,0,0,166,3876,5686355,0,1063173,0,172032,0,0,0,0,16144227,0,0,0,0,129777,2869623,0,0,0
query,511,4096,18883249,59011,10950,1263,18247186,18244959,0,0,0,0,489087,1593,74089,70,18883249,0,54095,8,52072,0,0,0,0,198,3850,5646117,0,1067368,0,172032,0,0,0,0,16664951,0,0,0,0,134437,2926212,0,0,0
query,512,4096,18286220,58911,11101,1222,17713836,17711610,0,0,0,0,424346,1914,74760,130,18286220,0,54095,8,52095,0,0,0,0,153,3884,5696002,0,1077000,0,172032,0,0,0,0,16235117,0,0,0,0,131233,2885658,0,0,0
query,513,4096,18219264,60193,9928,1333,17647291,17644724,0,0,0,0,421510,1824,74640,2545,18219264,0,54095,8,51816,0,0,0,0,186,3855,5652359,0,1059902,0,172032,0,0,0,0,16187078,0,0,0,0,136363,2910207,0,0,0
query,514,4096,17993040,57748,9929,1293,17430625,17428058,0,0,0,0,417002,1873,74510,60,17993040,0,54095,8,51700,0,0,0,0,189,3837,5625399,0,1051381,0,172032,0,0,0,0,15982366,0,0,0,0,129934,2891069,0,0,0
query,515,4096,18223032,59682,9678,1203,17649516,17632932,0,1,0,0,421019,1904,79970,60,18223032,0,54095,8,52240,0,0,0,0,175,3853,5651358,0,1054080,0,172032,0,0,0,0,16161040,0,0,0,0,131283,2930267,0,0,0
query,516,4096,18052822,59171,9698,1423,17477112,17474374,0,0,0,0,430197,1533,73638,50,18052822,0,54095,8,51755,0,0,0,0,178,3848,5642776,0,1056926,0,172032,0,0,0,0,16026251,0,0,0,0,130477,2850492,0,0,0
query,517,4096,18885984,58870,10079,1402,18302020,18299482,0,0,0,0,430968,1824,80761,60,18885984,0,54095,8,51929,0,0,0,0,159,3871,5674623,0,1060195,0,172032,0,0,0,0,16721170,0,0,0,0,133585,2911976,0,0,0
query,518,4096,18415662,63379,9968,1303,17761746,17759258,0,0,0,0,502232,1833,75061,140,18415662,0,54095,8,51573,0,0,0,0,196,3839,5631743,0,1087969,0,172032,0,0,0,0,16240421,0,0,0,0,133919,2882090,0,0,0
query,519,4096,18857400,58790,10419,1052,18273436,18263585,0,1,0,0,438332,2164,73057,150,18857400,0,54095,8,51504,0,0,0,0,179,3859,5659574,0,1072177,0,172032,0,0,0,0,16699387,0,0,0,0,132974,2928196,0,0,0
query,520,4096,18399081,59491,10169,1153,17801671,17799043,0,0,0,0,449774,1943,74740,140,18399081,0,54095,8,51673,0,0,0,0,190,3850,5648851,0,1057999,0,172032,0,0,0,0,16285306,0,0,0,0,134040,2873054,0,0,0
query,521,4096,18269468,59001,9828,1242,17707244,17704746,0,0,0,0,416922,1513,73608,110,18269468,0,54095,8,51550,0,0,0,0,171,3865,5668864,0,1073748,0,172032,0,0,0,0,16175735,0,0,0,0,134410,2884073,0,0,0
query,522,4096,18601020,67667,9929,1001,17999823,17988279,0,1,0,0,439364,1974,81112,150,18601020,0,54095,8,51684,0,0,0,0,156,3880,5691836,0,1076050,0,172032,0,0,0,0,16492622,0,0,0,0,140101,2891539,0,0,0
query,523,4096,18319241,59611,9258,972,17722352,17720276,0,0,0,0,450014,1703,75141,190,18319241,0,54095,8,52235,0,0,0,0,177,3864,5666753,0,1059502,0,172032,0,0,0,0,16231046,0,0,0,0,132068,2893601,0,0,0
query,524,4096,18330823,58860,9799,981,17748542,17746294,0,0,0,0,434966,2354,75161,160,18330823,0,54095,8,51622,0,0,0,0,194,3835,5622495,0,1091696,0,172032,0,0,0,0,16186563,0,0,0,0,137534,2889323,0,0,0
query,525,4096,18270450,59060,10740,1353,17673671,17671193,0,0,0,0,450234,2104,73228,60,18270450,0,54095,8,52193,0,0,0,0,168,3881,5691543,0,1074077,0,172032,0,0,0,0,16181363,0,0,0,0,131333,2909743,0,0,0
query,526,4096,18323720,59462,9487,1303,17736920,17719825,0,1,0,0,438773,2324,75401,50,18323720,0,54095,8,51687,0,0,0,0,176,3864,5666709,0,1060482,0,172032,0,0,0,0,16247292,0,0,0,0,132455,2884054,0,0,0
query,527,4096,18379174,59171,10750,1042,17721691,17718903,0,0,0,0,502622,1844,82004,50,18379174,0,54095,8,51580,0,0,0,0,184,3838,5629955,0,1055953,0,172032,0,0,0,0,16210874,0,0,0,0,138205,2894641,0,0,0
query,528,4096,18274187,59482,11151,1472,17706864,17704054,0,0,0,0,420158,1653,73117,290,18274187,0,54095,8,51715,0,0,0,0,181,3867,5672401,0,1062862,0,172032,0,0,0,0,16237985,0,0,0,0,132043,2898512,0,0,0
query,529,4096,18445137,59461,10049,1232,17850182,17847755,0,0,0,0,446637,2435,75081,60,18445137,0,54095,8,52054,0,0,0,0,186,3857,5654571,0,1062875,0,172032,0,0,0,0,16329364,0,0,0,0,133460,2938124,0,0,0
query,530,4096,18190881,59362,10159,1623,17613468,17610861,0,0,0,0,430327,2024,73768,150,18190881,0,54095,8,51977,0,0,0,0,184,3839,5628291,0,1063648,0,172032,0,0,0,0,16145928,0,0,0,0,130038,2886924,0,0,0
query,531,4096,18377511,58720,10490,932,17797002,17794405,0,0,0,0,435216,2354,72737,60,18377511,0,54095,8,51878,0,0,0,0,155,3883,5694842,0,1079169,0,172032,0,0,0,0,16313077,0,0,0,0,132207,2866390,0,0,0
query,532,4096,18131259,58810,9748,1193,17550440,17547962,0,0,0,0,434665,1763,74520,120,18131259,0,54095,8,52074,0,0,0,0,196,3853,5649736,0,1057898,0,172032,0,0,0,0,16067743,0,0,0,0,131174,2876459,0,0,0
query,533,4096,20797989,59020,10149,1273,20142911,20128352,0,1,0,0,503694,1974,78908,60,20797989,0,54095,8,52348,0,0,0,0,180,3866,5670106,0,1121110,0,172032,0,0,0,0,18387011,0,0,0,0,145905,3182799,0,0,0
query,534,4096,18536869,58800,10059,1172,17912359,17910081,0,0,0,0,469069,1774,83576,60,18536869,0,54095,8,52319,0,0,0,0,172,3863,5670040,0,1061066,0,172032,0,0,0,0,16411050,0,0,0,0,132533,2893385,0,0,0
query,535,4096,18249651,65994,9938,952,17675895,17673538,0,0,0,0,419797,1533,75412,130,18249651,0,54095,8,52167,0,0,0,0,184,3855,5649317,0,1070450,0,172032,0,0,0,0,16228578,0,0,0,0,143564,2881322,0,0,0
query,536,4096,18261153,58500,9968,1032,17663572,17660514,0,0,0,0,450865,1784,75221,211,18261153,0,54095,8,51538,0,0,0,0,187,3853,5650292,0,1055723,0,172032,0,0,0,0,16176125,0,0,0,0,132327,2877281,0,0,0
query,537,4096,18177716,58600,9598,1452,17611876,17609307,0,0,0,0,421811,1853,72346,180,18177716,0,54095,8,52157,0,0,0,0,166,3871,5675288,0,1058940,0,172032,0,0,0,0,16121195,0,0,0,0,131268,2895382,0,0,0
query,538,4096,18348947,58800,9729,1102,17732401,17729352,0,0,0,0,468399,1843,76603,70,18348947,0,54095,8,51880,0,0,0,0,173,3853,5651291,0,1069168,0,172032,0,0,0,0,16217061,0,0,0,0,132282,2887447,0,0,0
query,539,4096,18354678,87343,9608,1122,17736680,17696491,0,1,0,0,444834,2074,72796,221,18354678,0,54095,8,51782,0,0,0,0,136,3897,5715259,0,1076255,0,172032,0,0,0,0,16205935,0,0,0,0,129225,2862381,0,0,0
query,540,4096,18300166,91632,8426,901,17690173,17687874,0,0,0,0,434345,1602,73017,70,18300166,0,54095,8,52148,0,0,0,0,210,3815,5593582,0,1046956,0,172032,0,0,0,0,16194771,0,0,0,0,133293,2915664,0,0,0
query,541,4096,18270650,90549,9819,952,17653403,17650605,0,0,0,0,443011,1873,70963,80,18270650,0,54095,8,51692,0,0,0,0,169,3872,5678339,0,1069754,0,172032,0,0,0,0,16167189,0,0,0,0,130142,2887534,0,0,0
query,542,4096,18391367,95740,8716,902,17786743,17784035,0,0,0,0,424416,1683,72947,220,18391367,0,54095,8,51912,0,0,0,0,161,3874,5681745,0,1059919,0,172032,0,0,0,0,16321771,0,0,0,0,131244,2932173,0,0,0
query,543,4096,18391718,89709,9898,1102,17739755,17737378,0,0,0,0,473437,1825,75922,70,18391718,0,54095,8,52451,0,0,0,0,177,3855,5655650,0,1059098,0,172032,0,0,0,0,16209476,0,0,0,0,132267,2905647,0,0,0
query,544,4096,18371720,59301,10780,1202,17787294,17784917,0,0,0,0,430307,2104,80251,481,18371720,0,54095,8,51966,0,0,0,0,187,3838,5626972,0,1051358,0,172032,0,0,0,0,16306953,0,0,0,0,133532,2911130,0,0,0
query,545,4096,18319301,58890,10910,1193,17708727,17706149,0,0,0,0,462117,1562,75842,60,18319301,0,54095,8,51690,0,0,0,0,180,3842,5637893,0,1058162,0,172032,0,0,0,0,16200460,0,0,0,0,131319,2866040,0,0,0
query,546,4096,18298923,58800,10119,1272,17721471,17718542,0,0,0,0,430488,1873,74840,60,18298923,0,54095,8,52203,0,0,0,0,176,3872,5679502,0,1062663,0,172032,0,0,0,0,16238368,0,0,0,0,133266,2892811,0,0,0
query,547,4096,18374385,58639,10180,1462,17768670,17766281,0,0,0,0,451276,1843,82174,141,18374385,0,54095,8,51284,0,0,0,0,173,3875,5682398,0,1059942,0,172032,0,0,0,0,16267710,0,0,0,0,132410,2859178,0,0,0
query,548,4096,18073832,58991,9959,1112,17482382,17479574,0,0,0,0,446086,1844,73398,60,18073832,0,54095,8,51563,0,0,0,0,173,3853,5651146,0,1055627,0,172032,0,0,0,0,16034943,0,0,0,0,130798,2853977,0,0,0
query,549,4096,18647948,58851,9848,1212,17994142,17991865,0,0,0,0,503204,2034,78597,60,18647948,0,54095,8,51531,0,0,0,0,157,3874,5677483,0,1059757,0,172032,0,0,0,0,16394635,0,0,0,0,130707,2889197,0,0,0
query,550,4096,18469073,59071,10890,1233,17884747,17881849,0,0,0,0,436489,2003,74580,60,18469073,0,54095,8,51868,0,0,0,0,175,3864,5665866,0,1100695,0,172032,0,0,0,0,16389454,0,0,0,0,131332,2877702,0,0,0
query,551,4096,18350690,58579,9779,1192,17783016,17780268,0,0,0,0,422893,2014,73077,140,18350690,0,54095,8,51838,0,0,0,0,148,3896,5718515,0,1069684,0,172032,0,0,0,0,16293213,0,0,0,0,130393,2865278,0,0,0
query,552,4096,18336454,59231,10069,1643,17713656,17710838,0,0,0,0,475021,1633,75141,60,18336454,0,54095,8,52189,0,0,0,0,184,3849,5647310,0,1056299,0,172032,0,0,0,0,16233276,0,0,0,0,130616,2890996,0,0,0
query,553,4096,18251504,68759,9387,962,17675054,17657427,0,1,0,0,422082,1783,73417,60,18251504,0,54095,8,51464,0,0,0,0,153,3894,5709653,0,1112807,0,172032,0,0,0,0,16194137,0,0,0,0,130943,2874023,0,0,0
query,554,4096,18448744,58850,10139,1182,17829243,17826625,0,0,0,0,472015,1493,75752,70,18448744,0,54095,8,52038,0,0,0,0,178,3864,5663543,0,1059070,0,172032,0,0,0,0,16335771,0,0,0,0,132636,2886441,0,0,0
query,555,4096,18936960,58790,10410,872,18327968,18325630,0,0,0,0,461115,1943,75782,80,18936960,0,54095,8,51970,0,0,0,0,198,3839,5629144,0,1069107,0,172032,0,0,0,0,16757575,0,0,0,0,136441,2921312,0,0,0
query,556,4096,18411565,58751,10169,891,17834974,17822648,0,1,0,0,431919,1965,72696,200,18411565,0,54095,8,51935,0,0,0,0,206,3836,5627605,0,1053846,0,172032,0,0,0,0,16319094,0,0,0,0,135926,2923346,0,0,0
query,557,4096,18211310,79930,9097,1072,17587119,17573360,0,1,0,0,458039,1874,74089,90,18211310,0,54095,8,51849,0,0,0,0,177,3858,5658901,0,1069384,0,172032,0,0,0,0,16093818,0,0,0,0,130742,2865135,0,0,0
query,558,4096,18393841,91281,8526,882,17792584,17785328,0,1,0,0,425849,1833,72806,80,18393841,0,54095,8,52454,0,0,0,0,196,3851,5647373,0,1056689,0,172032,0,0,0,0,16304436,0,0,0,0,133719,2946798,0,0,0
query,559,4096,18292882,89377,10039,852,17661177,17647408,0,1,0,0,455034,1553,74670,180,18292882,0,54095,8,51930,0,0,0,0,169,3876,5684865,0,1062566,0,172032,0,0,0,0,16173360,0,0,0,0,129975,2893753,0,0,0
query,560,4096,18882388,90710,13967,1583,18107524,18105147,0,0,0,0,589415,2625,76334,230,18882388,0,54095,8,51993,0,0,0,0,141,3903,5723521,0,1085905,0,172032,0,0,0,0,16505210,0,0,0,0,134570,2879758,0,0,0
query,561,4096,18355239,90510,10349,1603,17697827,17695679,0,0,0,0,478858,1823,74189,80,18355239,0,54095,8,51819,0,0,0,0,189,3842,5635189,0,1049711,0,172032,0,0,0,0,16193814,0,0,0,0,133392,2868042,0,0,0
query,562,4096,18175782,90790,8796,1203,17585966,17583188,0,0,0,0,417212,1313,70322,180,18175782,0,54095,8,52042,0,0,0,0,184,3871,5672196,0,1060266,0,172032,0,0,0,0,16130292,0,0,0,0,131047,2877337,0,0,0
query,563,4096,18402809,91031,7684,1403,17773859,17771531,0,0,0,0,454151,1493,73108,80,18402809,0,54095,8,52047,0,0,0,0,180,3855,5653777,0,1079099,0,172032,0,0,0,0,16259564,0,0,0,0,136051,2903464,0,0,0
query,564,4096,18186032,90670,8636,1143,17594793,17573120,0,1,0,0,413786,1563,75271,170,18186032,0,54095,8,51883,0,0,0,0,173,3853,5652816,0,1062420,0,172032,0,0,0,0,16116932,0,0,0,0,130447,2884211,0,0,0
query,565,4096,19224028,98254,8586,1273,18500641,18498014,0,0,0,0,535925,1563,77726,60,19224028,0,54095,8,51645,0,0,0,0,171,3871,5678599,0,1066541,0,172032,0,0,0,0,16865117,0,0,0,0,135040,2940254,0,0,0
query,566,4096,20768734,58950,10820,862,20137812,20135686,0,0,0,0,482374,2194,75662,60,20768734,0,54095,8,51795,0,0,0,0,167,3856,5654719,0,1105474,0,172032,0,0,0,0,18387796,0,0,0,0,145784,3142554,0,0,0
query,567,4096,18378693,62868,12062,1022,17784439,17781720,0,0,0,0,443512,2074,72386,330,18378693,0,54095,8,52142,0,0,0,0,165,3874,5679431,0,1061292,0,172032,0,0,0,0,16289710,0,0,0,0,137291,2881267,0,0,0
query,568,4096,18282663,58680,9849,1162,17661849,17659000,0,0,0,0,472165,1924,76904,130,18282663,0,54095,8,52486,0,0,0,0,182,3845,5639282,0,1056419,0,172032,0,0,0,0,16152394,0,0,0,0,132480,2871879,0,0,0
query,569,4096,18149363,58830,10440,1462,17592249,17589630,0,0,0,0,411171,1553,73598,60,18149363,0,54095,8,52339,0,0,0,0,191,3842,5636570,0,1061728,0,172032,0,0,0,0,16120568,0,0,0,0,133614,2912542,0,0,0
query,570,4096,18396536,58640,9337,1122,17779119,17776511,0,0,0,0,466254,1804,80210,50,18396536,0,54095,8,52002,0,0,0,0,190,3852,5650494,0,1068831,0,172032,0,0,0,0,16260377,0,0,0,0,143218,2881918,0,0,0
query,571,4096,18862550,58549,9608,1283,18214405,18187261,0,1,0,0,501731,1753,75091,130,18862550,0,54095,8,51873,0,0,0,0,174,3857,5659378,0,1075002,0,172032,0,0,0,0,16600126,0,0,0,0,131691,2902622,0,0,0
query,572,4096,18540847,66334,9648,1183,17915234,17912727,0,0,0,0,469721,1763,76804,160,18540847,0,54095,8,51539,0,0,0,0,158,3880,5688921,0,1063200,0,172032,0,0,0,0,16394971,0,0,0,0,133120,2858587,0,0,0
query,573,4096,18925439,58620,9899,1392,18308973,18306365,0,0,0,0,468007,1713,76774,61,18925439,0,54095,8,52171,0,0,0,0,168,3867,5672462,0,1075831,0,172032,0,0,0,0,16689600,0,0,0,0,135323,2899354,0,0,0
query,574,4096,18288845,59211,10390,1272,17693478,17690830,0,0,0,0,447319,1673,75442,60,18288845,0,54095,8,52234,0,0,0,0,210,3817,5599328,0,1043730,0,172032,0,0,0,0,16202163,0,0,0,0,134494,2893849,0,0,0
query,575,4096,18236867,58951,9988,1092,17632424,17630036,0,0,0,0,457328,2184,74840,60,18236867,0,54095,8,52248,0,0,0,0,195,3846,5641782,0,1059849,0,172032,0,0,0,0,16162522,0,0,0,0,139526,2893368,0,0,0
query,576,4096,18388702,67186,9848,1173,17792133,17789736,0,0,0,0,437150,1963,79099,150,18388702,0,54095,8,51457,0,0,0,0,179,3858,5656419,0,1074868,0,172032,0,0,0,0,16298683,0,0,0,0,131142,2903786,0,0,0
query,577,4096,19084797,59081,9978,1002,18410653,18408366,0,0,0,0,526458,2214,75351,60,19084797,0,54095,8,51954,0,0,0,0,164,3875,5684151,0,1065887,0,172032,0,0,0,0,16796489,0,0,0,0,134045,2930808,0,0,0
query,578,4096,18327788,58620,9478,1322,17769591,17766873,0,0,0,0,413455,1954,73127,241,18327788,0,54095,8,52213,0,0,0,0,151,3889,5703748,0,1065312,0,172032,0,0,0,0,16305387,0,0,0,0,130970,2902951,0,0,0
query,579,4096,18449256,59241,9869,1082,17830054,17827557,0,0,0,0,472245,1934,74780,51,18449256,0,54095,8,52091,0,0,0,0,170,3868,5671305,0,1088865,0,172032,0,0,0,0,16277963,0,0,0,0,131856,2903184,0,0,0
query,580,4096,18131940,58930,10019,1052,17549769,17547501,0,0,0,0,434555,2024,75531,60,18131940,0,54095,8,51106,0,0,0,0,164,3874,5682277,0,1056807,0,172032,0,0,0,0,16102706,0,0,0,0,131513,2862803,0,0,0
query,581,4096,18496063,58620,10058,1032,17904534,17901665,0,0,0,0,445576,1633,74460,150,18496063,0,54095,8,52029,0,0,0,0,170,3859,5654797,0,1073237,0,172032,0,0,0,0,16368559,0,0,0,0,137376,2916645,0,0,0
query,582,4096,19027670,59021,9838,1232,18344008,18341430,0,0,0,0,529222,1804,82485,60,19027670,0,54095,8,52165,0,0,0,0,163,3873,5680279,0,1076506,0,172032,0,0,0,0,16761436,0,0,0,0,131216,2940732,0,0,0
query,583,4096,18477909,59662,10560,1102,17893734,17891156,0,0,0,0,434835,1803,76093,120,18477909,0,54095,8,52001,0,0,0,0,196,3845,5639847,0,1053067,0,172032,0,0,0,0,16386528,0,0,0,0,135126,2943543,0,0,0
query,584,4096,18480214,58831,10569,972,17832549,17829891,0,0,0,0,497162,1904,78177,50,18480214,0,54095,8,52315,0,0,0,0,163,3885,5698298,0,1064475,0,172032,0,0,0,0,16323861,0,0,0,0,138523,2901553,0,0,0
query,585,4096,18463412,59291,10400,1112,17876832,17874375,0,0,0,0,440055,2254,73418,50,18463412,0,54095,8,51860,0,0,0,0,179,3856,5657747,0,1057362,0,172032,0,0,0,0,16382804,0,0,0,0,133814,2890244,0,0,0
query,586,4096,19113551,59020,10109,1253,18398490,18395642,0,0,0,0,562124,1964,80531,60,19113551,0,54095,8,51720,0,0,0,0,169,3884,5699700,0,1067496,0,172032,0,0,0,0,16766922,0,0,0,0,134166,2933644,0,0,0
query,587,4096,19019454,58790,11331,1303,18302119,18299662,0,0,0,0,561263,2074,82424,150,19019454,0,54095,8,51913,0,0,0,0,181,3848,5647080,0,1076652,0,172032,0,0,0,0,16729265,0,0,0,0,136405,2901090,0,0,0
query,588,4096,19359582,59121,10820,1262,18720054,18695514,0,1,0,0,490450,1843,75922,110,19359582,0,54095,8,51920,0,0,0,0,168,3868,5674073,0,1081106,0,172032,0,0,0,0,17085175,0,0,0,0,137950,2937686,0,0,0
query,589,4096,18846149,59882,10670,892,18243690,18241332,0,0,0,0,454362,1633,74970,50,18846149,0,54095,8,52275,0,0,0,0,174,3865,5671636,0,1084910,0,172032,0,0,0,0,16660427,0,0,0,0,136289,2932453,0,0,0
query,590,4096,18749609,58770,9879,1242,18050277,18047600,0,0,0,0,549350,2155,77876,60,18749609,0,54095,8,52231,0,0,0,0,184,3857,5656839,0,1080263,0,172032,0,0,0,0,16484075,0,0,0,0,134472,2912650,0,0,0
query,591,4096,18316256,59021,10840,1042,17717774,17715235,0,0,0,0,452548,2064,72797,170,18316256,0,54095,8,51563,0,0,0,0,193,3849,5647508,0,1059770,0,172032,0,0,0,0,16230080,0,0,0,0,133243,2889043,0,0,0
query,592,4096,19199522,59451,9949,1392,18581514,18578856,0,0,0,0,462106,1573,83477,60,19199522,0,54095,8,52312,0,0,0,0,154,3885,5697220,0,1078634,0,172032,0,0,0,0,16963964,0,0,0,0,134417,2915219,0,0,0
query,593,4096,19039462,58790,10500,1042,18406365,18403867,0,0,0,0,485370,1823,75502,70,19039462,0,54095,8,52180,0,0,0,0,187,3851,5645581,0,1072656,0,172032,0,0,0,0,16813309,0,0,0,0,137285,2931338,0,0,0
query,594,4096,18235505,65633,9789,1132,17641090,17638382,0,0,0,0,441518,1933,74179,231,18235505,0,54095,8,51893,0,0,0,0,171,3860,5660524,0,1062166,0,172032,0,0,0,0,16156580,0,0,0,0,131412,2902688,0,0,0
query,595,4096,18487597,58529,10260,1072,17876100,17873523,0,0,0,0,465342,1764,74400,130,18487597,0,54095,8,51898,0,0,0,0,157,3888,5699829,0,1068888,0,172032,0,0,0,0,16360218,0,0,0,0,130842,2887580,0,0,0
query,596,4096,18086455,58730,10470,942,17525874,17523135,0,0,0,0,412944,1733,75612,150,18086455,0,54095,8,52329,0,0,0,0,189,3838,5628308,0,1054796,0,172032,0,0,0,0,16058827,0,0,0,0,131895,2863389,0,0,0
query,597,4096,18423186,59281,10079,1192,17836156,17833828,0,0,0,0,439124,1803,75491,60,18423186,0,54095,8,51867,0,0,0,0,170,3874,5683402,0,1062937,0,172032,0,0,0,0,16326148,0,0,0,0,132149,2870796,0,0,0
query,598,4096,20138113,58720,9729,1713,19260456,19239315,0,1,0,0,721804,2054,83426,211,20138113,0,54095,8,52197,0,0,0,0,167,3860,5661510,0,1097576,0,172032,0,0,0,0,17365024,0,0,0,0,141255,3066715,0,0,0
query,599,4096,18586643,58750,10259,1102,18010263,18007354,0,0,0,0,429635,1713,74520,401,18586643,0,54095,8,51662,0,0,0,0,166,3869,5672672,0,1070375,0,172032,0,0,0,0,16532289,0,0,0,0,132648,2877277,0,0,0
query,600,4096,18299134,60163,9588,1122,17697015,17694407,0,0,0,0,452098,1793,77195,160,18299134,0,54095,8,51906,0,0,0,0,160,3879,5689844,0,1068433,0,172032,0,0,0,0,16214418,0,0,0,0,131527,2901608,0,0,0
query,601,4096,18350140,62127,10399,1132,17770263,17756653,0,1,0,0,428243,2033,75893,50,18350140,0,54095,8,52167,0,0,0,0,185,3861,5658956,0,1054344,0,172032,0,0,0,0,16236318,0,0,0,0,133028,2898338,0,0,0
query,602,4096,18401486,59351,9448,1282,17780983,17778254,0,0,0,0,473317,1693,75221,191,18401486,0,54095,8,51602,0,0,0,0,148,3884,5694762,0,1065051,0,172032,0,0,0,0,16290139,0,0,0,0,130303,2843368,0,0,0
query,603,4096,18256775,94587,9949,1393,17657891,17655404,0,0,0,0,418225,1753,72916,61,18256775,0,54095,8,51705,0,0,0,0,185,3867,5668195,0,1060794,0,172032,0,0,0,0,16180511,0,0,0,0,133423,2877896,0,0,0
query,604,4096,18672123,59001,11711,1323,18070545,18067606,0,0,0,0,451537,1713,76233,60,18672123,0,54095,8,52190,0,0,0,0,173,3855,5651458,0,1065356,0,172032,0,0,0,0,16537280,0,0,0,0,132463,2890618,0,0,0
query,605,4096,18401606,60052,9809,1482,17799718,17797571,0,0,0,0,453561,1793,75091,100,18401606,0,54095,8,51649,0,0,0,0,171,3867,5670313,0,1067966,0,172032,0,0,0,0,16326941,0,0,0,0,133322,2845299,0,0,0
query,606,4096,18538483,59061,9778,1293,17945831,17943054,0,0,0,0,447549,2134,72767,70,18538483,0,54095,8,51902,0,0,0,0,176,3865,5672224,0,1062921,0,172032,0,0,0,0,16425264,0,0,0,0,134157,2898438,0,0,0
query,607,4096,18256945,59251,9979,1142,17631943,17629335,0,0,0,0,478057,2574,73928,71,18256945,0,54095,8,52055,0,0,0,0,189,3847,5643089,0,1058865,0,172032,0,0,0,0,16144077,0,0,0,0,133395,2925614,0,0,0
query,608,4096,18398581,58871,10149,1412,17794318,17777602,0,1,0,0,457518,1703,74550,60,18398581,0,54095,8,51611,0,0,0,0,185,3845,5639107,0,1061266,0,172032,0,0,0,0,16299646,0,0,0,0,139575,2916207,0,0,0
query,609,4096,18505301,58881,9688,1262,17900036,17897838,0,0,0,0,454011,1633,79649,141,18505301,0,54095,8,51362,0,0,0,0,168,3882,5694034,0,1066939,0,172032,0,0,0,0,16414164,0,0,0,0,130833,2923619,0,0,0
query,610,4096,18461138,59252,9608,1472,17854310,17851892,0,0,0,0,457949,2234,75692,621,18461138,0,54095,8,52132,0,0,0,0,165,3873,5677961,0,1074419,0,172032,0,0,0,0,16331329,0,0,0,0,131543,2878007,0,0,0
query,611,4096,18342355,58780,9468,971,17728494,17726006,0,0,0,0,469791,1393,73398,60,18342355,0,54095,8,51733,0,0,0,0,183,3853,5649077,0,1060127,0,172032,0,0,0,0,16214610,0,0,0,0,137075,2911455,0,0,0
query,612,4096,18202653,59061,9819,991,17616775,17602525,0,1,0,0,435647,1563,78637,160,18202653,0,54095,8,51888,0,0,0,0,186,3850,5646728,0,1056293,0,172032,0,0,0,0,16113862,0,0,0,0,132210,2890087,0,0,0
query,613,4096,18355670,58870,9328,841,17740717,17738119,0,0,0,0,467657,1743,76173,341,18355670,0,54095,8,52061,0,0,0,0,176,3860,5661187,0,1061894,0,172032,0,0,0,0,16217332,0,0,0,0,130223,2869697,0,0,0
query,614,4096,18601311,59522,10159,1212,17979014,17976626,0,0,0,0,475642,1783,73808,171,18601311,0,54095,8,51872,0,0,0,0,172,3857,5658928,0,1090431,0,172032,0,0,0,0,16457486,0,0,0,0,133476,2915745,0,0,0
query,615,4096,18691881,63790,9898,992,18091866,18076774,0,1,0,0,451176,1673,72415,71,18691881,0,54095,8,52253,0,0,0,0,181,3850,5647654,0,1065243,0,172032,0,0,0,0,16562612,0,0,0,0,134238,2914342,0,0,0
query,616,4096,18063212,59131,9157,1333,17507690,17504932,0,0,0,0,411361,1893,72366,281,18063212,0,54095,8,51771,0,0,0,0,185,3851,5647092,0,1055222,0,172032,0,0,0,0,16070982,0,0,0,0,132139,2895633,0,0,0
query,617,4096,18342075,59211,10079,1543,17763991,17756193,0,1,0,0,433322,1753,72046,130,18342075,0,54095,8,51706,0,0,0,0,188,3842,5630836,0,1067451,0,172032,0,0,0,0,16264221,0,0,0,0,132600,2887759,0,0,0
query,618,4096,18411415,59432,9948,1243,17785531,17782583,0,0,0,0,478687,1583,74480,511,18411415,0,54095,8,51763,0,0,0,0,143,3896,5712578,0,1069769,0,172032,0,0,0,0,16289714,0,0,0,0,130378,2874870,0,0,0
query,619,4096,18353526,59091,9829,1272,17766355,17764037,0,0,0,0,434544,2015,80300,120,18353526,0,54095,8,51450,0,0,0,0,162,3864,5671644,0,1063425,0,172032,0,0,0,0,16254575,0,0,0,0,130444,2848260,0,0,0
query,620,4096,18527181,59191,10098,1093,17884306,17881718,0,0,0,0,495029,2013,75241,210,18527181,0,54095,8,51807,0,0,0,0,176,3862,5659676,0,1057656,0,172032,0,0,0,0,16380019,0,0,0,0,133414,2901029,0,0,0
query,621,4096,18282082,58500,10019,972,17717613,17714805,0,0,0,0,418955,1994,73979,50,18282082,0,54095,8,52203,0,0,0,0,172,3868,5676971,0,1096678,0,172032,0,0,0,0,16250988,0,0,0,0,132014,2893852,0,0,0
query,622,4096,18466798,58650,10029,1082,17854099,17839107,0,1,0,0,467145,1905,73828,60,18466798,0,54095,8,51884,0,0,0,0,173,3865,5670310,0,1071170,0,172032,0,0,0,0,16331619,0,0,0,0,132346,2890177,0,0,0
query,623,4096,18078230,59051,9448,1042,17514743,17511985,0,0,0,0,419307,1492,73007,140,18078230,0,54095,8,51875,0,0,0,0,185,3858,5657872,0,1059289,0,172032,0,0,0,0,16063488,0,0,0,0,131770,2870188,0,0,0
query,624,4096,18342696,58901,9557,1113,17748922,17746505,0,0,0,0,444573,2174,77315,141,18342696,0,54095,8,52012,0,0,0,0,198,3839,5631597,0,1053230,0,172032,0,0,0,0,16237486,0,0,0,0,132214,2889896,0,0,0
query,625,4096,18205819,59241,10470,1282,17626924,17624506,0,0,0,0,432130,1764,73948,60,18205819,0,54095,8,51754,0,0,0,0,177,3861,5658940,0,1063615,0,172032,0,0,0,0,16148776,0,0,0,0,132916,2853185,0,0,0
query,626,4096,20092216,59161,10159,1503,19495026,19492509,0,0,0,0,446658,2194,77365,150,20092216,0,54095,8,51810,0,0,0,0,157,3872,5682706,0,1099779,0,172032,0,0,0,0,17738664,0,0,0,0,146292,3085448,0,0,0
query,627,4096,18952890,90180,9167,1032,18316987,18314450,0,0,0,0,459601,1945,73908,70,18952890,0,54095,8,52054,0,0,0,0,168,3877,5686438,0,1067593,0,172032,0,0,0,0,16718139,0,0,0,0,135078,2902417,0,0,0
query,628,4096,18312870,59071,10439,1142,17744494,17741796,0,0,0,0,420128,1954,75471,171,18312870,0,54095,8,52172,0,0,0,0,173,3870,5673765,0,1064812,0,172032,0,0,0,0,16243624,0,0,0,0,132620,2874970,0,0,0
query,629,4096,18486324,64250,9979,1392,17856695,17853986,0,0,0,0,476544,1823,75591,50,18486324,0,54095,8,52259,0,0,0,0,165,3886,5698968,0,1068542,0,172032,0,0,0,0,16331322,0,0,0,0,131193,2896547,0,0,0
query,630,4096,18289435,58610,9588,1252,17714427,17712250,0,0,0,0,428995,1523,74980,60,18289435,0,54095,8,52204,0,0,0,0,185,3859,5658641,0,1062744,0,172032,0,0,0,0,16257331,0,0,0,0,132962,2898057,0,0,0
query,631,4096,20732908,59382,9407,1162,20074083,20071575,0,0,0,0,510918,1983,75903,70,20732908,0,54095,8,51937,0,0,0,0,164,3862,5663619,0,1103538,0,172032,0,0,0,0,18295151,0,0,0,0,144147,3146747,0,0,0
query,632,4096,18083189,90259,9007,872,17502650,17500183,0,0,0,0,407574,1573,71084,170,18083189,0,54095,8,51770,0,0,0,0,197,3834,5622235,0,1063994,0,172032,0,0,0,0,16069719,0,0,0,0,132645,2890264,0,0,0
query,633,4096,18478701,91471,8627,891,17853689,17834539,0,1,0,0,447388,1925,74629,81,18478701,0,54095,8,51902,0,0,0,0,173,3871,5675308,0,1060259,0,172032,0,0,0,0,16352824,0,0,0,0,138351,2865619,0,0,0
query,634,4096,18192975,89949,8787,1072,17555229,17552711,0,0,0,0,458409,1663,77716,150,18192975,0,54095,8,51761,0,0,0,0,151,3869,5675336,0,1058926,0,172032,0,0,0,0,16068560,0,0,0,0,127752,2869942,0,0,0
query,635,4096,18331505,90620,8666,882,17732040,17729383,0,0,0,0,422663,1152,75401,81,18331505,0,54095,8,51620,0,0,0,0,163,3882,5694075,0,1069504,0,172032,0,0,0,0,16245574,0,0,0,0,130678,2862076,0,0,0
query,636,4096,18303312,91151,8767,1342,17669413,17649724,0,1,0,0,447219,1994,83356,70,18303312,0,54095,8,51572,0,0,0,0,166,3872,5674604,0,1072947,0,172032,0,0,0,0,16190937,0,0,0,0,131472,2890546,0,0,0
query,637,4096,18733428,81102,8696,1083,18158319,18155722,0,0,0,0,410049,1553,72556,70,18733428,0,54095,8,52147,0,0,0,0,174,3858,5660172,0,1054752,0,172032,0,0,0,0,16618886,0,0,0,0,132264,2901700,0,0,0
query,638,4096,18282693,90810,9107,1223,17635629,17633272,0,0,0,0,465192,1523,79139,70,18282693,0,54095,8,52100,0,0,0,0,181,3850,5645765,0,1055013,0,172032,0,0,0,0,16124218,0,0,0,0,135835,2896257,0,0,0
query,639,4096,18034788,87053,8135,1123,17452666,17449818,0,0,0,0,414718,1523,69420,150,18034788,0,54095,8,52219,0,0,0,0,176,3865,5664472,0,1060661,0,172032,0,0,0,0,16017656,0,0,0,0,130019,2857251,0,0,0
query,640,4096,18374435,91362,7454,1202,17747790,17745112,0,0,0,0,450134,1643,74770,80,18374435,0,54095,8,52463,0,0,0,0,170,3874,5682664,0,1058434,0,172032,0,0,0,0,16252908,0,0,0,0,130229,2906368,0,0,0
query,641,4096,18141418,90630,8295,1233,17525814,17523607,0,0,0,0,437310,1532,76404,200,18141418,0,54095,8,51370,0,0,0,0,185,3846,5640429,0,1054137,0,172032,0,0,0,0,16053381,0,0,0,0,136232,2907407,0,0,0
query,642,4096,18996421,91261,7554,1042,18346814,18344245,0,0,0,0,473648,1693,74329,80,18996421,0,54095,8,52418,0,0,0,0,180,3858,5655219,0,1063236,0,172032,0,0,0,0,16696250,0,0,0,0,137443,2919047,0,0,0
query,643,4096,18193877,89658,8647,971,17563415,17561097,0,0,0,0,455444,1623,73979,140,18193877,0,54095,8,51877,0,0,0,0,152,3874,5683623,0,1055720,0,172032,0,0,0,0,16107593,0,0,0,0,133723,2897335,0,0,0
query,644,4096,18327878,90139,9047,1042,17717503,17715296,0,0,0,0,432551,1784,75752,60,18327878,0,54095,8,52594,0,0,0,0,172,3869,5674243,0,1054115,0,172032,0,0,0,0,16203140,0,0,0,0,136608,2892320,0,0,0
query,645,4096,18214625,59101,10239,1042,17591397,17588799,0,0,0,0,474230,1502,76894,220,18214625,0,54095,8,52076,0,0,0,0,178,3855,5652742,0,1065275,0,172032,0,0,0,0,16084551,0,0,0,0,129910,2871355,0,0,0
query,646,4096,18209546,59211,10129,1042,17635800,17633272,0,0,0,0,423714,1944,77646,60,18209546,0,54095,8,51552,0,0,0,0,183,3863,5668368,0,1054029,0,172032,0,0,0,0,16149337,0,0,0,0,132022,2852800,0,0,0
query,647,4096,18329170,59421,9989,1072,17702435,17699807,0,0,0,0,475121,1723,79268,141,18329170,0,54095,8,52216,0,0,0,0,173,3858,5655629,0,1079274,0,172032,0,0,0,0,16181233,0,0,0,0,130759,2874344,0,0,0
query,648,4096,18678936,58670,10289,1233,18117503,18114845,0,0,0,0,417844,1983,71354,60,18678936,0,54095,8,52152,0,0,0,0,172,3858,5655881,0,1054905,0,172032,0,0,0,0,16577445,0,0,0,0,132526,2907325,0,0,0
query,649,4096,18482798,59131,9898,1042,17857646,17855088,0,0,0,0,471684,2375,80972,50,18482798,0,54095,8,52082,0,0,0,0,175,3865,5667018,0,1064420,0,172032,0,0,0,0,16312105,0,0,0,0,132923,2895076,0,0,0
query,650,4096,18049266,59041,10520,1012,17483143,17480606,0,0,0,0,417813,1854,75783,100,18049266,0,54095,8,52446,0,0,0,0,178,3854,5655782,0,1064601,0,172032,0,0,0,0,16012487,0,0,0,0,129497,2860860,0,0,0
query,651,4096,18454395,58951,9608,1002,17875720,17873031,0,0,0,0,431780,1943,75261,130,18454395,0,54095,8,51665,0,0,0,0,168,3869,5673248,0,1079171,0,172032,0,0,0,0,16340595,0,0,0,0,132785,2875911,0,0,0
query,652,4096,18146027,58771,10620,1262,17557423,17555206,0,0,0,0,440506,1613,75772,60,18146027,0,54095,8,51390,0,0,0,0,171,3863,5665478,0,1061208,0,172032,0,0,0,0,16071343,0,0,0,0,128116,2866262,0,0,0
query,653,4096,18957058,58630,10570,1122,18328810,18326032,0,0,0,0,477926,2514,77416,70,18957058,0,54095,8,52431,0,0,0,0,179,3869,5674462,0,1071840,0,172032,0,0,0,0,16698837,0,0,0,0,134374,2899443,0,0,0
query,654,4096,18110400,59291,10019,1713,17504755,17501936,0,0,0,0,458821,1903,73788,110,18110400,0,54095,8,51468,0,0,0,0,173,3872,5679977,0,1053185,0,172032,0,0,0,0,16039397,0,0,0,0,136199,2858544,0,0,0
query,655,4096,18217972,59301,9608,1172,17648033,17645225,0,0,0,0,424496,1563,73648,151,18217972,0,54095,8,51743,0,0,0,0,168,3863,5665727,0,1054861,0,172032,0,0,0,0,16145536,0,0,0,0,130658,2854095,0,0,0
query,656,4096,18260131,66224,10219,952,17609831,17607093,0,0,0,0,486412,1934,84499,60,18260131,0,54095,8,51522,0,0,0,0,179,3863,5666852,0,1066483,0,172032,0,0,0,0,16124486,0,0,0,0,130916,2896112,0,0,0
query,657,4096,18075595,59051,9858,1303,17499094,17496706,0,0,0,0,432130,1733,72246,180,18075595,0,54095,8,52386,0,0,0,0,185,3845,5637245,0,1057694,0,172032,0,0,0,0,16002032,0,0,0,0,131693,2877413,0,0,0
query,658,4096,18252427,58911,9538,1352,17642693,17640556,0,0,0,0,460664,1974,77234,61,18252427,0,54095,8,51782,0,0,0,0,181,3868,5674272,0,1052383,0,172032,0,0,0,0,16146534,0,0,0,0,130379,2898677,0,0,0
query,659,4096,18777421,58370,9938,1423,18208233,18205896,0,0,0,0,426149,1784,71354,170,18777421,0,54095,8,51880,0,0,0,0,151,3894,5714495,0,1066563,0,172032,0,0,0,0,16665797,0,0,0,0,133813,2894662,0,0,0
query,660,4096,18635505,59532,10088,1784,18029658,18027372,0,0,0,0,457548,2094,74690,111,18635505,0,54095,8,51898,0,0,0,0,168,3872,5676996,0,1061044,0,172032,0,0,0,0,16508136,0,0,0,0,131662,2984285,0,0,0
query,661,4096,18149293,65072,10099,1363,17568483,17566237,0,0,0,0,430557,1714,71885,120,18149293,0,54095,8,51984,0,0,0,0,163,3882,5692703,0,1059203,0,172032,0,0,0,0,16108041,0,0,0,0,135987,2893919,0,0,0
query,662,4096,18452010,58730,9698,1042,17880860,17877891,0,0,0,0,426219,1843,73498,120,18452010,0,54095,8,51840,0,0,0,0,177,3861,5664606,0,1055291,0,172032,0,0,0,0,16323487,0,0,0,0,132466,2887736,0,0,0
query,663,4096,18330853,58600,10339,982,17710009,17707702,0,0,0,0,473398,2174,75291,60,18330853,0,54095,8,51900,0,0,0,0,172,3864,5665756,0,1059143,0,172032,0,0,0,0,16202404,0,0,0,0,132057,2893490,0,0,0
query,664,4096,20611580,58910,10169,832,19930803,19914661,0,1,0,0,530916,2064,77806,80,20611580,0,54095,8,51602,0,0,0,0,162,3876,5684131,0,1133946,0,172032,0,0,0,0,18180099,0,0,0,0,144306,3117850,0,0,0
query,665,4096,18477970,90099,9248,1072,17827840,17825492,0,0,0,0,470782,1554,77174,201,18477970,0,54095,8,52477,0,0,0,0,154,3880,5687515,0,1075847,0,172032,0,0,0,0,16299450,0,0,0,0,131167,2883480,0,0,0
query,666,4096,18230145,82164,8196,1092,17631231,17624476,0,1,0,0,435477,1413,70442,130,18230145,0,54095,8,52251,0,0,0,0,156,3881,5689091,0,1061863,0,172032,0,0,0,0,16166181,0,0,0,0,129437,2879688,0,0,0
query,667,4096,18247417,89448,7514,1152,17626633,17624426,0,0,0,0,450475,1482,70543,170,18247417,0,54095,8,51865,0,0,0,0,182,3859,5659910,0,1053115,0,172032,0,0,0,0,16129974,0,0,0,0,130294,2846130,0,0,0
query,668,4096,18296780,90791,7374,1252,17661458,17659331,0,0,0,0,458229,1413,76123,140,18296780,0,54095,8,51683,0,0,0,0,165,3881,5694113,0,1059597,0,172032,0,0,0,0,16187303,0,0,0,0,135703,2849846,0,0,0
query,669,4096,18868992,89027,8175,1022,18212982,18210916,0,0,0,0,480170,1814,75722,80,18868992,0,54095,8,51425,0,0,0,0,167,3864,5666598,0,1057468,0,172032,0,0,0,0,16605321,0,0,0,0,133507,2870433,0,0,0
query,670,4096,19370704,89598,9348,1082,18720915,18718407,0,0,0,0,465422,2084,82114,141,19370704,0,54095,8,51923,0,0,0,0,160,3867,5670264,0,1060034,0,172032,0,0,0,0,17087066,0,0,0,0,135726,2917379,0,0,0
query,671,4096,18313190,80571,8296,1422,17719357,17702091,0,1,0,0,428714,1563,73167,100,18313190,0,54095,8,51819,0,0,0,0,201,3840,5629697,0,1053662,0,172032,0,0,0,0,16245198,0,0,0,0,132713,2895958,0,0,0
query,672,4096,18270230,58921,9538,1162,17680924,17678618,0,0,0,0,445185,2004,72326,170,18270230,0,54095,8,52581,0,0,0,0,186,3865,5665716,0,1056451,0,172032,0,0,0,0,16190173,0,0,0,0,133269,2914802,0,0,0
query,673,4096,18255212,58380,9618,1202,17674322,17672125,0,0,0,0,434745,1493,75391,61,18255212,0,54095,8,51960,0,0,0,0,160,3872,5676404,0,1055798,0,172032,0,0,0,0,16215661,0,0,0,0,131390,2881670,0,0,0
query,674,4096,18416263,58720,9939,881,17758661,17756133,0,0,0,0,487684,1613,98695,70,18416263,0,54095,8,51989,0,0,0,0,159,3869,5672712,0,1057589,0,172032,0,0,0,0,16271361,0,0,0,0,135603,2905526,0,0,0
query,675,4096,18707119,74530,10069,1092,18070234,18067737,0,0,0,0,475872,1984,73278,60,18707119,0,54095,8,51646,0,0,0,0,175,3855,5655816,0,1052788,0,172032,0,0,0,0,16530191,0,0,0,0,131579,2875723,0,0,0
query,676,4096,18283594,86071,8155,1463,17661027,17658841,0,0,0,0,453090,2144,71494,150,18283594,0,54095,8,51821,0,0,0,0,183,3865,5669051,0,1060874,0,172032,0,0,0,0,16157852,0,0,0,0,131947,2851256,0,0,0
query,677,4096,17990616,90209,8586,1082,17408364,17405825,0,0,0,0,411852,1463,68889,171,17990616,0,54095,8,52049,0,0,0,0,190,3838,5631952,0,1045647,0,172032,0,0,0,0,15943572,0,0,0,0,134852,2892308,0,0,0
query,678,4096,18321095,90700,7915,992,17721661,17698705,0,1,0,0,425909,2044,71814,60,18321095,0,54095,8,51415,0,0,0,0,155,3884,5695987,0,1053451,0,172032,0,0,0,0,16243652,0,0,0,0,129465,2874451,0,0,0
query,679,4096,18189628,90359,8586,1543,17570217,17568140,0,0,0,0,444323,1864,72676,60,18189628,0,54095,8,52350,0,0,0,0,155,3879,5689775,0,1072401,0,172032,0,0,0,0,16108112,0,0,0,0,129767,2927655,0,0,0
query,680,4096,18318851,90389,7985,1383,17717874,17715377,0,0,0,0,429595,1553,69901,171,18318851,0,54095,8,52252,0,0,0,0,171,3874,5682534,0,1049888,0,172032,0,0,0,0,16232731,0,0,0,0,130950,2870778,0,0,0
query,681,4096,19474909,90530,8686,952,18799031,18796775,0,0,0,0,487494,8366,79759,91,19474909,0,54095,8,52512,0,0,0,0,167,3868,5675055,0,1060016,0,172032,0,0,0,0,17128030,0,0,0,0,134919,2936513,0,0,0
query,682,4096,18158209,89117,10149,1272,17573924,17571306,0,0,0,0,412303,1453,69501,490,18158209,0,54095,8,51766,0,0,0,0,174,3866,5671695,0,1068138,0,172032,0,0,0,0,16079425,0,0,0,0,130189,2845707,0,0,0
query,683,4096,18414750,90239,7774,1243,17754001,17751835,0,0,0,0,485069,1804,74540,80,18414750,0,54095,8,51998,0,0,0,0,162,3880,5689538,0,1063977,0,172032,0,0,0,0,16231303,0,0,0,0,141511,2892302,0,0,0
query,684,4096,18088750,89548,9118,1202,17486420,17484333,0,0,0,0,429615,1623,71024,200,18088750,0,54095,8,51852,0,0,0,0,184,3844,5634738,0,1052631,0,172032,0,0,0,0,16026211,0,0,0,0,130006,2866525,0,0,0
query,685,4096,18383281,90219,8115,862,17757318,17739842,0,1,0,0,451868,2063,72756,80,18383281,0,54095,8,51849,0,0,0,0,183,3854,5650734,0,1055948,0,172032,0,0,0,0,16256052,0,0,0,0,140923,2909373,0,0,0
query,686,4096,18262445,89468,8706,932,17673801,17671674,0,0,0,0,417532,1324,70602,80,18262445,0,54095,8,52439,0,0,0,0,178,3858,5657062,0,1055535,0,172032,0,0,0,0,16234543,0,0,0,0,136560,2901668,0,0,0
query,687,4096,18383101,89728,8506,1022,17777155,17774857,0,0,0,0,430718,1813,73979,180,18383101,0,54095,8,51309,0,0,0,0,164,3889,5705178,0,1067398,0,172032,0,0,0,0,16276083,0,0,0,0,130102,2863157,0,0,0
query,688,4096,18160294,89248,8826,1032,17520003,17500354,0,1,0,0,465493,1903,73719,70,18160294,0,54095,8,51749,0,0,0,0,178,3866,5665853,0,1061737,0,172032,0,0,0,0,16054755,0,0,0,0,166352,2860933,0,0,0
query,689,4096,18304624,88817,8796,962,17684271,17681823,0,0,0,0,447700,2414,71594,70,18304624,0,54095,8,51927,0,0,0,0,168,3876,5686267,0,1065183,0,172032,0,0,0,0,16186770,0,0,0,0,131171,2882869,0,0,0
query,690,4096,18340611,89658,8796,982,17711302,17708554,0,0,0,0,455874,1583,72336,80,18340611,0,54095,8,51616,0,0,0,0,174,3870,5674456,0,1079160,0,172032,0,0,0,0,16210156,0,0,0,0,134922,2873180,0,0,0
query,691,4096,18161115,90450,8355,1163,17568133,17565505,0,0,0,0,419316,1703,71785,210,18161115,0,54095,8,51923,0,0,0,0,175,3855,5650167,0,1056388,0,172032,0,0,0,0,16104408,0,0,0,0,130816,2883533,0,0,0
query,692,4096,20788993,90820,8747,1062,20142620,20119936,0,1,0,0,463329,2124,80211,80,20788993,0,54095,8,52020,0,0,0,0,170,3864,5666634,0,1160090,0,172032,0,0,0,0,18413220,0,0,0,0,152383,3117270,0,0,0
query,693,4096,18161666,99216,9387,1132,17549499,17547351,0,0,0,0,429706,1773,70812,141,18161666,0,54095,8,51612,0,0,0,0,174,3854,5652027,0,1053331,0,172032,0,0,0,0,16094694,0,0,0,0,131301,2883351,0,0,0
query,694,4096,18441150,90189,8266,811,17824434,17821886,0,0,0,0,441839,1793,73738,80,18441150,0,54095,8,51662,0,0,0,0,150,3896,5712225,0,1064618,0,172032,0,0,0,0,16325496,0,0,0,0,129466,2878302,0,0,0
query,695,4096,18312970,90530,9077,832,17669994,17656386,0,1,0,0,462086,1733,78307,411,18312970,0,54095,8,51944,0,0,0,0,192,3860,5658123,0,1058733,0,172032,0,0,0,0,16192742,0,0,0,0,132064,2903172,0,0,0
query,696,4096,18370838,107281,9047,992,17750936,17748779,0,0,0,0,424967,2214,75311,90,18370838,0,54095,8,51802,0,0,0,0,183,3841,5632377,0,1049721,0,172032,0,0,0,0,16254628,0,0,0,0,131449,2914334,0,0,0
query,697,4096,19017451,90530,8876,1062,18347976,18345718,0,0,0,0,492213,2034,74610,150,19017451,0,54095,8,51978,0,0,0,0,167,3867,5672704,0,1055929,0,172032,0,0,0,0,16759987,0,0,0,0,130845,2943749,0,0,0
query,698,4096,18172727,89698,8496,1303,17591487,17576036,0,1,0,0,406492,1673,73508,70,18172727,0,54095,8,52197,0,0,0,0,167,3879,5687606,0,1056310,0,172032,0,0,0,0,16126951,0,0,0,0,131282,2883501,0,0,0
query,699,4096,18298303,94467,8887,1202,17650518,17648270,0,0,0,0,467316,2174,73588,151,18298303,0,54095,8,52130,0,0,0,0,186,3838,5628488,0,1052488,0,172032,0,0,0,0,16142267,0,0,0,0,134535,2888875,0,0,0
query,700,4096,18216699,89397,9017,1102,17597679,17595281,0,0,0,0,439004,1953,78387,160,18216699,0,54095,8,52566,0,0,0,0,182,3868,5674437,0,1069626,0,172032,0,0,0,0,16146846,0,0,0,0,130584,2916448,0,0,0
query,701,4096,18381278,84829,8215,1523,17747179,17745022,0,0,0,0,464732,1442,73277,81,18381278,0,54095,8,51773,0,0,0,0,177,3870,5678217,0,1072109,0,172032,0,0,0,0,16255080,0,0,0,0,130964,2914205,0,0,0
query,702,4096,17961942,91722,8406,1092,17371084,17368556,0,0,0,0,416250,1573,71644,171,17961942,0,54095,8,51813,0,0,0,0,185,3842,5637320,0,1048467,0,172032,0,0,0,0,15948679,0,0,0,0,128805,2886114,0,0,0
query,703,4096,18350641,90961,8235,1082,17750756,17748418,0,0,0,0,424456,1763,73308,80,18350641,0,54095,8,51894,0,0,0,0,169,3850,5648977,0,1082816,0,172032,0,0,0,0,16271672,0,0,0,0,129818,2872679,0,0,0
query,704,4096,18078550,90609,8857,1102,17483034,17481157,0,0,0,0,421831,1743,71234,140,18078550,0,54095,8,52630,0,0,0,0,154,3886,5696215,0,1062832,0,172032,0,0,0,0,16076575,0,0,0,0,128282,2873656,0,0,0
query,705,4096,18270100,90951,9057,1262,17636051,17633963,0,0,0,0,427963,1973,102763,80,18270100,0,54095,8,51880,0,0,0,0,174,3870,5676739,0,1064052,0,172032,0,0,0,0,16149778,0,0,0,0,135699,2841159,0,0,0
query,706,4096,18082047,84428,8446,1353,17445894,17443887,0,0,0,0,466915,1743,73117,151,18082047,0,54095,8,52039,0,0,0,0,188,3843,5635878,0,1060213,0,172032,0,0,0,0,15970275,0,0,0,0,128729,2855115,0,0,0
query,707,4096,18190350,90821,8476,1342,17592449,17590301,0,0,0,0,422943,1683,72556,80,18190350,0,54095,8,52116,0,0,0,0,193,3853,5651578,0,1062796,0,172032,0,0,0,0,16125258,0,0,0,0,132778,2858644,0,0,0
query,708,4096,19103753,90550,8616,1042,18375026,18372709,0,0,0,0,546034,1804,80591,90,19103753,0,54095,8,51734,0,0,0,0,171,3865,5669838,0,1070240,0,172032,0,0,0,0,16766141,0,0,0,0,139285,2874702,0,0,0
query,709,4096,18323820,99506,10099,1092,17707806,17705237,0,0,0,0,429947,2103,73207,60,18323820,0,54095,8,51894,0,0,0,0,177,3872,5677435,0,1065008,0,172032,0,0,0,0,16227528,0,0,0,0,133956,2893999,0,0,0
query,710,4096,18356531,89608,8295,892,17698718,17696381,0,0,0,0,480751,2075,76042,150,18356531,0,54095,8,51994,0,0,0,0,182,3851,5649796,0,1056644,0,172032,0,0,0,0,16178692,0,0,0,0,130964,2876398,0,0,0
query,711,4096,18023316,90199,9007,1112,17435584,17420453,0,1,0,0,415900,1273,70051,190,18023316,0,54095,8,51409,0,0,0,0,189,3854,5650795,0,1071187,0,172032,0,0,0,0,15982587,0,0,0,0,129467,2825814,0,0,0
query,712,4096,18512133,91351,8316,1021,17888725,17868503,0,1,0,0,447800,1763,73077,80,18512133,0,54095,8,51520,0,0,0,0,170,3868,5675962,0,1060643,0,172032,0,0,0,0,16342576,0,0,0,0,132137,2850235,0,0,0
query,713,4096,18072810,90039,8236,1182,17470580,17468503,0,0,0,0,431179,1573,69951,70,18072810,0,54095,8,52036,0,0,0,0,206,3828,5614849,0,1059551,0,172032,0,0,0,0,16052182,0,0,0,0,132839,2934576,0,0,0
query,714,4096,19099785,88786,8276,931,18463933,18461746,0,0,0,0,461696,2144,73899,120,19099785,0,54095,8,51487,0,0,0,0,165,3869,5674836,0,1059526,0,172032,0,0,0,0,16846033,0,0,0,0,133688,2906877,0,0,0
query,715,4096,18239432,89417,9108,921,17603229,17600772,0,0,0,0,463539,1804,71253,161,18239432,0,54095,8,51861,0,0,0,0,182,3860,5663677,0,1056904,0,172032,0,0,0,0,16078451,0,0,0,0,129442,2856339,0,0,0
query,716,4096,18443405,90911,8566,1292,17848228,17845671,0,0,0,0,419226,2125,72916,141,18443405,0,54095,8,51837,0,0,0,0,169,3873,5681087,0,1054826,0,172032,0,0,0,0,16320480,0,0,0,0,130605,2888924,0,0,0
query,717,4096,18313651,90509,9238,1102,17681445,17679278,0,0,0,0,455384,2054,73859,60,18313651,0,54095,8,51586,0,0,0,0,169,3878,5687381,0,1071655,0,172032,0,0,0,0,16183214,0,0,0,0,131482,2861644,0,0,0
query,718,4096,18234553,89558,9067,1022,17644586,17642380,0,0,0,0,415279,1503,73468,70,18234553,0,54095,8,51842,0,0,0,0,201,3829,5615933,0,1056661,0,172032,0,0,0,0,16154550,0,0,0,0,132184,2878607,0,0,0
query,719,4096,18899159,90960,9027,731,18208434,18192802,0,1,0,0,512360,1885,75681,81,18899159,0,54095,8,51961,0,0,0,0,161,3877,5686859,0,1061565,0,172032,0,0,0,0,16623208,0,0,0,0,130942,2915462,0,0,0
query,720,4096,18061899,90129,8155,1092,17467895,17465658,0,0,0,0,416080,1453,76884,211,18061899,0,54095,8,52503,0,0,0,0,178,3854,5652886,0,1059275,0,172032,0,0,0,0,16051339,0,0,0,0,131290,2896185,0,0,0
query,721,4096,18250633,86793,8115,932,17631172,17629085,0,0,0,0,447649,1893,73929,150,18250633,0,54095,8,51616,0,0,0,0,176,3857,5658193,0,1061146,0,172032,0,0,0,0,16150657,0,0,0,0,135345,2857765,0,0,0
query,722,4096,18007858,90139,9027,871,17370012,17367674,0,0,0,0,463930,1763,71975,141,18007858,0,54095,8,51863,0,0,0,0,190,3844,5636146,0,1054658,0,172032,0,0,0,0,15940080,0,0,0,0,129779,2871864,0,0,0
query,723,4096,18449786,88776,8195,1002,17847968,17828438,0,1,0,0,428965,1703,72947,230,18449786,0,54095,8,51848,0,0,0,0,152,3888,5702528,0,1060781,0,172032,0,0,0,0,16332106,0,0,0,0,129280,2924876,0,0,0
query,724,4096,17960559,89658,8516,1182,17333754,17331095,0,0,0,0,451076,1653,74460,260,17960559,0,54095,8,51873,0,0,0,0,198,3837,5626385,0,1053000,0,172032,0,0,0,0,15859049,0,0,0,0,129461,2855299,0,0,0
query,725,4096,21342851,93165,10489,1874,20724652,20721996,0,0,0,0,424496,1783,86312,80,21342851,0,54095,8,51952,0,0,0,0,158,3885,5696284,0,1152773,0,172032,0,0,0,0,18937559,0,0,0,0,149164,3208939,0,0,0
query,726,4096,18391988,82194,9328,1102,17733633,17731096,0,0,0,0,486763,2024,76804,140,18391988,0,54095,8,51832,0,0,0,0,180,3856,5652555,0,1067832,0,172032,0,0,0,0,16242971,0,0,0,0,131924,2909686,0,0,0
query,727,4096,18302410,89268,9017,1142,17683309,17680801,0,0,0,0,446577,1623,71224,250,18302410,0,54095,8,52161,0,0,0,0,171,3836,5626349,0,1049341,0,172032,0,0,0,0,16212590,0,0,0,0,139503,2904595,0,0,0
query,728,4096,18465596,89137,8436,1112,17803425,17801187,0,0,0,0,487844,2064,73508,70,18465596,0,54095,8,52018,0,0,0,0,179,3857,5658225,0,1067700,0,172032,0,0,0,0,16285757,0,0,0,0,130954,2886966,0,0,0
query,729,4096,18121541,90219,8877,1072,17526525,17524138,0,0,0,0,421471,1803,71444,130,18121541,0,54095,8,52135,0,0,0,0,195,3836,5625759,0,1050089,0,172032,0,0,0,0,16078230,0,0,0,0,132229,2922022,0,0,0
query,730,4096,19043911,90159,7985,982,18387640,18362520,0,1,0,0,480852,2003,74149,141,19043911,0,54095,8,52524,0,0,0,0,176,3859,5662008,0,1060310,0,172032,0,0,0,0,16799425,0,0,0,0,142510,3021738,0,0,0
query,731,4096,18091024,90359,8687,1522,17488043,17485525,0,0,0,0,430257,1824,70161,171,18091024,0,54095,8,52457,0,0,0,0,170,3882,5694538,0,1079973,0,172032,0,0,0,0,16062515,0,0,0,0,130797,2881526,0,0,0
query,732,4096,18291439,90259,7364,1032,17690623,17688065,0,0,0,0,429696,1272,71123,70,18291439,0,54095,8,51960,0,0,0,0,155,3875,5683382,0,1064225,0,172032,0,0,0,0,16222834,0,0,0,0,134764,2882383,0,0,0
query,733,4096,18134145,89358,8406,1182,17507539,17505172,0,0,0,0,453600,1874,72025,161,18134145,0,54095,8,52218,0,0,0,0,194,3840,5633160,0,1082760,0,172032,0,0,0,0,16045450,0,0,0,0,131564,2851439,0,0,0
query,734,4096,18187625,92553,8496,1483,17583161,17580654,0,0,0,0,426229,1514,74119,70,18187625,0,54095,8,51880,0,0,0,0,201,3831,5618901,0,1045546,0,172032,0,0,0,0,16098903,0,0,0,0,131318,2865339,0,0,0
query,735,4096,18903728,90440,8325,1333,18193546,18191389,0,0,0,0,527620,1813,80571,80,18903728,0,54095,8,51960,0,0,0,0,171,3867,5669736,0,1072678,0,172032,0,0,0,0,16597171,0,0,0,0,134241,2898688,0,0,0
query,736,4096,18627370,84509,9077,1242,18048013,18045515,0,0,0,0,410229,1593,72637,70,18627370,0,54095,8,52121,0,0,0,0,184,3849,5645014,0,1049145,0,172032,0,0,0,0,16541559,0,0,0,0,139852,2900834,0,0,0
query,737,4096,18132181,90390,8926,1213,17506167,17503980,0,0,0,0,448330,1713,75252,190,18132181,0,54095,8,51866,0,0,0,0,192,3844,5635787,0,1057589,0,172032,0,0,0,0,16034351,0,0,0,0,130846,2862591,0,0,0
query,738,4096,18034427,89688,8636,1032,17435344,17432776,0,0,0,0,425438,1703,72526,60,18034427,0,54095,8,52010,0,0,0,0,181,3856,5652017,0,1049942,0,172032,0,0,0,0,15954275,0,0,0,0,129629,2848177,0,0,0
query,739,4096,18344379,90109,8576,1353,17714998,17712591,0,0,0,0,454633,1643,72987,80,18344379,0,54095,8,51572,0,0,0,0,149,3892,5709521,0,1069810,0,172032,0,0,0,0,16240891,0,0,0,0,130543,2876016,0,0,0
query,740,4096,18139485,90781,9046,1093,17530693,17520661,0,1,0,0,434835,1663,70873,501,18139485,0,54095,8,51822,0,0,0,0,189,3852,5646321,0,1051674,0,172032,0,0,0,0,16067501,0,0,0,0,142842,2880486,0,0,0
query,741,4096,18718020,89859,8275,1072,18053644,18051297,0,0,0,0,477045,1953,86111,61,18718020,0,54095,8,51914,0,0,0,0,168,3867,5669847,0,1074904,0,172032,0,0,0,0,16517488,0,0,0,0,132331,2861476,0,0,0
query,742,4096,18222631,98846,9197,1152,17584073,17581706,0,0,0,0,455564,1714,72005,80,18222631,0,54095,8,51898,0,0,0,0,183,3858,5655276,0,1063461,0,172032,0,0,0,0,16104283,0,0,0,0,130895,2871064,0,0,0
query,743,4096,18173689,90520,8445,862,17567933,17565595,0,0,0,0,431339,1563,72816,211,18173689,0,54095,8,51532,0,0,0,0,192,3851,5645664,0,1065760,0,172032,0,0,0,0,16101756,0,0,0,0,130996,2868501,0,0,0
query,744,4096,18061268,88897,8686,942,17441556,17427296,0,1,0,0,447470,1552,71944,221,18061268,0,54095,8,51895,0,0,0,0,182,3860,5661084,0,1053614,0,172032,0,0,0,0,16001552,0,0,0,0,130069,2835420,0,0,0
query,745,4096,18062640,90259,8105,1413,17476511,17474294,0,0,0,0,411081,1633,73488,150,18062640,0,54095,8,51745,0,0,0,0,167,3864,5669613,0,1067429,0,172032,0,0,0,0,16016333,0,0,0,0,129841,2844606,0,0,0
query,746,4096,18085543,90450,9147,1262,17467244,17465107,0,0,0,0,444022,1413,71785,220,18085543,0,54095,8,52260,0,0,0,0,189,3846,5641818,0,1049798,0,172032,0,0,0,0,15993961,0,0,0,0,134849,2868240,0,0,0
query,747,4096,18619855,90390,8205,932,18025631,18022862,0,0,0,0,419707,1703,73217,70,18619855,0,54095,8,51670,0,0,0,0,202,3832,5622464,0,1048668,0,172032,0,0,0,0,16483894,0,0,0,0,139438,2885654,0,0,0
query,748,4096,18395895,90479,9127,1283,17772326,17769798,0,0,0,0,446167,1893,74550,70,18395895,0,54095,8,51833,0,0,0,0,198,3836,5625740,0,1056076,0,172032,0,0,0,0,16241126,0,0,0,0,131313,2849583,0,0,0
query,749,4096,18176574,89678,8617,1162,17561440,17558802,0,0,0,0,436919,1644,76934,180,18176574,0,54095,8,51643,0,0,0,0,179,3859,5658596,0,1053711,0,172032,0,0,0,0,16081551,0,0,0,0,129657,2860827,0,0,0
query,750,4096,18520609,89918,7985,892,17908742,17906565,0,0,0,0,439134,1923,71945,70,18520609,0,54095,8,52027,0,0,0,0,167,3879,5687681,0,1064720,0,172032,0,0,0,0,16421282,0,0,0,0,132426,2871667,0,0,0
query,751,4096,18128784,93826,8546,1102,17501097,17498830,0,0,0,0,451015,1744,71384,70,18128784,0,54095,8,51761,0,0,0,0,170,3863,5661450,0,1051203,0,172032,0,0,0,0,16044529,0,0,0,0,130150,2872659,0,0,0
query,752,4096,19035234,89668,8155,952,18350731,18348042,0,0,0,0,508513,1733,75252,230,19035234,0,54095,8,52201,0,0,0,0,188,3853,5653552,0,1055890,0,172032,0,0,0,0,16765209,0,0,0,0,139458,2914729,0,0,0
query,753,4096,18975593,89648,8536,1283,18243579,18241423,0,0,0,0,550492,1864,80110,81,18975593,0,54095,8,52005,0,0,0,0,204,3830,5617216,0,1070249,0,172032,0,0,0,0,16639399,0,0,0,0,134408,2878442,0,0,0
query,754,4096,18656624,89769,9858,1062,18046229,18043661,0,0,0,0,433723,1684,74229,70,18656624,0,54095,8,51483,0,0,0,0,193,3832,5621759,0,1091955,0,172032,0,0,0,0,16536871,0,0,0,0,137192,2873705,0,0,0
query,755,4096,18426182,90650,9107,1012,17779099,17776851,0,0,0,0,466976,2003,77255,80,18426182,0,54095,8,52095,0,0,0,0,198,3829,5616991,0,1052882,0,172032,0,0,0,0,16249853,0,0,0,0,134962,2895090,0,0,0
query,756,4096,18208204,93576,9077,952,17614821,17612303,0,0,0,0,416431,1833,71454,60,18208204,0,54095,8,52427,0,0,0,0,183,3855,5653743,0,1058367,0,172032,0,0,0,0,16141931,0,0,0,0,129916,2921752,0,0,0
query,757,4096,18153541,90330,8896,1062,17537476,17534226,0,0,0,0,439965,2395,73357,60,18153541,0,54095,8,51710,0,0,0,0,182,3849,5643230,0,1054571,0,172032,0,0,0,0,16045310,0,0,0,0,130737,2846765,0,0,0
query,758,4096,20750801,94457,9127,1173,20123965,20121218,0,0,0,0,443502,1623,76774,180,20750801,0,54095,8,52625,0,0,0,0,195,3837,5629114,0,1119501,0,172032,0,0,0,0,18324190,0,0,0,0,150674,3176713,0,0,0
query,759,4096,18167537,93005,9147,992,17572331,17569993,0,0,0,0,418265,1993,71654,150,18167537,0,54095,8,52114,0,0,0,0,205,3833,5619002,0,1059851,0,172032,0,0,0,0,16114680,0,0,0,0,133193,2888200,0,0,0
query,760,4096,18079752,90509,8356,1232,17445453,17443466,0,0,0,0,458520,1493,74079,110,18079752,0,54095,8,51853,0,0,0,0,176,3861,5658523,0,1062066,0,172032,0,0,0,0,15958148,0,0,0,0,129448,2847411,0,0,0
query,761,4096,18268607,93956,10139,1192,17655638,17653450,0,0,0,0,433993,1533,72086,70,18268607,0,54095,8,51783,0,0,0,0,169,3881,5688636,0,1057407,0,172032,0,0,0,0,16177894,0,0,0,0,131251,2868355,0,0,0
query,762,4096,18127232,90099,9728,992,17504013,17501705,0,0,0,0,448300,1934,72055,111,18127232,0,54095,8,51554,0,0,0,0,167,3852,5651193,0,1063664,0,172032,0,0,0,0,16038730,0,0,0,0,131021,2872338,0,0,0
query,763,4096,18652997,92043,9648,1232,17953726,17951348,0,0,0,0,515788,1713,78757,90,18652997,0,54095,8,51985,0,0,0,0,168,3867,5672389,0,1054541,0,172032,0,0,0,0,16425778,0,0,0,0,131762,2895761,0,0,0
query,764,4096,18464013,90049,9547,1313,17838169,17835852,0,0,0,0,450425,2014,72345,151,18464013,0,54095,8,51850,0,0,0,0,176,3866,5669685,0,1069505,0,172032,0,0,0,0,16352269,0,0,0,0,132225,2904577,0,0,0
query,765,4096,18160394,88657,9658,1432,17571079,17568641,0,0,0,0,409889,1703,77846,130,18160394,0,54095,8,51949,0,0,0,0,159,3878,5687769,0,1061886,0,172032,0,0,0,0,16071826,0,0,0,0,129445,2867414,0,0,0
query,766,4096,18220737,85340,7605,1112,17601766,17599138,0,0,0,0,441428,1763,81643,80,18220737,0,54095,8,51660,0,0,0,0,171,3861,5660188,0,1053548,0,172032,0,0,0,0,16119070,0,0,0,0,129384,2860999,0,0,0
query,767,4096,18032474,83616,8707,1372,17449892,17447544,0,0,0,0,415789,1573,71264,261,18032474,0,54095,8,51799,0,0,0,0,161,3868,5673668,0,1075463,0,172032,0,0,0,0,16006881,0,0,0,0,129705,2855192,0,0,0
query,768,4096,18358034,89447,7334,1232,17749864,17747286,0,0,0,0,437471,1863,70753,70,18358034,0,54095,8,51838,0,0,0,0,146,3905,5725532,0,1067271,0,172032,0,0,0,0,16262851,0,0,0,0,129644,2847535,0,0,0
query,769,4096,18782020,89999,7975,1182,18158931,18156664,0,0,0,0,449874,1763,72135,161,18782020,0,54095,8,52037,0,0,0,0,201,3839,5628902,0,1049133,0,172032,0,0,0,0,16588082,0,0,0,0,135260,2926797,0,0,0
query,770,4096,18253178,106379,10159,1493,17631192,17628563,0,0,0,0,427983,2253,73638,81,18253178,0,54095,8,51697,0,0,0,0,205,3834,5625382,0,1063720,0,172032,0,0,0,0,16164897,0,0,0,0,132120,2888674,0,0,0
query,771,4096,18286189,89508,9006,982,17534891,17532693,0,0,0,0,576751,1814,73127,110,18286189,0,54095,8,51942,0,0,0,0,174,3866,5667983,0,1053477,0,172032,0,0,0,0,16056169,0,0,0,0,130352,2880721,0,0,0
query,772,4096,18167507,91031,7985,921,17567001,17564112,0,0,0,0,424265,1944,74260,100,18167507,0,54095,8,51458,0,0,0,0,193,3829,5615390,0,1058892,0,172032,0,0,0,0,16118442,0,0,0,0,132646,2852889,0,0,0
query,773,4096,18167497,59352,9998,962,17569526,17566907,0,0,0,0,450234,1813,75432,180,18167497,0,54095,8,51887,0,0,0,0,178,3851,5646761,0,1056372,0,172032,0,0,0,0,16078144,0,0,0,0,131779,2869513,0,0,0
query,774,4096,18752555,58690,9438,1393,18076927,18067998,0,1,0,0,526237,1813,77996,61,18752555,0,54095,8,51508,0,0,0,0,179,3866,5669080,0,1062752,0,172032,0,0,0,0,16506270,0,0,0,0,138573,2915575,0,0,0
query,775,4096,18421964,58961,10469,1132,17831828,17816206,0,1,0,0,436188,1793,81493,100,18421964,0,54095,8,52309,0,0,0,0,169,3873,5681418,0,1066159,0,172032,0,0,0,0,16339705,0,0,0,0,132394,2874402,0,0,0
query,776,4096,18246335,58680,10039,1252,17669323,17666745,0,0,0,0,426660,1954,78367,60,18246335,0,54095,8,51209,0,0,0,0,162,3883,5694288,0,1071120,0,172032,0,0,0,0,16214912,0,0,0,0,132317,2878531,0,0,0
query,777,4096,18333198,59011,10089,1272,17750635,17748048,0,0,0,0,435947,2105,73988,151,18333198,0,54095,8,51847,0,0,0,0,165,3871,5675127,0,1065105,0,172032,0,0,0,0,16230838,0,0,0,0,132073,2858985,0,0,0
query,778,4096,18077629,59191,10310,1462,17496850,17494301,0,0,0,0,434314,2184,73258,60,18077629,0,54095,8,51858,0,0,0,0,197,3849,5644438,0,1055872,0,172032,0,0,0,0,16037692,0,0,0,0,132722,2882723,0,0,0
query,779,4096,18229874,59021,10189,1162,17660056,17657608,0,0,0,0,423705,1803,73878,60,18229874,0,54095,8,51703,0,0,0,0,174,3853,5652143,0,1051897,0,172032,0,0,0,0,16134733,0,0,0,0,134055,2874151,0,0,0
query,780,4096,18793531,79149,9447,1123,18159682,18157085,0,0,0,0,466514,1984,75232,400,18793531,0,54095,8,52063,0,0,0,0,185,3863,5665431,0,1056218,0,172032,0,0,0,0,16602630,0,0,0,0,138497,2931033,0,0,0
query,781,4096,18204887,58900,10079,1523,17637193,17634675,0,0,0,0,421210,2324,73608,50,18204887,0,54095,8,52353,0,0,0,0,195,3842,5634969,0,1071406,0,172032,0,0,0,0,16156738,0,0,0,0,134863,2899935,0,0,0
query,782,4096,18474352,68058,10319,1283,17813853,17797830,0,1,0,0,500749,2034,78006,50,18474352,0,54095,8,51588,0,0,0,0,180,3861,5664621,0,1076826,0,172032,0,0,0,0,16304997,0,0,0,0,134478,2874033,0,0,0
query,783,4096,18341544,61556,10018,1233,17755635,17752957,0,0,0,0,435837,1412,75722,131,18341544,0,54095,8,51609,0,0,0,0,179,3862,5663091,0,1063624,0,172032,0,0,0,0,16291074,0,0,0,0,133449,2892450,0,0,0
query,784,4096,18305696,59181,10540,932,17709007,17706329,0,0,0,0,444203,2024,79649,160,18305696,0,54095,8,51816,0,0,0,0,169,3865,5672296,0,1068052,0,172032,0,0,0,0,16211600,0,0,0,0,131390,2889484,0,0,0
query,785,4096,20314663,58550,11101,1452,18931039,18894337,0,1,0,0,1224406,3196,84849,70,20314663,0,54095,8,51633,0,0,0,0,167,3873,5680029,0,1076413,0,172032,0,0,0,0,16924819,0,0,0,0,141670,2955098,0,0,0
query,786,4096,18702801,59612,11201,1753,18102275,18099857,0,0,0,0,450464,1644,75651,201,18702801,0,54095,8,52064,0,0,0,0,166,3873,5681853,0,1068342,0,172032,0,0,0,0,16579280,0,0,0,0,133383,2886415,0,0,0
query,787,4096,18120538,58870,10099,1222,17484667,17481588,0,0,0,0,488346,2444,74840,50,18120538,0,54095,8,51823,0,0,0,0,189,3859,5659902,0,1055178,0,172032,0,0,0,0,16023453,0,0,0,0,132340,2844689,0,0,0
query,788,4096,18193155,58680,9929,891,17621714,17619095,0,0,0,0,428564,1633,71684,60,18193155,0,54095,8,51762,0,0,0,0,190,3835,5625525,0,1049700,0,172032,0,0,0,0,16113944,0,0,0,0,131096,2891230,0,0,0
query,789,4096,18462740,59161,9708,1272,17778017,17775109,0,0,0,0,536636,1774,76112,60,18462740,0,54095,8,51917,0,0,0,0,181,3863,5666428,0,1073375,0,172032,0,0,0,0,16226415,0,0,0,0,134169,2892555,0,0,0
query,790,4096,18547600,58700,10139,1322,17986598,17983939,0,0,0,0,416291,1653,72836,61,18547600,0,54095,8,51789,0,0,0,0,184,3852,5651354,0,1054599,0,172032,0,0,0,0,16473964,0,0,0,0,132659,2846290,0,0,0
query,791,4096,19028271,58780,10279,1804,18418187,18415249,0,0,0,0,463429,1663,74009,120,19028271,0,54095,8,51974,0,0,0,0,175,3857,5654266,0,1057432,0,172032,0,0,0,0,16808457,0,0,0,0,133531,2900818,0,0,0
query,792,4096,18128193,58780,9598,1192,17564556,17553542,0,1,0,0,418856,1513,73568,130,18128193,0,54095,8,52010,0,0,0,0,185,3849,5641874,0,1049113,0,172032,0,0,0,0,16098288,0,0,0,0,132432,2866201,0,0,0
query,793,4096,18429248,58991,9558,1142,17833691,17831484,0,0,0,0,450064,1713,74029,60,18429248,0,54095,8,52311,0,0,0,0,172,3858,5659768,0,1053724,0,172032,0,0,0,0,16262561,0,0,0,0,132393,2913571,0,0,0
query,794,4096,18161616,62978,9808,1022,17568033,17565596,0,0,0,0,445445,1633,72647,50,18161616,0,54095,8,51726,0,0,0,0,188,3842,5634798,0,1057989,0,172032,0,0,0,0,16092642,0,0,0,0,132932,2905028,0,0,0
query,795,4096,18309734,58881,9327,892,17730808,17728381,0,0,0,0,434525,1743,73428,130,18309734,0,54095,8,52061,0,0,0,0,174,3879,5689426,0,1064435,0,172032,0,0,0,0,16258375,0,0,0,0,131642,2883084,0,0,0
query,796,4096,18729771,59281,9979,1152,18035850,18022121,0,1,0,0,545252,2045,76142,70,18729771,0,54095,8,52071,0,0,0,0,175,3861,5661737,0,1060084,0,172032,0,0,0,0,16504150,0,0,0,0,133110,2963852,0,0,0
query,797,4096,18214385,59362,10860,1623,17646360,17643692,0,0,0,0,422052,1693,72285,150,18214385,0,54095,8,51853,0,0,0,0,177,3864,5666277,0,1057304,0,172032,0,0,0,0,16194575,0,0,0,0,133342,2875020,0,0,0
query,798,4096,18195299,58820,9628,1042,17593701,17591073,0,0,0,0,454533,1683,75842,50,18195299,0,54095,8,51834,0,0,0,0,166,3884,5697270,0,1060651,0,172032,0,0,0,0,16117835,0,0,0,0,129807,2846874,0,0,0
query,799,4096,18137171,59151,10239,1263,17575437,17572658,0,0,0,0,413525,1693,75812,51,18137171,0,54095,8,51472,0,0,0,0,178,3855,5652132,0,1055290,0,172032,0,0,0,0,16125728,0,0,0,0,139283,2881157,0,0,0
query,800,4096,18158009,58930,10009,1813,17564517,17561677,0,0,0,0,444624,1392,76664,60,18158009,0,54095,8,52197,0,0,0,0,163,3883,5696443,0,1062148,0,172032,0,0,0,0,16121926,0,0,0,0,129216,2850653,0,0,0
query,801,4096,18076366,59070,10490,1483,17512008,17509230,0,0,0,0,415569,1623,76073,50,18076366,0,54095,8,51627,0,0,0,0,209,3834,5623841,0,1052035,0,172032,0,0,0,0,16029862,0,0,0,0,132538,2846055,0,0,0
query,802,4096,18880394,66655,9628,1573,18262485,18260148,0,0,0,0,464090,1693,74099,171,18880394,0,54095,8,52012,0,0,0,0,168,3870,5672544,0,1066050,0,172032,0,0,0,0,16704356,0,0,0,0,133474,2928275,0,0,0
query,803,4096,18116401,58830,10550,1422,17535572,17520831,0,1,0,0,434345,1573,74059,50,18116401,0,54095,8,52158,0,0,0,0,187,3860,5662387,0,1056295,0,172032,0,0,0,0,16045106,0,0,0,0,130060,2850517,0,0,0
query,804,4096,18639112,66746,9638,1242,18017646,18015058,0,0,0,0,465162,2254,76344,80,18639112,0,54095,8,51792,0,0,0,0,151,3888,5700271,0,1076319,0,172032,0,0,0,0,16478360,0,0,0,0,133446,2884360,0,0,0
query,805,4096,18313330,58870,9848,1113,17742500,17740203,0,0,0,0,424676,1864,74409,50,18313330,0,54095,8,52216,0,0,0,0,161,3877,5687373,0,1086332,0,172032,0,0,0,0,16265061,0,0,0,0,137753,2885167,0,0,0
query,806,4096,18296950,68359,9357,1182,17712544,17691802,0,1,0,0,429084,1945,74429,50,18296950,0,54095,8,51791,0,0,0,0,187,3850,5644421,0,1051564,0,172032,0,0,0,0,16214240,0,0,0,0,133326,2918660,0,0,0
query,807,4096,18659930,59712,9638,1603,17985946,17983489,0,0,0,0,518653,1974,82344,60,18659930,0,54095,8,51506,0,0,0,0,164,3872,5684325,0,1063805,0,172032,0,0,0,0,16447212,0,0,0,0,131342,2881409,0,0,0
query,808,4096,18125769,59061,11652,1513,17557092,17554604,0,0,0,0,414988,1383,79870,210,18125769,0,54095,8,52041,0,0,0,0,213,3817,5598780,0,1052079,0,172032,0,0,0,0,16060689,0,0,0,0,133297,2902517,0,0,0
query,809,4096,18134295,58590,11021,1272,17541614,17539136,0,0,0,0,444323,1803,75532,140,18134295,0,54095,8,51440,0,0,0,0,172,3873,5674699,0,1065808,0,172032,0,0,0,0,16065904,0,0,0,0,131025,2860455,0,0,0
query,810,4096,18227950,59742,10490,1011,17660126,17657428,0,0,0,0,420970,1683,73868,60,18227950,0,54095,8,51936,0,0,0,0,163,3881,5689622,0,1061416,0,172032,0,0,0,0,16170174,0,0,0,0,131805,2854868,0,0,0
query,811,4096,18103366,58860,11071,1052,17506467,17503629,0,0,0,0,447539,1563,76734,80,18103366,0,54095,8,52175,0,0,0,0,177,3845,5638285,0,1052177,0,172032,0,0,0,0,16011387,0,0,0,0,129914,2882748,0,0,0
query,812,4096,18047762,59982,9769,1322,17479988,17477369,0,0,0,0,417162,1643,77766,130,18047762,0,54095,8,51795,0,0,0,0,180,3854,5650907,0,1053669,0,172032,0,0,0,0,16022659,0,0,0,0,128881,2868589,0,0,0
query,813,4096,18777401,58489,9859,1202,18188066,18185628,0,0,0,0,444393,2184,73147,61,18777401,0,54095,8,52004,0,0,0,0,177,3859,5661395,0,1070726,0,172032,0,0,0,0,16640365,0,0,0,0,132854,2944375,0,0,0
query,814,4096,18078911,58500,10470,1472,17513521,17511203,0,0,0,0,419507,1843,73538,60,18078911,0,54095,8,52129,0,0,0,0,177,3853,5647792,0,1055111,0,172032,0,0,0,0,16055014,0,0,0,0,131947,2867178,0,0,0
query,815,4096,18242818,58730,10419,1082,17657371,17654582,0,0,0,0,441378,1673,72025,140,18242818,0,54095,8,51679,0,0,0,0,170,3848,5644135,0,1050042,0,172032,0,0,0,0,16111240,0,0,0,0,130087,2846683,0,0,0
query,816,4096,18142881,58860,9338,1022,17565438,17563000,0,0,0,0,432541,1543,73979,160,18142881,0,54095,8,52279,0,0,0,0,156,3868,5670316,0,1064351,0,172032,0,0,0,0,16078415,0,0,0,0,129270,2846796,0,0,0
query,817,4096,18261143,58370,9658,1172,17689311,17669631,0,1,0,0,421481,2093,78998,60,18261143,0,54095,8,51515,0,0,0,0,156,3885,5698471,0,1060831,0,172032,0,0,0,0,16159136,0,0,0,0,129412,2831463,0,0,0
query,818,4096,20143643,59221,9889,1422,19245539,19242761,0,0,0,0,734718,2494,90179,181,20143643,0,54095,8,52216,0,0,0,0,176,3867,5668106,0,1079743,0,172032,0,0,0,0,17509171,0,0,0,0,138458,3089972,0,0,0
query,819,4096,18440719,64901,10259,2695,17863548,17860969,0,0,0,0,423905,1673,73678,60,18440719,0,54095,8,51932,0,0,0,0,188,3852,5649837,0,1073676,0,172032,0,0,0,0,16341705,0,0,0,0,135172,2872800,0,0,0
query,820,4096,18379325,58951,10620,891,17767507,17754990,0,1,0,0,458930,1875,80490,61,18379325,0,54095,8,52678,0,0,0,0,193,3850,5647553,0,1077337,0,172032,0,0,0,0,16265779,0,0,0,0,132451,2928329,0,0,0
query,821,4096,18221658,58690,9828,992,17650057,17640706,0,1,0,0,426379,1583,74079,50,18221658,0,54095,8,52483,0,0,0,0,165,3873,5682733,0,1058264,0,172032,0,0,0,0,16173618,0,0,0,0,135913,2899817,0,0,0
query,822,4096,18272735,58520,10059,1242,17697065,17694076,0,0,0,0,431069,1733,72866,181,18272735,0,54095,8,51928,0,0,0,0,160,3872,5677807,0,1061019,0,172032,0,0,0,0,16211680,0,0,0,0,131021,2906695,0,0,0
query,823,4096,18134535,58289,9849,1042,17547023,17544135,0,0,0,0,442550,1523,74089,170,18134535,0,54095,8,51990,0,0,0,0,202,3833,5619853,0,1048369,0,172032,0,0,0,0,16056117,0,0,0,0,132572,2881434,0,0,0
query,824,4096,18876526,59010,10019,1032,18303202,18300834,0,0,0,0,426240,2033,74930,60,18876526,0,54095,8,51468,0,0,0,0,179,3865,5666520,0,1065982,0,172032,0,0,0,0,16745125,0,0,0,0,135208,2913406,0,0,0
query,825,4096,18317338,59381,10340,1342,17703507,17700639,0,0,0,0,465163,1753,75792,60,18317338,0,54095,8,52176,0,0,0,0,163,3868,5672527,0,1070821,0,172032,0,0,0,0,16201743,0,0,0,0,131447,2878436,0,0,0
query,826,4096,18291069,58630,10770,1173,17702094,17700037,0,0,0,0,440345,1493,76514,50,18291069,0,54095,8,52083,0,0,0,0,155,3882,5693591,0,1070889,0,172032,0,0,0,0,16206167,0,0,0,0,130755,2849725,0,0,0
query,827,4096,18310916,58600,10059,941,17720189,17717570,0,0,0,0,445635,2194,72987,311,18310916,0,54095,8,51881,0,0,0,0,169,3868,5673368,0,1055238,0,172032,0,0,0,0,16249415,0,0,0,0,131039,2878187,0,0,0
query,828,4096,18227289,58660,9828,912,17662019,17659482,0,0,0,0,419988,2484,73097,301,18227289,0,54095,8,51997,0,0,0,0,170,3865,5668012,0,1062136,0,172032,0,0,0,0,16171757,0,0,0,0,131312,2880640,0,0,0
query,829,4096,18779665,58801,9628,1062,18104849,18102331,0,0,0,0,524744,2274,78247,60,18779665,0,54095,8,52334,0,0,0,0,177,3864,5666835,0,1058145,0,172032,0,0,0,0,16522876,0,0,0,0,132294,2896584,0,0,0
query,830,4096,18319482,59031,10389,1683,17735297,17732468,0,0,0,0,437771,2064,73107,140,18319482,0,54095,8,52382,0,0,0,0,142,3896,5714669,0,1063135,0,172032,0,0,0,0,16264371,0,0,0,0,134674,2894799,0,0,0
query,831,4096,18260993,58450,10430,1092,17676756,17660975,0,1,0,0,432331,2014,79860,60,18260993,0,54095,8,51928,0,0,0,0,168,3859,5660091,0,1063007,0,172032,0,0,0,0,16170406,0,0,0,0,131247,2838813,0,0,0
query,832,4096,18092467,58710,9899,1673,17512589,17510061,0,0,0,0,434094,1863,73458,181,18092467,0,54095,8,51916,0,0,0,0,159,3875,5682220,0,1068237,0,172032,0,0,0,0,16064559,0,0,0,0,128796,2845254,0,0,0
query,833,4096,18204156,58640,9788,1303,17624769,17622231,0,0,0,0,434525,2004,73057,70,18204156,0,54095,8,51692,0,0,0,0,169,3875,5683101,0,1065242,0,172032,0,0,0,0,16154986,0,0,0,0,130889,2853059,0,0,0
query,834,4096,18127322,58730,10039,1343,17519973,17504941,0,1,0,0,459992,1593,75592,60,18127322,0,54095,8,51603,0,0,0,0,171,3872,5678527,0,1056304,0,172032,0,0,0,0,16069040,0,0,0,0,130133,2843054,0,0,0
query,835,4096,18770308,58781,9818,1323,18195299,18192772,0,0,0,0,430758,2023,72226,80,18770308,0,54095,8,51069,0,0,0,0,168,3859,5659593,0,1059205,0,172032,0,0,0,0,16627465,0,0,0,0,139198,2893056,0,0,0
query,836,4096,18146628,89668,9167,1052,17519993,17517785,0,0,0,0,450985,1895,73738,130,18146628,0,54095,8,51746,0,0,0,0,200,3847,5643537,0,1058152,0,172032,0,0,0,0,16063332,0,0,0,0,130438,2891260,0,0,0
query,837,4096,18172887,90279,9157,802,17566580,17564684,0,0,0,0,427852,1954,76063,200,18172887,0,54095,8,51820,0,0,0,0,180,3860,5662578,0,1060165,0,172032,0,0,0,0,16091651,0,0,0,0,129696,2857082,0,0,0
query,838,4096,18204286,90330,8816,882,17572371,17570164,0,0,0,0,453891,1763,76163,70,18204286,0,54095,8,52143,0,0,0,0,174,3851,5644788,0,1059900,0,172032,0,0,0,0,16078163,0,0,0,0,130254,2893067,0,0,0
query,839,4096,18204536,89858,8957,1293,17619759,17617363,0,0,0,0,410159,1674,72766,70,18204536,0,54095,8,51810,0,0,0,0,173,3850,5645617,0,1052719,0,172032,0,0,0,0,16156807,0,0,0,0,131287,2880425,0,0,0
query,840,4096,18821934,102462,10219,1483,18108586,18105919,0,0,0,0,518352,1774,79008,50,18821934,0,54095,8,51843,0,0,0,0,191,3837,5625921,0,1050404,0,172032,0,0,0,0,16546575,0,0,0,0,134785,2911891,0,0,0
query,841,4096,18312769,59381,10139,1202,17734345,17719815,0,1,0,0,432721,2064,72436,481,18312769,0,54095,8,51595,0,0,0,0,183,3871,5673466,0,1055743,0,172032,0,0,0,0,16259052,0,0,0,0,134621,2861602,0,0,0
query,842,4096,18523795,59241,9337,1513,17927807,17925320,0,0,0,0,446988,1744,77115,50,18523795,0,54095,8,52011,0,0,0,0,154,3889,5702740,0,1065166,0,172032,0,0,0,0,16422263,0,0,0,0,130180,2876309,0,0,0
query,843,4096,18307309,59051,10279,1243,17717423,17714945,0,0,0,0,443932,1873,73448,60,18307309,0,54095,8,51852,0,0,0,0,157,3887,5698840,0,1070887,0,172032,0,0,0,0,16228606,0,0,0,0,130500,2884517,0,0,0
query,844,4096,21211064,67206,9818,15008,20595290,20574428,0,2,0,0,450044,1563,72055,80,21211064,0,54095,1,52229,0,0,0,0,190,3851,5647665,0,1217804,0,172032,0,0,0,0,18743318,0,0,0,0,156405,3265388,0,0,0
query,845,4096,18736334,91081,8887,1012,18009992,18007664,0,0,0,0,545112,1773,78397,80,18736334,0,54095,0,51537,0,0,0,0,189,3849,5643821,0,1064631,0,172032,0,0,0,0,16427938,0,0,0,0,134409,2899402,0,0,0
query,846,4096,19209501,88376,10409,1152,18545567,18543128,0,0,0,0,486542,1783,75592,80,19209501,0,54095,0,52104,0,0,0,0,178,3855,5652104,0,1056233,0,172032,0,0,0,0,16914511,0,0,0,0,136831,2887682,0,0,0
query,847,4096,18434007,88687,10008,1523,17772436,17765881,0,1,0,0,485120,1914,74239,80,18434007,0,54095,0,51841,0,0,0,0,189,3847,5639014,0,1046152,0,172032,0,0,0,0,16247075,0,0,0,0,132740,2891818,0,0,0
query,848,4096,18044407,89759,9748,902,17448479,17431324,0,1,0,0,421841,2063,71485,130,18044407,0,54095,0,52174,0,0,0,0,185,3853,5649938,0,1051817,0,172032,0,0,0,0,16012432,0,0,0,0,129433,2882282,0,0,0
query,849,4096,18288504,90009,8436,1352,17674824,17672516,0,0,0,0,439545,1622,72546,170,18288504,0,54095,0,51985,0,0,0,0,186,3854,5652737,0,1051852,0,172032,0,0,0,0,16182669,0,0,0,0,136061,2885403,0,0,0
query,850,4096,17998080,90520,9428,1032,17402422,17399924,0,0,0,0,423294,1312,69901,171,17998080,0,54095,0,52130,0,0,0,0,169,3870,5676547,0,1053439,0,172032,0,0,0,0,15952115,0,0,0,0,128874,2857616,0,0,0
query,851,4096,19657190,90900,8225,1133,18962748,18960241,0,0,0,0,515687,1533,76884,80,19657190,0,54095,0,51921,0,0,0,0,195,3836,5627897,0,1059117,0,172032,0,0,0,0,17300330,0,0,0,0,133829,2979632,0,0,0
query,852,4096,18034838,88977,8676,1182,17418773,17416286,0,0,0,0,439764,1233,76153,80,18034838,0,54095,0,52151,0,0,0,0,192,3842,5632021,0,1044585,0,172032,0,0,0,0,15984217,0,0,0,0,130333,2892784,0,0,0
query,853,4096,18199397,91492,7384,1462,17606245,17603777,0,0,0,0,418024,2084,72516,190,18199397,0,54095,0,51818,0,0,0,0,186,3847,5644891,0,1050979,0,172032,0,0,0,0,16127991,0,0,0,0,131367,2870423,0,0,0
query,854,4096,18020601,88846,9288,1011,17387765,17385397,0,0,0,0,459181,1663,72707,140,18020601,0,54095,0,51459,0,0,0,0,161,3865,5669062,0,1060858,0,172032,0,0,0,0,15957829,0,0,0,0,127810,2856596,0,0,0
query,855,4096,18272514,89729,8926,1413,17627515,17625207,0,0,0,0,463419,1753,79689,70,18272514,0,54095,0,52387,0,0,0,0,167,3866,5671141,0,1054963,0,172032,0,0,0,0,16136035,0,0,0,0,131151,2862765,0,0,0
query,856,4096,18380046,88967,8777,1172,17733894,17731256,0,0,0,0,470672,2265,74129,170,18380046,0,54095,0,51987,0,0,0,0,173,3866,5669933,0,1058223,0,172032,0,0,0,0,16238443,0,0,0,0,129960,2868501,0,0,0
query,857,4096,18238741,89137,9057,1383,17641501,17639153,0,0,0,0,423584,1843,72166,70,18238741,0,54095,0,51951,0,0,0,0,159,3884,5694694,0,1053025,0,172032,0,0,0,0,16160232,0,0,0,0,129029,2863080,0,0,0
query,858,4096,18294385,90279,8216,1543,17659013,17656616,0,0,0,0,450334,1784,83066,150,18294385,0,54095,0,51978,0,0,0,0,186,3852,5651922,0,1050929,0,172032,0,0,0,0,16137252,0,0,0,0,132183,2835975,0,0,0
query,859,4096,18191422,94767,14728,1623,17565959,17555947,0,1,0,0,438843,1884,73538,80,18191422,0,54095,8,51757,0,0,0,0,192,3861,5661634,0,1065639,0,172032,0,0,0,0,16064332,0,0,0,0,130787,2847195,0,0,0
query,860,4096,18356972,88697,9577,1163,17760233,17757785,0,0,0,0,423814,1574,71844,70,18356972,0,54095,8,51780,0,0,0,0,187,3853,5648367,0,1055302,0,172032,0,0,0,0,16258873,0,0,0,0,132398,2888162,0,0,0
query,861,4096,18221178,90470,9958,1263,17578653,17576526,0,0,0,0,462828,1793,75892,321,18221178,0,54095,8,52001,0,0,0,0,130,3911,5739518,0,1065946,0,172032,0,0,0,0,16084238,0,0,0,0,128372,2843820,0,0,0
query,862,4096,18774275,89779,9257,1022,18117083,18081693,0,1,0,0,480371,1753,74940,70,18774275,0,54095,8,51562,0,0,0,0,198,3838,5628832,0,1046890,0,172032,0,0,0,0,16555951,0,0,0,0,133611,2926285,0,0,0
query,863,4096,18380586,89978,9328,1152,17752408,17750161,0,0,0,0,452919,1894,72817,90,18380586,0,54095,8,51900,0,0,0,0,175,3869,5674420,0,1053030,0,172032,0,0,0,0,16242681,0,0,0,0,130761,2887447,0,0,0
query,864,4096,18874243,106750,8977,1513,18107645,18105308,0,0,0,0,565751,2274,81052,281,18874243,0,54095,8,51946,0,0,0,0,180,3858,5661148,0,1060811,0,172032,0,0,0,0,16515369,0,0,0,0,133494,2901499,0,0,0
query,865,4096,18925739,113172,10811,931,18252807,18250069,0,0,0,0,472897,1914,73127,80,18925739,0,54095,8,51583,0,0,0,0,179,3855,5655409,0,1053978,0,172032,0,0,0,0,16689701,0,0,0,0,133957,2878843,0,0,0
query,866,4096,18510850,89798,9007,1052,17768108,17765830,0,0,0,0,565240,1723,75742,180,18510850,0,54095,8,51585,0,0,0,0,205,3840,5632882,0,1053435,0,172032,0,0,0,0,16224544,0,0,0,0,134312,2885126,0,0,0
query,867,4096,19081732,88967,8917,1252,18385226,18382677,0,0,0,0,514535,1763,80821,251,19081732,0,54095,8,51441,0,0,0,0,170,3872,5675176,0,1063148,0,172032,0,0,0,0,16774110,0,0,0,0,136781,2896194,0,0,0
query,868,4096,18970644,134883,10360,761,18233010,18230232,0,0,0,0,514736,1723,74800,371,18970644,0,54095,8,51946,0,0,0,0,181,3872,5677451,0,1064972,0,172032,0,0,0,0,16615156,0,0,0,0,141988,2894923,0,0,0
query,869,4096,19271307,90620,9558,811,18610468,18608131,0,0,0,0,483336,1784,74579,151,19271307,0,54095,8,51824,0,0,0,0,204,3826,5610210,0,1078748,0,172032,0,0,0,0,16977452,0,0,0,0,138013,2941824,0,0,0
query,870,4096,19055432,88115,9027,881,18343397,18341140,0,0,0,0,535764,1955,76062,231,19055432,0,54095,8,51550,0,0,0,0,166,3864,5664671,0,1061786,0,172032,0,0,0,0,16737788,0,0,0,0,133062,2889164,0,0,0
query,871,4096,18765919,88746,9518,972,18133613,18131366,0,0,0,0,456977,1804,74089,200,18765919,0,54095,8,51751,0,0,0,0,169,3858,5658418,0,1062270,0,172032,0,0,0,0,16561733,0,0,0,0,134789,2913881,0,0,0
query,872,4096,19059740,88887,8526,1012,18379163,18376646,0,0,0,0,504376,2305,75321,150,19059740,0,54095,8,51537,0,0,0,0,172,3864,5665803,0,1087880,0,172032,0,0,0,0,16789292,0,0,0,0,143190,2915091,0,0,0
query,873,4096,19148616,88315,9138,991,18493539,18491121,0,0,0,0,480320,1714,74519,80,19148616,0,54095,8,52013,0,0,0,0,176,3857,5656160,0,1059497,0,172032,0,0,0,0,16880962,0,0,0,0,141901,2944808,0,0,0
query,874,4096,18721766,92393,8907,891,18061479,18058960,0,0,0,0,481353,2073,74600,70,18721766,0,54095,8,52138,0,0,0,0,202,3831,5619841,0,1059550,0,172032,0,0,0,0,16507615,0,0,0,0,135884,2944195,0,0,0
query,875,4096,18280429,88085,9318,1092,17683830,17681292,0,0,0,0,425047,1944,70652,461,18280429,0,54095,8,52040,0,0,0,0,190,3848,5642391,0,1066032,0,172032,0,0,0,0,16192929,0,0,0,0,137784,2889814,0,0,0
query,876,4096,18514989,89939,8616,1152,17915194,17912676,0,0,0,0,425547,1434,73036,71,18514989,0,54095,8,52416,0,0,0,0,197,3847,5641624,0,1058133,0,172032,0,0,0,0,16406642,0,0,0,0,145071,2934356,0,0,0
query,877,4096,18344208,90439,9237,1103,17714587,17712541,0,0,0,0,455084,2114,71504,140,18344208,0,54095,8,51997,0,0,0,0,165,3867,5670377,0,1062133,0,172032,0,0,0,0,16188168,0,0,0,0,129123,2874868,0,0,0
query,878,4096,20417536,91622,7774,1543,19578112,19573771,0,0,0,0,650370,2665,85370,80,20417536,0,54095,8,51886,0,0,0,0,166,3873,5676817,0,1101152,0,172032,0,0,0,0,17726246,0,0,0,0,139311,3068635,0,0,0
query,879,4096,18740933,89378,9979,1332,18078430,18048921,0,1,0,0,485019,1934,74760,101,18740933,0,54095,8,51933,0,0,0,0,166,3862,5664195,0,1060106,0,172032,0,0,0,0,16511549,0,0,0,0,133247,2876047,0,0,0
query,880,4096,18322528,87825,9648,1042,17709919,17683144,0,1,0,0,432942,1863,79169,120,18322528,0,54095,0,51792,0,0,0,0,166,3876,5682553,0,1059824,0,172032,0,0,0,0,16249757,0,0,0,0,131209,2913518,0,0,0
query,881,4096,18471908,98515,8556,892,17822230,17803381,0,1,0,0,466715,1442,73478,80,18471908,0,54095,0,51472,0,0,0,0,204,3840,5634468,0,1047618,0,172032,0,0,0,0,16264183,0,0,0,0,135121,2884583,0,0,0
query,882,4096,18199427,89898,8767,1142,17592919,17583819,0,1,0,0,430678,1663,74149,211,18199427,0,54095,0,52492,0,0,0,0,164,3872,5682618,0,1051624,0,172032,0,0,0,0,16117599,0,0,0,0,129274,2865015,0,0,0
query,883,4096,18335092,89668,9037,1132,17712835,17710377,0,0,0,0,446096,1694,74549,81,18335092,0,54095,0,51857,0,0,0,0,194,3856,5652655,0,1049054,0,172032,0,0,0,0,16199505,0,0,0,0,139901,2887405,0,0,0
query,884,4096,18169451,97002,8536,841,17559117,17556729,0,0,0,0,430297,1863,71725,70,18169451,0,54095,0,51861,0,0,0,0,175,3859,5657022,0,1050165,0,172032,0,0,0,0,16125674,0,0,0,0,127738,2898902,0,0,0
query,885,4096,18294364,93695,9017,1293,17673140,17670753,0,0,0,0,443111,1152,72876,80,18294364,0,54095,0,52325,0,0,0,0,169,3871,5677730,0,1060940,0,172032,0,0,0,0,16191093,0,0,0,0,131299,2870054,0,0,0
query,886,4096,18162468,89478,8226,1552,17535032,17519278,0,1,0,0,454191,1132,72787,70,18162468,0,54095,0,51944,0,0,0,0,190,3844,5642486,0,1047005,0,172032,0,0,0,0,16061212,0,0,0,0,129325,2855938,0,0,0
query,887,4096,18137521,90550,8947,1222,17549168,17546941,0,0,0,0,414066,1593,71905,70,18137521,0,54095,0,52263,0,0,0,0,203,3822,5604803,0,1050387,0,172032,0,0,0,0,16035501,0,0,0,0,131518,2879963,0,0,0
query,888,4096,18118976,89077,8205,1233,17493533,17491256,0,0,0,0,454011,1663,71083,171,18118976,0,54095,0,52261,0,0,0,0,173,3862,5663955,0,1064166,0,172032,0,0,0,0,16027521,0,0,0,0,128124,2872783,0,0,0
query,889,4096,18729421,90790,7735,1102,18041701,18025428,0,1,0,0,509095,2014,76904,80,18729421,0,54095,0,51397,0,0,0,0,184,3851,5647312,0,1050910,0,172032,0,0,0,0,16486210,0,0,0,0,132024,2911551,0,0,0
query,890,4096,18409621,89718,9859,1412,17757459,17755491,0,0,0,0,471004,2013,78076,80,18409621,0,54095,0,51830,0,0,0,0,186,3864,5667188,0,1055998,0,172032,0,0,0,0,16257469,0,0,0,0,131782,2891701,0,0,0
query,891,4096,19961180,89007,9447,2054,19355194,19345063,0,1,0,0,430778,1613,72917,170,19961180,0,54095,1,51699,0,0,0,0,164,3868,5672752,0,1168008,0,172032,0,0,0,0,17597858,0,0,0,0,144322,3141930,0,0,0
query,892,4096,18271272,96601,9047,821,17658433,17656075,0,0,0,0,432370,1464,72455,81,18271272,0,54095,0,52345,0,0,0,0,191,3841,5636216,0,1056835,0,172032,0,0,0,0,16178640,0,0,0,0,130788,2886457,0,0,0
query,893,4096,17994022,91351,9117,1243,17396421,17394334,0,0,0,0,424036,1442,70211,201,17994022,0,54095,0,52188,0,0,0,0,177,3849,5641332,0,1058527,0,172032,0,0,0,0,15946917,0,0,0,0,130467,2866980,0,0,0
query,894,4096,18149543,90941,8456,1042,17548165,17545298,0,0,0,0,425869,1663,73327,80,18149543,0,54095,0,51473,0,0,0,0,175,3849,5642040,0,1049388,0,172032,0,0,0,0,16063852,0,0,0,0,129777,2844893,0,0,0
query,895,4096,18341814,91432,9387,1263,17700872,17698584,0,0,0,0,464231,1532,73017,80,18341814,0,54095,0,51721,0,0,0,0,178,3857,5657850,0,1048876,0,172032,0,0,0,0,16170643,0,0,0,0,130134,2854686,0,0,0
query,896,4096,18290237,90640,8776,1403,17684240,17649362,0,1,0,0,430648,1964,72456,110,18290237,0,54095,0,51756,0,0,0,0,175,3854,5654529,0,1053416,0,172032,0,0,0,0,16192056,0,0,0,0,130640,2898180,0,0,0
query,897,4096,18372211,96481,8526,1273,17717443,17715226,0,0,0,0,473879,1442,73037,130,18372211,0,54095,0,52138,0,0,0,0,161,3867,5666806,0,1079142,0,172032,0,0,0,0,16194100,0,0,0,0,129760,2893663,0,0,0
query,898,4096,18700216,90670,7634,902,18095652,18092995,0,0,0,0,422071,1653,81553,81,18700216,0,54095,0,52309,0,0,0,0,181,3846,5638418,0,1072696,0,172032,0,0,0,0,16504510,0,0,0,0,134892,2901718,0,0,0
query,899,4096,18301147,86823,9628,1021,17662120,17659903,0,0,0,0,467116,1503,72856,80,18301147,0,54095,0,51833,0,0,0,0,168,3863,5665599,0,1053086,0,172032,0,0,0,0,16170785,0,0,0,0,129696,2857470,0,0,0
query,900,4096,18260511,90720,8075,1042,17674693,17672265,0,0,0,0,413105,1502,71294,80,18260511,0,54095,0,51956,0,0,0,0,165,3878,5690110,0,1058875,0,172032,0,0,0,0,16214776,0,0,0,0,130530,2883731,0,0,0
query,901,4096,18484050,91000,8236,1232,17847717,17845831,0,0,0,0,461265,1583,72927,90,18484050,0,54095,0,51570,0,0,0,0,160,3882,5689711,0,1062265,0,172032,0,0,0,0,16325715,0,0,0,0,132180,2865756,0,0,0
query,902,4096,18138082,89678,8807,911,17518991,17517054,0,0,0,0,445876,1413,72246,160,18138082,0,54095,0,52157,0,0,0,0,184,3865,5670722,0,1052957,0,172032,0,0,0,0,16084501,0,0,0,0,131555,2932064,0,0,0
query,903,4096,18403970,90029,7484,811,17801110,17751754,0,1,0,0,430206,1734,72456,140,18403970,0,54095,0,51575,0,0,0,0,182,3856,5655956,0,1061202,0,172032,0,0,0,0,16262354,0,0,0,0,142620,2855148,0,0,0
query,904,4096,18149994,91952,8356,1012,17524381,17522003,0,0,0,0,451126,982,72105,80,18149994,0,54095,0,52511,0,0,0,0,164,3874,5681842,0,1064999,0,172032,0,0,0,0,16048009,0,0,0,0,130522,2875540,0,0,0
query,905,4096,18300015,90169,8586,1032,17689521,17687033,0,0,0,0,437540,1102,71995,70,18300015,0,54095,0,52048,0,0,0,0,191,3859,5659638,0,1052321,0,172032,0,0,0,0,16187501,0,0,0,0,132957,2888704,0,0,0
query,906,4096,18195590,90710,8045,992,17575607,17573060,0,0,0,0,447389,1693,71074,80,18195590,0,54095,0,51895,0,0,0,0,168,3863,5669320,0,1049872,0,172032,0,0,0,0,16114876,0,0,0,0,129994,2880294,0,0,0
query,907,4096,18151176,90760,9077,962,17559417,17557019,0,0,0,0,418144,1653,71013,150,18151176,0,54095,0,52561,0,0,0,0,166,3879,5689893,0,1054682,0,172032,0,0,0,0,16105263,0,0,0,0,130591,2849447,0,0,0
query,908,4096,18225355,91371,8196,1352,17569135,17566887,0,0,0,0,479459,1573,74199,70,18225355,0,54095,0,51871,0,0,0,0,182,3865,5665399,0,1046206,0,172032,0,0,0,0,16074314,0,0,0,0,131862,2834748,0,0,0
query,909,4096,18120379,90540,8125,1102,17524412,17521843,0,0,0,0,424265,1262,70483,190,18120379,0,54095,0,51638,0,0,0,0,176,3855,5653961,0,1050233,0,172032,0,0,0,0,16061398,0,0,0,0,131356,2858683,0,0,0
query,910,4096,18296709,90289,8166,1172,17665826,17644823,0,1,0,0,456536,1673,72967,80,18296709,0,54095,0,51992,0,0,0,0,160,3880,5690185,0,1074178,0,172032,0,0,0,0,16160497,0,0,0,0,130643,2862931,0,0,0
query,911,4096,20391818,90419,8015,1533,19619971,19617314,0,0,0,0,590838,2134,78818,90,20391818,0,54095,0,51712,0,0,0,0,160,3870,5675530,0,1083017,0,172032,0,0,0,0,17907797,0,0,0,0,142071,3068768,0,0,0
query,912,4096,18436842,89718,9337,992,17824434,17822167,0,0,0,0,436900,1813,73568,80,18436842,0,54095,0,52464,0,0,0,0,168,3863,5667542,0,1050353,0,172032,0,0,0,0,16313529,0,0,0,0,132944,2863789,0,0,0
query,913,4096,19887111,109194,16041,1933,19231182,19222362,0,1,0,0,454472,1242,72967,80,19887111,0,54095,1,51739,0,0,0,0,164,3877,5685257,0,1164437,0,172032,0,0,0,0,17479814,0,0,0,0,143915,3132647,0,0,0
query,914,4096,18220025,91241,9037,1453,17616724,17614416,0,0,0,0,422792,1604,77094,80,18220025,0,54095,0,51911,0,0,0,0,193,3842,5632780,0,1042705,0,172032,0,0,0,0,16104066,0,0,0,0,130665,2876902,0,0,0
query,915,4096,18126611,86042,9227,1633,17482172,17479875,0,0,0,0,469710,1343,76404,80,18126611,0,54095,0,51587,0,0,0,0,183,3867,5674544,0,1055332,0,172032,0,0,0,0,15997188,0,0,0,0,130553,2842430,0,0,0
query,916,4096,18046680,99186,8085,1864,17442137,17439679,0,0,0,0,420779,1753,72786,90,18046680,0,54095,0,52350,0,0,0,0,170,3855,5654459,0,1049654,0,172032,0,0,0,0,15986803,0,0,0,0,130650,2859438,0,0,0
query,917,4096,18960865,89888,9138,1322,18310215,18307647,0,0,0,0,474640,1543,74028,91,18960865,0,54095,0,51922,0,0,0,0,157,3873,5678072,0,1054965,0,172032,0,0,0,0,16675971,0,0,0,0,133337,2885411,0,0,0
query,918,4096,18150925,91161,8405,1102,17465090,17462873,0,0,0,0,509525,1503,74069,70,18150925,0,54095,0,52291,0,0,0,0,183,3847,5641224,0,1049216,0,172032,0,0,0,0,15992875,0,0,0,0,130288,2889760,0,0,0
query,919,4096,18388722,89508,8326,1062,17777826,17775669,0,0,0,0,437170,1663,73087,80,18388722,0,54095,0,51910,0,0,0,0,182,3850,5646933,0,1042858,0,172032,0,0,0,0,16242991,0,0,0,0,132128,2848034,0,0,0
query,920,4096,18009060,91321,8416,1723,17386092,17383584,0,0,0,0,449513,1292,70563,140,18009060,0,54095,0,52120,0,0,0,0,174,3860,5662456,0,1057907,0,172032,0,0,0,0,15936679,0,0,0,0,129793,2857156,0,0,0
query,921,4096,18231026,91191,7564,932,17638995,17636288,0,0,0,0,417613,1473,73178,80,18231026,0,54095,0,51505,0,0,0,0,170,3867,5665990,0,1049385,0,172032,0,0,0,0,16151891,0,0,0,0,129861,2843819,0,0,0
query,922,4096,18644692,97182,8226,1613,17958174,17955807,0,0,0,0,500067,1804,77546,80,18644692,0,54095,0,52021,0,0,0,0,172,3856,5656695,0,1072387,0,172032,0,0,0,0,16396211,0,0,0,0,132087,2881507,0,0,0
query,923,4096,18236957,91151,8767,1192,17641090,17638832,0,0,0,0,420950,1352,72375,80,18236957,0,54095,0,51602,0,0,0,0,182,3860,5663967,0,1051341,0,172032,0,0,0,0,16135274,0,0,0,0,131505,2844023,0,0,0
query,924,4096,18100362,91081,8857,851,17475790,17455529,0,1,0,0,446407,1634,75601,141,18100362,0,54095,0,52343,0,0,0,0,199,3840,5630465,0,1042011,0,172032,0,0,0,0,16026752,0,0,0,0,131401,2915502,0,0,0
query,925,4096,21286596,107642,11010,2205,20610698,20570661,0,1,0,0,465423,2184,87354,80,21286596,0,54095,1,51857,0,0,0,0,181,3852,5650199,0,1276766,0,172032,0,0,0,0,18802898,0,0,0,0,155317,3346512,0,0,0
query,926,4096,21119693,74480,10429,1443,20454926,20452200,0,0,0,0,492704,1934,83717,60,21119693,0,54095,3,52066,0,0,0,0,189,3842,5636195,0,1258768,0,172032,0,0,0,0,18668167,0,0,0,0,153895,3332965,0,0,0
query,927,4096,21728985,95749,10550,992,20992684,20980149,0,1,0,0,537648,2054,89218,90,21728985,0,54095,3,52204,0,0,0,0,169,3879,5687070,0,1274252,0,172032,0,0,0,0,19281528,0,0,0,0,156921,3427053,0,0,0
query,928,4096,20215588,95560,10329,1112,19577451,19574874,0,0,0,0,448832,1953,80271,80,20215588,0,54095,3,51714,0,0,0,0,177,3852,5648217,0,1185684,0,172032,0,0,0,0,17882381,0,0,0,0,147175,3195634,0,0,0
query,929,4096,20566766,96731,10239,1273,19867024,19864086,0,0,0,0,504075,1753,85611,60,20566766,0,54095,3,52007,0,0,0,0,195,3838,5629944,0,1207994,0,172032,0,0,0,0,18221191,0,0,0,0,152225,3266352,0,0,0
query,930,4096,20636888,74129,10209,1714,20005002,20002646,0,0,0,0,466375,1663,77635,161,20636888,0,54095,3,52192,0,0,0,0,187,3862,5664788,0,1233980,0,172032,0,0,0,0,18275540,0,0,0,0,151716,3302258,0,0,0
query,931,4096,21448700,76193,10780,1844,20801115,20798289,0,0,0,0,467617,2084,88917,150,21448700,0,54095,3,51601,0,0,0,0,176,3869,5671877,0,1280560,0,172032,0,0,0,0,18961333,0,0,0,0,157056,3362552,0,0,0
query,932,4096,21988081,82685,10069,1282,21260757,21257840,0,0,0,0,542056,1854,89168,210,21988081,0,54095,3,52011,0,0,0,0,185,3857,5655353,0,1277907,0,172032,0,0,0,0,19403980,0,0,0,0,159910,3447216,0,0,0
query,933,4096,21326110,81533,10349,1473,20688855,20671961,0,1,0,0,466405,1262,76062,171,21326110,0,54095,3,51660,0,0,0,0,149,3897,5714409,0,1275465,0,172032,0,0,0,0,18914640,0,0,0,0,155212,3390976,0,0,0
query,934,4096,21392805,97372,8156,951,20715966,20713199,0,0,0,0,481643,2024,86633,60,21392805,0,54095,3,51739,0,0,0,0,140,3894,5707830,0,1277478,0,172032,0,0,0,0,18912263,0,0,0,0,152544,3356972,0,0,0
query,935,4096,21313717,76013,11080,1283,20623041,20620666,0,0,0,0,512731,2466,87043,60,21313717,0,54095,3,52088,0,0,0,0,165,3867,5675018,0,1273015,0,172032,0,0,0,0,18824413,0,0,0,0,154786,3349039,0,0,0
query,936,4096,21097250,82284,11181,932,20459825,20336272,0,1,0,0,458380,1733,82695,220,21097250,0,54095,3,51773,0,0,0,0,177,3844,5637977,0,1248943,0,172032,0,0,0,0,18662858,0,0,0,0,152875,3459588,0,0,0
query,937,4096,22554313,97763,10119,1553,21908692,21905906,0,0,0,0,456025,1924,78157,80,22554313,0,54095,3,52270,0,0,0,0,189,3855,5651727,0,1322586,0,172032,0,0,0,0,20098279,0,0,0,0,168546,3538400,0,0,0
query,938,4096,21391783,94227,10840,1192,20737867,20719510,0,2,0,0,464351,1733,81483,90,21391783,0,54095,3,52001,0,0,0,0,189,3841,5633596,0,1270401,0,172032,0,0,0,0,18928537,0,0,0,0,157465,3394236,0,0,0
query,939,4096,18919938,99647,7885,1102,18309773,18279985,0,1,0,0,423784,1804,75793,150,18919938,0,54095,0,51972,0,0,0,0,175,3865,5667731,0,1188016,0,172032,0,0,0,0,16778401,0,0,0,0,137695,2988196,0,0,0
query,940,4096,18971314,114996,9167,1332,18305797,18303008,0,0,0,0,463028,1693,75211,90,18971314,0,54095,0,51703,0,0,0,0,176,3855,5657859,0,1120067,0,172032,0,0,0,0,16753522,0,0,0,0,136115,2984102,0,0,0
query,941,4096,18739429,99316,22292,1132,18120840,18118402,0,0,0,0,420048,1492,74159,150,18739429,0,54095,0,52036,0,0,0,0,173,3865,5669714,0,1111958,0,172032,0,0,0,0,16633545,0,0,0,0,138923,2981640,0,0,0
query,942,4096,24034328,94277,9117,1062,23251110,23208669,0,2,0,0,582412,2234,94026,90,24034328,0,54095,0,52473,0,0,0,0,172,3860,5662919,0,1309820,0,172032,0,0,0,0,21265026,0,0,0,0,171362,3687912,0,0,0
query,943,4096,21632665,93646,10830,1393,20869874,20867037,0,0,0,0,562685,2094,92073,70,21632665,0,54095,3,51493,0,0,0,0,191,3850,5643839,0,1287478,0,172032,0,0,0,0,18975034,0,0,0,0,157299,3366307,0,0,0
query,944,4096,20450988,96180,11652,1523,19823602,19821166,0,0,0,0,437881,1743,78227,180,20450988,0,54095,3,51972,0,0,0,0,171,3870,5677048,0,1211994,0,172032,0,0,0,0,18055308,0,0,0,0,147806,3248144,0,0,0
query,945,4096,19728694,96811,10209,1623,19075680,19053366,0,1,0,0,463168,1784,79249,170,19728694,0,54095,3,52099,0,0,0,0,178,3864,5668131,0,1147436,0,172032,0,0,0,0,17443705,0,0,0,0,141024,3102591,0,0,0
query,946,4096,19484567,95539,9849,1222,18797528,18794551,0,0,0,0,500508,2265,77445,211,19484567,0,54095,3,51541,0,0,0,0,172,3881,5690062,0,1160411,0,172032,0,0,0,0,17245608,0,0,0,0,141618,3068751,0,0,0
query,947,4096,20050508,89267,13205,1984,19422500,19419412,0,0,0,0,438623,1713,82875,341,20050508,0,54095,0,51783,0,0,0,0,171,3867,5670994,0,1145109,0,172032,0,0,0,0,17727284,0,0,0,0,141218,3078461,0,0,0
query,948,4096,19555690,77295,9838,1503,18907405,18904667,0,0,0,0,478918,2124,78387,220,19555690,0,54095,0,51894,0,0,0,0,165,3881,5689889,0,1149413,0,172032,0,0,0,0,17305075,0,0,0,0,142922,3078653,0,0,0
query,949,4096,19979585,80682,10449,1463,19365173,19348068,0,1,0,0,441418,2094,78216,90,19979585,0,54095,0,51633,0,0,0,0,172,3869,5674322,0,1156099,0,172032,0,0,0,0,17680113,0,0,0,0,145974,3076612,0,0,0
query,950,4096,19562032,96451,10489,1323,18914217,18911359,0,0,0,0,459021,2054,78347,130,19562032,0,54095,0,52108,0,0,0,0,163,3878,5688536,0,1152981,0,172032,0,0,0,0,17314115,0,0,0,0,148294,3061228,0,0,0
query,951,4096,19375292,97152,9969,1303,18748225,18745939,0,0,0,0,435015,7646,75872,110,19375292,0,54095,0,52172,0,0,0,0,163,3888,5703724,0,1161102,0,172032,0,0,0,0,17148979,0,0,0,0,145636,3070729,0,0,0
query,952,4096,20186753,82374,9548,1102,19543758,19541211,0,0,0,0,469190,1723,78978,80,20186753,0,54095,0,51759,0,0,0,0,150,3881,5693460,0,1159668,0,172032,0,0,0,0,17753875,0,0,0,0,142475,3062238,0,0,0
query,953,4096,19636963,96711,10771,961,18940787,18937458,0,0,0,0,506039,2004,79619,71,19636963,0,54095,0,51673,0,0,0,0,180,3856,5656775,0,1140944,0,172032,0,0,0,0,17288307,0,0,0,0,142723,3098718,0,0,0
query,954,4096,19358520,75341,9208,1092,18751692,18749395,0,0,0,0,442720,1733,76674,60,19358520,0,54095,0,52450,0,0,0,0,164,3880,5690713,0,1139696,0,172032,0,0,0,0,17203620,0,0,0,0,139906,3072981,0,0,0
query,955,4096,19601125,82966,8375,1022,18956086,18923973,0,1,0,0,473378,1693,77545,60,19601125,0,54095,0,51349,0,0,0,0,173,3859,5659459,0,1154148,0,172032,0,0,0,0,17337984,0,0,0,0,142875,3082955,0,0,0
query,956,4096,19161821,81502,8616,1042,18551337,18548900,0,0,0,0,441688,1854,75652,130,19161821,0,54095,0,52040,0,0,0,0,215,3820,5601040,0,1126317,0,172032,0,0,0,0,17009923,0,0,0,0,143324,3101852,0,0,0
query,957,4096,20127423,82525,8616,872,19492812,19489914,0,0,0,0,459522,1843,81172,61,20127423,0,54095,0,52054,0,0,0,0,193,3849,5645231,0,1140209,0,172032,0,0,0,0,17806223,0,0,0,0,145286,3105552,0,0,0
query,958,4096,19483294,81503,9267,1232,18840710,18838293,0,0,0,0,466315,1883,82294,90,19483294,0,54095,0,51371,0,0,0,0,154,3889,5704622,0,1151530,0,172032,0,0,0,0,17252320,0,0,0,0,139533,3061938,0,0,0
query,959,4096,19322694,97904,9157,1112,18677443,18674756,0,0,0,0,457899,1884,77214,81,19322694,0,54095,0,52155,0,0,0,0,176,3861,5660938,0,1131887,0,172032,0,0,0,0,17109523,0,0,0,0,144493,3067482,0,0,0
query,960,4096,19246801,96291,8746,892,18591952,18589586,0,0,0,0,470372,1804,76644,100,19246801,0,54095,0,52108,0,0,0,0,184,3850,5645425,0,1139100,0,172032,0,0,0,0,17026229,0,0,0,0,138645,3082322,0,0,0
query,961,4096,19030115,95219,8956,1634,18418828,18416661,0,0,0,0,429625,2004,73749,100,19030115,0,54095,0,52017,0,0,0,0,171,3855,5655658,0,1126084,0,172032,0,0,0,0,16871820,0,0,0,0,137880,3036236,0,0,0
query,962,4096,19698097,94838,9037,1383,19014585,19012038,0,0,0,0,498375,1743,78056,80,19698097,0,54095,0,51701,0,0,0,0,157,3888,5705291,0,1131503,0,172032,0,0,0,0,17361907,0,0,0,0,139588,3013214,0,0,0
query,963,4096,18880794,95779,9508,1272,18239492,18237426,0,0,0,0,458931,1493,74249,70,18880794,0,54095,0,51624,0,0,0,0,182,3864,5666083,0,1107306,0,172032,0,0,0,0,16733240,0,0,0,0,137622,2993725,0,0,0
query,964,4096,18991994,93997,8806,1313,18352223,18349897,0,0,0,0,456777,2154,76653,71,18991994,0,54095,0,52084,0,0,0,0,163,3869,5671326,0,1113114,0,172032,0,0,0,0,16806492,0,0,0,0,135643,2983155,0,0,0
query,965,4096,18724392,93416,8716,982,18092015,18089297,0,0,0,0,454953,1904,72345,61,18724392,0,54095,0,52105,0,0,0,0,154,3872,5678178,0,1091659,0,172032,0,0,0,0,16578826,0,0,0,0,133190,2955346,0,0,0
query,966,4096,21337040,92293,12934,2505,20682964,20680167,0,0,0,0,466365,1843,78056,80,21337040,0,54095,3,52233,0,0,0,0,184,3860,5663177,0,1278164,0,172032,0,0,0,0,18892526,0,0,0,0,156528,3383285,0,0,0
query,967,4096,23679312,96851,9137,1153,22825952,22822916,0,0,0,0,648967,1873,95299,80,23679312,0,54095,3,51683,0,0,0,0,198,3846,5643636,0,1333172,0,172032,0,0,0,0,20833319,0,0,0,0,168658,3615697,0,0,0
query,968,4096,18963770,94437,10550,1923,18334841,18320601,0,1,0,0,445075,1713,75161,70,18963770,0,54095,0,52048,0,0,0,0,167,3868,5675349,0,1105286,0,172032,0,0,0,0,16813074,0,0,0,0,137718,2965871,0,0,0
query,969,4096,18635935,99908,7804,1253,18037663,18034976,0,0,0,0,413836,1813,73458,200,18635935,0,54095,0,51584,0,0,0,0,186,3851,5646953,0,1107618,0,172032,0,0,0,0,16526244,0,0,0,0,134593,2974194,0,0,0
query,970,4096,18659560,93376,8876,1243,18027314,18025037,0,0,0,0,453280,2104,73187,180,18659560,0,54095,0,52230,0,0,0,0,166,3872,5679750,0,1094379,0,172032,0,0,0,0,16511908,0,0,0,0,134365,2920761,0,0,0
query,971,4096,18541909,93174,8607,1092,17944358,17927564,0,1,0,0,420659,2044,71784,191,18541909,0,54095,0,51828,0,0,0,0,140,3883,5695866,0,1091330,0,172032,0,0,0,0,16447498,0,0,0,0,132504,2942163,0,0,0
query,972,4096,18611289,91431,8095,1172,17821399,17818630,0,0,0,0,606387,1462,81132,211,18611289,0,54095,0,51722,0,0,0,0,179,3853,5649171,0,1086083,0,172032,0,0,0,0,16280633,0,0,0,0,137748,2898463,0,0,0
query,973,4096,18761871,125966,10179,1934,18102555,18100288,0,0,0,0,440696,1613,78828,100,18761871,0,54095,0,51757,0,0,0,0,201,3837,5626509,0,1077762,0,172032,0,0,0,0,16540992,0,0,0,0,142571,2927608,0,0,0
query,974,4096,18255873,91321,9348,962,17665535,17663318,0,0,0,0,414787,1795,72055,70,18255873,0,54095,0,52361,0,0,0,0,179,3856,5657691,0,1059279,0,172032,0,0,0,0,16167827,0,0,0,0,132148,2887290,0,0,0
query,975,4096,18030870,91371,7785,1092,17430775,17428228,0,0,0,0,425338,1623,72736,150,18030870,0,54095,0,51861,0,0,0,0,170,3869,5675571,0,1085494,0,172032,0,0,0,0,15962774,0,0,0,0,128820,2853147,0,0,0
query,976,4096,17935902,90860,8346,1152,17338422,17336275,0,0,0,0,425568,1784,69710,60,17935902,0,54095,0,51940,0,0,0,0,198,3849,5642846,0,1067103,0,172032,0,0,0,0,15873867,0,0,0,0,129642,2829882,0,0,0
query,977,4096,17991196,89988,8186,861,17376033,17373856,0,0,0,0,442240,1172,72576,140,17991196,0,54095,0,52613,0,0,0,0,180,3862,5661315,0,1051416,0,172032,0,0,0,0,15929415,0,0,0,0,129333,2864973,0,0,0
query,978,4096,18681852,89578,8416,1202,18028226,17999820,0,1,0,0,477866,1724,74760,80,18681852,0,54095,0,52211,0,0,0,0,163,3877,5687661,0,1049296,0,172032,0,0,0,0,16454733,0,0,0,0,129454,2873004,0,0,0
query,979,4096,18065095,90439,9087,1613,17461544,17458754,0,0,0,0,428132,1714,72425,141,18065095,0,54095,0,51408,0,0,0,0,185,3863,5662538,0,1049225,0,172032,0,0,0,0,16016737,0,0,0,0,130481,2849115,0,0,0
query,980,4096,18063302,90670,8175,1353,17446204,17443927,0,0,0,0,441508,1794,73437,161,18063302,0,54095,0,52422,0,0,0,0,174,3860,5660574,0,1049101,0,172032,0,0,0,0,16003806,0,0,0,0,130035,2905631,0,0,0
query,981,4096,18596041,90169,8927,1162,17891059,17888871,0,0,0,0,526788,1723,76133,80,18596041,0,54095,0,52472,0,0,0,0,159,3880,5693244,0,1063285,0,172032,0,0,0,0,16344565,0,0,0,0,129191,2877143,0,0,0
query,982,4096,18806545,88807,9047,1172,18101934,18099155,0,0,0,0,524233,2525,78747,80,18806545,0,54095,0,51820,0,0,0,0,192,3838,5625806,0,1053839,0,172032,0,0,0,0,16518823,0,0,0,0,135212,2883324,0,0,0
query,983,4096,19713186,87294,8897,811,18826763,18823374,0,0,0,0,700043,2465,86833,80,19713186,0,54095,0,51601,0,0,0,0,189,3842,5635241,0,1057263,0,172032,0,0,0,0,17085894,0,0,0,0,138431,2927080,0,0,0
query,984,4096,20312369,90690,10310,1011,19582671,19572940,0,1,0,0,549130,2124,76343,90,20312369,0,54095,0,52197,0,0,0,0,168,3872,5675703,0,1087496,0,172032,0,0,0,0,17772507,0,0,0,0,143318,3014363,0,0,0
query,985,4096,18381007,91060,9368,831,17773569,17743139,0,3,0,0,424235,1463,80321,160,18381007,0,54095,0,52040,0,0,0,0,163,3876,5685131,0,1060456,0,172032,0,0,0,0,16304045,0,0,0,0,138475,2875367,0,0,0
query,986,4096,18240584,86012,8055,811,17617155,17608266,0,1,0,0,453159,1764,73558,70,18240584,0,54095,0,51613,0,0,0,0,161,3881,5689156,0,1061320,0,172032,0,0,0,0,16141412,0,0,0,0,131104,2860596,0,0,0
query,987,4096,18144023,90590,8306,1011,17549919,17547421,0,0,0,0,420979,1414,71624,180,18144023,0,54095,0,51610,0,0,0,0,166,3884,5696916,0,1061356,0,172032,0,0,0,0,16082796,0,0,0,0,129998,2840278,0,0,0
query,988,4096,18206600,90720,8275,1152,17603269,17585842,0,1,0,0,427141,1733,74240,70,18206600,0,54095,0,52301,0,0,0,0,183,3861,5664160,0,1118488,0,172032,0,0,0,0,16105451,0,0,0,0,129635,2876012,0,0,0
query,989,4096,18521531,91251,8446,1623,17908311,17905793,0,0,0,0,437180,1563,73017,140,18521531,0,54095,0,51507,0,0,0,0,207,3826,5611538,0,1049557,0,172032,0,0,0,0,16366522,0,0,0,0,133333,2921488,0,0,0
query,990,4096,18054976,90129,8476,1292,17454099,17451972,0,0,0,0,427883,1503,71514,80,18054976,0,54095,0,52133,0,0,0,0,176,3868,5674450,0,1051382,0,172032,0,0,0,0,16032818,0,0,0,0,131367,2874451,0,0,0
query,991,4096,17956902,90901,8946,1203,17370382,17368225,0,0,0,0,413847,1883,69610,130,17956902,0,54095,0,51396,0,0,0,0,173,3852,5648771,0,1059242,0,172032,0,0,0,0,15875324,0,0,0,0,128622,2826854,0,0,0
query,992,4096,18146057,91121,8095,1032,17552063,17529888,0,1,0,0,420118,1833,71624,171,18146057,0,54095,0,51888,0,0,0,0,158,3882,5696756,0,1058851,0,172032,0,0,0,0,16108775,0,0,0,0,129309,2890727,0,0,0
query,993,4096,17978783,89117,8516,1232,17381614,17378965,0,0,0,0,426570,1663,69881,190,17978783,0,54095,0,51546,0,0,0,0,180,3863,5669190,0,1053435,0,172032,0,0,0,0,15966258,0,0,0,0,134055,2870728,0,0,0
query,994,4096,18558600,90269,8285,1113,17752629,17749520,0,0,0,0,623309,1462,81473,60,18558600,0,54095,0,51669,0,0,0,0,190,3848,5644660,0,1060739,0,172032,0,0,0,0,16184857,0,0,0,0,132559,2845259,0,0,0
query,995,4096,18666943,90920,10620,1273,18016433,18014117,0,0,0,0,472265,2035,73307,90,18666943,0,54095,0,52201,0,0,0,0,199,3844,5636591,0,1062767,0,172032,0,0,0,0,16455026,0,0,0,0,133864,2877747,0,0,0
query,996,4096,18120769,90349,8727,861,17529150,17526602,0,0,0,0,417392,1233,72867,190,18120769,0,54095,0,52035,0,0,0,0,155,3876,5689025,0,1059606,0,172032,0,0,0,0,16079337,0,0,0,0,131071,2872338,0,0,0
query,997,4096,18062200,90300,8766,772,17466342,17463914,0,0,0,0,421641,1302,72947,130,18062200,0,54095,0,52484,0,0,0,0,168,3874,5679238,0,1058126,0,172032,0,0,0,0,16020735,0,0,0,0,129211,2861140,0,0,0
query,998,4096,17951723,90089,8035,1273,17370392,17367985,0,0,0,0,406182,1503,74169,80,17951723,0,54095,0,51687,0,0,0,0,166,3864,5665052,0,1067481,0,172032,0,0,0,0,15941150,0,0,0,0,128633,2866634,0,0,0
query,999,4096,18173057,90910,9688,1223,17575547,17546930,0,1,0,0,422492,1763,71284,150,18173057,0,54095,0,51584,0,0,0,0,153,3889,5704714,0,1063706,0,172032,0,0,0,0,16117727,0,0,0,0,130044,2846661,0,0,0
query,1000,4096,20351844,89719,9047,1142,19694600,19674181,0,1,0,0,476353,1784,79128,71,20351844,0,54095,8,51823,0,0,0,0,172,3853,5650724,0,1099121,0,172032,0,0,0,0,18005206,0,0,0,0,142867,3118929,0,0,0
query,1001,4096,18218642,88997,9087,991,17612747,17610299,0,0,0,0,433633,1743,71374,70,18218642,0,54095,8,51957,0,0,0,0,174,3859,5662663,0,1066804,0,172032,0,0,0,0,16160044,0,0,0,0,129765,2875559,0,0,0
query,1002,4096,18834848,90750,8025,1042,18236747,18233769,0,0,0,0,422152,1813,74249,70,18834848,0,54095,8,51878,0,0,0,0,178,3869,5674494,0,1064300,0,172032,0,0,0,0,16655947,0,0,0,0,134453,2919472,0,0,0
query,1003,4096,18333979,99797,8225,1864,17728383,17725846,0,0,0,0,420999,1874,72717,120,18333979,0,54095,8,51582,0,0,0,0,166,3880,5687922,0,1072608,0,172032,0,0,0,0,16249034,0,0,0,0,130802,2893752,0,0,0
query,1004,4096,18228622,89859,9217,1072,17615622,17613035,0,0,0,0,436339,1703,74660,150,18228622,0,54095,8,52510,0,0,0,0,155,3883,5697259,0,1060618,0,172032,0,0,0,0,16138370,0,0,0,0,131196,2874129,0,0,0
query,1005,4096,18231667,90770,8586,1072,17609611,17607705,0,0,0,0,440937,1823,78637,231,18231667,0,54095,8,51865,0,0,0,0,160,3874,5678257,0,1081088,0,172032,0,0,0,0,16150462,0,0,0,0,128854,2862573,0,0,0
query,1006,4096,18795956,87034,8135,811,18178017,18166182,0,1,0,0,447700,2094,71995,170,18795956,0,54095,8,52422,0,0,0,0,206,3842,5635888,0,1052281,0,172032,0,0,0,0,16599022,0,0,0,0,135628,2939379,0,0,0
query,1007,4096,18139054,90790,8216,1182,17549167,17546860,0,0,0,0,415669,1384,72576,70,18139054,0,54095,8,52014,0,0,0,0,182,3858,5655265,0,1053953,0,172032,0,0,0,0,16081183,0,0,0,0,130570,2901535,0,0,0
query,1008,4096,18153581,124734,9478,1192,17512098,17509721,0,0,0,0,429405,1763,74861,50,18153581,0,54095,8,51271,0,0,0,0,175,3858,5656658,0,1075531,0,172032,0,0,0,0,16075068,0,0,0,0,130359,2871136,0,0,0
query,1009,4096,18088860,58851,9928,1082,17506929,17504140,0,0,0,0,437761,1532,72486,291,18088860,0,54095,8,51438,0,0,0,0,176,3861,5661142,0,1061157,0,172032,0,0,0,0,16039176,0,0,0,0,131517,2875379,0,0,0
query,1010,4096,18099820,59352,9998,822,17525864,17522865,0,0,0,0,429545,1653,72356,230,18099820,0,54095,8,51927,0,0,0,0,205,3833,5622397,0,1052034,0,172032,0,0,0,0,16063212,0,0,0,0,133449,2884115,0,0,0
query,1011,4096,18701077,59020,10139,982,18083420,18080651,0,0,0,0,471053,1693,74700,70,18701077,0,54095,8,52022,0,0,0,0,176,3868,5673447,0,1091140,0,172032,0,0,0,0,16547131,0,0,0,0,134099,2893100,0,0,0
query,1012,4096,18173719,59402,10519,1263,17604210,17601572,0,0,0,0,421631,1623,75011,60,18173719,0,54095,8,51591,0,0,0,0,185,3868,5675712,0,1065869,0,172032,0,0,0,0,16147268,0,0,0,0,132531,2883990,0,0,0
query,1013,4096,19289751,59000,9748,1704,18663717,18630182,0,2,0,0,475662,1764,78076,80,19289751,0,54095,8,51974,0,0,0,0,185,3857,5655445,0,1132208,0,172032,0,0,0,0,17157205,0,0,0,0,141459,3119973,0,0,0
query,1014,4096,21120855,98425,8306,1172,20453553,20450356,0,0,0,0,472826,1804,84639,130,21120855,0,54095,3,51766,0,0,0,0,191,3838,5629574,0,1255729,0,172032,0,0,0,0,18654907,0,0,0,0,155460,3369275,0,0,0
query,1015,4096,22153873,79039,10119,1342,21400770,21398214,0,0,0,0,571171,1653,89698,81,22153873,0,54095,3,52150,0,0,0,0,166,3861,5661051,0,1311876,0,172032,0,0,0,0,19511651,0,0,0,0,159344,3445889,0,0,0
query,1016,4096,22039317,88145,11031,1402,21342310,21339834,0,0,0,0,516669,2144,77476,140,22039317,0,54095,3,51464,0,0,0,0,192,3846,5638422,0,1287619,0,172032,0,0,0,0,19526970,0,0,0,0,160467,3487447,0,0,0
query,1017,4096,20976735,80361,9958,1152,20312830,20310133,0,0,0,0,483136,2675,86542,81,20976735,0,54095,3,51700,0,0,0,0,155,3884,5697239,0,1250416,0,172032,0,0,0,0,18655855,0,0,0,0,158877,3316578,0,0,0
query,1018,4096,20901383,88225,10991,1703,20246105,20243678,0,0,0,0,475030,1984,77265,80,20901383,0,54095,3,51486,0,0,0,0,172,3870,5672640,0,1232656,0,172032,0,0,0,0,18465851,0,0,0,0,149976,3303132,0,0,0
query,1019,4096,20472820,96180,12103,1512,19790030,19775049,0,1,0,0,483848,1773,87213,161,20472820,0,54095,3,52050,0,0,0,0,178,3853,5649428,0,1227075,0,172032,0,0,0,0,18041497,0,0,0,0,148145,3253370,0,0,0
query,1020,4096,21017981,92373,8536,1052,20338197,20335540,0,0,0,0,487955,1894,87904,70,21017981,0,54095,3,52337,0,0,0,0,171,3873,5681811,0,1233829,0,172032,0,0,0,0,18517237,0,0,0,0,152417,3319043,0,0,0
query,1021,4096,21795991,92874,9598,1222,21072424,21069827,0,0,0,0,527710,2174,89909,80,21795991,0,54095,3,52084,0,0,0,0,206,3831,5619271,0,1271479,0,172032,0,0,0,0,19188947,0,0,0,0,159183,3409092,0,0,0
query,1022,4096,21313997,120806,9869,1553,20627950,20625574,0,0,0,0,466134,1674,85941,70,21313997,0,54095,3,51373,0,0,0,0,156,3884,5697582,0,1284292,0,172032,0,0,0,0,18880204,0,0,0,0,155978,3352035,0,0,0
query,1023,4096,21386683,79900,9007,1472,20772492,20769554,0,0,0,0,445035,1593,77114,70,21386683,0,54095,3,52248,0,0,0,0,171,3866,5669641,0,1268912,0,172032,0,0,0,0,18896630,0,0,0,0,154923,3391883,0,0,0
query,1024,4096,21225341,96731,9137,1443,20561997,20559520,0,0,0,0,476654,1673,77565,141,21225341,0,54095,3,51902,0,0,0,0,166,3865,5664580,0,1263834,0,172032,0,0,0,0,18754381,0,0,0,0,153407,3353069,0,0,0
query,1025,4096,20083339,98454,10490,1613,19438570,19436134,0,0,0,0,454041,1464,74489,4218,20083339,0,54095,3,51474,0,0,0,0,182,3855,5655739,0,1154480,0,172032,0,0,0,0,17527977,0,0,0,0,142865,3140072,0,0,0
query,1026,4096,22638801,84859,8255,952,22014030,22011374,0,0,0,0,449543,2224,78728,210,22638801,0,54095,3,51824,0,0,0,0,174,3855,5656899,0,1270074,0,172032,0,0,0,0,20201794,0,0,0,0,167038,3553672,0,0,0
query,1027,4096,19377956,81983,9568,962,18734851,18732624,0,0,0,0,473047,2254,75151,140,19377956,0,54095,3,51803,0,0,0,0,182,3857,5654730,0,1143706,0,172032,0,0,0,0,17159405,0,0,0,0,145380,3047722,0,0,0
query,1028,4096,19489246,83607,11511,2585,18866147,18843843,0,1,0,0,447028,2044,76093,231,19489246,0,54095,8,52104,0,0,0,0,173,3856,5654872,0,1154353,0,172032,0,0,0,0,17276760,0,0,0,0,139260,3080386,0,0,0
query,1029,4096,19396952,80861,8987,1303,18750941,18748404,0,0,0,0,474671,1542,78507,140,19396952,0,54095,8,52392,0,0,0,0,165,3877,5685434,0,1148948,0,172032,0,0,0,0,17166340,0,0,0,0,140206,3066917,0,0,0
query,1030,4096,19391823,81783,9919,1152,18779745,18777509,0,0,0,0,437430,1624,80050,120,19391823,0,54095,8,51804,0,0,0,0,190,3843,5639722,0,1151624,0,172032,0,0,0,0,17220966,0,0,0,0,140952,3100776,0,0,0
query,1031,4096,19614760,81482,8116,1032,18985250,18982473,0,0,0,0,455975,1893,80902,110,19614760,0,54095,8,52008,0,0,0,0,182,3855,5651542,0,1162031,0,172032,0,0,0,0,17358283,0,0,0,0,143575,3092868,0,0,0
query,1032,4096,19200975,64390,11272,1372,18607803,18604924,0,0,0,0,436719,1643,77615,161,19200975,0,54095,8,52022,0,0,0,0,191,3845,5636828,0,1135641,0,172032,0,0,0,0,17045996,0,0,0,0,146256,3076655,0,0,0
query,1033,4096,19433111,63940,11532,1433,18822495,18819837,0,0,0,0,451386,1743,80321,261,19433111,0,54095,8,52327,0,0,0,0,186,3832,5620231,0,1139794,0,172032,0,0,0,0,17244271,0,0,0,0,142279,3124365,0,0,0
query,1034,4096,19283009,64671,11512,1152,18655602,18653044,0,0,0,0,469040,1703,79128,201,19283009,0,54095,8,51920,0,0,0,0,187,3848,5640842,0,1138487,0,172032,0,0,0,0,17085434,0,0,0,0,141911,3089605,0,0,0
query,1035,4096,19389599,63750,10570,1382,18793020,18790162,0,0,0,0,440717,1713,77956,491,19389599,0,54095,8,51468,0,0,0,0,166,3877,5687094,0,1144363,0,172032,0,0,0,0,17224843,0,0,0,0,141582,3054494,0,0,0
query,1036,4096,19794728,63409,10610,1302,19161591,19159134,0,0,0,0,476553,1794,79239,230,19794728,0,54095,8,51841,0,0,0,0,178,3873,5679004,0,1155427,0,172032,0,0,0,0,17554342,0,0,0,0,143657,3105630,0,0,0
query,1037,4096,19303989,71514,10761,791,18703172,18700634,0,0,0,0,435987,1633,80070,61,19303989,0,54095,8,51714,0,0,0,0,179,3851,5646611,0,1162438,0,172032,0,0,0,0,17104613,0,0,0,0,139086,3038045,0,0,0
query,1038,4096,19723595,63289,10730,1072,19100917,19085206,0,1,0,0,458149,2124,86993,321,19723595,0,54095,8,51915,0,0,0,0,156,3889,5705112,0,1153930,0,172032,0,0,0,0,17478109,0,0,0,0,140572,3083971,0,0,0
query,1039,4096,19229488,63719,9959,1242,18603365,18600897,0,0,0,0,469490,2174,79339,200,19229488,0,54095,8,52525,0,0,0,0,193,3835,5625252,0,1142808,0,172032,0,0,0,0,17048901,0,0,0,0,141127,3104745,0,0,0
query,1040,4096,19510666,63790,10319,1193,18909778,18907011,0,0,0,0,443812,1503,80091,180,19510666,0,54095,8,51938,0,0,0,0,158,3880,5690119,0,1149764,0,172032,0,0,0,0,17333683,0,0,0,0,141970,3079702,0,0,0
query,1041,4096,19617997,63318,10941,1312,18852552,18850044,0,0,0,0,600386,2334,86953,201,19617997,0,54095,8,51850,0,0,0,0,198,3831,5620722,0,1134221,0,172032,0,0,0,0,17265300,0,0,0,0,141567,3091312,0,0,0
query,1042,4096,19355314,63809,10079,1423,18766350,18763592,0,0,0,0,430858,1663,80831,301,19355314,0,54095,8,51798,0,0,0,0,175,3864,5665065,0,1141269,0,172032,0,0,0,0,17236063,0,0,0,0,142658,3084825,0,0,0
query,1043,4096,19426659,63990,10260,1392,18811735,18808898,0,0,0,0,457959,2104,79068,151,19426659,0,54095,8,52145,0,0,0,0,169,3858,5660568,0,1156665,0,172032,0,0,0,0,17202218,0,0,0,0,145342,3069828,0,0,0
query,1044,4096,19204612,63389,10469,1092,18614275,18611557,0,0,0,0,435467,1683,78076,161,19204612,0,54095,8,51639,0,0,0,0,165,3872,5680611,0,1145906,0,172032,0,0,0,0,17065355,0,0,0,0,138449,3035820,0,0,0
query,1045,4096,19402623,63258,10580,1343,18803750,18787175,0,1,0,0,444163,2013,77325,191,19402623,0,54095,8,52171,0,0,0,0,164,3868,5675528,0,1131559,0,172032,0,0,0,0,17214483,0,0,0,0,140521,3058405,0,0,0
query,1046,4096,19381834,62627,10190,1102,18748306,18745779,0,0,0,0,477535,1593,80291,190,19381834,0,54095,8,51820,0,0,0,0,175,3863,5665973,0,1128954,0,172032,0,0,0,0,17144647,0,0,0,0,147256,3044721,0,0,0
query,1047,4096,19002603,63018,10771,871,18420101,18417683,0,0,0,0,429135,1753,76804,150,19002603,0,54095,8,51988,0,0,0,0,182,3863,5662981,0,1128142,0,172032,0,0,0,0,16911526,0,0,0,0,137720,3028663,0,0,0
query,1048,4096,19078565,62276,10049,1022,18459134,18456316,0,0,0,0,469390,1663,74851,180,19078565,0,54095,8,52200,0,0,0,0,138,3903,5723705,0,1120466,0,172032,0,0,0,0,16914074,0,0,0,0,135859,3025597,0,0,0
query,1049,4096,18582475,61696,9838,1223,18014269,18011532,0,0,0,0,416261,1994,77044,150,18582475,0,54095,8,51399,0,0,0,0,163,3866,5670449,0,1103193,0,172032,0,0,0,0,16511229,0,0,0,0,134137,2929382,0,0,0
query,1050,4096,18762302,61185,10079,1332,18172226,18169758,0,0,0,0,440085,2154,75041,200,18762302,0,54095,8,51940,0,0,0,0,161,3874,5679822,0,1100942,0,172032,0,0,0,0,16600829,0,0,0,0,133314,2937504,0,0,0
query,1051,4096,18561385,60133,9698,1402,17968113,17965655,0,0,0,0,445846,1654,74489,50,18561385,0,54095,8,52061,0,0,0,0,146,3886,5696941,0,1087979,0,172032,0,0,0,0,16445835,0,0,0,0,132660,2928452,0,0,0
query,1052,4096,19064078,60063,9818,1192,18463212,18460584,0,0,0,0,452659,1703,75271,160,19064078,0,54095,8,51877,0,0,0,0,185,3855,5652862,0,1085482,0,172032,0,0,0,0,16869308,0,0,0,0,136754,2932493,0,0,0
query,1053,4096,19012852,60163,10449,972,18396617,18394019,0,0,0,0,467908,1913,74680,150,19012852,0,54095,8,51933,0,0,0,0,178,3862,5664413,0,1089338,0,172032,0,0,0,0,16793906,0,0,0,0,139204,2934188,0,0,0
query,1054,4096,18294555,59021,10740,1202,17716712,17714053,0,0,0,0,430307,1883,74510,180,18294555,0,54095,8,52206,0,0,0,0,163,3875,5683202,0,1102856,0,172032,0,0,0,0,16231489,0,0,0,0,130575,2907908,0,0,0
query,1055,4096,18310786,58420,10159,1212,17710991,17708203,0,0,0,0,451818,1783,76142,261,18310786,0,54095,8,51826,0,0,0,0,156,3893,5711020,0,1058515,0,172032,0,0,0,0,16199366,0,0,0,0,131472,2865522,0,0,0
query,1056,4096,18071317,58921,9798,1172,17497140,17494202,0,0,0,0,428834,1874,73518,60,18071317,0,54095,8,52129,0,0,0,0,201,3846,5641081,0,1062580,0,172032,0,0,0,0,16038421,0,0,0,0,131607,2870477,0,0,0
query,1057,4096,20535507,59061,10199,952,19881150,19879054,0,0,0,0,504306,2114,77545,180,20535507,0,54095,8,52043,0,0,0,0,163,3867,5668504,0,1080557,0,172032,0,0,0,0,18131583,0,0,0,0,141884,3076586,0,0,0
query,1058,4096,18162407,59000,9909,1082,17596957,17584180,0,1,0,0,420428,1894,72987,150,18162407,0,54095,8,52182,0,0,0,0,188,3847,5643399,0,1049358,0,172032,0,0,0,0,16133960,0,0,0,0,132807,2901494,0,0,0
query,1059,4096,18230636,58660,9939,1152,17655196,17653030,0,0,0,0,429355,1994,74119,221,18230636,0,54095,8,52299,0,0,0,0,164,3863,5664702,0,1052353,0,172032,0,0,0,0,16185376,0,0,0,0,130821,2887408,0,0,0
query,1060,4096,18019349,58710,9418,962,17421357,17418810,0,0,0,0,451847,1684,75091,280,18019349,0,54095,8,51583,0,0,0,0,176,3855,5649961,0,1050175,0,172032,0,0,0,0,15981034,0,0,0,0,132259,2831147,0,0,0
query,1061,4096,18134214,59050,9819,1042,17565758,17563572,0,0,0,0,424015,1713,72587,230,18134214,0,54095,8,51987,0,0,0,0,190,3838,5635281,0,1058076,0,172032,0,0,0,0,16089689,0,0,0,0,131462,2911833,0,0,0
query,1062,4096,18225145,66815,9819,1012,17620391,17580663,0,1,0,0,452007,2114,72757,230,18225145,0,54095,8,51756,0,0,0,0,163,3865,5667647,0,1070399,0,172032,0,0,0,0,16143923,0,0,0,0,129513,2909279,0,0,0
query,1063,4096,18821012,58780,9838,1233,18258998,18256201,0,0,0,0,411882,1754,78377,150,18821012,0,54095,8,51553,0,0,0,0,185,3866,5665087,0,1059979,0,172032,0,0,0,0,16714233,0,0,0,0,136035,2910323,0,0,0
query,1064,4096,18285048,59071,9989,1523,17660927,17658039,0,0,0,0,476353,1583,75421,181,18285048,0,54095,8,51401,0,0,0,0,182,3849,5644543,0,1056198,0,172032,0,0,0,0,16160094,0,0,0,0,132201,2888217,0,0,0
query,1065,4096,18128915,58700,9889,1382,17565208,17562800,0,0,0,0,417603,1944,73928,261,18128915,0,54095,8,52381,0,0,0,0,171,3864,5668221,0,1056320,0,172032,0,0,0,0,16079764,0,0,0,0,130551,2861338,0,0,0
query,1066,4096,18250312,58840,9608,1773,17641731,17639193,0,0,0,0,460633,1794,75672,261,18250312,0,54095,8,51392,0,0,0,0,182,3870,5674046,0,1066718,0,172032,0,0,0,0,16113589,0,0,0,0,135134,2860054,0,0,0
query,1067,4096,18338898,58901,9998,1433,17718024,17715567,0,0,0,0,461575,2054,86853,60,18338898,0,54095,8,52267,0,0,0,0,168,3867,5675226,0,1058611,0,172032,0,0,0,0,16231397,0,0,0,0,130718,2901562,0,0,0
query,1068,4096,18726886,59832,10550,1042,18099339,18096661,0,0,0,0,479188,2305,74430,200,18726886,0,54095,8,51474,0,0,0,0,173,3868,5671230,0,1063441,0,172032,0,0,0,0,16576216,0,0,0,0,131242,2912270,0,0,0
query,1069,4096,18254420,58841,9728,1282,17680133,17677295,0,0,0,0,422422,1904,80050,60,18254420,0,54095,8,51584,0,0,0,0,162,3865,5668754,0,1086170,0,172032,0,0,0,0,16203695,0,0,0,0,130905,2885128,0,0,0
query,1070,4096,18165774,58941,10249,1202,17595124,17592666,0,0,0,0,424976,2335,72667,280,18165774,0,54095,8,51576,0,0,0,0,184,3855,5652712,0,1076940,0,172032,0,0,0,0,16131720,0,0,0,0,132221,2882919,0,0,0
query,1071,4096,18079492,58750,9578,1333,17480498,17477670,0,0,0,0,454291,1814,73047,181,18079492,0,54095,8,51967,0,0,0,0,187,3839,5630286,0,1061420,0,172032,0,0,0,0,15988073,0,0,0,0,131140,2908569,0,0,0
query,1072,4096,18180251,59041,9287,1203,17608048,17605540,0,0,0,0,427030,2225,73237,180,18180251,0,54095,8,51752,0,0,0,0,166,3871,5676757,0,1105225,0,172032,0,0,0,0,16130257,0,0,0,0,131284,2863405,0,0,0
query,1073,4096,18195209,59091,9578,972,17616193,17613505,0,0,0,0,434385,1883,72917,190,18195209,0,54095,8,52094,0,0,0,0,179,3855,5650776,0,1058831,0,172032,0,0,0,0,16113836,0,0,0,0,135585,2909405,0,0,0
query,1074,4096,18859755,59492,9417,1674,18298933,18296326,0,0,0,0,414387,2034,73668,150,18859755,0,54095,8,52208,0,0,0,0,157,3888,5703991,0,1087022,0,172032,0,0,0,0,16739005,0,0,0,0,141294,2908882,0,0,0
query,1075,4096,18114678,58690,10429,882,17544649,17542121,0,0,0,0,424807,2144,72786,291,18114678,0,54095,8,52326,0,0,0,0,200,3841,5632663,0,1047932,0,172032,0,0,0,0,16061837,0,0,0,0,131451,2876844,0,0,0
query,1076,4096,18047001,59151,9588,942,17488042,17473662,0,1,0,0,414748,1643,72827,60,18047001,0,54095,8,51750,0,0,0,0,168,3858,5655720,0,1057680,0,172032,0,0,0,0,16036990,0,0,0,0,129922,2862554,0,0,0
query,1077,4096,18062720,59491,9829,1132,17500726,17498129,0,0,0,0,417433,1663,71985,461,18062720,0,54095,8,51699,0,0,0,0,188,3847,5645045,0,1057592,0,172032,0,0,0,0,16058559,0,0,0,0,131036,2899934,0,0,0
query,1078,4096,18184219,59221,9959,1392,17595264,17592876,0,0,0,0,442339,1714,73949,381,18184219,0,54095,8,52284,0,0,0,0,179,3853,5649331,0,1064252,0,172032,0,0,0,0,16102504,0,0,0,0,142081,2906639,0,0,0
query,1079,4096,18882026,59712,15379,981,18233000,18230663,0,0,0,0,496551,1733,74350,320,18882026,0,54095,8,51716,0,0,0,0,146,3888,5698787,0,1068554,0,172032,0,0,0,0,16642046,0,0,0,0,133690,2893026,0,0,0
query,1080,4096,18117183,59301,10059,1443,17531324,17528566,0,0,0,0,437310,2034,75461,251,18117183,0,54095,8,51750,0,0,0,0,194,3847,5639922,0,1052276,0,172032,0,0,0,0,16090424,0,0,0,0,133567,2900914,0,0,0
query,1081,4096,17989493,59391,16020,1312,17429463,17426985,0,0,0,0,408436,2014,72797,60,17989493,0,54095,8,52251,0,0,0,0,189,3852,5648678,0,1051835,0,172032,0,0,0,0,15990911,0,0,0,0,139162,2859481,0,0,0
query,1082,4096,18118596,59071,9959,1392,17464319,17461520,0,0,0,0,498134,2084,83456,181,18118596,0,54095,8,52368,0,0,0,0,183,3864,5667995,0,1065851,0,172032,0,0,0,0,15982858,0,0,0,0,130607,2867445,0,0,0
query,1083,4096,18345531,59341,10520,1332,17764261,17761733,0,0,0,0,435557,2084,72375,61,18345531,0,54095,8,52209,0,0,0,0,178,3851,5649931,0,1056515,0,172032,0,0,0,0,16253961,0,0,0,0,132596,2894479,0,0,0
query,1084,4096,18265581,59011,9498,1102,17664784,17662127,0,0,0,0,454122,1953,74920,191,18265581,0,54095,8,51818,0,0,0,0,177,3852,5649478,0,1065818,0,172032,0,0,0,0,16166259,0,0,0,0,131208,2902518,0,0,0
query,1085,4096,18779705,58931,9808,962,18213383,18210946,0,0,0,0,420749,2154,73578,140,18779705,0,54095,8,51961,0,0,0,0,203,3832,5620647,0,1065414,0,172032,0,0,0,0,16663425,0,0,0,0,133170,2959866,0,0,0
query,1086,4096,18309924,59772,9398,1513,17728523,17725766,0,0,0,0,434625,2084,73709,300,18309924,0,54095,8,51990,0,0,0,0,149,3886,5698985,0,1077699,0,172032,0,0,0,0,16251499,0,0,0,0,129984,2886112,0,0,0
query,1087,4096,18074022,58781,9618,1312,17520414,17517976,0,0,0,0,408767,1923,72896,311,18074022,0,54095,8,51402,0,0,0,0,176,3852,5652165,0,1060037,0,172032,0,0,0,0,16084852,0,0,0,0,131847,2869501,0,0,0
query,1088,4096,18424339,58319,10310,1553,17802633,17799985,0,0,0,0,474600,1863,74870,191,18424339,0,54095,8,52173,0,0,0,0,170,3863,5662206,0,1062829,0,172032,0,0,0,0,16286310,0,0,0,0,130449,2898127,0,0,0
query,1089,4096,18264789,58780,10230,1092,17668080,17665573,0,0,0,0,446817,1985,77144,661,18264789,0,54095,8,51372,0,0,0,0,179,3877,5686370,0,1076441,0,172032,0,0,0,0,16200871,0,0,0,0,132109,2880702,0,0,0
query,1090,4096,20583067,59352,9868,1223,19902650,19873414,0,1,0,0,527309,1583,80902,180,20583067,0,54095,8,51765,0,0,0,0,157,3862,5666617,0,1089672,0,172032,0,0,0,0,18188206,0,0,0,0,139250,3094898,0,0,0
query,1091,4096,18170161,59000,9879,1162,17565979,17563351,0,0,0,0,455143,1974,76664,360,18170161,0,54095,8,51781,0,0,0,0,175,3858,5657244,0,1056829,0,172032,0,0,0,0,16109264,0,0,0,0,130706,2877136,0,0,0
query,1092,4096,18279577,59301,10440,1001,17709388,17702722,0,1,0,0,425207,1724,72316,200,18279577,0,54095,8,51677,0,0,0,0,170,3871,5674819,0,1073861,0,172032,0,0,0,0,16208506,0,0,0,0,131411,2882965,0,0,0
query,1093,4096,18268506,59522,10008,1012,17671948,17657879,0,1,0,0,449403,1763,74670,180,18268506,0,54095,8,52025,0,0,0,0,166,3865,5669484,0,1072875,0,172032,0,0,0,0,16193516,0,0,0,0,135800,2866099,0,0,0
query,1094,4096,18125729,58740,9799,1192,17564025,17561678,0,0,0,0,417122,2014,72777,60,18125729,0,54095,8,51732,0,0,0,0,175,3859,5659943,0,1071288,0,172032,0,0,0,0,16120563,0,0,0,0,130608,2885719,0,0,0
query,1095,4096,18209446,67387,9397,1213,17616293,17613535,0,0,0,0,439995,2074,72717,370,18209446,0,54095,8,51662,0,0,0,0,192,3856,5656661,0,1053741,0,172032,0,0,0,0,16099900,0,0,0,0,130963,2878944,0,0,0
query,1096,4096,18677633,59140,9689,1052,18105651,18102773,0,0,0,0,427231,2304,72376,190,18677633,0,54095,8,52202,0,0,0,0,172,3850,5646614,0,1057864,0,172032,0,0,0,0,16562316,0,0,0,0,132890,2893999,0,0,0
query,1097,4096,18297411,59312,10660,1312,17719266,17716498,0,0,0,0,429846,1624,75211,180,18297411,0,54095,8,51682,0,0,0,0,181,3847,5642542,0,1060695,0,172032,0,0,0,0,16245148,0,0,0,0,136214,2887242,0,0,0
query,1098,4096,18245444,59232,9768,1292,17587540,17584761,0,0,0,0,508294,2504,76663,151,18245444,0,54095,8,51762,0,0,0,0,170,3868,5676926,0,1071490,0,172032,0,0,0,0,16100681,0,0,0,0,130181,2863917,0,0,0
query,1099,4096,18712078,58831,9788,952,18067489,18064992,0,0,0,0,493094,2095,79769,60,18712078,0,54095,8,51515,0,0,0,0,179,3852,5648840,0,1075146,0,172032,0,0,0,0,16518942,0,0,0,0,135324,2899709,0,0,0
query,1100,4096,18427585,58770,10620,1252,17821489,17804904,0,1,0,0,458209,2224,74830,191,18427585,0,54095,8,51814,0,0,0,0,166,3873,5678278,0,1081895,0,172032,0,0,0,0,16351885,0,0,0,0,131568,2886375,0,0,0
query,1101,4096,18368755,59312,9748,1132,17798515,17796468,0,0,0,0,424195,2184,73498,171,18368755,0,54095,8,51924,0,0,0,0,166,3870,5675018,0,1058133,0,172032,0,0,0,0,16339232,0,0,0,0,137768,2919343,0,0,0
query,1102,4096,18224835,90310,9117,1152,17591537,17577979,0,1,0,0,458880,1513,72145,181,18224835,0,54095,8,52004,0,0,0,0,189,3845,5639943,0,1054194,0,172032,0,0,0,0,16109970,0,0,0,0,130611,2880886,0,0,0
query,1103,4096,18059645,89678,8225,1553,17469248,17467271,0,0,0,0,416952,2264,71574,151,18059645,0,54095,8,52063,0,0,0,0,193,3856,5652918,0,1053751,0,172032,0,0,0,0,16046572,0,0,0,0,130956,2901267,0,0,0
query,1104,4096,18273015,90039,8827,1342,17635289,17614156,0,1,0,0,462637,1994,72727,160,18273015,0,54095,8,51732,0,0,0,0,186,3845,5640347,0,1066945,0,172032,0,0,0,0,16162748,0,0,0,0,132082,2859056,0,0,0
query,1105,4096,18122132,88577,9187,972,17512819,17510562,0,0,0,0,431149,1683,77355,390,18122132,0,54095,8,51907,0,0,0,0,175,3851,5646828,0,1061745,0,172032,0,0,0,0,16054659,0,0,0,0,129743,2868615,0,0,0
query,1106,4096,18374946,90419,8697,1803,17761395,17758928,0,0,0,0,436349,1673,74409,201,18374946,0,54095,8,51982,0,0,0,0,168,3869,5674377,0,1066725,0,172032,0,0,0,0,16282556,0,0,0,0,137482,2865761,0,0,0
query,1107,4096,19706703,123161,10810,1342,19004767,19002360,0,0,0,0,486782,2265,77205,371,19706703,0,54095,8,52017,0,0,0,0,193,3836,5625671,0,1081322,0,172032,0,0,0,0,17312930,0,0,0,0,144203,3020213,0,0,0
query,1108,4096,18260341,59481,10711,1102,17694590,17692042,0,0,0,0,420007,1643,72536,271,18260341,0,54095,8,51777,0,0,0,0,152,3886,5697199,0,1063409,0,172032,0,0,0,0,16238260,0,0,0,0,130997,2853466,0,0,0
query,1109,4096,18241927,58660,9719,1172,17631662,17629114,0,0,0,0,464050,1844,74670,150,18241927,0,54095,8,51921,0,0,0,0,185,3858,5658170,0,1066432,0,172032,0,0,0,0,16124543,0,0,0,0,130494,2861215,0,0,0
query,1110,4096,18219124,58981,9668,952,17649466,17646958,0,0,0,0,424116,2073,73678,190,18219124,0,54095,8,51775,0,0,0,0,174,3858,5656560,0,1055769,0,172032,0,0,0,0,16150473,0,0,0,0,131104,2888736,0,0,0
query,1111,4096,18468762,59061,9858,1573,17856734,17839318,0,1,0,0,464351,1733,75301,151,18468762,0,54095,8,52079,0,0,0,0,173,3870,5673112,0,1063567,0,172032,0,0,0,0,16302432,0,0,0,0,133236,2889599,0,0,0
query,1112,4096,18336014,58821,10610,901,17748051,17745503,0,0,0,0,435837,1753,79890,151,18336014,0,54095,8,52259,0,0,0,0,199,3833,5619859,0,1050602,0,172032,0,0,0,0,16278309,0,0,0,0,132727,2939663,0,0,0
query,1113,4096,18313641,62177,10589,1052,17712214,17709244,0,0,0,0,451006,1562,74780,261,18313641,0,54095,8,51973,0,0,0,0,184,3853,5651058,0,1061062,0,172032,0,0,0,0,16229791,0,0,0,0,132822,2875753,0,0,0
query,1114,4096,18193796,58851,9758,1162,17621213,17605019,0,1,0,0,427752,2144,72726,190,18193796,0,54095,8,51933,0,0,0,0,186,3852,5649475,0,1059048,0,172032,0,0,0,0,16149538,0,0,0,0,133005,2876510,0,0,0
query,1115,4096,18327427,59432,9868,1102,17753110,17750572,0,0,0,0,422322,2385,79028,180,18327427,0,54095,8,51942,0,0,0,0,198,3853,5650982,0,1055189,0,172032,0,0,0,0,16248563,0,0,0,0,134370,2885317,0,0,0
query,1116,4096,18116822,59251,9308,1132,17541072,17538514,0,0,0,0,430688,1713,73498,160,18116822,0,54095,8,51764,0,0,0,0,173,3866,5669149,0,1057776,0,172032,0,0,0,0,16081354,0,0,0,0,130871,2898513,0,0,0
query,1117,4096,18246565,59161,10259,1132,17668411,17666024,0,0,0,0,430057,2164,75111,270,18246565,0,54095,8,51987,0,0,0,0,170,3861,5662250,0,1061315,0,172032,0,0,0,0,16191569,0,0,0,0,130954,2852854,0,0,0
query,1118,4096,20728850,62948,9828,1143,20095592,20082166,0,1,0,0,481633,1523,76012,171,20728850,0,54095,8,51815,0,0,0,0,180,3861,5661152,0,1114493,0,172032,0,0,0,0,18388742,0,0,0,0,146090,3166545,0,0,0
query,1119,4096,18240604,89538,9287,1112,17644176,17641678,0,0,0,0,422181,1383,72767,160,18240604,0,54095,8,51793,0,0,0,0,180,3857,5654642,0,1053853,0,172032,0,0,0,0,16182302,0,0,0,0,136463,2856508,0,0,0
query,1120,4096,18241456,90249,8927,1072,17605683,17603497,0,0,0,0,461745,1845,71674,261,18241456,0,54095,8,51812,0,0,0,0,156,3881,5692628,0,1075590,0,172032,0,0,0,0,16120776,0,0,0,0,128584,2864030,0,0,0
query,1121,4096,18189128,89558,7845,1112,17598129,17574781,0,1,0,0,418755,1373,72125,231,18189128,0,54095,8,52124,0,0,0,0,164,3873,5679646,0,1058138,0,172032,0,0,0,0,16151775,0,0,0,0,131089,2905294,0,0,0
query,1122,4096,18293503,89598,8456,1192,17671818,17669310,0,0,0,0,449423,1522,71184,310,18293503,0,54095,8,52238,0,0,0,0,191,3837,5624510,0,1048874,0,172032,0,0,0,0,16181505,0,0,0,0,133125,2911181,0,0,0
query,1123,4096,18871998,89928,7905,992,18198275,18195546,0,0,0,0,498585,1903,74190,220,18871998,0,54095,8,51659,0,0,0,0,165,3875,5682927,0,1074864,0,172032,0,0,0,0,16638505,0,0,0,0,132463,2893934,0,0,0
query,1124,4096,18446230,88917,8256,1222,17811118,17808841,0,0,0,0,461415,1724,73287,291,18446230,0,54095,8,52085,0,0,0,0,168,3872,5678866,0,1071989,0,172032,0,0,0,0,16336026,0,0,0,0,132068,2906848,0,0,0
query,1125,4096,18130137,89838,7695,1202,17522738,17520260,0,0,0,0,434986,1743,71484,451,18130137,0,54095,8,52081,0,0,0,0,190,3846,5642511,0,1065299,0,172032,0,0,0,0,16039815,0,0,0,0,131451,2868764,0,0,0
query,1126,4096,18300516,90880,8115,1213,17679171,17676984,0,0,0,0,439334,1623,79940,240,18300516,0,54095,8,51644,0,0,0,0,184,3861,5661570,0,1069866,0,172032,0,0,0,0,16194912,0,0,0,0,132800,2888608,0,0,0
query,1127,4096,18161666,90921,8175,1433,17527156,17524569,0,0,0,0,455935,1553,72185,4308,18161666,0,54095,8,51742,0,0,0,0,177,3854,5653604,0,1051350,0,172032,0,0,0,0,16049319,0,0,0,0,131317,2868993,0,0,0
query,1128,4096,18290738,99006,8536,1052,17692365,17678999,0,1,0,0,414327,1643,73669,140,18290738,0,54095,8,51914,0,0,0,0,163,3878,5688164,0,1065430,0,172032,0,0,0,0,16216105,0,0,0,0,130755,2894543,0,0,0
query,1129,4096,18850007,58820,9398,1413,18227529,18224531,0,0,0,0,475933,1683,75061,170,18850007,0,54095,8,51841,0,0,0,0,178,3855,5652609,0,1060445,0,172032,0,0,0,0,16661847,0,0,0,0,134265,2919371,0,0,0
query,1130,4096,18137250,58941,9948,1173,17574274,17571607,0,0,0,0,417673,1944,73147,150,18137250,0,54095,8,52244,0,0,0,0,176,3866,5670511,0,1061561,0,172032,0,0,0,0,16121876,0,0,0,0,131147,2892620,0,0,0
query,1131,4096,18326385,58349,9929,1332,17735177,17714614,0,1,0,0,443943,2053,75221,381,18326385,0,54095,8,51643,0,0,0,0,180,3871,5675452,0,1069990,0,172032,0,0,0,0,16205774,0,0,0,0,130672,2898679,0,0,0
query,1132,4096,18086986,59101,10399,1373,17522688,17520240,0,0,0,0,411932,1793,79520,180,18086986,0,54095,8,52212,0,0,0,0,194,3852,5648032,0,1074634,0,172032,0,0,0,0,16056602,0,0,0,0,129356,2886476,0,0,0
query,1133,4096,18309223,58760,10640,1533,17730247,17727649,0,0,0,0,431539,1944,74450,110,18309223,0,54095,8,51933,0,0,0,0,169,3869,5675082,0,1061367,0,172032,0,0,0,0,16240618,0,0,0,0,130670,2888079,0,0,0
query,1134,4096,18805694,60063,9908,1002,18155074,18152496,0,0,0,0,499997,2224,77366,60,18805694,0,54095,8,51731,0,0,0,0,172,3878,5687538,0,1065839,0,172032,0,0,0,0,16577935,0,0,0,0,132673,2872684,0,0,0
query,1135,4096,18333218,58610,9929,1402,17771585,17768847,0,0,0,0,418265,1813,71474,140,18333218,0,54095,8,51962,0,0,0,0,162,3877,5685617,0,1061904,0,172032,0,0,0,0,16289533,0,0,0,0,132585,2885209,0,0,0
query,1136,4096,18180822,59010,9518,1363,17597618,17595060,0,0,0,0,437711,1643,73748,211,18180822,0,54095,8,52621,0,0,0,0,168,3885,5699505,0,1088035,0,172032,0,0,0,0,16128980,0,0,0,0,131050,2886262,0,0,0
query,1137,4096,18159091,58960,10510,1192,17588852,17586244,0,0,0,0,421811,1964,75662,140,18159091,0,54095,8,51459,0,0,0,0,166,3871,5674264,0,1060841,0,172032,0,0,0,0,16126101,0,0,0,0,129767,2882899,0,0,0
query,1138,4096,18204837,59342,9598,1262,17613127,17585063,0,1,0,0,443581,1714,75983,230,18204837,0,54095,8,51921,0,0,0,0,198,3835,5625738,0,1051431,0,172032,0,0,0,0,16091741,0,0,0,0,131700,2873814,0,0,0
query,1139,4096,18218392,58620,9487,1353,17640178,17637920,0,0,0,0,433423,1723,73548,60,18218392,0,54095,8,51666,0,0,0,0,180,3866,5668566,0,1069392,0,172032,0,0,0,0,16149752,0,0,0,0,130148,2885103,0,0,0
query,1140,4096,18854656,59602,9508,1182,18282663,18280135,0,0,0,0,425448,1923,73879,451,18854656,0,54095,8,51780,0,0,0,0,169,3870,5679571,0,1065905,0,172032,0,0,0,0,16703758,0,0,0,0,133013,2902383,0,0,0
query,1141,4096,18127832,59201,9858,1734,17566079,17563792,0,0,0,0,415008,1663,74119,170,18127832,0,54095,8,51659,0,0,0,0,159,3860,5657677,0,1066789,0,172032,0,0,0,0,16127830,0,0,0,0,129925,2892742,0,0,0
query,1142,4096,18240333,58970,10249,1113,17664553,17661996,0,0,0,0,428122,2316,74850,160,18240333,0,54095,8,52076,0,0,0,0,182,3870,5671840,0,1058654,0,172032,0,0,0,0,16183317,0,0,0,0,131493,2889300,0,0,0
query,1143,4096,18063923,59051,9578,1142,17503562,17501275,0,0,0,0,416211,1773,72546,60,18063923,0,54095,8,51880,0,0,0,0,173,3854,5653353,0,1067564,0,172032,0,0,0,0,16035475,0,0,0,0,131136,2875500,0,0,0
query,1144,4096,18296268,59842,9879,1102,17709899,17707762,0,0,0,0,440486,1933,72907,220,18296268,0,54095,8,51277,0,0,0,0,180,3861,5660167,0,1059322,0,172032,0,0,0,0,16223778,0,0,0,0,132477,2886138,0,0,0
query,1145,4096,18969500,59160,9338,872,18285698,18269846,0,1,0,0,533320,2114,78938,60,18969500,0,54095,8,51904,0,0,0,0,188,3856,5656569,0,1059369,0,172032,0,0,0,0,16705852,0,0,0,0,135088,2956087,0,0,0
query,1146,4096,18181864,58870,10450,1262,17616154,17613425,0,0,0,0,420639,1242,73077,170,18181864,0,54095,8,52258,0,0,0,0,183,3851,5644823,0,1072266,0,172032,0,0,0,0,16130649,0,0,0,0,132614,2861929,0,0,0
query,1147,4096,18295738,59362,10018,1463,17692556,17690259,0,0,0,0,456386,1814,73628,511,18295738,0,54095,8,52217,0,0,0,0,155,3888,5700964,0,1064952,0,172032,0,0,0,0,16194238,0,0,0,0,130466,2868820,0,0,0
query,1148,4096,18166575,67516,9438,942,17580536,17578068,0,0,0,0,432972,1703,73307,161,18166575,0,54095,8,51259,0,0,0,0,188,3848,5644982,0,1055374,0,172032,0,0,0,0,16119490,0,0,0,0,131384,2894218,0,0,0
query,1149,4096,18270551,58530,9919,1362,17668341,17647298,0,1,0,0,455253,2456,74569,121,18270551,0,54095,8,51822,0,0,0,0,174,3849,5646128,0,1049384,0,172032,0,0,0,0,16179008,0,0,0,0,129728,2895919,0,0,0
query,1150,4096,18139454,59080,9628,1092,17586027,17583679,0,0,0,0,409518,1643,72195,271,18139454,0,54095,8,52508,0,0,0,0,162,3872,5674827,0,1055642,0,172032,0,0,0,0,16121185,0,0,0,0,130511,2888294,0,0,0
query,1151,4096,20591893,58450,11892,1683,19988812,19986075,0,0,0,0,452619,1994,76283,160,20591893,0,54095,8,51781,0,0,0,0,184,3859,5658124,0,1111797,0,172032,0,0,0,0,18232396,0,0,0,0,151191,3163979,0,0,0
query,1152,4096,18230525,59502,10449,1152,17657982,17655584,0,0,0,0,423874,1955,75130,481,18230525,0,54095,8,51807,0,0,0,0,181,3859,5657960,0,1058532,0,172032,0,0,0,0,16227566,0,0,0,0,130421,2978146,0,0,0
query,1153,4096,18299294,58830,9708,1503,17730547,17727910,0,0,0,0,421360,1744,75401,201,18299294,0,54095,8,51868,0,0,0,0,169,3870,5675654,0,1058619,0,172032,0,0,0,0,16246326,0,0,0,0,142301,2882095,0,0,0
query,1154,4096,18269298,61115,10179,1232,17651860,17649543,0,0,0,0,468980,1823,73908,201,18269298,0,54095,8,52139,0,0,0,0,185,3850,5645478,0,1053615,0,172032,0,0,0,0,16166877,0,0,0,0,132309,2878754,0,0,0
query,1155,4096,18326735,59341,9678,922,17719848,17717570,0,0,0,0,461245,1673,73968,60,18326735,0,54095,8,52082,0,0,0,0,183,3868,5671731,0,1056490,0,172032,0,0,0,0,16233613,0,0,0,0,132507,2872449,0,0,0
query,1156,4096,18696208,59371,9398,952,17933849,17916493,0,1,0,0,604543,2334,85421,340,18696208,0,54095,8,52278,0,0,0,0,185,3860,5661161,0,1065083,0,172032,0,0,0,0,16375958,0,0,0,0,132006,2923035,0,0,0
query,1157,4096,18228331,66284,11572,1613,17653653,17651206,0,0,0,0,419236,1553,74370,50,18228331,0,54095,8,51197,0,0,0,0,184,3849,5644089,0,1073678,0,172032,0,0,0,0,16189831,0,0,0,0,132398,2857914,0,0,0
query,1158,4096,18155494,59181,10299,1012,17555329,17552782,0,0,0,0,452679,1843,74991,160,18155494,0,54095,8,51829,0,0,0,0,201,3848,5644924,0,1069916,0,172032,0,0,0,0,16101782,0,0,0,0,131417,2881966,0,0,0
query,1159,4096,18159822,58620,10048,1143,17583371,17580744,0,0,0,0,429997,1783,74700,160,18159822,0,54095,8,51986,0,0,0,0,177,3871,5678507,0,1062222,0,172032,0,0,0,0,16123155,0,0,0,0,131112,2874265,0,0,0
query,1160,4096,18248740,58851,9858,1082,17669283,17666464,0,0,0,0,432862,1693,74830,281,18248740,0,54095,8,52467,0,0,0,0,178,3853,5651526,0,1067549,0,172032,0,0,0,0,16189306,0,0,0,0,131108,2899979,0,0,0
query,1161,4096,18718961,58920,9639,1132,18012125,18009387,0,0,0,0,554710,2064,80221,150,18718961,0,54095,8,52208,0,0,0,0,168,3874,5682300,0,1067505,0,172032,0,0,0,0,16426210,0,0,0,0,139590,2913659,0,0,0
query,1162,4096,18488379,59111,10960,1072,17913030,17910752,0,0,0,0,428694,2184,73247,81,18488379,0,54095,8,51670,0,0,0,0,187,3846,5639169,0,1083278,0,172032,0,0,0,0,16441200,0,0,0,0,135545,2897565,0,0,0
query,1163,4096,18132100,106099,8876,1143,17485087,17482490,0,0,0,0,457088,1402,72315,90,18132100,0,54095,8,51993,0,0,0,0,184,3846,5642066,0,1064757,0,172032,0,0,0,0,15994258,0,0,0,0,129298,2868053,0,0,0
query,1164,4096,18200759,91261,8215,1503,17605363,17602955,0,0,0,0,420157,1354,72826,80,18200759,0,54095,8,51655,0,0,0,0,186,3846,5641251,0,1059270,0,172032,0,0,0,0,16117863,0,0,0,0,131918,2887761,0,0,0
query,1165,4096,18198946,91001,8796,1122,17552624,17550607,0,0,0,0,469490,1704,74019,190,18198946,0,54095,8,52307,0,0,0,0,171,3866,5669736,0,1062509,0,172032,0,0,0,0,16090472,0,0,0,0,134969,2883624,0,0,0
query,1166,4096,18296588,90369,8636,1002,17663111,17646237,0,1,0,0,457287,1974,74049,160,18296588,0,54095,8,52358,0,0,0,0,183,3847,5644821,0,1047943,0,172032,0,0,0,0,16150480,0,0,0,0,129639,2880843,0,0,0
query,1167,4096,18512273,89287,8596,972,17663773,17660463,0,0,0,0,663474,2134,83817,220,18512273,0,54095,8,51991,0,0,0,0,192,3836,5623665,0,1050006,0,172032,0,0,0,0,16095733,0,0,0,0,131224,2873829,0,0,0
query,1168,4096,18341713,91391,9538,1172,17735327,17732769,0,0,0,0,431419,1262,71294,310,18341713,0,54095,8,51984,0,0,0,0,181,3860,5661269,0,1076654,0,172032,0,0,0,0,16279969,0,0,0,0,132644,2916128,0,0,0
query,1169,4096,18245453,89297,8085,772,17618527,17616280,0,0,0,0,452769,1483,74340,180,18245453,0,54095,8,52369,0,0,0,0,198,3840,5631520,0,1040482,0,172032,0,0,0,0,16108947,0,0,0,0,132867,2872780,0,0,0
query,1170,4096,18139164,89348,14597,1573,17524241,17522123,0,0,0,0,429054,1934,77886,531,18139164,0,54095,8,52158,0,0,0,0,164,3875,5682984,0,1054423,0,172032,0,0,0,0,16070087,0,0,0,0,128913,2858992,0,0,0
query,1171,4096,18342886,86623,8175,751,17727272,17724653,0,0,0,0,444273,1332,74280,180,18342886,0,54095,8,51752,0,0,0,0,171,3857,5655244,0,1053721,0,172032,0,0,0,0,16235637,0,0,0,0,129303,2862405,0,0,0
query,1172,4096,18061077,59181,10018,1523,17487753,17485285,0,0,0,0,427662,1643,73127,170,18061077,0,54095,8,51983,0,0,0,0,173,3865,5666528,0,1056445,0,172032,0,0,0,0,16042033,0,0,0,0,130033,2894419,0,0,0
query,1173,4096,18881726,59071,9798,1293,18284125,18281668,0,0,0,0,450214,1533,75522,170,18881726,0,54095,8,51833,0,0,0,0,174,3855,5651679,0,1063388,0,172032,0,0,0,0,16699292,0,0,0,0,133358,2886338,0,0,0
query,1174,4096,18234002,59452,11021,1492,17655287,17652588,0,0,0,0,431289,1833,73418,210,18234002,0,54095,8,52188,0,0,0,0,165,3881,5692807,0,1061226,0,172032,0,0,0,0,16167054,0,0,0,0,130115,2898377,0,0,0
query,1175,4096,18204546,59271,10439,1323,17638575,17635967,0,0,0,0,419115,1434,74329,60,18204546,0,54095,8,52389,0,0,0,0,193,3849,5642732,0,1052363,0,172032,0,0,0,0,16165274,0,0,0,0,132836,2911008,0,0,0
query,1176,4096,18282783,58880,9889,1162,17678931,17676614,0,0,0,0,449964,1953,81824,180,18282783,0,54095,8,51616,0,0,0,0,167,3874,5683100,0,1075096,0,172032,0,0,0,0,16199733,0,0,0,0,131464,2851725,0,0,0
query,1177,4096,18230885,59211,9778,1252,17643385,17641187,0,0,0,0,440827,2063,74069,300,18230885,0,54095,8,51960,0,0,0,0,166,3865,5668720,0,1076991,0,172032,0,0,0,0,16180074,0,0,0,0,131465,2886334,0,0,0
query,1178,4096,19748040,59010,9598,1082,17880950,17878081,0,0,0,0,784381,2545,1010134,340,19748040,0,54095,8,51947,0,0,0,0,175,3853,5650379,0,1057917,0,172032,0,0,0,0,16273572,0,0,0,0,132956,2889731,0,0,0
query,1179,4096,20310746,109716,25127,4328,19679812,19660435,0,1,0,0,417222,2235,71985,321,20310746,0,54095,8,51535,0,0,0,0,153,3887,5703898,0,1113567,0,172032,0,0,0,0,17485559,0,0,0,0,142374,3018830,0,0,0
query,1180,4096,18249000,89758,8777,1593,17629839,17627532,0,0,0,0,445376,1452,71985,220,18249000,0,54095,8,51812,0,0,0,0,182,3848,5643404,0,1060679,0,172032,0,0,0,0,16169278,0,0,0,0,131393,2896272,0,0,0
query,1181,4096,18136529,89689,8776,802,17499644,17497498,0,0,0,0,457217,1453,78618,330,18136529,0,54095,8,52052,0,0,0,0,176,3860,5659970,0,1053077,0,172032,0,0,0,0,16045171,0,0,0,0,131453,2880369,0,0,0
query,1182,4096,18063953,91692,8466,841,17472564,17469906,0,0,0,0,416932,1723,71544,191,18063953,0,54095,8,52235,0,0,0,0,200,3834,5619338,0,1054026,0,172032,0,0,0,0,16026581,0,0,0,0,133085,2860389,0,0,0
query,1183,4096,18166555,90380,9167,1012,17540261,17537412,0,0,0,0,451918,2083,71524,210,18166555,0,54095,8,52435,0,0,0,0,168,3871,5677853,0,1073349,0,172032,0,0,0,0,16069797,0,0,0,0,129406,2874889,0,0,0
query,1184,4096,18902085,104366,8506,1212,18286420,18283883,0,0,0,0,425688,2264,73558,71,18902085,0,54095,8,52134,0,0,0,0,170,3867,5668112,0,1061692,0,172032,0,0,0,0,16747656,0,0,0,0,134742,2942562,0,0,0
query,1185,4096,18178667,89487,9228,1092,17551061,17548564,0,0,0,0,444754,2084,80450,511,18178667,0,54095,8,51811,0,0,0,0,180,3862,5663655,0,1055391,0,172032,0,0,0,0,16067600,0,0,0,0,130468,2888300,0,0,0
query,1186,4096,18066888,89127,8897,1452,17467154,17464807,0,0,0,0,427332,1823,70833,270,18066888,0,54095,8,51907,0,0,0,0,171,3859,5658134,0,1054005,0,172032,0,0,0,0,16022922,0,0,0,0,129160,2851140,0,0,0
query,1187,4096,18368434,90280,8496,1012,17744453,17741866,0,0,0,0,449774,1553,72556,310,18368434,0,54095,8,51811,0,0,0,0,173,3872,5679513,0,1060464,0,172032,0,0,0,0,16247206,0,0,0,0,131563,2871545,0,0,0
query,1188,4096,18093017,89308,8506,1142,17507208,17504771,0,0,0,0,413636,1603,71434,180,18093017,0,54095,8,51718,0,0,0,0,175,3880,5690319,0,1058502,0,172032,0,0,0,0,16061331,0,0,0,0,131531,2867900,0,0,0
query,1189,4096,18582295,89878,8657,1092,17819354,17816206,0,0,0,0,584285,2154,76374,501,18582295,0,54095,8,51781,0,0,0,0,178,3853,5650592,0,1053820,0,172032,0,0,0,0,16279852,0,0,0,0,130410,2868631,0,0,0
query,1190,4096,18147420,89188,8436,1703,17542585,17539967,0,0,0,0,428934,1763,74691,120,18147420,0,54095,8,51989,0,0,0,0,182,3852,5648164,0,1048243,0,172032,0,0,0,0,16105616,0,0,0,0,133816,2888285,0,0,0
query,1191,4096,18175332,89248,8215,1002,17576739,17569463,0,0,0,0,420840,2244,76804,240,18175332,0,54095,8,51383,0,0,0,0,173,3868,5671036,0,1054856,0,172032,0,0,0,0,16081931,0,0,0,0,131046,2829990,0,0,0
query,1192,4096,18092206,89398,8526,1623,17467955,17465588,0,0,0,0,450294,1634,72536,240,18092206,0,54095,8,51961,0,0,0,0,184,3850,5647682,0,1049883,0,172032,0,0,0,0,15997132,0,0,0,0,129475,2857577,0,0,0
query,1193,4096,18053744,89849,8215,1052,17469678,17467101,0,0,0,0,411552,2184,71153,61,18053744,0,54095,8,51765,0,0,0,0,205,3832,5618495,0,1054348,0,172032,0,0,0,0,15995877,0,0,0,0,131792,2867497,0,0,0
query,1194,4096,18117183,93395,8526,1413,17503823,17501535,0,0,0,0,435106,1833,72827,260,18117183,0,54095,8,52600,0,0,0,0,191,3848,5643494,0,1050549,0,172032,0,0,0,0,16011578,0,0,0,0,130314,2925351,0,0,0
query,1195,4096,18737596,89107,8947,1242,18105942,18103364,0,0,0,0,454091,1653,76454,160,18737596,0,54095,8,51788,0,0,0,0,166,3862,5661603,0,1067379,0,172032,0,0,0,0,16548954,0,0,0,0,131767,2891792,0,0,0
query,1196,4096,18141087,89157,9227,1163,17508691,17506354,0,0,0,0,457688,1503,73468,190,18141087,0,54095,8,52349,0,0,0,0,186,3842,5632960,0,1057178,0,172032,0,0,0,0,16039672,0,0,0,0,136424,2868237,0,0,0
query,1197,4096,18109257,89918,9137,1223,17498673,17496356,0,0,0,0,436097,1703,71875,631,18109257,0,54095,8,52509,0,0,0,0,188,3845,5635231,0,1070195,0,172032,0,0,0,0,16023673,0,0,0,0,130969,2866849,0,0,0
query,1198,4096,18337706,90249,9297,782,17711021,17684879,0,1,0,0,449312,1964,74921,160,18337706,0,54095,8,51823,0,0,0,0,173,3870,5678151,0,1156996,0,172032,0,0,0,0,16237528,0,0,0,0,130936,2858625,0,0,0
query,1199,4096,18115549,90780,8466,1202,17506768,17504761,0,0,0,0,433313,1412,73308,300,18115549,0,54095,8,51700,0,0,0,0,180,3859,5661563,0,1070910,0,172032,0,0,0,0,16047025,0,0,0,0,131094,2861333,0,0,0
query,1200,4096,18538302,90639,8206,711,17747950,17744711,0,0,0,0,606677,2906,80842,371,18538302,0,54095,8,51708,0,0,0,0,173,3864,5665077,0,1062839,0,172032,0,0,0,0,16199932,0,0,0,0,130469,2861119,0,0,0
query,1201,4096,18320965,91803,9367,1012,17695993,17677355,0,2,0,0,446747,1573,74260,210,18320965,0,54095,8,52209,0,0,0,0,196,3829,5613058,0,1060163,0,172032,0,0,0,0,16191071,0,0,0,0,132043,2907281,0,0,0
query,1202,4096,18188206,90339,8396,962,17584344,17582126,0,0,0,0,428945,1412,73708,100,18188206,0,54095,8,52110,0,0,0,0,170,3859,5659088,0,1060705,0,172032,0,0,0,0,16112279,0,0,0,0,130096,2897871,0,0,0
query,1203,4096,18379644,90229,8095,1553,17709107,17701069,0,1,0,0,494978,1433,73818,431,18379644,0,54095,8,51923,0,0,0,0,179,3848,5645620,0,1056300,0,172032,0,0,0,0,16176947,0,0,0,0,130085,2891208,0,0,0
query,1204,4096,18233090,90400,7855,1132,17636160,17634034,0,0,0,0,423174,2004,72295,70,18233090,0,54095,8,52036,0,0,0,0,161,3882,5691865,0,1072367,0,172032,0,0,0,0,16195147,0,0,0,0,129922,2855754,0,0,0
query,1205,4096,18235545,90440,12723,1243,17576118,17573661,0,0,0,0,478477,2184,74179,181,18235545,0,54095,8,51831,0,0,0,0,192,3859,5657495,0,1063371,0,172032,0,0,0,0,16082788,0,0,0,0,131326,2890296,0,0,0
query,1206,4096,18759026,90299,9147,1122,18139585,18137117,0,0,0,0,442760,1944,73959,210,18759026,0,54095,8,52326,0,0,0,0,154,3886,5701073,0,1086133,0,172032,0,0,0,0,16619956,0,0,0,0,131247,2864987,0,0,0
query,1207,4096,18329490,90630,13655,972,17689491,17686893,0,0,0,0,459923,1342,73387,90,18329490,0,54095,8,52022,0,0,0,0,173,3868,5672623,0,1059254,0,172032,0,0,0,0,16208809,0,0,0,0,130605,2908429,0,0,0
query,1208,4096,18346122,90290,9097,1342,17715951,17701240,0,1,0,0,447810,1482,79940,210,18346122,0,54095,8,52097,0,0,0,0,145,3896,5718652,0,1066374,0,172032,0,0,0,0,16253346,0,0,0,0,128541,2889384,0,0,0
query,1209,4096,18340903,89829,8526,1202,17727202,17724724,0,0,0,0,437030,1973,74960,181,18340903,0,54095,8,51727,0,0,0,0,171,3859,5661444,0,1054311,0,172032,0,0,0,0,16215832,0,0,0,0,131464,2873345,0,0,0
query,1210,4096,18217992,98505,9368,911,17592799,17590152,0,0,0,0,441227,1784,73107,291,18217992,0,54095,8,52072,0,0,0,0,181,3858,5655727,0,1054104,0,172032,0,0,0,0,16131172,0,0,0,0,131250,2866510,0,0,0
query,1211,4096,20008810,89027,9468,902,18516922,18513192,0,0,0,0,1212584,3676,176141,90,20008810,0,54095,8,52209,0,0,0,0,171,3871,5674790,0,1065302,0,172032,0,0,0,0,16508319,0,0,0,0,133434,2912557,0,0,0
query,1212,4096,19344995,79850,12553,2765,18705717,18703058,0,0,0,0,465152,1933,76814,211,19344995,0,54095,8,52322,0,0,0,0,165,3886,5699454,0,1066626,0,172032,0,0,0,0,16807155,0,0,0,0,139493,2908129,0,0,0
query,1213,4096,18041200,89237,9949,1462,17454631,17452543,0,0,0,0,411602,1823,72336,160,18041200,0,54095,8,52001,0,0,0,0,191,3835,5623056,0,1058438,0,172032,0,0,0,0,16011531,0,0,0,0,131397,2906900,0,0,0
query,1214,4096,18193686,89818,9448,1653,17541593,17539286,0,0,0,0,476153,1713,73108,200,18193686,0,54095,8,51572,0,0,0,0,178,3849,5648101,0,1072247,0,172032,0,0,0,0,16059226,0,0,0,0,130736,2874685,0,0,0
query,1215,4096,18049355,89868,8787,1402,17433541,17407658,0,1,0,0,441528,1583,72356,290,18049355,0,54095,8,52052,0,0,0,0,191,3842,5636415,0,1055529,0,172032,0,0,0,0,15980779,0,0,0,0,132135,2870719,0,0,0
query,1216,4096,18981323,91401,8506,1553,18356251,18353824,0,0,0,0,446768,2134,74519,191,18981323,0,54095,8,51652,0,0,0,0,181,3855,5653856,0,1076198,0,172032,0,0,0,0,16749819,0,0,0,0,142215,2903486,0,0,0
query,1217,4096,18581784,93736,9217,1162,17949799,17946871,0,0,0,0,449894,1643,76152,181,18581784,0,54095,8,51198,0,0,0,0,186,3844,5636423,0,1062738,0,172032,0,0,0,0,16413370,0,0,0,0,131188,2880991,0,0,0
query,1218,4096,18357273,89698,10139,1072,17746758,17736385,0,1,0,0,434104,1664,73648,190,18357273,0,54095,8,51835,0,0,0,0,176,3860,5661324,0,1066185,0,172032,0,0,0,0,16270306,0,0,0,0,131121,2877642,0,0,0
query,1219,4096,18187866,90480,9147,1232,17550701,17548443,0,0,0,0,458199,1503,76373,231,18187866,0,54095,8,52334,0,0,0,0,158,3875,5680158,0,1065905,0,172032,0,0,0,0,16073148,0,0,0,0,128995,2875499,0,0,0
query,1220,4096,18296318,88997,10630,1312,17687076,17685009,0,0,0,0,433804,2124,72325,50,18296318,0,54095,8,51598,0,0,0,0,191,3851,5648641,0,1049403,0,172032,0,0,0,0,16216531,0,0,0,0,137184,2888981,0,0,0
query,1221,4096,18273736,89698,8185,892,17643073,17640656,0,0,0,0,456977,1643,73218,50,18273736,0,54095,8,52342,0,0,0,0,183,3856,5657853,0,1067062,0,172032,0,0,0,0,16169546,0,0,0,0,129459,2905288,0,0,0
query,1222,4096,18391727,89918,8506,1143,17663912,17648591,0,1,0,0,544732,2274,81142,100,18391727,0,54095,8,52265,0,0,0,0,172,3874,5678229,0,1067923,0,172032,0,0,0,0,16137387,0,0,0,0,132035,2894308,0,0,0
query,1223,4096,18563800,89899,9026,1183,17919061,17916544,0,0,0,0,468890,1883,73698,160,18563800,0,54095,8,51904,0,0,0,0,193,3841,5632342,0,1050118,0,172032,0,0,0,0,16386166,0,0,0,0,132572,2881977,0,0,0
query,1224,4096,18238911,89609,8475,1002,17627695,17625428,0,0,0,0,437310,2134,72526,160,18238911,0,54095,8,52188,0,0,0,0,161,3879,5687031,0,1072514,0,172032,0,0,0,0,16162509,0,0,0,0,128661,2890294,0,0,0
query,1225,4096,18394272,89338,8425,992,17761957,17759750,0,0,0,0,452228,1573,79569,190,18394272,0,54095,8,51759,0,0,0,0,188,3842,5633678,0,1075917,0,172032,0,0,0,0,16223988,0,0,0,0,130930,2881632,0,0,0
query,1226,4096,18033246,90159,8857,1533,17432799,17430492,0,0,0,0,427151,1693,70873,181,18033246,0,54095,8,51846,0,0,0,0,173,3854,5653466,0,1051512,0,172032,0,0,0,0,16013399,0,0,0,0,128892,2855131,0,0,0
query,1227,4096,18289356,90530,8456,1212,17683129,17680681,0,0,0,0,426149,1373,78326,181,18289356,0,54095,8,51914,0,0,0,0,168,3874,5680111,0,1061020,0,172032,0,0,0,0,16192549,0,0,0,0,130511,2853506,0,0,0
query,1228,4096,18725223,82595,8175,1122,18066748,18064411,0,0,0,0,490189,1724,74459,211,18725223,0,54095,8,51932,0,0,0,0,182,3855,5651956,0,1052728,0,172032,0,0,0,0,16485041,0,0,0,0,134693,2898072,0,0,0
query,1229,4096,18211800,90690,8957,1132,17618808,17604609,0,1,0,0,417393,1633,72986,201,18211800,0,54095,8,51703,0,0,0,0,174,3865,5668999,0,1054537,0,172032,0,0,0,0,16162239,0,0,0,0,130528,2850504,0,0,0
query,1230,4096,18186743,90530,8927,912,17562342,17559955,0,0,0,0,446497,1543,75842,150,18186743,0,54095,8,51518,0,0,0,0,172,3860,5660034,0,1052381,0,172032,0,0,0,0,16085996,0,0,0,0,133858,2851747,0,0,0
query,1231,4096,18257516,90499,8897,1112,17663723,17661415,0,0,0,0,419206,1753,72165,161,18257516,0,54095,8,51958,0,0,0,0,198,3855,5652890,0,1050651,0,172032,0,0,0,0,16165004,0,0,0,0,131944,2867232,0,0,0
query,1232,4096,18423417,90921,8516,1112,17767727,17747396,0,1,0,0,479880,1442,73649,170,18423417,0,54095,8,52339,0,0,0,0,192,3855,5651059,0,1051799,0,172032,0,0,0,0,16230624,0,0,0,0,131002,2886772,0,0,0
query,1233,4096,18290948,90489,8045,1002,17562222,17559373,0,0,0,0,548218,2725,77977,270,18290948,0,54095,8,51582,0,0,0,0,171,3867,5669078,0,1055459,0,172032,0,0,0,0,16094829,0,0,0,0,130732,2885545,0,0,0
query,1234,4096,18722998,89387,8025,1443,18096764,18094417,0,0,0,0,451918,1633,73668,160,18722998,0,54095,8,51940,0,0,0,0,181,3860,5661029,0,1054998,0,172032,0,0,0,0,16526098,0,0,0,0,134759,2863743,0,0,0
query,1235,4096,18125989,90780,9087,992,17508511,17506254,0,0,0,0,443241,1453,71774,151,18125989,0,54095,8,52028,0,0,0,0,184,3855,5650516,0,1054301,0,172032,0,0,0,0,16045515,0,0,0,0,134152,2868153,0,0,0
query,1236,4096,18395104,89157,7875,812,17787564,17784816,0,0,0,0,435106,1673,72747,170,18395104,0,54095,8,52243,0,0,0,0,150,3881,5691196,0,1090137,0,172032,0,0,0,0,16272106,0,0,0,0,134613,2867747,0,0,0
query,1237,4096,18058112,90810,9218,1152,17428130,17425623,0,0,0,0,454863,2194,71544,201,18058112,0,54095,8,52131,0,0,0,0,182,3849,5645201,0,1050691,0,172032,0,0,0,0,15970618,0,0,0,0,129375,2857335,0,0,0
query,1238,4096,18290768,90560,8316,1172,17683680,17681312,0,0,0,0,432220,1703,72987,130,18290768,0,54095,8,51525,0,0,0,0,164,3874,5680921,0,1055900,0,172032,0,0,0,0,16205333,0,0,0,0,130565,2884818,0,0,0
query,1239,4096,19638846,90079,8696,1162,18981944,18979708,0,0,0,0,480000,1844,74931,190,19638846,0,54095,8,51708,0,0,0,0,176,3854,5651102,0,1055870,0,172032,0,0,0,0,17324638,0,0,0,0,136384,2986005,0,0,0
query,1240,4096,18110701,90019,9368,1142,17533268,17530910,0,0,0,0,401413,1773,73558,160,18110701,0,54095,8,52111,0,0,0,0,186,3859,5659574,0,1063616,0,172032,0,0,0,0,16103632,0,0,0,0,131714,2889043,0,0,0
query,1241,4096,18245333,91081,8445,1363,17597217,17594569,0,0,0,0,472005,1654,73377,191,18245333,0,54095,8,51727,0,0,0,0,184,3843,5640798,0,1074998,0,172032,0,0,0,0,16092561,0,0,0,0,128435,2869112,0,0,0
query,1242,4096,18101022,90179,8536,712,17493162,17491376,0,0,0,0,435266,1633,71424,110,18101022,0,54095,8,52127,0,0,0,0,187,3841,5634761,0,1067115,0,172032,0,0,0,0,16050023,0,0,0,0,130752,2873879,0,0,0
query,1243,4096,18289165,91181,7424,1202,17663532,17639013,0,1,0,0,450736,1753,73057,280,18289165,0,54095,8,51758,0,0,0,0,177,3857,5656642,0,1060648,0,172032,0,0,0,0,16195234,0,0,0,0,134841,2862876,0,0,0
query,1244,4096,18173999,90400,8295,1082,17441576,17438317,0,0,0,0,541836,2254,88206,350,18173999,0,54095,8,51537,0,0,0,0,189,3853,5649350,0,1054682,0,172032,0,0,0,0,15954629,0,0,0,0,130247,2853736,0,0,0
query,1245,4096,18643440,92223,9648,922,18030560,18028002,0,0,0,0,435567,1663,72696,161,18643440,0,54095,8,51891,0,0,0,0,197,3840,5632547,0,1063425,0,172032,0,0,0,0,16478532,0,0,0,0,135357,2885504,0,0,0
query,1246,4096,18210027,90159,9047,1453,17561861,17559645,0,0,0,0,473739,1693,71955,120,18210027,0,54095,8,52258,0,0,0,0,155,3893,5709344,0,1066299,0,172032,0,0,0,0,16138398,0,0,0,0,129245,2930541,0,0,0
query,1247,4096,18237318,89458,8295,962,17650628,17648240,0,0,0,0,413846,2104,71905,120,18237318,0,54095,8,52093,0,0,0,0,183,3850,5645001,0,1052793,0,172032,0,0,0,0,16198587,0,0,0,0,131388,2878068,0,0,0
query,1248,4096,18068852,90790,8977,1433,17445683,17443126,0,0,0,0,447739,1583,72126,521,18068852,0,54095,8,51860,0,0,0,0,177,3849,5643377,0,1051547,0,172032,0,0,0,0,15993662,0,0,0,0,130184,2876651,0,0,0
query,1249,4096,18356120,89217,8225,1082,17745095,17742416,0,0,0,0,436949,1804,73538,210,18356120,0,54095,8,51919,0,0,0,0,168,3882,5696954,0,1076000,0,172032,0,0,0,0,16287668,0,0,0,0,136271,2883636,0,0,0
query,1250,4096,18587264,89388,9297,982,17942746,17940578,0,0,0,0,465282,1663,77726,180,18587264,0,54095,8,52467,0,0,0,0,169,3870,5674527,0,1075404,0,172032,0,0,0,0,16441468,0,0,0,0,131148,2937878,0,0,0
query,1251,4096,18063412,89398,9327,1132,17467655,17464866,0,0,0,0,422472,1853,71504,71,18063412,0,54095,8,51664,0,0,0,0,175,3860,5658006,0,1059180,0,172032,0,0,0,0,16013825,0,0,0,0,130511,2847816,0,0,0
query,1252,4096,18431312,96651,8606,922,17768248,17766101,0,0,0,0,481523,1653,73528,181,18431312,0,54095,8,51726,0,0,0,0,176,3866,5669697,0,1070498,0,172032,0,0,0,0,16253197,0,0,0,0,132284,2885789,0,0,0
query,1253,4096,18163430,88947,8506,992,17542194,17539958,0,0,0,0,450014,1643,70913,221,18163430,0,54095,8,52023,0,0,0,0,167,3861,5660751,0,1100989,0,172032,0,0,0,0,16117429,0,0,0,0,129407,2872018,0,0,0
query,1254,4096,18249151,89218,8055,801,17640589,17637821,0,0,0,0,436820,1162,72435,71,18249151,0,54095,8,52065,0,0,0,0,192,3848,5643969,0,1062075,0,172032,0,0,0,0,16162778,0,0,0,0,131322,2885230,0,0,0
query,1255,4096,17995775,90710,9699,1021,17408214,17406076,0,0,0,0,415169,1963,68759,240,17995775,0,54095,8,52056,0,0,0,0,176,3856,5655284,0,1057593,0,172032,0,0,0,0,15974785,0,0,0,0,130292,2877741,0,0,0
query,1256,4096,18870505,89919,7554,1192,18256684,18254297,0,0,0,0,439654,1824,73608,70,18870505,0,54095,8,51738,0,0,0,0,204,3842,5632493,0,1063817,0,172032,0,0,0,0,16659846,0,0,0,0,136965,2911684,0,0,0
query,1257,4096,18271672,90930,9167,1132,17625080,17622812,0,0,0,0,469690,1854,73618,201,18271672,0,54095,8,52341,0,0,0,0,166,3870,5674217,0,1058507,0,172032,0,0,0,0,16140957,0,0,0,0,134338,2900651,0,0,0
query,1258,4096,18248619,89337,9067,922,17637934,17635286,0,0,0,0,437250,1723,72165,221,18248619,0,54095,8,52482,0,0,0,0,162,3868,5674644,0,1055560,0,172032,0,0,0,0,16162119,0,0,0,0,131053,2885857,0,0,0
query,1259,4096,18228792,90299,8506,1312,17575908,17573490,0,0,0,0,476483,2445,73759,80,18228792,0,54095,8,52209,0,0,0,0,172,3871,5676676,0,1056118,0,172032,0,0,0,0,16104198,0,0,0,0,129498,2878528,0,0,0
query,1260,4096,18126029,90250,8566,1482,17531254,17515230,0,1,0,0,419697,1703,72877,200,18126029,0,54095,8,52301,0,0,0,0,193,3848,5645087,0,1062516,0,172032,0,0,0,0,16104290,0,0,0,0,138691,2889378,0,0,0
query,1261,4096,18482678,90028,8436,1132,17831407,17828749,0,0,0,0,474390,1733,75351,201,18482678,0,54095,8,51809,0,0,0,0,174,3880,5688887,0,1081852,0,172032,0,0,0,0,16345016,0,0,0,0,131851,2897716,0,0,0
query,1262,4096,18138242,91652,9047,1142,17514512,17511553,0,0,0,0,448170,1303,72235,181,18138242,0,54095,8,52600,0,0,0,0,191,3840,5635447,0,1051906,0,172032,0,0,0,0,16059123,0,0,0,0,131902,2878395,0,0,0
query,1263,4096,18501113,89748,8486,1172,17870300,17868153,0,0,0,0,456216,1663,73417,111,18501113,0,54095,8,51919,0,0,0,0,166,3872,5679875,0,1058647,0,172032,0,0,0,0,16337484,0,0,0,0,131319,2896111,0,0,0
query,1264,4096,18233060,90149,9427,942,17603800,17601833,0,0,0,0,453109,1844,73709,80,18233060,0,54095,8,51610,0,0,0,0,179,3860,5664002,0,1050267,0,172032,0,0,0,0,16137985,0,0,0,0,129671,2948483,0,0,0
query,1265,4096,18267805,90319,9077,882,17661498,17658810,0,0,0,0,431599,1663,72516,251,18267805,0,54095,8,51474,0,0,0,0,184,3853,5649800,0,1049749,0,172032,0,0,0,0,16169139,0,0,0,0,137082,2858296,0,0,0
query,1266,4096,18132311,90179,8817,1132,17492411,17490154,0,0,0,0,464010,1563,73748,451,18132311,0,54095,8,51623,0,0,0,0,179,3858,5659376,0,1053645,0,172032,0,0,0,0,16001058,0,0,0,0,133528,2847738,0,0,0
query,1267,4096,18749328,89779,8676,992,18157959,18133861,0,1,0,0,416952,1593,73297,80,18749328,0,54095,8,52019,0,0,0,0,202,3842,5634114,0,1052451,0,172032,0,0,0,0,16614353,0,0,0,0,136367,2922469,0,0,0
query,1268,4096,18240143,89979,8746,1393,17611544,17609517,0,0,0,0,454232,1603,72456,190,18240143,0,54095,8,51280,0,0,0,0,161,3883,5695098,0,1075001,0,172032,0,0,0,0,16146755,0,0,0,0,128652,2895657,0,0,0
query,1269,4096,18150175,90149,8236,1212,17558605,17556007,0,0,0,0,417713,1573,72446,241,18150175,0,54095,8,51888,0,0,0,0,177,3864,5664933,0,1051254,0,172032,0,0,0,0,16093478,0,0,0,0,130278,2847181,0,0,0
query,1270,4096,18881135,90429,8586,1243,18188907,18186751,0,0,0,0,514224,1803,75742,201,18881135,0,54095,8,51464,0,0,0,0,149,3900,5720321,0,1079791,0,172032,0,0,0,0,16610926,0,0,0,0,132544,2871704,0,0,0
query,1271,4096,18199216,90580,8586,1363,17608388,17593488,0,1,0,0,419386,1543,69220,150,18199216,0,54095,8,51742,0,0,0,0,146,3895,5712032,0,1063673,0,172032,0,0,0,0,16167382,0,0,0,0,129751,2878878,0,0,0
query,1272,4096,19859690,89678,7565,1062,19184303,19181506,0,0,0,0,500088,1713,75211,70,19859690,0,54095,8,52076,0,0,0,0,165,3875,5680749,0,1061108,0,172032,0,0,0,0,17541190,0,0,0,0,139524,2963429,0,0,0
query,1273,4096,18118746,90059,9177,742,17529360,17526953,0,0,0,0,416481,1453,71374,100,18118746,0,54095,8,51788,0,0,0,0,170,3867,5671923,0,1063634,0,172032,0,0,0,0,16054428,0,0,0,0,130846,2862446,0,0,0
query,1274,4096,18379805,90590,8386,922,17765122,17755522,0,1,0,0,438312,1403,74930,140,18379805,0,54095,8,51311,0,0,0,0,171,3860,5658323,0,1071149,0,172032,0,0,0,0,16249515,0,0,0,0,130963,2873770,0,0,0
query,1275,4096,18390305,92563,8867,862,17719006,17716819,0,0,0,0,492865,2073,73858,211,18390305,0,54095,8,51711,0,0,0,0,155,3878,5685596,0,1059772,0,172032,0,0,0,0,16231077,0,0,0,0,129046,2898377,0,0,0
query,1276,4096,18302701,90981,9348,1122,17706382,17703955,0,0,0,0,417232,2154,75291,191,18302701,0,54095,8,51807,0,0,0,0,170,3870,5674246,0,1059378,0,172032,0,0,0,0,16210361,0,0,0,0,136950,2869639,0,0,0
query,1277,4096,18227610,90270,9197,1102,17468927,17466499,0,0,0,0,563347,2314,91982,471,18227610,0,54095,8,51607,0,0,0,0,180,3859,5659703,0,1053662,0,172032,0,0,0,0,16010550,0,0,0,0,130785,2845015,0,0,0
query,1278,4096,18738027,138600,10500,1533,18100221,18074029,0,1,0,0,410941,2073,73979,180,18738027,0,54095,8,51776,0,0,0,0,168,3875,5681864,0,1058441,0,172032,0,0,0,0,16533115,0,0,0,0,136078,2866981,0,0,0
query,1279,4096,18290127,89778,8627,1402,17643525,17641368,0,0,0,0,470793,1743,74179,80,18290127,0,54095,8,51736,0,0,0,0,167,3855,5657378,0,1061566,0,172032,0,0,0,0,16147776,0,0,0,0,130832,2873307,0,0,0
query,1280,4096,18092066,90200,8866,1493,17511877,17509339,0,0,0,0,404999,1674,72907,50,18092066,0,54095,8,52132,0,0,0,0,174,3860,5662008,0,1069718,0,172032,0,0,0,0,16069319,0,0,0,0,131087,2892685,0,0,0
query,1281,4096,18591481,90419,8766,1333,17946533,17944195,0,0,0,0,466815,1773,75662,180,18591481,0,54095,8,51837,0,0,0,0,180,3862,5663746,0,1054029,0,172032,0,0,0,0,16426846,0,0,0,0,129983,2891264,0,0,0
query,1282,4096,18040449,90220,8606,1152,17436085,17433708,0,0,0,0,430628,3266,70192,300,18040449,0,54095,8,51970,0,0,0,0,186,3851,5648206,0,1072792,0,172032,0,0,0,0,15999529,0,0,0,0,130509,2883821,0,0,0
query,1283,4096,19074228,89518,8055,1313,18435670,18433333,0,0,0,0,463960,1492,74049,171,19074228,0,54095,8,52052,0,0,0,0,178,3857,5655289,0,1062080,0,172032,0,0,0,0,16845732,0,0,0,0,134829,2902474,0,0,0
query,1284,4096,19076652,89197,8727,781,18394703,18392386,0,0,0,0,504606,1984,76123,531,19076652,0,54095,8,51883,0,0,0,0,188,3855,5651415,0,1050900,0,172032,0,0,0,0,16754230,0,0,0,0,135018,2936775,0,0,0
query,1285,4096,18791197,89618,9067,1443,18104368,18102311,0,0,0,0,510247,2054,74219,181,18791197,0,54095,8,51598,0,0,0,0,159,3879,5690212,0,1071510,0,172032,0,0,0,0,16562786,0,0,0,0,133325,2888915,0,0,0
query,1286,4096,18427855,89818,8576,842,17782084,17779486,0,0,0,0,470723,1653,73988,171,18427855,0,54095,8,51809,0,0,0,0,178,3867,5669647,0,1083283,0,172032,0,0,0,0,16294853,0,0,0,0,135694,2895681,0,0,0
query,1287,4096,18211359,89578,14928,1212,17609741,17607213,0,0,0,0,416371,2004,77335,190,18211359,0,54095,8,51764,0,0,0,0,175,3862,5663524,0,1056901,0,172032,0,0,0,0,16145465,0,0,0,0,132876,2884006,0,0,0
query,1288,4096,18336554,82254,8275,1323,17665916,17663559,0,0,0,0,500859,2105,75742,80,18336554,0,54095,8,52636,0,0,0,0,180,3857,5657514,0,1051842,0,172032,0,0,0,0,16155987,0,0,0,0,130203,2901646,0,0,0
query,1289,4096,18059745,90780,8917,982,17454610,17452332,0,0,0,0,432812,1683,69770,191,18059745,0,54095,8,51377,0,0,0,0,168,3853,5651418,0,1052742,0,172032,0,0,0,0,15998333,0,0,0,0,129831,2845260,0,0,0
query,1290,4096,18319451,90289,8095,912,17695261,17693054,0,0,0,0,448421,2014,74299,160,18319451,0,54095,8,52098,0,0,0,0,174,3864,5666929,0,1061470,0,172032,0,0,0,0,16212643,0,0,0,0,131636,2882429,0,0,0
query,1291,4096,18000774,90479,8586,1143,17415426,17413159,0,0,0,0,410851,1613,72355,321,18000774,0,54095,8,51219,0,0,0,0,176,3851,5648975,0,1052171,0,172032,0,0,0,0,15947149,0,0,0,0,131980,2833116,0,0,0
query,1292,4096,18091725,89939,8716,1152,17493604,17491196,0,0,0,0,422311,1543,74390,70,18091725,0,54095,8,51544,0,0,0,0,188,3844,5637669,0,1050716,0,172032,0,0,0,0,16064859,0,0,0,0,130402,2863149,0,0,0
query,1293,4096,18173348,98535,9017,1272,17532386,17530179,0,0,0,0,441458,1653,88716,311,18173348,0,54095,8,52419,0,0,0,0,177,3877,5683720,0,1080695,0,172032,0,0,0,0,16092572,0,0,0,0,129937,2857390,0,0,0
query,1294,4096,18361812,118563,8997,1382,17738783,17736326,0,0,0,0,418064,1593,74219,211,18361812,0,54095,8,52227,0,0,0,0,165,3872,5680892,0,1074901,0,172032,0,0,0,0,16237110,0,0,0,0,130700,2888884,0,0,0
query,1295,4096,18020531,90179,9167,1253,17396641,17394404,0,0,0,0,450535,1583,71013,160,18020531,0,54095,8,51418,0,0,0,0,160,3869,5672706,0,1072531,0,172032,0,0,0,0,15958093,0,0,0,0,129422,2850984,0,0,0
query,1296,4096,18148872,90079,8346,1463,17545200,17543033,0,0,0,0,426970,1583,75121,110,18148872,0,54095,8,52106,0,0,0,0,170,3871,5675445,0,1052255,0,172032,0,0,0,0,16093502,0,0,0,0,129554,2871488,0,0,0
query,1297,4096,18193085,90800,8366,1032,17576869,17574723,0,0,0,0,440787,1773,73257,201,18193085,0,54095,8,51829,0,0,0,0,183,3848,5643320,0,1053260,0,172032,0,0,0,0,16116396,0,0,0,0,130445,2873183,0,0,0
query,1298,4096,18202663,90059,9378,1803,17602367,17598617,0,0,0,0,417853,1814,79269,120,18202663,0,54095,8,52237,0,0,0,0,164,3872,5673906,0,1060141,0,172032,0,0,0,0,16117797,0,0,0,0,128860,2880292,0,0,0
query,1299,4096,18259489,86722,8897,1232,17643535,17641187,0,0,0,0,442701,2093,73998,311,18259489,0,54095,8,52091,0,0,0,0,175,3869,5672876,0,1061077,0,172032,0,0,0,0,16180399,0,0,0,0,129844,2873848,0,0,0
query,1300,4096,18440559,90480,9207,1322,17857877,17855609,0,0,0,0,410149,1593,69781,150,18440559,0,54095,8,52386,0,0,0,0,166,3866,5669685,0,1055376,0,172032,0,0,0,0,16360151,0,0,0,0,130675,2893332,0,0,0
query,1301,4096,18167477,89478,7995,1242,17557152,17554805,0,0,0,0,430747,1714,78948,201,18167477,0,54095,8,51999,0,0,0,0,187,3844,5640868,0,1047317,0,172032,0,0,0,0,16085127,0,0,0,0,130398,2878156,0,0,0
query,1302,4096,18000273,98955,9318,1252,17395499,17393092,0,0,0,0,420729,1974,72366,180,18000273,0,54095,8,51929,0,0,0,0,194,3851,5647215,0,1071241,0,172032,0,0,0,0,15953810,0,0,0,0,137404,2873739,0,0,0
query,1303,4096,18236726,97703,9888,1503,17628967,17626630,0,0,0,0,423053,1894,73468,250,18236726,0,54095,8,52238,0,0,0,0,154,3877,5685511,0,1060298,0,172032,0,0,0,0,16167207,0,0,0,0,131113,2859244,0,0,0
query,1304,4096,18174440,89558,9518,1312,17533268,17531140,0,0,0,0,465012,1553,74059,160,18174440,0,54095,8,52245,0,0,0,0,171,3876,5682810,0,1061429,0,172032,0,0,0,0,16086885,0,0,0,0,136437,2884441,0,0,0
query,1305,4096,20083940,89006,8767,1423,19365914,19363468,0,0,0,0,539141,1773,77836,80,20083940,0,54095,8,52360,0,0,0,0,195,3836,5629088,0,1071629,0,172032,0,0,0,0,17656967,0,0,0,0,140297,3101271,0,0,0
query,1306,4096,18255071,89838,9057,1123,17631101,17617684,0,1,0,0,449794,1963,71884,311,18255071,0,54095,8,51460,0,0,0,0,188,3847,5642462,0,1079537,0,172032,0,0,0,0,16152917,0,0,0,0,132799,2880412,0,0,0
query,1307,4096,18244181,89247,9659,1001,17654255,17652028,0,0,0,0,413596,1242,75020,161,18244181,0,54095,8,52090,0,0,0,0,176,3862,5666944,0,1058505,0,172032,0,0,0,0,16202306,0,0,0,0,135086,2898374,0,0,0
query,1308,4096,18299385,97984,10399,1062,17656529,17654392,0,0,0,0,457839,1633,73718,221,18299385,0,54095,8,51345,0,0,0,0,175,3854,5653555,0,1062521,0,172032,0,0,0,0,16166521,0,0,0,0,132189,2860836,0,0,0
query,1309,4096,18088609,89808,9438,1222,17500396,17492118,0,1,0,0,415469,1253,70853,170,18088609,0,54095,8,51939,0,0,0,0,185,3862,5662504,0,1069630,0,172032,0,0,0,0,16046698,0,0,0,0,130882,2872127,0,0,0
query,1310,4096,18156456,88817,8065,1062,17536864,17534597,0,0,0,0,447069,1142,73237,200,18156456,0,54095,8,51497,0,0,0,0,171,3867,5668585,0,1054880,0,172032,0,0,0,0,16047109,0,0,0,0,128245,2861240,0,0,0
query,1311,4096,18557639,90781,8005,1462,17964627,17962290,0,0,0,0,412734,2154,77605,271,18557639,0,54095,8,51376,0,0,0,0,183,3861,5661200,0,1075196,0,172032,0,0,0,0,16456505,0,0,0,0,141365,2869971,0,0,0
query,1312,4096,18241816,86432,8866,1173,17637463,17634745,0,0,0,0,435246,1833,70633,170,18241816,0,54095,8,51611,0,0,0,0,167,3866,5670283,0,1058051,0,172032,0,0,0,0,16185032,0,0,0,0,130110,2877048,0,0,0
query,1313,4096,18075976,88747,8205,1042,17432819,17420443,0,1,0,0,466125,2264,76563,211,18075976,0,54095,8,51909,0,0,0,0,184,3856,5656502,0,1054208,0,172032,0,0,0,0,15982499,0,0,0,0,132109,2872259,0,0,0
query,1314,4096,18094600,89207,7965,1403,17497500,17495133,0,0,0,0,416982,1733,79660,150,18094600,0,54095,8,52175,0,0,0,0,203,3837,5626399,0,1061459,0,172032,0,0,0,0,16043877,0,0,0,0,130999,2882846,0,0,0
query,1315,4096,18029929,90400,8816,1303,17406890,17404854,0,0,0,0,448290,1774,72276,180,18029929,0,54095,8,51607,0,0,0,0,186,3848,5644843,0,1076499,0,172032,0,0,0,0,15963314,0,0,0,0,130020,2879727,0,0,0
query,1316,4096,18275990,90450,8125,1292,17682798,17662017,0,1,0,0,418594,1775,72716,240,18275990,0,54095,8,51453,0,0,0,0,203,3844,5635173,0,1054368,0,172032,0,0,0,0,16242757,0,0,0,0,133527,2922679,0,0,0
query,1317,4096,18205077,90049,8746,962,17574275,17572057,0,0,0,0,449763,1663,79359,260,18205077,0,54095,8,51691,0,0,0,0,163,3881,5689577,0,1070233,0,172032,0,0,0,0,16107510,0,0,0,0,134626,2868315,0,0,0
query,1318,4096,18263607,199424,12033,1212,17536123,17534026,0,0,0,0,437400,1663,75552,200,18263607,0,54095,8,51506,0,0,0,0,175,3847,5640453,0,1050531,0,172032,0,0,0,0,16085118,0,0,0,0,130236,2846809,0,0,0
query,1319,4096,18507414,214943,8867,1072,17749262,17746544,0,0,0,0,442891,1643,88666,70,18507414,0,54095,8,51971,0,0,0,0,182,3852,5649303,0,1054690,0,172032,0,0,0,0,16224864,0,0,0,0,131177,2902715,0,0,0
query,1320,4096,18262324,218910,11231,1102,17533078,17530650,0,0,0,0,410480,1452,86001,70,18262324,0,54095,8,52192,0,0,0,0,168,3861,5660139,0,1058280,0,172032,0,0,0,0,16030765,0,0,0,0,128070,2885273,0,0,0
query,1321,4096,18281260,219281,11221,1533,17531344,17528666,0,0,0,0,428604,1513,87694,70,18281260,0,54095,8,51628,0,0,0,0,177,3860,5664893,0,1054911,0,172032,0,0,0,0,16043588,0,0,0,0,130381,2857153,0,0,0
query,1322,4096,18322528,228298,10880,1423,17557523,17555126,0,0,0,0,428764,1723,93836,81,18322528,0,54095,8,51820,0,0,0,0,151,3887,5699719,0,1064478,0,172032,0,0,0,0,16093353,0,0,0,0,130648,2857585,0,0,0
query,1323,4096,18640865,220914,10831,1432,17883655,17852884,0,1,0,0,434074,2425,87454,80,18640865,0,54095,8,51373,0,0,0,0,174,3875,5682174,0,1057856,0,172032,0,0,0,0,16366930,0,0,0,0,132944,2867343,0,0,0
query,1324,4096,18304434,219933,10600,1112,17543587,17541280,0,0,0,0,438983,1583,88556,80,18304434,0,54095,8,51455,0,0,0,0,176,3851,5647654,0,1048753,0,172032,0,0,0,0,16026272,0,0,0,0,129286,2878228,0,0,0
query,1325,4096,19079206,226504,10620,1202,18332747,18329579,0,0,0,0,419216,2114,86713,90,19079206,0,54095,8,51586,0,0,0,0,165,3877,5685385,0,1082236,0,172032,0,0,0,0,16699717,0,0,0,0,143653,2875082,0,0,0
query,1326,4096,18205468,212669,11201,1082,17454460,17451822,0,0,0,0,434825,1382,89759,90,18205468,0,54095,8,51817,0,0,0,0,193,3845,5642230,0,1045987,0,172032,0,0,0,0,15974007,0,0,0,0,130586,2873148,0,0,0
query,1327,4096,18561084,233157,10529,1784,17798274,17795436,0,0,0,0,441508,1483,74199,150,18561084,0,54095,8,51574,0,0,0,0,188,3845,5639723,0,1054506,0,172032,0,0,0,0,16291485,0,0,0,0,133660,2871697,0,0,0
query,1328,4096,18209165,59502,10069,1112,17600934,17597445,0,0,0,0,460835,2174,74469,70,18209165,0,54095,8,51921,0,0,0,0,191,3837,5629114,0,1053788,0,172032,0,0,0,0,16117459,0,0,0,0,140863,2864938,0,0,0
query,1329,4096,18172246,59472,11211,1663,17604832,17602124,0,0,0,0,415158,1703,78057,150,18172246,0,54095,8,52263,0,0,0,0,169,3861,5661961,0,1068737,0,172032,0,0,0,0,16154554,0,0,0,0,130851,2897936,0,0,0
query,1330,4096,18400744,59622,11501,1303,17804556,17783033,0,1,0,0,445846,1904,75862,150,18400744,0,54095,8,51820,0,0,0,0,192,3845,5638919,0,1058134,0,172032,0,0,0,0,16317813,0,0,0,0,134655,2880825,0,0,0
query,1331,4096,18091755,58730,11372,1332,17527467,17524829,0,0,0,0,417714,2394,72686,60,18091755,0,54095,8,52464,0,0,0,0,162,3880,5690959,0,1071850,0,172032,0,0,0,0,16085551,0,0,0,0,131120,2883325,0,0,0
query,1332,4096,18241816,59502,11020,1223,17669473,17666785,0,0,0,0,423704,1793,74911,190,18241816,0,54095,8,52158,0,0,0,0,184,3862,5665224,0,1055987,0,172032,0,0,0,0,16183267,0,0,0,0,132187,2867586,0,0,0
query,1333,4096,19591286,58850,10510,1222,18986192,18960571,0,1,0,0,458469,1975,74008,60,19591286,0,54095,8,51100,0,0,0,0,182,3864,5668935,0,1056822,0,172032,0,0,0,0,17391476,0,0,0,0,135698,2969696,0,0,0
query,1334,4096,18364026,59021,9698,1343,17794708,17792130,0,0,0,0,422953,1883,74229,191,18364026,0,54095,8,51498,0,0,0,0,175,3861,5665286,0,1066580,0,172032,0,0,0,0,16295821,0,0,0,0,140542,2902460,0,0,0
query,1335,4096,18190199,58930,9749,1182,17607336,17604738,0,0,0,0,437851,1513,73508,130,18190199,0,54095,8,51557,0,0,0,0,146,3901,5719255,0,1068298,0,172032,0,0,0,0,16147715,0,0,0,0,128977,2863466,0,0,0
query,1336,4096,18197223,59522,9978,1754,17629418,17627211,0,0,0,0,416121,2043,78236,151,18197223,0,54095,8,52191,0,0,0,0,176,3854,5654568,0,1076022,0,172032,0,0,0,0,16196663,0,0,0,0,131165,2887011,0,0,0
query,1337,4096,18330413,65353,10039,1392,17707865,17686212,0,1,0,0,467827,2064,75742,131,18330413,0,54095,8,51905,0,0,0,0,165,3870,5677568,0,1072382,0,172032,0,0,0,0,16188781,0,0,0,0,130828,2852404,0,0,0
query,1338,4096,18269989,59121,10409,1002,17704088,17701580,0,0,0,0,417052,6042,72065,210,18269989,0,54095,8,52177,0,0,0,0,158,3876,5682417,0,1071211,0,172032,0,0,0,0,16249117,0,0,0,0,132595,2916991,0,0,0
query,1339,4096,18373382,58950,10450,1132,17779549,17776882,0,0,0,0,445846,1653,75622,180,18373382,0,54095,8,51856,0,0,0,0,164,3884,5696009,0,1062836,0,172032,0,0,0,0,16283008,0,0,0,0,130453,2858778,0,0,0
query,1340,4096,18492857,59441,9768,1203,17890547,17868924,0,1,0,0,456506,1854,73347,191,18492857,0,54095,8,51646,0,0,0,0,170,3879,5687622,0,1101346,0,172032,0,0,0,0,16363965,0,0,0,0,130944,2879469,0,0,0
query,1341,4096,18284266,58529,9869,1022,17716080,17713433,0,0,0,0,423174,2034,73367,191,18284266,0,54095,8,51897,0,0,0,0,193,3837,5627015,0,1064071,0,172032,0,0,0,0,16221283,0,0,0,0,132800,2905168,0,0,0
query,1342,4096,18180431,59001,9708,1272,17589373,17587005,0,0,0,0,445505,1623,73719,230,18180431,0,54095,8,52153,0,0,0,0,156,3878,5686896,0,1061133,0,172032,0,0,0,0,16130372,0,0,0,0,129469,2861702,0,0,0
query,1343,4096,18245794,58800,9287,1163,17679411,17676944,0,0,0,0,416411,1994,78597,131,18245794,0,54095,8,51573,0,0,0,0,172,3866,5669726,0,1060304,0,172032,0,0,0,0,16193542,0,0,0,0,131761,2886112,0,0,0
query,1344,4096,18466277,59492,10089,1062,17870470,17868032,0,0,0,0,448852,2073,74089,150,18466277,0,54095,8,51892,0,0,0,0,175,3873,5679386,0,1076579,0,172032,0,0,0,0,16348904,0,0,0,0,132310,2868050,0,0,0
query,1345,4096,18218102,59141,9327,1012,17655928,17653139,0,0,0,0,418715,1663,72115,201,18218102,0,54095,8,51718,0,0,0,0,165,3866,5671021,0,1107178,0,172032,0,0,0,0,16173594,0,0,0,0,130217,2867819,0,0,0
query,1346,4096,18235575,58841,9718,832,17645999,17643572,0,0,0,0,445085,1993,72957,150,18235575,0,54095,8,51852,0,0,0,0,201,3839,5630123,0,1051362,0,172032,0,0,0,0,16143928,0,0,0,0,131345,2907579,0,0,0
query,1347,4096,18139734,59972,9348,1202,17578622,17576245,0,0,0,0,416030,1694,72335,531,18139734,0,54095,8,52195,0,0,0,0,181,3866,5668236,0,1092744,0,172032,0,0,0,0,16135787,0,0,0,0,132197,2902496,0,0,0
query,1348,4096,18314012,58881,9648,1472,17731981,17729573,0,0,0,0,432481,2314,76974,261,18314012,0,54095,8,52045,0,0,0,0,171,3876,5685280,0,1079631,0,172032,0,0,0,0,16270399,0,0,0,0,131198,2888834,0,0,0
query,1349,4096,18857921,64130,9918,1153,18194046,18191079,0,0,0,0,510908,1623,75823,320,18857921,0,54095,8,52139,0,0,0,0,156,3878,5690890,0,1077974,0,172032,0,0,0,0,16640467,0,0,0,0,134476,2942666,0,0,0
query,1350,4096,18367091,59592,10359,1243,17791131,17788112,0,0,0,0,428473,1824,74329,140,18367091,0,54095,8,51825,0,0,0,0,157,3875,5680645,0,1062156,0,172032,0,0,0,0,16323838,0,0,0,0,130821,2879065,0,0,0
query,1351,4096,18259620,59382,9938,1112,17655317,17633993,0,1,0,0,457417,2155,74139,160,18259620,0,54095,8,52298,0,0,0,0,175,3861,5662451,0,1080566,0,172032,0,0,0,0,16164607,0,0,0,0,130511,2922212,0,0,0
query,1352,4096,18315825,66765,9618,1052,17738072,17735494,0,0,0,0,424245,2074,73719,280,18315825,0,54095,8,51826,0,0,0,0,170,3865,5668722,0,1073641,0,172032,0,0,0,0,16258699,0,0,0,0,136477,2894592,0,0,0
query,1353,4096,18188305,58670,10119,1132,17596285,17593978,0,0,0,0,445946,1724,74369,60,18188305,0,54095,8,52263,0,0,0,0,158,3880,5688814,0,1077066,0,172032,0,0,0,0,16116284,0,0,0,0,129480,2884545,0,0,0
query,1354,4096,18166946,59261,9919,1282,17605443,17590231,0,1,0,0,413205,2074,75572,190,18166946,0,54095,8,52143,0,0,0,0,190,3842,5631849,0,1064794,0,172032,0,0,0,0,16155348,0,0,0,0,131780,2880893,0,0,0
query,1355,4096,18449716,64440,11282,1532,17835525,17832937,0,0,0,0,459442,2374,75000,121,18449716,0,54095,8,51758,0,0,0,0,186,3841,5631678,0,1060559,0,172032,0,0,0,0,16336203,0,0,0,0,132881,2897893,0,0,0
query,1356,4096,18127672,58910,9889,1503,17548756,17546098,0,0,0,0,433102,1663,73619,230,18127672,0,54095,8,51927,0,0,0,0,198,3843,5632222,0,1063484,0,172032,0,0,0,0,16071081,0,0,0,0,132595,2879437,0,0,0
query,1357,4096,18300647,58911,10610,942,17714888,17712220,0,0,0,0,440707,1813,72516,260,18300647,0,54095,8,51868,0,0,0,0,179,3865,5669913,0,1055340,0,172032,0,0,0,0,16213857,0,0,0,0,131491,2911623,0,0,0
query,1358,4096,17951802,59061,9487,1203,17383486,17381059,0,0,0,0,421460,1684,74870,551,17951802,0,54095,8,51936,0,0,0,0,202,3821,5602644,0,1056529,0,172032,0,0,0,0,15936598,0,0,0,0,132947,2932330,0,0,0
query,1359,4096,18269799,59231,10309,1493,17694039,17691561,0,0,0,0,428774,2104,73699,150,18269799,0,54095,8,52115,0,0,0,0,189,3855,5656099,0,1056639,0,172032,0,0,0,0,16196409,0,0,0,0,131798,2878725,0,0,0
query,1360,4096,18864434,58951,9337,1082,18186693,18178525,0,0,0,0,530975,1904,75322,170,18864434,0,54095,8,52238,0,0,0,0,180,3852,5652448,0,1068848,0,172032,0,0,0,0,16661620,0,0,0,0,132352,2957315,0,0,0
query,1361,4096,18366710,89678,8967,1272,17765443,17763055,0,0,0,0,426931,1342,72847,230,18366710,0,54095,8,51912,0,0,0,0,158,3884,5694005,0,1072944,0,172032,0,0,0,0,16261007,0,0,0,0,130894,2858810,0,0,0
query,1362,4096,18190280,89608,8697,1042,17544528,17542251,0,0,0,0,470793,1643,73769,200,18190280,0,54095,8,51375,0,0,0,0,187,3862,5666031,0,1067919,0,172032,0,0,0,0,16064720,0,0,0,0,133096,2868153,0,0,0
query,1363,4096,18179139,89999,8927,671,17580536,17578299,0,0,0,0,423314,1443,74099,150,18179139,0,54095,8,51786,0,0,0,0,200,3827,5611785,0,1049896,0,172032,0,0,0,0,16111993,0,0,0,0,132220,2883954,0,0,0
query,1364,4096,18219163,59060,9398,992,17626893,17624446,0,0,0,0,444944,2074,75732,70,18219163,0,54095,8,51986,0,0,0,0,164,3876,5680489,0,1070542,0,172032,0,0,0,0,16131180,0,0,0,0,130307,2870055,0,0,0
query,1365,4096,18117043,58841,9938,1553,17547284,17544486,0,0,0,0,423154,1653,74439,181,18117043,0,54095,8,52006,0,0,0,0,205,3829,5616693,0,1090209,0,172032,0,0,0,0,16082928,0,0,0,0,131338,2878465,0,0,0
query,1366,4096,20825642,59311,10170,1232,20198405,20195908,0,0,0,0,479569,1633,75161,161,20825642,0,54095,8,52284,0,0,0,0,191,3843,5635240,0,1131048,0,172032,0,0,0,0,18503987,0,0,0,0,160182,3233746,0,0,0
query,1367,4096,18141779,89688,9328,952,17559456,17557299,0,0,0,0,408866,1824,71495,170,18141779,0,54095,8,52212,0,0,0,0,174,3864,5664685,0,1054401,0,172032,0,0,0,0,16097773,0,0,0,0,130551,2886247,0,0,0
query,1368,4096,18285088,90550,8546,1383,17673781,17653900,0,1,0,0,434725,1723,74209,171,18285088,0,54095,8,51744,0,0,0,0,193,3826,5611767,0,1061369,0,172032,0,0,0,0,16221435,0,0,0,0,132115,2914847,0,0,0
query,1369,4096,18124566,106560,9418,1202,17510364,17508007,0,0,0,0,418605,2054,76253,110,18124566,0,54095,8,51529,0,0,0,0,168,3877,5685493,0,1061280,0,172032,0,0,0,0,16046668,0,0,0,0,129212,2874712,0,0,0
query,1370,4096,18298903,94587,7865,1212,17690613,17688235,0,0,0,0,428854,1984,73608,180,18298903,0,54095,8,51779,0,0,0,0,193,3835,5622671,0,1052418,0,172032,0,0,0,0,16132109,0,0,0,0,131669,2891622,0,0,0
query,1371,4096,18798931,89759,8666,1112,18098578,18096181,0,0,0,0,523451,1623,75662,80,18798931,0,54095,8,51532,0,0,0,0,181,3842,5634215,0,1057604,0,172032,0,0,0,0,16516522,0,0,0,0,131014,2911644,0,0,0
query,1372,4096,18426843,93936,8896,1353,17803374,17800946,0,0,0,0,442480,1793,74770,241,18426843,0,54095,8,51503,0,0,0,0,191,3844,5639270,0,1074821,0,172032,0,0,0,0,16283115,0,0,0,0,134595,2896786,0,0,0
query,1373,4096,18271131,58790,9808,1243,17661488,17659151,0,0,0,0,461906,2094,75531,271,18271131,0,54095,8,52258,0,0,0,0,160,3878,5688046,0,1060609,0,172032,0,0,0,0,16191971,0,0,0,0,128308,2858809,0,0,0
query,1374,4096,18096975,58801,9487,922,17545300,17542953,0,0,0,0,405520,1994,74690,261,18096975,0,54095,8,51744,0,0,0,0,186,3847,5642031,0,1099171,0,172032,0,0,0,0,16087981,0,0,0,0,132355,2868046,0,0,0
query,1375,4096,18504980,68629,10760,1313,17867935,17854957,0,1,0,0,478387,1823,75993,140,18504980,0,54095,8,51753,0,0,0,0,187,3844,5636442,0,1062203,0,172032,0,0,0,0,16333695,0,0,0,0,137082,2878721,0,0,0
query,1376,4096,18176354,59392,10760,982,17620030,17617342,0,0,0,0,411682,1653,71674,181,18176354,0,54095,8,51367,0,0,0,0,164,3882,5693593,0,1066017,0,172032,0,0,0,0,16131637,0,0,0,0,131340,2846409,0,0,0
query,1377,4096,18677443,59201,10650,1302,18057892,18055283,0,0,0,0,471584,2144,74169,501,18677443,0,54095,8,51857,0,0,0,0,197,3838,5629253,0,1063308,0,172032,0,0,0,0,16507777,0,0,0,0,134795,2909784,0,0,0
query,1378,4096,18316757,60353,10881,1112,17714888,17712330,0,0,0,0,450705,1673,76955,190,18316757,0,54095,8,51737,0,0,0,0,176,3863,5666729,0,1064064,0,172032,0,0,0,0,16210950,0,0,0,0,139379,2887426,0,0,0
query,1379,4096,19327642,58880,10129,1313,18722517,18701526,0,1,0,0,457377,1804,75552,70,19327642,0,54095,8,51554,0,0,0,0,195,3846,5639952,0,1164650,0,172032,0,0,0,0,17111373,0,0,0,0,149428,3006042,0,0,0
query,1380,4096,18174600,87754,8937,1212,17552714,17550487,0,0,0,0,450043,1785,71954,201,18174600,0,54095,8,51701,0,0,0,0,173,3862,5670135,0,1072146,0,172032,0,0,0,0,16108055,0,0,0,0,135310,2867324,0,0,0
query,1381,4096,18179630,90279,8346,1543,17592769,17590622,0,0,0,0,412994,1624,71884,191,18179630,0,54095,8,52297,0,0,0,0,172,3869,5674028,0,1057990,0,172032,0,0,0,0,16124416,0,0,0,0,129547,2863685,0,0,0
query,1382,4096,18947359,90369,8657,1312,18251805,18227296,0,1,0,0,517590,1573,75853,200,18947359,0,54095,8,52290,0,0,0,0,183,3858,5655860,0,1064685,0,172032,0,0,0,0,16655097,0,0,0,0,133928,2880666,0,0,0
query,1383,4096,19134260,58871,10229,1242,18490523,18488085,0,0,0,0,493906,1843,77576,70,19134260,0,54095,8,51847,0,0,0,0,152,3889,5702992,0,1089498,0,172032,0,0,0,0,16906836,0,0,0,0,138813,2986188,0,0,0
query,1384,4096,18543412,67457,9397,1794,17914392,17911855,0,0,0,0,472607,1793,75792,180,18543412,0,54095,8,51941,0,0,0,0,175,3868,5669147,0,1073768,0,172032,0,0,0,0,16400283,0,0,0,0,132861,2894420,0,0,0
query,1385,4096,18129315,65803,11652,1062,17539019,17536180,0,0,0,0,437510,1643,72466,160,18129315,0,54095,8,52007,0,0,0,0,182,3858,5660259,0,1060603,0,172032,0,0,0,0,16090124,0,0,0,0,130127,2889836,0,0,0
query,1386,4096,18578427,60012,10390,1022,17995504,17981053,0,1,0,0,433242,1844,76153,260,18578427,0,54095,8,52041,0,0,0,0,196,3827,5611428,0,1061538,0,172032,0,0,0,0,16446752,0,0,0,0,135011,2898298,0,0,0
query,1387,4096,18094049,64141,11681,1022,17517659,17515301,0,0,0,0,423454,1352,74680,60,18094049,0,54095,8,52117,0,0,0,0,178,3870,5678750,0,1068337,0,172032,0,0,0,0,16084237,0,0,0,0,131658,2862104,0,0,0
query,1388,4096,18587555,59141,9878,1183,17992799,17990412,0,0,0,0,447098,1573,75692,191,18587555,0,54095,8,52008,0,0,0,0,158,3873,5682906,0,1075918,0,172032,0,0,0,0,16472870,0,0,0,0,132307,2906489,0,0,0
query,1389,4096,18183788,58580,9758,1713,17577150,17574792,0,0,0,0,461776,2154,72536,121,18183788,0,54095,8,51676,0,0,0,0,184,3845,5638943,0,1076456,0,172032,0,0,0,0,16080768,0,0,0,0,136079,2870068,0,0,0
query,1390,4096,18433135,59061,10179,1222,17858077,17855850,0,0,0,0,427722,1893,74750,231,18433135,0,54095,8,52143,0,0,0,0,161,3866,5669227,0,1063957,0,172032,0,0,0,0,16355934,0,0,0,0,138095,2905572,0,0,0
query,1391,4096,18344047,67015,9648,1193,17738492,17735935,0,0,0,0,451036,1863,74740,60,18344047,0,54095,8,51932,0,0,0,0,197,3854,5650759,0,1054513,0,172032,0,0,0,0,16231283,0,0,0,0,132796,2878317,0,0,0
query,1392,4096,18225596,58860,9618,1223,17670835,17668017,0,0,0,0,409228,1813,73828,191,18225596,0,54095,8,51817,0,0,0,0,186,3857,5657753,0,1058354,0,172032,0,0,0,0,16166313,0,0,0,0,132527,2871686,0,0,0
query,1393,4096,18775747,59601,10560,1192,18124637,18121988,0,0,0,0,499486,2104,78017,150,18775747,0,54095,8,52249,0,0,0,0,169,3873,5680152,0,1077131,0,172032,0,0,0,0,16584437,0,0,0,0,131844,2909969,0,0,0
query,1394,4096,18431091,59271,9908,1303,17814976,17812288,0,0,0,0,469631,1482,74279,241,18431091,0,54095,8,51914,0,0,0,0,163,3872,5677448,0,1076614,0,172032,0,0,0,0,16290007,0,0,0,0,131449,2862064,0,0,0
query,1395,4096,18594788,89828,8717,1051,17940902,17938765,0,0,0,0,476063,1854,76203,170,18594788,0,54095,8,52129,0,0,0,0,172,3877,5686558,0,1071001,0,172032,0,0,0,0,16411174,0,0,0,0,131793,2904385,0,0,0
query,1396,4096,18242377,59000,10390,992,17664493,17662006,0,0,0,0,426359,1754,79329,60,18242377,0,54095,8,51705,0,0,0,0,160,3871,5677296,0,1059360,0,172032,0,0,0,0,16180531,0,0,0,0,130950,2870730,0,0,0
query,1397,4096,18374214,59071,10129,1132,17797052,17794735,0,0,0,0,423153,1914,81613,150,18374214,0,54095,8,52093,0,0,0,0,169,3858,5663063,0,1075562,0,172032,0,0,0,0,16290538,0,0,0,0,128919,2900118,0,0,0
query,1398,4096,18265601,62858,9488,1172,17654264,17651536,0,0,0,0,460032,1874,75732,181,18265601,0,54095,8,51993,0,0,0,0,171,3874,5678590,0,1057477,0,172032,0,0,0,0,16160345,0,0,0,0,130632,2894983,0,0,0
query,1399,4096,20792419,58670,9618,1052,20217230,20214243,0,0,0,0,423424,1603,80672,150,20792419,0,54095,8,52318,0,0,0,0,165,3873,5680187,0,1119834,0,172032,0,0,0,0,18448794,0,0,0,0,149572,3176195,0,0,0
query,1400,4096,18313661,59522,9678,992,17689961,17687604,0,0,0,0,477105,2044,74169,190,18313661,0,54095,8,52053,0,0,0,0,198,3843,5636980,0,1056217,0,172032,0,0,0,0,16206607,0,0,0,0,132923,2889169,0,0,0
query,1401,4096,18164781,59171,9998,1072,17606896,17604317,0,0,0,0,411391,1613,74490,150,18164781,0,54095,8,52179,0,0,0,0,177,3875,5683054,0,1087134,0,172032,0,0,0,0,16159806,0,0,0,0,132333,2887370,0,0,0
query,1402,4096,18534615,58520,9698,1062,17929831,17926913,0,0,0,0,460173,2024,73157,150,18534615,0,54095,8,51897,0,0,0,0,173,3869,5672452,0,1115306,0,172032,0,0,0,0,16412710,0,0,0,0,133255,2869886,0,0,0
query,1403,4096,18199016,58941,9969,1272,17621743,17619115,0,0,0,0,431339,1844,73758,150,18199016,0,54095,8,51643,0,0,0,0,166,3872,5674476,0,1062231,0,172032,0,0,0,0,16160948,0,0,0,0,129256,2842694,0,0,0
query,1404,4096,19019955,61815,10430,1262,18383993,18381475,0,0,0,0,482514,2406,77335,200,19019955,0,54095,8,52236,0,0,0,0,156,3881,5690404,0,1065955,0,172032,0,0,0,0,16786851,0,0,0,0,137731,2890857,0,0,0
query,1405,4096,18224604,59110,10270,1282,17637944,17635606,0,0,0,0,441378,1643,72786,191,18224604,0,54095,8,51825,0,0,0,0,165,3870,5675891,0,1069022,0,172032,0,0,0,0,16171125,0,0,0,0,131489,2866387,0,0,0
query,1406,4096,18304764,59421,9798,972,17735287,17732959,0,0,0,0,422001,2074,74570,641,18304764,0,54095,8,52004,0,0,0,0,185,3849,5646793,0,1053538,0,172032,0,0,0,0,16231506,0,0,0,0,131858,2874570,0,0,0
query,1407,4096,18087677,59081,10199,1302,17507800,17505282,0,0,0,0,435066,1873,72216,140,18087677,0,54095,8,52003,0,0,0,0,166,3876,5681207,0,1060139,0,172032,0,0,0,0,16052075,0,0,0,0,130860,2883689,0,0,0
query,1408,4096,18219274,59001,16270,1182,17646180,17643892,0,0,0,0,421320,2014,73147,160,18219274,0,54095,8,51659,0,0,0,0,172,3867,5670864,0,1056361,0,172032,0,0,0,0,16175596,0,0,0,0,132087,2898626,0,0,0
query,1409,4096,18490593,59612,9457,942,17826708,17824290,0,0,0,0,513393,1913,78507,61,18490593,0,54095,8,51475,0,0,0,0,169,3870,5676239,0,1072588,0,172032,0,0,0,0,16299375,0,0,0,0,133321,2891732,0,0,0
query,1410,4096,19113932,59131,9909,1082,18516411,18513784,0,0,0,0,450024,1863,75302,210,19113932,0,54095,8,51844,0,0,0,0,180,3854,5652833,0,1059944,0,172032,0,0,0,0,16947917,0,0,0,0,136661,2900421,0,0,0
query,1411,4096,18856589,58981,9888,1453,18250703,18248235,0,0,0,0,456907,1813,76694,150,18856589,0,54095,8,51863,0,0,0,0,182,3865,5667806,0,1061348,0,172032,0,0,0,0,16663476,0,0,0,0,133905,2885488,0,0,0
query,1412,4096,18390706,64631,12113,1172,17797994,17795466,0,0,0,0,436138,1553,76944,161,18390706,0,54095,8,52445,0,0,0,0,158,3880,5689298,0,1070263,0,172032,0,0,0,0,16314784,0,0,0,0,132306,2899657,0,0,0
query,1413,4096,18560624,59642,10349,1052,17968604,17950949,0,1,0,0,442159,2315,76313,190,18560624,0,54095,8,51611,0,0,0,0,166,3880,5692898,0,1084494,0,172032,0,0,0,0,16441743,0,0,0,0,132825,2894106,0,0,0
query,1414,4096,18409461,58560,9859,1302,17823171,17820634,0,0,0,0,439233,1814,75442,80,18409461,0,54095,8,52104,0,0,0,0,186,3860,5660302,0,1065857,0,172032,0,0,0,0,16347703,0,0,0,0,133097,2922130,0,0,0
query,1415,4096,18959993,65753,10349,1173,18346472,18343655,0,0,0,0,459942,1614,74579,111,18959993,0,54095,8,51693,0,0,0,0,172,3859,5661383,0,1061605,0,172032,0,0,0,0,16757001,0,0,0,0,135640,2899539,0,0,0
query,1416,4096,18343156,68749,10029,1653,17684000,17681653,0,0,0,0,498284,2115,78116,210,18343156,0,54095,8,52337,0,0,0,0,192,3839,5628698,0,1056474,0,172032,0,0,0,0,16164646,0,0,0,0,132391,2895111,0,0,0
query,1417,4096,18417506,59061,10600,1192,17839752,17818920,0,1,0,0,430227,1693,74790,191,18417506,0,54095,8,51952,0,0,0,0,179,3876,5686606,0,1063822,0,172032,0,0,0,0,16360170,0,0,0,0,138218,2866211,0,0,0
query,1418,4096,18290377,59030,9679,1021,17674423,17667136,0,1,0,0,462087,1803,82164,170,18290377,0,54095,8,51807,0,0,0,0,166,3874,5681337,0,1061243,0,172032,0,0,0,0,16190005,0,0,0,0,131011,2878523,0,0,0
query,1419,4096,18202182,59632,9698,1503,17632774,17630427,0,0,0,0,421510,2155,74720,190,18202182,0,54095,8,52101,0,0,0,0,178,3858,5658132,0,1052691,0,172032,0,0,0,0,16150731,0,0,0,0,131274,2877575,0,0,0
query,1420,4096,18775417,58780,10550,1082,17995103,17992827,0,0,0,0,622607,1904,84960,431,18775417,0,54095,8,52142,0,0,0,0,164,3878,5688850,0,1063215,0,172032,0,0,0,0,16420651,0,0,0,0,132605,2891412,0,0,0
query,1421,4096,18443604,67256,10981,1202,17833631,17830752,0,0,0,0,454322,1643,74048,521,18443604,0,54095,8,51515,0,0,0,0,178,3857,5655718,0,1077822,0,172032,0,0,0,0,16330218,0,0,0,0,132036,2882818,0,0,0
query,1422,4096,18294535,58950,9789,1483,17728353,17725665,0,0,0,0,419257,1843,74680,180,18294535,0,54095,8,51838,0,0,0,0,170,3854,5651191,0,1058329,0,172032,0,0,0,0,16245828,0,0,0,0,133393,2871969,0,0,0
query,1423,4096,18070475,58720,9348,1222,17493974,17491165,0,0,0,0,429967,2264,74810,170,18070475,0,54095,8,51775,0,0,0,0,183,3855,5652942,0,1051843,0,172032,0,0,0,0,16028992,0,0,0,0,131897,2911021,0,0,0
query,1424,4096,18262906,59732,10129,1032,17683279,17668328,0,1,0,0,428463,1543,78377,351,18262906,0,54095,8,52163,0,0,0,0,174,3856,5653739,0,1062963,0,172032,0,0,0,0,16216963,0,0,0,0,131082,2890656,0,0,0
query,1425,4096,18183257,59131,9698,1173,17592338,17589690,0,0,0,0,443621,1504,75732,60,18183257,0,54095,8,52162,0,0,0,0,185,3861,5663822,0,1066949,0,172032,0,0,0,0,16096539,0,0,0,0,130511,2859709,0,0,0
query,1426,4096,18926670,59081,9968,1343,18309012,18306595,0,0,0,0,465623,1734,79759,150,18926670,0,54095,8,52381,0,0,0,0,187,3847,5641455,0,1057653,0,172032,0,0,0,0,16727136,0,0,0,0,135846,2919761,0,0,0
query,1427,4096,18426783,59061,9858,902,17801561,17799444,0,0,0,0,478587,2204,74550,60,18426783,0,54095,8,51245,0,0,0,0,164,3867,5674777,0,1059751,0,172032,0,0,0,0,16292638,0,0,0,0,130450,2861376,0,0,0
query,1428,4096,18079341,59191,9468,1262,17521325,17518828,0,0,0,0,412304,2274,73367,150,18079341,0,54095,8,51931,0,0,0,0,196,3846,5638941,0,1053685,0,172032,0,0,0,0,16077717,0,0,0,0,132503,2866174,0,0,0
query,1429,4096,18275419,58720,10179,1022,17676977,17674770,0,0,0,0,452248,1904,74179,190,18275419,0,54095,8,51750,0,0,0,0,159,3879,5689561,0,1073905,0,172032,0,0,0,0,16200486,0,0,0,0,135586,2843422,0,0,0
query,1430,4096,18179449,64120,9187,832,17607116,17604779,0,0,0,0,422683,1763,73548,200,18179449,0,54095,8,51936,0,0,0,0,156,3870,5675212,0,1060612,0,172032,0,0,0,0,16138509,0,0,0,0,131132,2873428,0,0,0
query,1431,4096,20408449,59121,9438,1342,18930358,18907102,0,1,0,0,1301721,3095,103174,200,20408449,0,54095,8,52053,0,0,0,0,165,3886,5698933,0,1091076,0,172032,0,0,0,0,17058355,0,0,0,0,136869,2946668,0,0,0
query,1432,4096,18712289,79519,11221,1754,18108275,18105658,0,0,0,0,437250,1904,72095,271,18712289,0,54095,8,52631,0,0,0,0,197,3862,5665070,0,1055041,0,172032,0,0,0,0,16530153,0,0,0,0,136679,2907295,0,0,0
query,1433,4096,18823737,90289,9247,922,18207001,18204553,0,0,0,0,439494,1984,74740,60,18823737,0,54095,8,51720,0,0,0,0,196,3841,5636151,0,1069344,0,172032,0,0,0,0,16661434,0,0,0,0,137537,2913154,0,0,0
query,1434,4096,18265180,59582,9638,1112,17645588,17628814,0,1,0,0,473809,1833,73397,221,18265180,0,54095,8,52227,0,0,0,0,169,3866,5672373,0,1058541,0,172032,0,0,0,0,16186350,0,0,0,0,131536,2875857,0,0,0
query,1435,4096,18149283,58620,9238,921,17590746,17588388,0,0,0,0,412082,1603,75933,140,18149283,0,54095,8,51984,0,0,0,0,160,3883,5692070,0,1072265,0,172032,0,0,0,0,16137090,0,0,0,0,131339,2896902,0,0,0
query,1436,4096,18360679,58950,9889,1352,17760153,17757856,0,0,0,0,454572,1824,73778,161,18360679,0,54095,8,51810,0,0,0,0,182,3844,5639623,0,1067636,0,172032,0,0,0,0,16255422,0,0,0,0,129779,2937459,0,0,0
query,1437,4096,18359276,59862,9849,1092,17737320,17735083,0,0,0,0,476153,1693,73127,180,18359276,0,54095,8,52248,0,0,0,0,199,3853,5649786,0,1066645,0,172032,0,0,0,0,16275316,0,0,0,0,132673,2918943,0,0,0
query,1438,4096,18410753,58931,9337,1133,17809495,17807349,0,0,0,0,455634,1614,74359,250,18410753,0,54095,8,51368,0,0,0,0,181,3863,5665852,0,1054027,0,172032,0,0,0,0,16329186,0,0,0,0,141568,2926983,0,0,0
query,1439,4096,18108636,58640,9818,822,17552624,17550237,0,0,0,0,411612,1873,73027,220,18108636,0,54095,8,51774,0,0,0,0,164,3878,5687083,0,1074577,0,172032,0,0,0,0,16094675,0,0,0,0,130080,2869743,0,0,0
query,1440,4096,18469884,59291,9799,1352,17879888,17877661,0,0,0,0,443031,1933,74430,160,18469884,0,54095,8,52087,0,0,0,0,162,3884,5698548,0,1096401,0,172032,0,0,0,0,16356971,0,0,0,0,131132,2872037,0,0,0
query,1441,4096,18310766,58941,9648,932,17670054,17667917,0,0,0,0,492524,1913,76544,210,18310766,0,54095,8,52208,0,0,0,0,173,3858,5656396,0,1051375,0,172032,0,0,0,0,16152334,0,0,0,0,130893,2914439,0,0,0
query,1442,4096,18538582,59080,9769,1022,17904563,17901515,0,0,0,0,477956,1694,84238,260,18538582,0,54095,8,52361,0,0,0,0,174,3873,5680442,0,1059771,0,172032,0,0,0,0,16358067,0,0,0,0,135418,2892687,0,0,0
query,1443,4096,18284697,59351,10290,1092,17650387,17647939,0,0,0,0,484548,1624,77355,50,18284697,0,54095,8,52126,0,0,0,0,162,3879,5688877,0,1057083,0,172032,0,0,0,0,16151072,0,0,0,0,135320,2870455,0,0,0
query,1444,4096,18205058,59181,9909,1092,17637212,17619216,0,1,0,0,421471,1563,74569,61,18205058,0,54095,8,51815,0,0,0,0,161,3878,5685394,0,1059964,0,172032,0,0,0,0,16175951,0,0,0,0,130687,2899430,0,0,0
query,1445,4096,18343617,58961,9908,1433,17740566,17738048,0,0,0,0,455575,1713,75331,130,18343617,0,54095,8,51983,0,0,0,0,164,3876,5685481,0,1066997,0,172032,0,0,0,0,16238474,0,0,0,0,131631,2901803,0,0,0
query,1446,4096,18109148,59281,16051,1362,17536053,17533555,0,0,0,0,416541,1683,77976,201,18109148,0,54095,8,51833,0,0,0,0,178,3862,5662947,0,1071354,0,172032,0,0,0,0,16092571,0,0,0,0,132376,2873744,0,0,0
query,1447,4096,18365868,59080,9749,1242,17767958,17765380,0,0,0,0,452528,1774,73327,210,18365868,0,54095,8,51614,0,0,0,0,175,3867,5673678,0,1069220,0,172032,0,0,0,0,16271767,0,0,0,0,131570,2896809,0,0,0
query,1448,4096,18915760,58840,9868,1062,18290698,18271509,0,1,0,0,477616,1683,75932,61,18915760,0,54095,8,52158,0,0,0,0,182,3868,5674136,0,1057164,0,172032,0,0,0,0,16721744,0,0,0,0,133687,2921063,0,0,0
query,1449,4096,18346423,58650,10169,1183,17754612,17752385,0,0,0,0,442369,1764,77485,191,18346423,0,54095,8,51593,0,0,0,0,181,3858,5657774,0,1063761,0,172032,0,0,0,0,16235071,0,0,0,0,133207,2857026,0,0,0
query,1450,4096,18206280,59121,10590,1172,17633907,17631428,0,0,0,0,425819,1582,73929,160,18206280,0,54095,8,51954,0,0,0,0,175,3866,5671957,0,1058915,0,172032,0,0,0,0,16168716,0,0,0,0,131268,2909303,0,0,0
query,1451,4096,18383252,59291,10229,1243,17808864,17793332,0,1,0,0,427571,1904,74059,91,18383252,0,54095,8,52137,0,0,0,0,165,3874,5679452,0,1061209,0,172032,0,0,0,0,16306993,0,0,0,0,138104,2953561,0,0,0
query,1452,4096,18183486,90169,8766,1072,17520684,17518427,0,0,0,0,485701,1984,74840,270,18183486,0,54095,8,51943,0,0,0,0,165,3871,5675971,0,1055422,0,172032,0,0,0,0,16024970,0,0,0,0,133201,2866248,0,0,0
query,1453,4096,18480634,91171,8295,792,17711812,17708954,0,0,0,0,587061,1854,79439,210,18480634,0,54095,8,51735,0,0,0,0,178,3857,5653160,0,1052161,0,172032,0,0,0,0,16170261,0,0,0,0,131950,2870167,0,0,0
query,1454,4096,18521981,94647,8245,1373,17860531,17858004,0,0,0,0,482415,1573,73117,80,18521981,0,54095,8,52064,0,0,0,0,168,3858,5657180,0,1084332,0,172032,0,0,0,0,16335519,0,0,0,0,133315,2856678,0,0,0
query,1455,4096,17982811,89669,8476,1021,17387505,17385217,0,0,0,0,419938,1582,74450,170,17982811,0,54095,8,52254,0,0,0,0,185,3832,5623504,0,1048151,0,172032,0,0,0,0,15940083,0,0,0,0,130831,2879196,0,0,0
query,1456,4096,18332226,90630,7404,1012,17712834,17710356,0,0,0,0,439023,1904,79259,160,18332226,0,54095,8,52128,0,0,0,0,175,3860,5659071,0,1059403,0,172032,0,0,0,0,16228304,0,0,0,0,130761,2895274,0,0,0
query,1457,4096,18064645,88637,8876,922,17471993,17469866,0,0,0,0,421360,1112,71414,331,18064645,0,54095,8,52269,0,0,0,0,151,3888,5700664,0,1067836,0,172032,0,0,0,0,16032564,0,0,0,0,128661,2864528,0,0,0
query,1458,4096,18302680,90450,7864,1603,17684582,17663929,0,1,0,0,443842,1803,72266,270,18302680,0,54095,8,52448,0,0,0,0,176,3865,5668522,0,1058581,0,172032,0,0,0,0,16199148,0,0,0,0,130354,2904277,0,0,0
query,1459,4096,20188116,90390,8546,1833,19525814,19523557,0,0,0,0,484358,1664,75321,190,20188116,0,54095,8,51557,0,0,0,0,164,3872,5678124,0,1058241,0,172032,0,0,0,0,17871306,0,0,0,0,136860,2989181,0,0,0
query,1460,4096,18313500,90389,9177,1002,17729095,17726898,0,0,0,0,408696,1323,73608,210,18313500,0,54095,8,52324,0,0,0,0,147,3882,5693297,0,1082993,0,172032,0,0,0,0,16219977,0,0,0,0,129489,2842043,0,0,0
query,1461,4096,18083930,90900,9007,1182,17444481,17442434,0,0,0,0,461635,1884,74630,211,18083930,0,54095,8,51583,0,0,0,0,184,3866,5666862,0,1062192,0,172032,0,0,0,0,15966260,0,0,0,0,129794,2847671,0,0,0
query,1462,4096,18086736,90520,8676,1133,17495737,17483020,0,1,0,0,412033,1883,76554,200,18086736,0,54095,8,51950,0,0,0,0,184,3863,5662766,0,1052414,0,172032,0,0,0,0,16041883,0,0,0,0,132460,2855688,0,0,0
query,1463,4096,18244321,90189,8245,1062,17603580,17601352,0,0,0,0,466955,1523,72697,70,18244321,0,54095,8,51866,0,0,0,0,177,3861,5664172,0,1068848,0,172032,0,0,0,0,16104724,0,0,0,0,130843,2873325,0,0,0
query,1464,4096,18289857,90721,8145,1112,17512929,17510692,0,0,0,0,579005,1764,95910,271,18289857,0,54095,8,52357,0,0,0,0,199,3834,5623693,0,1054640,0,172032,0,0,0,0,16005643,0,0,0,0,129790,2868069,0,0,0
query,1465,4096,18609646,151895,11882,1533,17920834,17917966,0,0,0,0,447469,1603,73969,461,18609646,0,54095,8,51750,0,0,0,0,189,3848,5645883,0,1055565,0,172032,0,0,0,0,16384031,0,0,0,0,135119,2891500,0,0,0
query,1466,4096,17933779,92113,8466,1403,17339935,17337878,0,0,0,0,418595,1763,71304,200,17933779,0,54095,8,52150,0,0,0,0,180,3863,5665888,0,1079270,0,172032,0,0,0,0,15917545,0,0,0,0,133973,2862208,0,0,0
query,1467,4096,18213884,96410,9709,1392,17579234,17576856,0,0,0,0,450074,1813,75181,71,18213884,0,54095,8,51832,0,0,0,0,180,3856,5655211,0,1054502,0,172032,0,0,0,0,16104604,0,0,0,0,129890,2860177,0,0,0
query,1468,4096,18085112,89287,9168,1122,17458878,17456099,0,0,0,0,452899,1753,71735,270,18085112,0,54095,8,52071,0,0,0,0,170,3857,5656673,0,1051290,0,172032,0,0,0,0,15991084,0,0,0,0,129319,2874226,0,0,0
query,1469,4096,18251685,88035,8977,1052,17654485,17651998,0,0,0,0,426360,1222,71354,200,18251685,0,54095,8,51670,0,0,0,0,185,3856,5656667,0,1075531,0,172032,0,0,0,0,16140283,0,0,0,0,131884,2878877,0,0,0
query,1470,4096,18790976,89277,8777,1513,18131769,18129262,0,0,0,0,481423,1774,76273,170,18790976,0,54095,8,52115,0,0,0,0,183,3858,5656128,0,1053149,0,172032,0,0,0,0,16575890,0,0,0,0,132228,2929041,0,0,0
query,1471,4096,18157698,89938,10019,922,17565939,17563441,0,0,0,0,417283,1873,71444,280,18157698,0,54095,8,52180,0,0,0,0,202,3829,5614790,0,1051043,0,172032,0,0,0,0,16082130,0,0,0,0,133329,2892217,0,0,0
query,1472,4096,18220306,89669,10409,772,17572501,17570083,0,0,0,0,471314,1232,74269,140,18220306,0,54095,8,52024,0,0,0,0,191,3851,5648523,0,1052753,0,172032,0,0,0,0,16081609,0,0,0,0,130102,2901247,0,0,0
query,1473,4096,18083730,90419,8737,1773,17500306,17498218,0,0,0,0,410660,1353,70061,421,18083730,0,54095,8,51890,0,0,0,0,163,3866,5672625,0,1074158,0,172032,0,0,0,0,16026093,0,0,0,0,128744,2879517,0,0,0
query,1474,4096,18268045,90399,7314,1012,17650227,17648040,0,0,0,0,444223,1302,73378,190,18268045,0,54095,8,51930,0,0,0,0,154,3881,5690775,0,1062727,0,172032,0,0,0,0,16182815,0,0,0,0,131962,2856380,0,0,0
query,1475,4096,18170693,88626,8286,1122,17531995,17529778,0,0,0,0,464311,1573,74609,171,18170693,0,54095,8,52426,0,0,0,0,176,3859,5661079,0,1063723,0,172032,0,0,0,0,16057380,0,0,0,0,130095,2878816,0,0,0
query,1476,4096,18901954,125135,11591,1433,18245042,18231295,0,1,0,0,442710,1784,74069,190,18901954,0,54095,8,52497,0,0,0,0,180,3861,5660115,0,1056559,0,172032,0,0,0,0,16683264,0,0,0,0,134125,2914094,0,0,0
query,1477,4096,18112634,91422,9017,1052,17479617,17477270,0,0,0,0,455795,2033,73478,220,18112634,0,54095,8,52006,0,0,0,0,166,3871,5676873,0,1055913,0,172032,0,0,0,0,16032735,0,0,0,0,128510,2902706,0,0,0
query,1478,4096,18231367,91031,7945,1152,17635069,17632411,0,0,0,0,420428,1202,74360,180,18231367,0,54095,8,51801,0,0,0,0,158,3873,5679852,0,1052509,0,172032,0,0,0,0,16161449,0,0,0,0,128746,2854400,0,0,0
query,1479,4096,18122122,90941,9598,1082,17505395,17503098,0,0,0,0,441578,1283,72075,170,18122122,0,54095,8,51026,0,0,0,0,163,3871,5677141,0,1060143,0,172032,0,0,0,0,16017419,0,0,0,0,128039,2821070,0,0,0
query,1480,4096,18220186,90430,8506,1102,17614360,17611461,0,0,0,0,429906,1252,74460,170,18220186,0,54095,8,51434,0,0,0,0,161,3877,5683326,0,1055564,0,172032,0,0,0,0,16142180,0,0,0,0,129277,2849259,0,0,0
query,1481,4096,18808138,90710,9057,1022,18152369,18150182,0,0,0,0,478517,1633,74630,200,18808138,0,54095,8,51808,0,0,0,0,164,3885,5699635,0,1062577,0,172032,0,0,0,0,16609415,0,0,0,0,132733,2893199,0,0,0
query,1482,4096,18109689,90801,9497,1072,17521286,17519168,0,0,0,0,413044,1212,72707,70,18109689,0,54095,8,51940,0,0,0,0,182,3851,5644338,0,1051905,0,172032,0,0,0,0,16084878,0,0,0,0,131057,2918351,0,0,0
query,1483,4096,18174660,90520,8776,1693,17559808,17544556,0,1,0,0,437851,2104,73668,240,18174660,0,54095,8,51743,0,0,0,0,166,3869,5676153,0,1066185,0,172032,0,0,0,0,16098572,0,0,0,0,133938,2860925,0,0,0
query,1484,4096,18009811,89388,8586,1272,17427619,17425472,0,0,0,0,407965,1854,73057,70,18009811,0,54095,8,51883,0,0,0,0,196,3849,5643660,0,1076893,0,172032,0,0,0,0,15941682,0,0,0,0,131117,2870679,0,0,0
query,1485,4096,18101703,89718,13195,1202,17500386,17498039,0,0,0,0,421540,1853,73528,281,18101703,0,54095,8,51590,0,0,0,0,171,3872,5684278,0,1065645,0,172032,0,0,0,0,16050911,0,0,0,0,136144,2845693,0,0,0
query,1486,4096,18254280,87725,7935,1392,17642412,17626229,0,1,0,0,434505,2154,77926,231,18254280,0,54095,8,52266,0,0,0,0,156,3891,5705610,0,1061307,0,172032,0,0,0,0,16177150,0,0,0,0,129340,2841180,0,0,0
query,1487,4096,18817907,90450,8385,1153,18163289,18160892,0,0,0,0,479990,1122,73347,171,18817907,0,54095,8,52178,0,0,0,0,174,3858,5654037,0,1052242,0,172032,0,0,0,0,16581449,0,0,0,0,134320,2913223,0,0,0
query,1488,4096,18246916,90881,8616,992,17639296,17636769,0,0,0,0,433062,1733,72276,60,18246916,0,54095,8,52157,0,0,0,0,166,3867,5668738,0,1055002,0,172032,0,0,0,0,16161865,0,0,0,0,130842,2899688,0,0,0
query,1489,4096,18107765,89047,9418,1192,17521426,17518777,0,0,0,0,413475,1132,71935,140,18107765,0,54095,8,51869,0,0,0,0,162,3878,5686200,0,1059718,0,172032,0,0,0,0,16104046,0,0,0,0,130030,2870139,0,0,0
query,1490,4096,18097105,89909,8636,1062,17487502,17471067,0,1,0,0,433032,1833,75011,120,18097105,0,54095,8,52133,0,0,0,0,171,3862,5663610,0,1054453,0,172032,0,0,0,0,16034853,0,0,0,0,129935,2860995,0,0,0
query,1491,4096,18036030,104906,9358,841,17430756,17428708,0,0,0,0,413495,1573,74931,170,18036030,0,54095,8,51749,0,0,0,0,175,3869,5676309,0,1063548,0,172032,0,0,0,0,16011579,0,0,0,0,128488,2861846,0,0,0
query,1492,4096,19814074,90770,8586,1232,19143838,19141731,0,0,0,0,490390,1773,77315,170,19814074,0,54095,8,52099,0,0,0,0,167,3870,5675730,0,1060144,0,172032,0,0,0,0,17513798,0,0,0,0,131587,2959636,0,0,0
query,1493,4096,18243659,94717,9318,1433,17642432,17624475,0,1,0,0,420539,1753,73217,250,18243659,0,54095,8,52248,0,0,0,0,173,3868,5672766,0,1057002,0,172032,0,0,0,0,16179197,0,0,0,0,131606,2868250,0,0,0
query,1494,4096,18253608,90099,8015,1493,17643704,17641568,0,0,0,0,435497,1503,73037,260,18253608,0,54095,8,51580,0,0,0,0,175,3872,5679199,0,1059009,0,172032,0,0,0,0,16163013,0,0,0,0,131108,2847092,0,0,0
query,1495,4096,17943076,89719,13054,1132,17343071,17340964,0,0,0,0,423444,1723,70763,170,17943076,0,54095,8,52184,0,0,0,0,194,3843,5634767,0,1046000,0,172032,0,0,0,0,15925778,0,0,0,0,131935,2868242,0,0,0
query,1496,4096,18327858,89738,7905,952,17688268,17685711,0,0,0,0,464361,2064,74399,171,18327858,0,54095,8,52266,0,0,0,0,173,3867,5671642,0,1067723,0,172032,0,0,0,0,16197660,0,0,0,0,132476,2894764,0,0,0
query,1497,4096,18170823,89297,8697,801,17555990,17514239,0,1,0,0,440556,1303,73939,240,18170823,0,54095,8,51764,0,0,0,0,172,3874,5681210,0,1064297,0,172032,0,0,0,0,16096368,0,0,0,0,129823,2852245,0,0,0
query,1498,4096,18768714,89779,9026,872,18173128,18170910,0,0,0,0,421460,1382,72837,230,18768714,0,54095,8,51327,0,0,0,0,183,3873,5685520,0,1058003,0,172032,0,0,0,0,16613171,0,0,0,0,134069,2897058,0,0,0
query,1499,4096,18058322,90560,9167,1122,17424253,17422117,0,0,0,0,459141,1633,72366,80,18058322,0,54095,8,51973,0,0,0,0,188,3849,5645633,0,1052803,0,172032,0,0,0,0,15961525,0,0,0,0,129829,2861067,0,0,0
query,1500,4096,17998961,90189,8275,842,17412371,17409723,0,0,0,0,414598,1442,70893,351,17998961,0,54095,8,52171,0,0,0,0,177,3853,5653886,0,1070781,0,172032,0,0,0,0,15984636,0,0,0,0,129553,2855219,0,0,0
query,1501,4096,18214254,90830,7965,881,17588802,17586625,0,0,0,0,451377,1723,72466,210,18214254,0,54095,8,51944,0,0,0,0,173,3857,5657366,0,1066657,0,172032,0,0,0,0,16097621,0,0,0,0,129110,2859365,0,0,0
query,1502,4096,18204877,89908,8326,1222,17608329,17605791,0,0,0,0,422452,1643,72846,151,18204877,0,54095,8,51517,0,0,0,0,146,3893,5708271,0,1060110,0,172032,0,0,0,0,16102268,0,0,0,0,138657,2863901,0,0,0
query,1503,4096,18413709,89368,8606,902,17796110,17794384,0,0,0,0,441628,1593,75181,321,18413709,0,54095,8,51993,0,0,0,0,187,3850,5646535,0,1050051,0,172032,0,0,0,0,16287005,0,0,0,0,131562,2903105,0,0,0
query,1504,4096,18133753,87544,8456,872,17510164,17507426,0,0,0,0,452368,1423,72756,170,18133753,0,54095,8,51756,0,0,0,0,190,3846,5641263,0,1051112,0,172032,0,0,0,0,16048424,0,0,0,0,131514,2867900,0,0,0
query,1505,4096,18175221,89207,8296,981,17567843,17565195,0,0,0,0,434495,1653,72626,120,18175221,0,54095,8,51863,0,0,0,0,186,3839,5628002,0,1045584,0,172032,0,0,0,0,16084777,0,0,0,0,132202,2851510,0,0,0
query,1506,4096,18178538,90881,8506,1022,17543456,17541199,0,0,0,0,454242,1954,78206,271,18178538,0,54095,8,51971,0,0,0,0,182,3861,5665862,0,1060150,0,172032,0,0,0,0,16076215,0,0,0,0,131173,2890254,0,0,0
query,1507,4096,18311156,91561,9348,1423,17703727,17701290,0,0,0,0,430087,1933,72907,170,18311156,0,54095,8,52220,0,0,0,0,167,3871,5674907,0,1058395,0,172032,0,0,0,0,16228380,0,0,0,0,130551,2886821,0,0,0
query,1508,4096,18211720,90850,9118,821,17575477,17572929,0,0,0,0,452208,1412,81714,120,18211720,0,54095,8,52265,0,0,0,0,169,3868,5670724,0,1055850,0,172032,0,0,0,0,16068337,0,0,0,0,129615,2878009,0,0,0
query,1509,4096,18804071,86142,8225,882,18214004,18211527,0,0,0,0,418726,1482,74529,81,18804071,0,54095,8,51826,0,0,0,0,172,3846,5637693,0,1052137,0,172032,0,0,0,0,16613818,0,0,0,0,132707,2911191,0,0,0
query,1510,4096,18185240,90340,9247,1172,17521746,17519358,0,0,0,0,477706,1743,83116,170,18185240,0,54095,8,51439,0,0,0,0,192,3841,5632265,0,1048780,0,172032,0,0,0,0,16050025,0,0,0,0,135417,2879612,0,0,0
query,1511,4096,18196100,81673,8907,1102,17617154,17614607,0,0,0,0,414186,1754,71044,280,18196100,0,54095,8,51320,0,0,0,0,174,3859,5660362,0,1080976,0,172032,0,0,0,0,16167968,0,0,0,0,131627,2839088,0,0,0
query,1512,4096,18244161,89749,9037,982,17604531,17602334,0,0,0,0,465393,1673,72536,260,18244161,0,54095,8,52095,0,0,0,0,167,3872,5677169,0,1055317,0,172032,0,0,0,0,16132178,0,0,0,0,129762,2864703,0,0,0
query,1513,4096,18045218,90079,8556,1002,17447577,17445520,0,0,0,0,423695,1873,72265,171,18045218,0,54095,8,51370,0,0,0,0,161,3867,5676220,0,1076417,0,172032,0,0,0,0,16010348,0,0,0,0,130035,2833423,0,0,0
query,1514,4096,18823777,90349,8616,1403,18127081,18124764,0,0,0,0,518151,1844,76143,190,18823777,0,54095,8,52066,0,0,0,0,184,3849,5643802,0,1065064,0,172032,0,0,0,0,16543407,0,0,0,0,133684,2899311,0,0,0
query,1515,4096,18119867,89859,8916,1403,17520654,17518597,0,0,0,0,425999,1352,71524,160,18119867,0,54095,8,51694,0,0,0,0,169,3858,5654848,0,1058173,0,172032,0,0,0,0,16053736,0,0,0,0,131045,2844165,0,0,0
query,1516,4096,18293693,89929,8816,1653,17696324,17693926,0,0,0,0,422553,1532,72696,190,18293693,0,54095,8,51736,0,0,0,0,156,3868,5676455,0,1056993,0,172032,0,0,0,0,16217781,0,0,0,0,129069,2867565,0,0,0
query,1517,4096,18305526,89869,8536,1001,17674423,17667576,0,1,0,0,451997,1623,78007,70,18305526,0,54095,8,51962,0,0,0,0,158,3877,5685719,0,1055850,0,172032,0,0,0,0,16165491,0,0,0,0,130352,2857926,0,0,0
query,1518,4096,18139375,90350,8406,1082,17532396,17530139,0,0,0,0,433663,1693,71574,211,18139375,0,54095,8,51945,0,0,0,0,208,3834,5621005,0,1046970,0,172032,0,0,0,0,16077816,0,0,0,0,132445,2873710,0,0,0
query,1519,4096,18225766,91582,8916,1103,17600273,17597736,0,0,0,0,448651,1593,73478,170,18225766,0,54095,8,52101,0,0,0,0,183,3846,5640079,0,1050771,0,172032,0,0,0,0,16091608,0,0,0,0,129966,2889962,0,0,0
query,1520,4096,20259229,90450,8906,1423,19614230,19611282,0,0,0,0,466495,1813,75712,200,20259229,0,54095,8,52162,0,0,0,0,168,3864,5666780,0,1069260,0,172032,0,0,0,0,17940820,0,0,0,0,138513,3025987,0,0,0
query,1521,4096,18794703,58870,10520,1132,18072970,18010300,0,1,0,0,569318,1993,79730,170,18794703,0,54095,8,51137,0,0,0,0,181,3853,5651090,0,1086627,0,172032,0,0,0,0,16492996,0,0,0,0,133628,2851437,0,0,0
query,1522,4096,18645744,59401,10240,811,18044877,18042399,0,0,0,0,449082,1723,79349,261,18645744,0,54095,8,51754,0,0,0,0,177,3869,5674591,0,1061554,0,172032,0,0,0,0,16520095,0,0,0,0,134512,2873421,0,0,0
query,1523,4096,18666643,58931,9979,991,17999562,17996975,0,0,0,0,516388,1744,78587,461,18666643,0,54095,8,52260,0,0,0,0,183,3857,5654593,0,1057483,0,172032,0,0,0,0,16433308,0,0,0,0,134330,2904666,0,0,0
query,1524,4096,18438795,59060,11181,902,17828060,17825703,0,0,0,0,458690,2034,78808,60,18438795,0,54095,8,51596,0,0,0,0,163,3876,5681900,0,1060639,0,172032,0,0,0,0,16355578,0,0,0,0,131780,2893961,0,0,0
query,1525,4096,19371905,59111,9998,1363,18668897,18645681,0,1,0,0,551274,2394,78568,300,19371905,0,54095,8,52085,0,0,0,0,169,3859,5659420,0,1067999,0,172032,0,0,0,0,17007766,0,0,0,0,144629,2932804,0,0,0
query,1526,4096,19175166,59201,10399,832,18565363,18543660,0,1,0,0,459632,1563,78026,150,19175166,0,54095,8,51654,0,0,0,0,185,3849,5643434,0,1063413,0,172032,0,0,0,0,16932935,0,0,0,0,138240,2958446,0,0,0
query,1527,4096,18593336,59592,10410,1072,17983562,17976576,0,1,0,0,455704,1693,81152,151,18593336,0,54095,8,52291,0,0,0,0,173,3858,5656902,0,1064295,0,172032,0,0,0,0,16477285,0,0,0,0,133513,2921560,0,0,0
query,1528,4096,18782410,59111,10219,822,18118204,18115687,0,0,0,0,516359,2314,75241,140,18782410,0,54095,8,51977,0,0,0,0,166,3870,5681318,0,1068823,0,172032,0,0,0,0,16558644,0,0,0,0,132061,2903117,0,0,0
query,1529,4096,18721686,59261,9407,1163,18099950,18097453,0,0,0,0,472025,2284,77536,60,18721686,0,54095,8,52592,0,0,0,0,195,3844,5635999,0,1068838,0,172032,0,0,0,0,16550079,0,0,0,0,136100,2955599,0,0,0
query,1530,4096,19039042,59352,10049,891,18368053,18365997,0,0,0,0,515536,1794,83216,151,19039042,0,54095,8,51931,0,0,0,0,178,3860,5660110,0,1061701,0,172032,0,0,0,0,16771549,0,0,0,0,136666,2923225,0,0,0
query,1531,4096,18612511,66485,10650,921,18013549,18010650,0,0,0,0,438211,1623,81012,60,18612511,0,54095,8,52065,0,0,0,0,158,3868,5671550,0,1075986,0,172032,0,0,0,0,16500439,0,0,0,0,135878,2911853,0,0,0
query,1532,4096,18574510,59682,9929,1072,17985786,17983349,0,0,0,0,441377,2145,74469,50,18574510,0,54095,8,51635,0,0,0,0,187,3857,5656261,0,1068622,0,172032,0,0,0,0,16411404,0,0,0,0,133935,2879582,0,0,0
query,1533,4096,18264599,58690,10059,1302,17663162,17660814,0,0,0,0,454302,1783,75081,220,18264599,0,54095,8,51717,0,0,0,0,167,3878,5689832,0,1071404,0,172032,0,0,0,0,16166767,0,0,0,0,131709,2861021,0,0,0
query,1534,4096,18507684,59040,10079,1122,17943738,17940959,0,0,0,0,418524,1634,73407,140,18507684,0,54095,8,52001,0,0,0,0,165,3882,5693897,0,1076406,0,172032,0,0,0,0,16443439,0,0,0,0,132916,2905232,0,0,0
query,1535,4096,19147635,59532,10159,1623,18423277,18408186,0,1,0,0,564228,2204,86552,60,19147635,0,54095,8,51705,0,0,0,0,172,3860,5659106,0,1079969,0,172032,0,0,0,0,16796107,0,0,0,0,136459,2949397,0,0,0
query,1536,4096,19169866,59501,10991,912,18519106,18516579,0,0,0,0,501430,1623,76233,70,19169866,0,54095,8,51956,0,0,0,0,165,3874,5679193,0,1081172,0,172032,0,0,0,0,16964243,0,0,0,0,146130,2945317,0,0,0
query,1537,4096,20050157,59652,9748,902,19330798,19327951,0,0,0,0,569839,1813,77325,80,20050157,0,54095,8,52149,0,0,0,0,169,3863,5666387,0,1093745,0,172032,0,0,0,0,17493996,0,0,0,0,149607,3010378,0,0,0
query,1538,4096,19113841,89959,9638,801,18475304,18448822,0,1,0,0,462106,1975,73988,70,19113841,0,54095,8,51927,0,0,0,0,182,3851,5649744,0,1061661,0,172032,0,0,0,0,16847926,0,0,0,0,136618,2887541,0,0,0
query,1539,4096,18553371,89288,8967,771,17952704,17950247,0,0,0,0,426740,1824,72927,150,18553371,0,54095,8,52444,0,0,0,0,182,3867,5671829,0,1065658,0,172032,0,0,0,0,16465115,0,0,0,0,135117,2927856,0,0,0
query,1540,4096,18466948,102171,8747,1182,17808434,17806066,0,0,0,0,470743,1713,73858,100,18466948,0,54095,8,51567,0,0,0,0,188,3851,5650073,0,1080828,0,172032,0,0,0,0,16301236,0,0,0,0,133175,2920234,0,0,0
query,1541,4096,19020306,90380,9447,1142,18315054,18312365,0,0,0,0,526197,2164,75712,210,19020306,0,54095,8,52247,0,0,0,0,167,3870,5673119,0,1077048,0,172032,0,0,0,0,16758549,0,0,0,0,141331,2978405,0,0,0
query,1542,4096,18644261,89297,8927,1553,17993450,17990963,0,0,0,0,474510,2485,73969,70,18644261,0,54095,8,51841,0,0,0,0,161,3887,5697313,0,1078839,0,172032,0,0,0,0,16442228,0,0,0,0,142371,2887364,0,0,0
query,1543,4096,18175762,90419,8696,1303,17586758,17584000,0,0,0,0,415619,1813,70983,171,18175762,0,54095,8,52033,0,0,0,0,178,3865,5667328,0,1068555,0,172032,0,0,0,0,16126802,0,0,0,0,141735,2873472,0,0,0
query,1544,4096,18362813,91030,7905,1553,17720028,17717750,0,0,0,0,465333,1833,75061,70,18362813,0,54095,8,52112,0,0,0,0,165,3862,5661376,0,1064800,0,172032,0,0,0,0,16245865,0,0,0,0,131848,2882384,0,0,0
query,1545,4096,18240073,90339,8536,1373,17626482,17598777,0,1,0,0,439464,1954,71815,110,18240073,0,54095,8,51559,0,0,0,0,156,3887,5701699,0,1061262,0,172032,0,0,0,0,16155306,0,0,0,0,130012,2846823,0,0,0
query,1546,4096,18438425,89278,7995,1172,17804135,17801778,0,0,0,0,459171,1854,74750,70,18438425,0,54095,8,52147,0,0,0,0,154,3872,5678048,0,1065926,0,172032,0,0,0,0,16297232,0,0,0,0,131632,2889823,0,0,0
query,1547,4096,20017857,89518,8716,872,19362137,19359950,0,0,0,0,478938,1853,75753,70,20017857,0,54095,8,51781,0,0,0,0,149,3888,5705343,0,1066898,0,172032,0,0,0,0,17672099,0,0,0,0,135559,2978782,0,0,0
query,1548,4096,18385916,94437,9097,1102,17785461,17769067,0,1,0,0,420158,1873,73658,130,18385916,0,54095,8,51940,0,0,0,0,188,3859,5655213,0,1054692,0,172032,0,0,0,0,16272843,0,0,0,0,132857,2891319,0,0,0
query,1549,4096,18201351,91131,8576,972,17580226,17578179,0,0,0,0,446507,1643,72236,60,18201351,0,54095,8,52029,0,0,0,0,199,3843,5635520,0,1060619,0,172032,0,0,0,0,16084741,0,0,0,0,137952,2883868,0,0,0
query,1550,4096,18233090,105558,10119,1092,17609180,17606572,0,0,0,0,433442,1764,71865,70,18233090,0,54095,8,52290,0,0,0,0,182,3863,5664861,0,1059968,0,172032,0,0,0,0,16116611,0,0,0,0,131729,2876251,0,0,0
query,1551,4096,19219450,90540,8666,832,18502675,18500138,0,0,0,0,537568,1974,77125,70,19219450,0,54095,8,52044,0,0,0,0,179,3865,5670507,0,1073568,0,172032,0,0,0,0,16893407,0,0,0,0,134212,2966903,0,0,0
query,1552,4096,19101348,90509,9488,1212,18399723,18386294,0,1,0,0,520175,1623,78557,61,19101348,0,54095,8,52033,0,0,0,0,171,3862,5664103,0,1066203,0,172032,0,0,0,0,16850294,0,0,0,0,141927,2967659,0,0,0
query,1553,4096,18283254,88976,9558,1223,17650327,17648210,0,0,0,0,454422,1773,76904,71,18283254,0,54095,8,52024,0,0,0,0,190,3852,5653073,0,1081639,0,172032,0,0,0,0,16176984,0,0,0,0,133296,2871181,0,0,0
query,1554,4096,18494499,88095,10219,1493,17862374,17859767,0,0,0,0,456146,1723,74379,70,18494499,0,54095,8,51987,0,0,0,0,183,3859,5663595,0,1057602,0,172032,0,0,0,0,16377993,0,0,0,0,134639,2916927,0,0,0
query,1555,4096,18579088,89508,8756,1012,17921065,17896325,0,1,0,0,482755,1653,74279,60,18579088,0,54095,8,51750,0,0,0,0,174,3863,5664893,0,1121602,0,172032,0,0,0,0,16408687,0,0,0,0,139070,2890302,0,0,0
query,1556,4096,18796596,89778,8376,822,18182965,18180829,0,0,0,0,439354,2174,73057,70,18796596,0,54095,8,52085,0,0,0,0,186,3857,5655311,0,1070835,0,172032,0,0,0,0,16632024,0,0,0,0,136551,2920069,0,0,0
query,1557,4096,18590560,89678,9237,1192,17974175,17972018,0,0,0,0,441859,1773,72536,110,18590560,0,54095,8,51618,0,0,0,0,166,3869,5673776,0,1077079,0,172032,0,0,0,0,16455192,0,0,0,0,133444,2882037,0,0,0
query,1558,4096,19006019,89087,8556,1042,18375397,18373020,0,0,0,0,455594,1643,74630,70,19006019,0,54095,8,51695,0,0,0,0,173,3865,5668754,0,1067454,0,172032,0,0,0,0,16813583,0,0,0,0,136007,2931475,0,0,0
query,1559,4096,18317047,86983,8686,1252,17722803,17708293,0,1,0,0,423334,1874,71985,130,18317047,0,54095,8,52141,0,0,0,0,174,3866,5666532,0,1066414,0,172032,0,0,0,0,16253917,0,0,0,0,132609,2907126,0,0,0
query,1560,4096,18144765,89238,8696,952,17545350,17543153,0,0,0,0,427913,1833,70592,191,18144765,0,54095,8,51870,0,0,0,0,185,3850,5649184,0,1067899,0,172032,0,0,0,0,16085751,0,0,0,0,130952,2901423,0,0,0
query,1561,4096,18067810,92153,7834,1333,17478144,17475977,0,0,0,0,413145,2194,72947,60,18067810,0,54095,8,52685,0,0,0,0,158,3868,5672517,0,1056183,0,172032,0,0,0,0,16062856,0,0,0,0,128041,2861296,0,0,0
query,1562,4096,18202823,90239,8255,1082,17584484,17565926,0,1,0,0,430127,1623,86762,251,18202823,0,54095,8,51779,0,0,0,0,171,3860,5662645,0,1055260,0,172032,0,0,0,0,16052262,0,0,0,0,129772,2858843,0,0,0
query,1563,4096,18732997,87955,9888,1072,18073130,18070683,0,0,0,0,482495,2104,76293,60,18732997,0,54095,8,51963,0,0,0,0,184,3861,5666465,0,1085038,0,172032,0,0,0,0,16543903,0,0,0,0,134188,2902873,0,0,0
query,1564,4096,18339249,59352,9938,1222,17738182,17735494,0,0,0,0,454412,1964,73698,481,18339249,0,54095,8,52366,0,0,0,0,180,3858,5659449,0,1069525,0,172032,0,0,0,0,16276828,0,0,0,0,133410,2923407,0,0,0
query,1565,4096,18070144,58911,10209,791,17504855,17502567,0,0,0,0,417252,2194,75822,110,18070144,0,54095,8,51740,0,0,0,0,184,3851,5643486,0,1056499,0,172032,0,0,0,0,16063501,0,0,0,0,129925,2891680,0,0,0
query,1566,4096,18156807,60273,9939,1442,17575637,17551429,0,1,0,0,432541,2114,74801,60,18156807,0,54095,8,51475,0,0,0,0,189,3848,5643938,0,1053257,0,172032,0,0,0,0,16114523,0,0,0,0,130986,2897206,0,0,0
query,1567,4096,18191251,58950,10600,1162,17607948,17605911,0,0,0,0,435547,1773,75171,100,18191251,0,54095,8,52142,0,0,0,0,175,3856,5652436,0,1062921,0,172032,0,0,0,0,16109442,0,0,0,0,129892,2924254,0,0,0
query,1568,4096,18297380,59782,10119,1332,17723905,17721668,0,0,0,0,427161,1754,73257,70,18297380,0,54095,8,51368,0,0,0,0,166,3875,5682613,0,1078121,0,172032,0,0,0,0,16259639,0,0,0,0,132371,2887804,0,0,0
query,1569,4096,18275019,59622,9488,1112,17687838,17685370,0,0,0,0,440506,1953,74380,120,18275019,0,54095,8,51943,0,0,0,0,160,3885,5701310,0,1084631,0,172032,0,0,0,0,16243516,0,0,0,0,130771,2892381,0,0,0
query,1570,4096,18085874,60544,10640,1202,17521586,17518978,0,0,0,0,416080,1643,74119,60,18085874,0,54095,8,51461,0,0,0,0,160,3869,5670262,0,1061957,0,172032,0,0,0,0,16068335,0,0,0,0,129156,2845679,0,0,0
query,1571,4096,18082578,59371,9819,1493,17501027,17498049,0,0,0,0,435908,1953,72866,141,18082578,0,54095,8,51706,0,0,0,0,201,3839,5628824,0,1061994,0,172032,0,0,0,0,16002486,0,0,0,0,132211,2874090,0,0,0
query,1572,4096,18074793,59461,9809,1142,17510214,17507366,0,0,0,0,420188,1693,72226,60,18074793,0,54095,8,51688,0,0,0,0,173,3849,5643520,0,1067688,0,172032,0,0,0,0,16067932,0,0,0,0,132862,2885408,0,0,0
query,1573,4096,18165393,58690,9568,1383,17574955,17555406,0,1,0,0,445145,2004,73507,141,18165393,0,54095,8,51597,0,0,0,0,175,3845,5637641,0,1070729,0,172032,0,0,0,0,16083633,0,0,0,0,130501,2870279,0,0,0
query,1574,4096,18717829,59061,9858,1193,18053102,18050615,0,0,0,0,515647,1683,76814,471,18717829,0,54095,8,51887,0,0,0,0,137,3903,5726404,0,1072666,0,172032,0,0,0,0,16538459,0,0,0,0,130091,2875112,0,0,0
query,1575,4096,18241085,93997,9227,1412,17625982,17623684,0,0,0,0,436578,1513,72306,70,18241085,0,54095,8,51711,0,0,0,0,182,3850,5648831,0,1057648,0,172032,0,0,0,0,16172472,0,0,0,0,142877,2879051,0,0,0
query,1576,4096,18284497,90029,8897,1082,17675454,17672876,0,0,0,0,432451,2014,74419,151,18284497,0,54095,8,51732,0,0,0,0,178,3870,5672660,0,1064036,0,172032,0,0,0,0,16214038,0,0,0,0,132420,2902737,0,0,0
query,1577,4096,18146988,90971,8846,1703,17561310,17558763,0,0,0,0,411411,1804,70883,60,18146988,0,54095,8,52143,0,0,0,0,173,3861,5661572,0,1082682,0,172032,0,0,0,0,16109845,0,0,0,0,130798,2877818,0,0,0
query,1578,4096,18091495,89428,15188,1453,17478064,17476048,0,0,0,0,431379,1703,74139,141,18091495,0,54095,8,51836,0,0,0,0,158,3877,5686416,0,1084857,0,172032,0,0,0,0,16009576,0,0,0,0,128513,2839402,0,0,0
query,1579,4096,18352394,88426,8426,1031,17737511,17735474,0,0,0,0,441398,1763,73768,71,18352394,0,54095,8,52190,0,0,0,0,190,3856,5656264,0,1070671,0,172032,0,0,0,0,16241920,0,0,0,0,131440,2897169,0,0,0
query,1580,4096,20131519,93094,10370,781,19501829,19475478,0,1,0,0,448922,1853,74530,140,20131519,0,54095,8,51893,0,0,0,0,186,3842,5633390,0,1129228,0,172032,0,0,0,0,17857306,0,0,0,0,144450,3094944,0,0,0
query,1581,4096,18159081,91140,9318,862,17567592,17565194,0,0,0,0,416662,1462,71934,111,18159081,0,54095,8,51940,0,0,0,0,147,3882,5693387,0,1073734,0,172032,0,0,0,0,16129696,0,0,0,0,129418,2877738,0,0,0
query,1582,4096,18082367,90319,8316,1112,17479947,17477200,0,0,0,0,430017,1673,70923,60,18082367,0,54095,8,52225,0,0,0,0,192,3835,5623690,0,1050244,0,172032,0,0,0,0,16037455,0,0,0,0,136815,2896452,0,0,0
query,1583,4096,18218502,90610,8426,1082,17620581,17586785,0,1,0,0,425588,2104,69891,220,18218502,0,54095,8,51596,0,0,0,0,165,3881,5691501,0,1068990,0,172032,0,0,0,0,16159458,0,0,0,0,131597,2898992,0,0,0
query,1584,4096,18421153,90660,25748,1263,17799837,17797119,0,0,0,0,429124,1774,72687,60,18421153,0,54095,8,52163,0,0,0,0,185,3848,5640609,0,1063208,0,172032,0,0,0,0,16294189,0,0,0,0,132545,2899133,0,0,0
query,1585,4096,18346603,60233,10800,992,17736719,17733731,0,0,0,0,460193,1864,75652,150,18346603,0,54095,8,51757,0,0,0,0,170,3852,5651896,0,1079283,0,172032,0,0,0,0,16240396,0,0,0,0,130562,2898943,0,0,0
query,1586,4096,18201731,59862,10971,1182,17640629,17638272,0,0,0,0,413876,2334,72707,170,18201731,0,54095,8,52203,0,0,0,0,164,3878,5686996,0,1065591,0,172032,0,0,0,0,16200209,0,0,0,0,130553,2883435,0,0,0
query,1587,4096,18144363,59722,16411,1162,17448328,17446021,0,0,0,0,535253,1994,81152,341,18144363,0,54095,8,51485,0,0,0,0,193,3838,5629222,0,1055843,0,172032,0,0,0,0,15977444,0,0,0,0,137491,2869646,0,0,0
query,1588,4096,18397749,87644,9979,922,17794327,17792000,0,0,0,0,430277,1593,72856,151,18397749,0,54095,8,51887,0,0,0,0,163,3876,5686270,0,1069200,0,172032,0,0,0,0,16317652,0,0,0,0,131105,2882378,0,0,0
query,1589,4096,18407867,89447,8867,812,17762687,17760671,0,0,0,0,462378,2224,81332,120,18407867,0,54095,8,51687,0,0,0,0,192,3850,5644858,0,1070370,0,172032,0,0,0,0,16247601,0,0,0,0,132902,2889300,0,0,0
query,1590,4096,18517703,59281,10319,862,17935432,17909069,0,1,0,0,433874,1873,76002,60,18517703,0,54095,8,52050,0,0,0,0,174,3847,5641674,0,1068611,0,172032,0,0,0,0,16410443,0,0,0,0,132922,2933888,0,0,0
query,1591,4096,18625786,59211,10029,1202,18016213,18014027,0,0,0,0,457148,1693,80150,140,18625786,0,54095,8,51735,0,0,0,0,139,3895,5714544,0,1078092,0,172032,0,0,0,0,16533637,0,0,0,0,130589,2886599,0,0,0
query,1592,4096,18199947,62016,9538,1312,17630901,17628654,0,0,0,0,419767,2254,74029,130,18199947,0,54095,8,51750,0,0,0,0,172,3874,5683714,0,1074403,0,172032,0,0,0,0,16185789,0,0,0,0,132076,2885947,0,0,0
query,1593,4096,18352814,59812,10009,1162,17760894,17758317,0,0,0,0,443812,1703,75362,60,18352814,0,54095,8,51948,0,0,0,0,197,3840,5631789,0,1066908,0,172032,0,0,0,0,16257371,0,0,0,0,133569,2914955,0,0,0
query,1594,4096,18136900,58750,10079,1463,17570487,17550306,0,1,0,0,419457,1673,74931,60,18136900,0,54095,8,51749,0,0,0,0,164,3869,5673201,0,1060982,0,172032,0,0,0,0,16137976,0,0,0,0,129417,2875813,0,0,0
query,1595,4096,18330553,59191,10049,1042,17743101,17740183,0,0,0,0,434885,2014,80131,140,18330553,0,54095,8,52241,0,0,0,0,173,3864,5666369,0,1086342,0,172032,0,0,0,0,16259067,0,0,0,0,133456,2897455,0,0,0
query,1596,4096,18665702,59332,9948,1173,18042222,18039384,0,0,0,0,468999,2254,81553,221,18665702,0,54095,8,51925,0,0,0,0,198,3850,5648692,0,1062349,0,172032,0,0,0,0,16486511,0,0,0,0,135099,2911185,0,0,0
query,1597,4096,18701188,59181,10490,1373,18122121,18107191,0,1,0,0,431829,1734,74400,60,18701188,0,54095,8,51352,0,0,0,0,170,3869,5673968,0,1067617,0,172032,0,0,0,0,16621658,0,0,0,0,132605,2893419,0,0,0
query,1598,4096,18264268,59592,9688,1353,17660446,17657698,0,0,0,0,456386,2033,74570,200,18264268,0,54095,8,51523,0,0,0,0,144,3893,5707762,0,1092829,0,172032,0,0,0,0,16177461,0,0,0,0,130009,2862131,0,0,0
query,1599,4096,18336614,58670,10169,1122,17771635,17769087,0,0,0,0,415449,1653,77866,50,18336614,0,54095,8,51831,0,0,0,0,166,3867,5670878,0,1065536,0,172032,0,0,0,0,16281061,0,0,0,0,130434,2878301,0,0,0
query,1600,4096,18390675,59071,9688,1272,17750615,17747497,0,0,0,0,492003,1743,76143,140,18390675,0,54095,8,52819,0,0,0,0,161,3877,5685766,0,1071590,0,172032,0,0,0,0,16270181,0,0,0,0,131712,2887711,0,0,0
query,1601,4096,18377952,58580,10239,1142,17790240,17773074,0,1,0,0,440526,2284,74800,141,18377952,0,54095,8,51666,0,0,0,0,175,3867,5670425,0,1063638,0,172032,0,0,0,0,16280985,0,0,0,0,133154,2915684,0,0,0
query,1602,4096,18883269,59462,10209,1032,18267284,18265027,0,0,0,0,466936,1903,76393,50,18883269,0,54095,8,52176,0,0,0,0,166,3864,5665733,0,1061620,0,172032,0,0,0,0,16681796,0,0,0,0,132998,2899314,0,0,0
query,1603,4096,18170152,58950,10029,1272,17604792,17602765,0,0,0,0,417282,1924,75843,60,18170152,0,54095,8,51737,0,0,0,0,154,3878,5687507,0,1068054,0,172032,0,0,0,0,16166533,0,0,0,0,130065,2880385,0,0,0
query,1604,4096,18230946,59211,10800,1093,17649595,17630327,0,1,0,0,433543,1974,74680,50,18230946,0,54095,8,51913,0,0,0,0,166,3852,5648633,0,1054233,0,172032,0,0,0,0,16182411,0,0,0,0,131517,2882625,0,0,0
query,1605,4096,18057992,59181,10129,1132,17485609,17483642,0,0,0,0,428043,1813,71965,120,18057992,0,54095,8,51865,0,0,0,0,178,3861,5660643,0,1067959,0,172032,0,0,0,0,16063201,0,0,0,0,131159,2871362,0,0,0
query,1606,4096,18346082,59582,9838,1603,17761235,17758047,0,0,0,0,438111,1834,73809,70,18346082,0,54095,8,52106,0,0,0,0,195,3852,5650580,0,1057224,0,172032,0,0,0,0,16294629,0,0,0,0,132412,2928813,0,0,0
query,1607,4096,18434156,59681,9739,1442,17697175,17694507,0,0,0,0,585498,1974,78577,70,18434156,0,54095,8,51828,0,0,0,0,192,3861,5663009,0,1059837,0,172032,0,0,0,0,16164478,0,0,0,0,132476,2888972,0,0,0
query,1608,4096,20089250,64991,11562,1743,19518641,19515984,0,0,0,0,412453,1744,78046,70,20089250,0,54095,8,52115,0,0,0,0,199,3839,5630798,0,1073055,0,172032,0,0,0,0,17818464,0,0,0,0,142607,3110086,0,0,0
query,1609,4096,18397098,85921,9057,1182,17748462,17746053,0,0,0,0,476403,1613,74389,71,18397098,0,54095,8,51842,0,0,0,0,148,3880,5690279,0,1064599,0,172032,0,0,0,0,16239779,0,0,0,0,134103,2871989,0,0,0
query,1610,4096,18268526,89848,9087,1022,17660056,17657838,0,0,0,0,432872,1873,73708,60,18268526,0,54095,8,51680,0,0,0,0,161,3863,5666289,0,1055763,0,172032,0,0,0,0,16154124,0,0,0,0,134581,2850666,0,0,0
query,1611,4096,18583687,90209,8376,1082,17945230,17942913,0,0,0,0,461806,1703,75211,70,18583687,0,54095,8,52121,0,0,0,0,156,3877,5684727,0,1061028,0,172032,0,0,0,0,16403397,0,0,0,0,131752,2867131,0,0,0
query,1612,4096,18348937,89828,8967,1583,17720068,17717911,0,0,0,0,449072,1493,77856,70,18348937,0,54095,8,51684,0,0,0,0,167,3857,5657635,0,1063702,0,172032,0,0,0,0,16175636,0,0,0,0,130824,2869775,0,0,0
query,1613,4096,18473620,89858,8015,882,17869307,17866931,0,0,0,0,430508,1603,73387,60,18473620,0,54095,8,51823,0,0,0,0,170,3867,5671411,0,1061027,0,172032,0,0,0,0,16389060,0,0,0,0,130854,2884181,0,0,0
query,1614,4096,18061398,91502,8215,1022,17451324,17449117,0,0,0,0,435717,1764,71744,110,18061398,0,54095,8,52069,0,0,0,0,207,3834,5622664,0,1047548,0,172032,0,0,0,0,15996699,0,0,0,0,133664,2875638,0,0,0
query,1615,4096,18145696,91371,8356,1072,17542424,17540178,0,0,0,0,429615,1754,71034,70,18145696,0,54095,8,52407,0,0,0,0,198,3835,5622566,0,1044421,0,172032,0,0,0,0,16067920,0,0,0,0,137357,2886925,0,0,0
query,1616,4096,18254089,90540,8145,972,17634267,17632060,0,0,0,0,446097,1903,72095,70,18254089,0,54095,8,51621,0,0,0,0,160,3872,5677990,0,1065608,0,172032,0,0,0,0,16175308,0,0,0,0,131159,2865489,0,0,0
query,1617,4096,18262365,89859,9147,1102,17648474,17646137,0,0,0,0,430798,1372,81533,80,18262365,0,54095,8,52446,0,0,0,0,170,3859,5658086,0,1057796,0,172032,0,0,0,0,16170431,0,0,0,0,130398,2881870,0,0,0
query,1618,4096,18380657,90670,8316,1032,17751346,17748699,0,0,0,0,454282,1824,72977,210,18380657,0,54095,8,51986,0,0,0,0,182,3861,5661446,0,1063959,0,172032,0,0,0,0,16253823,0,0,0,0,131182,2917481,0,0,0
query,1619,4096,18206270,95389,9217,1042,17611945,17609197,0,0,0,0,413104,2275,73228,70,18206270,0,54095,8,52302,0,0,0,0,203,3833,5618925,0,1101562,0,172032,0,0,0,0,16165043,0,0,0,0,133036,2920527,0,0,0
query,1620,4096,18210778,89718,8836,1153,17598630,17596543,0,0,0,0,437771,1683,72706,281,18210778,0,54095,8,51568,0,0,0,0,174,3872,5680224,0,1059522,0,172032,0,0,0,0,16125835,0,0,0,0,136092,2880976,0,0,0
query,1621,4096,18088058,90319,9167,1333,17489976,17487439,0,0,0,0,424456,1473,71163,171,18088058,0,54095,8,51495,0,0,0,0,171,3862,5663429,0,1062195,0,172032,0,0,0,0,16052141,0,0,0,0,129948,2888759,0,0,0
query,1622,4096,18247437,89548,7824,772,17634758,17632671,0,0,0,0,437580,2054,74840,61,18247437,0,54095,8,51902,0,0,0,0,168,3865,5668080,0,1057864,0,172032,0,0,0,0,16139991,0,0,0,0,131035,2882970,0,0,0
query,1623,4096,18188647,113132,9588,1012,17574896,17572448,0,0,0,0,415058,1673,73218,70,18188647,0,54095,8,51894,0,0,0,0,172,3868,5673252,0,1061250,0,172032,0,0,0,0,16128662,0,0,0,0,130830,2888592,0,0,0
query,1624,4096,18355850,59381,9709,1162,17787164,17784817,0,0,0,0,422242,1913,74219,60,18355850,0,54095,8,52202,0,0,0,0,182,3848,5644964,0,1070656,0,172032,0,0,0,0,16302400,0,0,0,0,132785,2902144,0,0,0
query,1625,4096,18110640,59421,10430,1192,17525884,17523516,0,0,0,0,438923,1803,72927,60,18110640,0,54095,8,51588,0,0,0,0,156,3890,5703824,0,1101650,0,172032,0,0,0,0,16052190,0,0,0,0,130080,2845152,0,0,0
query,1626,4096,18327417,88967,8867,1182,17728784,17726427,0,0,0,0,424546,2144,72687,240,18327417,0,54095,8,51910,0,0,0,0,172,3870,5676857,0,1062303,0,172032,0,0,0,0,16229952,0,0,0,0,130195,2873461,0,0,0
query,1627,4096,18849686,97843,9949,1392,18182946,18180068,0,0,0,0,478838,2034,76624,60,18849686,0,54095,8,52167,0,0,0,0,213,3822,5604566,0,1080335,0,172032,0,0,0,0,16607651,0,0,0,0,138217,2945969,0,0,0
query,1628,4096,18219845,58871,10189,1102,17645418,17642830,0,0,0,0,424386,1853,77976,50,18219845,0,54095,8,51516,0,0,0,0,168,3856,5653746,0,1067932,0,172032,0,0,0,0,16172321,0,0,0,0,141015,2906641,0,0,0
query,1629,4096,18600730,59101,9348,962,17923439,17920070,0,0,0,0,527249,2204,78276,151,18600730,0,54095,8,52100,0,0,0,0,191,3845,5637527,0,1055656,0,172032,0,0,0,0,16368717,0,0,0,0,132963,2906699,0,0,0
query,1630,4096,18495282,59382,11301,1352,17887332,17884674,0,0,0,0,457297,1814,76643,161,18495282,0,54095,8,52065,0,0,0,0,170,3870,5675273,0,1087400,0,172032,0,0,0,0,16391160,0,0,0,0,132022,2890995,0,0,0
query,1631,4096,18634643,59071,10409,1022,18012136,18009157,0,0,0,0,475020,2024,74881,80,18634643,0,54095,8,51716,0,0,0,0,164,3874,5680533,0,1090309,0,172032,0,0,0,0,16480166,0,0,0,0,132367,2915686,0,0,0
query,1632,4096,18213804,88696,8687,811,17613789,17593397,0,1,0,0,428814,1543,71394,70,18213804,0,54095,8,52285,0,0,0,0,174,3855,5653819,0,1058578,0,172032,0,0,0,0,16144781,0,0,0,0,136092,2895106,0,0,0
query,1633,4096,18455116,88436,7554,942,17835675,17833658,0,0,0,0,442229,1893,78327,60,18455116,0,54095,8,52060,0,0,0,0,185,3851,5645784,0,1064947,0,172032,0,0,0,0,16316186,0,0,0,0,132532,2885014,0,0,0
query,1634,4096,18336313,59221,10269,1593,17739004,17736255,0,0,0,0,449884,1813,74399,130,18336313,0,54095,8,51792,0,0,0,0,172,3871,5675488,0,1066358,0,172032,0,0,0,0,16251033,0,0,0,0,136266,2913777,0,0,0
query,1635,4096,18939314,59371,10059,872,18341102,18333365,0,1,0,0,452799,1523,73518,70,18939314,0,54095,8,51390,0,0,0,0,145,3884,5696526,0,1073869,0,172032,0,0,0,0,16765782,0,0,0,0,133436,2926978,0,0,0
query,1636,4096,18325313,59272,10088,1012,17726510,17723722,0,0,0,0,446738,2154,79289,250,18325313,0,54095,8,52187,0,0,0,0,167,3875,5683720,0,1069983,0,172032,0,0,0,0,16224376,0,0,0,0,130966,2883487,0,0,0
query,1637,4096,18270310,59151,10339,1042,17698638,17696361,0,0,0,0,426109,1713,73258,60,18270310,0,54095,8,51748,0,0,0,0,182,3831,5614239,0,1055197,0,172032,0,0,0,0,16204276,0,0,0,0,133490,2888870,0,0,0
query,1638,4096,18328398,59902,9708,1283,17707404,17705067,0,0,0,0,471043,1793,77205,60,18328398,0,54095,8,52389,0,0,0,0,187,3846,5640934,0,1069979,0,172032,0,0,0,0,16216958,0,0,0,0,131518,2886090,0,0,0
query,1639,4096,18202873,59262,9808,1262,17636822,17600611,0,1,0,0,419676,2005,73838,200,18202873,0,54095,8,52103,0,0,0,0,160,3878,5685320,0,1067296,0,172032,0,0,0,0,16199385,0,0,0,0,131779,2876933,0,0,0
query,1640,4096,20419280,58670,10470,1413,19494615,19490315,0,0,0,0,755507,2735,95810,60,20419280,0,54095,8,51712,0,0,0,0,168,3870,5676650,0,1117725,0,172032,0,0,0,0,17727074,0,0,0,0,139450,3104286,0,0,0
query,1641,4096,18715925,59411,12023,1312,18001446,17998607,0,0,0,0,553998,2626,84839,270,18715925,0,54095,8,51375,0,0,0,0,171,3876,5684182,0,1065260,0,172032,0,0,0,0,16452153,0,0,0,0,133205,2887546,0,0,0
query,1642,4096,18931891,58771,10329,1322,18313351,18297318,0,1,0,0,471675,1913,74459,71,18931891,0,54095,8,51864,0,0,0,0,164,3884,5695766,0,1098446,0,172032,0,0,0,0,16752185,0,0,0,0,135935,2930423,0,0,0
query,1643,4096,18375467,91441,8466,732,17742590,17740343,0,0,0,0,459291,1823,71074,50,18375467,0,54095,8,52070,0,0,0,0,167,3869,5671887,0,1066938,0,172032,0,0,0,0,16274347,0,0,0,0,130861,2910897,0,0,0
query,1644,4096,18524526,90229,8095,1042,17921405,17919118,0,0,0,0,429446,1733,72376,200,18524526,0,54095,8,51988,0,0,0,0,166,3875,5681952,0,1079031,0,172032,0,0,0,0,16378477,0,0,0,0,133854,2876803,0,0,0
query,1645,4096,18267204,89799,8055,1062,17616062,17613565,0,0,0,0,479039,1683,71384,120,18267204,0,54095,8,51654,0,0,0,0,200,3841,5632477,0,1053164,0,172032,0,0,0,0,16115077,0,0,0,0,137465,2889918,0,0,0
query,1646,4096,18874072,89348,8085,1202,18265000,18250330,0,1,0,0,431399,1833,77055,150,18874072,0,54095,8,52017,0,0,0,0,164,3866,5667681,0,1072409,0,172032,0,0,0,0,16736659,0,0,0,0,133563,2917137,0,0,0
query,1647,4096,18350520,103554,9428,1112,17706813,17704526,0,0,0,0,455114,1512,72847,140,18350520,0,54095,8,52165,0,0,0,0,174,3873,5678488,0,1071752,0,172032,0,0,0,0,16216310,0,0,0,0,131596,2880662,0,0,0
query,1648,4096,18090092,88216,9578,1402,17491910,17489823,0,0,0,0,425779,1763,71384,60,18090092,0,54095,8,51254,0,0,0,0,167,3862,5663207,0,1065607,0,172032,0,0,0,0,16041120,0,0,0,0,131055,2866161,0,0,0
query,1649,4096,18458783,89769,9357,1383,17825696,17808139,0,1,0,0,456746,2164,73598,70,18458783,0,54095,8,52189,0,0,0,0,169,3862,5663742,0,1085084,0,172032,0,0,0,0,16317435,0,0,0,0,166064,2883461,0,0,0
query,1650,4096,18530978,90640,13916,1252,17892972,17889973,0,0,0,0,455965,1834,74329,70,18530978,0,54095,8,52346,0,0,0,0,187,3860,5663677,0,1104096,0,172032,0,0,0,0,16379327,0,0,0,0,132756,2878460,0,0,0
query,1651,4096,18828636,99025,9859,1192,18128534,18126136,0,0,0,0,512872,1863,75141,150,18828636,0,54095,8,52286,0,0,0,0,161,3871,5676527,0,1064905,0,172032,0,0,0,0,16578882,0,0,0,0,131624,2887225,0,0,0
query,1652,4096,18684867,90199,8957,1683,18020622,18017744,0,0,0,0,485720,1563,76063,60,18684867,0,54095,8,52152,0,0,0,0,167,3865,5669371,0,1081583,0,172032,0,0,0,0,16520993,0,0,0,0,135137,2907450,0,0,0
query,1653,4096,18558300,96642,8716,1162,17967452,17958222,0,1,0,0,409868,2134,72256,70,18558300,0,54095,8,52167,0,0,0,0,149,3903,5721259,0,1077077,0,172032,0,0,0,0,16488933,0,0,0,0,130425,2894774,0,0,0
query,1654,4096,18406595,89608,9197,1423,17740536,17738149,0,0,0,0,480050,1844,83887,50,18406595,0,54095,8,51786,0,0,0,0,175,3866,5669480,0,1069655,0,172032,0,0,0,0,16266142,0,0,0,0,133334,2898223,0,0,0
query,1655,4096,18319011,59332,10369,902,17708887,17693905,0,1,0,0,462938,1703,74750,130,18319011,0,54095,8,52170,0,0,0,0,181,3850,5644976,0,1072188,0,172032,0,0,0,0,16235300,0,0,0,0,133345,2937181,0,0,0
query,1656,4096,18441410,58079,10249,982,17833099,17800976,0,1,0,0,461445,2405,75021,130,18441410,0,54095,8,52131,0,0,0,0,186,3843,5638467,0,1068647,0,172032,0,0,0,0,16312613,0,0,0,0,134082,2906648,0,0,0
query,1657,4096,18744700,59322,10329,1022,18166936,18164558,0,0,0,0,427973,2324,76734,60,18744700,0,54095,8,51801,0,0,0,0,196,3851,5646181,0,1068375,0,172032,0,0,0,0,16625168,0,0,0,0,135926,2928459,0,0,0
query,1658,4096,18316396,59201,11081,932,17738001,17735374,0,0,0,0,431168,1824,74039,150,18316396,0,54095,8,51665,0,0,0,0,185,3842,5631703,0,1054696,0,172032,0,0,0,0,16234324,0,0,0,0,132157,2897686,0,0,0
query,1659,4096,18107664,58610,10439,1293,17519291,17517355,0,0,0,0,441638,1974,74349,70,18107664,0,54095,8,51750,0,0,0,0,169,3871,5677265,0,1057076,0,172032,0,0,0,0,16057515,0,0,0,0,130688,2892155,0,0,0
query,1660,4096,18255121,89839,8876,932,17654776,17652448,0,0,0,0,425298,2043,73287,70,18255121,0,54095,8,51773,0,0,0,0,190,3850,5644664,0,1071643,0,172032,0,0,0,0,16164012,0,0,0,0,136194,2926638,0,0,0
query,1661,4096,18079231,89928,8356,1012,17473506,17471028,0,0,0,0,432722,1522,72115,70,18079231,0,54095,8,51976,0,0,0,0,179,3856,5655945,0,1064154,0,172032,0,0,0,0,16036563,0,0,0,0,130893,2879583,0,0,0
query,1662,4096,19140061,90240,8986,1083,18470304,18467657,0,0,0,0,491362,1673,76353,60,19140061,0,54095,8,52141,0,0,0,0,170,3862,5666605,0,1062705,0,172032,0,0,0,0,16810063,0,0,0,0,135197,2955843,0,0,0
query,1663,4096,18399111,59311,10420,1653,17791602,17769548,0,1,0,0,460133,2143,73789,60,18399111,0,54095,8,51841,0,0,0,0,165,3874,5681501,0,1073751,0,172032,0,0,0,0,16322776,0,0,0,0,133418,2898930,0,0,0
query,1664,4096,18193426,58910,9919,962,17637753,17635246,0,0,0,0,411893,1523,72335,131,18193426,0,54095,8,51782,0,0,0,0,181,3851,5648366,0,1061169,0,172032,0,0,0,0,16180320,0,0,0,0,132611,2900396,0,0,0
query,1665,4096,18504058,67967,9608,1022,17890778,17888291,0,0,0,0,457397,1915,75311,60,18504058,0,54095,8,52297,0,0,0,0,175,3862,5665120,0,1066666,0,172032,0,0,0,0,16382085,0,0,0,0,133696,2908930,0,0,0
query,1666,4096,18200038,58991,9688,922,17583151,17580653,0,0,0,0,470582,1784,74750,170,18200038,0,54095,8,52012,0,0,0,0,191,3850,5648600,0,1053896,0,172032,0,0,0,0,16101788,0,0,0,0,131409,2861547,0,0,0
query,1667,4096,18340280,58509,9989,1022,17762467,17743038,0,1,0,0,432481,2134,73618,60,18340280,0,54095,8,51860,0,0,0,0,183,3851,5648283,0,1059703,0,172032,0,0,0,0,16256057,0,0,0,0,132396,2884085,0,0,0
query,1668,4096,18915620,68839,10340,1292,18313841,18311414,0,0,0,0,446306,1725,73177,100,18915620,0,54095,8,51766,0,0,0,0,170,3867,5667213,0,1087901,0,172032,0,0,0,0,16739721,0,0,0,0,133537,2918600,0,0,0
query,1669,4096,18355790,59382,8666,822,17763950,17761162,0,0,0,0,445305,1883,75722,60,18355790,0,54095,8,52243,0,0,0,0,167,3864,5669463,0,1060234,0,172032,0,0,0,0,16260670,0,0,0,0,136875,2864271,0,0,0
query,1670,4096,18233560,59441,9999,1092,17651329,17634975,0,1,0,0,436689,1853,73087,70,18233560,0,54095,8,51366,0,0,0,0,156,3872,5679033,0,1085400,0,172032,0,0,0,0,16160213,0,0,0,0,136495,2862868,0,0,0
query,1671,4096,18209155,58840,9959,1032,17647672,17644974,0,0,0,0,414517,1693,75382,60,18209155,0,54095,8,52039,0,0,0,0,202,3833,5620654,0,1063636,0,172032,0,0,0,0,16144936,0,0,0,0,131235,2887382,0,0,0
query,1672,4096,18255442,58680,9728,1152,17649536,17646727,0,0,0,0,460072,2004,74209,61,18255442,0,54095,8,52435,0,0,0,0,176,3855,5656079,0,1067484,0,172032,0,0,0,0,16153196,0,0,0,0,129309,2907571,0,0,0
query,1673,4096,19940522,65643,9298,1883,19172582,19169614,0,0,0,0,605806,3506,81734,70,19940522,0,54095,8,51844,0,0,0,0,183,3842,5635780,0,1060474,0,172032,0,0,0,0,17460398,0,0,0,0,136996,2999057,0,0,0
query,1674,4096,18583878,59091,10209,1122,17990736,17988318,0,0,0,0,446347,1853,74399,121,18583878,0,54095,8,51327,0,0,0,0,198,3846,5643361,0,1066269,0,172032,0,0,0,0,16459299,0,0,0,0,136555,2921098,0,0,0
query,1675,4096,18161786,60694,10169,1222,17590846,17587947,0,0,0,0,422613,1853,74319,70,18161786,0,54095,8,51622,0,0,0,0,188,3859,5657840,0,1054956,0,172032,0,0,0,0,16112132,0,0,0,0,133021,2903136,0,0,0
query,1676,4096,18670890,59862,10550,1092,18067469,18065062,0,0,0,0,456125,1974,73758,60,18670890,0,54095,8,51658,0,0,0,0,156,3886,5700733,0,1076261,0,172032,0,0,0,0,16512842,0,0,0,0,133144,2929235,0,0,0
query,1677,4096,18359887,59531,9869,1403,17753039,17732458,0,1,0,0,456516,1694,77355,480,18359887,0,54095,8,51927,0,0,0,0,167,3860,5660594,0,1061445,0,172032,0,0,0,0,16281272,0,0,0,0,131689,2890848,0,0,0
query,1678,4096,18323619,58971,10359,1132,17753601,17751243,0,0,0,0,416000,2114,81372,70,18323619,0,54095,8,52018,0,0,0,0,193,3838,5626199,0,1049234,0,172032,0,0,0,0,16254051,0,0,0,0,133244,2888676,0,0,0
query,1679,4096,18932792,59622,10058,1213,18303642,18300985,0,0,0,0,481012,1924,75261,60,18932792,0,54095,8,52284,0,0,0,0,177,3863,5662681,0,1066541,0,172032,0,0,0,0,16748952,0,0,0,0,141589,2920104,0,0,0
query,1680,4096,18266292,67005,9127,1082,17686035,17672216,0,1,0,0,426229,1953,74801,60,18266292,0,54095,8,51737,0,0,0,0,173,3867,5667197,0,1062689,0,172032,0,0,0,0,16206245,0,0,0,0,131941,2878497,0,0,0
query,1681,4096,18485534,58961,10259,1413,17873816,17871269,0,0,0,0,463068,1503,76443,71,18485534,0,54095,8,51680,0,0,0,0,165,3871,5676407,0,1064530,0,172032,0,0,0,0,16330352,0,0,0,0,133271,2891455,0,0,0
query,1682,4096,18181584,59231,10430,1503,17585605,17583037,0,0,0,0,447128,1854,75772,61,18181584,0,54095,8,51840,0,0,0,0,189,3841,5634385,0,1085451,0,172032,0,0,0,0,16108678,0,0,0,0,131242,2868087,0,0,0
query,1683,4096,18436932,58940,10019,1012,17834713,17831985,0,0,0,0,455985,1513,74690,60,18436932,0,54095,8,52158,0,0,0,0,155,3887,5701319,0,1067510,0,172032,0,0,0,0,16282687,0,0,0,0,129558,2874608,0,0,0
query,1684,4096,18843895,58599,10881,942,18192974,18190117,0,0,0,0,499366,1974,79109,50,18843895,0,54095,8,52192,0,0,0,0,169,3858,5658077,0,1058956,0,172032,0,0,0,0,16576633,0,0,0,0,134823,2916571,0,0,0
query,1685,4096,18522051,58790,9738,1763,17936594,17934077,0,0,0,0,438672,2014,74240,240,18522051,0,54095,8,51821,0,0,0,0,167,3869,5672804,0,1066033,0,172032,0,0,0,0,16412123,0,0,0,0,132356,2923196,0,0,0
query,1686,4096,18162307,59491,9759,1352,17583061,17580844,0,0,0,0,431840,1964,74780,60,18162307,0,54095,8,51969,0,0,0,0,168,3875,5682646,0,1065686,0,172032,0,0,0,0,16127226,0,0,0,0,130521,2888452,0,0,0
query,1687,4096,18496173,59551,10470,1423,17856744,17837475,0,1,0,0,489798,2174,75943,70,18496173,0,54095,8,51658,0,0,0,0,164,3861,5665271,0,1067182,0,172032,0,0,0,0,16358418,0,0,0,0,131816,2918323,0,0,0
query,1688,4096,18315364,89388,8716,842,17681405,17678737,0,0,0,0,457228,1843,75882,60,18315364,0,54095,8,51666,0,0,0,0,183,3861,5660688,0,1060917,0,172032,0,0,0,0,16210608,0,0,0,0,134181,2879059,0,0,0
query,1689,4096,18222139,59291,10119,1132,17654945,17652538,0,0,0,0,419487,1433,75672,60,18222139,0,54095,8,51725,0,0,0,0,174,3879,5688550,0,1060662,0,172032,0,0,0,0,16169826,0,0,0,0,129948,2859313,0,0,0
query,1690,4096,18806355,59241,10500,1082,18208233,18205295,0,0,0,0,450104,1633,75492,70,18806355,0,54095,8,51691,0,0,0,0,190,3841,5637133,0,1061562,0,172032,0,0,0,0,16602400,0,0,0,0,134976,2909553,0,0,0
query,1691,4096,18188226,90009,8877,1202,17598780,17579532,0,1,0,0,417292,1834,70052,180,18188226,0,54095,8,52183,0,0,0,0,165,3871,5677192,0,1060202,0,172032,0,0,0,0,16143479,0,0,0,0,129433,2907617,0,0,0
query,1692,4096,18301759,88075,8106,1262,17691825,17689467,0,0,0,0,437571,1733,73127,60,18301759,0,54095,8,52084,0,0,0,0,186,3856,5658372,0,1054073,0,172032,0,0,0,0,16197628,0,0,0,0,133834,2881656,0,0,0
query,1693,4096,18078500,89588,8717,1032,17499243,17496896,0,0,0,0,409227,1543,68980,170,18078500,0,54095,8,52196,0,0,0,0,179,3857,5656868,0,1055373,0,172032,0,0,0,0,16042531,0,0,0,0,130469,2858584,0,0,0
query,1694,4096,18307168,89628,7834,982,17709348,17689087,0,1,0,0,424757,1753,72806,60,18307168,0,54095,8,51613,0,0,0,0,183,3858,5656163,0,1057038,0,172032,0,0,0,0,16194142,0,0,0,0,132340,2875319,0,0,0
query,1695,4096,18810613,89608,8446,1383,18131409,18128942,0,0,0,0,503594,2004,74099,70,18810613,0,54095,8,52133,0,0,0,0,156,3876,5684379,0,1064107,0,172032,0,0,0,0,16579250,0,0,0,0,131242,2878710,0,0,0
query,1696,4096,18237157,91441,8857,1172,17644476,17642199,0,0,0,0,414157,2144,74840,70,18237157,0,54095,8,51794,0,0,0,0,169,3853,5653863,0,1052290,0,172032,0,0,0,0,16137175,0,0,0,0,141503,2882565,0,0,0
query,1697,4096,18226898,89758,8857,1492,17568354,17566157,0,0,0,0,481232,1573,75572,60,18226898,0,54095,8,52268,0,0,0,0,183,3860,5663200,0,1062906,0,172032,0,0,0,0,16079009,0,0,0,0,131370,2875468,0,0,0
query,1698,4096,18487437,89958,9047,882,17871191,17868754,0,0,0,0,440997,1824,73387,151,18487437,0,54095,8,51925,0,0,0,0,158,3883,5697839,0,1066293,0,172032,0,0,0,0,16363689,0,0,0,0,139632,2899890,0,0,0
query,1699,4096,18472028,89077,8907,911,17827690,17825172,0,0,0,0,469911,2054,73308,170,18472028,0,54095,8,52323,0,0,0,0,178,3857,5657835,0,1055256,0,172032,0,0,0,0,16284052,0,0,0,0,131416,2896684,0,0,0
query,1700,4096,18046149,89939,9047,1232,17454470,17452032,0,0,0,0,418735,1793,70773,160,18046149,0,54095,8,51678,0,0,0,0,184,3846,5640411,0,1050834,0,172032,0,0,0,0,15993087,0,0,0,0,129727,2874409,0,0,0
query,1701,4096,18970864,90149,8346,1403,18352263,18333596,0,1,0,0,443171,1944,73518,70,18970864,0,54095,8,52151,0,0,0,0,185,3850,5644508,0,1075612,0,172032,0,0,0,0,16749702,0,0,0,0,139789,2940112,0,0,0
query,1702,4096,18254691,89087,8827,1182,17632454,17630327,0,0,0,0,449763,1593,71714,71,18254691,0,54095,8,51921,0,0,0,0,177,3862,5664424,0,1070603,0,172032,0,0,0,0,16169727,0,0,0,0,130826,2889223,0,0,0
query,1703,4096,18289936,90019,8245,1132,17687086,17684698,0,0,0,0,428935,1713,72736,70,18289936,0,54095,8,52270,0,0,0,0,179,3857,5655677,0,1053235,0,172032,0,0,0,0,16157788,0,0,0,0,130978,2859881,0,0,0
query,1704,4096,18537591,90931,8796,1022,17881421,17878843,0,0,0,0,478878,1723,74750,70,18537591,0,54095,8,51221,0,0,0,0,178,3859,5658533,0,1064552,0,172032,0,0,0,0,16374499,0,0,0,0,133305,2922225,0,0,0
query,1705,4096,18411575,95590,9227,882,17793535,17770439,0,1,0,0,436679,1733,73859,70,18411575,0,54095,8,51941,0,0,0,0,166,3875,5681211,0,1070597,0,172032,0,0,0,0,16307182,0,0,0,0,129175,2918556,0,0,0
query,1706,4096,20780667,90270,8956,1283,20046430,20043703,0,0,0,0,551323,1904,80020,481,20780667,0,54095,8,52698,0,0,0,0,145,3896,5715535,0,1128607,0,172032,0,0,0,0,18293648,0,0,0,0,145658,3185083,0,0,0
query,1707,4096,18402297,88115,9197,1002,17807852,17804864,0,0,0,0,420739,2565,72767,60,18402297,0,54095,8,52046,0,0,0,0,187,3848,5643793,0,1054246,0,172032,0,0,0,0,16269576,0,0,0,0,132528,2875248,0,0,0
query,1708,4096,19169596,89098,9297,962,18522953,18512101,0,1,0,0,470913,1543,74760,70,19169596,0,54095,8,51990,0,0,0,0,181,3860,5662364,0,1059889,0,172032,0,0,0,0,16879331,0,0,0,0,141568,2933273,0,0,0
query,1709,4096,18246395,88055,9488,922,17622515,17620027,0,0,0,0,452428,1683,71184,120,18246395,0,54095,8,52010,0,0,0,0,171,3861,5662799,0,1051743,0,172032,0,0,0,0,16131080,0,0,0,0,131911,2865616,0,0,0
query,1710,4096,18382781,92314,8525,1052,17767127,17764639,0,0,0,0,436900,2113,74680,70,18382781,0,54095,8,51642,0,0,0,0,166,3864,5667398,0,1054262,0,172032,0,0,0,0,16279985,0,0,0,0,132296,2895081,0,0,0
query,1711,4096,18635624,88035,10249,1172,17827449,17824601,0,0,0,0,623368,2275,82776,300,18635624,0,54095,8,51710,0,0,0,0,172,3870,5678380,0,1057255,0,172032,0,0,0,0,16239833,0,0,0,0,130699,2864321,0,0,0
query,1712,4096,18463712,131596,9408,1322,17825706,17822938,0,0,0,0,418244,1824,75462,150,18463712,0,54095,8,52287,0,0,0,0,165,3866,5668690,0,1059463,0,172032,0,0,0,0,16314747,0,0,0,0,131298,2869296,0,0,0
query,1713,4096,18316967,89548,9808,1072,17687397,17685290,0,0,0,0,453660,1563,73859,60,18316967,0,54095,8,51515,0,0,0,0,170,3870,5675097,0,1058553,0,172032,0,0,0,0,16167814,0,0,0,0,130262,2855152,0,0,0
query,1714,4096,18494681,89528,9097,1062,17838550,17836263,0,0,0,0,478848,1443,76073,80,18494681,0,54095,8,51663,0,0,0,0,178,3867,5674039,0,1069629,0,172032,0,0,0,0,16297270,0,0,0,0,132928,2886387,0,0,0
query,1715,4096,18388271,89808,9859,1012,17737420,17722640,0,1,0,0,472325,1924,75762,161,18388271,0,54095,8,52056,0,0,0,0,177,3863,5665113,0,1058139,0,172032,0,0,0,0,16219268,0,0,0,0,131036,2873081,0,0,0
query,1716,4096,18282483,88797,9928,932,17690823,17688486,0,0,0,0,417994,1653,72185,171,18282483,0,54095,8,52236,0,0,0,0,156,3886,5696264,0,1058139,0,172032,0,0,0,0,16224551,0,0,0,0,130112,2882691,0,0,0
query,1717,4096,18979139,89818,7725,1142,18349428,18346960,0,0,0,0,453571,1683,75612,160,18979139,0,54095,8,52408,0,0,0,0,171,3862,5661577,0,1056073,0,172032,0,0,0,0,16774670,0,0,0,0,133935,2914945,0,0,0
query,1718,4096,18072198,89578,9197,1032,17488764,17486247,0,0,0,0,411982,1614,69861,170,18072198,0,54095,8,51942,0,0,0,0,165,3870,5678897,0,1073182,0,172032,0,0,0,0,16049206,0,0,0,0,133554,2872729,0,0,0
query,1719,4096,18364998,95580,8816,1182,17742560,17740423,0,0,0,0,442811,1673,72305,71,18364998,0,54095,8,51605,0,0,0,0,188,3856,5654007,0,1056570,0,172032,0,0,0,0,16254142,0,0,0,0,132636,2884979,0,0,0
query,1720,4096,18259940,97072,8516,1152,17621803,17619797,0,0,0,0,451556,1825,77565,451,18259940,0,54095,8,51603,0,0,0,0,176,3871,5676695,0,1057327,0,172032,0,0,0,0,16152885,0,0,0,0,130418,2920653,0,0,0
query,1721,4096,18466627,89939,8175,932,17872724,17869976,0,0,0,0,414808,1522,78307,220,18466627,0,54095,8,51753,0,0,0,0,159,3886,5700855,0,1062854,0,172032,0,0,0,0,16391632,0,0,0,0,132173,2915482,0,0,0
query,1722,4096,18793060,86532,8827,1142,18069303,18057577,0,1,0,0,549140,2524,75522,70,18793060,0,54095,8,52155,0,0,0,0,165,3870,5675724,0,1057009,0,172032,0,0,0,0,16466320,0,0,0,0,130376,2895542,0,0,0
query,1723,4096,18360609,91161,8846,1172,17765013,17762254,0,0,0,0,419888,1512,72957,60,18360609,0,54095,8,52053,0,0,0,0,165,3875,5681898,0,1059062,0,172032,0,0,0,0,16278136,0,0,0,0,131932,2893600,0,0,0
query,1724,4096,18482798,90119,9017,1122,17825225,17822417,0,0,0,0,481082,1703,74460,70,18482798,0,54095,8,52207,0,0,0,0,159,3877,5687527,0,1057746,0,172032,0,0,0,0,16301012,0,0,0,0,130335,2875872,0,0,0
query,1725,4096,18194187,90149,9127,1082,17600133,17597505,0,0,0,0,420107,1875,71654,60,18194187,0,54095,8,52587,0,0,0,0,164,3870,5676270,0,1056450,0,172032,0,0,0,0,16126179,0,0,0,0,129046,2890313,0,0,0
query,1726,4096,18477017,89137,7775,1433,17840493,17822968,0,2,0,0,462016,2024,74029,110,18477017,0,54095,8,52016,0,0,0,0,191,3864,5670998,0,1054720,0,172032,0,0,0,0,16296640,0,0,0,0,133948,2870890,0,0,0
query,1727,4096,18066989,90250,9538,1362,17463206,17460719,0,0,0,0,429255,1463,71855,60,18066989,0,54095,0,51697,0,0,0,0,194,3838,5626074,0,1051107,0,172032,0,0,0,0,15981188,0,0,0,0,132001,2867903,0,0,0
query,1728,4096,18672805,91302,7564,881,18046841,18044513,0,0,0,0,445726,1332,79019,140,18672805,0,54095,0,52309,0,0,0,0,168,3878,5689489,0,1063823,0,172032,0,0,0,0,16494968,0,0,0,0,130459,2917820,0,0,0
query,1729,4096,18052832,91161,8455,1583,17443440,17441202,0,0,0,0,436529,1382,70131,151,18052832,0,54095,0,51464,0,0,0,0,175,3868,5673331,0,1053275,0,172032,0,0,0,0,16004661,0,0,0,0,129812,2857334,0,0,0
query,1730,4096,18209966,90038,7705,1463,17602096,17599939,0,0,0,0,434896,1773,71935,60,18209966,0,54095,0,51888,0,0,0,0,177,3855,5653614,0,1059968,0,172032,0,0,0,0,16117099,0,0,0,0,130267,2894837,0,0,0
query,1731,4096,18271492,91311,8316,841,17637804,17635697,0,0,0,0,458610,1272,73197,141,18271492,0,54095,0,51859,0,0,0,0,153,3893,5709385,0,1062677,0,172032,0,0,0,0,16176520,0,0,0,0,129417,2889941,0,0,0
query,1732,4096,18195389,92754,9257,1413,17603008,17600671,0,0,0,0,415179,1242,72466,70,18195389,0,54095,0,51512,0,0,0,0,165,3880,5693710,0,1052547,0,172032,0,0,0,0,16108131,0,0,0,0,130489,2839770,0,0,0
query,1733,4096,18581933,91591,9138,1292,17799617,17797040,0,0,0,0,598352,2194,79679,70,18581933,0,54095,0,52460,0,0,0,0,206,3828,5614564,0,1043427,0,172032,0,0,0,0,16227340,0,0,0,0,131251,2921148,0,0,0
query,1734,4096,18176273,90429,8997,1563,17592889,17590292,0,0,0,0,407895,1483,72867,150,18176273,0,54095,0,51956,0,0,0,0,180,3861,5661730,0,1050463,0,172032,0,0,0,0,16152023,0,0,0,0,130427,2887680,0,0,0
query,1735,4096,18197773,90089,8576,1513,17555509,17553202,0,0,0,0,464732,1793,75491,70,18197773,0,54095,0,51582,0,0,0,0,162,3870,5677906,0,1072528,0,172032,0,0,0,0,16083962,0,0,0,0,129818,2841601,0,0,0
query,1736,4096,18018247,90029,8235,1323,17430555,17409452,0,1,0,0,415399,1743,70893,70,18018247,0,54095,0,52579,0,0,0,0,171,3850,5646343,0,1045332,0,172032,0,0,0,0,15996757,0,0,0,0,129827,2922500,0,0,0
query,1737,4096,18238571,91031,8947,1473,17627554,17625117,0,0,0,0,429285,1974,78237,70,18238571,0,54095,0,51894,0,0,0,0,184,3855,5650917,0,1054558,0,172032,0,0,0,0,16137118,0,0,0,0,130717,2855248,0,0,0
query,1738,4096,17902670,87514,8386,1502,17310721,17308152,0,0,0,0,421770,1554,71103,120,17902670,0,54095,0,52368,0,0,0,0,187,3835,5621475,0,1038711,0,172032,0,0,0,0,15868264,0,0,0,0,130845,2875471,0,0,0
query,1739,4096,20791878,97373,15459,1362,20144504,20125346,0,1,0,0,455884,1955,75271,70,20791878,0,54095,8,52337,0,0,0,0,192,3852,5648821,0,1091565,0,172032,0,0,0,0,18399037,0,0,0,0,148259,3196059,0,0,0
query,1740,4096,18372792,88866,9929,1172,17742270,17739932,0,0,0,0,454091,1784,74619,61,18372792,0,54095,8,51570,0,0,0,0,169,3873,5678641,0,1061468,0,172032,0,0,0,0,16271854,0,0,0,0,133121,2895802,0,0,0
query,1741,4096,18253518,89498,9438,1042,17643163,17640856,0,0,0,0,435016,2104,73017,240,18253518,0,54095,8,51743,0,0,0,0,197,3852,5649651,0,1078377,0,172032,0,0,0,0,16131770,0,0,0,0,138739,2864165,0,0,0
query,1742,4096,18261072,91581,8196,952,17609270,17607133,0,0,0,0,473608,1743,75612,110,18261072,0,54095,8,51649,0,0,0,0,175,3867,5677118,0,1065864,0,172032,0,0,0,0,16110413,0,0,0,0,130782,2879500,0,0,0
query,1743,4096,18052752,88486,9448,941,17458067,17424571,0,2,0,0,424506,1543,69590,171,18052752,0,54095,8,52527,0,0,0,0,187,3850,5644291,0,1069625,0,172032,0,0,0,0,16017336,0,0,0,0,131432,2902678,0,0,0
query,1744,4096,18848373,90870,7995,1012,18124336,18121639,0,0,0,0,544391,1533,78156,80,18848373,0,54095,8,52009,0,0,0,0,205,3834,5621925,0,1067436,0,172032,0,0,0,0,16548548,0,0,0,0,135371,2932351,0,0,0
query,1745,4096,18143491,90670,8516,1613,17564175,17561748,0,0,0,0,406642,1944,69731,200,18143491,0,54095,8,51813,0,0,0,0,181,3866,5670065,0,1072068,0,172032,0,0,0,0,16116920,0,0,0,0,131491,2919266,0,0,0
query,1746,4096,18375837,90209,8035,1062,17761325,17744341,0,1,0,0,435006,1513,78617,70,18375837,0,54095,8,52043,0,0,0,0,164,3871,5677250,0,1061426,0,172032,0,0,0,0,16259418,0,0,0,0,130329,2913979,0,0,0
query,1747,4096,18039687,88636,8316,1553,17443980,17441262,0,0,0,0,423945,1493,71604,160,18039687,0,54095,8,51895,0,0,0,0,185,3853,5648772,0,1050439,0,172032,0,0,0,0,15983136,0,0,0,0,129976,2877707,0,0,0
query,1748,4096,18432353,90680,7224,1112,17836436,17833798,0,0,0,0,421921,1974,72866,140,18432353,0,54095,8,51697,0,0,0,0,149,3890,5706470,0,1061112,0,172032,0,0,0,0,16363164,0,0,0,0,129800,2904566,0,0,0
query,1749,4096,18149613,91131,8385,1303,17527036,17524929,0,0,0,0,447690,1522,72396,150,18149613,0,54095,8,51926,0,0,0,0,169,3877,5685935,0,1057836,0,172032,0,0,0,0,16073256,0,0,0,0,129604,2879617,0,0,0
query,1750,4096,18758084,90499,8156,1693,18143902,18124343,0,1,0,0,437952,1613,74199,70,18758084,0,54095,8,52103,0,0,0,0,189,3841,5636984,0,1051765,0,172032,0,0,0,0,16610239,0,0,0,0,133609,2918477,0,0,0
query,1751,4096,18191472,91201,8686,1042,17551762,17549615,0,0,0,0,461385,1734,75602,60,18191472,0,54095,8,51434,0,0,0,0,175,3863,5663483,0,1056026,0,172032,0,0,0,0,16064908,0,0,0,0,129576,2887827,0,0,0
query,1752,4096,18203254,90680,8556,1232,17595074,17593026,0,0,0,0,433613,1763,72265,71,18203254,0,54095,8,52189,0,0,0,0,171,3852,5649462,0,1069170,0,172032,0,0,0,0,16125267,0,0,0,0,130457,2867220,0,0,0
query,1753,4096,18281221,90831,8165,771,17630591,17628524,0,0,0,0,475532,1512,73338,481,18281221,0,54095,8,51798,0,0,0,0,179,3854,5653659,0,1049100,0,172032,0,0,0,0,16152992,0,0,0,0,129971,2894033,0,0,0
query,1754,4096,17962322,91051,8256,1302,17365793,17362996,0,0,0,0,423454,1463,70853,150,17962322,0,54095,8,51717,0,0,0,0,188,3847,5641343,0,1045728,0,172032,0,0,0,0,15957997,0,0,0,0,130303,2856740,0,0,0
query,1755,4096,18594508,90931,7494,1112,17800689,17796950,0,0,0,0,601828,2746,89467,241,18594508,0,54095,8,52178,0,0,0,0,186,3845,5640833,0,1047878,0,172032,0,0,0,0,16212452,0,0,0,0,137492,2914494,0,0,0
query,1756,4096,18184549,143379,10289,1132,17553606,17551339,0,0,0,0,403206,1332,71535,70,18184549,0,54095,8,51756,0,0,0,0,167,3865,5666440,0,1059193,0,172032,0,0,0,0,16121154,0,0,0,0,131089,2876546,0,0,0
query,1757,4096,18285388,90800,9298,1102,17671947,17643101,0,1,0,0,437310,2225,72636,70,18285388,0,54095,8,51740,0,0,0,0,193,3853,5652801,0,1048914,0,172032,0,0,0,0,16185784,0,0,0,0,131930,2895363,0,0,0
query,1758,4096,18155314,90129,8366,1072,17521806,17518977,0,0,0,0,459191,2114,72566,70,18155314,0,54095,8,51599,0,0,0,0,174,3853,5648154,0,1053856,0,172032,0,0,0,0,16053248,0,0,0,0,129698,2890634,0,0,0
query,1759,4096,18270139,89718,8486,1112,17677117,17674880,0,0,0,0,418605,1653,73378,70,18270139,0,54095,8,51824,0,0,0,0,194,3839,5633601,0,1066275,0,172032,0,0,0,0,16167299,0,0,0,0,131840,2869321,0,0,0
query,1760,4096,18260592,90460,9087,1022,17648073,17645836,0,0,0,0,437340,1713,72756,141,18260592,0,54095,8,52055,0,0,0,0,165,3859,5658445,0,1055087,0,172032,0,0,0,0,16147590,0,0,0,0,135079,2895896,0,0,0
query,1761,4096,18837844,90850,8456,1072,18189829,18176000,0,1,0,0,471635,1693,74249,60,18837844,0,54095,8,52344,0,0,0,0,137,3900,5717029,0,1071307,0,172032,0,0,0,0,16616866,0,0,0,0,129663,2934627,0,0,0
query,1762,4096,18259710,90390,8726,801,17662851,17660453,0,0,0,0,421571,1733,73578,60,18259710,0,54095,8,51587,0,0,0,0,178,3867,5673178,0,1056681,0,172032,0,0,0,0,16178312,0,0,0,0,135442,2884941,0,0,0
query,1763,4096,18476886,94186,9298,1192,17825115,17812478,0,1,0,0,472075,1723,73227,70,18476886,0,54095,8,51528,0,0,0,0,167,3871,5677496,0,1065477,0,172032,0,0,0,0,16342284,0,0,0,0,131441,2892866,0,0,0
query,1764,4096,18630555,89668,8697,1012,18024619,18003296,0,1,0,0,427091,1482,77916,70,18630555,0,54095,8,52053,0,0,0,0,171,3876,5683316,0,1057709,0,172032,0,0,0,0,16542536,0,0,0,0,139450,3129244,0,0,0
query,1765,4096,18283735,86733,8425,1052,17637403,17634835,0,0,0,0,473888,1884,74290,60,18283735,0,54095,8,52097,0,0,0,0,172,3860,5657316,0,1050996,0,172032,0,0,0,0,16143511,0,0,0,0,131319,2890549,0,0,0
query,1766,4096,18736253,59061,9658,1413,17982239,17978780,0,0,0,0,583665,2905,97242,70,18736253,0,54095,8,52044,0,0,0,0,184,3855,5654881,0,1060032,0,172032,0,0,0,0,16422637,0,0,0,0,133319,2926497,0,0,0
query,1767,4096,18587144,58750,10991,1432,17980156,17964014,0,1,0,0,455324,2354,78077,60,18587144,0,54095,8,51839,0,0,0,0,204,3841,5633843,0,1055086,0,172032,0,0,0,0,16438614,0,0,0,0,135000,2917610,0,0,0
query,1768,4096,18162217,58820,9679,981,17586788,17583929,0,0,0,0,429987,1653,74249,60,18162217,0,54095,8,52236,0,0,0,0,176,3853,5647658,0,1050742,0,172032,0,0,0,0,16128397,0,0,0,0,135328,2934698,0,0,0
query,1769,4096,18312548,58840,9768,1203,17734424,17731417,0,0,0,0,433402,1273,73508,130,18312548,0,54095,8,51636,0,0,0,0,152,3886,5696523,0,1068491,0,172032,0,0,0,0,16232245,0,0,0,0,130909,2860990,0,0,0
query,1770,4096,18111823,59121,10450,1292,17507299,17504721,0,0,0,0,457287,2014,74299,61,18111823,0,54095,8,51598,0,0,0,0,167,3869,5677723,0,1061405,0,172032,0,0,0,0,16039972,0,0,0,0,130331,2873052,0,0,0
query,1771,4096,18381278,58650,10039,1112,17816278,17802089,0,1,0,0,419357,2234,73548,60,18381278,0,54095,8,51984,0,0,0,0,147,3896,5715184,0,1068961,0,172032,0,0,0,0,16325492,0,0,0,0,131052,2886872,0,0,0
query,1772,4096,19922247,58830,9518,1332,19308126,19300289,0,0,0,0,467867,2114,74400,60,19922247,0,54095,8,51629,0,0,0,0,172,3848,5644730,0,1058858,0,172032,0,0,0,0,17630444,0,0,0,0,136226,3013277,0,0,0
query,1773,4096,18234042,58800,10149,812,17664013,17661765,0,0,0,0,425047,2124,72956,141,18234042,0,54095,8,51524,0,0,0,0,161,3874,5681095,0,1056591,0,172032,0,0,0,0,16167805,0,0,0,0,135977,2885519,0,0,0
query,1774,4096,18453233,58770,9558,892,17834402,17814512,0,1,0,0,472957,1843,74660,151,18453233,0,54095,8,51750,0,0,0,0,156,3882,5698098,0,1081490,0,172032,0,0,0,0,16352955,0,0,0,0,130815,2899052,0,0,0
query,1775,4096,18188596,58730,10349,1152,17617506,17615199,0,0,0,0,425989,2084,72305,481,18188596,0,54095,8,52182,0,0,0,0,174,3861,5663868,0,1055532,0,172032,0,0,0,0,16141523,0,0,0,0,132572,2900670,0,0,0
query,1776,4096,18451580,58690,10079,1423,17867875,17865628,0,0,0,0,438602,1794,73047,70,18451580,0,54095,8,51660,0,0,0,0,161,3886,5698060,0,1067615,0,172032,0,0,0,0,16341998,0,0,0,0,132738,2912779,0,0,0
query,1777,4096,18973178,89749,8936,922,18173418,18170329,0,0,0,0,613561,1683,84839,70,18973178,0,54095,8,51972,0,0,0,0,182,3867,5671180,0,1060605,0,172032,0,0,0,0,16511403,0,0,0,0,133460,2934679,0,0,0
query,1778,4096,18639392,88947,9648,1573,18026943,18024516,0,0,0,0,437080,1563,73578,60,18639392,0,54095,8,52259,0,0,0,0,155,3877,5687387,0,1064798,0,172032,0,0,0,0,16496890,0,0,0,0,132404,2912548,0,0,0
query,1779,4096,18155364,58730,10210,1122,17573643,17571326,0,0,0,0,435356,2344,73899,60,18155364,0,54095,8,51905,0,0,0,0,191,3860,5658602,0,1055195,0,172032,0,0,0,0,16093040,0,0,0,0,131105,2874934,0,0,0
query,1780,4096,18182064,59031,10018,1032,17615282,17612783,0,0,0,0,421461,2063,73117,60,18182064,0,54095,8,52097,0,0,0,0,174,3850,5644912,0,1055880,0,172032,0,0,0,0,16121842,0,0,0,0,131052,2862312,0,0,0
query,1781,4096,18301438,58730,9558,1152,17689040,17675090,0,1,0,0,464451,2304,76123,80,18301438,0,54095,8,51393,0,0,0,0,184,3866,5670824,0,1075236,0,172032,0,0,0,0,16169185,0,0,0,0,132028,2890976,0,0,0
query,1782,4096,18186683,59311,11081,1112,17620120,17617182,0,0,0,0,417903,2325,74620,211,18186683,0,54095,8,51871,0,0,0,0,164,3866,5672900,0,1057313,0,172032,0,0,0,0,16144347,0,0,0,0,129459,2878795,0,0,0
query,1783,4096,18452031,59722,10309,1243,17853648,17851191,0,0,0,0,447880,2034,77134,61,18452031,0,54095,8,52026,0,0,0,0,184,3843,5634892,0,1072826,0,172032,0,0,0,0,16372145,0,0,0,0,134117,2912682,0,0,0
query,1784,4096,17968494,59492,10009,1222,17395609,17393152,0,0,0,0,426480,1703,73929,50,17968494,0,54095,8,52596,0,0,0,0,201,3823,5606244,0,1043045,0,172032,0,0,0,0,15938073,0,0,0,0,135334,2903271,0,0,0
query,1785,4096,18465756,58800,10139,1393,17802282,17783623,0,1,0,0,514455,1863,76764,60,18465756,0,54095,8,51853,0,0,0,0,179,3860,5659479,0,1054181,0,172032,0,0,0,0,16241194,0,0,0,0,132245,2882301,0,0,0
query,1786,4096,18889360,59321,9989,1222,18253207,18250239,0,0,0,0,488145,1784,75552,140,18889360,0,54095,8,51712,0,0,0,0,192,3843,5638319,0,1054578,0,172032,0,0,0,0,16662704,0,0,0,0,135511,2915636,0,0,0
query,1787,4096,18172897,58931,10580,1392,17588762,17586083,0,0,0,0,437460,1523,74099,150,18172897,0,54095,8,52175,0,0,0,0,199,3838,5625243,0,1056194,0,172032,0,0,0,0,16099192,0,0,0,0,133243,2939045,0,0,0
query,1788,4096,18533293,59151,10369,1012,17908001,17891847,0,1,0,0,471905,2093,80682,80,18533293,0,54095,8,51837,0,0,0,0,174,3855,5655868,0,1085442,0,172032,0,0,0,0,16370674,0,0,0,0,131902,2903051,0,0,0
query,1789,4096,18178197,59191,10280,1222,17576068,17573580,0,0,0,0,452980,1422,76904,130,18178197,0,54095,8,51544,0,0,0,0,179,3862,5662913,0,1052971,0,172032,0,0,0,0,16080151,0,0,0,0,128613,2878018,0,0,0
query,1790,4096,18360498,66625,9598,1402,17758280,17755701,0,0,0,0,448841,1683,73939,130,18360498,0,54095,8,51616,0,0,0,0,172,3881,5692998,0,1081996,0,172032,0,0,0,0,16276586,0,0,0,0,148252,2877977,0,0,0
query,1791,4096,18242107,58980,9859,1493,17651479,17636457,0,1,0,0,442991,1863,75391,51,18242107,0,54095,8,52305,0,0,0,0,180,3858,5660994,0,1059828,0,172032,0,0,0,0,16158900,0,0,0,0,132459,2907701,0,0,0
query,1792,4096,18331044,58971,10409,1022,17767297,17764468,0,0,0,0,416381,1783,75121,60,18331044,0,54095,8,51878,0,0,0,0,171,3874,5689222,0,1074518,0,172032,0,0,0,0,16284079,0,0,0,0,131287,2909493,0,0,0
query,1793,4096,18294545,58981,10009,881,17676557,17673788,0,0,0,0,471484,2214,74369,50,18294545,0,54095,8,51501,0,0,0,0,160,3864,5668084,0,1057754,0,172032,0,0,0,0,16189008,0,0,0,0,129839,2889431,0,0,0
query,1794,4096,18589528,58800,10410,992,18009560,18007113,0,0,0,0,431880,1693,76063,130,18589528,0,54095,8,51974,0,0,0,0,176,3873,5679212,0,1069483,0,172032,0,0,0,0,16517870,0,0,0,0,142331,2914859,0,0,0
query,1795,4096,18337736,59141,9648,1503,17716060,17713673,0,0,0,0,474350,2204,74760,70,18337736,0,54095,8,51725,0,0,0,0,179,3865,5667203,0,1066901,0,172032,0,0,0,0,16233243,0,0,0,0,135457,2900186,0,0,0
query,1796,4096,18384003,58820,9779,1182,17801130,17798211,0,0,0,0,435446,2184,75301,161,18384003,0,54095,8,52470,0,0,0,0,164,3865,5666815,0,1091929,0,172032,0,0,0,0,16317816,0,0,0,0,136767,2932065,0,0,0
query,1797,4096,18471226,59101,10680,1212,17871361,17868614,0,0,0,0,443922,2015,82875,60,18471226,0,54095,8,51948,0,0,0,0,180,3853,5650298,0,1057352,0,172032,0,0,0,0,16362908,0,0,0,0,132109,2905261,0,0,0
query,1798,4096,18292171,64051,10760,1382,17701053,17698104,0,0,0,0,441467,1674,71714,70,18292171,0,54095,8,51954,0,0,0,0,170,3870,5674269,0,1062007,0,172032,0,0,0,0,16225427,0,0,0,0,129972,2900422,0,0,0
query,1799,4096,18955675,58911,9468,992,18213402,18210424,0,0,0,0,585948,2896,83838,220,18955675,0,54095,8,51998,0,0,0,0,176,3862,5665443,0,1060760,0,172032,0,0,0,0,16606914,0,0,0,0,134061,2898314,0,0,0
query,1800,4096,18459224,59161,10529,1373,17838099,17835221,0,0,0,0,473127,1683,75091,161,18459224,0,54095,8,51863,0,0,0,0,171,3867,5671807,0,1062097,0,172032,0,0,0,0,16332644,0,0,0,0,132841,2876157,0,0,0
query,1801,4096,18394944,58961,9738,1423,17815697,17812809,0,0,0,0,433282,1864,73849,130,18394944,0,54095,8,52063,0,0,0,0,187,3847,5641556,0,1063386,0,172032,0,0,0,0,16309912,0,0,0,0,129737,2945106,0,0,0
query,1802,4096,18374275,59201,9809,1252,17766665,17752035,0,1,0,0,459561,1914,75813,60,18374275,0,54095,8,52162,0,0,0,0,180,3852,5649194,0,1068624,0,172032,0,0,0,0,16267339,0,0,0,0,131475,2894541,0,0,0
query,1803,4096,18271583,59472,9568,1342,17705471,17702682,0,0,0,0,419837,1764,74068,61,18271583,0,54095,8,52280,0,0,0,0,174,3860,5659019,0,1086464,0,172032,0,0,0,0,16256380,0,0,0,0,130672,2903380,0,0,0
query,1804,4096,18325212,59061,10259,1443,17707003,17704716,0,0,0,0,470222,2214,74950,60,18325212,0,54095,8,51930,0,0,0,0,169,3879,5688601,0,1071492,0,172032,0,0,0,0,16226527,0,0,0,0,130928,2879684,0,0,0
query,1805,4096,19836907,58840,10109,1072,19229018,19226069,0,0,0,0,455624,2094,80030,120,19836907,0,54095,8,52073,0,0,0,0,161,3871,5678121,0,1062197,0,172032,0,0,0,0,17568731,0,0,0,0,135642,3047914,0,0,0
query,1806,4096,18590239,59221,10339,1313,17991536,17989269,0,0,0,0,450675,1834,75201,120,18590239,0,54095,8,52492,0,0,0,0,160,3859,5657123,0,1062996,0,172032,0,0,0,0,16488375,0,0,0,0,131016,2935705,0,0,0
query,1807,4096,18310665,59632,10459,1423,17717072,17715015,0,0,0,0,447349,1823,72797,110,18310665,0,54095,8,52442,0,0,0,0,185,3854,5651772,0,1082845,0,172032,0,0,0,0,16234589,0,0,0,0,132603,2895096,0,0,0
query,1808,4096,18387449,58910,10219,852,17810958,17807799,0,0,0,0,431640,1753,73057,60,18387449,0,54095,8,52195,0,0,0,0,176,3863,5667249,0,1078243,0,172032,0,0,0,0,16321588,0,0,0,0,138151,2904571,0,0,0
query,1809,4096,18176804,58560,9708,1212,17564176,17549585,0,1,0,0,465763,1733,75522,130,18176804,0,54095,8,51626,0,0,0,0,164,3858,5654230,0,1071610,0,172032,0,0,0,0,16113470,0,0,0,0,130890,2851977,0,0,0
query,1810,4096,18387870,58800,10189,1373,17745475,17742757,0,0,0,0,483737,2114,86132,50,18387870,0,54095,8,51102,0,0,0,0,151,3891,5704096,0,1064976,0,172032,0,0,0,0,16244105,0,0,0,0,130649,2858742,0,0,0
query,1811,4096,18300887,59281,10710,1403,17689701,17687313,0,0,0,0,460534,2053,77145,60,18300887,0,54095,8,52205,0,0,0,0,171,3868,5672737,0,1079490,0,172032,0,0,0,0,16180571,0,0,0,0,129829,2890013,0,0,0
query,1812,4096,18390525,58891,9758,1483,17778006,17763185,0,1,0,0,463629,2475,76223,60,18390525,0,54095,8,51495,0,0,0,0,168,3884,5698733,0,1072302,0,172032,0,0,0,0,16294267,0,0,0,0,131569,2895049,0,0,0
query,1813,4096,18564671,59351,10420,1272,17944228,17941911,0,0,0,0,465924,2034,81322,120,18564671,0,54095,8,52286,0,0,0,0,148,3890,5704575,0,1071224,0,172032,0,0,0,0,16438632,0,0,0,0,131496,2923967,0,0,0
query,1814,4096,18316426,59302,10289,1342,17739044,17736325,0,0,0,0,431078,1703,73458,210,18316426,0,54095,8,51581,0,0,0,0,163,3878,5687487,0,1064744,0,172032,0,0,0,0,16270329,0,0,0,0,133357,2883243,0,0,0
query,1815,4096,18360879,59021,9958,1253,17778126,17775889,0,0,0,0,436519,1633,74319,50,18360879,0,54095,8,51906,0,0,0,0,192,3860,5660988,0,1061149,0,172032,0,0,0,0,16285883,0,0,0,0,133445,2907368,0,0,0
query,1816,4096,18332296,59512,9888,1323,17764802,17752776,0,1,0,0,414638,1883,80120,130,18332296,0,54095,8,52100,0,0,0,0,167,3867,5670732,0,1072091,0,172032,0,0,0,0,16302894,0,0,0,0,132005,2921704,0,0,0
query,1817,4096,18493338,59001,10058,1233,17903391,17900804,0,0,0,0,441999,2324,75281,51,18493338,0,54095,8,51910,0,0,0,0,183,3854,5652793,0,1069573,0,172032,0,0,0,0,16373820,0,0,0,0,132183,2917502,0,0,0
query,1818,4096,18268857,59010,9999,1162,17661168,17658860,0,0,0,0,459722,1673,76062,61,18268857,0,54095,8,51875,0,0,0,0,163,3874,5683157,0,1073642,0,172032,0,0,0,0,16172223,0,0,0,0,131208,2854480,0,0,0
query,1819,4096,18485432,58389,9628,1112,17904474,17889082,0,1,0,0,433052,2124,76603,50,18485432,0,54095,8,51849,0,0,0,0,162,3873,5679130,0,1072990,0,172032,0,0,0,0,16408804,0,0,0,0,133047,2877731,0,0,0
query,1820,4096,18383311,58850,10179,1373,17763990,17761793,0,0,0,0,464872,1893,82004,150,18383311,0,54095,8,51466,0,0,0,0,171,3881,5691224,0,1097408,0,172032,0,0,0,0,16266114,0,0,0,0,131971,2891336,0,0,0
query,1821,4096,18406014,59371,9899,1072,17775762,17772473,0,0,0,0,476203,2395,81252,60,18406014,0,54095,8,52309,0,0,0,0,171,3876,5682637,0,1066486,0,172032,0,0,0,0,16277498,0,0,0,0,135860,2892973,0,0,0
query,1822,4096,18297019,59431,10690,1112,17673440,17670572,0,0,0,0,476644,1844,73367,491,18297019,0,54095,8,52091,0,0,0,0,183,3849,5647916,0,1056104,0,172032,0,0,0,0,16146095,0,0,0,0,131943,2901237,0,0,0
query,1823,4096,18171704,58730,9487,1032,17615592,17600881,0,1,0,0,411562,1974,73257,70,18171704,0,54095,8,51768,0,0,0,0,179,3854,5651691,0,1072206,0,172032,0,0,0,0,16165888,0,0,0,0,131481,2877284,0,0,0
query,1824,4096,18492677,58820,9729,982,17893462,17891006,0,0,0,0,445656,2515,81442,71,18492677,0,54095,8,51779,0,0,0,0,170,3879,5687634,0,1096193,0,172032,0,0,0,0,16391683,0,0,0,0,133153,2908828,0,0,0
query,1825,4096,18808709,58720,10760,1122,18165633,18162996,0,0,0,0,494457,1964,75923,130,18808709,0,54095,8,52169,0,0,0,0,169,3862,5662237,0,1079852,0,172032,0,0,0,0,16628036,0,0,0,0,134475,2943259,0,0,0
query,1826,4096,18836201,58941,10109,1012,18216128,18213380,0,0,0,0,470893,1723,77325,70,18836201,0,54095,8,52032,0,0,0,0,158,3889,5704083,0,1075628,0,172032,0,0,0,0,16657658,0,0,0,0,133236,2917386,0,0,0
query,1827,4096,19222635,59371,10470,1352,18578758,18576250,0,0,0,0,491502,2274,78768,140,19222635,0,54095,8,52076,0,0,0,0,158,3887,5702403,0,1083124,0,172032,0,0,0,0,16938040,0,0,0,0,132777,2897357,0,0,0
query,1828,4096,18367212,58670,15770,1022,17786883,17783915,0,0,0,0,429896,1703,73208,60,18367212,0,54095,8,51449,0,0,0,0,170,3871,5675956,0,1064867,0,172032,0,0,0,0,16287816,0,0,0,0,133167,2887012,0,0,0
query,1829,4096,18413068,58500,9728,1052,17795490,17792661,0,0,0,0,471013,1803,75351,131,18413068,0,54095,8,52089,0,0,0,0,179,3857,5657812,0,1075588,0,172032,0,0,0,0,16286402,0,0,0,0,132058,2874911,0,0,0
query,1830,4096,18251645,59532,9698,912,17690392,17687574,0,0,0,0,415660,1893,73428,130,18251645,0,54095,8,51648,0,0,0,0,178,3849,5646710,0,1070153,0,172032,0,0,0,0,16199903,0,0,0,0,131516,2872788,0,0,0
query,1831,4096,18437904,66194,10430,1212,17803875,17801408,0,0,0,0,481012,2104,73006,71,18437904,0,54095,8,52030,0,0,0,0,174,3869,5668876,0,1069463,0,172032,0,0,0,0,16290604,0,0,0,0,130954,2897709,0,0,0
query,1832,4096,18638731,59412,9016,1103,17916716,17913728,0,0,0,0,565270,2294,84870,50,18638731,0,54095,8,52494,0,0,0,0,170,3858,5659482,0,1064025,0,172032,0,0,0,0,16362200,0,0,0,0,132222,2918721,0,0,0
query,1833,4096,18426983,58770,9708,1573,17830685,17827827,0,0,0,0,450365,1703,74119,60,18426983,0,54095,8,51899,0,0,0,0,186,3852,5646669,0,1074431,0,172032,0,0,0,0,16332262,0,0,0,0,133939,2865251,0,0,0
query,1834,4096,18160854,59311,10069,1092,17587108,17584451,0,0,0,0,426169,1944,75101,60,18160854,0,54095,8,52036,0,0,0,0,170,3869,5675123,0,1071042,0,172032,0,0,0,0,16125959,0,0,0,0,129801,2870684,0,0,0
query,1835,4096,18344489,59011,10550,1282,17782775,17780217,0,0,0,0,415520,1623,73668,60,18344489,0,54095,8,51895,0,0,0,0,179,3863,5667931,0,1082143,0,172032,0,0,0,0,16289425,0,0,0,0,133527,2882129,0,0,0
query,1836,4096,18267244,65773,9638,1413,17648834,17646026,0,0,0,0,464471,1864,75151,100,18267244,0,54095,8,52235,0,0,0,0,175,3861,5662920,0,1070040,0,172032,0,0,0,0,16153359,0,0,0,0,132104,2909978,0,0,0
query,1837,4096,18268827,59161,10640,1272,17708466,17705367,0,0,0,0,412764,1984,74479,61,18268827,0,54095,8,52162,0,0,0,0,164,3878,5689310,0,1065292,0,172032,0,0,0,0,16231377,0,0,0,0,137970,2878183,0,0,0
query,1838,4096,20459685,58860,9638,1263,19846665,19844059,0,0,0,0,465573,2054,75562,70,20459685,0,54095,8,51405,0,0,0,0,209,3817,5597613,0,1067093,0,172032,0,0,0,0,18111192,0,0,0,0,148491,3108147,0,0,0
query,1839,4096,18266693,89037,9488,1382,17660617,17658440,0,0,0,0,432821,1733,71555,60,18266693,0,54095,8,52580,0,0,0,0,171,3863,5663374,0,1053602,0,172032,0,0,0,0,16147291,0,0,0,0,131003,2887144,0,0,0
query,1840,4096,18461688,90469,8436,952,17836816,17834680,0,0,0,0,447930,1673,75302,110,18461688,0,54095,8,51866,0,0,0,0,183,3859,5659803,0,1073131,0,172032,0,0,0,0,16331050,0,0,0,0,131084,2943810,0,0,0
query,1841,4096,18041410,58760,9768,1583,17471252,17469095,0,0,0,0,424245,1252,74490,60,18041410,0,54095,8,52019,0,0,0,0,183,3842,5641446,0,1069553,0,172032,0,0,0,0,16014069,0,0,0,0,129894,2892498,0,0,0
query,1842,4096,18295857,59071,10209,1242,17708917,17706099,0,0,0,0,434455,1893,80020,50,18295857,0,54095,8,51494,0,0,0,0,173,3842,5635165,0,1070040,0,172032,0,0,0,0,16226796,0,0,0,0,131776,2905796,0,0,0
query,1843,4096,18285868,58970,9869,1382,17677057,17675151,0,0,0,0,459522,1393,77615,60,18285868,0,54095,8,51882,0,0,0,0,165,3889,5703827,0,1073725,0,172032,0,0,0,0,16201812,0,0,0,0,130865,2896461,0,0,0
query,1844,4096,18291098,58850,11121,1693,17722111,17719644,0,0,0,0,419988,2064,75221,50,18291098,0,54095,8,51947,0,0,0,0,162,3866,5671409,0,1075511,0,172032,0,0,0,0,16227402,0,0,0,0,131124,2886059,0,0,0
query,1845,4096,18308411,61635,10119,1172,17704549,17702232,0,0,0,0,455735,1623,73508,70,18308411,0,54095,8,51673,0,0,0,0,180,3864,5667386,0,1075992,0,172032,0,0,0,0,16170637,0,0,0,0,137082,2881678,0,0,0
query,1846,4096,18230545,93756,8716,1373,17641039,17638722,0,0,0,0,411702,2195,71634,130,18230545,0,54095,8,51768,0,0,0,0,174,3871,5678483,0,1063238,0,172032,0,0,0,0,16177226,0,0,0,0,130981,2886652,0,0,0
query,1847,4096,18319122,91322,8676,1342,17662430,17646667,0,1,0,0,480622,1713,72546,471,18319122,0,54095,8,52191,0,0,0,0,177,3853,5653275,0,1061861,0,172032,0,0,0,0,16175453,0,0,0,0,131981,2895401,0,0,0
query,1848,4096,18059154,90059,8516,972,17483163,17480646,0,0,0,0,405821,1754,68699,170,18059154,0,54095,8,52456,0,0,0,0,184,3843,5634560,0,1053372,0,172032,0,0,0,0,16020004,0,0,0,0,129680,2868662,0,0,0
query,1849,4096,18945566,91272,8175,1032,18286239,18283982,0,0,0,0,479970,1523,77275,80,18945566,0,54095,8,51642,0,0,0,0,177,3862,5664435,0,1060521,0,172032,0,0,0,0,16696259,0,0,0,0,133549,2911562,0,0,0
query,1850,4096,18229243,58540,10961,1362,17656178,17641538,0,1,0,0,428374,1543,72155,130,18229243,0,54095,8,52290,0,0,0,0,192,3846,5638644,0,1052847,0,172032,0,0,0,0,16196647,0,0,0,0,132141,2935115,0,0,0
query,1851,4096,18335682,59000,9478,1273,17742680,17740393,0,0,0,0,443271,1793,78067,120,18335682,0,54095,8,51690,0,0,0,0,189,3833,5622718,0,1053633,0,172032,0,0,0,0,16217629,0,0,0,0,131704,2932450,0,0,0
query,1852,4096,18138071,58930,10329,1122,17551482,17545158,0,1,0,0,441317,1824,72967,100,18138071,0,54095,8,51722,0,0,0,0,172,3854,5654295,0,1068373,0,172032,0,0,0,0,16068650,0,0,0,0,128918,2866136,0,0,0
query,1853,4096,18285468,59321,9929,1222,17720058,17717610,0,0,0,0,419567,1883,73337,151,18285468,0,54095,8,51812,0,0,0,0,181,3853,5653622,0,1077741,0,172032,0,0,0,0,16250496,0,0,0,0,131715,2922520,0,0,0
query,1854,4096,18600309,58941,9979,1192,17834162,17817568,0,1,0,0,599654,2334,93987,60,18600309,0,54095,8,51990,0,0,0,0,145,3892,5706814,0,1085818,0,172032,0,0,0,0,16317092,0,0,0,0,136924,2904823,0,0,0
query,1855,4096,18588937,59362,10239,1533,18025781,18023133,0,0,0,0,415990,1743,73618,671,18588937,0,54095,8,51655,0,0,0,0,167,3870,5675107,0,1066751,0,172032,0,0,0,0,16504701,0,0,0,0,132770,2923407,0,0,0
query,1856,4096,18251164,58731,10038,1363,17659705,17656947,0,0,0,0,445034,1613,74610,70,18251164,0,54095,8,51889,0,0,0,0,174,3871,5682904,0,1070555,0,172032,0,0,0,0,16171672,0,0,0,0,131822,2881375,0,0,0
query,1857,4096,18116280,59551,9528,7685,17544859,17529519,0,1,0,0,413546,1532,79509,70,18116280,0,54095,8,51365,0,0,0,0,194,3845,5638775,0,1055434,0,172032,0,0,0,0,16075492,0,0,0,0,132628,2871851,0,0,0
query,1858,4096,18388792,58761,9267,1202,17752589,17750062,0,0,0,0,489568,2214,75061,130,18388792,0,54095,8,51677,0,0,0,0,160,3871,5675509,0,1071908,0,172032,0,0,0,0,16248649,0,0,0,0,130598,2877906,0,0,0
query,1859,4096,18131039,59312,10449,1192,17570037,17567669,0,0,0,0,414207,2214,73558,70,18131039,0,54095,8,51515,0,0,0,0,174,3858,5654266,0,1053696,0,172032,0,0,0,0,16117385,0,0,0,0,131726,2889738,0,0,0
query,1860,4096,18951747,58489,9749,1302,18332095,18329237,0,0,0,0,473227,1834,74981,70,18951747,0,54095,8,51359,0,0,0,0,180,3859,5660797,0,1063415,0,172032,0,0,0,0,16772839,0,0,0,0,135833,2933573,0,0,0
query,1861,4096,18235174,88907,9407,972,17622615,17620578,0,0,0,0,436248,1864,75091,70,18235174,0,54095,8,52142,0,0,0,0,184,3853,5653071,0,1096601,0,172032,0,0,0,0,16156253,0,0,0,0,132799,2887168,0,0,0
query,1862,4096,18427725,91161,8827,1042,17811950,17809492,0,0,0,0,436568,2104,76013,60,18427725,0,54095,8,52178,0,0,0,0,183,3847,5641233,0,1064381,0,172032,0,0,0,0,16317331,0,0,0,0,132918,2907365,0,0,0
query,1863,4096,18143923,58650,10179,1193,17534760,17532834,0,0,0,0,461576,1813,75421,331,18143923,0,54095,8,52537,0,0,0,0,181,3849,5643969,0,1075245,0,172032,0,0,0,0,16049232,0,0,0,0,132061,2901310,0,0,0
query,1864,4096,18360008,59151,10089,1002,17795209,17770860,0,1,0,0,417172,1703,75622,60,18360008,0,54095,8,52098,0,0,0,0,157,3873,5677930,0,1069765,0,172032,0,0,0,0,16309443,0,0,0,0,168185,2881226,0,0,0
query,1865,4096,18396867,58640,9989,1262,17659364,17656716,0,0,0,0,572373,1874,93124,241,18396867,0,54095,8,51816,0,0,0,0,185,3845,5638917,0,1053164,0,172032,0,0,0,0,16108654,0,0,0,0,131468,2891372,0,0,0
query,1866,4096,20447151,60423,10720,2174,19868166,19865900,0,0,0,0,427502,2114,75882,170,20447151,0,54095,8,52006,0,0,0,0,168,3861,5661777,0,1093147,0,172032,0,0,0,0,18143526,0,0,0,0,143129,3091375,0,0,0
query,1867,4096,18617641,59321,9668,1082,17993210,17990943,0,0,0,0,477726,1783,74790,61,18617641,0,54095,8,51851,0,0,0,0,164,3868,5669956,0,1069863,0,172032,0,0,0,0,16482477,0,0,0,0,132573,2906520,0,0,0
query,1868,4096,18220636,58410,10449,1132,17657471,17654853,0,0,0,0,416941,1624,74559,50,18220636,0,54095,8,52729,0,0,0,0,173,3856,5655982,0,1069615,0,172032,0,0,0,0,16175239,0,0,0,0,131152,2901578,0,0,0
query,1869,4096,18545415,58500,10559,1122,17955179,17951920,0,0,0,0,441658,1673,76664,60,18545415,0,54095,8,51764,0,0,0,0,145,3890,5704643,0,1088481,0,172032,0,0,0,0,16435249,0,0,0,0,131408,2880034,0,0,0
query,1870,4096,18182054,59131,10650,1342,17606906,17604378,0,0,0,0,427172,1963,74840,50,18182054,0,54095,8,52148,0,0,0,0,180,3848,5646283,0,1053773,0,172032,0,0,0,0,16121818,0,0,0,0,131508,2883305,0,0,0
query,1871,4096,19052876,58599,10149,1133,18448633,18431660,0,1,0,0,457307,1915,75080,60,19052876,0,54095,8,52071,0,0,0,0,170,3874,5679257,0,1063983,0,172032,0,0,0,0,16863806,0,0,0,0,136523,2924153,0,0,0
query,1872,4096,18231918,58620,9608,1102,17610633,17607884,0,0,0,0,474510,1863,75452,130,18231918,0,54095,8,51799,0,0,0,0,199,3825,5612169,0,1063318,0,172032,0,0,0,0,16093688,0,0,0,0,129306,2895493,0,0,0
query,1873,4096,18345049,58920,9789,1142,17780811,17777823,0,0,0,0,416701,1884,75652,150,18345049,0,54095,8,52023,0,0,0,0,204,3837,5627783,0,1081553,0,172032,0,0,0,0,16264742,0,0,0,0,135606,2897077,0,0,0
query,1874,4096,18285378,59131,9778,1363,17671466,17668949,0,0,0,0,460213,2465,80912,50,18285378,0,54095,8,52009,0,0,0,0,176,3861,5662585,0,1056768,0,172032,0,0,0,0,16185777,0,0,0,0,137485,2900928,0,0,0
query,1875,4096,18274116,58549,9568,1192,17707344,17704746,0,0,0,0,421090,2054,74259,60,18274116,0,54095,8,51971,0,0,0,0,190,3835,5626036,0,1056615,0,172032,0,0,0,0,16248782,0,0,0,0,135745,2908222,0,0,0
query,1876,4096,18815942,58559,10069,1243,18121550,18119003,0,0,0,0,541656,2134,80671,60,18815942,0,54095,8,52189,0,0,0,0,184,3850,5644437,0,1071659,0,172032,0,0,0,0,16551511,0,0,0,0,133311,2941876,0,0,0
query,1877,4096,18299194,58891,10339,1032,17730037,17727449,0,0,0,0,423945,1723,73167,60,18299194,0,54095,8,51215,0,0,0,0,180,3867,5669486,0,1068616,0,172032,0,0,0,0,16231454,0,0,0,0,134595,2924084,0,0,0
query,1878,4096,18377220,58600,9698,1543,17788406,17761702,0,1,0,0,440987,1884,76042,60,18377220,0,54095,8,52296,0,0,0,0,175,3855,5651943,0,1055333,0,172032,0,0,0,0,16298913,0,0,0,0,133565,2933674,0,0,0
query,1879,4096,18240524,64170,10330,1112,17670354,17667697,0,0,0,0,412253,1303,80941,61,18240524,0,54095,8,52341,0,0,0,0,170,3878,5689037,0,1063156,0,172032,0,0,0,0,16198685,0,0,0,0,132070,2913561,0,0,0
query,1880,4096,18317829,59422,9988,1012,17744704,17742397,0,0,0,0,426380,1623,74630,70,18317829,0,54095,8,51958,0,0,0,0,163,3874,5679701,0,1069434,0,172032,0,0,0,0,16274670,0,0,0,0,129975,2866558,0,0,0
query,1881,4096,18280919,91031,9377,1082,17658001,17655534,0,0,0,0,447990,1213,72085,140,18280919,0,54095,8,51754,0,0,0,0,154,3882,5693354,0,1076229,0,172032,0,0,0,0,16169008,0,0,0,0,127115,2879689,0,0,0
query,1882,4096,18981924,90229,8375,1553,18367342,18354234,0,1,0,0,438322,1623,74409,71,18981924,0,54095,8,51966,0,0,0,0,188,3854,5649511,0,1053316,0,172032,0,0,0,0,16796329,0,0,0,0,134726,2943234,0,0,0
query,1883,4096,18220045,89848,9087,852,17545169,17542693,0,0,0,0,496210,1804,76955,120,18220045,0,54095,8,51947,0,0,0,0,183,3845,5640192,0,1054941,0,172032,0,0,0,0,16087231,0,0,0,0,130557,2868341,0,0,0
query,1884,4096,18191402,93475,9057,872,17602287,17599769,0,0,0,0,406603,1783,77184,141,18191402,0,54095,8,51955,0,0,0,0,156,3895,5713585,0,1070174,0,172032,0,0,0,0,16167463,0,0,0,0,130880,2861112,0,0,0
query,1885,4096,18279837,86582,8166,1192,17654835,17639134,0,1,0,0,456606,1643,70703,110,18279837,0,54095,8,52288,0,0,0,0,178,3859,5656792,0,1098178,0,172032,0,0,0,0,16174895,0,0,0,0,131643,2908212,0,0,0
query,1886,4096,17972140,89888,8386,1413,17386592,17384525,0,0,0,0,415099,1262,69370,130,17972140,0,54095,8,52071,0,0,0,0,185,3848,5640188,0,1056518,0,172032,0,0,0,0,15953322,0,0,0,0,135729,2905490,0,0,0
query,1887,4096,18807377,89768,7965,1243,18104148,18101670,0,0,0,0,523121,1492,79569,71,18807377,0,54095,8,51961,0,0,0,0,171,3873,5679953,0,1078096,0,172032,0,0,0,0,16548170,0,0,0,0,132456,2889453,0,0,0
query,1888,4096,18280609,95349,8987,1703,17660606,17658379,0,0,0,0,437230,1904,74770,60,18280609,0,54095,8,52242,0,0,0,0,185,3866,5664836,0,1083351,0,172032,0,0,0,0,16226492,0,0,0,0,133388,2905536,0,0,0
query,1889,4096,18316456,90380,7855,941,17721491,17719133,0,0,0,0,421340,1923,72456,70,18316456,0,54095,8,52059,0,0,0,0,173,3860,5658712,0,1058390,0,172032,0,0,0,0,16253916,0,0,0,0,130635,2926766,0,0,0
query,1890,4096,18151497,89468,9187,972,17531875,17529558,0,0,0,0,446277,1693,71885,140,18151497,0,54095,8,51842,0,0,0,0,170,3878,5687575,0,1068703,0,172032,0,0,0,0,16062087,0,0,0,0,130755,2877058,0,0,0
query,1891,4096,18486014,90240,8616,972,17810477,17808180,0,0,0,0,499086,1863,74700,60,18486014,0,54095,8,52527,0,0,0,0,180,3859,5658235,0,1057051,0,172032,0,0,0,0,16274179,0,0,0,0,131000,2892326,0,0,0
query,1892,4096,18337135,90059,8957,1012,17723254,17703273,0,1,0,0,439485,2133,72115,120,18337135,0,54095,8,51978,0,0,0,0,164,3861,5663352,0,1060967,0,172032,0,0,0,0,16234576,0,0,0,0,131673,2903360,0,0,0
query,1893,4096,18822795,89808,8416,1082,18205288,18203231,0,0,0,0,442299,2194,73648,60,18822795,0,54095,8,51877,0,0,0,0,162,3864,5667787,0,1066426,0,172032,0,0,0,0,16658647,0,0,0,0,131759,2893001,0,0,0
query,1894,4096,18239271,89137,8867,931,17608940,17606873,0,0,0,0,454212,1753,75281,150,18239271,0,54095,8,52174,0,0,0,0,164,3882,5694442,0,1061086,0,172032,0,0,0,0,16146244,0,0,0,0,133830,2869590,0,0,0
query,1895,4096,18026041,89628,8866,1102,17452116,17449748,0,0,0,0,402876,1953,69340,160,18026041,0,54095,8,51714,0,0,0,0,175,3863,5665868,0,1057571,0,172032,0,0,0,0,16008669,0,0,0,0,130037,2877553,0,0,0
query,1896,4096,18216699,89798,7714,1283,17609911,17597446,0,1,0,0,433213,1823,72857,100,18216699,0,54095,8,52417,0,0,0,0,170,3860,5659454,0,1054819,0,172032,0,0,0,0,16158503,0,0,0,0,137520,2907428,0,0,0
query,1897,4096,18190670,105117,9258,1212,17573272,17570624,0,0,0,0,426620,1914,73207,70,18190670,0,54095,8,52018,0,0,0,0,182,3852,5647898,0,1054696,0,172032,0,0,0,0,16108990,0,0,0,0,129807,2896542,0,0,0
query,1898,4096,19608599,89257,8526,902,18517843,18513553,0,0,0,0,872215,2987,116728,141,19608599,0,54095,8,51613,0,0,0,0,196,3843,5638730,0,1059293,0,172032,0,0,0,0,16588919,0,0,0,0,135381,2951831,0,0,0
query,1899,4096,18908235,98915,11863,1482,18275760,18273223,0,0,0,0,444384,2434,73317,80,18908235,0,54095,8,51752,0,0,0,0,164,3862,5663639,0,1054947,0,172032,0,0,0,0,16552769,0,0,0,0,130978,2851278,0,0,0
query,1900,4096,18128214,89749,8546,861,17542956,17540669,0,0,0,0,410720,1874,73448,60,18128214,0,54095,8,52128,0,0,0,0,188,3841,5632077,0,1048695,0,172032,0,0,0,0,16093793,0,0,0,0,129738,2872295,0,0,0
query,1901,4096,18163530,89869,9428,1492,17554958,17552170,0,0,0,0,432511,1934,73157,181,18163530,0,54095,8,51843,0,0,0,0,172,3879,5690001,0,1072093,0,172032,0,0,0,0,16103606,0,0,0,0,130208,2869925,0,0,0
query,1902,4096,18421893,117600,10219,1223,17740826,17738149,0,0,0,0,475722,2164,74079,60,18421893,0,54095,8,52210,0,0,0,0,187,3838,5626022,0,1055667,0,172032,0,0,0,0,16237009,0,0,0,0,132519,2912106,0,0,0
query,1903,4096,18284136,59151,9979,1192,17693478,17691070,0,0,0,0,444543,1603,74079,111,18284136,0,54095,8,52161,0,0,0,0,197,3844,5636785,0,1052588,0,172032,0,0,0,0,16184231,0,0,0,0,131770,2903619,0,0,0
query,1904,4096,18858833,59672,10420,1012,18273455,18271028,0,0,0,0,437851,1803,74560,60,18858833,0,54095,8,51869,0,0,0,0,175,3858,5656092,0,1057019,0,172032,0,0,0,0,16731471,0,0,0,0,133486,2907810,0,0,0
query,1905,4096,18362011,58800,10299,1102,17758671,17756132,0,0,0,0,452098,1813,79158,70,18362011,0,54095,8,52532,0,0,0,0,187,3848,5643419,0,1061138,0,172032,0,0,0,0,16227173,0,0,0,0,132448,2912951,0,0,0
query,1906,4096,18171634,96591,9608,1062,17562983,17541331,0,1,0,0,427121,1613,72596,60,18171634,0,54095,8,51901,0,0,0,0,198,3846,5639073,0,1066289,0,172032,0,0,0,0,16081276,0,0,0,0,132283,2890592,0,0,0
query,1907,4096,18147269,88065,9057,1473,17550951,17548563,0,0,0,0,423213,1573,72867,70,18147269,0,54095,8,52113,0,0,0,0,175,3852,5651482,0,1054406,0,172032,0,0,0,0,16064320,0,0,0,0,130363,2880175,0,0,0
query,1908,4096,18148842,90270,9347,1172,17522678,17519619,0,0,0,0,447910,1903,75422,140,18148842,0,54095,8,52397,0,0,0,0,160,3885,5699883,0,1063023,0,172032,0,0,0,0,16080042,0,0,0,0,146109,2890191,0,0,0
query,1909,4096,18719382,89969,9377,1002,17963645,17946599,0,1,0,0,573866,1793,79600,130,18719382,0,54095,8,51684,0,0,0,0,172,3859,5656827,0,1070061,0,172032,0,0,0,0,16399276,0,0,0,0,131723,2911689,0,0,0
query,1910,4096,18326575,58870,9709,851,17731329,17728882,0,0,0,0,450254,1734,73778,50,18326575,0,54095,8,51932,0,0,0,0,164,3872,5677638,0,1061593,0,172032,0,0,0,0,16242349,0,0,0,0,130813,2874100,0,0,0
query,1911,4096,18167907,58710,10750,871,17617366,17615028,0,0,0,0,406923,1473,71674,140,18167907,0,54095,8,51733,0,0,0,0,184,3870,5675674,0,1057221,0,172032,0,0,0,0,16107554,0,0,0,0,130141,2884336,0,0,0
query,1912,4096,18129275,90520,9277,1172,17510515,17508338,0,0,0,0,444704,1793,71224,70,18129275,0,54095,8,51666,0,0,0,0,177,3861,5663753,0,1053445,0,172032,0,0,0,0,16059357,0,0,0,0,130356,2897004,0,0,0
query,1913,4096,18070274,90650,8796,1152,17487011,17485034,0,0,0,0,411341,1543,69641,140,18070274,0,54095,8,52372,0,0,0,0,157,3884,5696873,0,1064055,0,172032,0,0,0,0,16061723,0,0,0,0,139767,2883207,0,0,0
query,1914,4096,18350981,90460,7825,1052,17727151,17724504,0,0,0,0,448521,1973,73929,70,18350981,0,54095,8,52066,0,0,0,0,168,3873,5680213,0,1064746,0,172032,0,0,0,0,16228501,0,0,0,0,131808,2897567,0,0,0
query,1915,4096,18825500,93695,9127,1022,18206340,18203641,0,0,0,0,440426,1683,72997,210,18825500,0,54095,8,51498,0,0,0,0,164,3870,5676882,0,1055776,0,172032,0,0,0,0,16639309,0,0,0,0,134882,2901871,0,0,0
query,1916,4096,18407156,70833,10529,1233,17804425,17784877,0,1,0,0,441859,2064,76163,50,18407156,0,54095,8,51801,0,0,0,0,168,3871,5676910,0,1059685,0,172032,0,0,0,0,16317481,0,0,0,0,132647,2894673,0,0,0
query,1917,4096,18091374,59071,10380,1272,17513551,17511224,0,0,0,0,431419,2033,73508,140,18091374,0,54095,8,51418,0,0,0,0,158,3883,5695754,0,1059577,0,172032,0,0,0,0,16070075,0,0,0,0,129866,2872612,0,0,0
query,1918,4096,18153471,59141,10280,1172,17590184,17587326,0,0,0,0,416631,1553,74450,60,18153471,0,54095,8,51927,0,0,0,0,185,3859,5659659,0,1073630,0,172032,0,0,0,0,16086728,0,0,0,0,131211,2875793,0,0,0
query,1919,4096,18138343,58991,10450,1412,17543517,17540459,0,0,0,0,447679,1964,74149,181,18138343,0,54095,8,51418,0,0,0,0,177,3861,5662975,0,1056435,0,172032,0,0,0,0,16090977,0,0,0,0,131329,2890730,0,0,0
query,1920,4096,18818548,59221,10109,1253,18048052,18033893,0,1,0,0,620003,2535,77174,201,18818548,0,54095,8,52204,0,0,0,0,157,3885,5699090,0,1076710,0,172032,0,0,0,0,16470283,0,0,0,0,131301,2885200,0,0,0
query,1921,4096,18654019,59331,11081,1252,18026172,18023564,0,0,0,0,462868,2024,91201,90,18654019,0,54095,8,51497,0,0,0,0,175,3862,5659487,0,1059214,0,172032,0,0,0,0,16504498,0,0,0,0,133850,2928761,0,0,0
query,1922,4096,18283945,90630,9518,1001,17639838,17636949,0,0,0,0,466675,1923,74290,70,18283945,0,54095,8,51973,0,0,0,0,169,3859,5663868,0,1070141,0,172032,0,0,0,0,16175208,0,0,0,0,130779,2883678,0,0,0
query,1923,4096,18272314,89358,9177,1362,17657661,17643771,0,1,0,0,441478,1894,71233,151,18272314,0,54095,8,51973,0,0,0,0,174,3860,5659812,0,1060383,0,172032,0,0,0,0,16183270,0,0,0,0,131277,2880158,0,0,0
query,1924,4096,18186843,89077,8035,902,17588581,17586494,0,0,0,0,427451,2014,70623,160,18186843,0,54095,8,51765,0,0,0,0,151,3884,5696824,0,1065102,0,172032,0,0,0,0,16121640,0,0,0,0,129693,2884169,0,0,0
query,1925,4096,18401897,98084,9378,1192,17782856,17780238,0,0,0,0,434896,1943,73478,70,18401897,0,54095,8,52666,0,0,0,0,154,3886,5697941,0,1064592,0,172032,0,0,0,0,16279918,0,0,0,0,129483,2909898,0,0,0
query,1926,4096,18785095,58830,10750,1112,18191953,18189335,0,0,0,0,447048,1723,73608,71,18785095,0,54095,8,51466,0,0,0,0,198,3840,5631830,0,1088089,0,172032,0,0,0,0,16610772,0,0,0,0,135827,2926716,0,0,0
query,1927,4096,18555565,90019,8937,1522,17953085,17943294,0,1,0,0,427292,2244,72395,71,18555565,0,54095,8,52809,0,0,0,0,159,3880,5693308,0,1079976,0,172032,0,0,0,0,16435766,0,0,0,0,131454,2921367,0,0,0
query,1928,4096,18635023,90780,8666,1052,18012176,18009638,0,0,0,0,448461,2024,71714,150,18635023,0,54095,8,51629,0,0,0,0,183,3853,5653614,0,1080677,0,172032,0,0,0,0,16420357,0,0,0,0,133529,2879378,0,0,0
query,1929,4096,18353014,58960,10229,1413,17796070,17793052,0,0,0,0,410610,1914,73758,60,18353014,0,54095,8,52404,0,0,0,0,170,3857,5656174,0,1053520,0,172032,0,0,0,0,16281558,0,0,0,0,132085,2901886,0,0,0
query,1930,4096,18493237,59151,10209,922,17889054,17855670,0,1,0,0,457197,1924,74720,60,18493237,0,54095,8,52044,0,0,0,0,160,3880,5689940,0,1071988,0,172032,0,0,0,0,16346940,0,0,0,0,130423,2874067,0,0,0
query,1931,4096,20608505,58791,9608,871,19751127,19748199,0,0,0,0,698590,2324,87133,61,20608505,0,54095,8,51876,0,0,0,0,148,3894,5707232,0,1196253,0,172032,0,0,0,0,17939274,0,0,0,0,142084,3145282,0,0,0
query,1932,4096,18601821,59001,10620,1102,17996516,17994079,0,0,0,0,456887,2134,75451,110,18601821,0,54095,8,51715,0,0,0,0,196,3832,5621971,0,1060732,0,172032,0,0,0,0,16427140,0,0,0,0,134105,2910875,0,0,0
query,1933,4096,18559231,59141,9497,1183,17951822,17949144,0,0,0,0,460233,2054,75191,110,18559231,0,54095,8,51806,0,0,0,0,168,3872,5680130,0,1068376,0,172032,0,0,0,0,16432793,0,0,0,0,132232,2927348,0,0,0
query,1934,4096,18282252,65924,9988,1122,17696684,17682084,0,1,0,0,433182,1874,73338,140,18282252,0,54095,8,52420,0,0,0,0,197,3833,5620231,0,1054465,0,172032,0,0,0,0,16223976,0,0,0,0,133149,2925736,0,0,0
query,1935,4096,18168719,90320,9347,1032,17511096,17508739,0,0,0,0,481923,2055,72776,170,18168719,0,54095,8,51772,0,0,0,0,187,3844,5638123,0,1068251,0,172032,0,0,0,0,16046929,0,0,0,0,130698,2912533,0,0,0
query,1936,4096,18286530,91110,8396,902,17698788,17696010,0,0,0,0,412193,1923,73148,70,18286530,0,54095,8,52001,0,0,0,0,169,3873,5678518,0,1064092,0,172032,0,0,0,0,16237880,0,0,0,0,131955,2912862,0,0,0
query,1937,4096,18924706,90289,9318,1152,18280599,18278292,0,0,0,0,463309,1793,78176,70,18924706,0,54095,8,51683,0,0,0,0,191,3847,5643842,0,1083126,0,172032,0,0,0,0,16685947,0,0,0,0,135576,2918329,0,0,0
query,1938,4096,18240624,91341,9358,811,17652892,17650565,0,0,0,0,410460,1913,73708,141,18240624,0,54095,8,51699,0,0,0,0,175,3864,5666357,0,1054721,0,172032,0,0,0,0,16200333,0,0,0,0,135355,2880796,0,0,0
query,1939,4096,18413669,94608,14176,1503,17741428,17739070,0,0,0,0,485360,1914,74599,81,18413669,0,54095,8,51737,0,0,0,0,175,3869,5671793,0,1062239,0,172032,0,0,0,0,16231012,0,0,0,0,132023,2879543,0,0,0
query,1940,4096,18252466,89869,8716,1413,17654184,17651426,0,0,0,0,423514,2024,72606,140,18252466,0,54095,8,51390,0,0,0,0,167,3863,5667112,0,1058776,0,172032,0,0,0,0,16174718,0,0,0,0,129115,2850240,0,0,0
query,1941,4096,18337024,90129,8055,1082,17718425,17716107,0,0,0,0,443181,1713,74029,410,18337024,0,54095,8,52208,0,0,0,0,192,3860,5661357,0,1056859,0,172032,0,0,0,0,16223913,0,0,0,0,131200,2914865,0,0,0
query,1942,4096,18218943,90249,15469,1263,17612045,17609768,0,0,0,0,421661,1713,76433,110,18218943,0,54095,8,52011,0,0,0,0,189,3852,5651467,0,1086089,0,172032,0,0,0,0,16156791,0,0,0,0,131480,2877110,0,0,0
query,1943,4096,18335592,90991,9157,1152,17717753,17715326,0,0,0,0,441137,1503,73638,261,18335592,0,54095,8,51569,0,0,0,0,156,3889,5701121,0,1077758,0,172032,0,0,0,0,16233648,0,0,0,0,129679,2875138,0,0,0
query,1944,4096,18393620,91391,8596,1172,17737411,17734452,0,0,0,0,475491,2715,76774,70,18393620,0,54095,8,51976,0,0,0,0,181,3858,5655811,0,1061624,0,172032,0,0,0,0,16236378,0,0,0,0,132004,2908045,0,0,0
query,1945,4096,18324671,90189,9217,1232,17731419,17729252,0,0,0,0,418194,2014,72336,70,18324671,0,54095,8,51710,0,0,0,0,179,3863,5662681,0,1055566,0,172032,0,0,0,0,16246334,0,0,0,0,131530,2879266,0,0,0
query,1946,4096,18056979,91371,8937,962,17430414,17427746,0,0,0,0,450956,1523,72756,60,18056979,0,54095,8,52168,0,0,0,0,181,3861,5662039,0,1060491,0,172032,0,0,0,0,15976764,0,0,0,0,130270,2886310,0,0,0
query,1947,4096,18298021,90590,8636,1082,17673300,17670923,0,0,0,0,449883,1994,72466,70,18298021,0,54095,8,52044,0,0,0,0,177,3863,5666467,0,1063508,0,172032,0,0,0,0,16189533,0,0,0,0,130949,2859454,0,0,0
query,1948,4096,19081010,89778,9047,752,18430780,18428534,0,0,0,0,474339,1944,74290,80,19081010,0,54095,8,52058,0,0,0,0,192,3843,5633184,0,1060512,0,172032,0,0,0,0,16823711,0,0,0,0,133903,2960933,0,0,0
query,1949,4096,18144484,90881,8917,1092,17548676,17546439,0,0,0,0,420308,1663,72536,411,18144484,0,54095,8,51542,0,0,0,0,156,3874,5683254,0,1057053,0,172032,0,0,0,0,16103836,0,0,0,0,130275,2870231,0,0,0
query,1950,4096,18323238,90569,8266,1032,17683860,17681693,0,0,0,0,464100,1533,73778,100,18323238,0,54095,8,51555,0,0,0,0,181,3861,5662983,0,1053031,0,172032,0,0,0,0,16206612,0,0,0,0,132671,2887058,0,0,0
query,1951,4096,17963604,90490,8475,1293,17376453,17374146,0,0,0,0,408676,1483,76614,120,17963604,0,54095,8,51434,0,0,0,0,200,3847,5645449,0,1052784,0,172032,0,0,0,0,15948210,0,0,0,0,130231,2843665,0,0,0
query,1952,4096,18492706,89297,7555,1673,17871191,17868363,0,0,0,0,447729,1713,73458,90,18492706,0,54095,8,51845,0,0,0,0,177,3861,5660029,0,1062755,0,172032,0,0,0,0,16345103,0,0,0,0,132084,2878369,0,0,0
query,1953,4096,18752394,88777,9257,1122,18040479,18037771,0,0,0,0,534001,1573,77075,110,18752394,0,54095,8,51712,0,0,0,0,152,3882,5694696,0,1074229,0,172032,0,0,0,0,16508831,0,0,0,0,130829,2883239,0,0,0
query,1954,4096,18361160,103724,10430,1643,17741017,17738770,0,0,0,0,429806,1823,72647,70,18361160,0,54095,8,51980,0,0,0,0,174,3847,5644620,0,1055443,0,172032,0,0,0,0,16259557,0,0,0,0,136386,2899251,0,0,0
query,1955,4096,18073831,90189,9037,952,17460321,17457854,0,0,0,0,439865,1823,71524,120,18073831,0,54095,8,51265,0,0,0,0,195,3845,5639263,0,1048281,0,172032,0,0,0,0,16003392,0,0,0,0,130146,2855625,0,0,0
query,1956,4096,18405563,90169,7995,1633,17799427,17797120,0,0,0,0,432401,1683,72115,140,18405563,0,54095,8,52207,0,0,0,0,167,3869,5673325,0,1086909,0,172032,0,0,0,0,16334681,0,0,0,0,130754,2901051,0,0,0
query,1957,4096,18188596,90189,9818,992,17534189,17531872,0,0,0,0,477625,1884,73789,110,18188596,0,54095,8,51554,0,0,0,0,174,3864,5664909,0,1056383,0,172032,0,0,0,0,16041456,0,0,0,0,129292,2886864,0,0,0
query,1958,4096,18211820,90169,9017,1062,17601125,17585752,0,1,0,0,434695,1763,73919,70,18211820,0,54095,8,51679,0,0,0,0,157,3882,5691633,0,1055539,0,172032,0,0,0,0,16119798,0,0,0,0,129807,2867345,0,0,0
query,1959,4096,19044351,89518,8405,1112,18396136,18393899,0,0,0,0,471865,1643,75601,71,19044351,0,54095,8,52200,0,0,0,0,190,3858,5659793,0,1054532,0,172032,0,0,0,0,16781127,0,0,0,0,137122,2904758,0,0,0
query,1960,4096,18168909,89327,9188,1222,17574334,17566808,0,1,0,0,420789,1503,72386,160,18168909,0,54095,8,51965,0,0,0,0,150,3880,5693554,0,1058590,0,172032,0,0,0,0,16106900,0,0,0,0,128284,2863052,0,0,0
query,1961,4096,18352845,89198,7844,1052,17740186,17737488,0,0,0,0,437932,1542,75030,61,18352845,0,54095,8,51839,0,0,0,0,186,3865,5668918,0,1071724,0,172032,0,0,0,0,16229851,0,0,0,0,131954,2895749,0,0,0
query,1962,4096,18037623,90119,8946,1062,17421268,17419050,0,0,0,0,441718,1944,72436,130,18037623,0,54095,8,51829,0,0,0,0,166,3870,5675568,0,1053450,0,172032,0,0,0,0,15999833,0,0,0,0,128130,2875307,0,0,0
query,1963,4096,18144604,89698,7364,1463,17548375,17545758,0,0,0,0,421981,1764,73858,101,18144604,0,54095,8,51477,0,0,0,0,179,3854,5652452,0,1070703,0,172032,0,0,0,0,16090513,0,0,0,0,131213,2871480,0,0,0
query,1964,4096,21170007,90119,8946,1153,20087286,20084530,0,0,0,0,874851,2565,104926,161,21170007,0,54095,8,51841,0,0,0,0,169,3871,5677171,0,1157967,0,172032,0,0,0,0,18261920,0,0,0,0,149353,3203218,0,0,0
query,1965,4096,18367081,76884,10330,981,17792294,17775249,0,1,0,0,412072,1754,72686,80,18367081,0,54095,8,51588,0,0,0,0,175,3865,5669627,0,1057916,0,172032,0,0,0,0,16334284,0,0,0,0,131398,2869330,0,0,0
query,1966,4096,18272163,90189,9057,652,17631331,17628954,0,0,0,0,467466,1533,71865,70,18272163,0,54095,8,52025,0,0,0,0,158,3877,5682533,0,1060212,0,172032,0,0,0,0,16146038,0,0,0,0,129153,2871064,0,0,0
query,1967,4096,18074011,90670,8325,1413,17489676,17480425,0,1,0,0,411913,2033,69821,160,18074011,0,54095,8,51936,0,0,0,0,168,3858,5659069,0,1063755,0,172032,0,0,0,0,16004182,0,0,0,0,128831,2858645,0,0,0
query,1968,4096,18427675,91422,7183,1263,17801781,17786430,0,1,0,0,449153,2514,74289,70,18427675,0,54095,8,52370,0,0,0,0,158,3884,5697578,0,1078112,0,172032,0,0,0,0,16252623,0,0,0,0,130696,2899012,0,0,0
query,1969,4096,18316676,90078,8617,1092,17683960,17682064,0,0,0,0,458170,1993,72706,60,18316676,0,54095,8,52220,0,0,0,0,165,3884,5697543,0,1068521,0,172032,0,0,0,0,16182724,0,0,0,0,130277,2877657,0,0,0
query,1970,4096,18924345,98294,9167,802,18310003,18307657,0,0,0,0,432321,1493,72205,60,18924345,0,54095,8,51789,0,0,0,0,183,3847,5643539,0,1057001,0,172032,0,0,0,0,16723237,0,0,0,0,135383,2932836,0,0,0
query,1971,4096,18089441,90450,9507,1333,17484045,17481698,0,0,0,0,429716,1553,72696,141,18089441,0,54095,8,51915,0,0,0,0,178,3859,5660366,0,1070527,0,172032,0,0,0,0,16032888,0,0,0,0,129811,2856288,0,0,0
query,1972,4096,18258998,93595,8626,1573,17653483,17630527,0,1,0,0,426751,1793,72967,210,18258998,0,54095,8,51833,0,0,0,0,168,3878,5688681,0,1068912,0,172032,0,0,0,0,16188711,0,0,0,0,130507,2866349,0,0,0
query,1973,4096,20515419,88606,9668,1122,19711262,19701171,0,1,0,0,457458,2224,244859,220,20515419,0,54095,8,51635,0,0,0,0,161,3873,5680265,0,1119019,0,172032,0,0,0,0,17969918,0,0,0,0,137195,3000270,0,0,0
query,1974,4096,20772963,232887,12954,1333,19828231,19816276,0,1,0,0,441698,2204,253566,90,20772963,0,54095,4,52227,0,0,0,0,176,3856,5656107,0,1076456,0,172032,0,0,0,0,17797951,0,0,0,0,133636,2878060,0,0,0
query,1975,4096,22957929,215193,8336,1313,22147499,22126480,0,2,0,0,504476,2114,78918,80,22957929,0,54095,0,52293,0,0,0,0,172,3869,5673290,0,1231278,0,172032,0,0,0,0,20372047,0,0,0,0,158245,3277423,0,0,0
query,1976,4096,20635354,94838,10129,891,19984534,19976076,0,1,0,0,447779,1855,95118,210,20635354,0,54095,1,52153,0,0,0,0,179,3850,5643734,0,1213110,0,172032,0,0,0,0,18291428,0,0,0,0,149715,3281689,0,0,0
query,1977,4096,20154212,63840,12303,1593,19546964,19544187,0,0,0,0,439163,1623,88616,110,20154212,0,54095,3,52251,0,0,0,0,179,3870,5672966,0,1194724,0,172032,0,0,0,0,17819082,0,0,0,0,148110,3186703,0,0,0
query,1978,4096,20455638,71575,12253,1452,19837709,19823550,0,1,0,0,449953,1924,80622,150,20455638,0,54095,3,51963,0,0,0,0,175,3860,5662871,0,1218991,0,172032,0,0,0,0,18088434,0,0,0,0,149878,3271215,0,0,0
query,1979,4096,20259409,63609,11552,1342,19599502,19597166,0,0,0,0,492423,1854,89057,70,20259409,0,54095,3,51805,0,0,0,0,165,3856,5652818,0,1193339,0,172032,0,0,0,0,17906569,0,0,0,0,144542,3218361,0,0,0
query,1980,4096,21304550,79439,13676,1152,20668747,20666000,0,0,0,0,459311,1954,80200,71,21304550,0,54095,3,51765,0,0,0,0,168,3871,5678565,0,1231073,0,172032,0,0,0,0,18822745,0,0,0,0,155223,3320712,0,0,0
query,1981,4096,20816304,69451,11451,1152,20178057,20153559,0,1,0,0,475201,1703,79129,160,20816304,0,54095,3,51440,0,0,0,0,178,3857,5657426,0,1258317,0,172032,0,0,0,0,18529226,0,0,0,0,154377,3299147,0,0,0
query,1982,4096,20314453,64091,11581,912,19709488,19706851,0,0,0,0,446127,2034,80160,60,20314453,0,54095,3,51932,0,0,0,0,197,3838,5631825,0,1208688,0,172032,0,0,0,0,18131446,0,0,0,0,151028,3269718,0,0,0
query,1983,4096,21537136,63610,10770,1282,20922443,20919696,0,0,0,0,455624,1713,81634,60,21537136,0,54095,3,51607,0,0,0,0,210,3824,5606328,0,1236369,0,172032,0,0,0,0,19056371,0,0,0,0,158672,3348557,0,0,0
query,1984,4096,21069048,72917,10299,1703,20294746,20273115,0,2,0,0,599865,2605,86803,110,21069048,0,54095,3,51416,0,0,0,0,158,3871,5677718,0,1262618,0,172032,0,0,0,0,18691593,0,0,0,0,152476,3328213,0,0,0
query,1985,4096,21495998,66905,11302,1663,20847111,20843924,0,0,0,0,472626,1854,94437,100,21495998,0,54095,3,51574,0,0,0,0,188,3842,5635996,0,1251967,0,172032,0,0,0,0,18959785,0,0,0,0,167842,3369506,0,0,0
query,1986,4096,20787690,66504,11161,1643,20173659,20152978,0,2,0,0,455505,1803,77335,80,20787690,0,54095,3,52000,0,0,0,0,170,3878,5688922,0,1249216,0,172032,0,0,0,0,18513084,0,0,0,0,151041,3301954,0,0,0
query,1987,4096,18466838,91592,9738,842,17845112,17819943,0,1,0,0,443481,1513,74450,110,18466838,0,54095,0,52409,0,0,0,0,189,3860,5655800,0,1080104,0,172032,0,0,0,0,16345655,0,0,0,0,135892,2948000,0,0,0
query,1988,4096,19242342,88466,9087,991,18610227,18591229,0,2,0,0,416732,2134,114595,110,19242342,0,54095,0,51390,0,0,0,0,171,3875,5684710,0,1090046,0,172032,0,0,0,0,17007001,0,0,0,0,143021,2954845,0,0,0
query,1989,4096,18586823,88165,9218,1452,17935462,17932634,0,0,0,0,477836,2244,72196,250,18586823,0,54095,0,51548,0,0,0,0,150,3890,5706712,0,1078035,0,172032,0,0,0,0,16402843,0,0,0,0,131074,2892285,0,0,0
query,1990,4096,19006380,86332,8937,1122,18405884,18403797,0,0,0,0,427892,1583,74560,70,19006380,0,54095,0,52387,0,0,0,0,141,3895,5712258,0,1078097,0,172032,0,0,0,0,16820244,0,0,0,0,131730,2884501,0,0,0
query,1991,4096,18350240,90099,10600,842,17710169,17692013,0,1,0,0,461466,1773,75221,70,18350240,0,54095,0,51892,0,0,0,0,176,3871,5677469,0,1065169,0,172032,0,0,0,0,16205190,0,0,0,0,136763,2892510,0,0,0
query,1992,4096,17900577,95299,8766,1193,17323925,17321818,0,0,0,0,400291,1813,69109,181,17900577,0,54095,0,52005,0,0,0,0,175,3856,5654904,0,1071220,0,172032,0,0,0,0,15885831,0,0,0,0,129585,2853373,0,0,0
query,1993,4096,18392789,87955,8386,1653,17752118,17749550,0,0,0,0,465163,1973,75471,70,18392789,0,54095,0,52294,0,0,0,0,193,3860,5662327,0,1069603,0,172032,0,0,0,0,16231422,0,0,0,0,133899,2905430,0,0,0
query,1994,4096,18044706,89678,10329,1002,17452616,17437014,0,1,0,0,419908,1843,69170,160,18044706,0,54095,0,51897,0,0,0,0,165,3876,5681456,0,1055119,0,172032,0,0,0,0,16033826,0,0,0,0,129507,2889937,0,0,0
query,1995,4096,20507575,90209,7334,821,19822952,19820364,0,0,0,0,505277,2244,78668,70,20507575,0,54095,0,51581,0,0,0,0,176,3865,5667937,0,1085088,0,172032,0,0,0,0,18057542,0,0,0,0,141669,3080428,0,0,0
query,1996,4096,18138492,88536,9478,1011,17509714,17506695,0,0,0,0,454873,2073,72667,140,18138492,0,54095,0,51587,0,0,0,0,201,3821,5604876,0,1046450,0,172032,0,0,0,0,15986621,0,0,0,0,132905,2861108,0,0,0
query,1997,4096,18297741,95630,7634,1513,17701383,17698805,0,0,0,0,414948,1623,74950,60,18297741,0,54095,0,51668,0,0,0,0,196,3847,5639465,0,1049084,0,172032,0,0,0,0,16206282,0,0,0,0,139028,2890708,0,0,0
query,1998,4096,18182445,88005,9738,1573,17544880,17529277,0,1,0,0,453661,2063,82385,140,18182445,0,54095,0,51692,0,0,0,0,177,3857,5658808,0,1053237,0,172032,0,0,0,0,16061901,0,0,0,0,130517,2886180,0,0,0
query,1999,4096,18062660,74770,8887,1332,17494445,17492197,0,0,0,0,407925,1933,73298,70,18062660,0,54095,0,52092,0,0,0,0,192,3847,5641574,0,1048518,0,172032,0,0,0,0,16043726,0,0,0,0,134138,2893841,0,0,0
query,2000,4096,18610457,89868,9007,992,17957053,17937944,0,2,0,0,479539,1693,72165,140,18610457,0,54095,0,52098,0,0,0,0,177,3876,5685368,0,1070284,0,172032,0,0,0,0,16437753,0,0,0,0,134822,2929293,0,0,0
query,2001,4096,18579640,89879,8516,781,17991377,17976306,0,1,0,0,415158,1553,72216,160,18579640,0,54095,0,51968,0,0,0,0,180,3853,5650795,0,1048825,0,172032,0,0,0,0,16474638,0,0,0,0,133572,2884297,0,0,0
query,2002,4096,19455281,89137,8997,1492,18777721,18756449,0,2,0,0,455444,1663,120757,70,19455281,0,54095,0,52309,0,0,0,0,159,3874,5681168,0,1093081,0,172032,0,0,0,0,17138492,0,0,0,0,136271,2932422,0,0,0
query,2003,4096,18133303,88376,8956,1203,17547845,17545558,0,0,0,0,413986,1352,71535,50,18133303,0,54095,0,51768,0,0,0,0,205,3826,5606541,0,1054390,0,172032,0,0,0,0,16037126,0,0,0,0,135101,2882175,0,0,0
query,2004,4096,18705355,88846,9619,1152,18097976,18010069,0,2,0,0,427922,1954,77826,60,18705355,0,54095,0,51691,0,0,0,0,179,3868,5674999,0,1111612,0,172032,0,0,0,0,16572741,0,0,0,0,132499,2888309,0,0,0
query,2005,4096,18121801,93966,8636,741,17476632,17455509,0,1,0,0,465623,1763,74299,141,18121801,0,54095,0,51919,0,0,0,0,175,3863,5666590,0,1050012,0,172032,0,0,0,0,15984679,0,0,0,0,129935,2863925,0,0,0
query,2006,4096,18833215,88145,8676,1152,18210037,18207569,0,0,0,0,451326,2174,71635,70,18833215,0,54095,0,52018,0,0,0,0,177,3867,5671697,0,1058702,0,172032,0,0,0,0,16636358,0,0,0,0,133790,2927997,0,0,0
query,2007,4096,18143642,93926,9417,802,17503451,17501315,0,0,0,0,447880,1513,86542,111,18143642,0,54095,0,52342,0,0,0,0,182,3859,5659638,0,1052460,0,172032,0,0,0,0,16047493,0,0,0,0,131433,2875585,0,0,0
query,2008,4096,18115580,85661,11361,1262,17514162,17511764,0,0,0,0,430317,2044,70592,181,18115580,0,54095,0,52070,0,0,0,0,163,3861,5662635,0,1060344,0,172032,0,0,0,0,16065167,0,0,0,0,128759,2864678,0,0,0
query,2009,4096,18347634,91381,7244,1322,17715920,17713473,0,0,0,0,456496,2164,72947,160,18347634,0,54095,0,51765,0,0,0,0,181,3857,5656034,0,1055024,0,172032,0,0,0,0,16203534,0,0,0,0,138666,2893396,0,0,0
query,2010,4096,18104649,89498,9698,1092,17506979,17504831,0,0,0,0,425698,2124,69460,100,18104649,0,54095,0,51966,0,0,0,0,160,3884,5695925,0,1068856,0,172032,0,0,0,0,16066833,0,0,0,0,129520,2872589,0,0,0
query,2011,4096,19982641,90279,8085,1213,19119091,19105683,0,1,0,0,666660,2645,94577,91,19982641,0,54095,0,51835,0,0,0,0,178,3867,5669002,0,1154769,0,172032,0,0,0,0,17469861,0,0,0,0,142681,3093895,0,0,0
query,2012,4096,20564922,73548,12974,1784,19915234,19912326,0,0,0,0,471724,1703,87815,140,20564922,0,54095,3,51808,0,0,0,0,155,3874,5681878,0,1202983,0,172032,0,0,0,0,18131014,0,0,0,0,147707,3221265,0,0,0
query,2013,4096,21481752,73728,13325,1202,20708151,20682681,0,1,0,0,428143,2214,254928,61,21481752,0,54095,3,52432,0,0,0,0,181,3864,5665777,0,1175967,0,172032,0,0,0,0,18772404,0,0,0,0,146246,3140176,0,0,0
query,2014,4096,20513966,228478,16691,1563,19753261,19750403,0,0,0,0,434335,1542,78036,60,20513966,0,54095,4,51951,0,0,0,0,182,3854,5652024,0,1135541,0,172032,0,0,0,0,18107207,0,0,0,0,138589,3090149,0,0,0
query,2015,4096,19469167,222137,11892,1523,18732175,18730059,0,0,0,0,421130,2094,78186,30,19469167,0,54095,4,51725,0,0,0,0,176,3855,5652804,0,1133658,0,172032,0,0,0,0,17165373,0,0,0,0,138720,3047058,0,0,0
query,2016,4096,21241531,215795,14717,1122,20234443,20221476,0,1,0,0,524052,1874,249458,70,21241531,0,54095,4,52125,0,0,0,0,178,3859,5662779,0,1105075,0,172032,0,0,0,0,18302679,0,0,0,0,137944,3032874,0,0,0
query,2017,4096,23584945,165390,10149,2235,22781077,22772381,0,1,0,0,533701,2184,90149,60,23584945,0,54095,1,51836,0,0,0,0,179,3864,5666210,0,1360397,0,172032,0,0,0,0,20833957,0,0,0,0,160612,3479449,0,0,0
query,2018,4096,21892903,77445,10981,1363,21284101,21281575,0,0,0,0,441768,1703,75372,170,21892903,0,54095,3,51572,0,0,0,0,201,3837,5627805,0,1315025,0,172032,0,0,0,0,19696883,0,0,0,0,176077,3487785,0,0,0
query,2019,4096,22253899,96461,9217,1092,21565409,21562842,0,0,0,0,489197,2004,90089,430,22253899,0,54095,3,51913,0,0,0,0,157,3874,5682449,0,1335887,0,172032,0,0,0,0,19689867,0,0,0,0,162553,3515205,0,0,0
query,2020,4096,21956211,85420,12353,1233,21280614,21278109,0,0,0,0,496291,1883,78367,50,21956211,0,54095,3,52251,0,0,0,0,174,3865,5668080,0,1340796,0,172032,0,0,0,0,19628606,0,0,0,0,162019,3533059,0,0,0
query,2021,4096,20160154,80090,9739,1382,19539119,19522034,0,2,0,0,446818,2094,80831,81,20160154,0,54095,3,52607,0,0,0,0,172,3858,5657097,0,1150900,0,172032,0,0,0,0,17844002,0,0,0,0,145541,3178099,0,0,0
query,2022,4096,19771274,63869,11051,1373,19150490,19148053,0,0,0,0,463289,2043,79038,121,19771274,0,54095,3,51903,0,0,0,0,145,3896,5715352,0,1180443,0,172032,0,0,0,0,17548489,0,0,0,0,141072,3085979,0,0,0
query,2023,4096,19483514,63950,11721,1283,18864864,18861977,0,0,0,0,456195,1824,83457,220,19483514,0,54095,3,51892,0,0,0,0,175,3857,5657582,0,1142783,0,172032,0,0,0,0,17317503,0,0,0,0,141391,3094205,0,0,0
query,2024,4096,19567171,63248,10460,1122,18974751,18971993,0,0,0,0,436088,2033,79329,140,19567171,0,54095,3,51312,0,0,0,0,190,3850,5645392,0,1160638,0,172032,0,0,0,0,17360309,0,0,0,0,149213,3082464,0,0,0
query,2025,4096,19635519,63509,11111,1352,18937371,18934583,0,0,0,0,538570,2604,80922,80,19635519,0,54095,3,51586,0,0,0,0,188,3848,5644321,0,1157386,0,172032,0,0,0,0,17278609,0,0,0,0,143296,3065871,0,0,0
query,2026,4096,22287332,64311,12604,1813,21625992,21623286,0,0,0,0,501541,1833,79168,70,22287332,0,54095,3,51839,0,0,0,0,196,3830,5615825,0,1221764,0,172032,0,0,0,0,19747294,0,0,0,0,166443,3471907,0,0,0
query,2027,4096,19528218,80150,9899,1012,18906552,18891172,0,1,0,0,446407,1934,82094,170,19528218,0,54095,3,52080,0,0,0,0,169,3876,5683690,0,1142340,0,172032,0,0,0,0,17339202,0,0,0,0,141121,3077944,0,0,0
query,2028,4096,19406180,79780,9608,1222,18769957,18767630,0,0,0,0,469942,1442,74058,171,19406180,0,54095,3,51776,0,0,0,0,157,3878,5684918,0,1141316,0,172032,0,0,0,0,17194128,0,0,0,0,139566,3058366,0,0,0
query,2029,4096,19459730,82114,7394,1012,18860486,18858249,0,0,0,0,429345,1723,77516,140,19459730,0,54095,3,52011,0,0,0,0,169,3865,5668979,0,1145615,0,172032,0,0,0,0,17297445,0,0,0,0,141167,3076994,0,0,0
query,2030,4096,19552604,89538,8916,1343,18857230,18846568,0,1,0,0,512781,2054,80621,121,19552604,0,54095,3,51924,0,0,0,0,188,3852,5647020,0,1135425,0,172032,0,0,0,0,17289207,0,0,0,0,143293,3120264,0,0,0
query,2031,4096,19801721,79840,9147,1212,19181278,19178701,0,0,0,0,451677,2174,76263,130,19801721,0,54095,3,51848,0,0,0,0,172,3871,5676222,0,1141888,0,172032,0,0,0,0,17554653,0,0,0,0,142272,3108401,0,0,0
query,2032,4096,19520705,80010,8827,1222,18894240,18891833,0,0,0,0,458681,2043,75631,51,19520705,0,54095,3,52456,0,0,0,0,201,3830,5622032,0,1143704,0,172032,0,0,0,0,17309587,0,0,0,0,142000,3138222,0,0,0
query,2033,4096,19515424,81863,8927,1062,18860747,18844143,0,1,0,0,484939,1774,75972,140,19515424,0,54095,3,51970,0,0,0,0,162,3881,5689273,0,1148978,0,172032,0,0,0,0,17304528,0,0,0,0,141731,3097870,0,0,0
query,2034,4096,19558024,84559,8676,1162,18948070,18945533,0,0,0,0,436389,1573,77545,50,19558024,0,54095,3,51508,0,0,0,0,184,3856,5656745,0,1140448,0,172032,0,0,0,0,17374242,0,0,0,0,142579,3102967,0,0,0
query,2035,4096,19627404,81864,9788,1182,18909208,18906700,0,0,0,0,541345,1833,82114,70,19627404,0,54095,3,52257,0,0,0,0,187,3860,5660076,0,1146062,0,172032,0,0,0,0,17246604,0,0,0,0,141597,3074549,0,0,0
query,2036,4096,19668902,63940,10359,1643,19057987,19055439,0,0,0,0,453080,1903,79930,60,19668902,0,54095,3,51824,0,0,0,0,159,3884,5693981,0,1149884,0,172032,0,0,0,0,17508478,0,0,0,0,140535,3103993,0,0,0
query,2037,4096,19674202,63830,10860,1403,19043980,19027427,0,1,0,0,471875,1693,80491,70,19674202,0,54095,3,51914,0,0,0,0,197,3842,5634463,0,1167302,0,172032,0,0,0,0,17429351,0,0,0,0,142938,3125443,0,0,0
query,2038,4096,19398535,63739,11091,1313,18790855,18788108,0,0,0,0,448561,1804,81112,60,19398535,0,54095,3,52036,0,0,0,0,170,3871,5677964,0,1173099,0,172032,0,0,0,0,17231271,0,0,0,0,141191,3063419,0,0,0
query,2039,4096,19635960,63539,10961,1322,19028732,19026014,0,0,0,0,448721,1724,80891,70,19635960,0,54095,3,52208,0,0,0,0,171,3877,5684057,0,1180236,0,172032,0,0,0,0,17442800,0,0,0,0,142614,3110007,0,0,0
query,2040,4096,19494495,63419,10770,1072,18855226,18837210,0,1,0,0,480651,2305,80982,70,19494495,0,54095,3,51951,0,0,0,0,170,3841,5635340,0,1133930,0,172032,0,0,0,0,17272004,0,0,0,0,141652,3078320,0,0,0
query,2041,4096,19881952,63139,10760,1052,19213608,19210761,0,0,0,0,508914,2796,81563,120,19881952,0,54095,3,52075,0,0,0,0,169,3881,5693686,0,1155290,0,172032,0,0,0,0,17515748,0,0,0,0,141775,3111749,0,0,0
query,2042,4096,19604030,63749,12073,1142,18975222,18972774,0,0,0,0,470793,2063,78838,150,19604030,0,54095,3,52667,0,0,0,0,174,3871,5677631,0,1162201,0,172032,0,0,0,0,17379933,0,0,0,0,141920,3113181,0,0,0
query,2043,4096,19420196,63940,10039,1293,18821703,18793107,0,4,0,0,434976,2354,85761,130,19420196,0,54095,3,51725,0,0,0,0,185,3848,5642835,0,1135233,0,172032,0,0,0,0,17184670,0,0,0,0,140501,3087207,0,0,0
query,2044,4096,19340466,80471,9578,1373,18722667,18720001,0,0,0,0,445616,1603,79078,80,19340466,0,54095,0,50971,0,0,0,0,153,3876,5688583,0,1157820,0,172032,0,0,0,0,17180545,0,0,0,0,137829,3056658,0,0,0
query,2045,4096,19371614,100007,10670,1022,18732416,18729277,0,0,0,0,439925,2094,85310,170,19371614,0,54095,0,52008,0,0,0,0,169,3864,5666425,0,1151152,0,172032,0,0,0,0,17162982,0,0,0,0,140406,3099947,0,0,0
query,2046,4096,19357248,77926,9198,1132,18744949,18742312,0,0,0,0,443702,1854,78437,50,19357248,0,54095,0,51980,0,0,0,0,167,3883,5694074,0,1192925,0,172032,0,0,0,0,17169506,0,0,0,0,140603,3065865,0,0,0
query,2047,4096,20098638,80962,10350,1302,19449260,19446884,0,0,0,0,475982,2024,78698,60,20098638,0,54095,0,52007,0,0,0,0,184,3861,5663492,0,1167539,0,172032,0,0,0,0,17732141,0,0,0,0,141835,3115491,0,0,0
query,2048,4096,19238075,81132,9779,1703,18626808,18624522,0,0,0,0,441147,1633,75722,151,19238075,0,54095,0,51708,0,0,0,0,183,3853,5647013,0,1150513,0,172032,0,0,0,0,17071231,0,0,0,0,140837,3062338,0,0,0
query,2049,4096,19448008,83226,9698,1242,18804922,18802375,0,0,0,0,463168,1764,77526,6462,19448008,0,54095,0,51886,0,0,0,0,162,3875,5681128,0,1157225,0,172032,0,0,0,0,17236845,0,0,0,0,141127,3075553,0,0,0
query,2050,4096,19323254,79620,8596,1262,18687502,18685085,0,0,0,0,468509,2194,75010,561,19323254,0,54095,0,52058,0,0,0,0,179,3861,5663551,0,1142328,0,172032,0,0,0,0,17126278,0,0,0,0,140204,3088185,0,0,0
query,2051,4096,19351778,80071,8586,921,18730854,18728746,0,0,0,0,444354,1592,85210,190,19351778,0,54095,0,51883,0,0,0,0,215,3821,5602274,0,1127407,0,172032,0,0,0,0,17139743,0,0,0,0,147027,3081658,0,0,0
query,2052,4096,21679682,81944,9207,1082,21019935,21017299,0,0,0,0,485019,1894,80441,160,21679682,0,54095,0,52124,0,0,0,0,170,3875,5684847,0,1174831,0,172032,0,0,0,0,19242092,0,0,0,0,153106,3287390,0,0,0
query,2053,4096,19299439,81392,9989,962,18690678,18688451,0,0,0,0,435597,1803,78938,80,19299439,0,54095,0,51554,0,0,0,0,190,3836,5626516,0,1143153,0,172032,0,0,0,0,17118338,0,0,0,0,141540,3117321,0,0,0
query,2054,4096,19404957,96922,8836,992,18763565,18760767,0,0,0,0,455604,1673,77175,190,19404957,0,54095,0,52159,0,0,0,0,189,3857,5653403,0,1135251,0,172032,0,0,0,0,17182260,0,0,0,0,142695,3074945,0,0,0
query,2055,4096,19271617,83206,8827,1272,18654420,18652173,0,0,0,0,445596,1432,76614,250,19271617,0,54095,0,52086,0,0,0,0,191,3836,5623011,0,1142392,0,172032,0,0,0,0,17118759,0,0,0,0,141765,3079129,0,0,0
query,2056,4096,19425356,82365,8566,1102,18789793,18787487,0,0,0,0,462848,1834,78587,261,19425356,0,54095,0,52213,0,0,0,0,169,3875,5680230,0,1146986,0,172032,0,0,0,0,17234176,0,0,0,0,140814,3082218,0,0,0
query,2057,4096,20271602,96591,10880,2194,19590415,19579613,0,1,0,0,487795,2084,81413,230,20271602,0,54095,1,51903,0,0,0,0,141,3904,5727102,0,1159309,0,172032,0,0,0,0,17906460,0,0,0,0,141351,3119488,0,0,0
query,2058,4096,19410799,63540,11451,1182,18816825,18813867,0,0,0,0,435757,1783,79990,271,19410799,0,54095,0,51812,0,0,0,0,137,3898,5718950,0,1159347,0,172032,0,0,0,0,17245062,0,0,0,0,139975,3070296,0,0,0
query,2059,4096,19450994,63349,11792,1253,18849956,18847079,0,0,0,0,438452,1713,84329,150,19450994,0,54095,0,51827,0,0,0,0,171,3871,5674458,0,1153617,0,172032,0,0,0,0,17225934,0,0,0,0,141003,3094064,0,0,0
query,2060,4096,19269262,63859,10821,1603,18661242,18658646,0,0,0,0,451887,1934,77756,160,19269262,0,54095,0,52046,0,0,0,0,190,3827,5609585,0,1130143,0,172032,0,0,0,0,17082274,0,0,0,0,142005,3100677,0,0,0
query,2061,4096,19425346,63239,12603,1202,18819049,18816842,0,0,0,0,447549,1704,79749,251,19425346,0,54095,0,52023,0,0,0,0,185,3843,5638877,0,1147553,0,172032,0,0,0,0,17239384,0,0,0,0,141357,3090404,0,0,0
query,2062,4096,20020382,63109,11010,1143,19355073,19346696,0,1,0,0,505448,1974,82354,271,20020382,0,54095,0,51889,0,0,0,0,155,3881,5694900,0,1154342,0,172032,0,0,0,0,17701450,0,0,0,0,140152,3120616,0,0,0
query,2063,4096,19347429,62998,10850,1222,18756982,18754305,0,0,0,0,434335,1633,79168,241,19347429,0,54095,0,51475,0,0,0,0,175,3861,5660613,0,1141086,0,172032,0,0,0,0,17176180,0,0,0,0,142039,3075395,0,0,0
query,2064,4096,19376314,63199,10640,1432,18767372,18764684,0,0,0,0,446818,6322,80230,301,19376314,0,54095,0,51928,0,0,0,0,189,3853,5648319,0,1138414,0,172032,0,0,0,0,17193211,0,0,0,0,143093,3097369,0,0,0
query,2065,4096,19220982,63619,10500,1382,18616589,18613651,0,0,0,0,449283,1833,77535,241,19220982,0,54095,0,51996,0,0,0,0,186,3847,5642155,0,1139029,0,172032,0,0,0,0,17071661,0,0,0,0,141194,3071724,0,0,0
query,2066,4096,19993701,62878,10179,1102,19285433,19282836,0,0,0,0,550733,1643,81563,170,19993701,0,54095,0,51912,0,0,0,0,194,3846,5642402,0,1144519,0,172032,0,0,0,0,17598527,0,0,0,0,142901,3094438,0,0,0
query,2067,4096,20897055,63209,10038,2014,20163380,20160833,0,0,0,0,570881,2364,84859,310,20897055,0,54095,0,51711,0,0,0,0,172,3860,5659693,0,1138120,0,172032,0,0,0,0,18331184,0,0,0,0,150770,3146564,0,0,0
query,2068,4096,19625460,63699,10840,942,19017270,19001598,0,2,0,0,451587,1633,79339,150,19625460,0,54095,0,52240,0,0,0,0,162,3873,5681797,0,1153692,0,172032,0,0,0,0,17436042,0,0,0,0,155765,3106138,0,0,0
query,2069,4096,19497400,63599,10800,1443,18884902,18882355,0,0,0,0,455454,1973,79089,140,19497400,0,54095,0,51596,0,0,0,0,175,3858,5662436,0,1149043,0,172032,0,0,0,0,17287749,0,0,0,0,141694,3072868,0,0,0
query,2070,4096,19426668,63068,10780,1263,18823186,18803148,0,2,0,0,446197,1783,80170,221,19426668,0,54095,0,51549,0,0,0,0,188,3849,5645896,0,1133791,0,172032,0,0,0,0,17258922,0,0,0,0,148331,3115621,0,0,0
query,2071,4096,19480559,63499,10189,1523,18875254,18872917,0,0,0,0,444814,1944,83136,200,19480559,0,54095,0,52030,0,0,0,0,163,3874,5681095,0,1140264,0,172032,0,0,0,0,17281941,0,0,0,0,141042,3087724,0,0,0
query,2072,4096,19841927,81082,10180,911,19055252,19052474,0,0,0,0,606918,2404,84979,201,19841927,0,54095,0,52092,0,0,0,0,189,3846,5641866,0,1129715,0,172032,0,0,0,0,17382751,0,0,0,0,143140,3088959,0,0,0
query,2073,4096,19561050,81343,9457,1493,18956927,18935435,0,3,0,0,433883,1895,75912,140,19561050,0,54095,0,52419,0,0,0,0,182,3848,5640907,0,1141263,0,172032,0,0,0,0,17388072,0,0,0,0,143758,3101488,0,0,0
query,2074,4096,19343011,81733,9037,1423,18701528,18699252,0,0,0,0,468238,1683,79198,171,19343011,0,54095,0,51996,0,0,0,0,189,3860,5659551,0,1143955,0,172032,0,0,0,0,17120993,0,0,0,0,140396,3084435,0,0,0
query,2075,4096,19179956,97213,10359,1122,18564171,18561693,0,0,0,0,430838,1783,74309,161,19179956,0,54095,0,52060,0,0,0,0,177,3856,5654495,0,1139159,0,172032,0,0,0,0,17024946,0,0,0,0,139513,3083816,0,0,0
query,2076,4096,20216298,96200,8817,1132,19248263,19212584,0,1,0,0,749355,1884,110507,140,20216298,0,54095,0,51479,0,0,0,0,182,3858,5657344,0,1164808,0,172032,0,0,0,0,17527554,0,0,0,0,143913,3182039,0,0,0
query,2077,4096,19805268,67727,10510,1513,19127877,19110403,0,2,0,0,498676,2254,96360,351,19805268,0,54095,0,52320,0,0,0,0,187,3844,5639328,0,1138008,0,172032,0,0,0,0,17485508,0,0,0,0,144141,3084951,0,0,0
query,2078,4096,19900156,63990,11672,1833,19301163,19298486,0,0,0,0,441408,1863,78056,171,19900156,0,54095,3,51483,0,0,0,0,153,3893,5711872,0,1164935,0,172032,0,0,0,0,17656217,0,0,0,0,141280,3055284,0,0,0
query,2079,4096,19557263,63329,11582,1312,18911642,18894096,0,2,0,0,490530,1844,76804,220,19557263,0,54095,3,51928,0,0,0,0,171,3857,5659346,0,1152935,0,172032,0,0,0,0,17315062,0,0,0,0,141858,3086626,0,0,0
query,2080,4096,19213868,80350,9728,962,18606480,18604243,0,0,0,0,440085,2204,74019,40,19213868,0,54095,0,51670,0,0,0,0,185,3848,5639354,0,1133776,0,172032,0,0,0,0,17083745,0,0,0,0,145551,3069524,0,0,0
query,2081,4096,19654204,95308,8757,1312,19015186,18996869,0,2,0,0,451857,1734,79880,170,19654204,0,54095,0,52046,0,0,0,0,182,3869,5675188,0,1142711,0,172032,0,0,0,0,17366705,0,0,0,0,147742,3084224,0,0,0
query,2082,4096,19709088,110558,9618,1392,19053759,19020654,0,1,0,0,454091,1624,77846,200,19709088,0,54095,0,52188,0,0,0,0,158,3878,5687075,0,1147442,0,172032,0,0,0,0,17454876,0,0,0,0,141120,3123323,0,0,0
query,2083,4096,21919472,79899,10119,1002,21172662,21169976,0,0,0,0,567053,2715,85952,70,21919472,0,54095,0,51974,0,0,0,0,173,3872,5680683,0,1197302,0,172032,0,0,0,0,19292325,0,0,0,0,151157,3280461,0,0,0
query,2084,4096,20346933,80060,10550,832,19643223,19629666,0,1,0,0,526948,2054,83206,60,20346933,0,54095,0,51927,0,0,0,0,164,3876,5682991,0,1166024,0,172032,0,0,0,0,17966441,0,0,0,0,145995,3148430,0,0,0
query,2085,4096,20887678,73408,10981,1312,20226568,20224132,0,0,0,0,495349,2084,77816,160,20887678,0,54095,11,51796,0,0,0,0,178,3868,5672383,0,1192751,0,172032,0,0,0,0,18532947,0,0,0,0,154570,3295000,0,0,0
query,2086,4096,19518540,79599,10720,1373,18893868,18886132,0,1,0,0,453731,2314,76774,161,19518540,0,54095,0,51931,0,0,0,0,162,3887,5696996,0,1164120,0,172032,0,0,0,0,17320031,0,0,0,0,141521,3078266,0,0,0
query,2087,4096,19318154,81122,9398,1122,18700496,18691376,0,1,0,0,447389,1653,76904,70,19318154,0,54095,0,52502,0,0,0,0,186,3844,5639297,0,1140997,0,172032,0,0,0,0,17139749,0,0,0,0,148071,3096062,0,0,0
query,2088,4096,19632253,82104,10199,1232,18996401,18993774,0,0,0,0,461626,1513,79028,150,19632253,0,54095,0,51966,0,0,0,0,175,3869,5673885,0,1160063,0,172032,0,0,0,0,17427542,0,0,0,0,147606,3114244,0,0,0
query,2089,4096,19869268,81322,9829,921,19174255,19161338,0,1,0,0,517972,1312,83486,171,19869268,0,54095,0,52193,0,0,0,0,177,3860,5661660,0,1143222,0,172032,0,0,0,0,17501321,0,0,0,0,141134,3096759,0,0,0
query,2090,4096,20093789,102903,11131,1062,19439813,19427296,0,1,0,0,457708,1833,79179,160,20093789,0,54095,0,51699,0,0,0,0,162,3885,5699246,0,1156891,0,172032,0,0,0,0,17827310,0,0,0,0,145231,3148061,0,0,0
query,2091,4096,19480218,64520,11302,1302,18878600,18876143,0,0,0,0,442800,1974,79549,171,19480218,0,54095,11,51054,0,0,0,0,169,3883,5687492,0,1159647,0,172032,0,0,0,0,17324554,0,0,0,0,141844,3091575,0,0,0
query,2092,4096,19595575,63339,11892,1333,18970432,18967985,0,0,0,0,465052,2234,81062,231,19595575,0,54095,11,51663,0,0,0,0,173,3860,5663657,0,1171948,0,172032,0,0,0,0,17379910,0,0,0,0,144779,3107306,0,0,0
query,2093,4096,19441416,63970,11542,1052,18847081,18844454,0,0,0,0,435426,1924,80261,160,19441416,0,54095,11,51645,0,0,0,0,186,3850,5651561,0,1142831,0,172032,0,0,0,0,17296377,0,0,0,0,141989,3124214,0,0,0
query,2094,4096,19365202,63509,11111,1172,18754868,18752161,0,0,0,0,453571,1683,79148,140,19365202,0,54095,11,51627,0,0,0,0,170,3865,5669628,0,1143798,0,172032,0,0,0,0,17210540,0,0,0,0,142082,3102057,0,0,0
query,2095,4096,19504103,63709,10660,1373,18908095,18905278,0,0,0,0,438953,1763,79399,151,19504103,0,54095,11,51667,0,0,0,0,172,3872,5679018,0,1165217,0,172032,0,0,0,0,17338372,0,0,0,0,143221,3104548,0,0,0
query,2096,4096,19389969,63189,11151,1072,18792909,18773671,0,2,0,0,441477,1805,78106,260,19389969,0,54095,11,52119,0,0,0,0,164,3878,5687215,0,1158353,0,172032,0,0,0,0,17240802,0,0,0,0,140658,3095398,0,0,0
query,2097,4096,19502020,97754,10169,1062,18867840,18865143,0,0,0,0,445696,1793,77555,151,19502020,0,54095,0,51869,0,0,0,0,161,3880,5692454,0,1177831,0,172032,0,0,0,0,17291748,0,0,0,0,141649,3110548,0,0,0
query,2098,4096,19966039,80821,9668,1032,19313576,19298735,0,1,0,0,480200,1574,78988,180,19966039,0,54095,0,51734,0,0,0,0,178,3859,5658807,0,1161149,0,172032,0,0,0,0,17639089,0,0,0,0,143350,3106527,0,0,0
query,2099,4096,19150910,82354,9538,932,18550505,18547948,0,0,0,0,428654,1522,77015,390,19150910,0,54095,0,51596,0,0,0,0,184,3856,5657405,0,1139089,0,172032,0,0,0,0,17021673,0,0,0,0,140127,3077624,0,0,0
query,2100,4096,19167943,81262,9228,1252,18571003,18568736,0,0,0,0,427833,1783,75471,111,19167943,0,54095,0,51810,0,0,0,0,172,3868,5670937,0,1142394,0,172032,0,0,0,0,17026101,0,0,0,0,139501,3060910,0,0,0
query,2101,4096,19272740,81453,9939,1392,18638971,18636904,0,0,0,0,462998,1764,75832,391,19272740,0,54095,0,52403,0,0,0,0,183,3855,5652281,0,1136970,0,172032,0,0,0,0,17072422,0,0,0,0,139654,3077558,0,0,0
query,2102,4096,19454610,81132,9177,932,18832454,18782758,0,1,0,0,449303,2053,79188,371,19454610,0,54095,0,51991,0,0,0,0,185,3865,5671900,0,1149248,0,172032,0,0,0,0,17260691,0,0,0,0,141213,3112757,0,0,0
query,2103,4096,19455492,81172,9137,862,18848293,18846267,0,0,0,0,431990,1463,82404,171,19455492,0,54095,0,52142,0,0,0,0,179,3863,5664766,0,1145395,0,172032,0,0,0,0,17259734,0,0,0,0,141559,3109091,0,0,0
query,2104,4096,19203029,79209,8155,1573,18587033,18584757,0,0,0,0,450094,1453,75392,120,19203029,0,54095,0,52685,0,0,0,0,174,3854,5652351,0,1140228,0,172032,0,0,0,0,17035998,0,0,0,0,139219,3090506,0,0,0
query,2105,4096,19267469,97142,8136,1292,18652216,18638729,0,1,0,0,429004,1793,77666,220,19267469,0,54095,0,51773,0,0,0,0,168,3867,5670560,0,1183575,0,172032,0,0,0,0,17102312,0,0,0,0,138783,3079231,0,0,0
query,2106,4096,19257210,97032,9017,1343,18629653,18627366,0,0,0,0,441208,1272,77355,330,19257210,0,54095,0,52411,0,0,0,0,168,3869,5673436,0,1151828,0,172032,0,0,0,0,17071903,0,0,0,0,137982,3082816,0,0,0
query,2107,4096,19236531,81783,8296,1162,18625425,18623058,0,0,0,0,430467,2044,87204,150,19236531,0,54095,0,52173,0,0,0,0,181,3844,5639899,0,1133177,0,172032,0,0,0,0,17071229,0,0,0,0,139849,3118736,0,0,0
query,2108,4096,19410077,78237,8396,1402,18802147,18799660,0,0,0,0,441638,1513,76674,70,19410077,0,54095,0,52169,0,0,0,0,169,3863,5672364,0,1147587,0,172032,0,0,0,0,17222719,0,0,0,0,139875,3097259,0,0,0
query,2109,4096,19344594,82315,9267,842,18712599,18710112,0,0,0,0,461977,1512,75822,260,19344594,0,54095,0,52320,0,0,0,0,166,3874,5679870,0,1148524,0,172032,0,0,0,0,17153066,0,0,0,0,143409,3097467,0,0,0
query,2110,4096,19470961,81613,8786,792,18870595,18867898,0,0,0,0,432822,1593,74469,291,19470961,0,54095,0,52055,0,0,0,0,154,3885,5698694,0,1147149,0,172032,0,0,0,0,17333948,0,0,0,0,140210,3086768,0,0,0
query,2111,4096,19294761,82325,8836,1122,18684947,18682460,0,0,0,0,440896,1855,74609,171,19294761,0,54095,0,52071,0,0,0,0,177,3858,5660070,0,1160094,0,172032,0,0,0,0,17125277,0,0,0,0,138990,3067840,0,0,0
query,2112,4096,19301724,81693,8216,1272,18688674,18686327,0,0,0,0,441728,2014,77997,130,19301724,0,54095,0,51760,0,0,0,0,187,3856,5655350,0,1153253,0,172032,0,0,0,0,17149709,0,0,0,0,142118,3083081,0,0,0
query,2113,4096,19469047,97393,9538,1112,18833555,18831289,0,0,0,0,448030,2305,76874,240,19469047,0,54095,0,52154,0,0,0,0,161,3880,5689215,0,1146227,0,172032,0,0,0,0,17251893,0,0,0,0,140700,3066581,0,0,0
query,2114,4096,21782315,81774,9578,1212,21137255,21134619,0,0,0,0,472887,1884,77555,170,21782315,0,54095,0,51486,0,0,0,0,173,3870,5676587,0,1192774,0,172032,0,0,0,0,19312944,0,0,0,0,155573,3361310,0,0,0
query,2115,4096,19294179,81493,9127,1282,18688113,18685967,0,0,0,0,437861,1743,74320,240,19294179,0,54095,0,52025,0,0,0,0,184,3850,5647573,0,1153616,0,172032,0,0,0,0,17155116,0,0,0,0,142068,3083997,0,0,0
query,2116,4096,19387454,75421,8105,1173,18744729,18742563,0,0,0,0,478707,1523,77636,160,19387454,0,54095,0,51525,0,0,0,0,173,3861,5661727,0,1153264,0,172032,0,0,0,0,17148326,0,0,0,0,139824,3050671,0,0,0
query,2117,4096,19260777,82575,8776,1513,18648288,18645841,0,0,0,0,434555,1563,83116,391,19260777,0,54095,0,51739,0,0,0,0,196,3831,5619006,0,1129311,0,172032,0,0,0,0,17109196,0,0,0,0,140812,3099470,0,0,0
query,2118,4096,19415817,82053,8196,1463,18782890,18766829,0,1,0,0,463579,1854,75512,270,19415817,0,54095,0,51946,0,0,0,0,186,3848,5641865,0,1133136,0,172032,0,0,0,0,17207567,0,0,0,0,141025,3098142,0,0,0
query,2119,4096,20007147,80912,7945,1142,19398535,19396249,0,0,0,0,441919,2014,74389,291,20007147,0,54095,0,52080,0,0,0,0,177,3854,5650707,0,1148776,0,172032,0,0,0,0,17754776,0,0,0,0,144647,3126847,0,0,0
query,2120,4096,19347630,81593,8336,1132,18746613,18744266,0,0,0,0,434084,1442,74189,241,19347630,0,54095,0,52428,0,0,0,0,190,3841,5632662,0,1148563,0,172032,0,0,0,0,17193811,0,0,0,0,142173,3084402,0,0,0
query,2121,4096,19424744,82154,8727,1312,18783712,18781005,0,0,0,0,469691,1513,77435,200,19424744,0,54095,0,51781,0,0,0,0,205,3834,5624820,0,1130567,0,172032,0,0,0,0,17166327,0,0,0,0,142336,3078019,0,0,0
query,2122,4096,19441055,97413,8626,1453,18804901,18802355,0,0,0,0,451126,2144,75131,261,19441055,0,54095,0,51739,0,0,0,0,184,3844,5639962,0,1134908,0,172032,0,0,0,0,17211274,0,0,0,0,140658,3084292,0,0,0
query,2123,4096,19596897,81954,8867,1052,18955935,18953439,0,0,0,0,469541,1372,78006,170,19596897,0,54095,0,52461,0,0,0,0,157,3876,5682584,0,1142506,0,172032,0,0,0,0,17336572,0,0,0,0,140377,3092118,0,0,0
query,2124,4096,19405418,98585,9207,1273,18784403,18782337,0,0,0,0,434825,1964,74961,200,19405418,0,54095,0,52526,0,0,0,0,160,3873,5682113,0,1137821,0,172032,0,0,0,0,17222670,0,0,0,0,139223,3086197,0,0,0
query,2125,4096,19261668,95649,8466,1122,18643790,18641623,0,0,0,0,434134,2064,76263,180,19261668,0,54095,0,51761,0,0,0,0,178,3870,5675059,0,1131259,0,172032,0,0,0,0,17077603,0,0,0,0,141461,3031365,0,0,0
query,2126,4096,18967597,117961,9588,1513,18309243,18306985,0,0,0,0,450825,1853,76464,150,18967597,0,54095,0,51767,0,0,0,0,170,3865,5671234,0,1115669,0,172032,0,0,0,0,16791312,0,0,0,0,146006,3009822,0,0,0
query,2127,4096,19646520,101731,8716,1202,18693924,18691216,0,0,0,0,725461,2394,112932,160,19646520,0,54095,0,51999,0,0,0,0,175,3870,5673563,0,1167599,0,172032,0,0,0,0,17006163,0,0,0,0,139611,3032370,0,0,0
query,2128,4096,19338984,85801,12373,1643,18697221,18666981,0,1,0,0,464491,2023,75252,180,19338984,0,54095,0,52221,0,0,0,0,185,3849,5644738,0,1093974,0,172032,0,0,0,0,16886007,0,0,0,0,140218,2975387,0,0,0
query,2129,4096,21977621,90881,11942,2224,21304559,21301672,0,0,0,0,477315,2114,88426,160,21977621,0,54095,11,52182,0,0,0,0,167,3884,5695889,0,1316849,0,172032,0,0,0,0,19439491,0,0,0,0,160469,3500211,0,0,0
query,2130,4096,21817270,86462,9838,1112,21189173,21186326,0,0,0,0,450966,1743,77846,130,21817270,0,54095,11,52116,0,0,0,0,168,3876,5687153,0,1315166,0,172032,0,0,0,0,19366368,0,0,0,0,160515,3464037,0,0,0
query,2131,4096,22143152,94868,11862,1553,21400719,21390399,0,1,0,0,537527,1725,94767,131,22143152,0,54095,11,51775,0,0,0,0,163,3885,5697442,0,1347072,0,172032,0,0,0,0,19511444,0,0,0,0,161182,3496716,0,0,0
query,2132,4096,20380476,79790,10850,992,19747509,19744993,0,0,0,0,462117,2114,76854,250,20380476,0,54095,11,52371,0,0,0,0,198,3846,5639911,0,1191770,0,172032,0,0,0,0,17915308,0,0,0,0,150547,3215192,0,0,0
query,2133,4096,19686435,111809,11031,1132,19032068,19029340,0,0,0,0,449493,1693,79139,70,19686435,0,54095,11,52254,0,0,0,0,183,3854,5650107,0,1146596,0,172032,0,0,0,0,17427218,0,0,0,0,142211,3093268,0,0,0
query,2134,4096,20057170,88556,9868,1212,19392695,19349031,0,1,0,0,476263,1903,86613,60,20057170,0,54095,11,51510,0,0,0,0,186,3870,5673327,0,1148912,0,172032,0,0,0,0,17773340,0,0,0,0,145497,3121139,0,0,0
query,2135,4096,19572030,63459,10109,952,18972636,18969809,0,0,0,0,443622,1783,79159,310,19572030,0,54095,11,52435,0,0,0,0,177,3866,5671967,0,1148945,0,172032,0,0,0,0,17365494,0,0,0,0,148983,3131259,0,0,0
query,2136,4096,19319357,62918,10229,952,18699184,18696556,0,0,0,0,462076,1803,82054,141,19319357,0,54095,11,52212,0,0,0,0,201,3824,5607672,0,1130647,0,172032,0,0,0,0,17135963,0,0,0,0,143160,3106259,0,0,0
query,2137,4096,19521616,63549,11802,1403,18911732,18908945,0,0,0,0,452698,2065,78196,171,19521616,0,54095,11,51793,0,0,0,0,168,3861,5663117,0,1144731,0,172032,0,0,0,0,17303088,0,0,0,0,152866,3109685,0,0,0
query,2138,4096,19571890,63368,10209,1223,18953270,18950372,0,0,0,0,453249,1964,88396,211,19571890,0,54095,11,51462,0,0,0,0,167,3874,5678092,0,1158570,0,172032,0,0,0,0,17369327,0,0,0,0,142015,3108707,0,0,0
query,2139,4096,19539239,63679,10690,1403,18940867,18938119,0,0,0,0,443050,2175,77154,221,19539239,0,54095,11,52033,0,0,0,0,167,3861,5661912,0,1152216,0,172032,0,0,0,0,17363516,0,0,0,0,140122,3105992,0,0,0
query,2140,4096,19480790,80281,9347,982,18860476,18858189,0,0,0,0,444052,1804,83617,231,19480790,0,54095,11,51786,0,0,0,0,173,3870,5675051,0,1148529,0,172032,0,0,0,0,17301672,0,0,0,0,141257,3112325,0,0,0
query,2141,4096,19739855,78818,9408,1182,19111427,19108969,0,0,0,0,461435,1893,75632,60,19739855,0,54095,11,51940,0,0,0,0,188,3843,5631342,0,1134473,0,172032,0,0,0,0,17529377,0,0,0,0,141585,3316773,0,0,0
query,2142,4096,19646870,82094,9297,1333,19030855,19028299,0,0,0,0,443512,1833,77756,190,19646870,0,54095,11,51631,0,0,0,0,149,3894,5710540,0,1175041,0,172032,0,0,0,0,17470673,0,0,0,0,141943,3127963,0,0,0
query,2143,4096,19637193,80301,8937,1062,19004967,19002289,0,0,0,0,452999,1733,87024,170,19637193,0,54095,11,51827,0,0,0,0,145,3901,5721848,0,1155545,0,172032,0,0,0,0,17429759,0,0,0,0,140534,3081884,0,0,0
query,2144,4096,21668512,96691,9508,1122,20934726,20931929,0,0,0,0,537899,2374,86011,181,21668512,0,54095,11,51941,0,0,0,0,187,3857,5657791,0,1174352,0,172032,0,0,0,0,19156845,0,0,0,0,151861,3360653,0,0,0
query,2145,4096,19515905,223890,11912,1182,18765047,18762560,0,0,0,0,433563,2034,78207,70,19515905,0,54095,11,52295,0,0,0,0,178,3844,5635087,0,1140499,0,172032,0,0,0,0,17201902,0,0,0,0,144655,3108330,0,0,0
query,2146,4096,19601706,231294,9548,1343,18820110,18817243,0,0,0,0,458430,2284,78627,70,19601706,0,54095,11,52203,0,0,0,0,179,3845,5640817,0,1156633,0,172032,0,0,0,0,17245301,0,0,0,0,141896,3125728,0,0,0
query,2147,4096,19460792,230242,11341,1042,18701087,18698790,0,0,0,0,437250,1823,77926,81,19460792,0,54095,11,52289,0,0,0,0,177,3861,5661829,0,1139245,0,172032,0,0,0,0,17165415,0,0,0,0,146803,3078045,0,0,0
query,2148,4096,19392805,82756,9477,1183,18771599,18769143,0,0,0,0,447930,1693,78107,60,19392805,0,54095,11,51316,0,0,0,0,172,3861,5660646,0,1158736,0,172032,0,0,0,0,17208549,0,0,0,0,145555,3067137,0,0,0
query,2149,4096,19827269,83877,10109,1042,19063867,19061671,0,0,0,0,586600,1533,80070,171,19827269,0,54095,11,51696,0,0,0,0,183,3855,5655769,0,1150542,0,172032,0,0,0,0,17419051,0,0,0,0,141100,3111355,0,0,0
query,2150,4096,19303447,63820,11061,2875,18723920,18721574,0,0,0,0,423754,2315,75221,481,19303447,0,54095,0,51684,0,0,0,0,192,3840,5629645,0,1137598,0,172032,0,0,0,0,17136721,0,0,0,0,141018,3079342,0,0,0
query,2151,4096,19107369,82024,10009,1472,18505150,18503063,0,0,0,0,431278,1925,75361,150,19107369,0,54095,0,52276,0,0,0,0,175,3853,5651866,0,1135777,0,172032,0,0,0,0,16968591,0,0,0,0,138571,3064466,0,0,0
query,2152,4096,19292466,86252,8295,1012,18674417,18672220,0,0,0,0,444864,1954,75281,391,19292466,0,54095,0,52200,0,0,0,0,169,3864,5667002,0,1148100,0,172032,0,0,0,0,17129147,0,0,0,0,140143,3074253,0,0,0
query,2153,4096,19352499,80361,9568,1212,18737115,18734838,0,0,0,0,444573,2064,77285,321,19352499,0,54095,0,51714,0,0,0,0,195,3839,5629091,0,1155059,0,172032,0,0,0,0,17164671,0,0,0,0,144007,3106309,0,0,0
query,2154,4096,19183051,81122,9808,1082,18578337,18575940,0,0,0,0,430077,1633,80841,151,19183051,0,54095,0,51612,0,0,0,0,194,3855,5657748,0,1144338,0,172032,0,0,0,0,17065148,0,0,0,0,146385,3097414,0,0,0
query,2155,4096,19852977,80030,8616,1293,19233966,19230949,0,0,0,0,450595,1673,76504,300,19852977,0,54095,0,51761,0,0,0,0,174,3859,5659357,0,1144350,0,172032,0,0,0,0,17610888,0,0,0,0,141644,3123243,0,0,0
query,2156,4096,19255427,80521,9989,1353,18652776,18650360,0,0,0,0,432101,1723,76633,331,19255427,0,54095,0,52140,0,0,0,0,157,3875,5685901,0,1163318,0,172032,0,0,0,0,17119452,0,0,0,0,138990,3065855,0,0,0
query,2157,4096,19595384,87824,11612,1022,18972316,18954681,0,2,0,0,441507,2035,78817,251,19595384,0,54095,0,51884,0,0,0,0,147,3903,5726056,0,1167307,0,172032,0,0,0,0,17404733,0,0,0,0,139298,3121955,0,0,0
query,2158,4096,19348972,98234,10500,952,18701979,18699512,0,0,0,0,458860,1553,76744,150,19348972,0,54095,11,52149,0,0,0,0,178,3862,5664034,0,1141918,0,172032,0,0,0,0,17171328,0,0,0,0,139226,3079503,0,0,0
query,2159,4096,19305310,81453,9518,1001,18698453,18696266,0,0,0,0,437470,1212,75983,220,19305310,0,54095,11,52281,0,0,0,0,175,3867,5673665,0,1149950,0,172032,0,0,0,0,17095825,0,0,0,0,138885,3069679,0,0,0
query,2160,4096,20258908,82775,9257,1393,19560368,19557872,0,0,0,0,524173,1994,78788,160,20258908,0,54095,11,51281,0,0,0,0,166,3877,5687004,0,1161471,0,172032,0,0,0,0,17846051,0,0,0,0,151909,3104890,0,0,0
query,2161,4096,19436927,80932,10650,1012,18812296,18809859,0,0,0,0,453660,1754,76463,160,19436927,0,54095,11,52172,0,0,0,0,182,3850,5647255,0,1133261,0,172032,0,0,0,0,17233434,0,0,0,0,146461,3092142,0,0,0
query,2162,4096,19748441,98164,9708,982,19097381,19094562,0,0,0,0,462447,1743,77846,170,19748441,0,54095,11,51294,0,0,0,0,158,3880,5692829,0,1152848,0,172032,0,0,0,0,17471587,0,0,0,0,142749,3095848,0,0,0
query,2163,4096,19620090,96501,10950,1062,18951286,18948369,0,0,0,0,481162,1924,76955,250,19620090,0,54095,11,52092,0,0,0,0,177,3880,5686997,0,1158123,0,172032,0,0,0,0,17344832,0,0,0,0,141689,3097362,0,0,0
query,2164,4096,19465831,80852,9117,1002,18861317,18853842,0,1,0,0,432131,1753,79549,110,19465831,0,54095,11,51837,0,0,0,0,177,3883,5696080,0,1164787,0,172032,0,0,0,0,17307041,0,0,0,0,142631,3078995,0,0,0
query,2165,4096,20161706,77054,12123,2304,19515064,19511966,0,0,0,0,474099,1914,78978,170,20161706,0,54095,0,51657,0,0,0,0,181,3866,5671269,0,1168579,0,172032,0,0,0,0,17799867,0,0,0,0,145364,3128618,0,0,0
query,2166,4096,19300962,95649,10510,1362,18676441,18674254,0,0,0,0,437560,1874,77405,161,19300962,0,54095,0,51810,0,0,0,0,169,3871,5677039,0,1137568,0,172032,0,0,0,0,17135398,0,0,0,0,147006,3066337,0,0,0
query,2167,4096,19495266,84979,8245,1283,18878750,18875873,0,0,0,0,443752,2084,76043,130,19495266,0,54095,0,52077,0,0,0,0,170,3866,5673334,0,1146222,0,172032,0,0,0,0,17284605,0,0,0,0,140653,3092037,0,0,0
query,2168,4096,19484085,79559,9958,1213,18847361,18844614,0,0,0,0,469260,1623,74941,170,19484085,0,54095,0,52072,0,0,0,0,184,3856,5655364,0,1153135,0,172032,0,0,0,0,17255595,0,0,0,0,142713,3119162,0,0,0
query,2169,4096,19373058,79219,10680,1362,18775116,18772649,0,0,0,0,427402,1533,77585,161,19373058,0,54095,0,51715,0,0,0,0,171,3880,5692577,0,1143180,0,172032,0,0,0,0,17198653,0,0,0,0,139578,3067292,0,0,0
query,2170,4096,21865361,96871,9789,1302,21127297,21079396,0,2,0,0,543119,1813,85110,60,21865361,0,54095,0,51598,0,0,0,0,189,3838,5627714,0,1182858,0,172032,0,0,0,0,19265426,0,0,0,0,158136,3370165,0,0,0
query,2171,4096,19866252,63740,9007,9247,19158906,19156610,0,0,0,0,532769,1663,90810,110,19866252,0,54095,11,52027,0,0,0,0,166,3871,5676885,0,1162904,0,172032,0,0,0,0,17522519,0,0,0,0,142588,3101046,0,0,0
query,2172,4096,20366069,63519,11511,1914,19737621,19734874,0,0,0,0,470693,2344,78297,170,20366069,0,54095,0,51713,0,0,0,0,176,3864,5667926,0,1155178,0,172032,0,0,0,0,17981661,0,0,0,0,144902,3088692,0,0,0
query,2173,4096,19861182,79439,10179,1012,19158054,19155447,0,0,0,0,526758,2274,83236,230,19861182,0,54095,0,52287,0,0,0,0,189,3855,5652191,0,1138333,0,172032,0,0,0,0,17516353,0,0,0,0,145277,3115514,0,0,0
query,2174,4096,19564526,79660,10489,1082,18947690,18945474,0,0,0,0,442069,1673,81673,190,19564526,0,54095,0,52602,0,0,0,0,180,3861,5658733,0,1153552,0,172032,0,0,0,0,17369906,0,0,0,0,143649,3114635,0,0,0
query,2175,4096,20280740,81353,9728,1052,19547705,19545729,0,0,0,0,549921,2284,88536,161,20280740,0,54095,0,52226,0,0,0,0,166,3856,5652240,0,1161887,0,172032,0,0,0,0,17851815,0,0,0,0,143799,3141605,0,0,0
query,2176,4096,20019088,76253,9928,992,19354693,19325396,0,1,0,0,497123,1823,78216,60,20019088,0,54095,0,51361,0,0,0,0,166,3876,5684497,0,1146215,0,172032,0,0,0,0,17641243,0,0,0,0,147343,3061942,0,0,0
query,2177,4096,20354007,79239,9377,802,19677849,19664923,0,1,0,0,505718,2194,78658,170,20354007,0,54095,0,51419,0,0,0,0,182,3859,5657473,0,1145420,0,172032,0,0,0,0,17965938,0,0,0,0,147765,3167407,0,0,0
query,2178,4096,20525348,78247,9919,1543,19859369,19845641,0,1,0,0,494728,1833,79539,170,20525348,0,54095,0,52337,0,0,0,0,186,3844,5638264,0,1174436,0,172032,0,0,0,0,18144372,0,0,0,0,150049,3157904,0,0,0
query,2179,4096,19972020,80791,13536,1372,19277118,19274801,0,0,0,0,518542,1783,78718,160,19972020,0,54095,0,52379,0,0,0,0,180,3851,5647329,0,1134995,0,172032,0,0,0,0,17597901,0,0,0,0,143156,3095920,0,0,0
query,2180,4096,20284396,80891,9779,1012,19610172,19607555,0,0,0,0,502261,2044,78077,160,20284396,0,54095,0,52434,0,0,0,0,184,3862,5666909,0,1146341,0,172032,0,0,0,0,17907669,0,0,0,0,144062,3162224,0,0,0
query,2181,4096,19352959,79699,10139,1483,18751722,18736782,0,1,0,0,433293,1713,74860,50,19352959,0,54095,0,52054,0,0,0,0,179,3862,5662002,0,1158610,0,172032,0,0,0,0,17196264,0,0,0,0,140556,3080679,0,0,0
query,2182,4096,19605353,81613,8977,1373,18964551,18961874,0,0,0,0,469570,1964,77115,190,19605353,0,54095,0,52833,0,0,0,0,186,3863,5666514,0,1154991,0,172032,0,0,0,0,17359468,0,0,0,0,145181,3127726,0,0,0
query,2183,4096,19780531,96090,10981,1262,19083524,19041172,0,1,0,0,504395,2316,81763,200,19780531,0,54095,0,52015,0,0,0,0,176,3861,5661710,0,1147448,0,172032,0,0,0,0,17487513,0,0,0,0,149597,3118416,0,0,0
query,2184,4096,19375352,96081,10740,1172,18758555,18756178,0,0,0,0,431278,1554,75712,260,19375352,0,54095,0,51636,0,0,0,0,188,3835,5625868,0,1143550,0,172032,0,0,0,0,17168830,0,0,0,0,142742,3104449,0,0,0
query,2185,4096,20019720,83306,10119,1042,19323825,19321178,0,0,0,0,519905,2264,79189,70,20019720,0,54095,0,51869,0,0,0,0,173,3851,5650671,0,1145457,0,172032,0,0,0,0,17658726,0,0,0,0,143574,3087438,0,0,0
query,2186,4096,19261227,80390,10089,1303,18659198,18630482,0,1,0,0,433102,1433,75572,140,19261227,0,54095,0,52108,0,0,0,0,180,3855,5651280,0,1139028,0,172032,0,0,0,0,17128621,0,0,0,0,141370,3095037,0,0,0
query,2187,4096,19898693,98354,16321,1914,19248002,19245025,0,0,0,0,454722,1845,77375,160,19898693,0,54095,11,51828,0,0,0,0,191,3863,5664723,0,1147987,0,172032,0,0,0,0,17444996,0,0,0,0,149815,3094419,0,0,0
query,2188,4096,19489286,77466,9668,1352,18844376,18824567,0,2,0,0,478037,1663,76603,121,19489286,0,54095,11,51668,0,0,0,0,174,3855,5654492,0,1136854,0,172032,0,0,0,0,17256806,0,0,0,0,143060,3107281,0,0,0
query,2189,4096,19535642,81743,8356,1643,18907714,18892072,0,1,0,0,456065,1904,78026,191,19535642,0,54095,0,51916,0,0,0,0,175,3859,5659261,0,1136967,0,172032,0,0,0,0,17316063,0,0,0,0,142004,3077752,0,0,0
query,2190,4096,20597122,97232,10360,931,19815177,19802912,0,1,0,0,586340,2374,84638,70,20597122,0,54095,0,52371,0,0,0,0,174,3880,5689979,0,1152492,0,172032,0,0,0,0,18069539,0,0,0,0,145924,3191349,0,0,0
query,2191,4096,19892101,64621,11883,1803,19224298,19205662,0,2,0,0,508703,1825,78787,181,19892101,0,54095,3,52098,0,0,0,0,171,3852,5650164,0,1177347,0,172032,0,0,0,0,17636386,0,0,0,0,145712,3130842,0,0,0
query,2192,4096,19869999,63339,11561,1143,19241080,19221391,0,2,0,0,470443,2063,80310,60,19869999,0,54095,3,51754,0,0,0,0,178,3860,5660091,0,1162072,0,172032,0,0,0,0,17649610,0,0,0,0,144005,3134224,0,0,0
query,2193,4096,19516546,78818,10078,1052,18880304,18878137,0,0,0,0,469831,1883,74370,210,19516546,0,54095,11,51404,0,0,0,0,154,3872,5679781,0,1155758,0,172032,0,0,0,0,17291129,0,0,0,0,141148,3077223,0,0,0
query,2194,4096,19526645,73107,11411,1313,18918204,18915887,0,0,0,0,439374,1733,81273,230,19526645,0,54095,11,51964,0,0,0,0,181,3861,5665790,0,1145170,0,172032,0,0,0,0,17313115,0,0,0,0,142194,3096238,0,0,0
query,2195,4096,19948256,82865,9568,992,19154257,19151680,0,0,0,0,617748,2274,80191,361,19948256,0,54095,11,52561,0,0,0,0,178,3868,5669855,0,1155633,0,172032,0,0,0,0,17470119,0,0,0,0,139770,3093487,0,0,0
query,2196,4096,19483555,86663,8947,1563,18877558,18860904,0,1,0,0,432050,1683,74961,130,19483555,0,54095,11,51744,0,0,0,0,183,3858,5660787,0,1139487,0,172032,0,0,0,0,17324303,0,0,0,0,142117,3106803,0,0,0
query,2197,4096,19445263,80521,9368,1092,18821493,18819006,0,0,0,0,454092,1823,76724,150,19445263,0,54095,11,51675,0,0,0,0,174,3859,5657055,0,1149220,0,172032,0,0,0,0,17207332,0,0,0,0,139285,3056611,0,0,0
query,2198,4096,19446104,78688,9167,1292,18819459,18817033,0,0,0,0,461375,1704,74319,100,19446104,0,54095,11,51942,0,0,0,0,156,3882,5691443,0,1145124,0,172032,0,0,0,0,17247664,0,0,0,0,138656,3096225,0,0,0
query,2199,4096,19518009,82044,8936,1223,18872769,18856315,0,1,0,0,473227,2084,77546,180,19518009,0,54095,11,52080,0,0,0,0,191,3836,5626208,0,1134359,0,172032,0,0,0,0,17274061,0,0,0,0,141051,3126945,0,0,0
query,2200,4096,19395189,93896,9758,1222,18745471,18742663,0,0,0,0,460293,1643,82655,251,19395189,0,54095,11,51809,0,0,0,0,202,3838,5629159,0,1132348,0,172032,0,0,0,0,17174992,0,0,0,0,142237,3080119,0,0,0
query,2201,4096,21964486,82965,8837,1212,21341589,21338882,0,0,0,0,449913,2054,77856,60,21964486,0,54095,11,51834,0,0,0,0,180,3863,5663711,0,1213349,0,172032,0,0,0,0,19481313,0,0,0,0,164547,3413780,0,0,0
query,2202,4096,19692136,83958,16070,2064,19051614,19029911,0,1,0,0,458991,2054,77305,80,19692136,0,54095,0,51839,0,0,0,0,185,3853,5650128,0,1141239,0,172032,0,0,0,0,17292670,0,0,0,0,140898,3097163,0,0,0
query,2203,4096,20642428,78658,9688,1372,19711993,19698496,0,1,0,0,592391,2294,245881,151,20642428,0,54095,0,51683,0,0,0,0,191,3847,5641068,0,1151443,0,172032,0,0,0,0,17839049,0,0,0,0,148578,3112929,0,0,0
query,2204,4096,20620075,222828,11752,1052,19865991,19863145,0,0,0,0,437330,1403,79559,160,20620075,0,54095,4,51983,0,0,0,0,187,3854,5655211,0,1136037,0,172032,0,0,0,0,18073124,0,0,0,0,140908,3090284,0,0,0
query,2205,4096,22373443,216876,10741,1492,21296404,21238044,0,3,0,0,595096,2134,250540,160,22373443,0,54095,4,51914,0,0,0,0,188,3858,5657475,0,1182326,0,172032,0,0,0,0,19301718,0,0,0,0,147397,3083845,0,0,0
query,2206,4096,20931720,143089,8926,1824,20220486,20217860,0,0,0,0,473247,1623,82445,80,20931720,0,54095,11,51876,0,0,0,0,200,3851,5647121,0,1147630,0,172032,0,0,0,0,18553067,0,0,0,0,144158,3086988,0,0,0
query,2207,4096,19706062,79389,8376,1422,19104975,19102408,0,0,0,0,434906,1272,75411,311,19706062,0,54095,11,52045,0,0,0,0,175,3871,5676429,0,1150591,0,172032,0,0,0,0,17577832,0,0,0,0,140427,3073062,0,0,0
query,2208,4096,19521045,82976,8205,1052,18850487,18848090,0,0,0,0,496461,2004,79650,210,19521045,0,54095,11,51398,0,0,0,0,188,3855,5654059,0,1133722,0,172032,0,0,0,0,17279044,0,0,0,0,147691,3076933,0,0,0
query,2209,4096,19489195,85550,10009,1713,18884020,18881603,0,0,0,0,429405,1553,76714,231,19489195,0,54095,11,52332,0,0,0,0,176,3872,5674710,0,1151166,0,172032,0,0,0,0,17331979,0,0,0,0,141863,3095680,0,0,0
query,2210,4096,19823302,96000,10670,1523,19056464,19053105,0,0,0,0,570740,2224,85280,401,19823302,0,54095,11,51968,0,0,0,0,179,3858,5658624,0,1161613,0,172032,0,0,0,0,17409651,0,0,0,0,140984,3142343,0,0,0
query,2211,4096,19384078,79649,11201,1162,18780196,18777909,0,0,0,0,434014,2114,75682,60,19384078,0,54095,11,52154,0,0,0,0,184,3848,5638076,0,1141293,0,172032,0,0,0,0,17223820,0,0,0,0,142151,3108172,0,0,0
query,2212,4096,19491249,80762,9217,1172,18837974,18835527,0,0,0,0,479850,1793,80301,180,19491249,0,54095,11,51825,0,0,0,0,180,3857,5656619,0,1139078,0,172032,0,0,0,0,17273632,0,0,0,0,141010,3076988,0,0,0
query,2213,4096,19760785,80641,8877,972,19116125,19113468,0,0,0,0,473688,1884,78417,181,19760785,0,54095,11,52122,0,0,0,0,183,3847,5640793,0,1149218,0,172032,0,0,0,0,17470597,0,0,0,0,148286,3147128,0,0,0
query,2214,4096,19598140,86613,13024,1824,18981283,18978666,0,0,0,0,435015,1704,78497,180,19598140,0,54095,0,52016,0,0,0,0,197,3841,5629821,0,1146210,0,172032,0,0,0,0,17228915,0,0,0,0,142864,3117408,0,0,0
query,2215,4096,19442568,96882,10209,1212,18777420,18763071,0,1,0,0,475842,1834,79038,131,19442568,0,54095,0,51588,0,0,0,0,169,3870,5676208,0,1139149,0,172032,0,0,0,0,17194669,0,0,0,0,140213,3095569,0,0,0
query,2216,4096,19327982,89497,9118,1072,18707990,18705894,0,0,0,0,442450,1823,75892,140,19327982,0,54095,0,51923,0,0,0,0,211,3827,5612699,0,1134780,0,172032,0,0,0,0,17156951,0,0,0,0,142914,3115073,0,0,0
query,2217,4096,19291494,81483,8676,1042,18676672,18674084,0,0,0,0,443391,1773,78407,50,19291494,0,54095,0,51604,0,0,0,0,182,3854,5652880,0,1137665,0,172032,0,0,0,0,17082513,0,0,0,0,140135,3065660,0,0,0
query,2218,4096,19279331,80922,9718,1583,18655391,18633227,0,1,0,0,452949,1944,76764,60,19279331,0,54095,0,51733,0,0,0,0,186,3853,5648250,0,1159045,0,172032,0,0,0,0,17104633,0,0,0,0,140405,3061248,0,0,0
query,2219,4096,19317062,80621,9457,1243,18706337,18703930,0,0,0,0,436319,1943,81062,80,19317062,0,54095,0,51855,0,0,0,0,174,3865,5666924,0,1150286,0,172032,0,0,0,0,17150768,0,0,0,0,140161,3068615,0,0,0
query,2220,4096,19268060,81863,9688,1373,18617871,18615564,0,0,0,0,477134,1904,78097,130,19268060,0,54095,0,51623,0,0,0,0,191,3835,5623149,0,1133387,0,172032,0,0,0,0,17056639,0,0,0,0,140868,3079874,0,0,0
query,2221,4096,19400749,81052,8757,1222,18800083,18797717,0,0,0,0,432701,1603,75171,160,19400749,0,54095,0,51895,0,0,0,0,185,3858,5658382,0,1174053,0,172032,0,0,0,0,17241445,0,0,0,0,142189,3083776,0,0,0
query,2222,4096,19299429,80741,8416,1473,18673756,18671089,0,0,0,0,456676,1764,76533,70,19299429,0,54095,0,51865,0,0,0,0,187,3857,5655019,0,1151968,0,172032,0,0,0,0,17109904,0,0,0,0,141676,3082150,0,0,0
query,2223,4096,19386632,95328,10620,1273,18756150,18753944,0,0,0,0,443802,1373,77876,210,19386632,0,54095,0,51573,0,0,0,0,183,3859,5658595,0,1138652,0,172032,0,0,0,0,17180237,0,0,0,0,140418,3072314,0,0,0
query,2224,4096,19469428,96902,9438,952,18841470,18838763,0,0,0,0,434335,1843,84338,150,19469428,0,54095,0,51670,0,0,0,0,188,3856,5658239,0,1143765,0,172032,0,0,0,0,17268227,0,0,0,0,143818,3084049,0,0,0
query,2225,4096,19248153,72707,8596,1332,18637548,18635111,0,0,0,0,448701,1744,77465,60,19248153,0,54095,0,51608,0,0,0,0,182,3858,5658004,0,1145828,0,172032,0,0,0,0,17064766,0,0,0,0,140360,3072683,0,0,0
query,2226,4096,19489225,82915,9648,1012,18878831,18876264,0,0,0,0,436238,1723,78738,120,19489225,0,54095,0,52175,0,0,0,0,166,3867,5669192,0,1136613,0,172032,0,0,0,0,17314242,0,0,0,0,143899,3115336,0,0,0
query,2227,4096,19883084,97633,9368,1232,19184334,19181977,0,0,0,0,507351,1713,81393,60,19883084,0,54095,0,51463,0,0,0,0,192,3852,5652965,0,1134829,0,172032,0,0,0,0,17497640,0,0,0,0,141965,3074657,0,0,0
query,2228,4096,20684767,82264,9227,1162,19852126,19804885,0,2,0,0,561482,2025,176310,171,20684767,0,54095,0,51536,0,0,0,0,160,3866,5672126,0,1150670,0,172032,0,0,0,0,18003256,0,0,0,0,144208,3112022,0,0,0
query,2229,4096,20094320,219652,12373,1453,19342710,19339572,0,0,0,0,438813,2104,77144,71,20094320,0,54095,12,52108,0,0,0,0,164,3873,5680269,0,1168082,0,172032,0,0,0,0,17634963,0,0,0,0,143080,3130198,0,0,0
query,2230,4096,21568815,219973,11251,1362,20604968,20591580,0,1,0,0,461095,2204,267581,381,21568815,0,54095,12,52231,0,0,0,0,179,3835,5623105,0,1147841,0,172032,0,0,0,0,18712045,0,0,0,0,143150,3138834,0,0,0
query,2231,4096,22250342,183524,9698,1633,21496850,21494344,0,0,0,0,478056,2084,78357,140,22250342,0,54095,0,51395,0,0,0,0,170,3864,5667726,0,1150673,0,172032,0,0,0,0,19620258,0,0,0,0,149901,3224335,0,0,0
query,2232,4096,19420356,81222,9729,1072,18801064,18799008,0,0,0,0,446196,1804,79119,150,19420356,0,54095,0,52216,0,0,0,0,188,3846,5641238,0,1133925,0,172032,0,0,0,0,17216187,0,0,0,0,141490,3092474,0,0,0
query,2233,4096,19297134,81583,8966,1423,18672975,18670918,0,0,0,0,451707,1422,78748,310,19297134,0,54095,0,51351,0,0,0,0,169,3880,5690129,0,1152948,0,172032,0,0,0,0,17128599,0,0,0,0,145576,3059862,0,0,0
query,2234,4096,20305486,85761,8857,1092,19638886,19603697,0,1,0,0,488656,1893,80161,180,20305486,0,54095,0,51455,0,0,0,0,159,3886,5698105,0,1152083,0,172032,0,0,0,0,17909924,0,0,0,0,144982,3067216,0,0,0
query,2235,4096,19434763,79750,10309,962,18754317,18752101,0,0,0,0,506260,1813,81202,150,19434763,0,54095,0,52044,0,0,0,0,193,3841,5636411,0,1146792,0,172032,0,0,0,0,17173083,0,0,0,0,142556,3072304,0,0,0
query,2236,4096,19476371,86312,9819,1432,18843444,18841137,0,0,0,0,458139,2064,74961,200,19476371,0,54095,0,51535,0,0,0,0,177,3858,5657378,0,1132477,0,172032,0,0,0,0,17236483,0,0,0,0,141371,3061545,0,0,0
query,2237,4096,19411640,81382,9408,1473,18775807,18773491,0,0,0,0,463510,1663,78226,171,19411640,0,54095,0,52505,0,0,0,0,182,3854,5651662,0,1146807,0,172032,0,0,0,0,17201394,0,0,0,0,140872,3069166,0,0,0
query,2238,4096,19262210,97142,8837,1182,18627409,18625163,0,0,0,0,449513,2054,75902,171,19262210,0,54095,0,51799,0,0,0,0,171,3852,5650918,0,1132982,0,172032,0,0,0,0,17085390,0,0,0,0,143669,3075301,0,0,0
query,2239,4096,19528178,84488,8727,1442,18894971,18892314,0,0,0,0,458810,1974,77606,160,19528178,0,54095,0,52179,0,0,0,0,171,3858,5662335,0,1139530,0,172032,0,0,0,0,17305773,0,0,0,0,140332,3071277,0,0,0
query,2240,4096,19404136,81222,9578,1363,18748797,18746200,0,0,0,0,482976,1282,78477,441,19404136,0,54095,0,51900,0,0,0,0,179,3865,5664574,0,1140694,0,172032,0,0,0,0,17181662,0,0,0,0,140130,3057133,0,0,0
query,2241,4096,19511637,98565,9257,2094,18882828,18880622,0,0,0,0,442680,1774,74289,150,19511637,0,54095,0,51817,0,0,0,0,174,3857,5658377,0,1145145,0,172032,0,0,0,0,17308094,0,0,0,0,141236,3105975,0,0,0
query,2242,4096,19476932,82184,7474,1783,18831622,18829206,0,0,0,0,476564,1583,75572,150,19476932,0,54095,0,52569,0,0,0,0,178,3862,5665008,0,1143829,0,172032,0,0,0,0,17245056,0,0,0,0,140670,3097993,0,0,0
query,2243,4096,19215051,81743,8065,1303,18603594,18601608,0,0,0,0,437190,1703,81413,40,19215051,0,54095,0,51848,0,0,0,0,202,3825,5610099,0,1139766,0,172032,0,0,0,0,17019679,0,0,0,0,143356,3089365,0,0,0
query,2244,4096,19671156,77856,7584,1322,19031527,19029201,0,0,0,0,471394,2184,79058,231,19671156,0,54095,0,51757,0,0,0,0,170,3867,5670457,0,1144352,0,172032,0,0,0,0,17423700,0,0,0,0,140829,3178401,0,0,0
query,2245,4096,19308005,97993,8937,1172,18669789,18667542,0,0,0,0,447639,1613,80822,40,19308005,0,54095,0,51524,0,0,0,0,173,3864,5667095,0,1154597,0,172032,0,0,0,0,17098445,0,0,0,0,146564,3044586,0,0,0
query,2246,4096,19454440,78658,7424,1022,18847521,18844774,0,0,0,0,443572,2174,73959,110,19454440,0,54095,0,51801,0,0,0,0,173,3872,5676123,0,1170308,0,172032,0,0,0,0,17283484,0,0,0,0,142154,3084598,0,0,0
query,2247,4096,19517207,81994,8255,1242,18863833,18847238,0,1,0,0,484608,2084,75061,130,19517207,0,54095,0,51660,0,0,0,0,174,3863,5661722,0,1142548,0,172032,0,0,0,0,17294024,0,0,0,0,140587,3067823,0,0,0
query,2248,4096,19655978,81202,12313,2224,19041325,19038688,0,0,0,0,440756,1844,76153,161,19655978,0,54095,11,51706,0,0,0,0,165,3875,5683830,0,1142967,0,172032,0,0,0,0,17270417,0,0,0,0,141280,3104680,0,0,0
query,2249,4096,19699390,97533,9288,1172,19047888,19044970,0,0,0,0,459732,2033,81563,181,19699390,0,54095,11,52059,0,0,0,0,164,3870,5675992,0,1149853,0,172032,0,0,0,0,17438073,0,0,0,0,141256,3094654,0,0,0
query,2250,4096,19403374,82264,10219,1272,18769867,18767439,0,0,0,0,461024,1713,76885,130,19403374,0,54095,11,51528,0,0,0,0,180,3861,5661674,0,1163820,0,172032,0,0,0,0,17224683,0,0,0,0,141376,3100877,0,0,0
query,2251,4096,19508512,96902,10139,1192,18881275,18878178,0,0,0,0,439734,1694,77516,60,19508512,0,54095,11,51676,0,0,0,0,179,3853,5654004,0,1147703,0,172032,0,0,0,0,17295869,0,0,0,0,143017,3107968,0,0,0
query,2252,4096,20256924,81873,12364,1342,19589814,19587187,0,0,0,0,491362,1963,78046,160,20256924,0,54095,11,51960,0,0,0,0,160,3877,5681828,0,1153990,0,172032,0,0,0,0,17899526,0,0,0,0,145471,3125687,0,0,0
query,2253,4096,19445944,78607,10179,1113,18810392,18807845,0,0,0,0,465553,1803,78137,160,19445944,0,54095,11,52243,0,0,0,0,170,3864,5667385,0,1141351,0,172032,0,0,0,0,17257725,0,0,0,0,140861,3092243,0,0,0
query,2254,4096,19662209,100749,8646,1202,19011199,19008782,0,0,0,0,461035,1883,77345,150,19662209,0,54095,11,51768,0,0,0,0,200,3833,5621013,0,1140130,0,172032,0,0,0,0,17419409,0,0,0,0,144742,3122002,0,0,0
query,2255,4096,19287797,81132,9478,912,18631306,18629150,0,0,0,0,483036,1533,80260,140,19287797,0,54095,11,51634,0,0,0,0,198,3852,5650478,0,1131974,0,172032,0,0,0,0,17084195,0,0,0,0,140999,3088723,0,0,0
query,2256,4096,19604461,102693,9578,1893,18983086,18979858,0,0,0,0,429265,1984,75652,310,19604461,0,54095,11,52289,0,0,0,0,199,3855,5654081,0,1153861,0,172032,0,0,0,0,17404366,0,0,0,0,145017,3133820,0,0,0
query,2257,4096,21239006,85601,10289,1553,20555434,20552748,0,0,0,0,504546,2014,79299,270,21239006,0,54095,11,51692,0,0,0,0,178,3861,5664077,0,1145759,0,172032,0,0,0,0,18794392,0,0,0,0,145715,3219191,0,0,0
query,2258,4096,19504724,78648,9407,922,18879231,18876965,0,0,0,0,459211,2004,74850,451,19504724,0,54095,11,51795,0,0,0,0,166,3875,5682684,0,1160027,0,172032,0,0,0,0,17315905,0,0,0,0,141676,3083758,0,0,0
query,2259,4096,19595895,81523,9718,1573,18963008,18960401,0,0,0,0,461555,1954,76384,180,19595895,0,54095,11,52318,0,0,0,0,184,3847,5638973,0,1140863,0,172032,0,0,0,0,17333180,0,0,0,0,149061,3106831,0,0,0
query,2260,4096,19453488,81343,9107,1282,18828877,18812133,0,1,0,0,453640,2115,76954,170,19453488,0,54095,11,52264,0,0,0,0,196,3839,5628091,0,1160169,0,172032,0,0,0,0,17274222,0,0,0,0,143009,3130355,0,0,0
query,2261,4096,19666217,79600,9087,1082,18985961,18983645,0,0,0,0,504196,2224,83897,170,19666217,0,54095,11,52085,0,0,0,0,196,3851,5645514,0,1137524,0,172032,0,0,0,0,17327429,0,0,0,0,149405,3096109,0,0,0
query,2262,4096,20405363,75912,9217,902,19718295,19715708,0,0,0,0,514976,1673,84228,160,20405363,0,54095,11,52021,0,0,0,0,167,3867,5670385,0,1149516,0,172032,0,0,0,0,18035222,0,0,0,0,147549,3157432,0,0,0
query,2263,4096,19470490,63770,11011,1332,18857180,18854593,0,0,0,0,455664,1964,79419,150,19470490,0,54095,11,51657,0,0,0,0,182,3858,5661100,0,1142599,0,172032,0,0,0,0,17278363,0,0,0,0,142458,3086502,0,0,0
query,2264,4096,19753661,63309,10680,881,19119222,19096928,0,1,0,0,476965,2113,80331,160,19753661,0,54095,11,52187,0,0,0,0,179,3862,5667775,0,1148867,0,172032,0,0,0,0,17516198,0,0,0,0,143088,3112279,0,0,0
query,2265,4096,19487392,63249,10740,1192,18869713,18862037,0,1,0,0,461937,1713,78677,171,19487392,0,54095,11,51615,0,0,0,0,190,3848,5645572,0,1141227,0,172032,0,0,0,0,17293377,0,0,0,0,142387,3079010,0,0,0
query,2266,4096,21437158,64091,10620,1001,20646496,20630022,0,2,0,0,436559,2043,276278,70,21437158,0,54095,11,51743,0,0,0,0,178,3857,5656343,0,1168622,0,172032,0,0,0,0,18584553,0,0,0,0,143663,3100314,0,0,0
query,2267,4096,20374355,81152,11211,1343,19713165,19685041,0,1,0,0,485130,1833,80361,160,20374355,0,54095,0,51545,0,0,0,0,171,3863,5666394,0,1139889,0,172032,0,0,0,0,17981342,0,0,0,0,142469,3102464,0,0,0
query,2268,4096,19375161,89237,9157,1333,18767241,18764965,0,0,0,0,432732,1783,73478,200,19375161,0,54095,0,51908,0,0,0,0,188,3856,5655411,0,1135669,0,172032,0,0,0,0,17221282,0,0,0,0,141597,3091032,0,0,0
query,2269,4096,19412792,96571,9077,1212,18778192,18775915,0,0,0,0,449333,2014,76202,191,19412792,0,54095,0,52088,0,0,0,0,177,3863,5664897,0,1149334,0,172032,0,0,0,0,17210789,0,0,0,0,147426,3109414,0,0,0
query,2270,4096,19252501,96912,9718,1343,18623451,18606798,0,1,0,0,440005,1864,79118,90,19252501,0,54095,0,51803,0,0,0,0,181,3861,5662597,0,1140158,0,172032,0,0,0,0,17059622,0,0,0,0,140856,3079301,0,0,0
query,2271,4096,19286956,89147,9618,1222,18671402,18668975,0,0,0,0,437340,2174,75782,271,19286956,0,54095,0,52173,0,0,0,0,176,3866,5673527,0,1152824,0,172032,0,0,0,0,17122345,0,0,0,0,146168,3082090,0,0,0
query,2272,4096,19886530,81163,10650,1342,19167171,19164564,0,0,0,0,538590,2284,84930,400,19886530,0,54095,0,51873,0,0,0,0,177,3856,5653158,0,1145189,0,172032,0,0,0,0,17501069,0,0,0,0,140971,3114097,0,0,0
query,2273,4096,19628045,83466,9548,1233,19006840,18973957,0,3,0,0,449744,1753,75291,170,19628045,0,54095,0,52135,0,0,0,0,191,3849,5643458,0,1138658,0,172032,0,0,0,0,17379471,0,0,0,0,142366,3118823,0,0,0
query,2274,4096,19614260,81934,8506,861,18947510,18945143,0,0,0,0,495749,1623,77916,161,19614260,0,54095,0,51542,0,0,0,0,182,3851,5649342,0,1139007,0,172032,0,0,0,0,17347642,0,0,0,0,142230,3093776,0,0,0
query,2275,4096,19352539,81994,9287,1002,18757453,18754666,0,0,0,0,426580,1753,74179,291,19352539,0,54095,0,51681,0,0,0,0,171,3877,5689839,0,1151329,0,172032,0,0,0,0,17189944,0,0,0,0,140447,3074116,0,0,0
query,2276,4096,19483975,102612,8827,1312,18826943,18824497,0,0,0,0,465583,1894,76744,60,19483975,0,54095,0,52027,0,0,0,0,196,3842,5636513,0,1153982,0,172032,0,0,0,0,17214275,0,0,0,0,142523,3077128,0,0,0
query,2277,4096,19764952,82604,9007,1223,18961996,18931587,0,1,0,0,620974,1944,87023,181,19764952,0,54095,0,51858,0,0,0,0,186,3847,5643638,0,1142780,0,172032,0,0,0,0,17299952,0,0,0,0,141036,3100100,0,0,0
query,2278,4096,19595935,78908,9378,1593,18989648,18987242,0,0,0,0,437550,2014,76694,150,19595935,0,54095,0,52042,0,0,0,0,173,3873,5681285,0,1146286,0,172032,0,0,0,0,17412400,0,0,0,0,142083,3090447,0,0,0
query,2279,4096,20698483,85140,8826,1764,20031732,20029216,0,0,0,0,489589,1943,79298,191,20698483,0,54095,0,51740,0,0,0,0,168,3863,5666574,0,1184708,0,172032,0,0,0,0,18299001,0,0,0,0,153678,3225778,0,0,0
query,2280,4096,19515194,97493,9548,1192,18874663,18859292,0,1,0,0,454101,1984,76053,160,19515194,0,54095,0,51730,0,0,0,0,193,3847,5642663,0,1140576,0,172032,0,0,0,0,17321386,0,0,0,0,148634,3096595,0,0,0
query,2281,4096,19469549,81834,9077,1162,18852802,18850455,0,0,0,0,446767,1623,76123,161,19469549,0,54095,0,51635,0,0,0,0,182,3857,5655335,0,1145232,0,172032,0,0,0,0,17263292,0,0,0,0,141949,3065365,0,0,0
query,2282,4096,19342921,82915,9508,1272,18668807,18666450,0,0,0,0,451957,1954,126267,241,19342921,0,54095,0,52157,0,0,0,0,185,3844,5636696,0,1135412,0,172032,0,0,0,0,17077398,0,0,0,0,140401,3087109,0,0,0
query,2283,4096,20022896,63489,17032,2655,19413543,19333170,0,4,0,0,440637,2354,82995,191,20022896,0,54095,0,52171,0,0,0,0,164,3870,5673336,0,1158731,0,172032,0,0,0,0,17617130,0,0,0,0,145806,3102907,0,0,0
query,2284,4096,19673180,82104,8977,982,18950966,18937198,0,1,0,0,548658,1554,79859,80,19673180,0,54095,0,52103,0,0,0,0,151,3891,5703649,0,1147455,0,172032,0,0,0,0,17360794,0,0,0,0,139721,3107391,0,0,0
query,2285,4096,19421549,95479,9849,1352,18798460,18796213,0,0,0,0,440195,1934,74019,261,19421549,0,54095,0,51677,0,0,0,0,205,3837,5626406,0,1133141,0,172032,0,0,0,0,17223694,0,0,0,0,146213,3101875,0,0,0
query,2286,4096,19552434,79930,8376,1132,18921520,18901030,0,1,0,0,461666,2034,77715,61,19552434,0,54095,0,51754,0,0,0,0,144,3886,5702724,0,1159968,0,172032,0,0,0,0,17325542,0,0,0,0,138323,3041477,0,0,0
query,2287,4096,19430776,81844,8566,891,18781929,18779221,0,0,0,0,476543,1424,79408,171,19430776,0,54095,0,52393,0,0,0,0,187,3854,5651709,0,1153991,0,172032,0,0,0,0,17209040,0,0,0,0,139952,3121681,0,0,0
query,2288,4096,21063508,81603,8687,1132,20453383,20450416,0,0,0,0,440175,1764,76693,71,21063508,0,54095,0,51473,0,0,0,0,175,3854,5650513,0,1140448,0,172032,0,0,0,0,18684628,0,0,0,0,146987,3179432,0,0,0
query,2289,4096,19435454,82244,9387,1353,18779324,18776867,0,0,0,0,484238,1954,76794,160,19435454,0,54095,0,52386,0,0,0,0,184,3847,5643853,0,1141339,0,172032,0,0,0,0,17219230,0,0,0,0,140901,3109498,0,0,0
query,2290,4096,19414025,81724,9848,1202,18814029,18797786,0,1,0,0,429415,1473,76193,141,19414025,0,54095,0,51836,0,0,0,0,159,3882,5692516,0,1145989,0,172032,0,0,0,0,17246985,0,0,0,0,138848,3078438,0,0,0
query,2291,4096,19653844,95930,7855,1453,19003163,18982041,0,2,0,0,464501,1864,78908,170,19653844,0,54095,0,51983,0,0,0,0,173,3862,5660985,0,1176626,0,172032,0,0,0,0,17404353,0,0,0,0,146835,3091223,0,0,0
query,2292,4096,19228726,81873,8897,861,18607853,18605436,0,0,0,0,450665,2124,76093,360,19228726,0,54095,0,52243,0,0,0,0,188,3837,5628135,0,1130914,0,172032,0,0,0,0,17051105,0,0,0,0,139968,3100186,0,0,0
query,2293,4096,21797052,81032,8105,1292,21118300,21106386,0,1,0,0,505668,2104,80381,170,21797052,0,54095,0,51400,0,0,0,0,161,3877,5686413,0,1236040,0,172032,0,0,0,0,19369427,0,0,0,0,162854,3409092,0,0,0
query,2294,4096,19830585,77776,10149,1262,19171359,19169062,0,0,0,0,489899,1753,78106,281,19830585,0,54095,11,51709,0,0,0,0,169,3874,5678580,0,1155494,0,172032,0,0,0,0,17597758,0,0,0,0,144466,3142646,0,0,0
query,2295,4096,20216569,80120,10210,1042,19598149,19595492,0,0,0,0,448551,2555,75792,150,20216569,0,54095,11,52229,0,0,0,0,173,3857,5657382,0,1208059,0,172032,0,0,0,0,17998715,0,0,0,0,151575,3258820,0,0,0
query,2296,4096,19625240,80751,9528,962,19006219,19003362,0,0,0,0,441107,2205,84378,90,19625240,0,54095,11,51865,0,0,0,0,183,3859,5658816,0,1143148,0,172032,0,0,0,0,17447923,0,0,0,0,142160,3154920,0,0,0
query,2297,4096,19298868,94307,10440,1272,18658928,18656371,0,0,0,0,455985,1343,76283,310,19298868,0,54095,11,52391,0,0,0,0,185,3852,5649630,0,1158257,0,172032,0,0,0,0,17103128,0,0,0,0,151171,3091509,0,0,0
query,2298,4096,19647903,97303,9528,972,19023311,19020754,0,0,0,0,433453,2615,80561,160,19647903,0,54095,11,51679,0,0,0,0,139,3883,5696562,0,1151994,0,172032,0,0,0,0,17449924,0,0,0,0,138866,3077258,0,0,0
query,2299,4096,19513000,114565,9678,982,18836411,18818305,0,1,0,0,471284,2154,77856,70,19513000,0,54095,11,52068,0,0,0,0,180,3848,5642730,0,1139032,0,172032,0,0,0,0,17266192,0,0,0,0,146766,3110913,0,0,0
query,2300,4096,19254695,79208,9137,1143,18657295,18654498,0,0,0,0,429886,1623,76233,170,19254695,0,54095,11,51748,0,0,0,0,190,3848,5645250,0,1138175,0,172032,0,0,0,0,17119336,0,0,0,0,142089,3089523,0,0,0
query,2301,4096,19432419,81754,11161,2274,18805673,18803296,0,0,0,0,451877,1934,77576,170,19432419,0,54095,0,52017,0,0,0,0,159,3877,5684806,0,1154083,0,172032,0,0,0,0,17225242,0,0,0,0,138870,3065943,0,0,0
query,2302,4096,19335066,85440,9578,1122,18712348,18709952,0,0,0,0,448300,1844,76263,171,19335066,0,54095,0,52876,0,0,0,0,172,3873,5680563,0,1143882,0,172032,0,0,0,0,17127443,0,0,0,0,141183,3131860,0,0,0
query,2303,4096,19894455,81593,8927,1272,19214891,19195060,0,1,0,0,507241,2114,78197,220,19894455,0,54095,0,51965,0,0,0,0,155,3882,5690355,0,1150415,0,172032,0,0,0,0,17599608,0,0,0,0,140773,3124927,0,0,0
query,2304,4096,19628436,80000,9959,2034,18928513,18926137,0,0,0,0,520186,2074,85480,190,19628436,0,54095,0,51986,0,0,0,0,208,3823,5607149,0,1156745,0,172032,0,0,0,0,17279166,0,0,0,0,141987,3117326,0,0,0
query,2305,4096,19627294,91882,11712,1263,18997613,18995307,0,0,0,0,443151,2204,79098,371,19627294,0,54095,0,51819,0,0,0,0,166,3884,5694750,0,1145693,0,172032,0,0,0,0,17406030,0,0,0,0,142470,3076169,0,0,0
query,2306,4096,19440243,81884,10099,1262,18817165,18814147,0,0,0,0,449774,2404,77475,180,19440243,0,54095,0,51609,0,0,0,0,177,3858,5657601,0,1141627,0,172032,0,0,0,0,17256751,0,0,0,0,140757,3073777,0,0,0
query,2307,4096,19191567,80180,10259,1142,18591783,18589636,0,0,0,0,432321,2003,73608,271,19191567,0,54095,0,52134,0,0,0,0,180,3850,5649631,0,1140999,0,172032,0,0,0,0,17050550,0,0,0,0,139064,3090437,0,0,0
query,2308,4096,19466022,81062,8626,1182,18868291,18866024,0,0,0,0,429125,1773,75752,211,19466022,0,54095,0,52406,0,0,0,0,179,3856,5654590,0,1136953,0,172032,0,0,0,0,17289816,0,0,0,0,139407,3094285,0,0,0
query,2309,4096,19385961,81633,8175,1042,18747074,18731913,0,1,0,0,466515,1723,79479,320,19385961,0,54095,0,51873,0,0,0,0,169,3876,5681485,0,1141843,0,172032,0,0,0,0,17177537,0,0,0,0,145846,3087156,0,0,0
query,2310,4096,19708706,96330,8416,1223,19033650,19031044,0,0,0,0,489518,1934,77265,370,19708706,0,54095,0,52142,0,0,0,0,182,3855,5652059,0,1134841,0,172032,0,0,0,0,17424367,0,0,0,0,142037,3127667,0,0,0
query,2311,4096,19394898,81132,9197,912,18787479,18785272,0,0,0,0,438312,1543,76163,160,19394898,0,54095,0,51655,0,0,0,0,179,3851,5648194,0,1147049,0,172032,0,0,0,0,17187448,0,0,0,0,141388,3077363,0,0,0
query,2312,4096,19422359,82665,8836,892,18772781,18746419,0,2,0,0,477966,1944,77015,260,19422359,0,54095,0,52073,0,0,0,0,204,3830,5619382,0,1127613,0,172032,0,0,0,0,17179413,0,0,0,0,142563,3107396,0,0,0
query,2313,4096,19417440,82043,8306,792,18772100,18769754,0,0,0,0,473909,2434,77686,170,19417440,0,54095,0,51801,0,0,0,0,184,3854,5658509,0,1137686,0,172032,0,0,0,0,17197761,0,0,0,0,140871,3101393,0,0,0
query,2314,4096,19426086,81983,9168,1222,18790004,18787697,0,0,0,0,465974,1733,75752,250,19426086,0,54095,0,51593,0,0,0,0,162,3877,5685138,0,1144890,0,172032,0,0,0,0,17229421,0,0,0,0,139145,3088384,0,0,0
query,2315,4096,19469648,82334,8737,821,18842964,18840737,0,0,0,0,446788,1823,86021,160,19469648,0,54095,0,52459,0,0,0,0,164,3879,5688228,0,1155301,0,172032,0,0,0,0,17271815,0,0,0,0,142746,3072738,0,0,0
query,2316,4096,19307584,75271,9077,1032,18701027,18676730,0,1,0,0,444554,1873,74520,230,19307584,0,54095,0,52244,0,0,0,0,179,3856,5653904,0,1140197,0,172032,0,0,0,0,17175444,0,0,0,0,139996,3084584,0,0,0
query,2317,4096,19222324,82224,7825,1312,18627099,18624621,0,0,0,0,428925,2123,72586,230,19222324,0,54095,0,52085,0,0,0,0,184,3858,5656936,0,1145469,0,172032,0,0,0,0,17073898,0,0,0,0,139987,3081678,0,0,0
query,2318,4096,19617195,81723,8135,1062,19000409,18997641,0,0,0,0,446437,1913,77355,161,19617195,0,54095,0,52147,0,0,0,0,198,3837,5624531,0,1133330,0,172032,0,0,0,0,17375963,0,0,0,0,144430,3111886,0,0,0
query,2319,4096,19796522,82024,9047,1052,19200454,19179311,0,1,0,0,426870,2134,74640,301,19796522,0,54095,0,52514,0,0,0,0,160,3895,5712337,0,1150271,0,172032,0,0,0,0,17643166,0,0,0,0,139553,3143474,0,0,0
query,2320,4096,19280213,100127,9128,1092,18650512,18647725,0,0,0,0,440546,1693,76945,170,19280213,0,54095,0,52211,0,0,0,0,201,3832,5619734,0,1162708,0,172032,0,0,0,0,17130841,0,0,0,0,141493,3092145,0,0,0
query,2321,4096,19351857,97102,9558,1202,18712729,18710532,0,0,0,0,451015,2515,77576,160,19351857,0,54095,0,51848,0,0,0,0,177,3858,5657093,0,1158087,0,172032,0,0,0,0,17100424,0,0,0,0,139704,3070313,0,0,0
query,2322,4096,19245738,97192,9187,1523,18629132,18626745,0,0,0,0,431800,1773,74941,190,19245738,0,54095,0,52318,0,0,0,0,178,3854,5652951,0,1140534,0,172032,0,0,0,0,17110287,0,0,0,0,139828,3078306,0,0,0
query,2323,4096,19481892,81673,8186,1202,18868621,18851917,0,2,0,0,438532,1944,81413,321,19481892,0,54095,0,52376,0,0,0,0,189,3845,5638564,0,1134015,0,172032,0,0,0,0,17235360,0,0,0,0,141131,3111379,0,0,0
query,2324,4096,19892071,101350,9198,1523,19214019,19211452,0,0,0,0,483747,2064,79679,491,19892071,0,54095,0,51586,0,0,0,0,173,3861,5661130,0,1140161,0,172032,0,0,0,0,17566877,0,0,0,0,146684,3071735,0,0,0
query,2325,4096,19475169,81684,9197,1222,18847803,18845556,0,0,0,0,454974,1612,78507,170,19475169,0,54095,0,52267,0,0,0,0,177,3860,5658613,0,1167742,0,172032,0,0,0,0,17215719,0,0,0,0,140101,3084952,0,0,0
query,2326,4096,19483654,96160,10029,1052,18821062,18806783,0,1,0,0,471665,1753,81773,160,19483654,0,54095,0,51428,0,0,0,0,172,3862,5661676,0,1165266,0,172032,0,0,0,0,17182250,0,0,0,0,139339,3063330,0,0,0
query,2327,4096,19287597,83005,8867,992,18678685,18676278,0,0,0,0,440957,1262,73578,251,19287597,0,54095,0,52213,0,0,0,0,162,3882,5690075,0,1156589,0,172032,0,0,0,0,17132727,0,0,0,0,139496,3079516,0,0,0
query,2328,4096,19266587,81783,8095,1753,18653859,18651492,0,0,0,0,444062,1423,75462,150,19266587,0,54095,0,52429,0,0,0,0,184,3863,5665266,0,1147375,0,172032,0,0,0,0,17090414,0,0,0,0,145647,3099630,0,0,0
query,2329,4096,19913150,81252,8937,931,19228447,19208827,0,1,0,0,510788,1713,80881,201,19913150,0,54095,0,51110,0,0,0,0,167,3874,5682827,0,1147406,0,172032,0,0,0,0,17579182,0,0,0,0,139890,3077659,0,0,0
query,2330,4096,20699965,80350,8887,1783,20065917,20047621,0,2,0,0,462678,2354,77836,160,20699965,0,54095,0,51895,0,0,0,0,187,3855,5653189,0,1180290,0,172032,0,0,0,0,18370067,0,0,0,0,154541,3266134,0,0,0
query,2331,4096,19481160,80441,9447,1243,18842442,18839474,0,0,0,0,466535,2134,78397,521,19481160,0,54095,0,51610,0,0,0,0,178,3851,5649241,0,1150740,0,172032,0,0,0,0,17229435,0,0,0,0,141796,3093780,0,0,0
query,2332,4096,19457666,81383,9127,1072,18849956,18833573,0,1,0,0,438973,1724,75160,271,19457666,0,54095,0,51756,0,0,0,0,181,3864,5668388,0,1174674,0,172032,0,0,0,0,17259348,0,0,0,0,141206,3090014,0,0,0
query,2333,4096,19346378,85310,8376,1373,18697039,18694753,0,0,0,0,475432,1673,76994,181,19346378,0,54095,0,51736,0,0,0,0,188,3843,5637608,0,1148853,0,172032,0,0,0,0,17125331,0,0,0,0,140547,3086085,0,0,0
query,2334,4096,19840965,81262,9047,1443,19112980,19110673,0,0,0,0,553398,1913,80761,161,19840965,0,54095,0,51825,0,0,0,0,178,3867,5668181,0,1181292,0,172032,0,0,0,0,17487129,0,0,0,0,148362,3120617,0,0,0
query,2335,4096,19732241,96641,8847,1252,19053889,19025854,0,1,0,0,490951,1693,78888,80,19732241,0,54095,0,51977,0,0,0,0,172,3864,5665623,0,1143037,0,172032,0,0,0,0,17421663,0,0,0,0,141363,3089304,0,0,0
query,2336,4096,19288428,96571,9267,1132,18618282,18615715,0,0,0,0,486071,2415,74530,160,19288428,0,54095,0,51285,0,0,0,0,186,3854,5651788,0,1138102,0,172032,0,0,0,0,17036587,0,0,0,0,140430,3035953,0,0,0
query,2337,4096,19086830,93946,8796,1002,18463231,18460854,0,0,0,0,442851,1663,75171,170,19086830,0,54095,0,52208,0,0,0,0,181,3854,5652139,0,1122943,0,172032,0,0,0,0,16903446,0,0,0,0,138705,3036805,0,0,0
query,2338,4096,18784994,94096,8636,912,18152408,18150252,0,0,0,0,452609,1783,74260,290,18784994,0,54095,0,51757,0,0,0,0,172,3856,5655406,0,1103274,0,172032,0,0,0,0,16630373,0,0,0,0,135970,2993405,0,0,0
query,2339,4096,18733278,93716,9047,1283,18127822,18078778,0,1,0,0,427242,1993,72015,160,18733278,0,54095,0,52376,0,0,0,0,162,3871,5678634,0,1092901,0,172032,0,0,0,0,16630643,0,0,0,0,135159,2963627,0,0,0
query,2340,4096,19174385,93345,8506,962,18521631,18519064,0,0,0,0,473077,1793,74821,250,19174385,0,54095,0,51684,0,0,0,0,191,3847,5638644,0,1100104,0,172032,0,0,0,0,16929128,0,0,0,0,142384,2977889,0,0,0
query,2341,4096,18427564,90870,8496,892,17831837,17829570,0,0,0,0,422232,1633,71424,180,18427564,0,54095,0,51336,0,0,0,0,164,3869,5676027,0,1085362,0,172032,0,0,0,0,16337500,0,0,0,0,131868,2916517,0,0,0
query,2342,4096,19243074,90851,8225,982,18543361,18541296,0,0,0,0,516860,1773,80851,171,19243074,0,54095,0,51943,0,0,0,0,187,3857,5656264,0,1072234,0,172032,0,0,0,0,16913772,0,0,0,0,136406,2956748,0,0,0
query,2343,4096,18649701,85611,9197,721,17977110,17964984,0,1,0,0,489208,1973,85580,301,18649701,0,54095,0,51988,0,0,0,0,176,3866,5666782,0,1092293,0,172032,0,0,0,0,16487871,0,0,0,0,133961,2925019,0,0,0
query,2344,4096,22169812,102192,8907,1092,21484055,21480949,0,0,0,0,478798,2385,92303,80,22169812,0,54095,11,51335,0,0,0,0,162,3890,5702992,0,1328038,0,172032,0,0,0,0,19583322,0,0,0,0,165151,3462857,0,0,0
query,2345,4096,22502416,91321,11131,1092,21799207,21796631,0,0,0,0,508854,1994,88626,191,22502416,0,54095,11,52164,0,0,0,0,165,3866,5667738,0,1323036,0,172032,0,0,0,0,19870708,0,0,0,0,163422,3506303,0,0,0
query,2346,4096,21746257,89718,11381,1092,21063397,21060210,0,0,0,0,501040,2104,77375,150,21746257,0,54095,11,52093,0,0,0,0,180,3858,5658495,0,1309459,0,172032,0,0,0,0,19260514,0,0,0,0,174104,3461563,0,0,0
query,2347,4096,20799221,81573,10109,1042,20187925,20185119,0,0,0,0,438893,2094,77405,180,20799221,0,54095,11,51830,0,0,0,0,182,3857,5656230,0,1229696,0,172032,0,0,0,0,18414401,0,0,0,0,151270,3300210,0,0,0
query,2348,4096,21080859,87714,10179,7013,20377251,20374404,0,0,0,0,504607,2063,91782,250,21080859,0,54095,11,51624,0,0,0,0,174,3868,5671160,0,1471690,0,172032,0,0,0,0,18761310,0,0,0,0,155774,3343300,0,0,0
query,2349,4096,22095812,91491,12584,1002,20780356,20776418,0,0,0,0,1052253,2725,155211,190,22095812,0,54095,11,51735,0,0,0,0,158,3891,5707040,0,1264432,0,172032,0,0,0,0,18899676,0,0,0,0,153338,3320868,0,0,0
query,2350,4096,21305811,82414,14167,2434,20675370,20672452,0,0,0,0,450254,2094,78908,170,21305811,0,54095,11,51674,0,0,0,0,163,3882,5690726,0,1201569,0,172032,0,0,0,0,18461241,0,0,0,0,149606,3241422,0,0,0
query,2351,4096,19640068,81774,9257,1212,18976023,18959700,0,1,0,0,484849,2365,84408,180,19640068,0,54095,11,52110,0,0,0,0,177,3857,5654466,0,1149240,0,172032,0,0,0,0,17381578,0,0,0,0,141342,3104247,0,0,0
query,2352,4096,19462324,86372,9678,992,18848513,18845926,0,0,0,0,438733,1593,76263,180,19462324,0,54095,3,51937,0,0,0,0,169,3865,5669337,0,1154478,0,172032,0,0,0,0,17233460,0,0,0,0,141321,3094429,0,0,0
query,2353,4096,19549408,82214,9989,1353,18896704,18894006,0,0,0,0,476213,1653,81122,160,19549408,0,54095,3,52600,0,0,0,0,171,3857,5653391,0,1144855,0,172032,0,0,0,0,17312447,0,0,0,0,139701,3121279,0,0,0
query,2354,4096,19893794,79769,9178,1232,19163624,19161238,0,0,0,0,559029,1553,79168,241,19893794,0,54095,3,51630,0,0,0,0,165,3883,5695782,0,1153208,0,172032,0,0,0,0,17540294,0,0,0,0,141988,3076631,0,0,0
query,2355,4096,19719537,90399,10350,1793,19083434,19081138,0,0,0,0,455324,1523,76643,71,19719537,0,54095,3,51648,0,0,0,0,196,3834,5621312,0,1131567,0,172032,0,0,0,0,17455113,0,0,0,0,144466,3114991,0,0,0
query,2356,4096,19515725,82535,9668,1102,18869413,18866736,0,0,0,0,476323,1623,74860,201,19515725,0,54095,3,52188,0,0,0,0,160,3876,5683819,0,1143837,0,172032,0,0,0,0,17304389,0,0,0,0,139406,3087015,0,0,0
query,2357,4096,19475950,80891,8336,1733,18872259,18869641,0,0,0,0,433733,1613,77084,301,19475950,0,54095,3,51184,0,0,0,0,177,3864,5665645,0,1136613,0,172032,0,0,0,0,17266153,0,0,0,0,140604,3078965,0,0,0
query,2358,4096,19548766,83136,9277,1142,18882738,18880090,0,0,0,0,492905,1893,77535,140,19548766,0,54095,3,51746,0,0,0,0,167,3863,5661821,0,1146794,0,172032,0,0,0,0,17268654,0,0,0,0,140626,3101688,0,0,0
query,2359,4096,19384889,98825,9167,1232,18772171,18769152,0,0,0,0,427342,1332,74770,50,19384889,0,54095,3,52620,0,0,0,0,158,3884,5695508,0,1143913,0,172032,0,0,0,0,17209188,0,0,0,0,145605,3067408,0,0,0
query,2360,4096,20302711,82896,8516,1102,19668020,19665254,0,0,0,0,458790,2004,81213,170,20302711,0,54095,3,52211,0,0,0,0,160,3888,5703083,0,1159952,0,172032,0,0,0,0,17938292,0,0,0,0,143949,3130422,0,0,0
query,2361,4096,19656529,63649,10770,1473,19013634,19010946,0,0,0,0,484759,1853,80230,161,19656529,0,54095,3,51459,0,0,0,0,172,3852,5650453,0,1152062,0,172032,0,0,0,0,17397180,0,0,0,0,148316,3091063,0,0,0
query,2362,4096,19543437,63509,10831,1122,18943191,18940734,0,0,0,0,442921,1773,79799,291,19543437,0,54095,3,51830,0,0,0,0,185,3861,5660445,0,1138883,0,172032,0,0,0,0,17324756,0,0,0,0,149031,3081053,0,0,0
query,2363,4096,19760815,63409,10890,1583,19102861,19100044,0,0,0,0,500598,1964,79349,161,19760815,0,54095,3,51415,0,0,0,0,167,3873,5677696,0,1170726,0,172032,0,0,0,0,17477337,0,0,0,0,143569,3108191,0,0,0
query,2364,4096,19482192,62878,10510,1072,18888148,18868108,0,1,0,0,440206,1482,77736,160,19482192,0,54095,3,51818,0,0,0,0,162,3873,5678393,0,1144291,0,172032,0,0,0,0,17331461,0,0,0,0,146764,3092517,0,0,0
query,2365,4096,19922618,63620,11010,1373,19290492,19287505,0,0,0,0,472867,1703,81393,160,19922618,0,54095,3,51450,0,0,0,0,166,3879,5689890,0,1162641,0,172032,0,0,0,0,17638542,0,0,0,0,143509,3104836,0,0,0
query,2366,4096,19492561,63409,10549,1102,18854395,18846558,0,1,0,0,480541,1693,80712,160,19492561,0,54095,3,51596,0,0,0,0,189,3853,5650206,0,1166586,0,172032,0,0,0,0,17302719,0,0,0,0,146652,3093076,0,0,0
query,2367,4096,19627123,64000,10369,1202,18992664,18990127,0,0,0,0,476433,1964,80341,150,19627123,0,54095,3,51779,0,0,0,0,180,3861,5660971,0,1138068,0,172032,0,0,0,0,17384459,0,0,0,0,147349,3090212,0,0,0
query,2368,4096,19559787,63108,10049,1633,18906092,18903304,0,0,0,0,497363,1763,79549,230,19559787,0,54095,3,52137,0,0,0,0,179,3853,5653222,0,1150113,0,172032,0,0,0,0,17321998,0,0,0,0,141559,3091280,0,0,0
query,2369,4096,19401491,71755,10169,1122,18796235,18793849,0,0,0,0,439915,1954,79850,491,19401491,0,54095,3,51997,0,0,0,0,174,3864,5665958,0,1141122,0,172032,0,0,0,0,17254387,0,0,0,0,142398,3094381,0,0,0
query,2370,4096,19886691,63229,11051,1342,19250908,19248311,0,0,0,0,479459,1884,78667,151,19886691,0,54095,3,51822,0,0,0,0,166,3882,5693394,0,1175876,0,172032,0,0,0,0,17655230,0,0,0,0,141940,3112834,0,0,0
query,2371,4096,19419955,63399,10780,1402,18808649,18806263,0,0,0,0,454482,2125,78847,271,19419955,0,54095,3,51816,0,0,0,0,188,3850,5645785,0,1138053,0,172032,0,0,0,0,17224576,0,0,0,0,141345,3091522,0,0,0
query,2372,4096,19642472,64180,11372,1292,19047627,19031455,0,2,0,0,440175,2094,75662,70,19642472,0,54095,3,51460,0,0,0,0,178,3869,5676293,0,1153060,0,172032,0,0,0,0,17444105,0,0,0,0,141095,3132145,0,0,0
query,2373,4096,19376514,81974,10029,1112,18749187,18746630,0,0,0,0,458029,1853,74049,281,19376514,0,54095,11,52721,0,0,0,0,170,3872,5678153,0,1142465,0,172032,0,0,0,0,17195412,0,0,0,0,140664,3112260,0,0,0
query,2374,4096,19408915,81092,22262,1112,18781057,18778280,0,0,0,0,443853,1683,77415,441,19408915,0,54095,11,51603,0,0,0,0,173,3860,5661911,0,1162597,0,172032,0,0,0,0,17231326,0,0,0,0,140405,3095645,0,0,0
query,2375,4096,19769401,82876,8185,1523,19112809,19110623,0,0,0,0,483657,1633,78648,70,19769401,0,54095,11,51630,0,0,0,0,170,3866,5669125,0,1140890,0,172032,0,0,0,0,17473069,0,0,0,0,139814,3083041,0,0,0
query,2376,4096,19455271,95008,14657,1513,18815191,18813015,0,0,0,0,450665,2305,75692,240,19455271,0,54095,11,51602,0,0,0,0,169,3879,5690409,0,1143351,0,172032,0,0,0,0,17275799,0,0,0,0,142093,3123153,0,0,0
query,2377,4096,19521526,83046,9468,962,18896804,18894497,0,0,0,0,448751,2194,80231,70,19521526,0,54095,11,52075,0,0,0,0,169,3860,5660197,0,1151702,0,172032,0,0,0,0,17317919,0,0,0,0,139778,3111028,0,0,0
query,2378,4096,19389228,82525,10269,962,18743146,18740489,0,0,0,0,475863,1653,74690,120,19389228,0,54095,11,52494,0,0,0,0,190,3842,5633487,0,1140991,0,172032,0,0,0,0,17153372,0,0,0,0,146206,3113083,0,0,0
query,2379,4096,19500136,82525,9779,1072,18896603,18894417,0,0,0,0,430747,1774,77446,190,19500136,0,54095,11,51880,0,0,0,0,154,3883,5695345,0,1143272,0,172032,0,0,0,0,17311611,0,0,0,0,140347,3082957,0,0,0
query,2380,4096,21793516,97212,9317,1123,20724591,20721053,0,0,0,0,856396,2525,102091,261,21793516,0,54095,11,51890,0,0,0,0,166,3878,5687129,0,1188597,0,172032,0,0,0,0,18820909,0,0,0,0,146840,3288068,0,0,0
query,2381,4096,19856554,110417,11581,2064,19196236,19193940,0,0,0,0,458169,1934,75842,311,19856554,0,54095,11,51679,0,0,0,0,169,3859,5658329,0,1139046,0,172032,0,0,0,0,17565157,0,0,0,0,140884,3097989,0,0,0
query,2382,4096,19571089,82024,8847,992,18958810,18956384,0,0,0,0,440917,1743,77686,70,19571089,0,54095,11,51803,0,0,0,0,185,3851,5647979,0,1133789,0,172032,0,0,0,0,17356864,0,0,0,0,142306,3120416,0,0,0
query,2383,4096,19312334,77145,9578,1252,18668907,18666149,0,0,0,0,478297,1643,75201,311,19312334,0,54095,11,51847,0,0,0,0,201,3841,5631318,0,1130893,0,172032,0,0,0,0,17128163,0,0,0,0,140456,3105226,0,0,0
query,2384,4096,19517007,81633,8205,1292,18910741,18890159,0,1,0,0,435867,2114,77085,70,19517007,0,54095,11,51906,0,0,0,0,185,3854,5656918,0,1149352,0,172032,0,0,0,0,17357019,0,0,0,0,149064,3102544,0,0,0
query,2385,4096,19841746,82365,9407,1032,19011419,19008732,0,0,0,0,648196,2224,86632,471,19841746,0,54095,11,51869,0,0,0,0,199,3835,5626599,0,1142206,0,172032,0,0,0,0,17326329,0,0,0,0,142827,3115524,0,0,0
query,2386,4096,19855221,77636,14206,3146,19189694,19187107,0,0,0,0,490239,2224,77836,240,19855221,0,54095,0,51921,0,0,0,0,170,3881,5689854,0,1151588,0,172032,0,0,0,0,17597704,0,0,0,0,142808,3103161,0,0,0
query,2387,4096,19746397,80821,9248,1122,19105656,19072852,0,1,0,0,471073,1904,76333,240,19746397,0,54095,0,52249,0,0,0,0,202,3839,5630276,0,1155605,0,172032,0,0,0,0,17500872,0,0,0,0,144958,3144466,0,0,0
query,2388,4096,19262600,79479,10270,961,18633411,18631214,0,0,0,0,460183,1823,76333,140,19262600,0,54095,0,52199,0,0,0,0,197,3851,5646019,0,1182598,0,172032,0,0,0,0,17071951,0,0,0,0,141973,3108196,0,0,0
query,2389,4096,19425656,81263,8005,1082,18821493,18819157,0,0,0,0,434345,2083,76894,491,19425656,0,54095,0,51508,0,0,0,0,207,3835,5624147,0,1139385,0,172032,0,0,0,0,17240205,0,0,0,0,144922,3081965,0,0,0
query,2390,4096,19418944,103264,10039,1242,18724040,18709571,0,1,0,0,499416,1694,79118,131,19418944,0,54095,0,51600,0,0,0,0,216,3828,5617534,0,1148971,0,172032,0,0,0,0,17104583,0,0,0,0,141666,3081483,0,0,0
query,2391,4096,19466533,79479,9788,1173,18862480,18860233,0,0,0,0,433583,2204,77665,161,19466533,0,54095,0,51570,0,0,0,0,194,3854,5649736,0,1154142,0,172032,0,0,0,0,17305466,0,0,0,0,143458,3090022,0,0,0
query,2392,4096,19580837,95359,9578,1323,18914417,18911770,0,0,0,0,479369,1783,78507,501,19580837,0,54095,0,52278,0,0,0,0,195,3844,5638588,0,1142518,0,172032,0,0,0,0,17307454,0,0,0,0,144467,3125021,0,0,0
query,2393,4096,19263361,97262,9338,971,18631407,18628629,0,0,0,0,441868,1984,80391,140,19263361,0,54095,0,51479,0,0,0,0,182,3846,5639497,0,1132415,0,172032,0,0,0,0,17024467,0,0,0,0,139586,3070622,0,0,0
query,2394,4096,19747790,81973,8737,1292,19095287,19082360,0,1,0,0,476794,2354,81192,161,19747790,0,54095,0,51743,0,0,0,0,175,3858,5656595,0,1148558,0,172032,0,0,0,0,17496259,0,0,0,0,143462,3090795,0,0,0
query,2395,4096,19892522,70983,11472,1553,19245658,19236218,0,1,0,0,483246,1894,77545,171,19892522,0,54095,1,51544,0,0,0,0,159,3879,5688035,0,1155321,0,172032,0,0,0,0,17615217,0,0,0,0,143771,3082996,0,0,0
query,2396,4096,20307459,65202,11462,1032,19688328,19675582,0,1,0,0,459090,1965,80220,160,20307459,0,54095,3,52142,0,0,0,0,183,3864,5667221,0,1153318,0,172032,0,0,0,0,18032454,0,0,0,0,157566,3163260,0,0,0
query,2397,4096,19585055,63730,11992,1563,18969551,18966533,0,0,0,0,457929,1603,78527,160,19585055,0,54095,0,51902,0,0,0,0,164,3869,5672364,0,1152993,0,172032,0,0,0,0,17389602,0,0,0,0,142395,3100192,0,0,0
query,2398,4096,19272959,63268,11492,1202,18670861,18662503,0,0,0,0,446908,1413,77555,260,19272959,0,54095,0,51863,0,0,0,0,171,3865,5669685,0,1152327,0,172032,0,0,0,0,17117373,0,0,0,0,141518,3105354,0,0,0
query,2399,4096,19574415,63228,11211,1303,18937090,18934572,0,0,0,0,478266,2114,81052,151,19574415,0,54095,0,52045,0,0,0,0,187,3860,5662928,0,1145526,0,172032,0,0,0,0,17336301,0,0,0,0,142165,3118561,0,0,0
query,2400,4096,19446164,62948,11772,1323,18820050,18797806,0,1,0,0,466835,2144,80852,240,19446164,0,54095,0,51945,0,0,0,0,181,3866,5672333,0,1164026,0,172032,0,0,0,0,17245757,0,0,0,0,142114,3071874,0,0,0
query,2401,4096,19555319,63409,11311,1122,18949753,18947216,0,0,0,0,447960,1734,79879,151,19555319,0,54095,0,52213,0,0,0,0,194,3860,5663503,0,1142494,0,172032,0,0,0,0,17413046,0,0,0,0,142845,3122492,0,0,0
query,2402,4096,19467113,63509,10369,1563,18835509,18832922,0,0,0,0,471023,1884,83086,170,19467113,0,54095,0,51627,0,0,0,0,173,3857,5655240,0,1141462,0,172032,0,0,0,0,17240081,0,0,0,0,140024,3074790,0,0,0
query,2403,4096,19704529,63169,10580,1092,19104002,19077120,0,2,0,0,447389,1994,76133,170,19704529,0,54095,0,52084,0,0,0,0,142,3899,5718523,0,1190930,0,172032,0,0,0,0,17542713,0,0,0,0,141594,3152988,0,0,0
query,2404,4096,19430976,81914,9247,1212,18825120,18822683,0,0,0,0,435828,1703,75832,120,19430976,0,54095,11,51655,0,0,0,0,177,3863,5664078,0,1149396,0,172032,0,0,0,0,17244926,0,0,0,0,146302,3064636,0,0,0
query,2405,4096,19395479,81032,9768,1132,18749738,18747121,0,0,0,0,474901,1603,77255,50,19395479,0,54095,11,51620,0,0,0,0,166,3861,5665154,0,1160112,0,172032,0,0,0,0,17173032,0,0,0,0,140578,3089426,0,0,0
query,2406,4096,20009991,81522,9819,1232,19335307,19333121,0,0,0,0,501841,1773,78307,190,20009991,0,54095,11,51230,0,0,0,0,166,3871,5673611,0,1144865,0,172032,0,0,0,0,17698801,0,0,0,0,141954,3076080,0,0,0
query,2407,4096,19748110,86141,9748,1052,19107660,19094192,0,1,0,0,464832,1883,76644,150,19748110,0,54095,11,51865,0,0,0,0,158,3878,5688240,0,1214983,0,172032,0,0,0,0,17493445,0,0,0,0,141793,3117818,0,0,0
query,2408,4096,19225570,80491,10269,1342,18626648,18624191,0,0,0,0,431509,1603,73548,160,19225570,0,54095,3,52341,0,0,0,0,179,3857,5656580,0,1143442,0,172032,0,0,0,0,17097602,0,0,0,0,139831,3078889,0,0,0
query,2409,4096,19529691,80982,9497,1764,18900982,18898355,0,0,0,0,456326,1853,78066,221,19529691,0,54095,3,51696,0,0,0,0,197,3846,5644037,0,1132231,0,172032,0,0,0,0,17305331,0,0,0,0,142710,3092809,0,0,0
query,2410,4096,19395940,80080,9027,1293,18756070,18732023,0,1,0,0,454923,1773,92614,160,19395940,0,54095,3,51923,0,0,0,0,177,3858,5657399,0,1146983,0,172032,0,0,0,0,17188155,0,0,0,0,140814,3087239,0,0,0
query,2411,4096,20906794,80231,10620,1332,20025341,20022794,0,0,0,0,694362,1783,92854,271,20906794,0,54095,3,51999,0,0,0,0,183,3855,5654236,0,1155481,0,172032,0,0,0,0,18260047,0,0,0,0,142439,3132868,0,0,0
query,2412,4096,19835885,106009,12774,2334,19150470,19138625,0,1,0,0,482094,2094,79930,180,19835885,0,54095,0,51671,0,0,0,0,205,3834,5622169,0,1139051,0,172032,0,0,0,0,17469813,0,0,0,0,146100,3109636,0,0,0
query,2413,4096,19235620,79620,9427,882,18637668,18629001,0,1,0,0,425829,2064,79990,140,19235620,0,54095,2,51969,0,0,0,0,173,3859,5660078,0,1134673,0,172032,0,0,0,0,17121169,0,0,0,0,138690,3058130,0,0,0
query,2414,4096,19956261,77846,9378,1002,19328544,19325687,0,0,0,0,454282,2023,82926,260,19956261,0,54095,3,52128,0,0,0,0,177,3866,5669503,0,1149928,0,172032,0,0,0,0,17679326,0,0,0,0,145312,3113430,0,0,0
query,2415,4096,19411129,70081,12404,1242,18797748,18795151,0,0,0,0,447629,1904,79980,141,19411129,0,54095,3,51645,0,0,0,0,159,3875,5682775,0,1150143,0,172032,0,0,0,0,17232221,0,0,0,0,145186,3061774,0,0,0
query,2416,4096,19910134,64050,11732,1493,19285994,19266776,0,2,0,0,468679,1733,76293,160,19910134,0,54095,3,51868,0,0,0,0,158,3884,5696248,0,1162218,0,172032,0,0,0,0,17597523,0,0,0,0,178591,3115148,0,0,0
query,2417,4096,19578352,81463,9648,1152,18945265,18943119,0,0,0,0,462357,1703,76373,391,19578352,0,54095,0,51897,0,0,0,0,157,3877,5688333,0,1149865,0,172032,0,0,0,0,17353570,0,0,0,0,140799,3078139,0,0,0
query,2418,4096,19327272,81463,10129,1453,18730633,18728145,0,0,0,0,427722,1532,74230,110,19327272,0,54095,0,51925,0,0,0,0,175,3863,5664161,0,1148609,0,172032,0,0,0,0,17148996,0,0,0,0,140040,3039934,0,0,0
query,2419,4096,19373017,81543,9057,1423,18745611,18743204,0,0,0,0,456075,1893,77165,250,19373017,0,54095,0,52007,0,0,0,0,177,3863,5669528,0,1140495,0,172032,0,0,0,0,17179117,0,0,0,0,141170,3101515,0,0,0
query,2420,4096,19252331,96591,10149,1202,18624915,18607089,0,1,0,0,442810,1733,74780,151,19252331,0,54095,0,51862,0,0,0,0,175,3862,5662298,0,1148543,0,172032,0,0,0,0,17088866,0,0,0,0,146372,3103026,0,0,0
query,2421,4096,19353660,80821,8576,1453,18732476,18729859,0,0,0,0,450395,2274,77495,170,19353660,0,54095,0,51919,0,0,0,0,188,3846,5643800,0,1136142,0,172032,0,0,0,0,17171676,0,0,0,0,146079,3094563,0,0,0
query,2422,4096,19487782,80331,9738,1202,18855307,18852760,0,0,0,0,461245,1683,78066,210,19487782,0,54095,0,51982,0,0,0,0,165,3876,5682322,0,1149012,0,172032,0,0,0,0,17276841,0,0,0,0,139821,3115539,0,0,0
query,2423,4096,19474678,80641,8907,1453,18863481,18861024,0,0,0,0,441278,1633,77054,231,19474678,0,54095,0,52120,0,0,0,0,159,3883,5694645,0,1147168,0,172032,0,0,0,0,17300300,0,0,0,0,141665,3063988,0,0,0
query,2424,4096,19427059,81032,8687,1292,18798881,18796384,0,0,0,0,458069,1813,77065,220,19427059,0,54095,0,52164,0,0,0,0,171,3874,5682927,0,1144114,0,172032,0,0,0,0,17249066,0,0,0,0,140311,3083798,0,0,0
query,2425,4096,20622079,97963,9057,1263,19887882,19885235,0,0,0,0,540875,1653,83226,160,20622079,0,54095,0,51590,0,0,0,0,196,3850,5648761,0,1152036,0,172032,0,0,0,0,18101268,0,0,0,0,145084,3109397,0,0,0
query,2426,4096,19566129,63188,10510,1252,18958440,18956083,0,0,0,0,449934,2064,80581,160,19566129,0,54095,0,51831,0,0,0,0,185,3862,5663981,0,1144660,0,172032,0,0,0,0,17375026,0,0,0,0,149627,3087767,0,0,0
query,2427,4096,19678720,63418,11021,1102,19069228,19066751,0,0,0,0,459822,1843,72036,250,19678720,0,54095,0,52194,0,0,0,0,169,3865,5671137,0,1144722,0,172032,0,0,0,0,17456898,0,0,0,0,142829,3107791,0,0,0
query,2428,4096,19319147,63369,11041,1152,18727377,18724449,0,0,0,0,436108,1552,78027,521,19319147,0,54095,0,52004,0,0,0,0,181,3845,5641748,0,1178589,0,172032,0,0,0,0,17173921,0,0,0,0,141210,3092679,0,0,0
query,2429,4096,19405107,63469,10440,1132,18802617,18782026,0,1,0,0,445476,1543,80000,430,19405107,0,54095,0,51591,0,0,0,0,186,3857,5657842,0,1139293,0,172032,0,0,0,0,17229412,0,0,0,0,140971,3082391,0,0,0
query,2430,4096,20180862,63429,10340,1202,19536143,19533516,0,0,0,0,486131,1954,81403,260,20180862,0,54095,0,51726,0,0,0,0,177,3862,5664842,0,1144025,0,172032,0,0,0,0,17879127,0,0,0,0,153121,3132162,0,0,0
query,2431,4096,20838435,63309,11281,1713,20128744,20126238,0,0,0,0,551725,1984,79509,170,20838435,0,54095,0,52069,0,0,0,0,178,3870,5677679,0,1197421,0,172032,0,0,0,0,18462917,0,0,0,0,157103,3285603,0,0,0
query,2432,4096,20151397,81463,9438,1222,19473546,19470818,0,0,0,0,500939,2184,82445,160,20151397,0,54095,0,52366,0,0,0,0,176,3847,5645276,0,1181404,0,172032,0,0,0,0,17844566,0,0,0,0,145626,3143858,0,0,0
query,2433,4096,19319647,62778,10610,1743,18735773,18721935,0,1,0,0,429926,2034,76613,170,19319647,0,54095,0,52063,0,0,0,0,158,3868,5669297,0,1145978,0,172032,0,0,0,0,17178091,0,0,0,0,140511,3091264,0,0,0
query,2434,4096,19343512,63459,9778,1363,18747654,18744817,0,0,0,0,435226,2034,83847,151,19343512,0,54095,0,51844,0,0,0,0,185,3859,5658460,0,1160184,0,172032,0,0,0,0,17169683,0,0,0,0,142583,3069357,0,0,0
query,2435,4096,19204741,63389,10960,1333,18611329,18608311,0,0,0,0,437641,1983,78046,60,19204741,0,54095,0,52130,0,0,0,0,185,3850,5644846,0,1140102,0,172032,0,0,0,0,17097208,0,0,0,0,139196,3073092,0,0,0
query,2436,4096,19361706,63559,10480,1362,18757884,18739136,0,1,0,0,446848,1733,79669,171,19361706,0,54095,0,51157,0,0,0,0,182,3842,5635265,0,1135030,0,172032,0,0,0,0,17165878,0,0,0,0,159705,3058174,0,0,0
query,2437,4096,20938813,63979,10981,1132,20199246,20196720,0,0,0,0,577313,2495,83516,151,20938813,0,54095,0,52397,0,0,0,0,187,3851,5648096,0,1159911,0,172032,0,0,0,0,18453735,0,0,0,0,146104,3201009,0,0,0
query,2438,4096,19699239,62938,11792,952,19075950,19073283,0,0,0,0,463780,2444,81323,60,19699239,0,54095,0,51992,0,0,0,0,183,3854,5650533,0,1141514,0,172032,0,0,0,0,17469927,0,0,0,0,145087,3115277,0,0,0
query,2439,4096,20911242,62978,10340,1252,20281451,20235593,0,1,0,0,475672,2053,77305,191,20911242,0,54095,0,51587,0,0,0,0,194,3843,5635964,0,1198341,0,172032,0,0,0,0,18548798,0,0,0,0,158121,3298711,0,0,0
query,2440,4096,20590820,80811,9187,972,19951913,19940600,0,1,0,0,466165,1863,79759,150,20590820,0,54095,0,51813,0,0,0,0,161,3870,5674960,0,1183199,0,172032,0,0,0,0,18273670,0,0,0,0,152045,3260693,0,0,0
query,2441,4096,19537706,63209,10710,1092,18948781,18929913,0,2,0,0,434986,2044,76634,250,19537706,0,54095,0,52286,0,0,0,0,182,3874,5683157,0,1149411,0,172032,0,0,0,0,17361854,0,0,0,0,146784,3111570,0,0,0
query,2442,1664,7827818,35516,10700,1293,7630688,7628899,0,0,0,0,114334,852,34305,130,7827818,0,54095,11,20960,0,0,0,0,82,1576,2312293,0,465036,0,69888,0,0,0,0,7103392,0,0,0,0,57616,1416887,0,0,0
